1773714448,1,99829880.0,98658088.0,9147955.0,8858109.0,1276784.1,1218389.4,343587.1,431426.0,101187.0,541.9,22.1,25.7,967,18.4,33.1,209,682,873,1278,1918,2389,3136,2688,6869,577
1773716247,1,102373400.0,102174840.0,10870511.0,10580776.0,1567330.1,1497110.9,409956.4,506152.2,105496.5,17.7,26.8,16.4,250,22.6,21.2,209,684,876,1275,1915,2386,3132,2684,6870,574
1773716547,1,100630976.0,100263296.0,10421944.0,10096803.0,1502614.0,1429572.5,400864.2,496341.8,105511.7,34.7,27.0,16.3,276,22.8,21.0,209,684,877,1276,1915,2386,3132,2685,6870,574
1773716846,1,99154472.0,98745432.0,10025461.0,9715107.0,1441485.1,1373756.6,393317.6,489402.6,105521.0,55.5,27.1,16.2,304,22.9,20.8,208,684,877,1276,1915,2387,3133,2685,6872,575
1773717148,1,97828064.0,97481896.0,9673935.0,9383431.0,1394656.4,1330605.6,385207.5,482107.8,105525.7,72.2,27.2,16.0,319,23.0,20.5,208,684,877,1276,1915,2387,3132,2685,6873,575
1773717447,1,96786600.0,96390848.0,9377281.0,9109252.0,1351984.1,1293594.0,377481.0,476028.6,105527.3,90.1,27.3,15.9,331,23.1,20.3,208,684,877,1275,1915,2386,3132,2685,6871,574
1773717747,1,95178432.0,94412296.0,9099381.0,8851327.0,1316156.9,1258275.0,372436.5,469836.9,105525.1,110.9,27.3,15.8,376,23.2,20.2,208,684,877,1275,1915,2386,3132,2684,6871,575
1773718046,1,93537568.0,92191136.0,8862160.0,8594829.0,1284453.0,1232280.1,367090.4,463886.3,105522.0,128.8,27.4,15.7,410,23.2,20.0,209,685,878,1276,1916,2388,3134,2686,6875,575
1773718348,1,91258920.0,90451080.0,8647872.0,8411385.0,1260863.0,1201380.0,361536.4,459816.3,105516.8,145.5,27.5,15.6,436,23.3,19.8,209,684,878,1276,1915,2386,3133,2685,6873,574
1773718647,1,89589192.0,88845736.0,8444376.0,8235995.5,1232093.6,1183768.5,358017.2,455649.7,105511.8,168.8,27.5,15.5,478,23.3,19.6,209,684,878,1275,1915,2387,3133,2685,6873,575
1773718946,1,87893824.0,87223224.0,8283282.0,8030846.0,1207906.5,1160504.6,353004.2,450952.2,105505.5,181.5,27.6,15.4,485,23.4,19.4,208,684,878,1276,1915,2387,3132,2685,6873,574
1773719248,1,86188800.0,85584552.0,8081820.0,7852860.0,1190247.5,1137404.6,350400.8,447920.4,105497.6,203.0,27.6,15.3,499,23.4,19.3,209,684,878,1276,1914,2387,3132,2685,6873,575
1773719548,1,84809416.0,84281312.0,7944530.0,7725535.5,1172254.0,1120269.6,345462.2,443242.6,105489.7,215.5,27.7,15.2,538,23.5,19.2,208,684,878,1275,1915,2387,3132,2685,6874,574
1773719847,1,83612536.0,82965480.0,7777577.5,7550618.5,1150343.4,1104332.4,341520.0,440062.0,105480.4,238.2,27.7,15.2,561,23.5,19.0,209,685,878,1276,1915,2387,3133,2686,6874,575
1773720147,1,82411160.0,81863744.0,7660848.5,7416652.0,1136283.1,1090034.4,338385.5,437484.4,105473.9,254.2,27.8,15.1,598,23.6,18.9,209,685,879,1277,1916,2389,3134,2687,6877,574
1773720446,1,81082752.0,80913448.0,7537509.5,7296312.0,1122618.1,1073642.9,335678.0,434663.5,105463.1,274.0,27.8,15.0,633,23.6,18.8,209,685,878,1276,1915,2388,3133,2686,6875,574
1773720748,1,80052152.0,79724584.0,7405376.5,7179918.0,1104106.4,1059153.9,331741.6,431377.0,105450.6,295.5,27.8,14.9,662,23.7,18.6,209,685,879,1276,1915,2388,3133,2687,6876,575
1773721047,1,79100152.0,78703648.0,7287144.0,7064928.0,1091594.6,1045151.2,330040.4,429171.1,105438.0,314.5,27.9,14.9,641,23.7,18.6,209,684,879,1276,1915,2387,3133,2685,6875,574
1773721347,1,78180608.0,77780224.0,7173545.5,6967446.5,1078915.5,1033462.7,327586.8,426117.4,105425.6,331.4,27.9,14.8,720,23.7,18.5,209,685,879,1277,1915,2388,3134,2687,6878,574
1773721646,1,77370104.0,76771008.0,7057608.0,6854288.0,1064642.1,1021349.0,324891.9,422912.0,105410.7,344.9,27.9,14.7,725,23.8,18.3,209,685,879,1276,1915,2388,3134,2686,6876,575
1773722846,1,83476392.0,83013736.0,8019942.5,7824987.5,1194429.1,1152592.9,358758.5,460733.2,105109.7,4.2,28.0,13.5,188,23.8,16.6,208,685,879,1276,1915,2387,3133,2685,6875,574
1773723148,1,81520680.0,81195944.0,7781127.5,7579795.5,1166517.4,1123922.4,352471.7,455752.8,105103.4,19.1,28.0,13.6,236,23.9,16.7,208,685,879,1276,1915,2387,3133,2685,6874,574
1773723448,1,80096120.0,79597104.0,7587561.5,7411775.5,1143611.4,1100148.5,347595.1,450327.4,105093.0,38.6,28.1,13.6,253,23.9,16.8,209,685,879,1276,1915,2388,3133,2685,6874,575
1773723747,1,78935448.0,78473792.0,7447260.0,7242966.5,1123205.0,1082841.1,343422.5,444680.5,105081.4,60.0,28.1,13.7,293,23.9,16.8,209,685,879,1276,1915,2388,3134,2686,6879,574
1773724047,1,77769400.0,77234584.0,7294433.5,7120380.0,1104565.9,1063583.9,339611.2,441663.2,105067.4,74.5,28.1,13.7,303,23.9,16.8,209,685,880,1277,1916,2388,3134,2686,6879,575
1773724347,1,76835672.0,76372408.0,7174569.5,6981128.5,1091127.4,1051798.4,334989.0,437752.8,105052.3,90.1,28.1,13.6,324,23.9,16.8,209,685,880,1276,1915,2388,3134,2687,6878,575
1773724647,1,75718784.0,74903872.0,7039440.0,6879637.5,1076209.1,1037347.2,331738.0,435103.0,105036.7,107.5,28.1,13.7,365,24.0,16.8,209,686,880,1277,1916,2388,3134,2686,6879,574
1773724946,1,74326856.0,73747880.0,6959615.5,6767976.5,1064667.6,1028047.4,330094.9,431231.5,105021.1,123.7,28.1,13.6,396,24.0,16.7,209,685,879,1277,1916,2388,3134,2686,6877,574
1773725248,1,73145352.0,72329112.0,6843426.5,6672764.0,1052674.9,1017128.3,327086.0,428845.5,105004.9,147.3,28.1,13.6,426,24.0,16.7,139,457,586,853,1279,1593,2091,1792,4590,383
1773725548,1,71826824.0,71100728.0,6757556.0,6576146.5,1043074.8,1004453.0,325653.0,426697.3,104988.7,163.9,28.1,13.6,445,24.0,16.7,209,685,879,1276,1915,2389,3134,2687,6880,575
1773725847,1,70519640.0,69826848.0,6677482.5,6503743.5,1030515.5,997478.8,323221.0,423896.2,104972.2,183.8,28.2,13.6,443,24.0,16.7,209,685,880,1277,1916,2389,3135,2688,6879,574
1773726147,1,69258648.0,68561096.0,6595947.5,6382634.5,1024020.8,988035.0,321321.2,421558.5,104955.1,204.2,28.2,13.5,503,24.0,16.6,209,685,880,1277,1916,2389,3135,2687,6880,576
1773726446,1,68263520.0,67458856.0,6466923.5,6301354.0,1014454.9,976623.3,319681.7,419133.6,104938.5,222.8,28.2,13.6,508,24.0,16.6,209,685,880,1277,1916,2389,3135,2687,6880,575
1773726748,1,67211464.0,66491168.0,6402831.5,6220411.5,1007022.5,970137.9,318035.7,417831.0,104921.6,235.6,28.2,13.5,553,24.0,16.6,209,686,880,1277,1917,2390,3136,2688,6882,575
1773727048,1,66155360.0,65555020.0,6310494.5,6156098.0,997833.0,958176.0,314647.1,415991.3,104905.1,249.5,28.2,13.5,552,24.0,16.5,209,686,880,1277,1917,2389,3136,2688,6883,575
1773727347,1,65297188.0,64661972.0,6247936.0,6089472.0,990582.4,954479.3,313036.2,412934.0,104888.8,261.8,28.2,13.5,586,24.0,16.5,209,686,880,1277,1917,2390,3136,2688,6882,575
1773727647,1,64501132.0,63941972.0,6199917.5,6046031.5,981829.6,945597.6,311761.2,411839.7,104872.2,279.7,28.2,13.5,592,24.0,16.5,209,686,880,1277,1917,2390,3136,2688,6882,575
1773727946,1,63546476.0,62939516.0,6128595.5,5960930.0,977332.2,939207.8,310041.0,409670.8,104855.5,292.2,28.2,13.4,649,24.0,16.4,209,686,880,1277,1917,2390,3136,2688,6881,575
1773728248,1,62571972.0,61969104.0,6065380.5,5888175.5,968095.8,932848.2,308538.0,407777.4,104839.0,319.2,28.2,13.4,661,24.1,16.4,209,686,880,1277,1916,2389,3135,2687,6881,575
1773728548,1,62057088.0,61339316.0,5990895.5,5842233.5,961006.0,925040.8,307581.5,405393.2,104822.8,332.9,28.2,13.4,682,24.1,16.3,209,686,880,1277,1916,2389,3135,2688,6882,575
1773728847,1,61136284.0,60348384.0,5940354.0,5771605.5,953760.2,921974.7,306124.6,404066.2,104806.7,349.6,28.2,13.4,667,24.1,16.3,209,686,880,1277,1917,2390,3136,2688,6883,575
1773730048,1,72439736.0,71570152.0,6957955.5,6788924.0,1107301.6,1071258.6,347481.4,452593.3,104939.4,9.6,28.2,12.4,187,24.0,14.9,209,686,881,1278,1917,2390,3135,2688,6883,575
1773730347,1,70703224.0,69847872.0,6804738.0,6636546.5,1085141.6,1053585.1,341817.2,447359.5,104930.2,26.8,28.2,12.5,202,24.1,15.1,209,687,881,1278,1917,2390,3137,2688,6884,575
1773730647,1,69096856.0,68539496.0,6646412.5,6500287.5,1069929.4,1038792.0,337728.3,443095.2,104917.0,43.0,28.3,12.5,230,24.1,15.2,209,686,881,1278,1917,2391,3137,2689,6886,576
1773730947,1,67737352.0,67127840.0,6557650.0,6396142.0,1055079.8,1020946.2,334550.8,439721.2,104901.8,58.6,28.3,12.6,292,24.1,15.2,209,686,881,1278,1917,2390,3136,2688,6883,575
1773731248,1,66665844.0,66016068.0,6464631.5,6304607.5,1044847.9,1013728.9,331823.0,436612.0,104885.6,79.6,28.3,12.6,263,24.1,15.3,209,686,880,1278,1917,2390,3136,2688,6883,575
1773731548,1,65665932.0,64918832.0,6378043.5,6234184.5,1032192.2,1004548.0,328768.1,434239.1,104869.0,90.5,28.3,12.6,283,24.1,15.3,209,686,880,1277,1916,2390,3135,2688,6884,576
1773731848,1,64736992.0,64038708.0,6314292.0,6170359.5,1024971.3,992688.8,326632.6,431241.2,104852.2,106.7,28.3,12.7,354,24.1,15.3,209,686,880,1277,1918,2390,3136,2688,6885,575
1773732147,1,63729388.0,63264164.0,6247300.5,6071929.5,1016414.5,984542.4,324984.9,429510.8,104834.7,119.7,28.3,12.6,353,24.1,15.3,209,686,881,1278,1917,2390,3136,2687,6881,575
1773732447,1,63015700.0,62407260.0,6167525.5,6010304.5,1007306.7,976225.3,323115.5,426062.1,104816.7,134.1,28.3,12.7,366,24.1,15.3,209,686,881,1278,1917,2391,3137,2689,6885,576
1773732747,1,62257968.0,61644692.0,6103564.0,5963372.0,1001466.8,968830.8,321397.4,424235.4,104799.0,154.9,28.3,12.7,403,24.1,15.3,209,686,881,1278,1917,2390,3136,2688,6884,574
1773733046,1,61532908.0,60868732.0,6059357.5,5892200.5,992732.6,960059.8,319956.0,422667.4,104780.7,173.2,28.3,12.7,428,24.1,15.3,209,686,881,1278,1917,2391,3137,2689,6885,575
1773733348,1,60842268.0,60186992.0,5986988.0,5843551.5,988655.7,952317.0,318295.0,420424.0,104763.2,184.8,28.3,12.7,460,24.1,15.3,209,686,881,1278,1917,2390,3136,2688,6883,575
1773733648,1,60098292.0,59443588.0,5952493.5,5783734.0,977621.3,946989.2,316328.1,418381.2,104745.6,200.1,28.3,12.7,483,24.1,15.3,209,686,881,1278,1917,2391,3136,2688,6884,576
1773733948,1,59348612.0,58932000.0,5885530.0,5707242.5,971706.3,941215.4,315845.1,416544.0,104728.4,212.5,28.3,12.7,483,24.1,15.3,209,686,881,1278,1917,2390,3136,2688,6884,575
1773734247,1,58847124.0,58204132.0,5826230.5,5661606.5,966333.5,940483.2,312772.0,414669.9,104710.5,229.3,28.3,12.7,497,24.1,15.3,209,686,881,1278,1918,2391,3137,2689,6886,575
1773734547,1,58337628.0,57462176.0,5773716.0,5611450.0,957507.2,933834.2,311714.0,413408.0,104693.7,247.9,28.3,12.7,536,24.1,15.3,209,686,880,1278,1917,2390,3135,2688,6882,574
1773734847,1,57636412.0,57071776.0,5727066.5,5560096.0,952631.9,925743.7,310006.8,410627.8,104676.7,262.4,28.3,12.7,590,24.1,15.3,209,687,881,1278,1918,2390,3137,2688,6884,574
1773735146,1,56977220.0,56584736.0,5680352.5,5511978.0,951951.6,918407.3,308940.0,409599.5,104659.6,278.6,28.3,12.7,565,24.1,15.3,209,686,881,1278,1918,2391,3138,2689,6888,575
1773735446,1,56408068.0,55943892.0,5614312.5,5494079.5,942965.3,913365.9,308048.0,408165.2,104643.6,292.3,28.3,12.6,596,24.1,15.3,209,687,881,1278,1917,2390,3136,2688,6885,575
1773735746,1,55830816.0,55336404.0,5587637.5,5426100.5,939089.8,906791.6,306505.5,406196.8,104626.3,311.5,28.3,12.6,616,24.1,15.3,209,686,881,1278,1917,2391,3136,2688,6886,575
1773736048,1,55243372.0,54591520.0,5540723.0,5378777.5,931148.8,901543.9,305208.8,406215.1,104609.6,327.1,28.3,12.6,648,24.1,15.3,209,686,881,1278,1918,2391,3137,2689,6885,575
1773737247,1,63449540.0,62914340.0,6253586.0,6104247.5,1046678.7,1017687.4,335074.5,440035.3,104949.9,3.9,28.2,11.7,165,24.1,14.1,209,687,881,1279,1918,2392,3138,2690,6889,576
1773737547,1,62127044.0,61557024.0,6141556.5,5993350.0,1031015.2,1000966.6,331629.0,435245.3,104938.3,19.7,28.3,11.8,228,24.1,14.2,209,687,881,1279,1918,2391,3138,2689,6887,575
1773737846,1,61153988.0,60414256.0,6042428.5,5908221.5,1018743.3,986519.2,327361.0,432176.8,104924.6,35.9,28.3,11.9,237,24.1,14.3,209,687,881,1278,1918,2391,3137,2689,6887,575
1773738148,1,60186412.0,59577996.0,5974887.5,5820919.5,1008013.8,978078.8,325027.4,429263.7,104908.5,55.4,28.3,12.0,257,24.1,14.3,209,687,881,1279,1918,2391,3138,2689,6886,574
1773738448,1,59442956.0,58750844.0,5897351.5,5748945.5,997756.8,968073.1,323026.2,426685.8,104892.3,67.1,28.3,12.0,275,24.1,14.4,209,687,881,1278,1917,2391,3137,2689,6886,576
1773738748,1,58538044.0,58114476.0,5856942.5,5674984.5,990322.8,960573.7,321231.4,423923.1,104875.4,77.8,28.3,12.0,293,24.1,14.5,209,686,881,1278,1918,2391,3137,2689,6887,575
1773739047,1,58070684.0,57459156.0,5767597.5,5633329.5,983855.6,955196.2,319064.6,421667.6,104859.1,91.3,28.3,12.0,325,24.1,14.5,209,687,881,1278,1918,2391,3137,2689,6887,575
1773739347,1,57312604.0,56717776.0,5728682.5,5582087.0,974677.2,943334.8,317730.8,419464.6,104842.1,108.3,28.3,12.1,351,24.1,14.5,209,686,881,1278,1918,2391,3138,2689,6887,575
1773739647,1,56851836.0,56312076.0,5670086.0,5533466.5,970799.5,939179.5,316395.3,417617.2,104824.5,122.6,28.3,12.1,340,24.1,14.5,209,686,881,1278,1918,2391,3137,2689,6887,575
1773739947,1,56187228.0,55726224.0,5610487.5,5484212.5,961619.2,935101.9,315095.2,415317.1,104807.7,136.3,28.3,12.1,374,24.1,14.5,209,687,881,1279,1918,2391,3138,2689,6887,575
1773740246,1,55720688.0,55131388.0,5561524.0,5434616.5,956567.6,925567.7,312676.5,414035.6,104790.5,157.5,28.3,12.1,432,24.1,14.5,209,687,881,1279,1918,2391,3138,2689,6887,575
1773740546,1,55100244.0,54693292.0,5525556.0,5407293.0,951804.8,921457.7,310787.1,412562.2,104773.4,170.4,28.3,12.1,439,24.1,14.6,209,687,882,1279,1918,2392,3138,2690,6890,576
1773740848,1,54761664.0,54215436.0,5488220.0,5343382.5,945290.1,915341.3,309237.9,410610.2,104755.6,187.0,28.3,12.1,508,24.1,14.5,209,687,881,1279,1918,2392,3139,2690,6890,575
1773741148,1,54261420.0,53832420.0,5450404.5,5317510.5,941661.8,911285.8,308372.8,408589.1,104738.6,201.1,28.3,12.1,488,24.1,14.6,209,687,881,1279,1918,2391,3138,2689,6889,576
1773741447,1,53866796.0,53288704.0,5418895.5,5259709.5,934895.2,907468.6,307206.6,407501.7,104721.6,218.0,28.3,12.1,515,24.1,14.6,209,687,881,1279,1918,2391,3138,2689,6888,575
1773741747,1,53364128.0,52840464.0,5367068.5,5215814.5,929021.7,900990.6,305356.3,404933.3,104703.7,228.6,28.3,12.1,515,24.1,14.6,209,687,882,1279,1919,2392,3139,2690,6890,576
1773742047,1,52974756.0,52490916.0,5326699.5,5178779.5,925595.5,896714.9,304487.0,404625.7,104686.5,241.3,28.3,12.2,548,24.1,14.6,209,687,882,1279,1919,2392,3138,2690,6889,575
1773742346,1,52508524.0,52053820.0,5307986.5,5144836.0,919016.9,892937.4,303557.4,402105.6,104669.2,259.9,28.3,12.2,552,24.1,14.6,209,687,881,1279,1919,2392,3139,2689,6891,575
1773742648,1,52250368.0,51608044.0,5245267.0,5111576.5,916554.7,884795.4,301959.6,400307.9,104653.9,274.2,28.3,12.1,567,24.1,14.6,209,687,882,1279,1919,2392,3139,2691,6890,575
1773742948,1,51707868.0,51261740.0,5210588.0,5080222.0,908964.8,882071.5,301536.6,399224.5,104644.4,293.2,28.3,12.2,591,24.1,14.6,209,687,881,1279,1919,2391,3138,2690,6888,575
1773743247,1,51320460.0,50786112.0,5159328.5,5045271.5,905014.3,880058.3,300047.7,396385.2,104632.4,302.9,28.4,12.2,631,24.2,14.6,209,687,881,1279,1918,2391,3138,2689,6887,575
1773744748,1,53306508.0,52792604.0,5352439.5,5210894.0,937462.4,908696.2,304856.8,400897.7,104846.9,13.2,28.4,11.4,194,24.2,13.6,209,687,882,1279,1919,2391,3138,2690,6889,575
1773745048,1,52585412.0,52055196.0,5292628.0,5134021.0,928942.7,895600.5,302708.4,397569.6,104834.9,34.1,28.4,11.5,240,24.2,13.7,209,687,881,1279,1918,2391,3138,2689,6889,576
1773745348,1,51832044.0,51469296.0,5206937.5,5084244.5,917059.7,889465.2,301238.3,393430.3,104820.1,50.9,28.4,11.5,252,24.2,13.8,209,687,882,1279,1919,2393,3139,2691,6892,577
1773745648,1,51215924.0,50722416.0,5152076.0,5033559.5,910764.8,878399.7,298862.4,391544.4,104803.7,64.6,28.4,11.6,274,24.2,13.8,209,687,882,1280,1919,2392,3139,2691,6892,575
1773745947,1,50805252.0,50246420.0,5126495.5,4983757.5,905045.4,874973.6,297281.9,389591.8,104788.9,76.1,28.4,11.6,305,24.2,13.9,209,687,882,1279,1919,2392,3138,2690,6889,575
1773746247,1,50396172.0,49854400.0,5076954.0,4944001.5,898101.8,869833.6,295583.1,386922.8,104773.6,93.4,28.4,11.7,329,24.2,13.9,209,687,882,1279,1919,2392,3139,2690,6891,576
1773746547,1,49907872.0,49405516.0,5042380.0,4910663.5,891192.5,863398.4,294258.7,386258.3,104756.4,102.6,28.4,11.7,321,24.2,13.9,209,687,882,1279,1919,2392,3139,2690,6890,575
1773746846,1,49634180.0,49074428.0,4993336.0,4882536.5,889522.2,857744.2,293660.6,383931.6,104740.1,116.1,28.4,11.7,358,24.2,13.9,209,687,882,1279,1280,1594,2092,1793,4596,383
1773747148,1,49136060.0,48563380.0,4965355.5,4847032.0,881926.1,853310.2,292196.6,382806.9,104723.1,135.5,28.4,11.7,381,24.2,14.0,209,687,882,1279,1919,2392,3139,2690,6891,575
1773747448,1,48896880.0,48429856.0,4924456.0,4807624.5,875787.0,850345.8,290859.1,381176.1,104706.3,146.5,28.4,11.7,381,24.2,14.0,209,687,882,1280,1919,2392,3138,2690,6890,576
1773747748,1,48459584.0,48042564.0,4906433.5,4796351.5,873828.1,843671.9,290156.0,380529.7,104689.4,164.8,28.4,11.7,411,24.2,14.0,209,687,882,1279,1919,2392,3138,2690,6889,576
1773748048,1,48088272.0,47579776.0,4882825.5,4763896.5,867952.2,839716.0,289375.3,377739.2,104672.1,181.2,28.4,11.7,454,24.2,14.0,209,687,882,1279,1918,2392,3138,2689,6889,575
1773748347,1,48027260.0,47092752.0,4855578.0,4733105.5,863592.9,836951.0,288097.5,377209.6,104656.0,196.8,28.4,11.8,450,24.2,14.0,209,687,882,1279,1919,2392,3138,2690,6891,575
1773748647,1,47554944.0,46745108.0,4813621.5,4691350.0,861151.5,829696.5,287379.2,375195.7,104639.8,203.4,28.4,11.8,476,24.2,14.0,209,687,882,1279,1918,2391,3137,2689,6886,575
1773748946,1,47000912.0,46454124.0,4798477.5,4673926.0,858417.8,827505.2,286123.3,374481.0,104623.5,221.5,28.4,11.8,500,24.2,14.1,209,687,882,1279,1919,2392,3138,2690,6890,576
1773749248,1,46658844.0,46268964.0,4758776.5,4646601.5,852208.8,821471.4,285055.5,373342.0,104606.9,232.6,28.4,11.8,522,24.2,14.1,209,687,882,1279,1920,2393,3139,2691,6892,577
1773749547,1,46451008.0,45910780.0,4744125.5,4621145.5,848854.8,822719.9,284193.3,371147.9,104590.7,248.2,28.4,11.8,554,24.3,14.1,209,687,882,1279,1918,2392,3138,2690,6889,575
1773749847,1,46263680.0,45630284.0,4719750.5,4601102.0,847207.7,818246.6,283603.1,370685.9,104574.4,267.1,28.4,11.8,552,24.2,14.1,209,687,882,1280,1919,2393,3139,2690,6892,576
1773750147,1,45915952.0,45467616.0,4683000.5,4568629.0,842274.1,813580.7,282118.4,369503.8,104558.4,275.0,28.4,11.8,572,24.3,14.1,209,687,882,1280,1919,2392,3139,2690,6890,575
1773750446,1,45626324.0,45109248.0,4677974.5,4555582.5,837187.2,812537.0,281857.1,367436.2,104542.2,290.0,28.4,11.8,613,24.3,14.1,209,688,882,1280,1920,2393,3140,2691,6894,576
1773751947,1,53004116.0,52528528.0,5304528.0,5183207.5,953948.8,923919.8,310576.6,409429.7,104841.8,13.6,28.4,11.1,200,24.2,13.2,209,687,882,1280,1919,2392,3139,2690,6892,575
1773752246,1,52333108.0,51801232.0,5239626.5,5087108.0,942004.0,909648.6,308600.2,406757.0,104827.8,28.1,28.4,11.2,222,24.2,13.3,209,688,883,1280,1920,2393,3140,2691,6895,576
1773752548,1,51960000.0,51326420.0,5179725.5,5049554.0,932408.0,907145.1,305686.5,404183.0,104812.2,36.7,28.4,11.3,249,24.2,13.4,209,687,882,1280,1919,2392,3140,2691,6893,576
1773752847,1,51276372.0,50785140.0,5128930.5,5002054.0,924615.2,898252.8,304072.8,402015.8,104795.8,51.0,28.4,11.3,261,24.3,13.4,209,687,882,1280,1920,2394,3140,2692,6896,576
1773753147,1,51102492.0,50408596.0,5102164.0,4976948.5,917284.0,895689.2,302974.5,400956.7,104779.2,65.8,28.4,11.3,274,24.2,13.5,209,688,882,1280,1920,2393,3140,2691,6894,576
1773753447,1,50486996.0,50044556.0,5074994.5,4935056.5,915637.7,886396.6,301819.0,397754.5,104761.7,82.7,28.4,11.4,315,24.2,13.5,209,688,882,1280,1920,2393,3139,2691,6893,575
1773753746,1,50299264.0,49639972.0,5032352.0,4901894.0,909261.2,882202.9,300390.5,395674.3,104745.4,97.6,28.4,11.4,295,24.2,13.5,209,688,882,1280,1920,2393,3140,2691,6894,575
1773754048,1,49942848.0,49339372.0,4995608.5,4886478.5,902689.3,877020.9,298468.9,393088.4,104728.8,110.5,28.4,11.4,365,24.3,13.6,209,687,882,1280,1919,2392,3139,2690,6891,575
1773754348,1,49516132.0,48963760.0,4978842.0,4853175.5,901361.2,870614.0,297840.3,390909.2,104712.1,121.9,28.4,11.4,359,24.2,13.6,209,688,882,1280,1919,2393,3139,2691,6893,576
1773754648,1,49244660.0,48642160.0,4937939.5,4826116.5,891624.4,864613.7,296580.9,389678.0,104694.7,140.1,28.4,11.5,377,24.3,13.6,209,688,882,1280,1920,2393,3141,2691,6895,575
1773754947,1,48877676.0,48432852.0,4907174.5,4805294.0,889499.5,862681.3,295542.1,389514.6,104677.8,158.2,28.4,11.5,405,24.3,13.6,209,688,882,1280,1920,2393,3139,2690,6893,575
1773755247,1,48591956.0,48020592.0,4891605.5,4773613.5,883875.7,857648.7,294582.4,387384.6,104660.5,169.8,28.4,11.5,444,24.3,13.6,209,688,882,1281,1920,2393,3140,2691,6896,576
1773755547,1,48308784.0,47732412.0,4859536.5,4745887.5,883244.8,852465.9,293255.9,385617.4,104642.9,182.6,28.4,11.5,453,24.3,13.6,209,688,883,1280,1919,2393,3140,2690,6893,575
1773755848,1,48037036.0,47530812.0,4852447.5,4726555.5,877733.8,849864.3,293089.5,385711.5,104626.0,197.4,28.4,11.5,442,24.3,13.6,209,688,882,1280,1920,2393,3140,2691,6894,575
1773756148,1,47828532.0,47041444.0,4806155.0,4702443.5,870069.9,848513.5,291647.3,383256.3,104609.6,211.2,28.4,11.5,484,24.3,13.7,209,688,883,1280,1920,2394,3141,2692,6894,576
1773756447,1,47527812.0,46830992.0,4796253.0,4682672.5,867720.8,841768.5,290804.5,383220.6,104592.4,218.1,28.4,11.5,499,24.3,13.7,209,688,882,1280,1920,2393,3140,2691,6893,576
1773756747,1,47046068.0,46556996.0,4771285.5,4658194.0,863316.1,839815.6,289939.8,380973.0,104575.4,237.3,28.4,11.6,501,24.3,13.7,209,687,883,1281,1920,2394,3140,2691,6895,577
1773757046,1,46765952.0,46221804.0,4747262.0,4638203.5,860397.6,834141.4,288806.9,379039.7,104557.7,251.1,28.4,11.6,535,24.2,13.7,209,687,882,1280,1919,2393,3139,2690,6892,575
1773757346,1,46719456.0,46066588.0,4726470.5,4621363.5,857803.4,830795.7,288562.3,379731.7,104541.2,269.0,28.4,11.5,522,24.3,13.7,209,688,883,1281,1920,2393,3141,2692,6896,576
1773757646,1,46276996.0,45788380.0,4700563.5,4582988.5,858635.5,828719.3,287262.0,377450.0,104524.9,282.7,28.4,11.6,572,24.2,13.7,209,688,883,1280,1920,2394,3140,2692,6895,575
1773759148,1,53303648.0,52960160.0,5349352.5,5193048.5,961182.2,940112.3,315531.0,416025.2,104933.0,10.4,28.4,10.9,189,24.2,12.9,209,688,882,1280,1920,2393,3140,2691,6896,575
1773759448,1,52997872.0,52444708.0,5284800.0,5132091.5,952530.6,928364.2,312950.9,412755.8,104917.3,25.1,28.4,11.0,219,24.2,13.0,209,687,882,1280,1919,2392,3139,2690,6892,576
1773759748,1,52440540.0,51756764.0,5215998.0,5088186.0,942753.6,918367.2,311098.8,410121.2,104902.1,41.0,28.4,11.0,226,24.2,13.1,209,688,883,1280,1920,2393,3141,2692,6896,576
1773760047,1,52019456.0,51503132.0,5182962.5,5034086.0,938053.2,909761.5,308490.5,408728.0,98500.0,52.8,28.4,11.1,248,24.2,13.1,209,687,883,1281,1920,2394,3141,2692,6895,576
1773760347,1,51626272.0,51101264.0,5138962.0,4988310.0,930482.3,905950.3,306768.9,405980.8,98486.6,67.6,28.4,11.1,272,24.2,13.2,209,687,883,1280,1920,2393,3140,2691,6894,576
1773760646,1,51207472.0,50640452.0,5087453.5,4959902.5,925398.6,900159.7,305251.5,405304.9,98473.0,80.9,28.4,11.1,339,24.2,13.2,209,688,882,1280,1919,2393,3139,2690,6893,575
1773760946,1,50786784.0,50310416.0,5063731.5,4936932.5,917321.2,896934.2,304350.3,403644.0,98459.2,99.0,28.4,11.2,339,24.2,13.3,209,688,883,1281,1920,2394,3141,2692,6896,575
1773761248,1,50575836.0,49972492.0,5026934.5,4909136.5,912362.1,891427.1,302777.2,399459.1,98445.8,114.0,28.4,11.2,372,24.2,13.3,209,688,882,1280,1921,2394,3141,2691,6896,576
1773761548,1,50283004.0,49796256.0,4982931.5,4884366.5,908517.2,884521.1,301916.8,398426.1,98431.5,125.3,28.4,11.2,374,24.2,13.2,209,687,883,1280,1920,2393,3140,2691,6895,576
1773761848,1,50055300.0,49504464.0,4968888.0,4860688.0,904667.2,880565.9,301210.7,396222.1,98417.8,137.3,28.4,11.2,358,24.2,13.3,209,687,882,1280,1919,2392,3139,2690,6893,575
1773762147,1,49644236.0,49120432.0,4950796.0,4825222.5,897777.6,873223.2,299340.7,396233.8,98404.4,152.1,28.4,11.3,407,24.2,13.4,209,688,883,1280,1919,2393,3140,2690,6893,576
1773762447,1,49356492.0,48832428.0,4914542.5,4795197.5,895682.1,869561.2,298757.7,393774.5,98390.7,165.0,28.4,11.3,418,24.2,13.4,209,688,883,1280,1920,2393,3140,2691,6894,575
1773762746,1,49174604.0,48609536.0,4909254.5,4776453.5,890227.8,866043.9,298514.0,393018.0,98377.0,177.7,28.4,11.3,462,24.2,13.4,209,688,883,1280,1920,2393,3141,2691,6894,575
1773763048,1,48647504.0,48388864.0,4885015.5,4766178.0,889384.6,863063.0,297223.5,391922.6,98363.5,193.0,28.4,11.3,456,24.2,13.4,209,688,883,1280,1920,2393,3140,2691,6894,575
1773763348,1,48557120.0,47854372.0,4861862.5,4743163.5,882944.8,859006.7,295871.2,388943.8,98351.0,202.9,28.4,11.3,468,24.2,13.4,209,688,883,1280,1920,2393,3141,2691,6895,577
1773763648,1,48325328.0,47568656.0,4835382.5,4731993.5,880457.6,856750.9,295035.2,387692.6,98337.7,219.2,28.4,11.3,473,24.2,13.4,209,688,883,1281,1920,2393,3140,2691,6893,576
1773763947,1,48114640.0,47345936.0,4803731.0,4697339.5,876078.2,850618.8,293910.8,387150.1,98325.2,233.7,28.4,11.4,534,24.2,13.5,209,688,883,1281,1920,2393,3140,2692,6895,576
1773764247,1,47790548.0,47072844.0,4793158.0,4686551.5,870293.4,847277.2,292994.5,386086.0,98312.5,241.2,28.4,11.4,513,24.3,13.5,209,688,883,1281,1921,2395,3142,2692,6898,576
1773764546,1,47439148.0,46865920.0,4775218.0,4660252.0,869546.8,844915.2,291948.8,384826.4,98299.7,257.4,28.4,11.4,538,24.2,13.5,209,688,883,1280,1921,2394,3140,2691,6895,575
1773764846,1,47333104.0,46647796.0,4752522.5,4624371.5,864460.5,841472.7,291352.4,383829.0,98286.8,266.2,28.4,11.4,570,24.2,13.5,209,688,883,1280,1921,2394,3142,2692,6896,576
1773766047,1,53567116.0,53018336.0,5321814.0,5161308.5,957454.9,929864.1,312818.2,411724.2,98578.6,0.6,28.4,10.6,170,24.2,12.5,209,688,883,1280,1920,2394,3141,2692,6896,576
1773766347,1,52716324.0,52118812.0,5242285.0,5056659.5,945281.5,920713.2,311093.4,407919.8,98569.7,10.3,28.4,10.8,211,24.2,12.7,209,688,883,1281,1920,2393,3141,2691,6896,576
1773766647,1,52153660.0,51545428.0,5176927.5,4993784.0,935594.3,912383.2,307252.5,404680.2,98558.4,19.6,28.4,10.8,226,24.2,12.8,209,688,883,1280,1921,2394,3141,2692,6897,575
1773766948,1,51761184.0,51241132.0,5116513.5,4963155.5,927853.8,903589.7,305811.9,403999.3,98546.3,40.2,28.4,10.9,197,24.2,12.8,209,688,883,1281,1920,2394,3141,2692,6896,576
1773767248,1,51396964.0,50627260.0,5066983.5,4943680.5,919934.9,894206.9,304156.6,401367.9,98533.5,47.3,28.4,10.9,271,24.2,12.9,209,688,883,1281,1921,2394,3143,2692,6899,576
1773767548,1,50985408.0,50410636.0,5017055.5,4910349.5,915043.2,890808.3,302402.2,398521.1,98520.2,62.8,28.4,11.0,317,24.2,13.0,209,688,883,1281,1920,2393,3141,2692,6896,577
1773767848,1,50519772.0,50033824.0,4993694.0,4874103.5,910402.8,885994.3,301220.2,396397.2,98507.2,78.0,28.4,11.0,312,24.2,13.0,209,688,882,1280,1920,2393,3140,2690,6893,576
1773768148,1,50370748.0,49731440.0,4968864.5,4854130.0,904939.9,878726.5,299924.3,394770.6,98494.1,92.5,28.4,11.0,293,24.2,13.0,209,688,883,1281,1921,2394,3141,2692,6896,576
1773768447,1,49960220.0,49374688.0,4938435.5,4829286.0,900089.3,875165.9,298878.9,393986.4,98481.6,108.4,28.4,11.1,326,24.2,13.0,209,688,883,1281,1921,2394,3141,2692,6896,575
1773768747,1,49825556.0,49202860.0,4909969.5,4800210.5,892589.3,870646.8,297368.8,391971.5,98469.2,118.1,28.4,11.1,334,24.2,13.1,209,688,883,1281,1920,2394,3141,2692,6896,576
1773769047,1,49355572.0,48900172.0,4885589.5,4776709.5,891886.0,865148.9,297154.4,390979.2,98456.6,129.2,28.4,11.1,367,24.2,13.1,209,688,883,1281,1920,2394,3140,2691,6894,577
1773769347,1,49336224.0,48514556.0,4866955.0,4761018.0,886434.8,859295.2,295599.0,388696.7,98443.5,142.7,28.4,11.1,367,24.2,13.1,209,688,883,1281,1920,2394,3141,2692,6897,577
1773769648,1,48874884.0,48415844.0,4855100.5,4730291.5,882242.2,858938.6,295102.5,389367.2,98431.6,156.1,28.4,11.1,413,24.2,13.2,209,688,883,1280,1920,2393,3140,2690,6894,575
1773769825,1,59710320.0,58878320.0,5795744.0,5543326.0,1018810.8,981093.6,314717.2,407538.2,104799.4,88.3,28.3,11.2,399,24.3,13.2,209,688,883,1281,1921,2395,3141,2692,6899,576
1773770126,1,51370940.0,50774028.0,5008256.5,4883061.5,911040.0,881895.8,300306.6,393319.1,104775.9,93.8,28.2,11.3,419,24.2,13.2,209,689,883,1281,1920,2394,3141,2692,6898,576
1773770424,1,49735244.0,49223444.0,4892309.5,4770484.5,887076.2,861138.3,295245.2,388258.5,104749.0,105.7,28.1,11.3,433,24.2,13.2,209,688,883,1281,1921,2394,3141,2692,6898,576
1773770724,1,48958748.0,48205324.0,4829499.5,4721958.0,877000.7,851855.8,293772.3,385711.9,104729.1,122.6,28.1,11.4,464,24.2,13.2,209,688,883,1281,1922,2396,3142,2693,6901,576
1773771025,1,48410756.0,47790156.0,4798280.0,4694678.0,871713.2,845500.3,292241.7,383868.8,104710.6,133.9,28.0,11.4,497,24.2,13.3,209,688,883,1280,1921,2394,3141,2692,6897,576
1773771326,1,47908844.0,47503600.0,4776729.5,4656571.0,866508.1,841603.3,291079.9,382658.9,98346.2,146.1,28.0,11.4,490,24.1,13.3,209,688,883,1281,1921,2395,3142,2693,6899,575
1773771627,1,47750556.0,47351364.0,4749398.5,4633595.5,863736.5,835865.6,289751.6,381903.0,98333.5,159.0,28.0,11.4,534,24.1,13.3,209,688,883,1282,1922,2395,3143,2694,6901,577
1773771924,1,47589756.0,46958128.0,4724408.5,4617170.0,859157.7,835238.4,289131.8,380382.1,98319.8,174.0,28.0,11.4,542,24.1,13.3,209,689,884,1281,1922,2396,3143,2694,6901,576
1773772224,1,47221844.0,46662172.0,4714186.5,4607330.0,855174.2,830830.2,288333.2,379377.9,98306.6,189.1,28.0,11.4,571,24.1,13.3,209,688,883,1281,1921,2395,3142,2692,6898,576
1773775225,1,51178852.0,50489840.0,4990144.5,4875953.5,907663.8,881789.0,301387.0,396191.0,98636.0,5.8,28.0,11.1,319,24.1,12.9,209,688,883,1281,1921,2394,3141,2692,6899,576
1773775526,1,50923148.0,50231164.0,4946971.5,4849086.5,904782.3,878319.2,300174.8,395718.9,98620.9,18.7,28.0,11.1,333,24.1,12.9,209,688,883,1282,1922,2395,3142,2692,6900,576
1773775827,1,50492320.0,50099792.0,4934954.5,4825104.0,898156.2,872819.2,298392.1,393328.7,98606.6,33.9,28.0,11.1,321,24.1,12.9,209,688,883,1281,1921,2394,3140,2691,6896,577
1773776124,1,50234288.0,49651460.0,4913675.0,4810646.5,892807.5,869265.8,298174.7,393048.5,98592.4,49.7,28.0,11.1,355,24.1,13.0,209,688,883,1281,1922,2395,3142,2693,6900,576
1773776424,1,50137764.0,49449276.0,4913261.5,4790002.0,887835.8,864074.8,296434.7,391346.4,98578.3,59.9,28.0,11.2,386,24.1,13.0,209,688,883,1281,1921,2395,3142,2692,6898,576
1773776725,1,49797204.0,49106028.0,4869540.0,4773056.0,885786.7,858594.0,295788.8,390307.3,98565.1,69.6,28.0,11.2,420,24.1,13.0,209,688,883,1281,1921,2394,3142,2692,6899,575
1773777026,1,49649152.0,48911024.0,4855447.5,4743000.5,881598.8,855859.0,294743.5,389929.8,98551.8,82.9,28.0,11.2,422,24.1,13.0,209,688,883,1281,1921,2394,3141,2692,6899,575
1773777908,1,32424094.0,32272722.0,3538190.2,3453582.8,622647.3,615721.6,251362.5,357133.6,104472.5,113.8,25.0,12.2,477,21.5,13.6,209,688,882,1282,1923,2395,3144,2694,6900,576
1773778209,1,45724352.0,45207220.0,4578592.5,4457084.0,831536.2,805694.7,283676.1,378099.2,104629.5,117.9,26.2,11.8,517,22.1,13.7,209,688,882,1282,1923,2395,3143,2693,6900,576
1773778506,1,47635904.0,46797248.0,4698672.5,4586848.5,855284.2,832645.0,289554.4,380970.8,104731.6,132.3,27.0,11.6,522,23.0,13.6,209,688,882,1282,1923,2396,3143,2693,6899,576
1773778807,1,47945888.0,47295056.0,4702841.5,4589504.0,857309.8,830807.3,289023.5,380935.1,104782.9,143.7,27.4,11.5,490,23.5,13.4,209,688,883,1282,1922,2395,3143,2693,6899,576
1773779107,1,47544976.0,47005388.0,4669892.5,4563123.0,850861.3,828821.3,287896.6,378805.8,104802.2,153.7,27.7,11.4,543,23.8,13.4,209,688,883,1281,1922,2395,3143,2693,6901,576
1773779408,1,47256620.0,46611412.0,4662140.5,4548936.0,843013.4,821260.5,287258.5,378270.5,104808.8,164.8,27.8,11.4,572,23.9,13.3,209,688,883,1281,1923,2396,3144,2693,6901,576
1773783228,1,63271664.0,62415708.0,6310524.0,6149660.5,1081456.9,1051875.8,337807.7,427796.2,104918.0,102.9,26.9,11.5,321,23.4,13.0,209,688,882,1281,1922,2394,3141,2692,6898,576
1773783528,1,57074828.0,56352048.0,5399354.0,5174526.0,956955.3,927862.0,310917.9,404401.5,104998.9,109.1,27.7,11.3,367,23.6,13.2,209,688,883,1281,1921,2394,3141,2691,6897,577
1773783826,1,53002060.0,52409172.0,5036633.5,4917795.0,907300.4,881348.6,300374.9,394012.9,105049.0,125.0,28.2,11.2,417,24.0,13.1,209,688,883,1281,1921,2395,3142,2693,6902,577
1773784126,1,50792080.0,49991612.0,4934606.5,4818155.5,883402.5,860406.2,295949.2,390659.1,105062.9,133.9,28.5,11.1,400,24.3,13.1,209,689,884,1282,1922,2395,3143,2692,6901,576
1773784428,1,49470452.0,48847068.0,4870719.5,4754670.0,870958.5,848627.8,293019.2,386413.8,105059.3,145.7,28.6,11.1,437,24.4,13.1,209,689,883,1281,1921,2395,3142,2692,6900,576
1773784728,1,48776988.0,48084160.0,4822162.5,4701540.5,859005.9,841431.3,291762.5,384289.5,105053.8,164.1,28.7,11.1,445,24.5,13.1,209,688,884,1281,1921,2394,3141,2692,6899,576
1773785026,1,48207200.0,47688896.0,4775242.0,4656227.0,856674.9,833247.5,289214.2,383108.9,105047.2,179.5,28.8,11.1,467,24.6,13.1,209,689,884,1281,1921,2394,3141,2692,6899,575
1773785326,1,47729804.0,47379140.0,4731423.5,4630740.5,854557.3,829361.2,287548.9,379955.8,105032.8,193.3,28.8,11.1,453,24.6,13.1,209,688,884,1281,1921,2395,3142,2693,6900,576
1773785628,1,47208740.0,46957892.0,4711407.5,4601052.5,846018.3,822998.8,286375.4,379120.7,105018.0,210.2,28.8,11.1,472,24.7,13.1,209,689,884,1281,1921,2395,3143,2693,6901,576
1773785926,1,47052772.0,46477216.0,4681324.5,4563320.0,842105.7,819096.4,285830.2,376750.9,104999.7,222.4,28.8,11.1,502,24.7,13.1,209,689,884,1281,1922,2395,3142,2693,6901,576
1773786226,1,46834692.0,46194684.0,4664366.0,4549021.5,833930.1,815426.3,284103.8,374769.5,104981.3,236.9,28.8,11.1,511,24.7,13.1,209,688,884,1281,1921,2395,3141,2692,6900,575
1773786526,1,46488720.0,46153296.0,4646129.5,4527550.0,832303.4,811997.4,283509.2,373411.8,104960.8,249.8,28.8,11.1,555,24.7,13.1,209,688,883,1281,1920,2393,3140,2691,6896,576
1773787128,1,55419488.0,54859716.0,5397303.0,5225191.5,966752.0,940231.0,312944.6,410425.6,104837.1,0.0,28.7,9.9,131,24.5,11.5,209,689,884,1281,1921,2394,3141,2691,6899,575
1773787426,1,53562252.0,53108832.0,5168769.0,5039461.5,938620.2,911132.8,308015.5,405769.4,104841.8,0.0,28.8,10.3,149,24.6,12.0,209,688,884,1281,1921,2393,3140,2691,6898,577
1773787726,1,52623308.0,51956068.0,5095488.5,4987090.5,921121.4,896714.7,305430.3,400763.6,104833.9,0.0,28.8,10.4,162,24.6,12.2,209,688,883,1280,1920,2393,3140,2691,6896,575
1773788026,1,51702464.0,51331068.0,5031560.5,4921237.5,909982.7,887336.7,301688.5,397486.0,104821.9,8.4,28.8,10.5,179,24.7,12.3,209,688,884,1280,1920,2393,3140,2691,6898,575
1773788328,1,51040988.0,50915504.0,5002249.5,4886059.5,896567.1,878435.2,299817.8,395747.4,104806.0,23.6,28.8,10.6,234,24.7,12.5,209,688,884,1280,1920,2394,3140,2691,6898,576
1773788626,1,50708684.0,50173840.0,4970280.5,4853973.5,890266.2,870554.7,298091.1,393921.3,104788.8,34.9,28.8,10.6,243,24.7,12.5,209,688,884,1280,1920,2392,3139,2690,6896,575
1773788926,1,50418564.0,49764796.0,4930193.5,4824063.5,885830.0,864169.8,295142.9,392870.8,104773.3,46.2,28.8,10.7,246,24.7,12.6,209,688,884,1281,1920,2394,3140,2691,6898,576
1773789226,1,49899676.0,49249936.0,4905308.5,4803322.5,879495.2,860192.2,293936.5,389670.0,104757.3,57.1,28.8,10.7,291,24.7,12.6,209,689,884,1281,1921,2394,3141,2692,6900,576
1773789528,1,49513700.0,49094828.0,4884096.0,4778187.5,876707.0,854589.8,293647.6,388637.3,104738.4,74.5,28.8,10.8,297,24.7,12.7,209,688,884,1280,1920,2394,3141,2691,6898,577
1773789828,1,49256244.0,48694580.0,4852953.5,4740686.0,872192.7,848251.1,292193.7,387691.2,104719.7,89.8,28.8,10.8,303,24.7,12.7,209,688,883,1281,1920,2393,3140,2691,6898,576
1773790126,1,48957360.0,48417260.0,4830327.5,4718939.5,865793.2,842798.2,291656.6,386057.1,104702.3,103.4,28.8,10.8,322,24.7,12.7,209,689,884,1281,1920,2393,3140,2691,6898,575
1773790426,1,48608100.0,48247308.0,4808465.5,4692377.5,861661.9,839564.2,290371.8,384726.0,104684.5,116.4,28.8,10.8,336,24.7,12.8,209,688,884,1281,1920,2394,3141,2691,6899,575
1773790726,1,48359456.0,47900884.0,4793888.0,4665797.5,860008.3,837340.8,288869.0,382386.9,104666.6,130.7,28.8,10.9,373,24.7,12.8,209,688,884,1281,1921,2394,3141,2692,6900,576
1773791028,1,48256172.0,47720844.0,4774401.5,4653967.5,853647.1,832062.7,288282.5,381707.3,104649.6,143.0,28.8,10.9,359,24.7,12.8,209,688,884,1281,1921,2393,3141,2691,6899,576
1773791328,1,48020448.0,47545812.0,4738247.5,4629532.5,851958.8,831073.2,286708.2,381614.8,104631.6,156.3,28.8,10.9,411,24.7,12.8,209,689,884,1281,1921,2394,3141,2691,6899,576
1773791626,1,47696000.0,47181332.0,4713689.5,4615003.5,844873.1,825814.2,286920.6,380912.6,104612.6,168.6,28.8,10.9,422,24.6,12.9,209,689,884,1281,1920,2394,3141,2691,6900,577
1773791926,1,47483988.0,46938580.0,4703073.5,4592020.5,843703.3,823252.8,285909.3,378638.0,104595.4,178.2,28.8,10.9,425,24.6,12.9,209,689,884,1281,1921,2393,3140,2691,6899,575
1773792226,1,47273536.0,46714932.0,4673603.0,4564949.5,841130.1,819641.2,284943.7,377020.6,104576.4,191.9,28.8,11.0,457,24.6,12.9,209,688,884,1281,1921,2393,3140,2691,6899,576
1773792528,1,46983712.0,46595956.0,4666986.0,4557706.5,836942.5,815830.8,283914.0,377226.3,104558.0,199.4,28.8,11.0,454,24.6,12.9,209,688,884,1280,1921,2393,3141,2691,6898,576
1773792828,1,46771500.0,46318708.0,4643548.5,4532462.0,832268.9,814006.3,283946.4,375396.2,104539.7,214.0,28.8,11.0,478,24.6,12.9,209,689,884,1281,1921,2393,3141,2691,6899,577
1773793126,1,46560480.0,46144064.0,4624764.0,4511089.5,832417.1,809618.2,282870.5,372791.7,104522.0,223.4,28.8,11.0,513,24.6,13.0,209,689,884,1280,1920,2394,3140,2691,6898,576
1773793426,1,46280604.0,46011408.0,4610676.0,4511342.5,828653.8,806847.2,281377.6,373365.9,104504.6,234.8,28.8,11.0,504,24.6,13.0,209,688,883,1281,1919,2392,3139,2690,6897,575
1773793726,1,46237892.0,45746916.0,4598610.5,4485778.5,826297.9,803315.7,281344.4,372828.6,104486.8,246.1,28.8,11.0,502,24.6,13.0,209,689,884,1281,1921,2394,3140,2691,6900,576
1773794326,1,54420980.0,53735808.0,5245804.0,5091694.5,942193.2,918128.8,306582.3,401295.0,104755.8,0.0,28.6,9.8,165,24.5,11.3,209,688,883,1280,1920,2393,3139,2690,6897,576
1773794626,1,52436540.0,51799120.0,5062634.5,4959401.5,908784.0,889357.2,301565.2,396905.0,104758.8,0.0,28.7,10.2,167,24.5,11.9,209,689,884,1281,1921,2394,3141,2692,6901,576
1773794928,1,51445440.0,50692420.0,4987002.5,4867098.5,896119.8,870791.3,298051.2,393364.8,104750.1,0.0,28.7,10.4,173,24.6,12.1,209,689,884,1281,1920,2394,3141,2691,6899,577
1773795228,1,50519676.0,49932852.0,4926236.0,4818393.5,883922.5,862040.0,296346.8,390956.9,104736.6,10.6,28.7,10.5,175,24.6,12.2,209,688,883,1280,1920,2393,3140,2691,6898,575
1773795528,1,49819844.0,49279072.0,4888173.5,4774508.0,875302.9,852865.7,293023.7,388613.0,104721.8,20.6,28.7,10.5,192,24.6,12.3,209,688,884,1281,1920,2393,3140,2690,6897,576
1773795826,1,49366460.0,48927588.0,4855334.5,4744233.5,870779.8,847837.6,291729.3,387417.6,104705.5,33.2,28.7,10.6,243,24.6,12.4,209,688,883,1281,1920,2394,3141,2691,6897,576
1773796126,1,49311328.0,48579360.0,4821640.5,4705509.5,862767.9,843281.4,290210.3,386012.6,104689.5,47.8,28.7,10.6,223,24.6,12.5,209,688,884,1281,1920,2394,3140,2691,6898,575
1773796426,1,48719168.0,48127596.0,4779132.0,4674007.5,858270.3,835617.8,288745.0,384288.2,104672.2,57.0,28.7,10.7,248,24.6,12.5,209,688,884,1281,1921,2394,3141,2692,6900,576
1773796728,1,48693744.0,48057572.0,4757294.5,4654886.0,851809.6,833335.8,287782.9,381922.2,104655.1,63.2,28.7,10.7,253,24.6,12.5,209,689,884,1281,1921,2394,3141,2692,6900,576
1773797028,1,48264212.0,47906000.0,4740380.5,4628728.5,847101.2,828496.6,286709.3,380076.2,104637.5,77.9,28.7,10.7,295,24.6,12.6,209,688,884,1281,1921,2394,3142,2692,6900,577
1773797326,1,47911004.0,47575404.0,4714285.5,4614011.0,846009.8,823291.3,286265.4,378745.2,104620.1,87.7,28.7,10.8,297,24.6,12.6,209,689,884,1281,1921,2394,3142,2692,6900,577
1773797626,1,47742156.0,47229200.0,4688057.5,4570175.5,840142.8,821591.4,285127.3,377784.1,104601.6,97.2,28.7,10.8,319,24.6,12.6,209,688,883,1281,1920,2393,3140,2691,6897,575
1773797926,1,47624420.0,47131636.0,4668397.5,4561254.0,836931.3,817953.0,284305.0,375333.3,104584.7,111.0,28.7,10.8,333,24.6,12.7,209,688,883,1280,1920,2393,3139,2691,6896,577
1773798228,1,47366716.0,46899572.0,4650244.5,4543419.5,834632.0,811661.6,283006.3,374343.3,104566.8,123.3,28.7,10.8,359,24.6,12.7,209,688,884,1280,1920,2393,3140,2690,6897,576
1773798528,1,47108244.0,46636368.0,4621637.5,4517082.5,830304.3,809822.9,282229.4,373488.5,104547.2,141.2,28.7,10.8,372,24.6,12.7,209,689,884,1281,1921,2394,3141,2692,6899,576
1773798828,1,46981696.0,46376064.0,4624405.5,4499752.0,829927.2,807703.2,281956.4,373263.5,104525.8,153.6,28.7,10.9,392,24.6,12.8,209,688,884,1281,1920,2393,3140,2691,6897,576
1773799126,1,46768620.0,46213904.0,4594103.5,4484667.5,823895.2,804367.2,280182.3,369781.3,104505.0,171.6,28.7,10.9,398,24.6,12.8,209,688,884,1281,1921,2393,3141,2692,6898,576
1773799426,1,46472064.0,46075268.0,4570259.0,4477544.5,821906.2,798683.4,279912.7,369807.5,104483.0,181.5,28.7,10.9,446,24.5,12.8,209,688,883,1280,1920,2392,3140,2690,6896,577
1773799728,1,46297836.0,45847956.0,4569828.5,4449054.5,819511.7,799800.5,278817.4,371070.4,104460.7,193.0,28.7,10.9,444,24.5,12.8,209,689,884,1282,1921,2394,3141,2692,6899,576
1773800028,1,46379344.0,45698028.0,4541843.5,4449490.0,817186.6,795877.2,279250.9,369446.2,104438.7,202.8,28.7,10.9,485,24.5,12.8,209,688,883,1281,1920,2393,3140,2690,6897,576
1773800326,1,46077984.0,45650268.0,4538853.5,4419831.5,814622.4,794772.8,278207.9,367700.2,104415.4,217.2,28.7,10.9,476,24.5,12.9,209,688,883,1281,1921,2394,3141,2691,6899,576
1773800626,1,45948720.0,45404820.0,4531746.0,4411112.5,811406.5,792605.7,277592.0,368676.8,104391.7,228.6,28.6,10.9,492,24.5,12.9,209,689,884,1281,1921,2395,3141,2692,6900,577
1773800926,1,45723744.0,45403884.0,4511086.5,4408727.5,812892.2,790756.9,276784.5,365970.3,104368.3,243.8,28.6,11.0,536,24.5,12.9,209,688,883,1281,1920,2394,3140,2690,6898,575
1773801526,1,56183652.0,55593184.0,5368194.5,5233636.5,958970.6,937864.3,313387.3,412281.9,104785.3,0.0,28.4,9.7,125,24.3,11.2,209,689,883,1281,1922,2395,3142,2692,6901,577
1773801826,1,54596928.0,53992176.0,5232627.5,5095761.5,935124.2,913531.6,309757.4,409291.5,104783.5,0.0,28.5,10.1,151,24.3,11.7,209,688,883,1281,1921,2394,3141,2692,6899,577
1773802126,1,53909796.0,53181108.0,5132493.5,5015200.0,919484.9,898036.7,306352.2,405045.1,104768.1,0.0,28.5,10.3,164,24.3,11.9,209,688,883,1281,1921,2394,3141,2692,6900,576
1773802428,1,53151628.0,52460832.0,5089171.5,4974040.0,908636.3,886674.3,303961.3,402512.4,104749.3,0.3,28.5,10.3,184,24.3,12.1,209,689,884,1281,1921,2395,3141,2692,6900,576
1773802728,1,52723844.0,52025004.0,5050926.5,4940707.5,903841.7,880336.0,302784.0,400918.7,104726.8,13.9,28.5,10.4,203,24.3,12.2,209,688,883,1281,1921,2394,3141,2691,6899,577
1773803026,1,52456224.0,51318624.0,5032819.5,4893300.5,897607.5,875020.8,301242.4,399058.6,104704.9,26.5,28.4,10.5,231,24.3,12.3,209,689,883,1281,1922,2394,3141,2692,6900,576
1773803326,1,51972560.0,51127696.0,4988846.5,4880900.5,891760.8,870546.4,300366.5,399047.7,104681.4,40.7,28.4,10.5,233,24.3,12.3,209,689,884,1281,1922,2394,3142,2692,6902,577
1773803626,1,51561152.0,50877452.0,4974471.5,4852765.5,886569.8,865379.6,298731.5,396588.4,104658.0,50.5,28.4,10.6,277,24.3,12.3,209,688,883,1281,1920,2393,3140,2691,6897,576
1773803928,1,51587072.0,50641844.0,4952134.5,4845384.5,882119.9,860882.1,297392.9,395718.2,104635.0,63.4,28.4,10.6,277,24.2,12.4,209,689,884,1282,1922,2395,3142,2692,6902,577
1773804228,1,51171092.0,50480496.0,4938984.0,4818588.0,878695.4,859048.0,296977.2,394471.8,104610.5,76.5,28.4,10.6,298,24.2,12.4,209,689,883,1281,1921,2395,3142,2692,6901,576
1773804526,1,50848604.0,50261104.0,4911318.0,4804884.0,875672.7,852407.8,295803.2,393822.7,104588.6,90.1,28.4,10.6,296,24.2,12.5,209,689,883,1281,1921,2394,3141,2691,6900,577
1773804826,1,50874396.0,50129216.0,4888864.5,4779622.0,871575.2,851863.3,295520.2,393094.0,104565.5,102.4,28.3,10.7,336,24.2,12.5,209,688,883,1281,1921,2393,3140,2691,6898,575
1773805126,1,50742340.0,50034788.0,4872748.0,4765837.0,869067.8,846555.5,294741.7,391519.8,104542.1,106.6,28.3,10.7,359,24.2,12.5,209,688,883,1282,1922,2395,3142,2692,6902,577
1773805426,1,50563724.0,49837044.0,4857237.5,4746186.0,866697.0,844078.8,293903.0,390521.8,104519.4,117.1,28.3,10.7,368,24.2,12.5,209,689,883,1282,1922,2395,3142,2693,6902,576
1773805728,1,50209020.0,49608880.0,4839809.5,4729145.5,861821.7,843234.2,293197.2,389959.2,104497.2,135.5,28.3,10.7,398,24.1,12.6,209,689,883,1282,1922,2394,3141,2692,6901,576
1773806028,1,50166656.0,49507396.0,4828375.0,4716958.0,859430.0,839967.2,292541.8,389052.7,104475.0,141.6,28.3,10.8,388,24.1,12.6,209,689,884,1281,1922,2395,3143,2692,6902,576
1773806328,1,50223452.0,49345932.0,4820878.0,4701516.0,858431.1,837416.7,292121.5,388006.2,104453.3,153.7,28.3,10.8,385,24.1,12.6,209,688,883,1281,1922,2394,3141,2691,6900,576
1773806628,1,49876708.0,49132564.0,4809986.0,4678841.5,854373.0,835271.7,291540.8,387325.3,104431.8,164.9,28.3,10.8,408,24.1,12.6,209,689,883,1281,1922,2395,3142,2692,6902,577
1773806926,1,49781652.0,48956468.0,4783156.5,4681132.5,852005.8,831552.9,290292.4,386420.2,104410.9,175.7,28.2,10.8,429,24.1,12.6,209,688,883,1281,1922,2394,3141,2692,6900,577
1773807226,1,49612720.0,49002720.0,4782162.5,4660538.0,852579.4,830831.6,289815.0,384235.5,104389.2,186.3,28.2,10.8,450,24.1,12.6,209,688,883,1281,1921,2394,3141,2691,6899,577
1773807526,1,49451312.0,48752124.0,4745710.5,4653283.5,849304.6,826155.5,289710.5,384724.7,104368.7,199.7,28.2,10.8,494,24.1,12.7,209,688,883,1282,1922,2394,3141,2692,6901,576
1773807826,1,49159376.0,48579436.0,4741359.5,4637982.5,844993.0,824988.0,288455.0,383500.5,104347.2,209.3,28.2,10.8,494,24.0,12.7,209,688,883,1282,1922,2395,3142,2692,6899,576
1773808126,1,49078640.0,48403740.0,4729697.0,4615227.5,844896.5,822141.8,287636.6,383003.9,104326.4,218.3,28.2,10.8,507,24.0,12.7,209,689,884,1282,1922,2394,3142,2692,6899,576
1773808728,1,59096148.0,58589936.0,5573394.5,5422574.0,985226.8,962085.9,319364.8,422815.9,104751.6,0.0,28.0,9.6,145,23.9,11.1,209,688,882,1281,1921,2393,3140,2691,6897,576
1773809028,1,57125280.0,56562620.0,5392794.5,5275186.0,955359.3,934165.7,314670.8,417338.9,104750.6,0.0,28.0,10.0,121,23.9,11.5,209,688,883,1281,1922,2394,3141,2692,6901,577
1773809326,1,56267420.0,55493548.0,5307953.5,5158224.5,938036.5,917537.0,311532.3,413674.7,104738.7,0.0,28.1,10.2,163,23.9,11.8,209,688,883,1282,1922,2395,3142,2692,6902,577
1773809626,1,55522388.0,54728540.0,5209183.5,5095972.5,928236.2,907103.9,308936.9,410021.7,104720.3,0.0,28.1,10.3,214,23.9,11.9,209,689,883,1282,1922,2395,3142,2692,6901,576
1773809926,1,54870652.0,54294228.0,5157024.0,5060395.5,919354.5,898269.5,307402.6,408622.7,104700.6,6.7,28.1,10.3,231,23.9,12.0,209,688,883,1281,1922,2394,3141,2692,6900,577
1773810226,1,54647264.0,53782524.0,5131430.0,5019399.5,912270.2,892212.5,306077.7,406693.8,104679.9,17.1,28.1,10.4,234,23.9,12.1,209,689,883,1282,1922,2394,3141,2692,6901,577
1773810528,1,54432276.0,53542836.0,5118767.5,4996055.5,909485.3,888223.9,304770.5,406408.8,104658.8,30.2,28.1,10.4,270,23.9,12.1,209,689,883,1282,1922,2395,3142,2692,6902,577
1773810828,1,54086992.0,53142272.0,5074632.5,4973197.5,902877.8,882246.5,303850.8,404008.0,104638.6,39.7,28.0,10.5,239,23.9,12.2,209,688,883,1281,1922,2394,3142,2692,6901,576
1773811128,1,53703372.0,52965428.0,5070046.0,4957950.0,899125.7,878997.2,302229.4,402849.8,104617.3,52.4,28.0,10.5,274,23.9,12.3,209,689,883,1282,1922,2395,3142,2692,6901,576
1773811428,1,53473604.0,52706892.0,5034979.5,4926201.5,896585.2,871723.4,302078.3,402007.4,104596.2,63.0,28.0,10.5,277,23.9,12.3,209,688,883,1282,1922,2394,3141,2692,6900,577
1773811726,1,53272496.0,52463212.0,5021445.5,4918150.0,891712.2,870220.2,301149.3,399802.2,104574.5,79.7,28.0,10.5,290,23.9,12.3,209,688,883,1282,1922,2394,3142,2692,6902,576
1773812026,1,52767440.0,52135604.0,5003140.5,4892132.5,888507.8,865118.9,299932.1,399612.6,104553.3,92.5,28.0,10.6,313,23.9,12.4,209,688,883,1282,1922,2394,3142,2692,6903,577
1773812326,1,52714924.0,52051844.0,4989071.5,4866206.0,884761.2,862651.5,298942.1,398401.6,104533.7,102.5,28.0,10.6,340,23.8,12.4,209,688,883,1282,1922,2394,3142,2691,6901,576
1773812626,1,52463680.0,51778764.0,4981181.5,4860250.0,881011.8,859027.7,298289.8,397058.2,104514.8,114.5,28.0,10.6,354,23.8,12.4,209,688,883,1282,1923,2394,3142,2693,6902,576
1773812926,1,52334716.0,51552556.0,4939461.5,4827770.5,877921.5,858321.5,297844.8,396362.2,104494.8,126.3,28.0,10.6,366,23.8,12.4,209,688,883,1282,1922,2395,3142,2692,6902,577
1773813228,1,52051948.0,51413628.0,4932499.5,4818849.5,878228.7,853733.2,296897.4,395723.2,104474.0,138.7,28.0,10.6,381,23.8,12.4,209,689,883,1282,1923,2394,3142,2693,6901,576
1773813528,1,51998900.0,51390860.0,4925338.0,4805807.5,873078.9,849696.7,295865.2,394287.5,104455.1,144.8,27.9,10.7,407,23.8,12.5,209,689,883,1282,1923,2395,3143,2693,6905,577
1773813826,1,51844868.0,51117212.0,4896687.5,4785230.5,867738.7,848074.8,295038.9,393651.0,104436.2,161.5,27.9,10.7,388,23.8,12.5,209,688,883,1282,1923,2395,3142,2693,6902,576
1773814126,1,51715340.0,50874820.0,4877940.5,4774517.5,867368.6,845787.1,294779.0,391998.5,104417.9,173.9,27.9,10.7,414,23.8,12.5,209,689,883,1283,1923,2396,3143,2694,6904,576
1773814426,1,51438652.0,50787552.0,4873850.0,4750018.0,864318.8,843451.8,293460.9,392262.5,104399.5,186.2,27.9,10.7,451,23.8,12.5,209,688,882,1282,1922,2395,3142,2692,6902,576
1773814726,1,51143932.0,50657420.0,4851849.5,4753080.0,862397.5,840566.6,293130.8,390986.7,104382.6,195.5,27.9,10.7,456,23.8,12.6,209,689,883,1282,1923,2396,3143,2693,6903,577
1773815026,1,50946448.0,50307296.0,4838392.0,4715443.0,858337.4,837707.6,292699.7,389181.0,104364.3,200.2,27.9,10.7,500,23.8,12.6,209,689,883,1282,1923,2395,3143,2692,6903,577
1773815326,1,50802668.0,50270652.0,4826009.5,4716895.5,858385.2,833917.8,291960.7,388807.7,104346.2,208.0,27.9,10.8,473,23.8,12.6,209,689,883,1282,1922,2395,3141,2692,6900,576
1773815928,1,58462868.0,57729332.0,5410155.5,5291394.0,954044.8,925971.3,310901.8,407510.2,104760.5,0.0,27.7,9.6,155,23.6,10.9,209,689,883,1282,1923,2396,3143,2694,6904,578
1773816226,1,55769196.0,55045248.0,5169201.5,5051759.5,920301.8,892236.8,304279.6,401596.6,104762.9,0.0,27.8,9.9,148,23.7,11.5,209,688,883,1283,1923,2396,3143,2694,6905,576
1773816526,1,54521036.0,53813908.0,5085490.5,4952133.5,899842.5,876438.5,301456.7,397529.5,104752.9,0.0,27.8,10.1,163,23.7,11.7,209,689,883,1282,1922,2394,3142,2692,6902,577
1773816826,1,53764396.0,52921900.0,5016998.5,4900740.0,892013.5,866201.7,299542.9,394862.9,104740.0,1.6,27.8,10.2,172,23.7,11.8,209,689,883,1282,1922,2395,3142,2693,6902,576
1773817128,1,52976220.0,52302564.0,4970956.5,4857948.0,884413.9,859064.9,297186.6,393000.8,104724.1,8.1,27.9,10.3,210,23.7,11.9,209,689,883,1282,1923,2395,3143,2693,6902,577
1773817428,1,52573184.0,51927984.0,4938187.5,4823579.5,875701.8,851051.9,295693.2,391161.3,104707.4,20.3,27.9,10.3,205,23.7,12.0,209,688,883,1282,1923,2395,3142,2692,6902,577
1773817726,1,52334260.0,51592176.0,4893575.5,4789414.0,871421.1,847904.9,294803.3,388654.4,104690.6,28.7,27.9,10.4,261,23.7,12.0,209,688,883,1282,1922,2394,3141,2691,6900,577
1773818026,1,52029344.0,51346220.0,4878647.5,4765762.0,866696.0,844762.4,293261.0,387686.6,104672.9,41.2,27.9,10.4,239,23.7,12.2,209,689,883,1282,1923,2395,3142,2692,6901,576
1773818328,1,51667220.0,51022284.0,4868570.0,4741262.0,865329.1,839100.7,292480.6,387152.5,104654.6,51.3,27.8,10.4,256,23.7,12.2,210,689,883,1283,1924,2396,3144,2694,6906,578
1773818628,1,51370224.0,50657360.0,4836639.5,4728341.5,860054.3,834293.8,291285.0,385052.3,104636.6,59.8,27.8,10.5,295,23.7,12.2,209,688,883,1282,1923,2395,3142,2693,6901,577
1773818926,1,51236396.0,50511524.0,4823098.0,4703084.5,857427.0,833398.7,290525.0,383912.3,104618.9,69.8,27.8,10.5,265,23.7,12.2,209,688,883,1282,1922,2394,3142,2692,6900,577
1773819226,1,50966004.0,50270832.0,4790985.5,4684840.0,853599.2,827989.2,289541.8,383112.5,104601.5,82.4,27.8,10.5,328,23.7,12.3,209,689,883,1282,1923,2395,3142,2692,6901,576
1773819528,1,50657584.0,50101020.0,4783565.5,4669273.5,849139.8,826159.9,288641.2,382132.4,104584.1,98.8,27.8,10.5,335,23.7,12.3,209,689,883,1282,1923,2396,3143,2693,6903,577
1773819828,1,50415232.0,49725332.0,4752751.5,4651060.5,848138.6,821829.2,287469.1,381637.9,104567.6,108.3,27.8,10.5,360,23.7,12.3,209,689,883,1282,1923,2395,3143,2693,6904,577
1773820126,1,50228300.0,49685616.0,4740135.5,4631324.0,842655.8,818954.2,287615.1,380108.5,104549.6,119.8,27.8,10.6,353,23.7,12.3,209,688,883,1283,1923,2395,3142,2692,6902,577
1773820426,1,50120652.0,49425344.0,4738710.0,4610957.5,839431.5,817560.6,286871.4,379345.1,104533.4,135.9,27.8,10.6,376,23.7,12.4,209,689,883,1282,1923,2396,3143,2693,6904,577
1773820728,1,49881116.0,49154876.0,4707368.5,4592618.5,836197.3,813528.0,286168.0,378189.3,104516.4,148.2,27.8,10.6,403,23.7,12.4,209,688,883,1282,1923,2395,3143,2693,6903,577
1773821028,1,49773072.0,49068640.0,4692686.0,4583042.5,833651.2,810166.0,285083.2,377634.0,104499.9,157.9,27.8,10.6,403,23.7,12.4,209,688,883,1283,1924,2396,3144,2694,6905,577
1773821326,1,49559804.0,49015612.0,4680558.5,4562910.5,831402.6,807140.2,284090.9,376057.1,104483.2,164.7,27.8,10.7,428,23.7,12.4,209,689,883,1283,1924,2396,3143,2694,6906,577
1773821626,1,49466196.0,48776332.0,4672300.5,4554959.5,829099.0,806103.1,284064.0,375226.2,104466.7,177.6,27.8,10.7,440,23.7,12.5,209,689,883,1283,1924,2396,3143,2693,6904,576
1773821926,1,49173884.0,48581852.0,4650406.0,4534249.5,826408.7,801394.8,282106.1,374346.7,104449.8,192.1,27.8,10.7,479,23.7,12.5,209,689,883,1283,1923,2395,3143,2693,6903,577
1773822228,1,49011104.0,48339228.0,4625895.5,4514010.5,823403.7,800879.2,281751.1,373745.8,104433.3,200.9,27.8,10.7,473,23.7,12.5,209,689,883,1282,1923,2396,3143,2694,6905,576
1773822526,1,48825276.0,48235580.0,4622709.5,4509918.0,822600.7,799241.4,280750.7,372511.8,104418.0,213.8,27.8,10.7,480,23.7,12.5,209,689,883,1282,1923,2395,3142,2693,6903,577
1773823126,1,58948140.0,58085060.0,5398355.0,5278787.5,954197.9,925987.5,311412.9,410633.2,104791.9,0.0,27.7,9.5,157,23.5,10.9,209,689,883,1283,1923,2395,3143,2693,6903,577
1773823428,1,56681380.0,56057428.0,5217000.0,5088055.5,925010.5,899166.0,306975.4,405510.2,104795.1,0.0,27.7,9.9,158,23.6,11.4,209,689,883,1282,1923,2395,3143,2693,6903,576
1773823726,1,55614256.0,54955680.0,5112752.0,4992104.0,909683.3,883094.4,303524.5,401448.1,104787.4,0.0,27.8,10.1,167,23.6,11.6,209,689,883,1283,1923,2395,3143,2693,6904,578
1773824026,1,54836960.0,54084868.0,5053842.5,4948651.5,897465.2,874418.8,300873.8,399829.9,104775.1,0.0,27.8,10.2,183,23.7,11.8,209,688,883,1282,1923,2395,3142,2692,6903,576
1773824326,1,54373956.0,53311892.0,5021716.5,4898878.0,891019.0,866444.9,299619.5,397359.8,104760.4,10.0,27.8,10.2,221,23.7,11.9,209,689,883,1283,1924,2395,3143,2693,6904,576
1773824628,1,53666492.0,53024636.0,4987162.0,4875246.5,884281.9,862147.4,297858.7,396430.8,104745.5,24.8,27.8,10.3,197,23.7,12.0,209,689,883,1282,1923,2395,3142,2693,6903,577
1773824926,1,53336540.0,52679276.0,4957289.5,4841579.5,878948.7,854742.8,297098.5,393749.8,104729.0,36.7,27.8,10.3,223,23.7,12.0,209,688,883,1282,1923,2395,3142,2693,6903,576
1773825226,1,53018260.0,52424176.0,4929742.5,4813524.5,871544.2,850529.7,295891.4,391713.5,104712.2,48.0,27.8,10.4,270,23.7,12.1,209,689,883,1283,1923,2395,3143,2693,6904,577
1773825528,1,52903324.0,52006964.0,4904916.0,4786072.0,867653.5,845148.9,294439.8,390601.8,104695.8,59.4,27.8,10.4,268,23.7,12.1,209,689,883,1282,1922,2395,3142,2692,6901,576
1773825826,1,52494464.0,51787396.0,4882873.0,4773148.5,864940.8,842043.0,293227.6,389245.9,104677.9,70.4,27.8,10.4,267,23.7,12.1,209,688,883,1282,1923,2395,3143,2692,6902,577
1773826126,1,52170684.0,51583312.0,4865320.5,4746700.5,860218.4,838732.2,293272.9,388158.6,104661.5,84.0,27.8,10.4,268,23.7,12.2,209,689,883,1282,1923,2395,3142,2692,6902,577
1773826428,1,51889084.0,51280428.0,4857163.5,4726424.5,857167.5,835798.8,291853.6,386645.7,104643.9,89.8,27.8,10.5,304,23.7,12.2,209,689,883,1283,1923,2396,3144,2693,6905,577
1773826728,1,51831524.0,51126036.0,4819086.5,4724583.5,855440.9,832984.0,290861.9,386336.6,104627.3,98.5,27.8,10.5,317,23.7,12.2,209,688,883,1282,1923,2395,3142,2692,6902,577
1773827026,1,51494384.0,50739024.0,4818853.5,4689185.5,850138.0,826847.4,289677.0,384554.9,104610.1,111.6,27.8,10.5,372,23.7,12.3,209,689,883,1283,1923,2395,3143,2693,6902,576
1773827326,1,51377332.0,50482192.0,4783400.5,4673008.5,847222.7,825301.7,289143.3,383672.6,104593.2,120.9,27.8,10.5,354,23.7,12.3,209,688,883,1282,1923,2395,3141,2692,6901,577
1773827628,1,51128000.0,50323484.0,4774122.0,4655431.0,844592.1,822306.4,288510.9,382230.1,104576.0,133.1,27.8,10.6,374,23.7,12.3,209,688,883,1282,1923,2395,3142,2693,6903,576
1773827926,1,50836860.0,50170000.0,4755785.5,4641968.0,842784.5,819447.6,288059.8,382473.7,104559.7,141.0,27.8,10.6,392,23.7,12.3,209,689,883,1282,1923,2395,3142,2692,6903,577
1773828226,1,50696044.0,50020788.0,4737206.0,4629042.5,838902.0,812541.2,286716.2,381943.4,104543.4,149.3,27.8,10.6,401,23.7,12.4,209,689,883,1283,1923,2395,3143,2692,6903,577
1773828528,1,50514964.0,49778496.0,4728821.0,4613673.0,837910.6,814925.0,286690.0,380434.0,104526.9,161.9,27.8,10.6,393,23.7,12.4,209,689,883,1283,1923,2395,3142,2693,6904,576
1773828826,1,50228916.0,49556500.0,4705492.5,4597954.0,833641.1,811298.3,285998.8,378597.5,104510.2,165.8,27.8,10.7,427,23.7,12.4,209,689,883,1282,1923,2395,3142,2692,6903,577
1773829126,1,50178636.0,49390784.0,4699740.5,4581048.0,830167.7,809370.2,285032.2,377673.2,104493.8,181.6,27.8,10.6,454,23.7,12.4,209,689,883,1283,1923,2395,3143,2692,6902,577
1773829428,1,50055052.0,49280224.0,4682646.5,4576605.5,827512.4,804189.0,284556.4,376871.0,104477.9,192.8,27.8,10.7,449,23.7,12.4,209,689,883,1283,1923,2395,3143,2693,6903,576
1773829726,1,49705200.0,48944700.0,4662001.5,4548864.0,825212.8,801820.6,283667.4,376138.8,104461.6,203.7,27.8,10.7,497,23.7,12.5,209,688,882,1282,1923,2394,3141,2691,6900,577
1773830328,1,61042596.0,60337748.0,5555506.0,5393885.5,975501.6,949485.0,318402.5,419437.7,104815.5,0.0,27.7,9.5,113,23.5,10.9,209,689,883,1282,1922,2394,3141,2692,6899,576
1773830628,1,59077536.0,58281344.0,5387076.5,5230861.5,946666.2,920780.7,313143.0,414769.6,104819.5,0.0,27.7,9.9,171,23.6,11.3,209,689,883,1283,1923,2395,3142,2693,6904,577
1773830926,1,57814100.0,57088932.0,5273474.5,5133608.5,931298.7,905873.0,309020.6,410861.4,104811.4,0.0,27.7,10.0,195,23.6,11.6,209,688,883,1283,1924,2395,3143,2693,6903,576
1773831226,1,57177760.0,56584896.0,5204084.0,5092253.5,918038.5,895007.7,306758.6,408840.1,104799.3,0.0,27.8,10.1,180,23.6,11.7,209,689,883,1282,1922,2395,3142,2692,6901,576
1773831526,1,56546812.0,55838544.0,5157805.5,5037707.5,910227.8,888065.2,304710.7,406848.5,104784.7,8.2,27.8,10.2,193,23.6,11.8,209,688,883,1282,1923,2395,3142,2692,6903,577
1773831826,1,56019040.0,54940460.0,5122680.5,5006592.0,902882.9,879739.3,303576.6,404637.0,104769.3,17.9,27.8,10.3,221,23.6,11.9,209,689,883,1282,1922,2394,3142,2692,6902,576
1773832128,1,55572480.0,54661388.0,5099017.5,4980613.5,895504.2,873700.4,302159.1,403661.0,104753.6,30.6,27.8,10.3,214,23.6,12.0,209,689,883,1282,1923,2395,3142,2692,6902,577
1773832428,1,55103344.0,54402096.0,5068535.5,4948290.0,892398.4,869910.8,300797.8,401611.9,104738.3,42.0,27.8,10.3,234,23.6,12.0,209,689,883,1283,1923,2396,3143,2693,6905,576
1773832728,1,54795188.0,53868556.0,5038645.0,4920570.5,888196.8,866502.8,299637.6,400590.9,104722.2,52.2,27.8,10.4,261,23.7,12.1,209,689,883,1282,1922,2395,3141,2692,6902,576
1773833028,1,54491140.0,53674828.0,5014536.5,4915699.5,883394.7,859937.5,298194.9,399492.4,104705.5,63.3,27.8,10.4,300,23.6,12.1,209,689,883,1283,1924,2395,3143,2693,6905,576
1773833328,1,54103396.0,53364868.0,5001497.5,4889675.5,877639.4,858234.5,297625.0,397974.3,104688.3,73.3,27.8,10.4,278,23.7,12.1,209,689,883,1283,1923,2395,3143,2693,6904,576
1773833628,1,53799904.0,53053124.0,4980499.0,4857999.5,874587.9,854300.2,296422.4,396481.4,104672.0,81.4,27.8,10.4,321,23.7,12.2,209,689,883,1283,1923,2396,3142,2693,6903,577
1773833928,1,53525692.0,52841804.0,4949816.0,4848393.5,869699.1,849324.8,295559.5,394778.9,104656.4,91.7,27.8,10.5,319,23.6,12.2,209,689,883,1283,1923,2395,3142,2693,6903,577
1773834228,1,53367140.0,52388156.0,4928960.5,4823239.5,867734.2,846163.2,294696.2,393700.1,104640.3,104.4,27.8,10.5,318,23.6,12.2,209,688,883,1283,1924,2395,3142,2693,6903,577
1773834526,1,53136272.0,52263412.0,4910726.0,4804123.5,865152.8,842473.0,293848.3,392366.5,104623.4,112.8,27.8,10.5,354,23.7,12.3,209,688,883,1282,1923,2395,3142,2693,6902,577
1773834826,1,52844668.0,52054172.0,4897861.5,4782342.5,861820.2,838872.5,293314.3,392001.5,104607.8,125.1,27.8,10.6,367,23.7,12.3,209,689,883,1283,1923,2396,3143,2693,6904,578
1773835126,1,52572336.0,51743324.0,4881394.5,4765850.5,857900.8,834670.5,291835.7,390142.9,104592.1,136.3,27.8,10.5,378,23.6,12.3,209,689,883,1283,1924,2396,3144,2694,6907,577
1773835426,1,52446948.0,51388924.0,4861118.0,4735565.5,854607.6,833862.6,291217.5,389197.0,104576.0,148.6,27.8,10.5,395,23.7,12.3,209,689,884,1283,1924,2396,3145,2694,6908,578
1773835726,1,52066748.0,51220956.0,4840588.5,4726552.0,851185.8,828345.9,289781.4,387785.7,104559.4,157.7,27.8,10.6,383,23.7,12.3,209,688,883,1282,1923,2395,3142,2693,6903,576
1773836028,1,51726128.0,51027916.0,4826050.5,4701693.5,849103.6,824020.8,289021.7,387131.8,104543.2,171.6,27.8,10.6,425,23.7,12.4,209,689,883,1282,1923,2395,3142,2693,6902,577
1773836328,1,51356564.0,50654548.0,4801233.5,4689518.5,844370.7,821668.2,288246.8,385477.0,104527.1,179.9,27.8,10.6,446,23.7,12.4,209,688,883,1282,1923,2395,3142,2693,6902,577
1773836628,1,51348432.0,50423044.0,4782380.5,4681139.0,841429.9,818489.6,287472.6,385173.7,104510.6,191.0,27.8,10.6,466,23.7,12.4,209,689,883,1283,1924,2395,3143,2693,6904,577
1773836926,1,50994076.0,50128784.0,4766166.5,4655508.5,837107.8,814665.3,287149.8,384025.6,104494.6,203.2,27.8,10.6,498,23.7,12.4,209,688,883,1282,1922,2394,3142,2692,6901,576
1773837526,1,62600004.0,61782732.0,5624322.5,5478016.5,980025.8,956781.0,320439.8,422760.2,104904.0,0.0,27.7,9.5,157,23.5,10.8,209,689,883,1283,1923,2394,3142,2693,6903,576
1773837826,1,60268172.0,59421708.0,5446593.5,5310456.5,951144.3,927963.1,314708.4,418557.0,104909.7,0.0,27.7,9.8,149,23.6,11.3,209,688,883,1282,1923,2395,3142,2692,6902,576
1773838126,1,58948844.0,58200260.0,5326743.5,5205150.0,933259.7,910634.0,310542.4,413982.5,104902.9,0.0,27.7,10.0,174,23.6,11.6,209,689,883,1282,1923,2395,3143,2693,6904,576
1773838426,1,58116464.0,57393932.0,5274305.5,5145113.5,923127.9,901606.4,307648.1,411668.2,104889.8,0.0,27.8,10.1,184,23.6,11.7,209,689,883,1283,1923,2396,3143,2693,6904,576
1773838726,1,57615724.0,56512940.0,5221887.5,5107516.5,915937.6,894262.7,306561.8,409200.2,104875.0,6.9,27.8,10.2,205,23.7,11.8,209,689,883,1283,1924,2396,3143,2694,6904,577
1773839026,1,56961676.0,56104900.0,5188170.0,5066938.0,908555.1,886908.2,304032.0,407040.0,104859.3,14.8,27.8,10.2,218,23.6,11.8,209,688,883,1282,1923,2394,3141,2692,6901,577
1773839326,1,56784940.0,55750924.0,5153434.5,5039289.5,903042.6,877486.2,303504.6,405937.0,104843.4,32.2,27.8,10.3,224,23.7,11.9,209,689,883,1283,1923,2395,3143,2692,6903,577
1773839626,1,56251492.0,55067492.0,5117715.5,4997706.0,897459.6,875481.8,301565.9,404410.0,104825.2,42.2,27.8,10.3,241,23.7,12.0,209,688,883,1282,1923,2394,3141,2692,6902,577
1773839926,1,55779100.0,54953604.0,5098690.5,4982090.0,890880.2,870190.4,300176.5,403040.6,104807.7,45.7,27.8,10.4,254,23.7,12.0,209,689,883,1282,1923,2395,3142,2692,6902,577
1773840226,1,55536492.0,54548512.0,5056700.0,4965687.5,887503.5,863405.8,299222.0,402338.0,104790.4,54.6,27.8,10.4,270,23.7,12.1,209,689,883,1282,1923,2395,3143,2692,6904,577
1773840528,1,55000084.0,54183164.0,5047080.0,4935330.5,882357.6,863173.8,297978.9,399986.8,104774.4,67.6,27.8,10.4,277,23.7,12.1,209,689,883,1282,1923,2394,3141,2692,6901,577
1773840828,1,54803428.0,53829324.0,5027319.5,4911876.0,876623.7,856997.8,297422.3,398487.3,104762.2,78.5,27.8,10.4,329,23.7,12.1,210,689,883,1282,1923,2395,3142,2692,6903,576
1773841128,1,54479808.0,53532768.0,4995795.5,4889527.5,874165.6,853406.4,295948.9,396969.3,104746.8,92.3,27.8,10.4,332,23.7,12.2,209,688,883,1282,1923,2395,3142,2692,6903,577
1773841426,1,54105964.0,52993300.0,4979509.5,4870152.0,872615.1,849268.1,294669.1,395765.0,104731.9,102.7,27.8,10.5,323,23.7,12.2,209,689,883,1283,1924,2396,3143,2694,6905,577
1773841726,1,53724148.0,52787616.0,4969346.0,4841764.5,869189.0,845588.3,293705.9,394556.1,104715.6,114.0,27.9,10.5,361,23.7,12.2,209,689,883,1283,1924,2396,3143,2693,6905,577
1773842026,1,53543812.0,52498220.0,4951426.5,4828528.5,864423.4,844109.9,293218.1,393987.0,104699.4,123.8,27.8,10.5,372,23.7,12.2,209,689,883,1282,1923,2395,3142,2692,6903,576
1773842326,1,53188416.0,52278948.0,4925639.0,4819046.0,859794.8,839824.9,292034.5,392732.3,104683.9,135.4,27.8,10.5,371,23.7,12.3,209,689,883,1282,1923,2395,3142,2693,6903,576
1773842626,1,52981284.0,52051724.0,4902139.5,4795427.5,856290.0,836868.5,291304.8,391439.3,104668.7,145.2,27.9,10.6,396,23.7,12.3,209,688,883,1282,1924,2395,3142,2692,6904,577
1773842926,1,52747132.0,51878260.0,4891067.5,4781587.5,855484.0,831659.4,291207.0,390174.3,104652.0,151.1,27.9,10.6,396,23.7,12.3,209,689,884,1283,1923,2395,3143,2693,6905,577
1773843228,1,52519876.0,51491972.0,4879147.5,4763389.5,852417.9,830724.8,290014.5,389463.5,104635.6,165.4,27.9,10.6,440,23.7,12.3,209,689,883,1283,1924,2396,3144,2693,6907,577
1773843528,1,52335232.0,51334380.0,4855420.5,4746002.5,848656.2,826911.5,288958.0,388650.8,104618.2,174.1,27.9,10.6,450,23.7,12.4,209,689,883,1282,1923,2395,3142,2692,6902,576
1773843828,1,52019744.0,51018708.0,4834576.0,4722912.5,844791.9,824264.6,288443.3,387471.0,104602.0,183.3,27.9,10.6,454,23.7,12.4,209,689,883,1283,1923,2395,3142,2692,6904,578
1773844126,1,51767492.0,50844916.0,4814362.5,4714018.5,840390.9,820704.8,288033.3,386520.5,104586.2,202.6,27.9,10.6,474,23.7,12.4,209,689,883,1283,1923,2396,3142,2693,6905,576
1773844726,1,63300640.0,62353012.0,5670011.5,5534877.5,983071.8,959754.7,319929.0,424383.7,104838.0,0.0,27.7,9.5,143,23.6,10.8,209,689,883,1282,1923,2395,3142,2692,6903,576
1773845026,1,60942164.0,59890284.0,5480039.5,5335593.0,949821.4,929628.2,314454.9,419372.5,104841.6,0.0,27.8,9.8,138,23.6,11.3,209,689,884,1283,1923,2396,3142,2693,6904,576
1773845326,1,59492580.0,58787084.0,5372882.5,5231915.5,934351.1,912536.2,309624.3,415299.5,104834.7,0.0,27.8,10.0,171,23.7,11.5,209,689,883,1283,1923,2396,3143,2693,6905,576
1773845626,1,58747584.0,57747808.0,5286852.0,5176032.0,924111.7,902865.7,307358.1,412574.0,104823.6,0.0,27.8,10.1,216,23.7,11.7,209,689,883,1283,1924,2396,3143,2693,6905,576
1773845926,1,57955648.0,56952848.0,5224720.0,5128100.0,915318.3,893982.9,305571.1,410600.3,104809.0,7.8,27.8,10.1,184,23.7,11.8,209,688,883,1282,1922,2395,3141,2691,6901,576
1773846226,1,57432068.0,56128160.0,5210972.5,5109921.5,909895.6,888579.8,304026.4,408580.2,104794.7,18.5,27.8,10.2,227,23.7,11.8,209,689,884,1282,1923,2394,3142,2692,6903,577
1773846526,1,56913388.0,55840356.0,5177026.5,5067084.0,902002.8,879436.8,302621.1,407615.3,104779.4,25.7,27.9,10.2,216,23.7,11.9,209,689,883,1283,1923,2395,3142,2692,6903,577
1773846826,1,56578624.0,55391700.0,5147160.5,5033493.5,896852.8,875188.6,300877.5,405550.0,104762.4,38.5,27.9,10.3,241,23.7,12.0,209,689,883,1283,1924,2397,3144,2694,6906,578
1773847126,1,56036544.0,55180692.0,5124456.0,5010602.0,890680.5,870310.2,299686.2,403912.7,104746.4,47.0,27.9,10.3,263,23.7,12.0,209,689,884,1283,1923,2396,3143,2693,6905,577
1773847428,1,55574064.0,54594612.0,5092080.0,4974045.0,885817.6,868378.2,298363.4,402681.6,104730.1,59.4,27.9,10.4,297,23.7,12.0,209,689,883,1282,1923,2395,3143,2693,6904,577
1773847728,1,55294916.0,54198236.0,5066588.5,4955537.5,883819.2,860725.5,297531.1,400428.5,104713.4,72.6,27.9,10.4,291,23.7,12.1,209,689,883,1283,1923,2395,3142,2692,6904,576
1773848028,1,54919100.0,54047568.0,5049715.5,4940981.5,879893.6,858733.4,296590.2,399310.2,104697.0,85.2,27.9,10.4,302,23.7,12.1,209,689,883,1282,1923,2395,3142,2693,6903,576
1773848328,1,54646028.0,53769420.0,5033802.0,4920600.5,874880.2,856255.7,295752.2,398052.1,104680.5,96.8,27.9,10.4,319,23.7,12.2,209,689,884,1283,1923,2395,3142,2692,6903,577
1773848626,1,54352656.0,53466900.0,5009834.5,4898546.5,870472.9,850270.1,294808.9,396907.9,104663.3,106.6,27.9,10.5,333,23.7,12.2,209,689,884,1283,1923,2395,3143,2693,6905,577
1773848926,1,54130736.0,53257644.0,4990738.5,4892934.5,867263.3,849156.5,294424.8,395649.0,104646.5,112.8,27.9,10.5,354,23.7,12.2,209,689,883,1283,1923,2396,3143,2693,6904,576
1773849226,1,53817748.0,53051792.0,4962524.5,4862093.5,865433.2,844019.6,293220.0,394999.1,104631.1,124.2,27.8,10.5,380,23.7,12.2,209,689,883,1283,1923,2395,3143,2692,6903,576
1773849526,1,53624596.0,52634656.0,4958114.5,4845474.5,862062.1,841959.9,291853.2,394033.9,104612.4,138.8,27.9,10.5,355,23.7,12.2,209,689,884,1283,1924,2396,3143,2694,6905,576
1773849826,1,53314332.0,52319444.0,4945612.0,4825457.5,858133.4,834778.6,291689.2,393746.1,104594.6,145.3,27.9,10.5,413,23.7,12.2,209,689,883,1283,1924,2396,3144,2693,6904,576
1773850126,1,53230748.0,52094908.0,4917152.0,4810024.0,856116.8,834962.6,290544.5,392289.0,104577.9,153.1,27.9,10.5,388,23.7,12.3,209,689,884,1283,1924,2397,3143,2693,6906,576
1773850426,1,53031220.0,51934272.0,4908445.5,4798247.0,852950.9,830320.2,289781.5,390642.8,104561.5,164.4,27.8,10.6,417,23.7,12.3,209,689,884,1282,1924,2395,3142,2693,6904,577
1773850728,1,52613628.0,51710972.0,4900462.5,4785558.0,850131.1,829498.2,289637.2,390345.8,104544.3,175.0,27.9,10.6,447,23.7,12.3,209,689,883,1283,1924,2396,3143,2693,6905,577
1773851028,1,52415724.0,51435932.0,4870176.5,4758344.0,845961.2,823615.6,289082.5,389637.0,104527.8,187.1,27.8,10.6,436,23.7,12.3,209,689,883,1282,1923,2395,3142,2692,6903,576
1773851328,1,52304924.0,51298812.0,4852987.5,4752246.0,845019.2,822564.8,288110.1,388272.0,104511.5,196.8,27.8,10.6,473,23.7,12.4,209,689,883,1283,1924,2395,3143,2693,6905,576
1773851926,1,64172432.0,63287852.0,5671007.5,5565140.0,983354.5,959104.6,320086.8,426509.0,104918.1,0.0,27.7,9.4,121,23.5,10.8,209,689,883,1283,1924,2394,3142,2692,6902,577
1773852226,1,61731916.0,60680844.0,5506239.5,5366452.5,953977.7,932570.5,315452.6,421762.3,104921.2,0.0,27.8,9.8,127,23.6,11.2,209,689,884,1283,1924,2395,3143,2693,6903,577
1773852526,1,60180544.0,59256448.0,5411735.5,5271093.5,936170.2,914470.6,310529.0,417765.2,104912.3,0.0,27.8,9.9,143,23.6,11.5,209,689,883,1282,1923,2395,3142,2692,6905,576
1773852826,1,59221200.0,58065492.0,5306052.5,5206091.5,923105.0,904015.8,307450.3,415042.8,104900.6,0.0,27.8,10.1,177,23.7,11.6,209,689,883,1282,1924,2395,3142,2692,6903,576
1773853126,1,58412788.0,57336096.0,5287340.5,5167156.5,915524.3,893678.8,305763.4,412383.0,104884.9,4.4,27.8,10.1,183,23.7,11.7,209,689,884,1284,1925,2397,3144,2694,6909,577
1773853428,1,57527284.0,56561780.0,5244783.5,5124432.5,908904.2,888566.5,304273.9,411359.2,104870.5,16.4,27.8,10.2,224,23.7,11.8,209,689,883,1283,1923,2396,3142,2693,6905,576
1773853728,1,57221968.0,56150828.0,5209079.5,5100888.5,900919.8,881193.8,302293.6,408859.9,104853.9,25.6,27.8,10.2,213,23.7,11.9,209,689,883,1283,1923,2395,3142,2693,6903,576
1773854026,1,56936640.0,55724252.0,5191388.5,5083244.5,895829.5,877529.7,300913.2,407462.4,104837.9,36.7,27.8,10.3,266,23.7,11.9,209,689,883,1283,1924,2396,3143,2693,6905,576
1773854326,1,56385044.0,55286012.0,5157378.0,5042867.5,893974.2,872247.2,300291.2,406262.8,104820.9,49.4,27.8,10.3,255,23.7,12.0,209,689,883,1283,1924,2396,3143,2693,6906,578
1773854626,1,56076756.0,54997604.0,5136132.0,5009817.5,888766.7,866449.9,298654.8,404921.9,104805.7,59.3,27.8,10.3,276,23.7,12.0,209,689,884,1283,1924,2396,3144,2693,6906,576
1773854926,1,55801180.0,54667888.0,5109560.5,5001994.0,883529.3,863692.6,298184.8,402444.7,104792.0,70.0,27.8,10.3,287,23.7,12.0,209,689,884,1283,1924,2396,3143,2693,6906,578
1773855226,1,55242308.0,54332236.0,5084309.5,4974649.5,878907.8,859724.2,296723.7,401223.5,104779.4,81.8,27.8,10.4,290,23.7,12.1,209,689,883,1283,1923,2395,3142,2692,6904,576
1773855528,1,54933324.0,53876544.0,5061231.5,4948881.5,874397.6,854737.3,296162.1,399950.9,104766.6,92.9,27.8,10.4,291,23.7,12.1,209,689,883,1282,1922,2395,3141,2691,6901,576
1773855828,1,54756764.0,53783856.0,5029505.5,4930876.5,869185.1,852147.7,294683.2,398682.5,104756.4,101.1,27.8,10.4,298,23.7,12.2,209,689,883,1283,1924,2395,3143,2693,6904,576
1773856128,1,54377312.0,53275808.0,5010776.5,4904082.5,869049.8,847709.2,293799.8,397780.8,104746.2,108.6,27.8,10.4,348,23.7,12.2,209,689,883,1283,1924,2395,3143,2693,6904,577
1773856426,1,54099724.0,53095012.0,4990022.5,4888416.5,863499.8,844217.3,293013.5,396507.5,104736.9,116.6,27.9,10.5,355,23.7,12.2,209,689,883,1282,1923,2394,3140,2691,6902,577
1773856726,1,53716372.0,52707084.0,4973043.5,4853678.0,861621.8,838635.7,291644.5,395321.9,104728.0,127.9,27.9,10.5,398,23.7,12.2,209,689,884,1283,1924,2396,3143,2692,6905,576
1773857026,1,53539988.0,52567024.0,4955015.5,4839473.0,856735.2,835051.9,290520.9,393847.0,104719.9,135.6,27.9,10.5,412,23.8,12.3,209,689,884,1284,1924,2396,3143,2693,6907,577
1773857326,1,52815076.0,52080220.0,4932030.5,4818415.5,850204.5,828600.4,289445.2,392599.9,104712.9,148.7,27.9,10.5,426,23.8,12.3,209,689,883,1283,1923,2395,3141,2692,6902,576
1773857626,1,52702640.0,51794560.0,4907117.5,4799419.5,846165.4,825552.3,288456.6,390918.6,104703.8,157.4,27.9,10.5,432,23.8,12.3,209,689,883,1283,1923,2395,3142,2692,6903,576
1773857928,1,52413828.0,51530480.0,4882897.5,4774570.5,842267.3,822631.6,287444.3,389749.2,104696.7,168.6,28.0,10.6,447,23.8,12.3,209,689,883,1283,1923,2395,3143,2692,6905,577
1773858228,1,51993204.0,51168156.0,4860673.5,4755661.5,837836.5,819122.7,286329.7,387931.0,104690.7,179.8,28.0,10.6,440,23.9,12.4,209,689,883,1283,1923,2396,3143,2692,6904,577
1773858528,1,51686692.0,50862036.0,4835445.5,4738409.5,836548.7,815378.3,285864.0,386143.0,104683.7,193.8,28.0,10.6,446,23.9,12.4,209,689,884,1283,1924,2396,3142,2692,6905,576
1773859128,1,63385916.0,62493324.0,5623193.5,5521120.0,969464.5,947073.5,316485.0,425457.1,105054.6,0.0,27.9,9.5,117,23.8,10.7,209,689,883,1282,1922,2394,3141,2691,6902,577
1773859426,1,60420016.0,59400244.0,5431220.5,5306903.5,936848.2,915428.6,309197.5,419206.0,105067.8,0.0,28.0,9.8,186,23.9,11.3,209,689,883,1282,1923,2395,3142,2692,6903,577
1773859726,1,58942860.0,57925540.0,5312386.0,5197570.5,915695.7,898572.6,305528.4,414088.8,105069.8,0.0,28.1,10.0,159,23.9,11.5,209,689,884,1283,1923,2395,3142,2692,6905,576
1773860026,1,57703668.0,56804756.0,5242832.5,5130232.5,904349.0,882511.5,303303.3,412048.6,105067.0,0.0,28.1,10.1,152,24.0,11.7,209,689,884,1283,1923,2396,3143,2692,6906,576
1773860326,1,56823600.0,55845532.0,5193834.5,5090011.5,892004.3,874556.5,300001.4,408458.5,105061.4,0.7,28.2,10.1,213,24.0,11.8,209,689,884,1282,1923,2395,3141,2692,6903,576
1773860628,1,55962596.0,55005188.0,5159998.0,5036237.5,886954.6,868814.5,298289.6,405938.5,105053.6,13.3,28.2,10.2,203,24.0,11.9,209,689,884,1283,1923,2395,3142,2692,6905,577
1773860928,1,55271148.0,54602736.0,5107196.5,5001348.0,879007.2,860560.1,295723.8,403441.6,105042.7,25.6,28.2,10.3,239,24.1,11.9,209,689,884,1282,1923,2395,3142,2691,6903,576
1773861228,1,54833068.0,53940560.0,5083938.5,4973719.5,873685.9,856643.1,295092.9,402486.4,105032.6,35.0,28.2,10.3,246,24.1,12.0,209,689,884,1283,1923,2395,3143,2692,6905,576
1773861528,1,54202800.0,53521344.0,5043750.0,4941340.0,867198.7,848895.2,293140.6,400475.2,105023.4,47.9,28.2,10.3,271,24.1,12.0,209,689,884,1283,1923,2395,3142,2693,6905,576
1773861828,1,53855324.0,53047324.0,5006714.0,4908685.5,861161.8,842135.0,292138.0,397592.3,105013.6,57.5,28.3,10.4,285,24.1,12.1,209,689,884,1283,1923,2396,3142,2692,6905,576
1773862128,1,53596832.0,52790160.0,4978568.5,4880624.0,857356.2,837727.3,290751.8,396985.8,105002.5,70.8,28.3,10.4,270,24.1,12.2,209,689,884,1282,1923,2395,3141,2692,6902,576
1773862428,1,53275760.0,52476988.0,4966672.5,4851514.0,853463.2,834788.2,289127.5,394341.2,104990.6,80.3,28.3,10.4,303,24.2,12.1,209,689,884,1282,1923,2395,3142,2692,6904,577
1773862728,1,52811668.0,52104420.0,4928761.5,4831582.0,846754.4,827904.5,287698.7,394401.9,104978.5,87.9,28.3,10.5,326,24.2,12.2,209,689,884,1282,1922,2394,3141,2691,6900,577
1773863028,1,52299324.0,51557876.0,4913054.5,4804605.5,841504.0,822834.6,287415.5,391544.0,104967.4,96.4,28.3,10.5,322,24.2,12.3,209,689,884,1283,1924,2396,3143,2693,6906,577
1773863326,1,51999460.0,51251500.0,4891862.5,4790905.5,836754.2,817240.3,285442.3,390393.2,104955.2,106.0,28.3,10.5,348,24.2,12.3,209,689,884,1283,1923,2395,3142,2692,6904,576
1773863626,1,51758388.0,50907904.0,4866057.5,4761609.5,834732.1,817035.2,285108.8,389587.2,104943.0,117.0,28.4,10.5,377,24.2,12.3,209,689,884,1282,1923,2394,3141,2691,6903,577
1773863926,1,51388768.0,50566556.0,4844792.0,4746480.5,828621.8,812115.8,284273.3,387500.0,104926.7,126.0,28.4,10.5,384,24.2,12.3,209,688,884,1283,1923,2394,3141,2692,6904,576
1773864226,1,51002652.0,50272848.0,4828739.5,4729288.5,824251.8,808255.3,283317.9,386142.5,104910.6,143.9,28.4,10.6,390,24.2,12.4,209,689,884,1283,1923,2395,3143,2692,6904,576
1773864526,1,50926208.0,50015008.0,4805397.5,4696407.5,822372.7,806734.2,281997.8,385158.8,104896.6,155.3,28.4,10.6,422,24.2,12.4,209,689,884,1283,1922,2394,3141,2691,6902,576
1773864826,1,50554556.0,49798060.0,4789329.5,4675974.5,818203.1,802727.6,281321.2,384082.5,104882.2,166.7,28.4,10.6,416,24.2,12.4,209,689,884,1283,1923,2394,3141,2691,6903,576
1773865126,1,50144992.0,49511456.0,4759353.5,4664944.5,814448.2,799203.2,280939.3,383067.4,104870.4,174.7,28.4,10.6,430,24.3,12.4,209,689,884,1283,1922,2395,3142,2692,6904,577
1773865426,1,50049232.0,48915052.0,4740315.5,4643597.5,810914.7,796264.4,279623.2,382350.5,104858.3,187.3,28.4,10.7,447,24.3,12.4,209,689,885,1283,1923,2395,3142,2692,6904,576
1773865726,1,49768404.0,48867936.0,4727446.5,4621716.0,807253.6,792449.0,279094.2,381061.6,104847.2,194.8,28.4,10.7,483,24.3,12.5,209,689,884,1282,1923,2395,3142,2692,6904,576
1773866328,1,60508316.0,59430432.0,5427176.0,5315994.5,932982.5,912683.1,306148.0,414948.3,104957.7,0.0,28.3,9.5,135,24.2,10.8,209,689,884,1283,1923,2395,3142,2692,6904,577
1773866628,1,57759540.0,56458508.0,5243843.5,5114190.0,900123.8,882747.2,299849.9,409013.2,104967.0,0.0,28.4,9.8,137,24.2,11.4,209,689,884,1283,1922,2394,3142,2691,6901,576
1773866928,1,56015504.0,54857388.0,5127458.5,5030588.0,880462.3,864933.1,295826.7,403697.3,104965.3,0.0,28.4,10.0,134,24.3,11.5,209,689,884,1282,1922,2395,3141,2691,6903,577
1773867226,1,54854132.0,53805708.0,5081810.0,4976020.0,869399.1,853638.8,293838.4,400964.7,104957.6,0.0,28.5,10.1,169,24.3,11.7,209,689,884,1282,1922,2394,3140,2691,6901,577
1773867526,1,53919968.0,53098244.0,5037184.5,4924450.5,860617.2,846197.7,291196.5,399055.2,104947.4,8.1,28.5,10.2,230,24.4,11.9,209,689,884,1282,1922,2394,3141,2691,6902,576
1773867826,1,53441444.0,52632108.0,4985876.0,4896798.0,854069.7,836371.1,289295.8,396597.0,104935.9,21.8,28.5,10.2,225,24.4,11.9,209,689,885,1283,1923,2395,3142,2693,6905,576
1773868128,1,52975004.0,52061764.0,4950331.5,4853406.5,847698.0,828008.0,287369.0,394539.9,104924.6,36.1,28.5,10.3,239,24.4,12.0,209,689,884,1282,1922,2395,3142,2692,6904,576
1773868428,1,52364692.0,51498676.0,4924407.5,4821028.0,840385.9,824892.6,286473.1,391982.0,104912.3,43.3,28.5,10.3,241,24.4,12.1,209,689,884,1282,1922,2395,3142,2692,6905,577
1773868726,1,52134220.0,51255500.0,4910970.5,4799895.5,835994.8,817622.0,285025.6,390967.5,104899.5,54.8,28.6,10.4,253,24.4,12.1,209,689,885,1283,1923,2395,3142,2693,6905,576
1773869026,1,51692404.0,50784716.0,4876782.0,4771178.5,830987.8,815942.2,284060.5,388417.3,104886.5,63.9,28.6,10.4,289,24.4,12.1,209,689,884,1282,1922,2395,3141,2691,6904,576
1773869326,1,51360348.0,50330804.0,4847022.0,4755072.0,827299.2,808626.6,282784.9,387443.8,104872.4,74.4,28.6,10.4,261,24.4,12.2,209,689,885,1283,1923,2395,3142,2692,6905,576
1773869626,1,50847724.0,49985524.0,4834568.0,4725520.5,821599.6,805438.7,282163.8,386749.6,104858.5,81.3,28.6,10.4,310,24.5,12.2,209,689,884,1282,1922,2394,3141,2692,6903,577
1773869928,1,50492144.0,49692268.0,4796087.5,4701860.5,818359.6,804155.2,281081.8,384222.1,104844.1,95.2,28.6,10.5,320,24.4,12.2,209,689,884,1283,1922,2395,3141,2691,6903,577
1773870228,1,50248060.0,49507936.0,4787343.5,4681571.5,815274.2,799792.2,280054.2,383190.8,104829.6,108.1,28.6,10.5,324,24.5,12.3,209,689,884,1282,1922,2394,3141,2691,6902,576
1773870528,1,50103732.0,49094228.0,4751078.5,4656569.5,811568.2,794764.3,278766.9,382505.6,104813.7,114.3,28.6,10.5,360,24.5,12.3,209,689,885,1282,1922,2395,3141,2691,6904,576
1773870826,1,49756480.0,48722716.0,4742610.5,4641086.0,808909.4,792806.8,278608.2,381029.8,104799.3,129.5,28.6,10.6,362,24.5,12.3,209,689,884,1282,1922,2394,3141,2691,6900,575
1773871126,1,49497132.0,48554540.0,4725429.5,4620177.5,804944.4,791904.2,277434.6,380196.3,104784.0,137.3,28.6,10.6,355,24.5,12.3,209,689,884,1282,1921,2393,3140,2690,6900,576
1773871426,1,49117616.0,48404096.0,4702046.0,4603566.0,801091.6,786280.8,275777.1,379622.8,104767.5,145.6,28.6,10.6,389,24.5,12.4,209,689,884,1282,1922,2394,3140,2691,6901,576
1773871726,1,49017776.0,48068964.0,4686893.5,4585258.0,799104.3,784655.6,275861.9,377885.0,104752.2,157.0,28.6,10.6,414,24.5,12.4,209,689,885,1282,1923,2395,3141,2692,6905,577
1773872026,1,48715644.0,47908100.0,4666223.5,4568541.5,797618.4,779345.2,274155.0,377177.0,104737.2,165.5,28.6,10.6,410,24.5,12.4,209,689,885,1282,1922,2394,3141,2691,6901,576
1773872328,1,48397472.0,47543440.0,4654047.5,4546764.0,791543.5,777503.0,273363.1,376382.0,104721.1,179.5,28.6,10.6,443,24.5,12.5,209,689,884,1282,1922,2394,3140,2691,6902,576
1773872628,1,48307412.0,47445184.0,4634937.0,4535440.0,790305.3,772558.9,272516.7,374698.4,104704.9,189.9,28.6,10.7,471,24.5,12.5,209,689,884,1282,1921,2394,3140,2690,6900,576
1773872928,1,48099872.0,47243456.0,4614770.0,4513250.5,786757.5,770315.5,272470.3,373125.1,104688.6,201.8,28.6,10.7,461,24.5,12.5,209,689,884,1282,1922,2394,3141,2691,6904,577
1773873526,1,59156204.0,57936116.0,5341293.5,5213583.5,912223.7,892517.3,301381.9,409883.5,104899.0,0.0,28.5,9.5,106,24.4,10.9,209,689,884,1282,1922,2394,3140,2691,6902,576
1773873826,1,56242816.0,55386916.0,5151754.5,5051140.5,877706.8,862682.0,295540.9,403638.6,104904.6,0.0,28.6,9.8,94,24.4,11.4,209,689,884,1282,1923,2394,3141,2691,6902,576
1773874126,1,54793296.0,53584116.0,5069174.5,4956546.0,865101.2,846465.2,291777.4,399398.2,104897.8,0.0,28.6,10.0,163,24.5,11.6,209,688,884,1282,1922,2394,3140,2690,6901,575
1773874426,1,53763600.0,52630884.0,5007209.5,4896668.0,854312.8,834873.0,289277.8,396997.3,104887.2,0.0,28.6,10.1,191,24.5,11.8,209,689,884,1282,1922,2395,3141,2691,6903,577
1773874728,1,52853428.0,51849588.0,4950010.5,4863676.5,845234.8,830693.5,286949.2,393628.2,104873.0,5.8,28.6,10.2,210,24.5,11.8,209,689,884,1282,1922,2394,3141,2691,6905,576
1773875028,1,52475708.0,51540720.0,4923044.5,4836957.5,837522.2,822313.4,285292.3,391667.8,104858.2,14.7,28.6,10.3,204,24.5,11.9,209,689,885,1282,1922,2394,3141,2691,6902,576
1773875328,1,51986444.0,50877140.0,4894346.5,4802270.5,834948.3,816193.8,284263.5,389733.0,104842.7,23.0,28.7,10.3,225,24.5,12.0,209,689,884,1282,1923,2394,3142,2692,6904,576
1773875626,1,51473492.0,50482676.0,4865269.0,4767200.0,829297.7,812831.8,283174.7,388571.4,104827.2,34.7,28.7,10.4,231,24.5,12.1,209,689,884,1282,1922,2394,3141,2691,6903,576
1773875926,1,51223972.0,50191268.0,4855719.5,4755594.0,823857.4,809829.4,282422.8,387660.2,104809.7,49.4,28.7,10.4,253,24.5,12.1,209,689,884,1282,1921,2393,3140,2690,6902,576
1773876226,1,50821292.0,49831356.0,4828859.5,4724514.5,818405.7,805945.4,281061.8,386010.1,104794.0,60.3,28.7,10.4,263,24.5,12.2,209,689,884,1282,1922,2394,3140,2690,6902,575
1773876526,1,50458684.0,49605076.0,4816466.5,4701000.5,816212.2,800307.0,279752.1,384750.5,104778.1,70.4,28.7,10.4,298,24.5,12.2,209,689,884,1282,1922,2393,3140,2690,6901,575
1773876826,1,50077196.0,49200436.0,4793916.5,4688088.0,811872.5,796019.9,279023.5,382699.5,104761.0,75.6,28.7,10.5,276,24.5,12.2,209,689,885,1282,1922,2394,3141,2691,6905,576
1773877126,1,49936420.0,49087520.0,4773836.5,4668876.5,808128.4,792106.6,277794.8,383023.8,104745.5,90.8,28.7,10.5,284,24.5,12.3,209,689,884,1282,1922,2394,3141,2691,6901,576
1773877426,1,49592892.0,48760800.0,4753354.0,4645476.0,805028.7,791228.1,276948.2,381131.9,104729.0,100.6,28.7,10.5,326,24.5,12.3,209,689,884,1282,1921,2393,3140,2689,6901,576
1773877728,1,49377600.0,48411712.0,4739245.5,4636915.5,802120.7,787940.2,275844.6,379970.0,104712.5,111.2,28.7,10.5,379,24.5,12.3,209,689,884,1283,1923,2395,3142,2692,6906,577
1773878028,1,49111652.0,48341204.0,4713210.0,4619085.5,800661.3,783318.1,275399.9,379682.4,104695.5,123.7,28.7,10.5,353,24.5,12.4,209,690,885,1283,1923,2396,3142,2692,6907,576
1773878326,1,48786164.0,47901692.0,4700392.5,4596374.0,798647.7,779677.7,274479.1,377380.1,104679.3,132.7,28.7,10.6,372,24.5,12.3,209,689,884,1282,1922,2394,3141,2691,6904,576
1773878626,1,48753132.0,47787068.0,4677070.5,4570320.5,792896.8,778784.1,274153.4,375956.4,104663.1,140.0,28.7,10.6,396,24.5,12.4,209,689,884,1281,1921,2393,3139,2690,6901,576
1773878926,1,48383328.0,47570452.0,4666113.5,4559654.0,789256.2,775108.9,272067.4,375173.5,104647.3,147.3,28.7,10.6,408,24.5,12.4,209,689,884,1282,1922,2393,3140,2690,6900,576
1773879226,1,48168144.0,47266592.0,4639978.5,4549376.5,786309.0,769973.8,272079.0,373891.3,104632.2,163.5,28.7,10.6,418,24.5,12.4,209,689,885,1282,1923,2395,3142,2692,6904,576
1773879526,1,47804716.0,47072652.0,4633895.5,4530774.0,783800.7,768903.2,271131.5,372771.2,104615.2,178.7,28.7,10.6,427,24.5,12.5,209,689,885,1283,1922,2395,3141,2692,6904,577
1773879826,1,47610132.0,46869856.0,4614716.0,4514442.5,781333.5,766087.3,270158.9,372634.5,104599.5,187.5,28.7,10.7,448,24.6,12.5,209,690,885,1283,1923,2394,3142,2692,6905,576
1773880128,1,47372956.0,46601296.0,4600460.5,4501364.0,779166.0,762678.2,269517.5,371885.8,104583.5,192.6,28.7,10.7,468,24.5,12.5,209,689,884,1282,1922,2394,3140,2691,6901,576
1773880726,1,58845312.0,57609324.0,5311970.5,5207025.5,906816.4,886578.3,299374.0,409393.3,104860.0,0.0,28.6,9.5,142,24.4,10.8,209,689,884,1282,1922,2394,3140,2690,6903,575
1773881026,1,55992052.0,54857676.0,5159600.0,5048837.5,874796.7,864032.0,293997.6,403430.8,104866.1,0.0,28.6,9.8,149,24.5,11.4,209,689,884,1282,1922,2394,3141,2691,6904,577
1773881328,1,54551360.0,53480864.0,5066657.5,4963776.5,861607.5,843072.0,290155.5,399162.0,104859.8,0.0,28.6,10.0,171,24.5,11.6,209,689,884,1282,1922,2394,3140,2691,6903,577
1773881628,1,53482912.0,52472320.0,5015135.5,4909173.5,848008.7,829365.3,287807.1,396098.9,104848.0,0.0,28.7,10.1,160,24.5,11.7,209,690,885,1282,1923,2394,3141,2691,6903,576
1773881928,1,52732900.0,51805300.0,4956782.5,4865665.5,840049.2,824649.9,286346.9,392514.5,104835.5,2.3,28.7,10.2,187,24.5,11.9,209,689,885,1283,1922,2394,3140,2690,6902,577
1773882226,1,52222700.0,51037856.0,4935288.5,4821084.5,832811.2,819025.3,284898.2,391125.7,104820.2,15.8,28.7,10.2,192,24.5,11.9,209,689,885,1282,1922,2394,3141,2691,6904,577
1773882526,1,51813840.0,50584940.0,4899260.5,4795372.0,829181.1,812667.4,283370.1,389101.8,104804.6,26.3,28.7,10.3,220,24.5,12.0,209,689,885,1282,1922,2394,3140,2691,6902,576
1773882826,1,51416004.0,50286620.0,4873071.5,4774897.5,822193.8,808707.2,281519.9,386947.2,104788.9,38.1,28.7,10.3,203,24.6,12.0,209,689,885,1282,1921,2393,3140,2690,6900,576
1773883126,1,50870188.0,49950836.0,4851098.5,4756569.5,820397.2,803218.3,280481.8,386707.5,104772.3,51.2,28.7,10.4,266,24.5,12.1,209,689,884,1282,1922,2393,3140,2690,6902,576
1773883428,1,50446416.0,49600116.0,4823818.0,4727662.5,813026.4,798976.8,279597.3,385799.1,104756.1,61.2,28.7,10.4,264,24.5,12.1,209,689,884,1282,1922,2394,3140,2690,6901,575
1773883728,1,50299664.0,49284204.0,4814420.0,4704470.5,811971.8,796343.9,278145.4,384134.9,104738.9,70.8,28.7,10.4,270,24.6,12.2,209,689,884,1282,1921,2393,3139,2690,6900,576
1773884026,1,49985748.0,49102388.0,4791476.0,4681451.5,809536.7,791175.6,277579.9,383183.9,104723.5,80.3,28.7,10.5,321,24.6,12.2,209,689,884,1282,1922,2394,3141,2690,6903,576
1773884326,1,49596388.0,48823920.0,4781530.0,4667858.5,803667.0,790840.7,276922.2,382154.9,104706.7,91.8,28.7,10.5,294,24.6,12.2,209,689,884,1282,1922,2394,3140,2690,6903,576
1773884626,1,49359152.0,48430080.0,4748580.5,4650230.0,800923.8,783776.6,276079.0,380638.8,104690.6,102.7,28.7,10.5,325,24.6,12.3,209,689,884,1282,1922,2394,3140,2690,6901,575
1773884926,1,49164612.0,48341060.0,4720324.5,4629848.5,798831.1,782142.1,275215.2,379507.1,104673.9,113.5,28.7,10.5,324,24.6,12.3,209,689,885,1282,1922,2395,3141,2691,6902,576
1773885226,1,48868284.0,48021500.0,4714996.5,4613598.5,793775.2,777451.5,274478.4,377739.2,104657.9,121.4,28.7,10.5,343,24.6,12.3,209,689,885,1282,1923,2395,3141,2692,6905,576
1773885528,1,48694084.0,47778364.0,4694533.5,4595714.0,791809.8,775231.2,273404.1,376702.8,104641.8,135.1,28.7,10.6,374,24.6,12.4,209,689,884,1282,1923,2395,3141,2692,6903,576
1773885828,1,48455732.0,47525888.0,4675496.0,4581935.5,787846.6,771162.8,271671.1,375533.9,104626.4,140.2,28.7,10.6,407,24.6,12.4,209,689,885,1282,1922,2394,3141,2691,6903,577
1773886126,1,48305436.0,47293312.0,4661890.0,4567136.0,784659.4,770930.8,271231.5,374445.3,104611.0,147.6,28.7,10.6,390,24.6,12.4,209,689,885,1282,1922,2394,3141,2691,6902,576
1773886426,1,47837404.0,47032876.0,4657008.0,4550050.0,781394.9,767550.4,270623.8,373036.0,104595.3,161.9,28.7,10.6,409,24.6,12.4,209,689,885,1283,1922,2395,3142,2691,6904,577
1773886726,1,47772672.0,46885484.0,4644227.5,4527779.5,779733.7,764943.8,270260.3,371896.3,104578.3,170.8,28.7,10.7,420,24.6,12.5,210,690,885,1282,1923,2395,3141,2692,6905,576
1773887026,1,47563792.0,46713952.0,4619534.5,4525256.5,776631.2,762182.2,269188.7,371432.0,104562.3,181.1,28.7,10.7,455,24.6,12.5,209,689,884,1282,1922,2394,3140,2690,6903,575
1773887326,1,47459548.0,46572756.0,4607058.0,4504053.5,774885.2,761121.2,269417.3,371184.7,104546.5,189.2,28.7,10.7,452,24.6,12.6,209,689,884,1282,1922,2394,3141,2690,6903,576
1773887926,1,56899120.0,55855460.0,5209208.5,5092654.5,881230.3,862530.6,292535.4,399317.9,104968.0,0.0,28.6,9.5,169,24.4,10.9,209,689,884,1282,1922,2394,3140,2690,6902,576
1773888226,1,54111180.0,52940060.0,5022308.5,4917512.5,847994.0,833577.8,286444.4,391131.1,104972.9,0.0,28.6,9.8,157,24.5,11.3,209,689,885,1282,1922,2393,3140,2690,6902,576
1773888526,1,52400912.0,51436868.0,4932131.5,4836602.5,830836.0,815499.8,283533.4,387239.2,104965.0,0.0,28.7,10.0,189,24.5,11.6,209,689,884,1283,1922,2394,3140,2690,6904,576
1773888828,1,51602244.0,50670672.0,4866765.5,4774778.0,822966.7,806026.0,280255.1,384977.5,104952.9,0.0,28.7,10.1,170,24.5,11.7,209,689,884,1282,1922,2394,3141,2691,6904,575
1773889128,1,50750688.0,49644436.0,4825922.5,4721804.5,812156.5,796783.8,278342.4,381931.2,104937.9,8.3,28.7,10.2,178,24.6,11.9,209,689,885,1283,1923,2395,3142,2691,6906,577
1773889426,1,50074044.0,49275508.0,4783564.5,4689162.5,808109.4,791488.3,277333.5,380721.8,104922.8,20.9,28.7,10.2,209,24.6,11.9,209,689,885,1282,1923,2394,3141,2691,6905,576
1773889726,1,49783212.0,49001380.0,4767084.0,4668704.5,803276.7,785961.1,275386.5,377901.8,104907.6,33.4,28.7,10.3,193,24.6,12.0,209,690,885,1283,1923,2395,3141,2691,6903,576
1773890026,1,49388176.0,48504188.0,4733475.5,4647271.5,798747.6,782163.2,274724.7,375932.6,104890.0,46.8,28.7,10.3,253,24.6,12.1,209,689,885,1282,1923,2394,3141,2691,6904,576
1773890326,1,49162420.0,48188484.0,4720501.5,4614904.0,793568.2,777034.0,273839.3,375211.9,104873.0,55.9,28.7,10.4,284,24.6,12.1,209,689,885,1282,1922,2395,3141,2691,6904,576
1773890626,1,48855292.0,47952348.0,4698957.5,4597797.5,790212.2,774173.8,273064.6,373308.4,104856.2,65.9,28.7,10.4,269,24.6,12.1,209,689,885,1282,1922,2394,3140,2691,6903,576
1773890926,1,48380724.0,47586624.0,4682386.5,4578550.5,786929.4,769635.2,270652.3,374028.2,104839.6,75.3,28.7,10.4,271,24.6,12.2,209,689,885,1283,1923,2395,3141,2691,6905,576
1773891226,1,48123904.0,47145780.0,4665260.5,4553208.5,781993.8,766672.7,270656.3,371638.3,104821.9,87.8,28.7,10.4,320,24.6,12.2,209,689,885,1282,1282,1596,2093,1793,4604,384
1773891526,1,47859296.0,47090444.0,4626256.5,4532982.5,778504.8,764050.2,269641.5,370194.8,104804.7,99.8,28.7,10.5,292,24.6,12.2,209,689,885,1283,1922,2395,3140,2691,6903,577
1773891826,1,47559312.0,46704828.0,4619935.5,4518683.5,774803.8,759137.3,268704.8,369324.5,104788.0,109.1,28.7,10.5,304,24.6,12.3,209,689,885,1282,1922,2393,3140,2690,6902,577
1773892126,1,47380716.0,46507424.0,4607911.5,4498243.5,772460.2,756634.3,268205.9,369318.8,104770.7,118.8,28.7,10.5,345,24.6,12.3,209,689,885,1283,1923,2395,3142,2692,6906,577
1773892428,1,47204528.0,46260528.0,4583266.0,4486313.5,771354.8,755708.7,266773.8,367827.4,104754.2,128.5,28.7,10.5,348,24.6,12.3,209,689,885,1282,1923,2395,3141,2691,6905,577
1773892728,1,47047772.0,46128772.0,4576092.0,4475229.5,770523.3,752995.7,266663.8,366210.5,104736.9,139.6,28.7,10.5,365,24.6,12.4,209,689,884,1282,1923,2394,3141,2691,6904,576
1773893028,1,46658972.0,45758144.0,4559402.5,4464267.5,765468.2,748105.0,265870.2,366198.8,104721.4,148.2,28.7,10.6,371,24.6,12.4,209,689,884,1282,1922,2394,3140,2690,6902,576
1773893328,1,46591892.0,45648704.0,4536726.0,4444624.5,764988.2,744274.6,265172.8,364356.5,104705.7,159.5,28.7,10.6,371,24.6,12.4,209,690,884,1282,1923,2394,3141,2691,6903,576
1773893628,1,46299616.0,45520388.0,4532289.5,4420093.5,761171.3,743689.4,264010.1,363722.2,104688.4,165.6,28.7,10.6,442,24.6,12.4,209,689,885,1283,1923,2395,3141,2691,6904,576
1773893928,1,46195840.0,45197396.0,4508733.5,4412652.5,757860.1,741628.7,263699.0,363149.5,104672.1,178.4,28.7,10.6,422,24.6,12.5,209,690,885,1283,1923,2395,3142,2692,6906,577
1773894228,1,45920860.0,45172416.0,4496181.5,4388707.5,755616.1,739061.5,263224.3,362033.8,104654.4,188.0,28.7,10.7,421,24.6,12.5,209,689,885,1283,1923,2395,3141,2691,6905,576
1773894528,1,45798080.0,44815244.0,4487708.5,4382724.5,751758.9,735846.8,262246.7,361772.0,104636.9,197.3,28.7,10.7,467,24.6,12.5,209,689,885,1283,1923,2394,3141,2691,6904,576
1773895126,1,49696276.0,48871636.0,4690726.5,4572305.5,790938.5,765627.6,265413.7,356185.2,104980.4,0.0,28.6,9.5,112,24.4,10.9,209,689,885,1283,1923,2395,3142,2692,6904,576
1773895426,1,46433076.0,45646288.0,4464834.0,4353869.0,756692.2,733710.3,259179.7,349677.7,104980.4,0.0,28.6,9.8,129,24.5,11.4,209,689,885,1283,1923,2394,3141,2691,6905,576
1773895726,1,44993760.0,44204748.0,4353018.5,4257027.5,740172.8,718608.5,255415.9,346917.3,104968.0,0.0,28.6,10.0,181,24.5,11.6,209,690,885,1283,1923,2395,3141,2691,6905,576
1773896026,1,44172832.0,43378044.0,4300842.5,4199172.5,731184.9,706394.7,253680.2,343040.9,104949.5,0.0,28.6,10.1,172,24.5,11.7,209,689,885,1283,1923,2395,3142,2691,6906,576
1773896326,1,43814396.0,42942820.0,4257079.5,4156784.8,725846.2,702999.8,253008.3,341206.3,104929.7,8.6,28.6,10.2,175,24.5,11.8,209,689,885,1283,1923,2396,3142,2692,6906,577
1773896628,1,43538592.0,42728656.0,4230290.5,4134452.8,721965.8,696958.2,251052.5,340450.9,104908.7,20.2,28.6,10.2,211,24.5,11.9,209,689,885,1283,1923,2395,3141,2691,6906,577
1773896926,1,43135840.0,42279536.0,4216398.5,4103870.2,716845.7,694804.3,251372.9,338934.3,104886.5,32.2,28.6,10.2,228,24.5,11.9,209,690,885,1283,1923,2395,3141,2691,6904,576
1773897226,1,42838764.0,42104972.0,4195333.0,4086423.8,712010.1,690513.2,249948.2,338810.0,104864.2,41.4,28.6,10.3,227,24.4,12.0,210,690,885,1283,1923,2396,3142,2692,6906,576
1773897526,1,42640844.0,41829456.0,4180913.0,4079506.0,710717.9,688958.6,249399.0,337624.9,104840.6,49.8,28.6,10.3,253,24.4,12.1,209,690,885,1283,1923,2395,3142,2692,6906,576
1773897828,1,42449520.0,41656924.0,4157618.2,4060613.8,709051.2,685085.6,249196.5,336771.8,104817.6,57.9,28.6,10.4,287,24.4,12.1,209,689,885,1283,1923,2396,3142,2692,6906,577
1773898128,1,42347536.0,41511244.0,4144431.2,4042671.8,705722.2,686339.3,248329.8,336649.1,104795.1,71.8,28.5,10.4,264,24.4,12.1,209,690,885,1284,1924,2396,3143,2693,6908,576
1773898428,1,42169132.0,41400108.0,4131384.8,4028852.0,705327.2,683789.4,247770.9,335437.1,104772.0,82.6,28.5,10.4,293,24.4,12.2,209,690,885,1283,1923,2395,3142,2692,6904,576
1773898728,1,41973556.0,41212992.0,4123022.0,4016788.8,702086.2,682390.6,247698.4,334941.0,104750.1,91.8,28.5,10.4,321,24.4,12.2,209,690,885,1283,1923,2396,3142,2692,6908,577
1773899026,1,41957036.0,41024884.0,4112392.2,4007886.2,701938.9,680240.8,247029.0,333210.7,104728.7,103.0,28.5,10.5,343,24.4,12.2,209,690,885,1284,1923,2396,3143,2693,6907,576
1773899326,1,41801712.0,40887556.0,4102524.2,3994415.2,699121.4,677916.1,247193.0,333436.9,104707.4,116.1,28.5,10.5,331,24.3,12.2,209,689,885,1284,1923,2395,3141,2692,6905,576
1773899626,1,41708964.0,40896240.0,4081143.2,3983866.8,697284.8,674869.7,245852.5,333318.2,104685.7,125.7,28.5,10.5,374,24.3,12.3,209,689,885,1283,1924,2395,3142,2692,6906,577
1773899926,1,41540208.0,40706448.0,4075628.8,3981262.0,698530.2,674079.0,246280.9,332071.1,104664.4,133.5,28.4,10.5,344,24.3,12.3,209,689,885,1283,1924,2396,3143,2692,6907,576
1773900226,1,41400320.0,40699380.0,4071916.2,3962465.0,696163.3,672853.4,245642.4,331496.5,104644.3,145.9,28.4,10.5,374,24.3,12.3,209,690,885,1284,1924,2396,3143,2692,6907,576
1773900526,1,41292468.0,40462480.0,4055136.2,3958849.2,692807.9,671800.4,245042.6,330924.5,104623.7,156.8,28.4,10.6,414,24.3,12.4,209,690,884,1283,1924,2396,3143,2693,6909,576
1773900826,1,40937456.0,40397396.0,4050664.2,3948087.0,692563.0,670527.4,243980.6,330073.7,104603.8,160.6,28.4,10.6,393,24.3,12.3,209,689,885,1283,1924,2396,3143,2692,6908,576
1773901126,1,41075552.0,40306944.0,4042474.8,3942530.2,691298.4,667680.0,244454.4,329948.0,104584.4,164.5,28.4,10.6,407,24.3,12.4,209,690,884,1283,1923,2396,3142,2692,6907,576
1773901426,1,40846076.0,40187060.0,4031492.8,3933978.8,690593.8,666515.9,243169.1,329569.3,104565.5,177.8,28.4,10.6,422,24.3,12.4,209,690,885,1283,1924,2396,3143,2692,6908,576
1773901726,1,40924096.0,40179684.0,4023500.2,3924356.2,686989.2,666685.1,243743.8,329174.2,104547.0,189.9,28.4,10.6,437,24.2,12.4,209,689,884,1283,1923,2395,3142,2692,6906,576
1773902326,1,54637620.0,53719760.0,4956799.5,4863145.5,855409.3,832888.6,287693.1,389100.2,105027.1,0.0,28.2,9.4,94,24.1,10.8,209,689,884,1283,1923,2394,3141,2691,6905,576
1773902626,1,52998620.0,51885436.0,4886654.0,4798195.0,834741.5,816316.0,283904.8,386148.0,105026.9,0.0,28.3,9.8,145,24.1,11.3,209,689,884,1283,1923,2395,3141,2691,6905,576
1773902926,1,51699296.0,50811380.0,4825988.5,4736417.5,821997.2,805389.6,281077.0,383498.5,105016.3,0.0,28.3,9.9,159,24.1,11.5,209,689,884,1283,1922,2394,3141,2691,6903,577
1773903226,1,51077692.0,50083596.0,4802066.0,4694182.5,813369.3,794877.8,278817.8,382390.5,105000.8,0.0,28.3,10.0,162,24.2,11.7,209,689,884,1283,1923,2395,3142,2691,6904,577
1773903526,1,50513284.0,49620940.0,4758501.5,4672508.0,809340.7,789516.0,277277.8,379391.5,104983.4,8.6,28.3,10.1,160,24.2,11.8,209,689,885,1283,1924,2396,3143,2692,6907,577
1773903828,1,50363148.0,49381120.0,4765016.0,4650588.5,804145.8,783734.6,276331.5,377494.0,104965.4,21.6,28.3,10.2,207,24.2,11.8,209,689,884,1283,1924,2395,3142,2692,6906,577
1773904128,1,49830992.0,48897460.0,4726929.5,4626462.0,799648.8,778444.2,274998.3,376448.2,104946.3,32.2,28.3,10.2,239,24.1,11.9,209,689,885,1283,1923,2395,3141,2691,6904,576
1773904428,1,49645932.0,48624636.0,4708113.5,4607245.5,794601.9,776115.0,274545.5,375383.8,104926.2,35.8,28.3,10.2,244,24.1,12.0,209,689,884,1283,1923,2394,3141,2691,6903,576
1773904728,1,49224112.0,48184992.0,4690590.0,4599431.5,790662.2,770610.8,273796.5,374121.4,104906.1,42.7,28.3,10.3,246,24.1,12.0,209,689,884,1283,1923,2394,3141,2691,6903,576
1773905028,1,48904064.0,48061316.0,4679959.5,4585852.0,789327.0,769641.3,273139.4,373166.1,104887.3,52.3,28.3,10.3,251,24.1,12.0,209,689,884,1283,1923,2395,3142,2692,6905,577
1773905326,1,48681804.0,47787148.0,4675890.5,4571784.0,783887.9,765387.0,270717.1,371946.9,104867.8,63.0,28.3,10.3,240,24.1,12.1,209,689,885,1283,1924,2396,3143,2692,6908,576
1773905626,1,48353648.0,47515324.0,4652986.5,4545468.5,782203.3,761906.2,271340.0,371871.2,104850.0,73.1,28.3,10.4,314,24.1,12.1,210,689,884,1283,1923,2395,3142,2692,6906,577
1773905926,1,48266304.0,47340724.0,4643751.0,4545501.5,778207.0,759817.4,269287.2,371187.9,104831.4,81.9,28.3,10.4,307,24.1,12.1,209,689,884,1283,1923,2395,3142,2691,6906,576
1773906226,1,48064400.0,47135364.0,4627712.0,4511743.0,776672.0,755962.6,268473.4,369275.2,104813.3,89.4,28.3,10.4,294,24.1,12.1,209,690,885,1283,1923,2396,3143,2692,6907,576
1773906526,1,47722636.0,46912852.0,4603182.0,4505870.0,773459.9,753670.1,268087.6,368688.4,104795.2,98.2,28.2,10.4,347,24.1,12.2,209,689,884,1283,1923,2395,3141,2691,6904,576
1773906826,1,47664956.0,46852768.0,4602926.5,4498082.5,771432.5,752451.0,267298.5,366773.6,104776.2,107.7,28.2,10.4,321,24.1,12.2,209,689,884,1283,1924,2395,3143,2692,6907,577
1773907126,1,47345328.0,46529968.0,4594250.0,4496511.0,767600.3,749909.9,267149.3,366394.5,104760.0,116.6,28.2,10.5,368,24.1,12.2,209,689,884,1283,1924,2395,3142,2692,6906,576
1773907428,1,47070780.0,46450220.0,4577150.5,4475005.5,766175.2,747658.1,266673.0,364981.8,104742.6,131.6,28.2,10.5,390,24.1,12.3,209,689,884,1283,1923,2395,3142,2692,6906,576
1773907728,1,46961824.0,46380992.0,4574719.5,4469732.5,763937.9,744584.2,265647.0,364930.0,104725.3,140.9,28.2,10.5,383,24.1,12.3,209,690,884,1283,1924,2395,3142,2692,6906,576
1773908028,1,46825164.0,45991788.0,4548582.5,4453130.5,760125.6,745122.6,264698.8,364227.6,104707.9,151.4,28.2,10.5,414,24.1,12.3,209,689,885,1283,1923,2395,3141,2691,6905,577
1773908328,1,46729920.0,45896832.0,4544505.5,4440831.5,759693.8,744173.8,264931.2,362817.6,104690.8,161.2,28.2,10.5,386,24.1,12.3,209,689,884,1283,1923,2395,3141,2690,6902,577
1773908626,1,46499008.0,45779052.0,4534614.0,4435140.5,755514.2,736728.1,263796.4,362456.1,104673.1,168.4,28.2,10.6,414,24.1,12.3,209,689,884,1283,1923,2395,3142,2692,6905,576
1773908926,1,46303276.0,45552636.0,4525748.0,4408022.5,754243.1,735705.7,263583.9,362327.0,104655.7,179.7,28.2,10.6,432,24.1,12.4,209,689,884,1283,1924,2395,3143,2692,6907,576
1773909528,1,57665484.0,56566460.0,5247548.5,5115424.0,883997.2,862154.2,293759.8,400685.2,105088.7,0.0,28.1,9.4,125,23.9,10.7,209,689,884,1283,1923,2395,3141,2691,6903,577
1773909828,1,54915060.0,53900892.0,5080352.5,4986700.5,854859.0,833800.4,288435.3,394275.8,105091.7,0.0,28.1,9.7,161,24.0,11.2,209,690,884,1283,1923,2395,3141,2691,6905,576
1773910128,1,53502580.0,52688076.0,5004248.0,4901999.5,837657.8,819365.0,285365.9,391012.3,105082.3,0.0,28.1,9.9,162,24.0,11.5,209,689,884,1283,1924,2395,3141,2692,6905,576
1773910426,1,52733872.0,51816124.0,4958506.5,4863817.5,828531.9,809883.8,282116.1,388758.8,105069.5,0.0,28.2,10.0,178,24.0,11.6,209,690,884,1283,1923,2395,3142,2691,6906,576
1773910726,1,52095436.0,51350124.0,4917888.0,4825667.5,821509.8,802647.2,281285.3,386608.9,105053.6,3.7,28.2,10.1,199,24.0,11.7,209,689,884,1283,1923,2394,3141,2691,6903,577
1773911026,1,51671040.0,50676384.0,4885726.5,4787308.0,816254.9,797754.2,279836.4,382932.9,105036.1,14.3,28.2,10.1,224,24.0,11.8,209,689,884,1283,1923,2395,3142,2691,6905,577
1773911326,1,51161876.0,50335844.0,4861646.5,4761527.0,812335.4,793774.8,278851.7,381678.1,105018.9,23.2,28.2,10.2,241,24.0,11.8,209,689,884,1283,1923,2395,3142,2691,6904,577
1773911626,1,50922480.0,50114316.0,4834303.5,4741627.5,805646.2,787220.3,277776.8,381068.3,105002.3,31.5,28.2,10.2,211,24.0,11.9,209,689,884,1283,1924,2395,3142,2692,6906,577
1773911926,1,50489088.0,49666996.0,4825241.5,4712946.0,802572.0,782263.6,276643.0,379455.3,104984.6,43.5,28.2,10.3,247,24.0,11.9,209,690,885,1284,1924,2396,3143,2692,6907,576
1773912228,1,50378676.0,49394852.0,4789193.5,4706696.5,797914.6,781724.8,275617.2,378876.5,104965.6,53.7,28.2,10.3,248,24.0,12.0,209,689,884,1283,1924,2396,3142,2692,6908,577
1773912528,1,49969620.0,49061452.0,4778827.5,4670083.5,795280.8,776973.4,274701.2,377461.5,104948.1,63.4,28.2,10.3,303,24.0,12.0,209,689,885,1283,1923,2395,3142,2691,6905,577
1773912828,1,49700700.0,48934460.0,4768062.5,4663104.5,790811.5,774146.3,273783.5,377044.8,104930.5,74.9,28.2,10.4,274,24.0,12.0,209,689,884,1283,1923,2394,3140,2690,6903,577
1773913128,1,49539044.0,48790412.0,4755047.5,4665808.5,789590.2,771674.3,272698.3,375918.7,104913.0,84.4,28.2,10.4,295,24.0,12.1,209,689,884,1283,1923,2394,3141,2691,6903,576
1773913428,1,49155748.0,48552204.0,4731274.5,4638976.5,785754.3,767675.7,272240.4,374347.2,104895.1,92.8,28.2,10.4,306,24.0,12.1,209,689,884,1283,1924,2395,3142,2692,6906,577
1773913728,1,49062624.0,48171664.0,4716886.0,4616029.0,782697.9,766214.8,271425.0,373103.7,104877.2,103.3,28.2,10.4,341,24.0,12.2,209,689,884,1283,1923,2395,3141,2691,6903,576
1773914028,1,48825244.0,47739300.0,4699918.5,4608859.5,779099.9,763757.8,269912.9,372959.7,104859.9,113.2,28.2,10.4,327,24.0,12.2,209,690,885,1283,1924,2395,3142,2691,6905,576
1773914328,1,48635732.0,47587716.0,4681231.5,4590608.0,779156.8,758449.7,269246.1,371227.5,104843.1,121.3,28.1,10.5,363,24.0,12.2,209,689,884,1284,1923,2395,3142,2692,6905,577
1773914626,1,48480324.0,47352300.0,4673306.5,4572650.5,775178.1,757033.3,268705.8,370848.3,104826.0,128.4,28.2,10.5,342,24.0,12.2,209,689,885,1284,1923,2395,3142,2691,6905,577
1773914926,1,48246756.0,47208532.0,4651823.0,4557112.5,771476.8,752311.1,267751.8,369554.8,104809.0,141.4,28.2,10.5,394,24.0,12.2,209,689,884,1283,1923,2394,3141,2691,6904,576
1773915226,1,47998532.0,47164032.0,4639077.5,4545787.5,770363.4,752144.2,267621.5,368003.8,104791.6,148.3,28.1,10.5,386,24.0,12.3,209,689,884,1283,1923,2395,3142,2692,6905,576
1773915528,1,47849376.0,47020340.0,4623866.5,4531943.5,766805.1,750219.3,266745.7,367862.1,104774.2,157.3,28.2,10.5,409,24.0,12.3,209,689,884,1283,1924,2396,3142,2692,6905,576
1773915828,1,47620480.0,46793692.0,4609462.5,4519494.0,765735.3,746510.3,266276.6,366838.7,104757.5,168.9,28.1,10.5,420,24.0,12.3,210,690,885,1284,1924,2396,3142,2693,6908,576
1773916128,1,47308772.0,46407292.0,4601148.0,4508640.0,762040.8,744102.9,265539.7,365500.9,104740.5,172.4,28.1,10.5,432,24.0,12.3,209,690,884,1283,1924,2395,3142,2692,6905,577
1773916728,1,59026272.0,57804320.0,5341130.5,5227269.5,889256.8,870354.2,296311.3,403884.8,105070.4,0.0,28.0,9.4,140,23.8,10.7,209,690,884,1283,1923,2395,3142,2691,6903,576
1773917028,1,56121728.0,55031840.0,5199007.5,5094760.0,861885.4,845750.5,290097.3,398114.7,105074.0,0.0,28.1,9.7,113,23.9,11.2,209,689,884,1283,1924,2395,3142,2691,6906,577
1773917328,1,54753708.0,53806412.0,5096395.5,4994850.0,846013.2,826403.8,287251.3,393374.0,105066.2,0.0,28.1,9.9,168,23.9,11.5,209,689,884,1284,1923,2395,3142,2692,6904,576
1773917628,1,53663724.0,52647140.0,5045057.5,4950375.5,835597.8,817965.3,284716.2,390959.6,105053.5,0.0,28.1,10.0,158,24.0,11.6,209,689,884,1283,1923,2395,3142,2691,6905,576
1773917928,1,52990460.0,51915280.0,5007194.5,4895166.0,829521.8,809888.0,283189.8,388961.0,105038.4,5.5,28.1,10.1,172,24.0,11.7,209,689,884,1283,1924,2395,3142,2692,6905,577
1773918228,1,52505264.0,51667508.0,4976739.5,4878426.0,823235.2,805886.9,281038.7,387186.5,105023.3,15.5,28.1,10.1,216,24.0,11.8,209,689,884,1283,1924,2395,3142,2692,6905,577
1773918526,1,52118660.0,51331924.0,4933169.5,4843594.5,817786.3,798689.7,280186.5,384296.3,105007.2,26.5,28.1,10.2,199,24.0,11.9,209,689,884,1283,1924,2394,3141,2691,6904,576
1773918826,1,51880092.0,50975828.0,4936966.0,4824088.0,812959.3,794836.1,279358.3,383002.5,104990.1,35.9,28.1,10.2,230,24.0,11.9,209,689,884,1284,1923,2395,3141,2691,6904,577
1773919126,1,51627660.0,50712788.0,4906179.5,4806648.0,809000.9,790780.1,278218.9,382146.1,104973.1,38.4,28.1,10.2,229,24.0,11.9,209,689,884,1283,1923,2395,3142,2692,6905,576
1773919426,1,51030592.0,50197108.0,4879191.0,4772406.5,803940.2,787127.6,277131.8,380859.1,104955.4,50.1,28.1,10.3,281,24.0,12.0,209,689,884,1283,1923,2394,3141,2691,6903,576
1773919726,1,50770704.0,49637632.0,4857060.0,4754478.0,798660.5,782587.4,276217.1,379471.6,104937.4,63.7,28.1,10.3,295,24.0,12.0,209,689,884,1284,1923,2395,3141,2691,6904,576
1773920026,1,50556704.0,49634432.0,4843251.5,4743510.5,799202.2,779554.7,275121.2,378426.7,104921.0,69.3,28.1,10.3,303,24.0,12.1,209,689,885,1284,1924,2395,3141,2691,6904,576
1773920326,1,50243360.0,49360672.0,4828735.5,4726106.0,795287.1,778027.2,274611.5,377868.6,104902.9,78.2,28.1,10.4,298,24.0,12.1,209,689,884,1282,1923,2394,3140,2690,6902,576
1773920626,1,49947028.0,49055072.0,4806982.0,4711254.5,793046.8,774008.8,273744.4,376290.3,104886.1,91.8,28.1,10.4,324,24.0,12.1,209,689,884,1283,1923,2394,3141,2691,6903,577
1773920926,1,49844128.0,49057936.0,4800470.5,4691554.5,788203.8,769688.5,272832.0,375511.4,104869.5,94.5,28.1,10.4,324,24.0,12.1,209,689,884,1283,1923,2394,3142,2691,6904,576
1773921228,1,49715204.0,48601376.0,4762713.5,4666566.5,783671.2,766197.1,271960.2,374321.8,104852.5,107.5,28.1,10.4,326,24.0,12.1,209,689,884,1283,1923,2395,3142,2692,6905,576
1773921528,1,49219724.0,48282716.0,4760392.0,4656244.0,783266.1,764618.2,271477.2,373358.8,104836.6,116.3,28.1,10.4,358,24.0,12.2,209,689,884,1283,1923,2395,3141,2691,6903,576
1773921828,1,49015268.0,48115232.0,4743091.5,4650230.5,779549.7,762991.8,271199.9,372605.9,104818.5,123.6,28.1,10.5,356,24.0,12.2,209,689,884,1283,1923,2395,3142,2691,6904,576
1773922128,1,48769804.0,47804316.0,4730080.5,4630187.5,776400.8,757834.2,269152.7,371673.8,104801.4,132.0,28.1,10.5,377,24.0,12.2,209,689,884,1283,1924,2395,3141,2692,6906,577
1773922426,1,48624916.0,47714812.0,4717074.0,4618226.0,775038.2,757254.7,268594.6,370600.0,104784.4,144.6,28.1,10.5,422,24.0,12.3,209,690,885,1284,1924,2395,3142,2692,6906,577
1773922726,1,48391040.0,47591312.0,4699276.5,4602126.0,771456.3,754548.6,267814.1,369091.9,104768.2,153.6,28.1,10.5,405,24.0,12.3,209,690,884,1284,1924,2395,3142,2691,6906,576
1773923026,1,48361588.0,47489660.0,4687577.5,4589327.5,769279.8,749541.7,267004.0,369673.9,104750.2,168.6,28.1,10.5,412,24.0,12.3,209,689,884,1283,1923,2394,3141,2691,6904,576
1773923326,1,48065060.0,46981236.0,4671352.5,4571952.5,766481.8,748914.2,267215.3,369178.0,104733.0,179.3,28.1,10.5,430,24.0,12.3,209,689,884,1284,1924,2395,3142,2692,6904,577
1773923928,1,59715932.0,58454916.0,5411901.5,5312011.5,896883.7,877052.5,297743.0,406696.5,105042.7,0.0,28.0,9.4,105,23.8,10.7,209,689,884,1283,1924,2395,3142,2692,6905,576
1773924228,1,56791636.0,55792384.0,5258652.5,5154630.0,868263.6,847813.1,291730.1,400999.4,105047.6,0.0,28.0,9.7,137,23.9,11.2,209,690,884,1284,1924,2395,3142,2692,6906,576
1773924528,1,55202900.0,54238192.0,5164855.0,5058125.5,847379.3,832248.2,288526.7,396108.8,105040.1,0.0,28.1,9.9,208,23.9,11.4,209,689,884,1283,1924,2395,3141,2691,6904,576
1773924828,1,54329436.0,53154204.0,5117246.5,5017476.0,840324.4,821131.1,285731.9,393774.7,105029.0,0.0,28.1,10.0,183,24.0,11.6,209,690,885,1284,1923,2395,3141,2691,6905,577
1773925126,1,53880844.0,52713348.0,5058571.5,4981460.5,830413.3,815877.2,284163.9,390969.5,105016.1,5.0,28.1,10.0,203,24.0,11.7,209,689,884,1284,1924,2395,3142,2692,6906,576
1773925426,1,53034364.0,52177676.0,5041134.5,4928526.5,825935.2,808245.0,282313.6,389013.8,105001.4,17.9,28.1,10.1,200,24.0,11.8,209,690,884,1283,1924,2396,3142,2692,6906,577
1773925726,1,52663860.0,51779888.0,5001874.0,4905048.0,820378.8,805180.9,281209.8,387518.3,104985.2,25.5,28.1,10.2,206,24.0,11.8,209,689,884,1283,1923,2395,3141,2691,6904,576
1773926026,1,52256448.0,51210224.0,4977872.0,4897698.5,815696.9,797748.5,279753.4,384970.5,104968.7,34.3,28.1,10.2,221,24.0,11.9,209,690,884,1283,1923,2395,3141,2691,6905,576
1773926326,1,51791060.0,51047324.0,4962302.0,4862100.5,812305.7,793396.1,278241.3,384652.8,104951.5,46.0,28.1,10.2,240,24.0,11.9,209,689,884,1284,1923,2396,3142,2692,6906,577
1773926628,1,51533824.0,50737932.0,4932591.5,4847745.5,809356.3,793274.6,278278.0,381995.4,104934.9,54.3,28.1,10.3,266,24.0,12.0,209,689,884,1283,1924,2396,3143,2692,6906,576
1773926928,1,51206876.0,50185660.0,4914620.0,4810054.0,804827.7,785579.7,277090.8,381667.8,104917.8,61.6,28.1,10.3,287,24.0,12.0,209,689,885,1284,1924,2395,3142,2692,6906,576
1773927228,1,50936912.0,49995276.0,4904354.0,4804724.5,802517.8,784138.4,275800.7,379615.1,104900.5,73.6,28.1,10.3,304,24.0,12.0,209,689,884,1283,1923,2395,3141,2691,6904,576
1773927528,1,50559488.0,49878320.0,4886046.5,4776586.5,798558.6,779750.2,275104.2,378720.7,104884.3,80.4,28.1,10.3,296,24.0,12.1,209,689,884,1283,1923,2396,3142,2692,6906,577
1773927828,1,50462560.0,49577228.0,4877086.5,4763656.0,792236.4,776986.7,274907.2,378121.7,104867.4,93.4,28.1,10.4,299,24.0,12.1,209,690,884,1284,1924,2397,3143,2693,6909,577
1773928126,1,50001472.0,49294896.0,4854374.0,4756132.5,790836.1,773746.5,273414.6,377232.7,104853.4,103.7,28.1,10.4,305,24.0,12.1,209,690,885,1284,1925,2396,3143,2693,6908,577
1773928426,1,50012468.0,49021180.0,4836404.0,4733976.0,787823.0,769576.4,272531.2,375253.5,104837.5,112.5,28.1,10.4,329,24.0,12.2,209,690,885,1284,1924,2396,3143,2692,6907,576
1773928726,1,49517108.0,48650300.0,4811741.5,4712603.5,784401.7,766880.0,272360.7,375092.1,104820.9,125.2,28.1,10.4,333,24.0,12.2,209,689,885,1283,1923,2395,3142,2692,6906,576
1773929026,1,49360132.0,48502572.0,4792004.0,4705200.0,782389.7,763975.5,271214.6,374551.5,104803.5,137.2,28.1,10.4,364,24.0,12.2,209,690,885,1284,1924,2396,3143,2692,6906,577
1773929326,1,49226588.0,48195188.0,4785227.5,4681002.5,779129.4,762582.7,271037.3,373167.3,104785.6,142.3,28.1,10.4,370,24.0,12.2,209,689,884,1283,1923,2395,3142,2691,6905,577
1773929626,1,48876484.0,48228304.0,4774239.0,4677616.0,776993.7,758717.7,270203.2,372375.8,104767.8,149.2,28.1,10.5,385,24.0,12.2,209,689,885,1284,1923,2395,3142,2692,6904,577
1773929926,1,48720444.0,48041892.0,4745538.0,4654126.0,774402.0,756875.9,268340.2,371532.7,104750.9,162.0,28.1,10.5,394,24.0,12.2,209,689,884,1283,1924,2395,3142,2692,6905,576
1773930228,1,48605760.0,47825156.0,4739300.5,4651827.5,771417.3,755543.6,267781.7,370759.8,104734.1,173.8,28.1,10.5,399,24.0,12.3,209,689,884,1283,1924,2395,3142,2692,6904,576
1773930528,1,48321420.0,47434804.0,4723937.5,4629507.5,769909.2,752750.6,267446.9,368771.0,104716.9,182.2,28.1,10.5,414,24.0,12.3,209,689,885,1284,1924,2395,3142,2692,6906,576
1773931128,1,59797120.0,58493008.0,5477295.5,5381330.0,896715.1,877384.0,297437.9,406583.8,105079.7,0.0,28.0,9.4,141,23.8,10.7,209,689,884,1283,1923,2395,3141,2691,6905,577
1773931426,1,56618352.0,55516672.0,5314172.0,5213186.0,865456.2,848961.0,291436.9,400985.6,105082.9,0.0,28.1,9.7,135,23.9,11.2,209,689,884,1283,1924,2395,3141,2691,6904,577
1773931726,1,55332508.0,54161772.0,5235638.0,5123878.5,850157.2,833231.2,288160.3,396019.2,105074.1,0.0,28.1,9.9,159,23.9,11.4,209,689,884,1284,1924,2396,3143,2693,6907,577
1773932026,1,54368668.0,53502864.0,5177469.0,5102164.5,839659.9,820582.2,285789.3,392655.0,105060.8,2.5,28.1,10.0,207,24.0,11.5,209,689,884,1283,1923,2394,3141,2691,6904,576
1773932326,1,53764188.0,52888944.0,5122990.5,5003228.5,831877.9,814372.4,283569.5,390231.6,105045.4,14.8,28.1,10.1,166,24.0,11.6,209,690,885,1284,1924,2396,3142,2692,6906,576
1773932626,1,53248784.0,52279188.0,5119008.0,4979963.5,827192.1,808763.3,282499.2,388140.2,105028.1,20.7,28.1,10.1,201,24.0,11.8,209,690,884,1284,1924,2396,3142,2692,6906,577
1773932926,1,52868612.0,51667872.0,5080103.5,4958438.0,818632.0,805050.2,280506.9,387135.8,105011.0,26.8,28.1,10.1,202,24.0,11.8,209,689,885,1284,1924,2395,3143,2692,6907,576
1773933228,1,52467104.0,51636972.0,5067439.5,4913770.0,816658.2,797886.5,279850.4,384704.0,104993.2,39.5,28.1,10.2,206,24.0,11.9,209,689,885,1284,1924,2396,3142,2693,6908,577
1773933528,1,52010628.0,51125840.0,5032105.5,4931863.5,812965.5,795072.9,278708.4,383594.1,104975.1,45.2,28.1,10.2,221,23.9,11.9,210,689,885,1284,1924,2396,3142,2692,6906,576
1773933828,1,51759348.0,50755236.0,4970794.0,4888590.0,808758.2,790456.0,278188.2,382388.2,104957.6,56.7,28.1,10.2,255,24.0,12.0,209,690,884,1283,1924,2395,3141,2691,6905,576
1773934128,1,51563908.0,50510524.0,4956486.5,4862524.0,803579.8,788813.7,276996.9,381499.9,104938.8,66.0,28.1,10.3,260,23.9,12.0,209,690,884,1283,1924,2395,3142,2691,6904,577
1773934426,1,51113156.0,50074228.0,4942014.5,4828761.5,801630.1,784409.2,275613.1,380603.6,104921.2,76.7,28.1,10.3,306,23.9,12.0,209,689,884,1283,1923,2394,3141,2691,6903,576
1773934726,1,51005024.0,50019808.0,4928309.5,4812782.0,798440.7,780009.4,275707.7,379240.4,104902.6,85.8,28.1,10.3,302,23.9,12.0,209,690,884,1283,1924,2396,3142,2692,6906,577
1773935026,1,50514228.0,49657044.0,4898644.5,4805678.5,795755.9,778151.3,274334.6,377774.2,104885.2,93.7,28.1,10.3,345,23.9,12.0,209,689,885,1283,1925,2397,3143,2693,6907,576
1773935326,1,50334208.0,49434880.0,4876872.5,4794388.5,790161.5,773933.8,273502.7,376534.6,104867.4,100.6,28.1,10.3,334,23.9,12.1,209,689,885,1284,1924,2395,3142,2692,6906,576
1773935626,1,49869268.0,49076368.0,4869061.5,4775116.5,786042.5,769430.8,273065.0,375765.6,104850.3,105.6,28.1,10.4,336,23.9,12.1,209,690,884,1284,1924,2396,3142,2692,6905,576
1773935926,1,49687708.0,48916980.0,4850562.0,4759025.5,785083.7,767616.2,272303.8,375048.9,104833.2,118.9,28.1,10.4,341,23.9,12.2,209,689,884,1284,1924,2395,3142,2691,6905,576
1773936226,1,49535356.0,48506732.0,4839124.5,4739404.5,781994.7,765645.9,271865.0,373819.1,104816.6,127.4,28.1,10.4,352,23.9,12.2,209,689,884,1283,1924,2396,3142,2692,6906,577
1773936526,1,49485284.0,48560892.0,4834796.5,4727219.5,780659.1,762947.5,270536.4,373528.0,104799.7,140.3,28.1,10.5,357,23.9,12.2,209,689,884,1284,1924,2395,3141,2691,6905,577
1773936826,1,49127660.0,48244780.0,4800708.5,4700298.0,778199.7,759932.4,270029.3,372087.5,104783.2,148.6,28.1,10.4,398,23.9,12.2,209,690,885,1284,1924,2396,3143,2692,6906,577
1773937126,1,49034156.0,47978196.0,4787852.5,4695404.0,774825.4,756365.9,268620.5,371808.9,104766.0,158.7,28.1,10.5,402,23.9,12.2,209,690,885,1284,1924,2396,3142,2692,6906,577
1773937428,1,48705396.0,47803380.0,4782435.5,4675440.0,772597.2,755490.1,267921.0,370054.3,104749.4,167.2,28.1,10.5,423,23.9,12.3,209,690,885,1284,1925,2396,3143,2693,6909,578
1773937728,1,48660316.0,47737376.0,4763974.5,4671212.0,767897.5,751991.8,267019.8,370362.8,104732.4,174.1,28.1,10.5,434,23.9,12.3,209,689,885,1284,1925,2396,3143,2693,6907,576
1773938328,1,60016608.0,58877216.0,5530828.5,5420564.5,897036.2,878925.9,297033.9,406647.0,105262.8,0.0,27.9,9.3,104,23.8,10.7,209,689,884,1284,1924,2395,3142,2691,6906,576
1773938628,1,56989644.0,55814596.0,5367328.5,5264006.0,866976.9,846872.3,291642.1,400138.6,105265.6,0.0,28.0,9.7,145,23.8,11.2,209,689,884,1284,1924,2396,3142,2692,6906,576
1773938928,1,55494708.0,54362548.0,5268227.5,5167462.5,850730.2,832704.2,287930.9,395478.2,105256.9,0.0,28.0,9.9,176,23.9,11.4,209,689,884,1284,1923,2395,3141,2692,6904,576
1773939228,1,54495124.0,53347804.0,5216342.0,5119501.5,838643.4,818707.8,284792.7,392476.3,105244.0,0.0,28.0,10.0,186,23.9,11.5,209,690,885,1284,1925,2396,3143,2693,6907,577
1773939528,1,53906468.0,52908372.0,5182264.0,5074430.5,830247.1,813053.1,283192.3,389938.8,105229.0,6.7,28.0,10.0,199,23.9,11.6,209,690,884,1284,1923,2396,3142,2692,6906,577
1773939826,1,53350080.0,52128228.0,5140983.5,5033987.5,824895.8,806271.4,281488.8,388079.2,105212.5,12.1,28.0,10.1,196,23.9,11.7,140,460,589,856,1924,2395,3142,2692,6906,577
1773940126,1,52778756.0,51905220.0,5118275.5,5014308.5,817773.1,801806.3,280158.0,385489.0,105195.6,23.8,28.0,10.1,198,23.9,11.8,209,689,884,1284,1924,2395,3142,2692,6906,576
1773940428,1,52622756.0,51509964.0,5097225.5,4987132.0,813366.3,798393.2,278998.7,383910.9,105178.3,32.8,28.0,10.2,225,23.9,11.8,209,689,884,1283,1924,2396,3142,2691,6906,576
1773940728,1,52168256.0,51113868.0,5059068.5,4953354.0,812501.8,791852.2,278372.8,382653.4,105160.6,40.6,28.0,10.2,227,23.9,11.9,209,689,884,1284,1924,2395,3142,2692,6905,576
1773941028,1,51860060.0,50638400.0,5046064.5,4946621.5,806328.3,788692.5,277667.7,382124.6,105142.4,50.7,28.0,10.2,253,23.9,11.9,209,689,885,1284,1924,2396,3143,2692,6908,577
1773941328,1,51438068.0,50558276.0,5028051.5,4924123.5,804780.5,785855.6,276565.4,379930.3,105124.6,60.3,28.0,10.2,275,23.9,12.0,209,689,884,1283,1924,2396,3142,2691,6905,577
1773941626,1,51336672.0,50422364.0,5008667.5,4906839.5,798156.4,781049.1,275856.6,379341.4,105107.8,71.8,28.0,10.3,257,23.9,12.0,209,690,884,1284,1924,2395,3142,2692,6906,576
1773941926,1,51034960.0,49985392.0,4994826.0,4862428.5,796674.2,779090.2,274923.3,378616.5,105089.7,77.4,28.0,10.3,300,23.9,12.0,209,690,884,1284,1924,2396,3142,2692,6907,577
1773942226,1,50772852.0,49744480.0,4942850.5,4854240.5,792738.8,776138.2,273649.3,377461.4,105072.0,86.3,28.0,10.3,310,23.9,12.1,209,690,885,1284,1924,2397,3144,2693,6909,577
1773942526,1,50431872.0,49476532.0,4954644.5,4806790.5,790396.8,774253.2,273124.1,376466.3,105054.7,98.5,28.0,10.4,308,23.9,12.1,209,689,884,1284,1925,2396,3143,2692,6907,576
1773942826,1,50142116.0,49223724.0,4916755.5,4809574.0,786716.8,769124.4,272801.8,375844.5,105037.1,106.7,28.0,10.3,326,23.9,12.1,209,689,884,1283,1923,2394,3141,2691,6903,576
1773943126,1,49981196.0,48836336.0,4898805.5,4787842.5,783514.5,767155.3,271851.6,374556.5,105019.7,113.3,28.0,10.4,392,23.9,12.2,209,689,884,1284,1924,2396,3143,2692,6907,576
1773943426,1,49628080.0,48779996.0,4894586.5,4756912.5,781026.2,763075.1,271074.8,374022.7,105002.1,121.0,28.0,10.4,369,23.9,12.2,209,690,884,1283,1924,2395,3142,2691,6906,577
1773943727,1,49340820.0,48277884.0,4872650.5,4743238.0,778133.9,762780.8,270213.1,373472.2,104984.9,132.0,28.0,10.4,394,23.9,12.2,209,690,885,1283,1923,2395,3141,2691,6904,576
1773944026,1,49277872.0,48327892.0,4846683.5,4734982.5,775280.2,758666.5,269874.4,372219.5,104967.1,137.8,28.0,10.4,391,23.9,12.3,209,689,884,1283,1923,2395,3140,2690,6903,576
1773944328,1,49039348.0,48108188.0,4839952.0,4702619.5,774536.4,756736.6,269307.0,370873.1,104950.6,152.3,28.0,10.4,402,23.9,12.2,210,690,884,1284,1924,2396,3142,2692,6907,578
1773944628,1,48855508.0,48026052.0,4799430.0,4694829.0,772164.2,755151.5,268767.0,370029.2,104933.4,157.8,28.0,10.5,413,23.9,12.3,209,689,884,1284,1924,2395,3142,2691,6906,576
1773944928,1,48590208.0,47643844.0,4795372.5,4679944.0,768631.0,752294.9,267374.9,368544.8,104915.8,163.3,28.0,10.5,403,23.9,12.2,209,689,885,1283,1923,2395,3142,2692,6905,576
1773945528,1,59933620.0,58670580.0,5543622.0,5420286.0,892545.8,874724.5,296157.5,406426.3,105164.2,0.0,27.9,9.3,132,23.7,10.7,210,690,884,1284,1924,2396,3142,2692,6906,577
1773945828,1,56912684.0,55710940.0,5366375.5,5266054.0,860628.9,840789.0,290325.3,399492.5,105166.9,0.0,28.0,9.7,120,23.8,11.1,209,689,884,1284,1924,2394,3141,2691,6904,577
1773946128,1,54995084.0,53987952.0,5281556.5,5174472.0,844142.6,822961.2,286056.8,393854.0,105159.0,0.0,28.0,9.8,176,23.8,11.4,209,689,885,1284,1924,2396,3142,2692,6906,577
1773946428,1,54031884.0,53004608.0,5231615.5,5131206.0,831344.7,814823.2,283730.3,391135.4,105146.7,0.0,28.0,9.9,203,23.9,11.5,209,689,884,1283,1924,2395,3141,2692,6905,577
1773946728,1,53366156.0,52330316.0,5177336.0,5082475.5,823652.1,809961.0,282021.8,388687.2,105131.9,2.9,28.0,10.0,174,23.9,11.6,209,690,884,1284,1925,2396,3143,2692,6907,577
1773947028,1,53089056.0,51854860.0,5144541.5,5034641.0,819055.9,802244.7,280539.3,385711.3,105115.4,11.9,28.0,10.1,175,23.9,11.7,209,689,884,1284,1924,2395,3142,2693,6907,577
1773947328,1,52386764.0,51378880.0,5117767.5,5012426.5,814079.9,796412.0,279602.2,384416.4,105098.5,20.8,28.0,10.1,214,23.9,11.8,209,689,884,1284,1924,2396,3142,2691,6906,577
1773947628,1,52080388.0,50909500.0,5087947.0,4984516.0,809315.4,791426.5,277620.0,382621.4,105081.1,31.4,28.0,10.1,217,23.9,11.8,209,689,884,1283,1924,2395,3141,2691,6905,576
1773947928,1,51719780.0,50675124.0,5072862.0,4962094.5,804991.4,786820.9,276807.9,381432.8,105064.2,38.0,28.0,10.2,211,23.9,11.8,209,689,884,1284,1924,2395,3141,2691,6904,577
1773948226,1,51300684.0,50375196.0,5037868.5,4934493.5,801471.0,782148.9,275747.8,380639.2,105047.4,46.3,28.0,10.2,261,23.9,11.9,209,690,884,1284,1924,2396,3143,2692,6906,576
1773948526,1,51098612.0,50117516.0,5035166.5,4917369.5,796746.8,781041.2,275311.9,378850.4,105031.4,57.1,28.0,10.2,281,23.9,12.0,209,689,884,1284,1924,2395,3142,2691,6905,577
1773948826,1,50802832.0,49837940.0,5008203.5,4886016.5,792335.4,776677.7,274364.3,378270.5,105014.8,66.3,28.0,10.3,330,23.9,12.0,209,690,884,1283,1924,2395,3142,2692,6906,576
1773949126,1,50737632.0,49563748.0,4988422.0,4863453.5,790701.9,771362.0,273328.2,377184.6,104997.8,77.3,28.0,10.3,293,23.9,12.0,209,689,884,1283,1924,2395,3142,2691,6906,576
1773949426,1,50318992.0,49313836.0,4971352.5,4845018.0,784623.7,770267.5,272588.9,376384.2,104980.2,87.3,28.0,10.3,315,23.9,12.0,209,689,884,1283,1923,2395,3141,2691,6903,576
1773949726,1,50137452.0,48895552.0,4947719.5,4801448.0,781528.2,765651.4,271592.5,375583.7,104963.2,98.7,28.0,10.3,321,23.9,12.1,209,689,884,1284,1924,2395,3141,2691,6905,576
1773950026,1,49901900.0,48826084.0,4933206.0,4789723.5,781804.3,763564.0,271024.0,374486.2,104946.1,105.6,28.0,10.4,344,23.9,12.1,209,689,884,1283,1924,2395,3141,2691,6903,576
1773950326,1,49517516.0,48371636.0,4913066.0,4761972.0,777506.0,760934.7,270272.6,373667.0,104929.3,112.3,28.0,10.4,357,23.9,12.1,210,689,885,1284,1925,2396,3142,2692,6907,577
1773950626,1,49498596.0,48322420.0,4894050.5,4741434.0,775647.4,759730.0,269817.7,372050.4,104912.3,119.7,28.0,10.4,352,23.9,12.2,209,690,884,1284,1924,2395,3142,2691,6906,576
1773950928,1,49066900.0,48070540.0,4878788.5,4716294.0,771753.9,756273.8,269045.1,371730.1,104896.0,132.9,28.0,10.4,348,23.9,12.2,209,689,884,1284,1924,2396,3143,2692,6907,577
1773951228,1,48966400.0,48052624.0,4863615.5,4692420.5,769006.0,752621.8,267622.3,370981.6,104878.8,141.2,28.0,10.4,386,23.9,12.2,209,690,884,1284,1924,2396,3142,2691,6906,576
1773951528,1,48855476.0,47671652.0,4835548.0,4673281.5,769022.7,751458.5,266908.0,370235.0,104862.0,147.2,28.0,10.5,388,23.9,12.2,209,690,884,1284,1925,2396,3143,2692,6909,577
1773951828,1,48614924.0,47612236.0,4826288.0,4668913.5,764634.2,750984.2,265896.2,367674.4,104845.6,160.9,28.0,10.4,411,23.9,12.2,209,689,885,1284,1925,2396,3143,2692,6908,577
1773952126,1,48304884.0,47480576.0,4806098.0,4648984.5,762403.8,746732.1,265457.8,367261.7,104828.7,167.1,28.0,10.5,423,23.9,12.3,209,689,885,1284,1924,2396,3143,2692,6908,577
1773952726,1,59295024.0,58334128.0,5540639.5,5424918.0,886659.8,867389.2,294570.5,403861.7,105122.9,0.0,27.9,9.3,139,23.7,10.7,209,690,884,1285,1925,2397,3143,2693,6908,576
1773953026,1,56302564.0,55273804.0,5376768.0,5263132.0,854916.2,836752.2,288685.2,397787.5,105126.9,0.0,27.9,9.7,140,23.8,11.2,209,689,884,1284,1924,2395,3141,2691,6905,576
1773953326,1,54705868.0,53782560.0,5284698.5,5180908.0,839175.8,819224.3,284603.6,392430.2,105119.3,0.0,28.0,9.8,179,23.8,11.4,209,690,884,1284,1924,2395,3142,2692,6906,576
1773953626,1,53733812.0,52632676.0,5231464.5,5128149.5,827567.0,812661.8,283199.0,389968.8,105107.6,0.0,28.0,9.9,177,23.8,11.5,209,690,884,1284,1924,2395,3142,2691,6905,576
1773953926,1,53186672.0,52181740.0,5193419.5,5086250.0,819998.4,803178.0,280576.7,387675.7,105092.8,6.4,28.0,10.0,208,23.8,11.6,209,690,884,1284,1924,2396,3142,2691,6907,576
1773954226,1,52649324.0,51641588.0,5165080.5,5037239.0,814326.2,795535.8,279491.1,384519.1,105076.2,12.3,28.0,10.1,199,23.9,11.7,209,690,885,1284,1925,2396,3143,2692,6908,577
1773954526,1,52194992.0,51187676.0,5135846.0,5007524.5,809507.7,791336.8,278110.7,383855.2,105059.5,18.3,28.0,10.1,221,23.9,11.7,209,689,884,1284,1924,2395,3143,2692,6907,576
1773954828,1,51849284.0,50927552.0,5107844.5,4967556.0,804154.8,787497.7,276936.7,381778.2,105043.1,26.8,28.0,10.1,231,23.9,11.8,209,690,884,1284,1924,2396,3142,2692,6908,577
1773955128,1,51463932.0,50462340.0,5078634.5,4938619.5,799308.8,784044.2,275679.6,380179.0,105026.3,39.8,28.0,10.2,255,23.9,11.8,209,689,884,1284,1924,2396,3142,2692,6906,576
1773955428,1,51247216.0,50100276.0,5047578.5,4901116.0,796348.7,779839.2,275010.6,379044.6,105009.4,45.8,28.0,10.2,239,23.9,11.9,209,689,885,1284,1925,2396,3143,2692,6907,576
1773955728,1,51038540.0,49823760.0,5029342.5,4885855.5,794122.2,775682.0,274364.0,378044.9,104992.3,54.9,28.0,10.2,235,23.9,11.9,209,689,885,1284,1924,2396,3142,2692,6907,577
1773956028,1,50772560.0,49725696.0,5000311.5,4868329.5,787346.4,772769.2,273035.3,377076.0,104976.3,65.7,28.0,10.2,295,23.9,12.0,209,689,885,1284,1925,2396,3143,2692,6908,577
1773956326,1,50305680.0,49388516.0,4986544.5,4834926.5,785056.3,769303.2,272557.9,376547.0,104959.2,74.9,28.0,10.3,292,23.9,12.0,209,689,884,1283,1924,2395,3142,2691,6906,577
1773956626,1,50016372.0,48957772.0,4958492.5,4806344.0,783967.2,766700.6,271674.4,375481.0,104943.0,81.0,28.0,10.3,300,23.9,12.0,209,690,884,1284,1924,2396,3142,2692,6908,577
1773956926,1,49875996.0,48821616.0,4936646.0,4783746.0,779448.0,762962.0,270887.8,374266.6,104927.2,85.0,28.0,10.3,308,23.9,12.1,209,689,885,1284,1925,2396,3143,2692,6908,576
1773957226,1,49550980.0,48538316.0,4904645.5,4756820.5,776773.8,759762.0,270499.4,373032.2,104910.6,99.5,28.0,10.3,324,23.9,12.1,209,690,885,1285,1924,2396,3143,2692,6907,577
1773957528,1,49355040.0,48396212.0,4904141.5,4736421.5,775008.0,758059.3,269661.4,372334.1,104894.0,105.6,28.0,10.4,321,23.9,12.1,209,689,884,1284,1924,2395,3142,2691,6906,577
1773957828,1,49116316.0,48144220.0,4878336.0,4702572.0,769940.3,755222.8,268624.7,371316.7,104876.8,115.6,28.0,10.4,348,23.9,12.1,209,689,884,1284,1924,2395,3142,2691,6905,576
1773958128,1,48909932.0,47978508.0,4861518.5,4686214.5,769095.2,753757.5,266758.0,369973.6,104860.3,124.8,28.0,10.4,339,23.9,12.1,209,690,885,1284,1925,2396,3142,2692,6907,577
1773958428,1,48817436.0,47736800.0,4830402.0,4664730.5,767680.6,750191.2,265552.9,368261.1,104844.1,133.1,28.0,10.4,373,23.9,12.2,209,690,884,1284,1924,2396,3142,2691,6906,577
1773958726,1,48275952.0,47403188.0,4792013.0,4635268.0,762351.9,746076.2,265484.1,367453.6,104828.2,151.5,28.0,10.4,369,23.9,12.2,209,690,884,1284,1924,2395,3143,2692,6907,577
1773959026,1,48152192.0,47122484.0,4787473.5,4628342.5,759636.0,744952.3,265972.8,366613.5,104811.4,153.9,28.0,10.4,389,23.9,12.2,209,690,884,1284,1924,2395,3141,2691,6903,576
1773959326,1,48040628.0,46913180.0,4748670.5,4595785.5,757117.5,739814.0,263756.1,365911.9,104796.0,165.2,28.0,10.5,411,23.9,12.3,209,689,884,1284,1924,2396,3142,2691,6905,576
1773959928,1,58765996.0,57475616.0,5516297.5,5413478.0,876112.1,854892.1,290880.2,399793.2,105118.6,0.0,27.9,9.3,147,23.7,10.7,209,689,885,1284,1924,2395,3141,2691,6904,576
1773960226,1,55450052.0,54326400.0,5347522.5,5231764.0,841592.7,824174.7,285340.2,392876.9,105122.2,0.0,27.9,9.7,148,23.8,11.1,209,690,884,1284,1924,2396,3142,2691,6907,577
1773960526,1,53934180.0,52670948.0,5248724.0,5123508.5,824516.2,808479.5,281579.5,386599.7,105114.3,0.0,28.0,9.8,145,23.8,11.3,209,690,884,1284,1924,2395,3142,2690,6905,576
1773960826,1,52991900.0,51789724.0,5198832.5,5050794.5,814027.6,796994.2,279340.5,384450.3,105101.1,0.0,28.0,9.9,190,23.8,11.5,209,689,884,1284,1924,2395,3141,2690,6903,576
1773961126,1,52373532.0,51195980.0,5128696.5,4996301.5,807250.5,790326.7,277632.8,381621.5,105086.4,1.7,28.0,10.0,169,23.8,11.6,209,690,884,1284,1925,2396,3143,2693,6910,577
1773961426,1,51713828.0,50668004.0,5102286.5,4942992.5,800401.5,783987.8,276215.0,380135.0,105070.1,7.8,28.0,10.0,178,23.9,11.7,209,689,884,1283,1923,2395,3140,2690,6904,576
1773961728,1,51295904.0,50212720.0,5054309.5,4909679.5,795689.5,777982.6,274647.6,378857.9,105053.3,12.4,28.0,10.1,222,23.8,11.7,209,690,884,1283,1924,2395,3142,2691,6906,576
1773962028,1,51049664.0,49859712.0,5015109.5,4872969.0,791820.7,773682.9,273536.5,377183.5,105036.1,24.8,28.0,10.1,241,23.8,11.8,209,690,884,1284,1924,2395,3141,2692,6905,577
1773962326,1,50681760.0,49583588.0,5004025.5,4853003.5,787471.8,771349.9,272488.1,376406.8,105019.3,37.6,28.0,10.1,234,23.8,11.8,209,689,884,1283,1924,2395,3141,2691,6903,577
1773962626,1,50219924.0,49278640.0,4973120.5,4820996.5,784026.8,768751.9,272018.2,374691.6,105003.0,48.3,28.0,10.2,259,23.9,11.9,209,690,885,1284,1924,2396,3142,2692,6909,576
1773962926,1,50023088.0,49140608.0,4948079.5,4818344.5,780987.3,763558.3,270915.1,373874.5,104986.2,56.1,28.0,10.2,271,23.9,11.9,209,689,884,1283,1924,2395,3141,2690,6904,577
1773963226,1,49752704.0,48776496.0,4922727.5,4765500.5,777325.4,760964.9,270264.6,373185.0,104969.4,68.7,28.0,10.2,255,23.9,12.0,209,690,885,1283,1924,2395,3141,2691,6904,576
1773963528,1,49460788.0,48409748.0,4907995.5,4724099.5,773136.6,757273.7,269207.2,372365.5,104952.3,73.4,28.0,10.3,296,23.9,12.0,209,690,884,1284,1924,2395,3141,2691,6905,576
1773963828,1,49249392.0,48426108.0,4873120.5,4713548.0,771650.6,754943.0,268507.6,371013.8,104936.3,85.4,28.0,10.3,290,23.9,12.0,209,689,884,1284,1924,2395,3142,2691,6905,577
1773964126,1,49062612.0,47977028.0,4862595.5,4680933.5,770095.9,751499.9,267568.6,369452.9,104919.6,92.9,28.0,10.3,307,23.9,12.1,209,690,885,1284,1924,2395,3141,2691,6905,577
1773964426,1,48756384.0,47757424.0,4830292.5,4667345.5,767044.8,750214.7,266717.7,367896.9,104902.8,93.9,28.0,10.3,341,23.9,12.1,209,690,884,1284,1924,2395,3141,2691,6904,576
1773964726,1,48438868.0,47511868.0,4796986.5,4634818.0,762039.4,745501.0,265605.6,367336.4,104886.9,105.7,28.0,10.4,331,23.9,12.1,209,690,884,1284,1924,2395,3141,2691,6904,576
1773965026,1,48236052.0,47181948.0,4785766.0,4625380.5,760910.8,744648.8,264588.8,365696.5,104870.3,115.8,28.0,10.4,349,23.9,12.1,209,690,884,1284,1924,2395,3142,2691,6904,577
1773965328,1,48024460.0,47116052.0,4759773.5,4618652.0,757965.7,739138.3,264019.2,365828.9,104853.9,122.0,28.0,10.4,374,23.9,12.1,209,690,885,1284,1924,2395,3141,2690,6904,577
1773965628,1,47876324.0,46885568.0,4744208.0,4586286.5,755063.4,738274.4,263380.6,364741.0,104837.4,136.8,28.0,10.4,373,23.9,12.2,209,689,884,1284,1923,2394,3140,2691,6903,576
1773965928,1,47734636.0,46754588.0,4732474.5,4572441.5,753924.8,736052.8,262513.8,363960.0,104821.1,142.7,28.0,10.4,405,23.9,12.2,209,689,884,1283,1923,2394,3140,2690,6902,577
1773966226,1,47612720.0,46659168.0,4702739.0,4557202.0,751640.2,734838.3,261975.4,363244.2,104815.0,151.2,28.0,10.4,396,23.9,12.2,209,690,885,1284,1924,2396,3142,2692,6906,576
1773966526,1,47379616.0,46317012.0,4687208.5,4535544.5,747592.4,731375.8,261657.4,362080.0,104807.1,160.5,28.0,10.5,397,23.9,12.3,209,689,884,1283,1924,2395,3141,2690,6904,577
1773967126,1,55048572.0,53780980.0,5243131.5,5122649.5,828829.1,804836.8,277867.9,378303.8,105091.3,0.0,27.9,9.3,148,23.8,10.6,209,689,884,1284,1924,2396,3141,2691,6905,577
1773967426,1,51660164.0,50435204.0,5042330.0,4906972.5,795332.6,774046.2,271561.2,369825.8,105102.1,0.0,28.0,9.7,133,23.9,11.1,209,689,884,1284,1923,2394,3140,2690,6903,576
1773967728,1,50019108.0,48880132.0,4934222.0,4780452.5,776968.7,756041.1,267004.8,366351.8,105096.5,0.0,28.1,9.8,142,23.9,11.4,209,690,884,1284,1924,2395,3141,2691,6906,577
1773968028,1,49152704.0,48298132.0,4860034.0,4683716.0,766200.4,746096.2,264692.2,363379.7,105086.4,0.0,28.1,9.9,169,24.0,11.5,209,689,884,1283,1923,2395,3140,2690,6903,576
1773968328,1,48399348.0,47478548.0,4787090.0,4629884.5,759333.8,740197.9,262642.8,361014.5,105074.5,0.6,28.1,10.0,155,24.0,11.6,209,690,884,1284,1924,2395,3141,2691,6904,577
1773968626,1,47781280.0,46922644.0,4743842.5,4571688.5,751987.2,732122.5,260788.1,359842.5,105060.8,8.0,28.1,10.0,199,24.0,11.7,209,689,885,1284,1923,2395,3141,2691,6905,577
1773968926,1,47700460.0,46658516.0,4695601.5,4542396.5,746596.8,727279.6,259584.6,357839.1,105044.9,18.9,28.2,10.1,200,24.0,11.8,209,689,884,1283,1924,2395,3141,2691,6905,576
1773969226,1,47063044.0,46130588.0,4669797.5,4514533.5,744667.0,724865.0,258694.7,356596.3,105028.8,27.5,28.2,10.1,219,24.0,11.8,209,689,884,1283,1923,2395,3141,2690,6903,576
1773969526,1,46897232.0,45954688.0,4635369.5,4485739.5,739396.8,722217.4,257362.4,355397.4,105012.0,40.1,28.2,10.1,241,24.0,11.9,209,689,884,1284,1924,2395,3141,2691,6905,577
1773969826,1,46544404.0,45642884.0,4600014.0,4452474.0,736882.3,718245.9,256713.1,353583.6,104994.4,48.9,28.2,10.2,274,24.0,11.9,209,690,885,1284,1923,2396,3141,2691,6906,576
1773970128,1,46173660.0,45201104.0,4572595.5,4424183.5,732005.0,711714.1,256319.0,353522.5,104977.2,55.7,28.1,10.2,252,24.0,11.9,209,689,885,1283,1924,2394,3141,2691,6904,576
1773970428,1,45916620.0,45193632.0,4550454.5,4418153.5,729755.8,710082.8,255484.6,351795.2,104960.0,66.0,28.2,10.3,273,24.0,12.0,209,689,884,1284,1923,2395,3140,2691,6905,576
1773970728,1,45714284.0,44866420.0,4528293.5,4379036.0,727973.2,707407.6,254749.3,351274.3,104941.8,70.9,28.2,10.3,294,24.0,12.0,209,690,885,1284,1924,2396,3142,2691,6907,577
1773971028,1,45595872.0,44777540.0,4515645.5,4378290.0,723500.2,705695.7,254131.2,350925.8,104924.1,82.4,28.2,10.3,317,24.0,12.0,209,689,885,1283,1924,2395,3142,2691,6906,577
1773971326,1,45242688.0,44407028.0,4493772.5,4347066.5,722308.7,701634.2,252953.3,349690.8,104906.0,91.0,28.2,10.3,291,24.0,12.1,209,690,885,1283,1924,2395,3140,2691,6905,577
1773971626,1,45029980.0,44300196.0,4476952.5,4342598.0,719742.2,700140.3,252504.7,348848.9,104888.4,99.5,28.2,10.3,323,24.0,12.1,209,690,885,1284,1924,2396,3142,2691,6907,577
1773971926,1,44918612.0,43941124.0,4458522.5,4317456.0,718306.3,698165.8,251940.4,347731.2,104870.8,107.3,28.2,10.4,365,24.0,12.1,209,690,885,1284,1924,2396,3143,2692,6908,576
1773972226,1,44637580.0,43723924.0,4441338.5,4307486.5,714037.9,693805.1,251800.2,348192.0,104853.0,116.4,28.2,10.4,328,24.0,12.2,209,690,884,1284,1924,2395,3141,2691,6905,577
1773972526,1,44508292.0,43619712.0,4424849.5,4292287.5,711962.5,692776.7,250744.3,347153.9,104834.8,131.5,28.2,10.4,364,24.0,12.2,209,689,885,1284,1924,2396,3143,2692,6907,576
1773972826,1,44333620.0,43472372.0,4413872.5,4271438.0,710261.3,691062.1,250852.9,345187.2,104818.3,141.7,28.1,10.4,378,24.0,12.2,209,690,885,1284,1924,2396,3142,2692,6908,576
1773973126,1,44103844.0,43300640.0,4397508.5,4264598.0,707123.7,689310.0,250003.4,345407.2,104800.3,150.0,28.2,10.4,393,24.0,12.2,209,690,885,1284,1924,2396,3141,2691,6906,577
1773973426,1,43941148.0,43093740.0,4377666.5,4236501.5,706062.8,686581.2,249210.0,344733.7,104783.0,153.3,28.1,10.5,392,24.0,12.2,209,690,885,1284,1924,2396,3143,2692,6908,576
1773973728,1,43638736.0,42699840.0,4353926.0,4236819.5,703775.5,684748.8,248924.8,344810.9,104765.6,161.7,28.2,10.5,406,24.0,12.3,209,690,885,1284,1925,2396,3143,2692,6908,576
1773974326,1,54229372.0,53131644.0,5168416.0,5061053.5,819120.2,798557.8,276865.7,377799.5,105095.9,0.0,28.0,9.3,124,23.9,10.6,209,690,885,1284,1924,2395,3142,2691,6906,576
1773974626,1,51329980.0,50236496.0,5011534.5,4904425.5,794106.2,773481.9,271884.7,372267.2,105098.2,0.0,28.0,9.7,106,23.9,11.2,209,690,884,1284,1924,2396,3142,2692,6909,577
1773974926,1,50113612.0,49098292.0,4938276.5,4780979.5,777896.7,759990.8,269318.5,367243.8,105090.3,0.0,28.1,9.8,178,23.9,11.3,209,690,885,1284,1925,2396,3142,2692,6908,576
1773975226,1,49462780.0,48437252.0,4864769.5,4690663.5,768004.5,749095.3,265818.9,365557.9,105076.7,0.0,28.1,9.9,160,24.0,11.5,209,690,884,1284,1924,2395,3141,2690,6904,576
1773975526,1,48693532.0,47735572.0,4810084.0,4649360.5,762275.5,743502.2,264105.2,363268.0,105061.0,2.2,28.1,10.0,171,24.0,11.6,209,689,885,1284,1924,2396,3141,2691,6905,576
1773975826,1,48354356.0,47501708.0,4771372.0,4596311.5,756534.9,738021.6,262383.2,362370.2,105044.8,8.9,28.1,10.0,212,24.0,11.7,209,690,885,1284,1925,2396,3142,2692,6908,577
1773976128,1,47853760.0,46924116.0,4713832.5,4584341.5,750866.0,732585.3,261346.6,360047.4,105026.8,17.6,28.1,10.1,209,24.0,11.8,209,690,885,1284,1924,2395,3141,2691,6906,577
1773976428,1,47428028.0,46654736.0,4696106.5,4530172.5,749126.4,730501.8,260334.9,359687.8,105009.0,31.4,28.1,10.1,217,24.0,11.8,209,690,885,1285,1925,2396,3142,2692,6908,576
1773976728,1,47269876.0,46307500.0,4667044.5,4509804.5,743794.2,726254.1,259433.9,358168.5,104991.6,41.2,28.1,10.1,243,24.0,11.8,209,690,885,1284,1925,2396,3143,2692,6909,577
1773977026,1,46882668.0,45901644.0,4637318.0,4487660.0,741673.7,722743.3,258318.0,356250.8,104973.9,48.9,28.1,10.2,247,24.0,11.9,209,690,885,1284,1925,2396,3143,2692,6911,578
1773977326,1,46611940.0,45566380.0,4603713.0,4458369.5,737369.4,718130.0,257773.4,355162.8,104956.5,64.6,28.1,10.2,268,24.0,11.9,209,690,885,1284,1924,2396,3142,2691,6906,576
1773977626,1,46457860.0,45443308.0,4575972.5,4441671.5,733669.7,713577.0,256807.2,354244.9,104938.4,71.6,28.1,10.3,255,24.0,12.0,209,689,885,1284,1924,2396,3142,2692,6906,576
1773977926,1,45981040.0,45149748.0,4548924.0,4420100.5,730827.6,712311.4,256064.5,353596.2,104920.1,81.0,28.1,10.3,287,24.0,12.0,209,689,884,1283,1924,2395,3141,2690,6905,577
1773978228,1,45907044.0,44771348.0,4544929.0,4400404.0,729874.9,710506.2,255327.6,352513.6,104902.6,87.7,28.1,10.3,328,24.0,12.0,209,690,885,1284,1924,2396,3142,2691,6906,577
1773978528,1,45815804.0,44819652.0,4524973.5,4383284.5,726977.1,706428.8,254648.2,351156.2,104884.9,92.9,28.1,10.3,309,24.0,12.1,209,690,885,1284,1924,2395,3141,2691,6907,576
1773978828,1,45436656.0,44671692.0,4511472.5,4362290.5,721989.9,703773.0,254022.8,351183.4,104867.5,101.4,28.1,10.3,333,24.0,12.1,209,690,885,1284,1924,2396,3142,2691,6908,577
1773979126,1,45145920.0,44171680.0,4488532.5,4345198.5,720706.8,702229.7,253608.1,350735.8,104851.0,110.1,28.1,10.4,334,24.0,12.1,209,689,885,1284,1923,2395,3140,2690,6903,576
1773979426,1,45037340.0,44181152.0,4471223.5,4330584.0,717611.5,699256.0,252749.9,349103.8,104834.5,121.7,28.1,10.4,353,24.0,12.1,209,690,885,1284,1923,2396,3142,2691,6906,577
1773979726,1,44844988.0,43951556.0,4455166.0,4323919.5,716564.6,697550.6,252176.4,349019.4,104817.5,125.8,28.1,10.4,350,24.0,12.2,209,690,885,1285,1924,2396,3143,2692,6909,577
1773980026,1,44600412.0,43656492.0,4438720.0,4299846.5,715812.4,696803.0,252007.0,348215.2,104801.2,131.5,28.1,10.4,368,24.0,12.2,209,690,885,1284,1923,2395,3140,2690,6903,576
1773980326,1,44605572.0,43577708.0,4430762.5,4281947.5,712134.5,693867.9,250991.6,347427.2,104784.6,143.7,28.1,10.4,394,24.0,12.2,209,690,885,1284,1924,2395,3142,2691,6906,576
1773980626,1,44282768.0,43382604.0,4412527.5,4263774.5,710694.6,690873.8,250570.2,347358.9,104769.1,150.3,28.1,10.4,367,23.9,12.2,209,690,885,1284,1925,2396,3142,2692,6907,576
1773980926,1,44165812.0,43510068.0,4398740.5,4267914.5,708843.7,689096.3,249760.2,346062.5,104752.3,159.6,28.1,10.5,409,24.0,12.2,209,690,884,1284,1924,2395,3141,2690,6904,576
1773981526,1,55820764.0,54621052.0,5316790.5,5216940.0,839888.2,819499.5,283102.8,386944.5,105190.3,0.0,27.9,9.3,143,23.8,10.6,209,690,885,1284,1924,2396,3142,2691,6906,576
1773981828,1,53261820.0,52220020.0,5168835.5,5052850.0,813828.7,794678.9,277443.7,380768.0,105194.2,0.0,28.0,9.6,124,23.9,11.1,209,690,884,1284,1924,2395,3140,2691,6905,577
1773982128,1,52090368.0,50847524.0,5074384.0,4916096.5,798398.7,780528.1,274237.7,377054.2,105186.1,0.0,28.0,9.8,193,23.9,11.4,209,689,884,1284,1924,2395,3140,2690,6904,577
1773982428,1,51020140.0,49995792.0,5005868.0,4858723.5,787313.8,770748.3,271844.0,373938.9,105172.6,0.0,28.1,9.9,157,23.9,11.5,209,690,885,1284,1924,2395,3142,2691,6906,577
1773982726,1,50353932.0,49343052.0,4949542.5,4801675.5,778601.1,762890.2,269977.8,372263.3,105157.5,4.2,28.1,10.0,170,23.9,11.6,209,690,884,1284,1923,2395,3140,2690,6904,576
1773983026,1,50040640.0,48829280.0,4918497.5,4757749.5,774195.8,755799.6,268906.0,369404.2,105141.8,9.0,28.1,10.0,217,23.9,11.7,209,689,884,1283,1923,2394,3140,2690,6904,576
1773983328,1,49351488.0,48408220.0,4874995.5,4710398.5,769553.8,752474.8,266443.6,367821.0,105125.2,20.6,28.1,10.1,229,23.9,11.7,209,690,885,1284,1924,2396,3142,2691,6907,577
1773983628,1,49033580.0,48116284.0,4844078.0,4677300.0,763518.6,747847.2,266153.9,366615.6,105108.2,28.6,28.1,10.1,194,23.9,11.8,209,690,885,1284,1924,2395,3142,2691,6906,576
1773983928,1,48794096.0,47810880.0,4804395.5,4632188.5,761357.1,742564.5,264414.0,365464.9,105092.2,35.3,28.1,10.1,251,23.9,11.8,209,690,885,1284,1924,2395,3141,2691,6905,576
1773984228,1,48353664.0,47435332.0,4769162.0,4608109.5,758550.2,741479.2,263121.2,364463.9,105075.8,46.0,28.1,10.1,208,23.9,11.9,209,690,885,1284,1924,2396,3142,2691,6907,577
1773984528,1,48135104.0,47121996.0,4739606.5,4584986.5,754446.0,736704.7,262486.3,363766.7,105058.7,54.5,28.1,10.2,253,23.9,11.9,209,689,885,1284,1924,2395,3141,2691,6904,577
1773984826,1,47786252.0,46863376.0,4723990.0,4559501.5,750570.8,735017.4,262136.1,363050.0,105043.2,63.3,28.1,10.2,266,24.0,12.0,209,689,884,1284,1924,2396,3141,2691,6906,577
1773985126,1,47527300.0,46611860.0,4694768.0,4527316.0,748131.2,731450.4,260805.4,361597.0,105026.0,74.5,28.1,10.2,276,23.9,12.0,209,689,884,1284,1924,2394,3140,2690,6904,576
1773985426,1,47212544.0,46469948.0,4667411.5,4512106.5,746825.0,727161.1,260873.2,360493.1,105010.0,81.2,28.1,10.3,299,23.9,12.0,209,690,884,1284,1924,2396,3142,2692,6907,576
1773985726,1,47143920.0,46397580.0,4657883.5,4500080.5,740608.3,725591.7,259848.5,359480.6,104993.9,86.5,28.1,10.3,291,23.9,12.1,209,690,885,1284,1924,2396,3142,2691,6906,577
1773986028,1,46848448.0,46057548.0,4620380.5,4481496.5,739317.8,721129.8,258982.3,358751.2,104977.1,94.1,28.1,10.3,337,24.0,12.1,209,689,885,1283,1923,2394,3140,2690,6903,576
1773986328,1,46793836.0,45802656.0,4595460.5,4450630.0,736547.8,718555.9,258343.8,356840.5,104960.5,102.2,28.1,10.3,354,24.0,12.1,209,690,884,1284,1924,2395,3141,2690,6904,577
1773986626,1,46347232.0,45428740.0,4583608.0,4430373.5,734723.2,717306.5,257467.9,355821.1,104944.3,111.5,28.1,10.4,328,23.9,12.1,209,689,884,1283,1923,2395,3140,2690,6904,577
1773986926,1,46197700.0,45399908.0,4557956.5,4419298.0,732473.5,715312.9,256949.5,356127.7,104928.3,120.6,28.1,10.4,343,24.0,12.2,209,689,884,1283,1923,2395,3141,2690,6904,576
1773987226,1,45966048.0,45124068.0,4540812.5,4402318.0,729226.8,712110.8,256380.7,354974.5,104912.1,129.9,28.1,10.4,364,24.0,12.2,209,690,885,1284,1924,2395,3141,2690,6905,576
1773987528,1,46031148.0,45137568.0,4522574.5,4394301.5,726645.8,709381.9,255450.6,354598.8,104895.8,142.6,28.1,10.4,411,24.0,12.2,209,690,884,1284,1924,2395,3141,2691,6906,576
1773987828,1,45821536.0,44892468.0,4529012.5,4376219.5,724333.1,706827.0,255183.9,353226.8,104879.8,148.6,28.1,10.4,398,24.0,12.2,209,690,884,1284,1923,2394,3141,2690,6904,577
1773988126,1,45419820.0,44432180.0,4494960.0,4353592.0,724020.3,705703.8,254303.8,352867.1,104863.9,156.3,28.1,10.4,420,24.0,12.3,209,689,884,1283,1924,2394,3140,2690,6904,576
1773988726,1,56935360.0,55685484.0,5464375.5,5326895.5,850469.1,832010.5,285545.4,392180.6,105121.2,0.0,28.0,9.3,139,23.8,10.6,209,689,884,1283,1924,2395,3141,2690,6904,576
1773989026,1,54015692.0,52901772.0,5260068.5,5110686.0,821698.3,803797.3,280198.5,384879.3,105125.6,0.0,28.0,9.7,149,23.9,11.1,209,690,884,1284,1925,2396,3142,2691,6907,577
1773989326,1,52503196.0,51528420.0,5133974.0,4984946.5,806562.6,788281.2,276899.7,381607.5,105119.2,0.0,28.1,9.8,149,23.9,11.4,209,689,884,1284,1923,2394,3140,2690,6903,576
1773989628,1,51798708.0,50633920.0,5061781.0,4910672.0,797599.0,779009.8,274429.3,379319.9,105108.2,0.0,28.1,9.9,201,23.9,11.5,209,690,885,1284,1924,2395,3140,2690,6904,576
1773989928,1,51095520.0,49967216.0,4999792.0,4862058.5,787470.4,770977.4,272128.9,376623.3,105094.0,3.3,28.1,10.0,195,24.0,11.6,209,690,885,1284,1924,2395,3141,2691,6906,577
1773990226,1,50491104.0,49669248.0,4950474.5,4800738.0,781784.2,765380.5,271060.7,374404.0,105079.0,8.7,28.1,10.0,180,24.0,11.7,209,689,885,1284,1924,2396,3141,2690,6905,577
1773990526,1,50065348.0,49112564.0,4918984.0,4775828.0,778019.6,760110.7,270025.7,372491.5,105063.3,13.5,28.1,10.1,230,24.0,11.8,210,690,885,1284,1924,2396,3142,2692,6908,576
1773990826,1,49623804.0,48529428.0,4881246.5,4718359.5,772129.4,755417.7,268511.7,371743.8,105047.2,20.8,28.1,10.1,242,24.0,11.8,209,690,884,1284,1923,2395,3141,2690,6904,576
1773991126,1,49285588.0,48467428.0,4844117.5,4684734.0,768266.0,752472.4,266936.8,368595.0,105030.5,30.2,28.1,10.1,222,24.0,11.9,209,689,884,1284,1924,2394,3141,2690,6905,576
1773991428,1,48923312.0,47981292.0,4821566.0,4679998.0,764719.5,747819.2,266115.4,368472.4,105013.2,39.3,28.1,10.2,279,24.0,11.8,209,690,884,1284,1923,2394,3141,2691,6904,576
1773991726,1,48642988.0,47726672.0,4807569.5,4623268.5,761233.4,744054.6,264549.6,366346.3,104997.4,52.1,28.1,10.2,276,24.0,11.9,209,689,884,1283,1924,2394,3140,2690,6904,576
1773992026,1,48443276.0,47488512.0,4783236.5,4588947.5,757029.8,741813.7,263480.6,365395.0,104981.0,58.7,28.1,10.2,268,24.0,12.0,209,690,885,1284,1924,2395,3141,2691,6906,576
1773992326,1,48291476.0,47304444.0,4743551.5,4574972.5,753644.5,737964.0,262893.9,364356.5,104963.9,68.1,28.1,10.3,264,24.0,12.0,209,689,885,1284,1924,2395,3142,2691,6905,576
1773992626,1,47893312.0,46971936.0,4719953.5,4554856.5,750210.4,732980.6,262182.5,363212.0,104947.1,75.9,28.1,10.3,300,24.0,12.0,209,689,884,1283,1924,2394,3140,2690,6904,576
1773992928,1,47541420.0,46728016.0,4699771.5,4529788.0,746320.3,731351.5,261307.5,362289.0,104930.4,84.9,28.1,10.3,324,24.0,12.0,209,689,884,1284,1923,2395,3140,2690,6904,576
1773993228,1,47339452.0,46450752.0,4660956.5,4509696.0,746078.1,729203.6,260664.2,361785.0,104913.6,95.0,28.1,10.3,330,24.0,12.1,209,689,885,1284,1924,2395,3141,2691,6906,577
1773993526,1,47226788.0,46150624.0,4643987.5,4490842.5,742315.4,726142.5,259837.1,360261.9,104897.3,105.5,28.2,10.4,332,24.0,12.1,209,690,885,1283,1924,2395,3141,2691,6905,577
1773993826,1,46995760.0,46085268.0,4617511.0,4476571.5,738201.9,724244.2,259302.1,359734.4,104880.6,114.4,28.1,10.4,350,24.0,12.1,209,689,884,1284,1924,2394,3140,2690,6902,576
1773994126,1,46872032.0,45982004.0,4596301.5,4452728.5,736517.7,720093.2,258599.7,358895.1,104864.1,122.5,28.1,10.4,357,24.0,12.1,209,690,885,1284,1924,2395,3141,2690,6905,576
1773994428,1,46675452.0,45668060.0,4591200.5,4443322.0,733807.2,718638.0,257768.1,358120.8,104849.9,131.5,28.1,10.4,345,24.0,12.2,209,689,884,1283,1923,2394,3139,2689,6901,576
1773994728,1,46341180.0,45748368.0,4573211.5,4422360.5,733095.4,716334.4,257364.1,357297.2,104833.1,143.0,28.2,10.4,370,24.0,12.2,209,689,884,1283,1923,2395,3139,2689,6903,577
1773995026,1,46280368.0,45318160.0,4549048.0,4413039.5,729501.9,713418.0,256582.0,356156.0,104816.8,151.0,28.2,10.4,381,24.0,12.2,209,690,885,1284,1924,2395,3141,2691,6906,577
1773995326,1,45946180.0,45044272.0,4531860.5,4391068.5,727867.9,712475.6,256028.8,355725.3,104800.1,159.5,28.1,10.5,413,24.0,12.2,209,689,885,1284,1924,2394,3140,2691,6905,576
1773995928,1,57030276.0,55637456.0,5468334.0,5311177.5,848016.8,828437.2,284528.8,390777.0,105102.4,0.0,28.0,9.3,122,23.9,10.6,209,690,885,1284,1924,2395,3141,2691,6905,577
1773996228,1,53721556.0,52793892.0,5206740.0,5077640.5,816751.9,800259.8,278909.3,382898.6,105106.5,0.0,28.1,9.6,124,23.9,11.1,209,689,885,1284,1924,2395,3141,2691,6906,577
1773996526,1,52314272.0,51358084.0,5099437.5,4949816.5,801259.1,782662.4,275418.9,379413.8,105099.8,0.0,28.1,9.8,107,24.0,11.4,209,690,885,1284,1924,2396,3141,2691,6906,577
1773996826,1,51550996.0,50356044.0,5021363.5,4876794.5,790347.7,772284.0,272869.5,375885.8,105087.8,0.0,28.1,9.9,169,24.0,11.5,209,690,885,1284,1924,2395,3141,2690,6905,576
1773997126,1,50672172.0,49810668.0,4944972.0,4811166.0,781105.8,764884.1,270888.5,373423.4,105074.0,6.7,28.1,10.0,177,24.0,11.6,209,689,885,1284,1924,2395,3141,2691,6905,576
1773997428,1,50073516.0,49233484.0,4912598.0,4749009.5,774043.2,758611.7,269139.2,371556.0,105058.1,15.3,28.2,10.0,203,24.0,11.6,209,690,885,1283,1924,2394,3141,2690,6903,576
1773997728,1,49856068.0,48733824.0,4867068.0,4731234.0,769990.0,754313.5,267562.9,369422.1,105043.0,22.0,28.2,10.1,209,24.0,11.7,209,690,885,1284,1924,2395,3142,2691,6906,576
1773998028,1,49480116.0,48324976.0,4851832.5,4688728.0,765532.8,748481.3,266016.1,367889.8,105026.6,27.6,28.2,10.1,212,24.0,11.8,209,690,885,1284,1924,2395,3141,2691,6905,576
1773998328,1,48891600.0,48060164.0,4814030.5,4645482.5,761402.1,746630.8,265275.1,366247.5,105009.0,36.3,28.2,10.1,231,24.0,11.8,209,690,885,1284,1924,2395,3142,2690,6906,576
1773998628,1,48631828.0,47682292.0,4783940.5,4617602.0,757904.8,742011.0,263727.6,365060.5,104992.5,45.4,28.2,10.1,242,24.0,11.9,209,690,885,1284,1924,2395,3141,2691,6904,577
1773998926,1,48451276.0,47585828.0,4754132.5,4579039.5,752444.8,737208.5,262731.7,364333.2,104977.3,54.7,28.2,10.2,242,24.0,11.9,209,690,885,1284,1924,2395,3142,2691,6907,576
1773999226,1,48040948.0,47071012.0,4730040.5,4564763.5,750505.6,736626.2,261852.0,363852.9,104959.9,60.4,28.2,10.2,280,24.0,12.0,209,690,884,1283,1923,2394,3139,2689,6902,577
1773999526,1,47847948.0,46829204.0,4702606.0,4532877.5,747939.6,730583.2,261373.5,361804.0,104942.8,69.3,28.2,10.2,294,24.0,12.0,209,689,885,1284,1924,2395,3141,2690,6905,575
1773999826,1,47577988.0,46611356.0,4667279.5,4512422.5,745123.5,728291.8,260436.4,361358.1,104925.5,85.0,28.2,10.2,287,24.0,12.1,209,690,885,1284,1924,2395,3141,2691,6905,577
1774000128,1,47238028.0,46438764.0,4651793.0,4499180.0,741848.4,726283.4,259846.2,360400.3,104908.0,89.3,28.2,10.3,307,24.0,12.1,209,689,884,1283,1923,2393,3139,2689,6901,576
1774000428,1,47169024.0,46106288.0,4637532.5,4477124.5,740278.8,723967.5,258958.2,359244.6,104891.6,96.6,28.2,10.3,332,24.0,12.1,209,690,885,1284,1924,2395,3141,2690,6905,576
1774000728,1,46998716.0,45961212.0,4596628.0,4468292.5,735025.9,721103.2,258066.9,358186.4,104875.9,103.0,28.2,10.3,328,24.0,12.1,209,690,885,1284,1924,2396,3141,2691,6906,577
1774001026,1,46608096.0,45744052.0,4578512.5,4434454.5,734290.9,716541.8,257097.0,357360.3,104859.3,113.9,28.2,10.3,353,24.0,12.1,209,689,884,1283,1924,2395,3141,2690,6904,576
1774001326,1,46354036.0,45454060.0,4549933.5,4419762.0,732314.8,715179.2,256742.5,356767.2,104844.5,120.2,28.2,10.4,299,24.1,12.2,209,690,885,1283,1924,2395,3140,2691,6906,577
1774001626,1,46373728.0,45289676.0,4538924.0,4412978.5,729638.2,714272.3,256424.8,357259.2,104829.6,128.2,28.2,10.4,359,24.1,12.2,209,690,884,1283,1924,2395,3140,2690,6904,576
1774001926,1,46133692.0,45144944.0,4527018.5,4377212.5,726353.1,711802.1,256106.2,354941.2,104814.6,140.6,28.2,10.4,375,24.1,12.2,209,689,884,1283,1923,2394,3140,2690,6903,577
1774002228,1,45842124.0,44959076.0,4497426.5,4362836.5,723337.0,708805.6,255304.5,355056.9,104798.5,145.4,28.2,10.4,383,24.1,12.2,209,689,885,1284,1923,2394,3140,2690,6904,576
1774002528,1,45682928.0,44871520.0,4485413.5,4348140.5,722237.3,706862.9,254740.9,353652.3,104783.3,154.5,28.2,10.4,401,24.1,12.3,209,689,885,1283,1923,2395,3140,2690,6904,577
1774003126,1,56964052.0,55793296.0,5475522.5,5309831.5,847805.0,827213.8,284922.0,390484.4,105100.8,0.0,28.0,9.3,141,23.9,10.6,209,690,884,1284,1924,2395,3141,2690,6905,576
1774003426,1,54061344.0,53037788.0,5231182.5,5092964.0,817931.3,802229.6,278924.1,383552.8,105105.4,0.0,28.1,9.6,146,24.0,11.1,209,690,884,1284,1924,2394,3140,2690,6904,575
1774003726,1,52536816.0,51656652.0,5112444.5,4965554.5,801294.3,785328.9,275170.2,379976.7,105098.4,0.0,28.2,9.8,150,24.0,11.4,209,689,885,1284,1924,2395,3141,2691,6905,576
1774004026,1,51758880.0,50791744.0,5034906.5,4889190.5,793071.8,775160.2,273506.8,376857.0,105086.1,0.0,28.2,9.9,206,24.0,11.5,209,689,885,1284,1923,2394,3140,2690,6903,577
1774004326,1,50967616.0,50118452.0,4986314.0,4835880.5,783981.8,767066.1,271921.2,374850.8,105071.1,5.6,28.2,9.9,175,24.1,11.6,209,690,885,1284,1924,2395,3141,2691,6905,576
1774004628,1,50422860.0,49546236.0,4928690.5,4780193.5,777142.4,762848.1,269947.2,373244.0,105054.9,13.2,28.2,10.0,204,24.1,11.7,209,690,885,1284,1924,2395,3141,2691,6906,576
1774004928,1,49972548.0,49038884.0,4885724.0,4733321.5,772043.6,757119.6,268073.3,370354.9,105037.9,21.6,28.2,10.1,207,24.1,11.8,209,690,885,1284,1924,2395,3141,2690,6906,576
1774005228,1,49779648.0,48902220.0,4861673.5,4708399.5,768366.5,752386.3,267385.1,369413.2,105020.8,30.4,28.2,10.1,220,24.1,11.8,209,689,885,1284,1924,2395,3141,2690,6905,576
1774005528,1,49343472.0,48421300.0,4829130.5,4686510.0,764177.0,749687.3,265443.8,368543.1,105002.9,34.8,28.2,10.1,253,24.1,11.8,209,690,885,1284,1924,2396,3141,2691,6908,575
1774005828,1,49033868.0,48173820.0,4804001.5,4636448.5,759644.0,744782.2,265437.2,366450.8,104985.0,47.5,28.2,10.2,245,24.1,11.9,209,690,884,1283,1923,2394,3139,2689,6902,577
1774006128,1,48942188.0,48038928.0,4779902.5,4610164.0,757327.2,742459.5,263565.8,366347.5,104967.1,59.8,28.2,10.2,257,24.1,11.9,209,690,885,1284,1924,2395,3141,2691,6905,576
1774006428,1,48299392.0,47382752.0,4746441.5,4573223.5,753664.3,739441.8,262664.7,364507.2,104949.4,66.7,28.2,10.2,257,24.1,12.0,209,690,885,1285,1925,2396,3142,2691,6908,576
1774006728,1,48234292.0,47316704.0,4731043.5,4560623.5,750467.2,734988.8,261976.6,363487.0,104931.4,73.9,28.2,10.2,271,24.1,12.0,209,690,884,1284,1924,2395,3141,2690,6904,577
1774007026,1,48034960.0,46979508.0,4710890.5,4539566.5,746868.2,733219.8,260772.1,362888.1,104913.4,87.9,28.2,10.2,304,24.1,12.0,209,690,885,1284,1924,2395,3141,2690,6904,577
1774007326,1,47610828.0,46767084.0,4661297.5,4513444.5,745061.2,728138.4,260220.6,362116.4,104896.1,96.5,28.2,10.3,277,24.1,12.0,209,689,885,1284,1924,2395,3141,2691,6907,576
1774007626,1,47554204.0,46645844.0,4648326.5,4507055.5,741685.2,727194.4,260194.1,361065.5,104878.1,102.3,28.2,10.3,336,24.1,12.1,209,690,885,1284,1924,2395,3141,2690,6904,576
1774007926,1,47225132.0,46262112.0,4636066.0,4468844.5,739741.9,724815.3,258833.4,359890.5,104860.9,108.4,28.2,10.3,321,24.1,12.1,209,689,884,1284,1923,2394,3140,2689,6903,575
1774008226,1,47056544.0,46083648.0,4613983.5,4463026.0,735588.7,720838.4,258779.6,358478.5,104844.2,119.5,28.2,10.4,362,24.1,12.1,209,690,885,1284,1924,2394,3141,2690,6904,577
1774008526,1,46823540.0,46046100.0,4579480.5,4443130.5,735839.5,719420.8,257864.4,358524.3,104826.7,130.1,28.2,10.4,321,24.1,12.1,209,689,884,1283,1924,2395,3140,2690,6905,577
1774008826,1,46466476.0,45627356.0,4560030.0,4427646.0,734310.7,715533.4,257099.3,357991.9,104808.1,139.3,28.2,10.4,368,24.1,12.2,209,690,885,1284,1925,2395,3142,2691,6908,576
1774009128,1,46188732.0,45339716.0,4547169.5,4404349.5,730285.8,715576.3,256685.7,356619.7,104790.0,143.6,28.2,10.4,380,24.1,12.2,209,689,885,1283,1924,2395,3141,2690,6906,576
1774009428,1,46286548.0,45356148.0,4536548.5,4397466.5,727608.5,712333.5,256066.4,355735.1,104772.7,148.3,28.2,10.4,395,24.1,12.2,209,690,885,1284,1925,2396,3142,2691,6909,576
1774009728,1,46218460.0,45189700.0,4514918.0,4375730.5,724941.7,711687.2,255072.4,355670.8,104754.2,156.3,28.2,10.4,422,24.1,12.2,209,690,885,1284,1924,2395,3141,2691,6906,576
1774010328,1,57421116.0,56070128.0,5476552.5,5323845.5,850811.2,831854.3,284838.6,392113.2,105013.7,0.0,28.1,9.3,137,23.9,10.6,209,690,885,1284,1924,2396,3142,2691,6908,576
1774010628,1,54392116.0,53295520.0,5237878.5,5091686.0,819656.7,803207.6,279272.4,384792.2,105017.7,0.0,28.1,9.6,125,24.0,11.1,209,690,885,1284,1923,2395,3141,2690,6904,577
1774010928,1,52656396.0,51704976.0,5106608.0,4954657.5,801299.3,786104.2,275699.8,380419.5,105008.3,0.0,28.2,9.8,120,24.0,11.4,209,690,884,1283,1923,2394,3140,2689,6903,577
1774011226,1,51665492.0,50820300.0,5018694.5,4884616.0,789915.7,774677.5,273171.8,377865.7,104995.3,0.0,28.2,9.9,145,24.0,11.5,209,690,885,1284,1924,2395,3141,2690,6905,576
1774011528,1,51129888.0,50086752.0,4957149.5,4826283.0,781052.7,768584.9,270987.5,375149.0,104978.9,0.0,28.2,9.9,188,24.0,11.6,209,690,885,1284,1924,2395,3141,2690,6905,576
1774011828,1,50333164.0,49362784.0,4924430.0,4764677.0,774898.8,760184.7,269376.2,373659.8,104961.2,10.4,28.2,10.0,210,24.1,11.7,209,690,885,1283,1923,2394,3140,2690,6903,576
1774012128,1,49949604.0,49068284.0,4870093.5,4729248.5,769923.2,755577.3,268212.7,370216.8,104943.1,17.9,28.2,10.1,220,24.1,11.8,209,690,885,1284,1924,2396,3141,2690,6906,577
1774012426,1,49701724.0,48785088.0,4849918.0,4711811.5,765864.3,751412.2,267064.2,370719.1,104925.0,27.2,28.2,10.1,224,24.0,11.8,209,690,885,1284,1924,2395,3142,2691,6908,577
1774012726,1,49184192.0,48276720.0,4810704.0,4656567.5,761286.4,746499.8,266019.2,368166.6,104906.6,34.8,28.2,10.1,217,24.0,11.8,209,690,885,1284,1924,2396,3142,2691,6908,577
1774013026,1,49002464.0,48168100.0,4785702.0,4610214.5,758647.1,743958.5,265220.5,367295.1,104887.1,46.1,28.2,10.1,218,24.0,11.9,209,690,885,1284,1924,2396,3142,2691,6909,576
1774013326,1,48513920.0,47925124.0,4767422.5,4617471.5,754016.3,741724.8,263457.0,365408.8,104869.1,54.1,28.2,10.2,241,24.1,11.9,209,690,885,1284,1924,2394,3140,2690,6904,576
1774013626,1,48394708.0,47538160.0,4741698.5,4580948.5,752111.8,738200.6,262646.5,365068.9,104850.1,58.3,28.2,10.2,257,24.0,12.0,209,689,885,1284,1924,2395,3140,2690,6905,577
1774013926,1,48236884.0,47301008.0,4726926.0,4556950.0,749223.5,736185.6,261950.3,364496.0,104831.9,68.6,28.2,10.2,300,24.0,12.0,209,690,885,1285,1924,2396,3142,2691,6906,576
1774014228,1,48020640.0,47155324.0,4710450.0,4530630.0,747923.4,733208.6,260947.8,363833.0,104813.5,75.6,28.2,10.3,272,24.0,12.0,209,690,885,1284,1925,2395,3142,2691,6908,576
1774014528,1,47754244.0,46871564.0,4668946.5,4521514.5,745242.0,731662.3,260943.5,362623.7,104795.4,80.1,28.2,10.2,295,24.0,12.1,209,690,885,1284,1924,2396,3142,2691,6907,576
1774014826,1,47502076.0,46623348.0,4666915.5,4500814.0,744004.9,726637.9,259676.3,362293.1,104776.8,87.1,28.1,10.3,340,24.0,12.1,209,690,885,1285,1924,2395,3141,2690,6906,576
1774015126,1,47236460.0,46469056.0,4618316.5,4478303.5,738924.8,724503.8,259359.5,361325.9,104758.7,100.2,28.2,10.3,304,24.0,12.1,209,690,885,1285,1284,1598,2095,1794,4608,385
1774015426,1,47098644.0,46311760.0,4603781.5,4462398.0,738412.8,721669.2,258688.2,360213.0,104740.8,104.9,28.2,10.3,334,24.0,12.1,210,690,885,1284,1925,2397,3143,2692,6908,576
1774015726,1,46982956.0,45920908.0,4595001.5,4442772.5,734648.2,719476.2,258070.5,359948.0,104722.9,111.0,28.1,10.4,335,24.0,12.1,209,690,885,1284,1924,2396,3142,2692,6908,576
1774016026,1,46636388.0,45841884.0,4561211.5,4435378.0,732096.1,717672.8,257454.7,359345.5,104704.0,122.2,28.1,10.4,359,24.0,12.1,209,690,885,1284,1924,2395,3141,2691,6906,577
1774016326,1,46574156.0,45702380.0,4556774.5,4414543.0,730446.4,714568.1,257480.0,357896.4,104686.5,132.3,28.1,10.4,331,24.0,12.2,209,690,885,1284,1924,2395,3141,2690,6906,577
1774016626,1,46424308.0,45402368.0,4541658.5,4399217.5,729409.9,712598.8,256209.3,356984.0,104669.3,139.3,28.1,10.4,362,24.0,12.2,209,690,885,1284,1924,2395,3140,2689,6904,576
1774016928,1,46221264.0,45292492.0,4519792.5,4385976.5,726051.8,710504.5,255532.5,355910.7,104651.6,155.3,28.1,10.4,379,24.0,12.2,209,690,885,1284,1924,2395,3141,2690,6906,577
1774017528,1,56977676.0,55755980.0,5439793.5,5282850.5,843747.2,827452.9,283436.9,389681.2,105038.6,0.0,28.0,9.2,113,23.8,10.6,209,690,884,1284,1924,2394,3141,2690,6904,576
1774017828,1,53939620.0,52894656.0,5194722.5,5034462.0,811173.7,796591.3,278205.9,382436.9,105041.0,0.0,28.0,9.6,148,23.9,11.1,209,689,885,1284,1924,2395,3140,2689,6903,576
1774018128,1,52454992.0,51333872.0,5062974.5,4922582.5,796143.8,782116.2,274176.7,379356.6,105031.7,0.0,28.1,9.8,149,23.9,11.3,209,690,885,1284,1924,2395,3141,2690,6904,576
1774018428,1,51389132.0,50381152.0,5000466.5,4842185.5,784259.6,769497.2,271455.5,375260.2,105018.9,0.0,28.1,9.9,180,24.0,11.5,209,690,885,1284,1924,2395,3141,2690,6905,576
1774018728,1,50730480.0,49829964.0,4931005.5,4793860.5,777287.7,761354.4,269459.2,373648.2,105003.9,0.0,28.1,9.9,181,24.0,11.6,209,690,885,1284,1924,2395,3141,2690,6905,577
1774019028,1,50295724.0,49290324.0,4890236.5,4745388.5,771294.8,755103.3,268269.8,370971.8,104987.2,9.3,28.1,10.0,224,24.0,11.6,209,689,884,1284,1923,2395,3141,2690,6904,577
1774019328,1,49720912.0,48865004.0,4848484.5,4704123.5,767063.2,751337.0,266540.8,369349.3,104970.1,23.4,28.1,10.0,219,24.0,11.7,209,690,885,1284,1923,2394,3140,2690,6904,577
1774019628,1,49443356.0,48532956.0,4821201.5,4654391.5,762311.8,746256.8,265458.2,368092.1,104952.7,31.4,28.1,10.1,190,24.0,11.8,209,690,885,1284,1924,2395,3140,2690,6906,577
1774019928,1,49205740.0,48167500.0,4796986.0,4618766.5,757700.9,742343.6,264594.2,366851.0,104934.6,41.1,28.1,10.1,222,24.0,11.8,209,690,885,1284,1924,2395,3140,2690,6905,576
1774020228,1,48720560.0,47950176.0,4762599.5,4594664.0,754288.6,738829.6,263331.2,365751.0,104918.1,44.4,28.1,10.1,234,24.0,11.8,209,689,885,1283,1923,2394,3140,2690,6904,577
1774020528,1,48340972.0,47380192.0,4735852.0,4563721.5,750697.2,736251.7,262165.2,364229.2,104901.8,51.5,28.1,10.2,247,24.0,11.9,209,690,885,1284,1924,2395,3141,2690,6905,577
1774020826,1,48097332.0,47203316.0,4719664.5,4538838.5,748097.8,734131.8,261423.6,363893.2,104883.4,58.2,28.1,10.2,266,24.0,11.9,209,690,885,1285,1924,2395,3141,2691,6906,576
1774021126,1,48124084.0,47013900.0,4692376.0,4524918.5,746598.3,732202.9,260474.5,363449.0,104866.9,63.4,28.1,10.2,261,24.0,11.9,209,689,885,1283,1924,2394,3140,2690,6905,577
1774021426,1,47812948.0,46774892.0,4677844.0,4513121.5,743908.6,728213.8,260277.8,361896.6,104849.5,74.3,28.1,10.2,304,24.0,12.0,209,690,885,1284,1924,2395,3141,2690,6906,576
1774021726,1,47585120.0,46649140.0,4636426.0,4483588.5,740949.9,725548.2,259412.2,360968.5,104831.9,83.7,28.1,10.2,298,24.0,12.0,209,690,885,1284,1924,2395,3141,2691,6906,576
1774022026,1,47404860.0,46247996.0,4621468.0,4465272.0,737533.0,722284.4,258913.2,359700.5,104815.5,97.2,28.1,10.2,277,24.0,12.1,209,690,885,1284,1925,2396,3142,2691,6909,577
1774022326,1,47075516.0,46294844.0,4604245.0,4456758.5,733098.6,720465.8,258110.6,359846.3,104799.0,104.6,28.1,10.3,339,24.0,12.1,209,690,885,1284,1924,2395,3141,2690,6907,577
1774022628,1,46939312.0,45953924.0,4585480.5,4424185.5,731762.3,717939.2,257627.3,358512.3,104782.1,110.7,28.1,10.3,320,24.0,12.1,209,690,885,1284,1925,2396,3142,2692,6908,576
1774022928,1,46718592.0,45727728.0,4561503.5,4409825.5,729892.3,714494.2,256912.4,357773.5,104765.2,117.4,28.1,10.3,336,24.0,12.1,209,690,885,1284,1925,2396,3142,2691,6907,576
1774023228,1,46473696.0,45479440.0,4528666.0,4410504.0,727527.8,712339.7,256466.1,356575.1,104748.2,129.2,28.1,10.4,361,24.0,12.1,209,690,885,1284,1924,2395,3141,2691,6906,577
1774023528,1,46304784.0,45505344.0,4523705.5,4390004.0,727205.1,711423.8,255756.2,355758.8,104730.8,137.3,28.1,10.3,379,24.0,12.2,209,689,885,1284,1924,2396,3141,2691,6907,577
1774023828,1,46256284.0,45184160.0,4508156.5,4378939.5,723013.2,707346.9,255062.8,355211.5,104714.7,148.6,28.1,10.4,364,24.0,12.2,209,690,885,1285,1925,2396,3142,2692,6909,577
1774024128,1,45877616.0,44982096.0,4489189.5,4354796.0,721267.1,706979.5,254051.2,354935.1,104697.4,153.6,28.1,10.4,386,24.0,12.2,209,690,884,1285,1925,2395,3141,2691,6906,577
1774024726,1,56928788.0,55854356.0,5433735.5,5272909.5,841048.2,826231.8,283832.5,389993.4,105104.4,0.0,28.0,9.3,135,23.8,10.6,209,690,885,1284,1924,2395,3141,2691,6906,576
1774025026,1,53878880.0,52907652.0,5198704.0,5050333.5,811370.3,795265.1,277869.6,383159.9,105107.2,0.0,28.0,9.6,194,23.9,11.1,209,690,885,1284,1924,2395,3141,2691,6907,576
1774025326,1,52449844.0,51342640.0,5063573.5,4917824.5,795861.2,778944.2,274153.5,378976.6,105099.2,0.0,28.0,9.8,135,23.9,11.3,209,690,885,1284,1924,2395,3142,2691,6906,576
1774025626,1,51393060.0,50434140.0,4969896.0,4838251.5,784006.0,769054.6,271478.6,375686.9,105086.4,0.0,28.1,9.8,154,23.9,11.4,209,690,885,1284,1925,2395,3141,2691,6907,576
1774025928,1,50803436.0,49743084.0,4935270.5,4786512.0,775836.5,761482.5,269585.9,374107.7,105071.4,3.7,28.1,9.9,187,23.9,11.5,209,690,885,1284,1924,2395,3141,2690,6906,576
1774026228,1,50302900.0,49300468.0,4878643.5,4734058.0,770002.9,755615.8,268055.7,371484.9,105054.7,12.2,28.1,10.0,194,23.9,11.6,209,690,885,1284,1924,2395,3140,2690,6905,576
1774026528,1,49946496.0,48955900.0,4845346.0,4707495.5,766298.8,751022.1,267096.6,369897.0,105038.3,17.8,28.1,10.0,220,23.9,11.7,209,689,885,1284,1924,2395,3140,2690,6906,577
1774026826,1,49460288.0,48401900.0,4811106.5,4668292.5,761503.7,747099.5,265683.9,367882.9,105020.0,27.7,28.1,10.1,202,23.9,11.8,209,690,885,1284,1925,2395,3141,2691,6907,576
1774027126,1,49122772.0,48108336.0,4799240.5,4626977.5,758201.9,742238.5,265147.9,366747.6,105003.5,36.2,28.1,10.1,197,23.9,11.8,209,689,885,1284,1924,2395,3141,2690,6905,576
1774027426,1,48963340.0,47823712.0,4760876.0,4613446.5,753616.7,738636.2,263084.5,366088.2,104987.2,45.9,28.1,10.1,234,23.9,11.9,209,690,885,1284,1924,2395,3141,2690,6905,577
1774027728,1,48623852.0,47626112.0,4725967.5,4581162.0,751641.5,736859.2,261868.3,364475.3,104969.5,52.4,28.1,10.1,259,23.9,11.9,209,690,885,1284,1924,2394,3140,2690,6904,577
1774028028,1,48367468.0,47318852.0,4716530.0,4545743.5,748540.7,733866.6,261527.5,364292.7,104951.9,61.4,28.1,10.2,258,23.9,11.9,209,690,884,1284,1924,2394,3140,2689,6903,576
1774028328,1,48030740.0,46963812.0,4688940.5,4512827.5,743729.6,731154.8,260792.3,362792.4,104935.6,65.2,28.1,10.2,274,23.9,11.9,209,690,885,1284,1924,2395,3141,2691,6906,577
1774028626,1,47841660.0,46789268.0,4665920.5,4505926.0,742912.9,727579.6,260024.3,362085.0,104919.7,77.2,28.1,10.2,301,23.9,12.0,209,690,885,1285,1924,2395,3141,2690,6906,576
1774028926,1,47622372.0,46689820.0,4645824.5,4496420.0,738820.7,726101.1,259296.6,361269.9,104903.5,89.1,28.1,10.2,291,23.9,12.0,209,690,885,1284,1924,2395,3141,2690,6905,576
1774029226,1,47273748.0,46408516.0,4619323.5,4464893.5,737653.6,722134.0,258888.4,360383.5,104886.9,98.6,28.1,10.2,301,23.9,12.0,209,689,885,1284,1924,2394,3140,2689,6903,577
1774029528,1,47167168.0,46001420.0,4594084.5,4444656.5,734472.9,719738.7,258284.3,359205.3,104870.6,103.3,28.1,10.3,301,23.9,12.0,209,690,885,1284,1924,2395,3141,2690,6906,577
1774029828,1,46995100.0,46003340.0,4585890.5,4412721.5,733505.2,717958.6,257592.5,358992.8,104854.2,114.2,28.1,10.3,304,23.9,12.1,209,690,885,1284,1924,2394,3140,2690,6903,576
1774030126,1,46716624.0,45673964.0,4571802.5,4417514.0,729676.6,715524.9,256947.1,358038.0,104838.4,120.8,28.1,10.3,352,23.9,12.1,209,690,885,1285,1924,2396,3141,2691,6906,576
1774030426,1,46620020.0,45536656.0,4531464.0,4395222.0,727470.7,712518.0,256675.0,356836.1,104821.9,129.2,28.1,10.3,382,23.9,12.1,209,690,885,1284,1924,2396,3141,2690,6906,576
1774030726,1,46207968.0,45177052.0,4508031.5,4384688.0,725397.8,711278.7,255780.2,356516.3,104805.7,138.3,28.1,10.4,377,23.9,12.1,209,690,885,1284,1924,2394,3140,2689,6904,576
1774031026,1,46130704.0,45195556.0,4496152.5,4370190.0,724278.2,708284.3,255318.9,355420.5,104789.7,147.7,28.1,10.4,378,23.9,12.2,209,690,885,1284,1925,2395,3141,2690,6906,576
1774031328,1,46016068.0,45069260.0,4484248.5,4346771.5,720847.2,705291.4,254366.3,354386.2,104773.4,156.8,28.1,10.4,382,23.9,12.2,209,690,885,1284,1924,2395,3141,2690,6906,576
1774031926,1,56745076.0,55366708.0,5398486.5,5242062.0,837088.8,821206.1,281922.3,386818.6,105210.2,0.0,27.9,9.2,118,23.8,10.6,209,690,884,1284,1924,2395,3140,2690,6905,577
1774032226,1,53668208.0,52258004.0,5147709.5,5010628.0,804371.2,787589.8,275771.1,381047.1,105213.5,0.0,28.0,9.6,155,23.9,11.1,209,690,885,1284,1924,2396,3141,2690,6906,576
1774032526,1,52038848.0,50963708.0,5018458.5,4867390.0,787157.2,773403.9,272008.2,376201.3,105206.0,0.0,28.0,9.7,178,23.9,11.3,209,690,885,1285,1924,2395,3141,2690,6906,577
1774032826,1,50949020.0,49886320.0,4934705.5,4787809.5,775769.1,762230.2,269486.9,373169.0,105193.6,0.0,28.0,9.8,190,23.9,11.4,209,690,885,1285,1924,2395,3141,2690,6905,576
1774033128,1,50277824.0,49261552.0,4873726.0,4737442.5,770719.8,754682.4,267954.8,370411.0,105179.4,1.7,28.1,9.9,208,23.9,11.5,209,690,885,1284,1923,2394,3140,2689,6903,576
1774033428,1,49905420.0,48555504.0,4837538.0,4696898.0,763672.2,748775.5,266048.3,368802.8,105163.2,13.6,28.1,10.0,190,23.9,11.7,209,690,885,1285,1925,2396,3142,2692,6909,577
1774033726,1,49275180.0,48184604.0,4785802.5,4645064.0,758042.9,742870.2,265408.7,366989.1,105146.5,23.9,28.1,10.0,195,23.9,11.7,209,690,885,1284,1924,2395,3140,2690,6905,576
1774034026,1,48954352.0,47911364.0,4761160.0,4605640.5,751414.9,739809.0,262981.0,365001.4,105130.1,29.3,28.1,10.0,205,24.0,11.7,209,690,885,1284,1924,2395,3141,2690,6906,577
1774034326,1,48660692.0,47694324.0,4735609.5,4595744.0,749116.6,736517.4,261852.8,364494.3,105112.8,37.6,28.1,10.1,245,23.9,11.8,209,690,885,1285,1924,2395,3141,2690,6906,577
1774034628,1,48241244.0,47422852.0,4714696.0,4538940.0,747474.7,732413.3,261239.5,363032.8,105095.9,47.1,28.1,10.1,262,23.9,11.8,209,690,885,1284,1924,2394,3141,2689,6905,577
1774034928,1,48040604.0,47077388.0,4688970.0,4515609.5,743541.8,728803.9,260531.3,362249.1,105078.6,56.5,28.1,10.2,255,23.9,11.9,209,690,885,1284,1924,2395,3141,2690,6906,576
1774035228,1,47759808.0,46703116.0,4656873.5,4497434.5,740611.4,727781.2,259927.3,360699.8,105062.0,62.9,28.1,10.2,282,23.9,11.9,209,690,885,1285,1925,2395,3141,2690,6907,576
1774035528,1,47540924.0,46498388.0,4636343.0,4480822.5,739596.0,722572.7,259220.4,360387.2,105043.5,73.3,28.1,10.2,306,23.9,12.0,209,690,885,1284,1924,2395,3141,2690,6906,577
1774035826,1,47154068.0,46016972.0,4616848.5,4451600.5,735108.8,720857.6,258290.2,359499.7,105025.5,80.3,28.1,10.2,326,23.9,12.0,209,690,885,1285,1925,2396,3142,2691,6909,576
1774036126,1,47162644.0,45873248.0,4582524.5,4433916.0,731752.9,718484.2,257690.6,358383.5,105008.2,89.8,28.1,10.2,296,24.0,12.0,209,690,885,1285,1925,2396,3142,2691,6908,576
1774036426,1,46897260.0,45639996.0,4566509.5,4429559.5,730190.6,714440.7,256539.4,357799.6,104991.3,95.1,28.1,10.2,342,23.9,12.0,209,690,885,1285,1925,2396,3142,2691,6908,576
1774036726,1,46495168.0,45387296.0,4552493.5,4404015.5,727703.5,713295.0,256149.7,356380.1,104973.8,101.2,28.1,10.3,328,23.9,12.0,209,689,885,1284,1925,2396,3142,2691,6907,577
1774037026,1,46388644.0,45258812.0,4521702.0,4387390.0,724938.0,711419.2,255623.5,356453.1,104956.2,105.8,28.1,10.3,369,24.0,12.1,209,689,885,1284,1924,2394,3140,2690,6904,577
1774037326,1,46177980.0,44961308.0,4514513.0,4361288.5,723562.8,708760.3,254546.0,355290.3,104938.5,117.6,28.1,10.3,354,23.9,12.1,209,690,885,1284,1924,2395,3141,2691,6907,577
1774037626,1,46014928.0,44705260.0,4485824.5,4350670.0,720987.3,705954.5,255008.6,354719.5,104921.7,124.5,28.1,10.3,360,23.9,12.1,209,690,885,1285,1925,2395,3141,2691,6909,577
1774037926,1,45869132.0,44819376.0,4474835.0,4339009.5,718512.8,703969.8,254152.9,354312.9,104904.7,133.1,28.1,10.3,363,23.9,12.2,209,690,885,1284,1925,2396,3142,2691,6908,577
1774038228,1,45585120.0,44126852.0,4448248.0,4318210.0,717662.3,702398.8,253524.2,353440.7,104888.0,140.3,28.1,10.4,379,23.9,12.2,209,690,885,1285,1924,2395,3141,2691,6907,576
1774038528,1,45332164.0,44126260.0,4441588.5,4301844.5,715442.2,699598.4,253180.4,352859.0,104872.0,147.8,28.1,10.4,382,23.9,12.2,209,690,885,1285,1926,2397,3143,2692,6911,576
1774039128,1,56055104.0,54899056.0,5344714.0,5188720.0,830827.2,813047.4,280273.8,385076.5,105217.5,0.0,27.9,9.2,119,23.8,10.6,209,690,885,1285,1925,2396,3142,2691,6907,577
1774039426,1,53072060.0,52058188.0,5102824.5,4942932.5,798024.8,782612.2,274305.8,378168.8,105219.8,0.0,28.0,9.6,140,23.8,11.1,209,690,885,1284,1924,2395,3141,2690,6906,577
1774039726,1,51555504.0,50515900.0,4976932.0,4816981.5,781313.2,765559.5,270858.1,373802.3,105209.7,0.0,28.0,9.8,190,23.9,11.3,209,690,885,1284,1924,2395,3141,2690,6907,576
1774040026,1,50719412.0,49414276.0,4882051.5,4749971.5,770178.9,756067.0,267592.2,369931.2,105197.0,0.0,28.0,9.8,170,23.9,11.4,209,690,885,1284,1924,2395,3141,2690,6905,577
1774040326,1,49764752.0,48798316.0,4836471.5,4691786.5,763744.8,748458.5,265958.0,367990.0,105181.4,0.8,28.0,9.9,175,23.9,11.6,209,690,885,1284,1924,2395,3141,2690,6905,577
1774040626,1,49347248.0,48259444.0,4782070.0,4645468.0,758044.9,740878.1,264822.2,366086.5,105164.3,3.9,28.0,10.0,202,23.9,11.6,209,690,885,1285,1925,2396,3141,2691,6907,576
1774040928,1,49006400.0,47838244.0,4759444.0,4597884.0,751762.0,737299.3,262304.3,365227.2,105147.5,10.7,28.0,10.0,212,23.9,11.6,209,689,885,1285,1924,2395,3141,2690,6906,577
1774041228,1,48492284.0,47561088.0,4725014.0,4565896.0,748306.9,733877.8,261766.2,363342.7,105129.6,22.1,28.0,10.0,199,23.9,11.7,209,690,885,1285,1924,2395,3141,2691,6908,576
1774041528,1,48195252.0,47187260.0,4689459.5,4532362.5,744411.2,729094.8,260555.4,361926.5,105111.8,30.0,28.0,10.1,212,23.9,11.8,209,690,885,1284,1924,2395,3141,2690,6906,577
1774041826,1,47700768.0,46661904.0,4651701.5,4499212.0,739861.7,726862.2,259871.0,360634.1,105093.1,37.2,28.0,10.1,248,23.9,11.8,209,690,885,1284,1925,2396,3142,2691,6908,576
1774042126,1,47602396.0,46380176.0,4633764.0,4473341.5,737593.0,722989.9,259217.4,360413.1,105076.1,49.9,28.0,10.1,255,23.9,11.9,209,689,885,1284,1925,2395,3141,2691,6907,576
1774042426,1,47382400.0,46205788.0,4606882.0,4470872.0,735716.1,719314.2,258178.6,358491.8,105057.6,54.6,28.0,10.1,265,23.9,11.9,209,689,884,1284,1924,2395,3140,2689,6904,576
1774042726,1,47248540.0,45934688.0,4599973.5,4441599.5,732755.0,717819.9,257806.2,358036.7,105039.5,66.0,28.0,10.2,267,23.9,12.0,209,690,884,1284,1924,2395,3141,2690,6907,577
1774043028,1,46785776.0,45615836.0,4569949.5,4429532.5,730426.2,716164.3,256981.5,357287.2,105021.9,72.8,28.0,10.2,280,23.9,11.9,209,690,885,1285,1925,2395,3142,2691,6908,577
1774043328,1,46697284.0,45525756.0,4556632.5,4407358.0,728099.7,712403.2,255785.1,357087.6,105003.8,79.5,28.0,10.2,287,23.9,12.0,209,690,885,1285,1924,2396,3141,2691,6906,576
1774043628,1,46308644.0,45150384.0,4537246.0,4390188.5,724740.0,711081.3,255591.1,356560.8,104985.4,88.4,28.0,10.2,329,23.9,12.0,209,690,885,1284,1925,2395,3141,2691,6906,577
1774043928,1,46179708.0,45001532.0,4519269.0,4375332.0,722937.7,707881.8,254953.7,355190.8,104967.4,98.4,28.0,10.3,329,23.9,12.1,209,690,885,1285,1924,2395,3142,2691,6906,577
1774044226,1,45966668.0,44680592.0,4495493.5,4357614.5,721318.8,706095.2,254479.3,355046.3,104949.9,108.9,28.0,10.3,341,23.9,12.1,209,690,885,1284,1924,2395,3141,2690,6906,576
1774044526,1,45804960.0,44440604.0,4481228.0,4342090.0,718523.1,703791.1,254297.0,353883.8,104936.0,114.3,28.0,10.3,351,23.9,12.1,209,690,885,1284,1924,2395,3141,2690,6906,577
1774044826,1,45589556.0,44500148.0,4461107.5,4325376.5,715769.5,701979.3,253504.4,353633.6,104922.4,121.9,28.0,10.3,361,23.9,12.1,209,690,885,1284,1924,2396,3141,2690,6907,577
1774045126,1,45432284.0,43883644.0,4443345.5,4305102.5,714808.2,700218.3,252351.7,352388.3,104910.2,131.4,28.0,10.3,362,23.9,12.1,209,690,885,1285,1925,2395,3141,2691,6906,576
1774045426,1,45214192.0,43833008.0,4431549.5,4284302.0,712267.2,698032.8,252193.4,351637.2,104898.8,135.6,28.0,10.3,410,23.9,12.2,209,690,885,1285,1924,2396,3142,2691,6907,576
1774045726,1,44910704.0,43616548.0,4405570.5,4262363.5,708194.8,694967.8,251499.5,350535.9,104887.3,148.7,28.1,10.4,385,23.9,12.2,209,690,885,1285,1925,2396,3143,2692,6910,577
1774046328,1,52881820.0,51641760.0,5066278.5,4899769.5,787146.2,768513.8,267941.2,366115.2,105144.6,0.0,27.9,9.2,140,23.8,10.6,209,690,885,1285,1926,2396,3142,2691,6909,577
1774046628,1,49374624.0,48262940.0,4788063.5,4612116.5,755191.2,734706.7,260740.9,359823.9,105153.3,0.0,28.0,9.6,117,23.9,11.1,209,690,885,1285,1926,2396,3143,2691,6910,577
1774046928,1,47696224.0,46778036.0,4638791.5,4474603.5,736168.8,719579.3,257102.6,355604.2,105151.4,0.0,28.1,9.8,136,23.9,11.3,209,690,885,1285,1925,2395,3142,2691,6908,577
1774047228,1,46767808.0,45685156.0,4554254.5,4395802.5,725365.8,709166.5,254665.9,352189.6,105144.1,0.0,28.1,9.8,169,24.0,11.5,209,690,885,1285,1925,2396,3142,2691,6909,576
1774047528,1,46093740.0,45039020.0,4482862.5,4349124.5,721081.4,701759.6,252524.0,350263.2,105135.7,5.8,28.1,9.9,184,24.0,11.6,209,690,885,1284,1924,2395,3141,2691,6908,576
1774047828,1,45636116.0,44399252.0,4441369.5,4294104.5,711655.5,695780.4,251443.3,348372.0,105126.5,12.8,28.2,9.9,193,24.0,11.6,209,690,885,1285,1924,2395,3141,2691,6909,577
1774048126,1,45079236.0,43825100.0,4414784.0,4252526.0,708352.4,690406.9,249731.5,347072.3,105117.2,23.7,28.2,10.0,210,24.0,11.7,209,690,885,1284,1924,2395,3141,2690,6905,577
1774048426,1,44690048.0,43489776.0,4373653.0,4239717.5,703214.6,685527.5,248532.0,345699.5,105106.7,28.3,28.2,10.0,209,24.1,11.8,209,690,885,1285,1925,2396,3143,2691,6910,577
1774048726,1,44049276.0,43014244.0,4348852.5,4198983.5,698587.1,680730.5,247120.7,344557.0,105095.4,33.7,28.2,10.1,228,24.1,11.8,209,690,885,1284,1924,2395,3141,2690,6908,576
1774049026,1,43487144.0,42546676.0,4301520.0,4165879.2,694611.5,678479.9,246045.5,343278.8,105084.5,45.0,28.2,10.1,234,24.1,11.9,209,690,885,1285,1925,2396,3141,2690,6907,576
1774049326,1,43317636.0,42241968.0,4289670.0,4130086.0,691923.1,674844.2,245413.5,341715.1,105073.1,49.6,28.3,10.1,247,24.1,11.9,209,690,885,1285,1925,2396,3142,2691,6909,576
1774049626,1,42883692.0,41933264.0,4259647.5,4114691.8,687438.5,670407.3,244324.9,340256.7,105062.1,60.6,28.3,10.2,259,24.1,12.0,209,690,885,1284,1923,2395,3141,2689,6906,576
1774049926,1,42680388.0,41642508.0,4225431.5,4088860.0,683957.8,669288.0,243763.2,339314.0,105050.4,70.9,28.3,10.2,243,24.2,12.0,209,690,885,1285,1925,2396,3142,2692,6910,576
1774050228,1,42142092.0,41444052.0,4208616.5,4061744.0,680236.9,664224.7,243241.7,338839.0,105037.9,79.8,28.3,10.2,263,24.2,12.0,209,690,885,1284,1925,2395,3141,2691,6908,576
1774050528,1,41970784.0,41071860.0,4185326.8,4047532.2,678884.2,661964.9,241683.4,338084.8,105026.2,89.3,28.3,10.2,269,24.2,12.0,209,690,885,1284,1924,2395,3140,2690,6905,577
1774050826,1,41637292.0,40860756.0,4157098.2,4033806.2,675044.1,659762.2,241239.7,336137.7,105014.0,99.2,28.4,10.3,306,24.2,12.1,209,690,885,1284,1924,2395,3141,2690,6906,577
1774051126,1,41348684.0,40488812.0,4132528.0,4000071.0,672052.5,657875.6,240002.4,335552.3,105001.3,104.1,28.4,10.3,315,24.2,12.1,209,690,886,1284,1924,2395,3141,2690,6907,576
1774051426,1,41125232.0,40217376.0,4118355.2,3984584.0,668209.5,654073.5,239369.2,334743.7,104987.8,109.7,28.4,10.3,325,24.2,12.1,209,690,885,1284,1925,2395,3141,2691,6908,576
1774051728,1,40993936.0,39969292.0,4103581.2,3980666.8,667380.4,652311.4,239042.5,333641.1,104974.0,117.0,28.4,10.4,367,24.3,12.1,209,690,885,1285,1924,2395,3141,2691,6907,576
1774052026,1,40744732.0,39664940.0,4074738.8,3957999.0,663844.8,648324.1,238971.1,332955.0,104960.4,129.0,28.4,10.3,379,24.3,12.2,209,690,885,1284,1924,2395,3140,2690,6907,577
1774052326,1,40395372.0,39444912.0,4070416.2,3939166.2,661860.9,647360.8,237875.0,332447.6,104946.6,137.7,28.4,10.4,375,24.3,12.2,209,690,886,1285,1925,2396,3142,2691,6909,577
1774052626,1,40101876.0,39347024.0,4037884.0,3912454.2,659849.8,644690.7,237022.7,331025.5,104932.2,141.7,28.4,10.4,389,24.3,12.2,209,690,885,1284,1924,2395,3141,2690,6909,576
1774052926,1,40019900.0,39194164.0,4030034.8,3900874.0,657377.2,643912.1,236655.4,329553.6,104919.0,149.8,28.4,10.4,399,24.3,12.3,209,690,886,1284,1923,2394,3141,2690,6906,575
1774053526,1,51351760.0,50406324.0,4950525.5,4791411.5,776298.1,758082.9,266103.5,366227.5,105070.2,0.0,28.3,9.3,131,24.2,10.7,209,690,885,1284,1925,2395,3141,2690,6909,577
1774053828,1,48714484.0,47656944.0,4735553.5,4568582.0,749854.2,733767.3,260394.1,360508.4,105076.4,0.0,28.4,9.6,146,24.2,11.1,209,690,885,1284,1923,2394,3140,2689,6906,577
1774054128,1,47226476.0,46241452.0,4581852.0,4446211.5,733967.7,716868.0,257151.4,357220.5,105071.0,0.0,28.4,9.8,156,24.3,11.4,209,690,885,1284,1923,2395,3140,2689,6906,577
1774054428,1,46301468.0,45187668.0,4505314.5,4377680.0,722972.5,708519.7,254415.1,354214.2,105060.6,0.0,28.4,9.9,165,24.3,11.5,209,690,886,1284,1925,2395,3141,2690,6907,576
1774054728,1,45514748.0,44376080.0,4454135.5,4326980.5,717305.9,702415.9,253055.1,352182.9,105049.5,0.2,28.5,10.0,187,24.3,11.6,209,690,886,1284,1924,2395,3140,2690,6906,576
1774055028,1,45070380.0,43750372.0,4412509.0,4279683.0,711435.1,697505.8,251114.6,349936.1,105035.8,8.7,28.5,10.0,190,24.3,11.7,209,690,885,1285,1923,2394,3141,2690,6906,577
1774055326,1,44446532.0,43372012.0,4380618.0,4232284.5,706459.6,691966.9,250018.1,348263.9,105022.3,17.0,28.5,10.0,180,24.4,11.8,209,690,885,1284,1923,2395,3140,2690,6906,575
1774055626,1,44216460.0,42969268.0,4343927.5,4204100.5,701950.8,687192.6,249147.4,347014.4,105008.6,32.5,28.5,10.1,221,24.4,11.8,209,690,885,1284,1924,2395,3141,2690,6907,577
1774055926,1,43552316.0,42642644.0,4324334.5,4182623.2,696690.2,683533.3,247603.8,346139.0,104994.4,37.9,28.5,10.1,238,24.4,11.9,209,690,885,1284,1924,2395,3141,2690,6907,576
1774056226,1,43257540.0,42323676.0,4287139.5,4153489.8,693232.2,679530.1,246581.3,345021.0,104979.9,39.2,28.5,10.1,250,24.4,11.9,209,690,886,1284,1924,2395,3141,2690,6907,576
1774056526,1,43115232.0,42148096.0,4258054.0,4132868.0,690767.6,676154.1,245862.6,343476.2,104965.2,52.1,28.5,10.2,227,24.4,12.0,209,690,886,1284,1924,2395,3140,2690,6907,576
1774056826,1,42773156.0,41870084.0,4245456.0,4116423.0,689960.7,672528.7,244606.0,342378.3,104951.2,62.0,28.5,10.2,258,24.4,12.0,209,690,886,1284,1924,2395,3141,2690,6908,577
1774057128,1,42516412.0,41713496.0,4220896.0,4075216.0,683901.0,670304.0,244009.3,340747.5,104935.8,71.1,28.5,10.2,264,24.4,12.1,209,690,885,1284,1924,2394,3140,2690,6907,576
1774057428,1,42180412.0,41388768.0,4202902.5,4062876.8,681859.0,666267.7,243407.3,339906.4,104920.8,74.0,28.5,10.2,315,24.4,12.1,209,690,886,1284,1924,2394,3140,2690,6905,576
1774057728,1,42000092.0,41238400.0,4183428.2,4041623.0,679792.1,664794.2,242911.2,339777.2,104904.8,82.7,28.6,10.3,319,24.4,12.1,209,690,886,1284,1924,2395,3140,2690,6907,576
1774058028,1,41744836.0,41055996.0,4153736.0,4030815.0,675035.1,663177.0,241578.0,338707.9,104890.6,94.5,28.6,10.3,283,24.4,12.1,209,690,885,1284,1924,2395,3140,2690,6906,577
1774058326,1,41583476.0,40984256.0,4145569.0,4025050.0,672965.8,659447.8,241461.0,336962.7,104874.0,102.1,28.6,10.3,320,24.4,12.2,209,690,885,1284,1923,2394,3140,2689,6905,576
1774058626,1,41463152.0,40613492.0,4124577.2,3988079.2,671378.4,659609.0,240601.9,336800.3,104858.7,113.0,28.6,10.3,298,24.4,12.2,209,690,886,1284,1923,2395,3140,2690,6907,576
1774058926,1,41234356.0,40407908.0,4106757.0,3976176.8,669810.6,654199.7,239933.8,336006.5,104843.8,118.2,28.6,10.4,329,24.4,12.2,209,690,886,1284,1924,2395,3141,2690,6907,575
1774059226,1,40981856.0,39952992.0,4087535.2,3959907.0,667682.6,653720.2,239104.0,335227.6,104828.3,124.3,28.6,10.4,349,24.5,12.2,209,690,886,1285,1924,2395,3141,2690,6906,577
1774059526,1,40952716.0,39896292.0,4067343.2,3943224.0,664857.8,651184.3,238530.5,334198.5,104812.2,131.9,28.6,10.4,372,24.5,12.3,209,690,886,1283,1923,2394,3139,2689,6905,576
1774059828,1,40722356.0,39747716.0,4067542.0,3922068.0,661401.1,648549.4,238541.8,333291.5,104795.1,140.4,28.6,10.4,371,24.5,12.3,209,690,886,1284,1923,2394,3140,2690,6906,576
1774060128,1,40524368.0,39543088.0,4048558.2,3926064.2,660141.5,647042.5,238018.2,333147.2,104776.4,150.7,28.6,10.5,380,24.5,12.3,141,460,590,856,1924,2395,3140,2690,6906,576
1774060726,1,51599616.0,50513700.0,4962587.5,4822025.5,781203.2,763978.8,267469.1,368849.2,105025.6,0.0,28.4,9.3,108,24.3,10.7,209,690,885,1284,1923,2395,3140,2689,6906,575
1774061026,1,48991892.0,47917120.0,4743368.5,4568986.5,751621.4,738731.5,261738.7,363020.9,105025.4,0.0,28.5,9.6,166,24.4,11.2,209,690,886,1284,1924,2395,3141,2690,6907,577
1774061326,1,47455920.0,46410084.0,4618264.0,4470829.5,736257.2,723451.4,258466.5,359269.1,105013.1,0.0,28.5,9.8,155,24.4,11.4,209,690,886,1284,1924,2395,3140,2689,6905,576
1774061626,1,46624324.0,45324620.0,4541704.5,4399696.5,727352.3,714365.2,255918.8,355877.2,104996.0,0.0,28.5,9.9,164,24.4,11.5,209,690,885,1284,1924,2395,3140,2690,6905,575
1774061926,1,45774532.0,44795748.0,4483423.5,4351451.5,720010.5,708423.8,254189.0,354393.6,104976.3,2.0,28.5,9.9,186,24.4,11.6,209,690,886,1284,1924,2395,3141,2690,6908,577
1774062226,1,45531952.0,44526208.0,4453196.0,4322318.0,715444.7,702644.2,252579.0,352895.1,104955.3,11.1,28.5,10.0,196,24.4,11.7,209,690,885,1284,1923,2394,3140,2689,6905,576
1774062528,1,45098876.0,43985228.0,4425700.5,4283310.0,712966.7,698681.2,251709.7,351264.5,104934.0,21.6,28.5,10.0,186,24.4,11.8,209,690,886,1284,1924,2395,3141,2690,6908,577
1774062828,1,44545660.0,43678400.0,4387792.5,4254494.5,707371.8,696550.1,250849.2,350242.0,104912.1,25.6,28.5,10.1,205,24.4,11.8,209,690,886,1285,1924,2395,3141,2690,6908,576
1774063128,1,44406880.0,43445836.0,4365090.0,4235278.5,704933.4,692633.8,250468.0,349219.6,104890.4,31.9,28.5,10.1,219,24.3,11.9,209,690,885,1284,1925,2395,3142,2690,6908,576
1774063428,1,44084124.0,43311732.0,4346286.0,4206977.5,701734.8,689413.1,249502.7,348832.1,104867.9,39.3,28.5,10.1,230,24.3,11.9,209,690,885,1285,1923,2395,3140,2689,6908,577
1774063726,1,44099908.0,43031940.0,4335155.5,4202605.5,698855.1,689068.8,248880.9,348120.7,104845.5,46.1,28.5,10.1,226,24.3,11.9,209,690,886,1284,1924,2395,3141,2690,6907,576
1774064026,1,43922448.0,43158208.0,4320933.5,4188655.0,696728.1,684637.1,247870.5,347058.1,104823.0,61.6,28.4,10.2,208,24.3,12.0,209,690,885,1284,1924,2394,3140,2690,6906,577
1774064326,1,43636548.0,42986660.0,4308988.0,4170300.8,695864.5,683128.7,247643.9,346800.8,104801.1,64.9,28.4,10.2,267,24.3,12.0,209,690,886,1284,1924,2395,3140,2690,6906,576
1774064626,1,43410380.0,42736788.0,4290318.0,4153181.0,694316.4,680013.1,247036.9,345970.9,104779.3,72.4,28.4,10.2,255,24.3,12.0,209,690,885,1284,1924,2396,3141,2690,6906,576
1774064926,1,43425748.0,42647868.0,4269894.5,4139175.0,692000.8,679950.3,246520.5,345616.1,104757.4,85.2,28.4,10.3,270,24.3,12.0,209,690,886,1284,1924,2395,3140,2690,6906,576
1774065226,1,43367188.0,42584828.0,4265197.5,4130756.8,690644.6,677013.2,246540.0,344612.5,104735.2,92.3,28.4,10.3,307,24.3,12.1,209,690,886,1284,1924,2395,3141,2690,6907,577
1774065526,1,43148900.0,42395060.0,4254157.5,4122605.0,688110.1,674703.7,245554.0,343829.5,104713.0,104.0,28.4,10.3,326,24.2,12.1,209,690,886,1284,1924,2395,3140,2690,6905,576
1774065828,1,43041104.0,42450036.0,4246230.5,4116180.2,686069.2,672146.3,245253.2,343163.9,104691.4,116.6,28.4,10.3,316,24.2,12.1,209,690,885,1284,1924,2395,3139,2689,6903,576
1774066128,1,42965220.0,42261340.0,4237457.5,4103599.2,685277.8,672154.7,244835.0,342493.8,104669.8,119.6,28.4,10.3,341,24.2,12.2,209,690,885,1285,1924,2395,3140,2690,6906,576
1774066428,1,42899284.0,42195436.0,4220527.0,4087210.8,684734.6,671135.8,244465.8,343097.0,104648.2,129.0,28.3,10.4,370,24.2,12.2,209,690,886,1284,1924,2395,3141,2691,6908,577
1774066726,1,42785360.0,42069300.0,4213070.0,4076143.8,683271.4,667432.2,244005.9,342284.5,104626.4,137.6,28.3,10.4,355,24.2,12.2,209,690,886,1285,1925,2395,3141,2690,6907,577
1774067026,1,42669236.0,41951808.0,4196320.5,4059487.2,680484.2,668106.4,243997.7,341670.8,104605.8,144.2,28.3,10.4,370,24.2,12.2,209,690,885,1285,1924,2395,3141,2691,6907,576
1774067326,1,42478592.0,41737572.0,4191607.2,4058218.0,678128.0,666385.0,243386.8,340655.4,104585.1,153.6,28.3,10.4,373,24.2,12.3,209,690,886,1285,1925,2397,3142,2692,6910,576
1774067926,1,53305712.0,52192448.0,5092005.5,4937256.0,796593.5,779781.0,271423.7,373972.7,104952.6,0.0,28.1,9.2,126,24.0,10.6,209,690,885,1285,1925,2396,3142,2690,6907,577
1774068226,1,50426160.0,49443028.0,4849636.5,4712938.0,765073.4,750117.0,265525.7,367326.2,104953.1,0.0,28.2,9.6,136,24.0,11.1,209,690,885,1284,1924,2395,3141,2690,6907,577
1774068528,1,48799140.0,47775324.0,4736598.5,4565955.5,750250.7,736624.7,261272.8,362909.5,104941.4,0.0,28.2,9.7,144,24.1,11.3,209,690,886,1285,1925,2396,3142,2690,6909,577
1774068828,1,47877536.0,46656512.0,4667988.5,4478457.0,740947.1,726203.8,258903.3,360251.9,104926.4,0.0,28.2,9.8,178,24.1,11.5,209,690,885,1284,1924,2394,3140,2690,6905,576
1774069128,1,47138060.0,46413724.0,4618238.0,4441224.0,734743.2,719762.2,257772.8,358599.5,104908.5,3.9,28.2,9.9,181,24.1,11.6,209,690,885,1285,1925,2395,3141,2690,6907,576
1774069428,1,46731948.0,45835328.0,4554732.0,4409677.0,728573.4,714152.8,256085.9,357722.0,104888.8,11.4,28.2,9.9,156,24.1,11.6,209,690,885,1285,1925,2395,3141,2690,6906,577
1774069726,1,46315692.0,45668660.0,4537205.5,4382299.5,723658.5,710085.9,255303.3,355297.4,104869.6,17.8,28.2,10.0,181,24.1,11.7,209,690,885,1285,1924,2395,3141,2690,6906,576
1774070026,1,46124900.0,45301552.0,4505283.5,4355394.5,721924.2,708486.7,254899.9,355016.5,104849.9,27.2,28.2,10.0,196,24.1,11.8,209,690,885,1285,1924,2395,3141,2690,6907,577
1774070326,1,45865508.0,44995196.0,4482634.5,4333362.0,717428.7,703840.9,253652.3,353790.1,104829.9,35.1,28.2,10.0,195,24.1,11.8,209,690,885,1284,1924,2395,3141,2690,6906,576
1774070626,1,45579812.0,44772260.0,4457139.5,4314019.5,715521.2,703124.9,253337.8,353172.8,104810.5,42.6,28.2,10.1,229,24.1,11.8,209,690,885,1285,1925,2396,3142,2691,6907,576
1774070926,1,45395508.0,44705012.0,4427533.5,4299693.5,713399.0,697416.8,252435.6,352541.8,104791.4,45.5,28.2,10.1,233,24.0,11.8,209,690,885,1285,1925,2395,3141,2690,6906,576
1774071226,1,45338996.0,44281320.0,4415991.5,4281660.5,709575.7,697314.8,250544.5,351413.0,104771.3,57.4,28.2,10.1,262,24.0,11.9,209,690,885,1285,1925,2395,3141,2690,6906,576
1774071526,1,45174592.0,44140796.0,4408548.5,4262989.5,709030.7,693021.0,251063.7,350774.3,104751.9,66.2,28.2,10.2,278,24.0,12.0,209,690,885,1285,1925,2395,3141,2691,6908,577
1774071828,1,44813468.0,43907168.0,4374654.0,4242488.0,704980.1,692758.1,250431.0,349903.5,104732.8,78.0,28.2,10.2,275,24.0,12.0,209,690,885,1285,1925,2395,3142,2691,6906,576
1774072128,1,44546996.0,43861476.0,4356816.0,4228153.0,701827.8,688633.9,249915.2,348372.2,104713.6,83.9,28.2,10.2,304,24.0,12.0,209,690,885,1285,1925,2395,3142,2690,6908,576
1774072428,1,44355904.0,43629132.0,4339652.5,4219933.5,701771.5,687707.8,249091.7,347865.2,104694.5,88.6,28.1,10.2,276,24.0,12.0,209,690,885,1285,1925,2395,3141,2690,6906,577
1774072728,1,44257932.0,43661212.0,4337613.5,4200643.5,698639.6,683589.6,248615.2,347461.0,104676.7,98.4,28.2,10.3,288,24.0,12.1,209,690,886,1285,1926,2397,3143,2692,6912,577
1774073028,1,44162708.0,43449920.0,4308386.0,4185986.8,696497.5,682743.6,247918.7,346613.7,104658.3,109.2,28.2,10.3,323,24.0,12.1,209,690,886,1285,1925,2396,3142,2691,6910,577
1774073328,1,44063092.0,43165936.0,4291301.5,4165363.8,695171.4,680913.6,247228.6,345696.0,104640.5,118.0,28.1,10.3,352,24.0,12.1,209,690,885,1284,1925,2395,3141,2691,6908,576
1774073628,1,43967332.0,43170592.0,4303868.5,4152073.8,693782.1,678963.5,246908.3,346341.0,104622.1,123.6,28.2,10.3,338,24.0,12.1,209,690,885,1285,1925,2396,3141,2691,6908,576
1774073928,1,43846528.0,42923376.0,4282577.5,4151488.8,690802.9,675993.9,246252.2,344650.1,104604.7,131.0,28.1,10.3,342,24.0,12.1,209,690,885,1285,1925,2395,3141,2690,6907,577
1774074226,1,43624092.0,42880420.0,4268339.5,4125286.2,689803.7,676610.1,245781.8,344318.8,104586.6,143.1,28.1,10.3,371,24.0,12.2,209,690,885,1285,1925,2395,3141,2691,6907,576
1774074526,1,43581860.0,42658896.0,4251783.5,4115227.0,686626.8,672962.9,245275.0,343335.0,104568.9,147.4,28.1,10.4,394,24.0,12.2,209,689,885,1284,1924,2394,3140,2689,6905,577
1774075126,1,54117908.0,52993908.0,5155902.5,5008740.0,805460.6,787455.9,273776.2,377350.9,104990.3,0.0,28.0,9.2,126,23.8,10.6,209,690,885,1285,1924,2395,3140,2689,6904,576
1774075426,1,51336492.0,50065260.0,4928374.0,4780071.0,775311.2,759229.8,267483.8,369693.8,104992.0,0.0,28.0,9.5,95,23.9,11.1,209,690,885,1284,1925,2395,3140,2690,6906,576
1774075726,1,49423296.0,48417492.0,4793618.5,4655078.0,757808.2,743296.7,264600.9,365917.0,104982.7,0.0,28.1,9.7,133,23.9,11.3,209,690,885,1285,1925,2395,3141,2691,6907,577
1774076026,1,48494564.0,47391684.0,4729064.0,4568939.5,746751.2,733786.1,261370.9,363130.1,104968.8,0.0,28.1,9.8,148,24.0,11.4,209,690,885,1285,1925,2395,3141,2690,6907,577
1774076328,1,48031120.0,46830128.0,4675692.0,4510488.5,741656.7,724880.9,259600.6,361469.9,104952.1,0.2,28.1,9.8,163,23.9,11.6,209,690,885,1285,1924,2396,3142,2691,6908,577
1774076628,1,47569952.0,46652948.0,4621684.5,4470111.5,736022.9,719274.8,258291.1,359583.0,104934.2,8.1,28.1,9.9,185,23.9,11.6,209,690,885,1284,1924,2395,3141,2690,6905,576
1774076928,1,47166028.0,46303180.0,4579138.5,4430320.5,730176.4,716816.2,257215.2,357905.0,104916.5,14.5,28.1,10.0,186,24.0,11.7,209,690,885,1285,1925,2395,3141,2690,6907,577
1774077226,1,46763284.0,46011612.0,4554532.5,4406593.5,726993.9,711157.2,255945.3,357175.5,104898.9,23.7,28.1,10.0,208,23.9,11.7,209,690,885,1285,1924,2396,3141,2690,6907,576
1774077526,1,46553356.0,45517136.0,4528469.5,4377209.5,723604.7,709239.1,254975.2,355859.3,104881.2,33.5,28.1,10.0,256,23.9,11.8,209,690,885,1284,1924,2395,3141,2691,6907,576
1774077826,1,46352476.0,45277744.0,4509804.5,4356241.5,720799.2,706692.0,254503.0,354777.8,104862.6,38.1,28.1,10.1,192,23.9,11.8,209,690,885,1285,1925,2395,3142,2690,6908,576
1774078126,1,46260096.0,45175984.0,4481003.5,4324589.0,717039.8,703003.3,253547.5,353760.2,104844.3,51.7,28.1,10.1,222,23.9,11.8,209,690,885,1284,1924,2395,3141,2690,6906,577
1774078426,1,45904572.0,45041024.0,4445887.5,4314220.0,714448.5,700193.8,252903.4,353071.6,104825.9,57.9,28.1,10.1,238,23.9,11.9,209,690,885,1285,1924,2395,3141,2690,6906,576
1774078728,1,45772484.0,44819100.0,4429556.5,4296244.0,711807.8,696640.8,252561.1,352882.4,104807.5,63.8,28.1,10.2,255,23.9,11.9,209,690,885,1285,1925,2395,3141,2690,6905,576
1774079028,1,45623696.0,44560880.0,4416796.0,4284356.0,710803.2,695166.3,251587.8,351211.9,104790.0,71.3,28.1,10.2,289,23.9,11.9,209,690,885,1285,1924,2395,3141,2690,6907,576
1774079328,1,45392116.0,44482688.0,4400370.0,4256290.0,706175.1,694118.8,251143.6,350499.0,104772.3,77.8,28.1,10.2,319,23.9,12.0,209,690,885,1285,1925,2395,3142,2690,6908,578
1774079626,1,45271916.0,44212336.0,4378868.5,4244073.5,703691.5,689782.3,249928.6,349743.8,104754.3,86.9,28.1,10.2,327,23.9,12.0,209,690,885,1284,1925,2395,3141,2690,6906,577
1774079926,1,44888044.0,44072772.0,4369717.5,4225495.5,701968.5,690670.3,249885.1,349268.4,104736.1,98.2,28.1,10.2,312,23.9,12.0,209,690,885,1285,1924,2395,3141,2690,6907,576
1774080226,1,44723012.0,43824924.0,4337284.5,4206220.5,700307.8,687368.5,248727.5,348707.7,104718.7,102.6,28.1,10.2,325,23.9,12.1,209,690,885,1285,1925,2395,3140,2690,6906,576
1774080526,1,44464732.0,43789480.0,4319414.5,4191921.8,697464.8,683028.2,248420.4,347748.4,104701.3,108.8,28.1,10.3,330,23.9,12.1,209,690,886,1285,1925,2396,3142,2691,6908,576
1774080826,1,44357040.0,43650468.0,4316511.0,4181472.2,695761.3,682647.8,247810.6,347152.5,104683.9,115.6,28.1,10.3,344,23.9,12.1,209,690,885,1285,1925,2396,3142,2691,6909,576
1774081126,1,44488788.0,43496180.0,4294152.0,4172063.2,692500.4,679390.4,247048.7,346544.1,104666.7,128.0,28.1,10.3,356,23.9,12.2,209,690,885,1285,1925,2396,3142,2690,6907,576
1774081426,1,44246528.0,43478000.0,4292326.5,4156238.8,691374.7,678467.2,246730.0,346022.5,104649.4,135.7,28.1,10.3,393,23.9,12.1,209,690,885,1285,1925,2395,3141,2690,6907,577
1774081728,1,43988032.0,43291780.0,4274154.5,4132278.0,690952.9,673842.4,246417.3,345276.0,104633.1,145.4,28.1,10.3,404,23.9,12.2,209,690,885,1285,1925,2396,3141,2691,6907,577
1774082328,1,55164084.0,53888620.0,5216282.5,5073562.0,812385.7,796736.2,275805.8,379848.5,104993.7,0.0,27.9,9.2,127,23.8,10.5,209,690,885,1285,1925,2395,3141,2690,6907,576
1774082628,1,51899220.0,50625580.0,4968027.5,4822280.0,779603.8,766466.0,269406.0,373389.8,104996.5,0.0,28.0,9.6,116,23.8,11.0,209,690,885,1285,1925,2395,3141,2690,6906,576
1774082926,1,50263860.0,49114652.0,4852762.5,4707799.5,763776.8,750073.2,266426.8,367834.0,104987.7,0.0,28.0,9.7,138,23.9,11.3,209,690,885,1285,1925,2396,3141,2690,6907,577
1774083226,1,49149292.0,48266256.0,4765144.5,4608971.5,752666.8,738221.4,263841.5,365274.5,104974.8,0.0,28.0,9.8,141,23.9,11.4,209,690,885,1285,1925,2396,3142,2691,6909,576
1774083526,1,48759276.0,47876468.0,4720313.5,4561336.0,744918.7,733163.3,261336.6,363246.4,104958.9,0.0,28.0,9.8,179,23.9,11.5,209,690,885,1285,1925,2395,3141,2690,6907,577
1774083826,1,48121156.0,47461628.0,4674212.0,4513499.5,738959.5,727395.5,259717.6,361819.5,104943.1,1.6,28.0,9.9,159,23.9,11.6,209,690,885,1285,1924,2395,3141,2689,6906,576
1774084128,1,47900028.0,46902604.0,4642958.5,4462290.0,737431.2,721992.4,258562.5,360510.3,104925.9,10.8,28.0,10.0,175,23.9,11.6,209,690,885,1285,1924,2395,3141,2690,6906,576
1774084428,1,47539156.0,46679100.0,4612814.0,4432998.5,731680.8,717455.3,257242.0,359014.1,104909.4,18.6,28.0,10.0,185,23.9,11.7,209,690,885,1285,1925,2395,3141,2691,6907,576
1774084728,1,47412416.0,46467636.0,4574150.5,4410115.5,729003.7,714160.0,256778.8,357833.9,104892.6,27.1,28.1,10.0,204,23.9,11.8,209,690,885,1284,1924,2395,3141,2690,6906,576
1774085028,1,47032588.0,45939264.0,4540345.5,4378710.0,722547.6,709998.4,255102.9,356394.5,104875.6,35.7,28.1,10.1,229,23.9,11.8,209,690,885,1285,1925,2395,3141,2690,6908,577
1774085326,1,46810180.0,45820500.0,4499134.0,4362054.5,721502.2,707485.3,254891.2,355113.1,104858.6,43.9,28.0,10.1,252,23.9,11.8,209,689,885,1284,1924,2395,3140,2689,6905,576
1774085626,1,46455412.0,45471340.0,4489818.5,4333282.0,718018.3,703385.1,253973.5,354112.8,104841.7,50.3,28.0,10.1,269,23.9,11.9,209,690,885,1284,1924,2394,3140,2689,6904,577
1774085926,1,46333276.0,45442468.0,4463698.5,4312054.5,713837.2,701195.2,253177.4,353254.4,104825.5,62.4,28.0,10.1,273,23.9,11.9,209,690,885,1285,1925,2395,3141,2690,6906,577
1774086226,1,46189812.0,45186316.0,4429537.5,4291305.5,710901.9,698007.2,252370.9,351884.9,104809.0,72.1,28.0,10.2,282,23.9,11.9,209,690,885,1285,1924,2395,3140,2690,6906,576
1774086526,1,45972784.0,45138256.0,4408091.5,4272460.0,709338.7,696474.9,251814.3,351292.2,104792.5,79.6,28.1,10.2,280,23.9,12.0,209,690,885,1284,1924,2395,3141,2690,6905,576
1774086826,1,45838948.0,44857644.0,4406524.0,4263805.5,706876.5,693417.2,251213.3,350509.7,104775.7,86.2,28.1,10.2,285,23.9,12.0,209,689,885,1284,1924,2395,3140,2690,6906,577
1774087126,1,45541692.0,44634584.0,4387555.5,4249620.5,704820.9,690295.5,250728.6,349882.1,104759.3,95.6,28.0,10.2,319,23.9,12.0,209,690,885,1285,1925,2395,3141,2690,6907,576
1774087428,1,45223616.0,44438412.0,4355502.5,4220286.5,700944.9,688349.2,249139.1,348905.1,104742.7,103.8,28.0,10.2,320,23.9,12.0,209,690,885,1284,1925,2395,3141,2690,6907,576
1774087728,1,45094292.0,44202700.0,4357270.0,4211670.0,700126.5,685093.3,248716.5,348255.4,104726.2,107.4,28.0,10.3,324,23.9,12.1,209,690,885,1285,1925,2395,3142,2691,6909,577
1774088026,1,44939604.0,44218852.0,4332772.5,4194687.5,697415.2,684292.0,247988.5,347347.8,104710.1,117.8,28.0,10.3,329,23.9,12.1,209,690,885,1285,1925,2396,3141,2690,6908,576
1774088326,1,44763396.0,43924556.0,4314716.5,4176637.2,695646.8,682616.2,247874.5,346901.6,104694.0,125.9,28.0,10.3,379,23.9,12.1,209,690,885,1285,1925,2395,3141,2690,6907,577
1774088626,1,44642828.0,43839148.0,4303664.0,4162393.2,693201.0,681037.9,247241.5,346311.7,104677.7,132.2,28.1,10.3,343,23.9,12.1,209,690,885,1284,1925,2395,3141,2690,6907,576
1774088926,1,44492564.0,43650400.0,4291181.0,4156247.0,692196.1,676822.4,246668.1,345355.2,104661.6,144.2,28.1,10.3,372,23.9,12.1,209,690,885,1284,1925,2395,3141,2690,6909,576
1774089526,1,55640148.0,54194672.0,5245992.5,5088140.5,814567.2,796335.4,276549.7,381620.7,105130.0,0.0,27.9,9.2,130,23.8,10.5,209,690,885,1285,1926,2396,3142,2691,6908,577
1774089826,1,52428400.0,51052364.0,5010149.5,4846695.5,783850.4,768712.5,269914.0,374903.6,105133.0,0.0,28.0,9.5,134,23.8,11.0,209,690,885,1285,1925,2396,3142,2690,6907,576
1774090128,1,50760064.0,49740004.0,4883054.5,4732042.5,768530.3,754369.5,267172.3,369747.1,105124.7,0.0,28.0,9.7,175,23.8,11.3,209,690,885,1285,1924,2395,3141,2690,6907,576
1774090428,1,49762352.0,49004400.0,4810149.5,4662134.0,756950.8,742129.4,264469.3,366645.3,105111.1,0.0,28.0,9.7,148,23.9,11.4,209,690,885,1285,1925,2395,3142,2691,6909,577
1774090726,1,49284260.0,48175644.0,4752989.5,4593488.0,749466.7,735180.2,262875.4,365046.8,105096.6,0.0,28.0,9.9,168,23.9,11.5,209,690,885,1285,1924,2395,3140,2689,6905,577
1774091026,1,48861824.0,47943200.0,4698340.0,4558078.0,743890.4,730870.4,261540.1,362917.3,105080.4,4.0,28.0,9.9,173,23.9,11.6,209,690,885,1285,1924,2395,3141,2689,6907,575
1774091326,1,48496000.0,47447920.0,4675039.5,4511585.5,738359.7,726260.2,259545.2,361840.0,105064.7,11.1,28.0,9.9,185,23.9,11.6,209,690,885,1285,1925,2395,3141,2690,6907,576
1774091626,1,48273660.0,47297876.0,4640812.5,4481236.0,735591.8,722813.3,258658.4,360085.0,105048.0,18.5,28.0,10.0,187,23.9,11.7,209,689,885,1284,1924,2394,3140,2688,6904,577
1774091928,1,47978160.0,47121340.0,4621681.5,4427941.5,731705.1,718919.8,257806.7,358810.9,105031.7,27.4,28.0,10.0,213,23.9,11.8,209,690,885,1285,1925,2395,3141,2690,6907,577
1774092228,1,47861852.0,46852624.0,4566948.5,4413745.5,728507.3,713773.8,256591.3,358384.4,105016.3,34.4,28.0,10.0,241,23.9,11.8,209,690,885,1285,1924,2395,3141,2690,6906,576
1774092528,1,47461172.0,46575556.0,4558116.5,4403850.5,724982.1,712161.5,255799.0,356751.4,104999.9,42.0,28.0,10.1,240,23.9,11.8,209,690,886,1285,1925,2395,3141,2690,6908,577
1774092826,1,47333404.0,46382772.0,4533602.5,4383060.5,721938.2,707905.5,254824.2,355707.0,104983.7,50.7,28.0,10.1,283,23.9,11.9,209,690,885,1285,1924,2395,3141,2689,6906,576
1774093126,1,47104288.0,45820452.0,4489957.0,4347054.5,719261.8,704976.0,254038.8,355056.7,104967.7,55.9,28.0,10.1,296,23.9,11.9,209,690,885,1284,1925,2395,3141,2690,6907,577
1774093426,1,46859540.0,45845908.0,4455411.5,4315578.0,716327.7,702301.3,253620.5,354470.9,104951.3,64.5,28.1,10.2,289,23.9,11.9,209,690,885,1284,1925,2395,3141,2690,6906,576
1774093726,1,46687076.0,45649556.0,4448754.0,4301745.5,713370.9,698798.6,253059.0,353067.4,104934.9,76.9,28.0,10.2,283,23.9,11.9,209,689,885,1285,1925,2395,3140,2689,6906,577
1774094026,1,46378828.0,45429588.0,4444188.5,4291470.0,710503.0,698045.3,252766.2,352673.2,104919.0,84.2,28.1,10.2,320,23.9,12.0,209,690,885,1285,1926,2396,3143,2691,6910,576
1774094328,1,46181280.0,45169648.0,4415015.5,4266853.5,708438.2,695129.9,251290.5,351823.4,104902.1,94.4,28.1,10.2,286,23.9,12.0,209,690,885,1284,1925,2396,3141,2690,6908,576
1774094628,1,46046908.0,45148700.0,4406360.5,4255190.5,705051.6,694246.6,251221.6,351009.8,104885.5,102.9,28.1,10.3,329,23.9,12.1,209,690,885,1285,1924,2395,3141,2690,6907,577
1774094926,1,45779292.0,44844820.0,4368482.0,4244623.5,703720.9,689411.7,249628.3,350768.6,104868.6,111.0,28.1,10.2,311,23.9,12.1,209,690,885,1284,1925,2395,3141,2690,6907,577
1774095226,1,45554192.0,44703884.0,4358733.5,4213862.5,700941.8,687749.2,249393.2,349547.1,104851.7,120.0,28.1,10.3,338,23.9,12.1,209,690,885,1285,1925,2396,3142,2691,6910,576
1774095526,1,45420492.0,44520836.0,4341727.5,4214928.5,699745.5,685575.3,249176.4,348183.2,104835.0,123.5,28.0,10.3,347,23.9,12.1,209,690,885,1285,1925,2396,3142,2691,6909,577
1774095828,1,45291924.0,44463500.0,4323360.5,4190585.0,697092.2,683002.9,248260.5,347987.6,104819.2,134.9,28.1,10.3,342,23.9,12.1,209,690,885,1286,1926,2396,3142,2691,6910,576
1774096128,1,45204208.0,44364340.0,4323100.0,4178529.8,695300.1,682218.7,247619.6,348104.9,104802.5,141.0,28.0,10.3,376,23.9,12.2,209,690,885,1285,1925,2394,3141,2690,6906,577
1774096726,1,55809100.0,54718924.0,5248592.0,5102504.0,814545.8,801495.6,276552.1,381918.2,105225.8,0.0,27.9,9.2,100,23.8,10.6,209,690,885,1285,1924,2395,3141,2690,6907,577
1774097026,1,52422692.0,51444112.0,5003494.5,4868917.5,783839.9,770526.7,271200.4,374899.1,105229.0,0.0,28.0,9.5,136,23.8,11.0,209,690,885,1285,1925,2395,3141,2690,6907,576
1774097326,1,51058260.0,50166716.0,4883046.0,4738070.0,766324.8,753041.9,267374.5,369792.5,105220.4,0.0,28.0,9.7,160,23.9,11.3,209,690,885,1285,1925,2395,3142,2690,6908,577
1774097626,1,50369180.0,49278460.0,4804069.0,4661222.5,756502.7,742929.9,264362.6,367091.8,105207.4,0.0,28.0,9.8,153,23.9,11.4,209,690,885,1285,1925,2395,3141,2690,6908,576
1774097928,1,49642988.0,48763104.0,4747910.5,4598970.0,749405.2,735571.2,262599.5,365166.3,105192.2,0.0,28.0,9.8,122,23.9,11.5,209,690,885,1285,1925,2395,3140,2690,6906,576
1774098228,1,49339780.0,48412940.0,4709675.5,4551363.5,743388.8,731177.6,261641.0,363708.4,105176.9,8.2,28.0,9.9,203,23.9,11.6,209,690,885,1285,1925,2396,3142,2691,6910,577
1774098528,1,48742716.0,47957812.0,4654750.5,4490094.5,739081.0,724753.8,259151.5,361583.7,105161.5,15.3,28.0,10.0,189,23.9,11.7,209,690,885,1285,1925,2395,3141,2690,6908,577
1774098826,1,48418288.0,47590932.0,4628093.5,4453698.5,735212.1,720188.5,258623.4,359927.7,105145.3,25.2,28.0,9.9,226,23.9,11.7,209,690,885,1284,1925,2395,3141,2690,6906,577
1774099126,1,48085376.0,47097424.0,4607590.0,4430856.0,730088.7,717479.6,257061.3,358626.8,105128.2,35.4,28.0,10.0,207,23.9,11.7,209,690,886,1285,1925,2396,3142,2691,6909,577
1774099426,1,47848396.0,46871900.0,4550889.5,4405911.5,724941.7,712102.7,256143.3,357479.9,105111.9,41.8,28.0,10.0,223,23.9,11.8,209,690,885,1285,1926,2396,3143,2691,6911,576
1774099726,1,47681216.0,46712592.0,4539098.0,4380473.5,721764.8,710713.9,255472.9,356972.7,105095.3,51.4,28.0,10.0,271,23.9,11.8,209,690,885,1285,1926,2396,3143,2691,6910,577
1774100028,1,47447568.0,46371340.0,4519136.0,4349327.5,721223.5,704553.9,254189.7,355636.8,105079.1,56.2,28.0,10.1,232,23.9,11.8,209,690,886,1285,1925,2395,3142,2690,6908,576
1774100328,1,47266852.0,46199580.0,4485076.5,4334621.5,716220.8,703133.3,253901.2,354118.2,105062.3,62.0,28.1,10.1,277,23.9,11.9,209,690,886,1285,1925,2395,3141,2690,6908,577
1774100626,1,46962960.0,45916484.0,4461165.5,4313858.0,713696.9,700877.2,253042.5,353192.2,105045.9,71.0,28.1,10.1,274,23.9,11.9,209,690,885,1285,1925,2395,3141,2690,6908,577
1774100926,1,46584564.0,45844096.0,4450226.0,4282422.5,710763.0,698529.6,252186.5,352620.1,105029.6,77.9,28.0,10.2,276,23.9,11.9,209,690,885,1285,1924,2395,3141,2690,6907,577
1774101226,1,46557744.0,45522036.0,4413420.0,4272527.5,708943.0,695065.9,251892.8,352288.7,105012.1,86.1,28.0,10.2,279,23.9,12.0,209,690,885,1284,1925,2395,3140,2689,6905,576
1774101526,1,46373972.0,45471404.0,4395919.5,4253862.5,705838.0,692858.2,251259.9,351064.5,104995.3,93.7,28.0,10.2,312,23.9,12.0,209,690,886,1285,1924,2395,3140,2689,6907,576
1774101826,1,46004740.0,45233868.0,4378686.0,4241475.5,702380.0,691532.0,249787.6,350786.2,104978.8,104.1,28.0,10.2,301,23.9,12.0,209,690,885,1285,1924,2395,3141,2690,6907,577
1774102128,1,45901860.0,45083408.0,4363414.0,4220570.5,701341.0,687565.6,249164.4,349022.8,104962.3,114.5,28.0,10.2,326,23.9,12.0,209,690,885,1285,1925,2396,3142,2690,6909,576
1774102428,1,45741284.0,44991808.0,4340739.5,4203121.5,699806.9,685027.8,248974.0,349205.6,104945.6,118.0,28.0,10.2,344,23.9,12.1,209,690,885,1285,1925,2395,3141,2690,6907,577
1774102726,1,45621676.0,44695504.0,4329304.0,4189799.8,697323.5,683385.2,247415.7,348560.0,104928.0,128.8,28.0,10.3,336,23.9,12.1,209,690,885,1284,1925,2394,3140,2689,6905,576
1774103026,1,45458412.0,44564756.0,4305140.0,4181043.8,694245.1,683274.8,248028.0,346970.7,104911.5,133.8,28.0,10.3,373,23.9,12.1,209,690,885,1285,1283,1596,2092,1792,4604,384
1774103326,1,45282708.0,44412208.0,4293585.5,4164331.0,692236.9,678402.9,247126.2,346115.1,104894.0,139.5,28.0,10.3,370,23.9,12.2,209,690,885,1285,1924,2395,3140,2689,6906,576
1774103928,1,55375764.0,54018736.0,5210700.0,5062170.5,811366.8,793665.3,275146.5,379483.9,105411.7,0.0,27.9,9.2,129,23.7,10.5,209,690,885,1285,1925,2395,3141,2690,6908,576
1774104228,1,52207196.0,51263328.0,4971018.0,4815580.0,777824.3,761316.2,269428.9,371691.2,105411.9,0.0,27.9,9.5,150,23.8,11.0,209,690,885,1285,1924,2395,3141,2690,6906,577
1774104526,1,50765036.0,49787712.0,4837510.0,4688449.5,760954.7,746275.2,265551.8,368190.2,105401.0,0.0,28.0,9.7,203,23.8,11.2,209,690,885,1285,1925,2395,3141,2690,6907,577
1774104826,1,50151584.0,49156032.0,4750379.5,4616105.0,750979.1,738311.3,263496.2,365390.5,105385.4,0.0,28.0,9.7,162,23.8,11.4,209,690,885,1285,1925,2395,3140,2690,6906,576
1774105126,1,49540228.0,48550292.0,4712861.5,4560449.5,744737.8,730811.4,260723.8,362756.2,105367.9,0.9,28.0,9.8,182,23.8,11.5,209,690,885,1285,1925,2395,3141,2690,6907,576
1774105426,1,49080560.0,48122976.0,4668033.5,4515029.5,740716.9,726750.1,259348.0,361468.5,105349.7,9.0,28.0,9.9,169,23.8,11.5,209,690,885,1285,1925,2395,3140,2689,6906,577
1774105728,1,48817952.0,47910164.0,4624331.5,4480880.5,733846.0,719203.8,258231.2,360578.2,105331.2,15.8,28.0,9.9,154,23.8,11.6,209,690,885,1285,1925,2396,3141,2690,6909,576
1774106028,1,48512012.0,47662160.0,4614507.5,4448340.5,730484.2,715965.3,257238.5,358878.9,105311.8,21.9,28.0,9.9,217,23.8,11.7,209,689,885,1285,1924,2395,3141,2690,6907,577
1774106326,1,48355828.0,47259148.0,4592834.0,4405654.0,727825.2,713934.7,256100.9,357576.2,105293.0,31.3,28.0,10.0,214,23.8,11.7,209,690,885,1285,1925,2394,3140,2689,6905,577
1774106626,1,47952368.0,47103276.0,4565166.0,4391451.5,722401.8,709894.8,255533.5,356185.5,105273.3,39.4,27.9,10.0,266,23.8,11.7,209,690,885,1285,1925,2396,3141,2690,6906,576
1774106926,1,47886048.0,46744064.0,4536830.5,4359898.5,720760.7,706931.5,254539.0,355960.6,105254.5,48.5,27.9,10.0,243,23.8,11.8,209,690,885,1286,1926,2396,3142,2691,6910,577
1774107226,1,47647760.0,46506676.0,4502234.0,4350984.5,718154.0,704843.4,253428.0,355208.4,105235.3,51.1,27.9,10.1,244,23.8,11.8,140,460,590,857,1925,2396,3142,2691,6910,576
1774107528,1,47325044.0,46351628.0,4469223.5,4331551.0,715529.9,701415.7,253554.4,354255.8,105216.5,58.3,27.9,10.1,259,23.8,11.9,209,690,885,1285,1925,2396,3141,2690,6908,577
1774107828,1,47131004.0,46263004.0,4451256.5,4310347.5,713396.8,699904.0,253142.5,352802.7,105198.5,65.6,27.9,10.1,281,23.8,11.9,209,690,885,1285,1925,2396,3142,2690,6910,576
1774108128,1,46985116.0,46023300.0,4432359.5,4297873.5,710942.9,696241.3,252387.0,352472.0,105179.9,73.0,27.9,10.2,305,23.8,11.9,209,690,885,1285,1926,2396,3141,2691,6909,577
1774108426,1,46839300.0,45797756.0,4423248.5,4278529.5,708685.2,695020.9,250860.2,352391.6,105161.7,80.6,27.9,10.2,306,23.8,11.9,209,690,885,1285,1925,2396,3142,2690,6910,577
1774108726,1,46599212.0,45748108.0,4409023.5,4257745.5,705551.8,692310.2,250592.7,350463.1,105145.3,90.7,27.9,10.2,331,23.8,11.9,209,690,885,1285,1925,2395,3141,2690,6908,577
1774109026,1,46218796.0,45429324.0,4390247.0,4248688.0,704598.0,690951.7,249607.5,349716.3,105128.1,100.4,27.9,10.2,335,23.8,12.0,209,690,885,1285,1925,2396,3141,2690,6908,576
1774109326,1,46293392.0,45317084.0,4364504.0,4226857.5,701689.8,688087.9,249677.1,349366.8,105109.5,106.5,27.9,10.2,335,23.8,12.0,209,690,885,1285,1925,2395,3142,2691,6908,577
1774109628,1,46037840.0,45192496.0,4358151.5,4216898.5,698383.4,685717.0,248511.0,349256.5,105091.9,113.4,27.9,10.2,311,23.8,12.0,209,690,885,1285,1925,2395,3141,2691,6908,576
1774109928,1,45945932.0,45196252.0,4348164.0,4200655.0,698177.5,685779.4,248350.3,348816.9,105073.9,119.8,27.9,10.3,337,23.8,12.1,209,690,885,1286,1926,2396,3141,2691,6909,577
1774110226,1,45862128.0,45082608.0,4330855.5,4197841.5,695725.2,683264.6,247769.5,347735.5,105056.8,129.9,27.9,10.3,377,23.8,12.1,209,690,885,1285,1925,2395,3141,2689,6907,577
1774110526,1,45698372.0,44875340.0,4310423.5,4186488.0,694501.3,679436.1,247086.0,346393.0,105039.5,136.8,27.9,10.3,384,23.7,12.1,209,690,885,1285,1926,2396,3142,2691,6910,576
1774111126,1,55689488.0,54671808.0,5268008.5,5112260.0,815480.2,798475.4,277706.9,381754.4,105514.8,0.0,27.7,9.1,177,23.6,10.5,209,690,885,1285,1926,2395,3142,2691,6908,576
1774111426,1,53027356.0,52033904.0,5005419.5,4864198.5,784348.6,768864.6,270955.4,375242.0,105516.2,0.0,27.8,9.5,141,23.6,11.0,210,690,885,1285,1925,2395,3141,2690,6908,576
1774111726,1,51682900.0,50706468.0,4903730.5,4734902.0,768282.0,753077.7,267019.8,370434.3,105507.3,0.0,27.8,9.6,162,23.7,11.2,209,690,885,1285,1925,2396,3141,2691,6909,577
1774112026,1,50768420.0,49875332.0,4807664.5,4666787.5,756166.8,742706.1,264683.3,367230.5,105494.0,0.0,27.8,9.7,168,23.7,11.3,209,690,885,1285,1925,2396,3142,2691,6908,576
1774112328,1,50376880.0,49423984.0,4749968.5,4609640.5,750518.2,734866.2,263073.8,364971.1,105478.6,0.0,27.8,9.8,183,23.7,11.5,209,690,885,1285,1926,2396,3142,2690,6909,576
1774112628,1,49885164.0,48977184.0,4712538.0,4565073.5,742910.2,729910.4,260554.4,363895.1,105461.8,9.2,27.9,9.8,224,23.7,11.5,209,690,885,1285,1925,2395,3141,2690,6909,576
1774112928,1,49583076.0,48723420.0,4686382.5,4517008.5,739850.5,723713.2,260886.8,362484.0,105444.3,15.2,27.8,9.9,201,23.7,11.6,209,690,885,1285,1925,2396,3141,2690,6907,577
1774113226,1,49466716.0,48344540.0,4651430.5,4484076.5,735997.7,723009.9,258734.2,360531.7,105427.1,21.5,27.9,9.9,228,23.7,11.6,209,690,885,1285,1925,2395,3141,2690,6907,577
1774113526,1,49023988.0,47984624.0,4617392.5,4456562.0,732905.5,718711.9,258085.0,360082.0,105409.0,31.2,27.8,10.0,217,23.7,11.7,209,690,885,1285,1925,2395,3141,2689,6908,576
1774113826,1,48917876.0,47817200.0,4608204.5,4424873.5,729343.8,713668.8,256672.3,358690.3,105391.1,37.0,27.8,10.0,202,23.7,11.7,209,690,885,1285,1926,2396,3142,2690,6908,576
1774114126,1,48519204.0,47508656.0,4557541.5,4404652.5,725551.1,711388.4,255845.4,357409.9,105373.2,42.0,27.8,10.0,198,23.7,11.8,209,690,885,1285,1925,2395,3141,2689,6907,576
1774114426,1,48425840.0,47395500.0,4555858.5,4388470.5,722343.6,709213.1,255020.8,356873.0,105355.9,50.0,27.8,10.0,269,23.7,11.8,209,690,885,1285,1925,2396,3142,2691,6909,577
1774114728,1,48145488.0,47067332.0,4521627.5,4351900.5,719578.2,705534.3,254474.5,356055.8,105339.0,59.4,27.8,10.1,238,23.7,11.8,209,690,885,1285,1926,2396,3142,2691,6911,577
1774115028,1,47889444.0,47008768.0,4504042.0,4350815.0,717197.8,703452.4,253855.7,354036.0,105321.2,68.3,27.8,10.1,273,23.7,11.9,209,690,885,1285,1924,2395,3141,2689,6906,576
1774115328,1,47771984.0,46673260.0,4483581.5,4323616.0,712839.7,701480.2,253371.0,354507.5,105304.4,73.9,27.8,10.1,277,23.7,11.9,209,690,885,1285,1925,2396,3141,2690,6908,576
1774115628,1,47496988.0,46550336.0,4464904.5,4313054.5,711816.6,698224.3,252103.2,353030.9,105288.0,75.2,27.8,10.1,298,23.7,11.9,209,690,885,1285,1925,2395,3141,2690,6906,576
1774115928,1,47222452.0,46299252.0,4447314.0,4287046.5,708513.7,695938.2,252691.7,351777.9,105271.1,85.3,27.8,10.2,321,23.7,12.0,209,690,885,1285,1925,2395,3140,2689,6907,577
1774116228,1,46984500.0,46128668.0,4408717.5,4265965.5,707746.9,692655.9,251434.8,351700.3,105254.5,94.9,27.8,10.2,316,23.7,11.9,209,690,885,1285,1925,2395,3140,2690,6905,577
1774116526,1,46837228.0,46037740.0,4390526.5,4256822.0,704856.1,690943.8,250086.0,350466.4,105238.2,107.3,27.8,10.2,328,23.7,12.0,209,690,885,1285,1925,2395,3141,2690,6908,577
1774117126,1,46572176.0,45716208.0,4364022.0,4226630.5,700345.9,686492.1,249872.0,349456.8,105205.2,120.2,27.8,10.2,315,23.7,12.1,209,690,885,1285,1926,2396,3141,2690,6908,576
1774117426,1,46359056.0,45523888.0,4357812.5,4205547.5,697969.8,686786.9,248972.7,348255.5,105189.3,125.9,27.8,10.3,358,23.7,12.1,209,690,885,1285,1925,2396,3141,2690,6908,577
1774117728,1,46363900.0,45453184.0,4329385.0,4196087.5,698328.2,682765.0,248007.5,348003.3,105173.0,132.2,27.8,10.3,394,23.7,12.1,209,690,885,1285,1926,2396,3142,2691,6910,577
1774118328,1,56134484.0,55193492.0,5271668.5,5108486.0,817207.2,798442.8,277753.6,381995.7,105617.6,0.0,27.7,9.1,136,23.5,10.5,209,690,885,1285,1925,2395,3141,2690,6907,577
1774118628,1,53526652.0,52384700.0,5029516.5,4868103.5,783329.9,769374.0,271031.0,375394.8,105619.7,0.0,27.7,9.5,154,23.6,11.0,209,690,885,1285,1925,2395,3141,2690,6907,576
1774118926,1,52064688.0,51037216.0,4880459.5,4729191.5,767009.4,751688.8,266940.2,370346.8,105610.3,0.0,27.8,9.6,143,23.6,11.2,209,690,885,1285,1925,2395,3141,2691,6908,577
1774119226,1,51319104.0,50229216.0,4804374.5,4664658.5,756107.8,742461.6,264741.8,367308.9,105597.6,0.0,27.8,9.7,158,23.7,11.4,209,689,884,1285,1925,2395,3140,2690,6908,576
1774119528,1,50620768.0,49697764.0,4751989.5,4616029.5,747814.9,734423.9,262815.0,364970.5,105582.2,0.0,27.8,9.8,174,23.7,11.5,209,690,885,1286,1925,2396,3141,2690,6907,577
1774119828,1,50306352.0,49186164.0,4704816.5,4557451.0,741936.3,728216.7,260843.4,363189.9,105565.0,3.4,27.8,9.8,174,23.7,11.5,209,690,885,1285,1925,2395,3142,2690,6910,577
1774120126,1,49871380.0,49055420.0,4681460.0,4523031.5,736622.2,725542.8,259762.0,362196.2,105548.1,12.1,27.8,9.9,206,23.7,11.6,209,690,885,1285,1925,2395,3141,2690,6907,576
1774120426,1,49512796.0,48581452.0,4641619.5,4481722.5,734217.8,718924.8,257968.0,360550.5,105530.3,14.6,27.8,9.9,207,23.7,11.6,209,690,885,1285,1925,2395,3141,2690,6908,576
1774120726,1,49326688.0,48255092.0,4613234.0,4441958.0,730888.2,715566.3,257977.8,358608.7,105512.9,23.7,27.8,9.9,231,23.7,11.6,209,690,885,1286,1925,2395,3141,2690,6908,576
1774121026,1,48970828.0,47832524.0,4590448.0,4407266.5,727411.1,712066.6,256632.2,357863.9,105497.6,28.4,27.8,10.0,250,23.7,11.7,209,690,885,1285,1925,2396,3142,2691,6909,577
1774121326,1,48892624.0,47640700.0,4564264.5,4394378.0,723778.0,709274.2,255344.4,357032.8,105483.8,37.4,27.8,10.0,260,23.7,11.7,209,690,885,1286,1926,2396,3141,2690,6909,576
1774121628,1,48295940.0,47303364.0,4545904.5,4378946.5,719236.9,707409.2,254801.0,355787.6,105471.0,44.7,27.8,10.0,279,23.7,11.8,209,690,885,1286,1926,2396,3142,2691,6910,576
1774121928,1,48340832.0,47217660.0,4510453.5,4339317.5,716435.9,704252.8,253454.5,354335.7,105457.9,54.0,27.8,10.1,267,23.7,11.8,209,690,885,1285,1926,2396,3142,2691,6910,576
1774122228,1,47958528.0,46963540.0,4483680.5,4327804.5,715273.3,699722.2,253340.7,354310.1,105446.8,57.4,27.8,10.1,289,23.7,11.8,209,690,885,1286,1926,2396,3143,2691,6911,577
1774122526,1,47689900.0,46668208.0,4465674.5,4297287.5,710630.6,696426.1,252245.9,353132.4,105436.2,66.0,27.9,10.1,302,23.7,11.9,209,690,885,1285,1925,2395,3141,2690,6908,577
1774122826,1,47281184.0,46360096.0,4415710.5,4278374.0,707946.2,693414.4,251180.5,351583.2,105424.1,78.6,27.9,10.1,310,23.7,11.9,209,690,885,1285,1926,2396,3142,2690,6910,576
1774123126,1,47235440.0,46267556.0,4401078.0,4247787.5,703886.6,692544.9,250474.2,350529.7,105413.3,86.7,27.9,10.2,333,23.8,11.9,209,690,885,1285,1925,2395,3142,2690,6909,576
1774123426,1,46851408.0,45895396.0,4366383.5,4213223.5,699831.8,685431.8,249457.4,349641.2,105403.4,89.2,27.9,10.2,348,23.8,12.0,209,690,885,1285,1925,2395,3140,2690,6907,576
1774123728,1,46547332.0,45855904.0,4353682.5,4204536.5,698957.1,684431.2,248521.6,348205.7,105393.6,98.6,27.9,10.2,331,23.8,12.0,209,690,885,1286,1925,2395,3141,2690,6908,576
1774124026,1,46396388.0,45503356.0,4318728.5,4183770.8,692776.9,681530.8,247614.1,347076.6,105384.6,106.2,27.9,10.2,352,23.8,12.1,209,690,886,1285,1925,2396,3142,2690,6909,577
1774124326,1,46238300.0,45366164.0,4295317.0,4157892.0,692358.7,678348.1,247057.2,346369.5,105374.2,110.8,28.0,10.2,364,23.8,12.1,209,690,885,1285,1925,2395,3141,2690,6909,576
1774124626,1,45950336.0,45112468.0,4284329.5,4132429.2,688161.4,674327.9,245987.1,345383.6,105365.0,117.2,28.0,10.3,369,23.8,12.1,209,690,885,1285,1925,2394,3141,2689,6906,576
1774124928,1,45771212.0,44922896.0,4260534.0,4119617.8,686996.2,672032.2,245501.5,343806.0,105353.9,132.1,28.0,10.3,375,23.9,12.1,209,690,885,1285,1926,2396,3142,2691,6911,576
1774125528,1,54993380.0,53817808.0,5132808.5,4970132.5,797741.5,780170.1,271887.3,375024.7,105708.1,0.0,27.9,9.1,146,23.8,10.5,209,690,885,1284,1925,2395,3140,2689,6905,577
1774125826,1,52032688.0,51111348.0,4871534.5,4711241.5,764306.3,748412.2,265240.2,367252.3,105719.5,0.0,28.0,9.5,129,23.9,11.0,209,689,885,1285,1924,2394,3139,2689,6904,577
1774126126,1,50661904.0,49666288.0,4735487.5,4580268.5,746213.9,732185.8,260594.2,362057.4,105719.7,0.0,28.0,9.6,176,23.9,11.2,209,690,885,1285,1925,2395,3141,2690,6908,576
1774126426,1,49679428.0,48807316.0,4647735.0,4491119.0,733128.9,720712.5,257971.2,359545.1,105714.7,0.0,28.1,9.7,139,23.9,11.4,209,690,885,1285,1924,2394,3139,2689,6904,576
1774126726,1,48986228.0,48259388.0,4575755.5,4412492.5,726559.8,714423.2,256328.4,357283.8,105705.8,0.0,28.1,9.8,217,24.0,11.5,209,690,885,1285,1924,2395,3140,2689,6906,577
1774127028,1,48632452.0,47450108.0,4529309.5,4351520.5,721144.1,706467.5,254085.5,355283.5,105695.9,1.1,28.1,9.9,196,24.0,11.6,209,690,885,1285,1925,2395,3141,2689,6908,577
1774127328,1,47809836.0,47009564.0,4466339.5,4315757.5,713946.8,702108.2,252731.2,353207.2,105685.6,7.7,28.2,9.9,200,24.0,11.6,209,690,886,1286,1925,2395,3141,2690,6908,576
1774127628,1,47614276.0,46686916.0,4429516.0,4284794.5,709612.9,694788.9,250551.2,351753.3,105674.2,18.3,28.2,9.9,227,24.0,11.7,209,690,885,1285,1925,2395,3141,2690,6908,576
1774127928,1,47095972.0,46258652.0,4388772.0,4252008.0,704886.2,692147.8,249811.0,350183.4,105663.1,21.4,28.2,10.0,180,24.1,11.7,209,690,886,1285,1925,2396,3142,2690,6909,577
1774128226,1,46817504.0,45950172.0,4368179.5,4209986.5,699075.7,687569.8,248879.5,349876.7,105651.4,35.0,28.2,10.0,251,24.1,11.8,209,690,886,1285,1925,2395,3140,2690,6907,576
1774128526,1,46535716.0,45764060.0,4323295.5,4200428.5,694938.8,683596.0,248034.7,348258.7,105639.5,39.9,28.2,10.0,274,24.1,11.8,209,690,885,1285,1924,2394,3139,2689,6905,577
1774128826,1,46211236.0,45520412.0,4306279.5,4161052.0,694014.3,680625.6,246673.0,346492.6,105627.9,48.1,28.3,10.1,259,24.1,11.8,209,690,885,1285,1924,2395,3140,2689,6906,575
1774129126,1,46086260.0,45354176.0,4260635.5,4126062.8,689691.4,676987.8,245442.7,344435.0,105616.4,48.9,28.3,10.1,266,24.1,11.9,209,690,885,1285,1924,2394,3140,2689,6906,577
1774129428,1,45772816.0,44987564.0,4245213.5,4100090.8,686031.8,672988.5,244534.8,344311.8,105603.5,61.9,28.3,10.1,266,24.2,11.9,209,690,885,1285,1925,2394,3140,2689,6907,575
1774129726,1,45443024.0,44759036.0,4220840.5,4083884.8,680624.5,667897.9,244455.9,342310.3,105591.6,70.9,28.3,10.1,308,24.2,12.0,209,690,886,1285,1924,2394,3140,2690,6906,577
1774130026,1,45223004.0,44395092.0,4195919.5,4064024.0,678724.4,667786.6,243627.2,341720.2,105579.0,79.6,28.3,10.2,316,24.2,12.0,209,690,885,1284,1924,2394,3140,2688,6904,577
1774130328,1,45091316.0,44200068.0,4182526.8,4040811.8,676170.2,663521.9,242794.1,341019.0,105566.6,85.1,28.3,10.2,301,24.2,12.1,209,690,886,1284,1924,2395,3139,2689,6903,576
1774130626,1,44721216.0,44038140.0,4158399.0,4026683.8,673794.8,660477.2,241575.3,340027.3,105552.6,94.7,28.4,10.2,344,24.2,12.1,209,690,886,1284,1924,2394,3140,2689,6907,576
1774130926,1,44639540.0,43788644.0,4141271.0,3996699.8,669382.4,657802.5,241478.7,338848.9,105539.5,98.4,28.4,10.3,316,24.2,12.1,209,690,886,1285,1924,2394,3139,2689,6905,576
1774131228,1,44444396.0,43330100.0,4114428.8,3979123.0,667625.1,656689.8,240222.0,338112.0,105526.7,110.1,28.4,10.3,348,24.3,12.1,209,690,885,1284,1924,2394,3139,2688,6906,577
1774131526,1,44037524.0,43151664.0,4094731.0,3966638.8,665009.7,651774.9,239393.6,337273.1,105514.0,116.5,28.4,10.3,365,24.3,12.2,209,691,886,1285,1925,2396,3141,2690,6909,576
1774131826,1,44002768.0,42866304.0,4081122.8,3939055.0,661860.2,649664.1,238838.3,335985.5,105502.2,123.9,28.4,10.3,357,24.3,12.2,209,690,886,1285,1924,2395,3140,2689,6908,577
1774132128,1,43538336.0,42726756.0,4063716.8,3901748.0,658606.1,646661.2,238194.5,335777.5,105489.1,130.7,28.4,10.3,371,24.3,12.2,209,690,886,1284,1924,2395,3140,2689,6907,577
1774132728,1,52283684.0,51174012.0,4877936.0,4707090.5,763135.8,746360.9,263000.2,362746.5,105624.4,0.0,28.3,9.2,107,24.2,10.6,209,690,886,1284,1924,2394,3139,2688,6905,576
1774133026,1,49441732.0,48611476.0,4607422.0,4444985.5,732447.5,718177.9,255865.9,356330.2,105633.0,0.0,28.4,9.5,187,24.3,11.1,209,690,886,1285,1924,2395,3140,2689,6908,577
1774133326,1,48149820.0,47181428.0,4464182.5,4311845.0,713889.1,701229.2,251178.2,352743.4,105628.9,0.0,28.4,9.7,151,24.3,11.3,209,690,885,1284,1923,2394,3138,2688,6904,576
1774133628,1,47224880.0,46206796.0,4380728.5,4245524.0,702532.5,690981.6,249211.2,349132.8,105620.6,0.0,28.5,9.8,192,24.3,11.4,209,690,886,1284,1924,2394,3140,2689,6906,575
1774133926,1,46539680.0,45829956.0,4321994.0,4188409.0,695509.5,684181.3,246931.0,347433.2,105609.3,0.0,28.5,9.9,177,24.4,11.5,209,690,886,1284,1924,2394,3139,2688,6905,577
1774134226,1,45961968.0,45246820.0,4271074.5,4140226.8,689499.5,677995.1,246236.5,344912.2,105595.8,5.0,28.5,9.9,192,24.4,11.6,209,690,885,1284,1924,2394,3139,2688,6906,577
1774134528,1,45604420.0,45024384.0,4234838.0,4099894.8,686023.1,672587.9,244641.3,343672.1,105582.1,9.8,28.5,9.9,213,24.4,11.7,209,690,886,1285,1924,2394,3140,2689,6908,577
1774134826,1,45491568.0,44664052.0,4207766.5,4079104.8,679935.9,668631.2,243750.1,341294.2,105566.3,19.8,28.5,10.0,225,24.4,11.8,209,690,886,1284,1924,2394,3140,2689,6907,576
1774135126,1,45000144.0,44138404.0,4179117.0,4040794.2,678051.7,664639.4,242921.4,340477.2,105550.8,28.1,28.5,10.0,221,24.4,11.8,209,690,886,1284,1925,2395,3140,2689,6907,576
1774135428,1,44710892.0,43907612.0,4131958.8,4007771.8,672988.6,660093.6,241640.4,339408.7,105534.8,37.2,28.5,10.1,242,24.4,11.9,209,690,886,1284,1924,2395,3140,2689,6907,577
1774135726,1,44544016.0,43617872.0,4121280.2,3992508.2,669805.3,658739.9,240331.4,338599.8,105519.3,45.6,28.6,10.1,241,24.4,11.9,209,690,886,1284,1924,2394,3139,2688,6906,576
1774136026,1,44371796.0,43278988.0,4101852.2,3970988.8,667794.9,654532.7,239808.0,336573.6,105503.7,54.9,28.6,10.1,267,24.4,11.9,209,690,886,1285,1924,2394,3140,2689,6906,576
1774136328,1,44018208.0,43048996.0,4088320.2,3944229.2,663912.1,652851.2,239171.4,335777.7,105487.1,65.9,28.6,10.1,241,24.4,12.0,209,690,886,1284,1924,2394,3139,2688,6907,575
1774136626,1,43668692.0,42883392.0,4070283.2,3919658.0,660661.6,650844.8,238272.6,335873.0,105471.0,74.5,28.6,10.2,264,24.4,12.0,209,690,886,1284,1924,2394,3139,2688,6905,576
1774136926,1,43348496.0,42611808.0,4040269.8,3902506.0,658387.2,645258.8,237945.5,334229.5,105455.3,80.6,28.6,10.2,294,24.4,12.1,209,690,886,1285,1924,2395,3140,2690,6908,576
1774137228,1,43379180.0,42475484.0,4023988.0,3880763.0,657160.9,645535.1,237370.0,333370.7,105438.7,89.4,28.6,10.2,333,24.4,12.1,209,690,886,1284,1924,2395,3140,2689,6908,576
1774137526,1,43095988.0,42366788.0,4012980.8,3861850.0,654960.8,642159.2,236657.1,332685.6,105424.2,90.6,28.6,10.2,310,24.4,12.1,209,690,886,1284,1924,2394,3140,2688,6906,577
1774137826,1,42886748.0,42161964.0,3994302.0,3851265.0,651600.0,640920.3,235613.6,332177.3,105408.0,100.9,28.6,10.3,306,24.5,12.1,209,690,886,1284,1924,2393,3139,2688,6904,576
1774138128,1,42699612.0,42029820.0,3964400.2,3830997.8,649801.8,637660.9,235205.4,330291.6,105391.8,107.9,28.6,10.3,323,24.4,12.1,209,690,886,1285,1925,2395,3140,2689,6908,576
1774138426,1,42547060.0,41751004.0,3953452.2,3807282.0,645730.2,636395.7,234405.4,330326.0,105374.6,108.8,28.6,10.3,323,24.4,12.2,209,690,886,1285,1924,2394,3140,2688,6906,577
1774138726,1,42426112.0,41699852.0,3936419.8,3796317.0,644832.7,632967.6,233807.4,329214.8,105358.3,118.9,28.6,10.3,335,24.4,12.2,209,690,886,1284,1924,2394,3139,2688,6906,576
1774139026,1,42187500.0,41565440.0,3919974.0,3784196.2,641464.6,630399.5,233303.2,328718.7,105342.8,127.4,28.6,10.3,348,24.5,12.2,209,690,886,1285,1925,2395,3140,2689,6907,576
1774139328,1,42075572.0,41308516.0,3904021.0,3765856.8,640969.3,631065.5,232901.6,327898.4,105326.4,136.1,28.6,10.4,383,24.5,12.3,209,690,886,1285,1925,2396,3141,2690,6909,576
1774139928,1,51331876.0,50660076.0,4795664.0,4630885.5,753530.8,739721.1,259607.1,361047.1,105588.1,0.0,28.5,9.2,122,24.3,10.6,209,690,885,1284,1924,2394,3139,2689,6907,576
1774140228,1,49009968.0,47927964.0,4547588.5,4379322.0,725432.2,709332.8,254341.0,355211.4,105592.2,0.0,28.5,9.5,160,24.4,11.1,209,690,886,1285,1924,2395,3140,2689,6907,576
1774140526,1,47701600.0,46803172.0,4426490.5,4258974.5,708511.1,698242.3,250226.5,350554.8,105579.6,0.0,28.6,9.7,150,24.4,11.3,209,690,886,1285,1924,2395,3140,2688,6906,576
1774140826,1,46965628.0,46205604.0,4333347.5,4181885.2,698427.9,687442.4,247681.9,348610.6,105562.9,0.0,28.6,9.8,196,24.4,11.5,209,690,886,1285,1925,2395,3141,2690,6909,577
1774141126,1,46511284.0,45669668.0,4288724.5,4154496.8,692259.3,681199.4,246510.8,346557.5,105542.5,2.7,28.6,9.9,186,24.4,11.6,209,690,886,1285,1924,2395,3140,2689,6907,576
1774141426,1,45980748.0,45249952.0,4244494.5,4113766.0,687715.8,675222.9,245624.4,344514.4,105520.2,7.2,28.6,9.9,194,24.4,11.6,209,690,886,1285,1924,2394,3140,2688,6905,576
1774141726,1,45788416.0,44925036.0,4213750.0,4082381.0,682840.1,671996.2,244323.0,343396.5,105497.4,12.1,28.5,9.9,217,24.4,11.7,209,690,886,1285,1924,2395,3140,2689,6908,576
1774142026,1,45712656.0,44854812.0,4198794.5,4065129.0,679395.6,667901.4,243880.5,342168.1,105474.3,22.0,28.5,10.0,193,24.4,11.8,209,690,886,1285,1925,2395,3140,2689,6906,575
1774142328,1,45330368.0,44563300.0,4180675.2,4037366.8,676195.8,665161.4,242549.8,341262.2,105450.6,31.5,28.5,10.0,250,24.4,11.8,209,690,885,1285,1924,2394,3139,2688,6904,576
1774142628,1,45218228.0,44239488.0,4156612.2,4022957.2,675115.2,662722.3,242245.3,339791.7,105427.2,35.3,28.5,10.0,260,24.4,11.8,209,690,885,1284,1924,2394,3139,2689,6905,576
1774142928,1,45061868.0,44088012.0,4142806.8,4019005.8,672320.4,660180.9,241754.0,340020.0,105403.0,43.4,28.5,10.1,249,24.3,11.9,209,690,886,1284,1923,2393,3138,2687,6903,575
1774143528,1,44816140.0,43828876.0,4120391.0,3969272.8,666876.6,656114.6,240559.6,338562.9,105354.6,60.2,28.4,10.1,261,24.3,11.9,209,690,886,1285,1924,2395,3140,2689,6906,577
1774143826,1,44572200.0,43601104.0,4105344.0,3976845.8,667626.3,655470.2,240651.9,338160.2,105331.1,67.5,28.4,10.1,298,24.3,12.0,209,691,886,1285,1924,2396,3141,2690,6908,577
1774144126,1,44452256.0,43625636.0,4100989.8,3958201.8,665246.8,653696.4,239612.7,337782.1,105306.8,73.4,28.4,10.1,289,24.3,12.0,209,691,886,1285,1925,2395,3139,2689,6906,575
1774144426,1,44620896.0,43432032.0,4093154.8,3948743.0,662692.9,651938.3,239080.1,337128.7,105283.0,79.6,28.4,10.1,303,24.2,12.1,209,690,886,1284,1924,2395,3140,2689,6904,576
1774144726,1,44163068.0,43307236.0,4075562.8,3934043.2,661615.2,648777.9,239571.0,336446.8,105260.8,87.2,28.4,10.2,312,24.2,12.0,209,690,886,1285,1925,2395,3141,2689,6908,577
1774145028,1,44459508.0,43243660.0,4068267.2,3940091.0,661321.3,650152.9,238558.4,336659.0,105238.6,94.3,28.3,10.2,323,24.2,12.1,209,690,886,1285,1925,2395,3141,2689,6907,577
1774145328,1,44222684.0,43238196.0,4053034.8,3911738.8,661161.3,648477.1,238282.1,335446.4,105216.6,100.9,28.3,10.2,353,24.2,12.1,209,690,886,1285,1924,2395,3139,2689,6905,576
1774145628,1,44069872.0,43126848.0,4050926.0,3914788.8,658178.3,648114.3,237972.9,335297.4,105194.6,108.6,28.3,10.3,351,24.2,12.1,209,690,886,1285,1925,2395,3140,2689,6907,577
1774145926,1,43845684.0,43032684.0,4036594.2,3895375.0,657205.5,643978.0,237652.6,334681.7,105173.3,115.1,28.3,10.3,363,24.2,12.1,209,690,886,1285,1925,2396,3141,2690,6909,577
1774146226,1,43527584.0,42839028.0,4024949.8,3874230.8,656273.7,641553.1,237144.2,334508.9,105152.1,123.5,28.3,10.3,350,24.2,12.2,209,690,886,1285,1924,2395,3139,2689,6905,576
1774146526,1,43701436.0,42804724.0,4010938.0,3865328.8,651893.1,641491.5,236172.9,333834.3,105131.5,135.8,28.3,10.3,392,24.1,12.1,209,690,886,1285,1925,2395,3141,2689,6905,576
1774147126,1,52705988.0,51856764.0,4883377.5,4736008.5,764339.6,750929.4,263255.0,363792.9,105636.2,0.0,28.1,9.1,148,24.0,10.6,209,689,885,1285,1924,2394,3140,2689,6906,576
1774147428,1,50274844.0,49488396.0,4645581.0,4493673.0,735504.9,720216.5,257036.8,358301.8,105635.0,0.0,28.2,9.5,159,24.0,11.0,209,690,885,1285,1924,2395,3140,2689,6907,577
1774147728,1,49121284.0,48011020.0,4535337.5,4372191.5,718707.9,707272.2,253935.1,354972.2,105622.5,0.0,28.2,9.6,150,24.0,11.2,209,690,885,1285,1925,2395,3140,2689,6906,576
1774148026,1,48230624.0,47287084.0,4442277.5,4281720.5,710783.7,699215.4,251584.2,352502.9,105605.8,0.0,28.2,9.7,195,24.0,11.4,209,690,885,1284,1924,2394,3140,2688,6903,576
1774148326,1,47791500.0,46987156.0,4393163.0,4231559.0,702224.2,692618.7,249374.2,350298.6,105585.7,0.0,28.2,9.8,180,24.0,11.5,209,690,885,1285,1925,2396,3141,2690,6908,577
1774148626,1,47461572.0,46602780.0,4345882.5,4212616.0,698626.2,687209.7,248543.1,348622.9,105565.3,0.0,28.2,9.9,135,24.0,11.6,209,691,886,1285,1925,2395,3141,2689,6908,576
1774148926,1,47174676.0,46431204.0,4330905.5,4183459.0,695563.7,681358.2,247689.8,347314.8,105544.1,7.7,28.2,9.9,155,24.0,11.6,209,690,886,1285,1924,2395,3140,2689,6906,576
1774149226,1,46769648.0,45945716.0,4294012.0,4161704.2,692845.5,679040.7,246480.1,346711.0,105522.6,14.6,28.2,9.9,173,24.0,11.7,209,690,885,1285,1925,2395,3141,2689,6907,577
1774149528,1,46765360.0,45973376.0,4276845.5,4138427.8,688765.0,675731.2,246181.5,346120.1,105501.2,24.2,28.1,10.0,236,24.0,11.7,209,690,886,1285,1925,2396,3141,2689,6908,577
1774149828,1,46501684.0,45968964.0,4267427.5,4129763.0,685569.8,674595.2,245598.0,344292.2,105480.0,30.9,28.1,10.0,212,24.0,11.8,209,690,885,1285,1925,2395,3140,2689,6907,577
1774150128,1,46291440.0,45476928.0,4235020.5,4110166.8,682981.7,670518.8,244637.8,343442.6,105459.0,36.5,28.1,10.0,233,24.0,11.8,209,690,885,1285,1925,2395,3141,2689,6907,576
1774150428,1,46219908.0,45499524.0,4233027.5,4090983.2,681913.1,669988.5,244497.9,342737.0,105438.4,41.3,28.1,10.0,259,24.0,11.8,209,690,885,1285,1925,2395,3141,2689,6907,576
1774150728,1,46096468.0,45374684.0,4210485.5,4074212.8,680732.5,666593.8,243613.8,342067.2,105417.3,49.3,28.1,10.1,281,24.0,11.9,209,690,885,1285,1925,2396,3141,2690,6909,577
1774151028,1,45952524.0,45150604.0,4196335.5,4074217.0,676719.3,665603.5,243174.5,342422.2,105396.2,57.8,28.1,10.1,248,24.0,11.9,209,690,885,1285,1925,2395,3140,2689,6907,576
1774151326,1,45840080.0,45018848.0,4192398.2,4049976.2,676157.1,662466.0,242697.3,340935.2,105376.9,64.4,28.1,10.1,293,23.9,11.9,209,690,885,1285,1925,2396,3141,2690,6908,576
1774151626,1,45704044.0,44836784.0,4169409.0,4039066.2,673560.8,662545.7,242688.0,340421.5,105357.3,71.5,28.1,10.1,322,23.9,12.0,209,690,885,1286,1925,2396,3141,2690,6909,577
1774151926,1,45512700.0,44793004.0,4161395.0,4027012.0,672416.1,659593.9,241456.9,340421.9,105339.1,83.0,28.1,10.1,294,23.9,12.0,209,690,885,1285,1925,2395,3140,2689,6908,577
1774152226,1,45459292.0,44474996.0,4157008.2,4007610.0,670831.0,657573.3,241146.6,339164.7,105321.0,93.2,28.0,10.2,330,23.9,12.0,209,690,885,1286,1925,2395,3141,2690,6907,577
1774152526,1,45390464.0,44453760.0,4136542.8,3994782.0,667711.8,656969.2,240954.2,338161.0,105301.4,96.5,28.0,10.2,355,23.9,12.0,209,690,885,1285,1924,2396,3141,2690,6907,576
1774152826,1,45257084.0,44383368.0,4123966.8,3986998.0,667922.8,653944.6,240362.3,337885.9,105281.7,102.4,28.0,10.2,336,23.9,12.0,209,690,885,1285,1925,2395,3141,2690,6907,576
1774153126,1,45166804.0,44279744.0,4113951.8,3980234.8,663944.3,652070.4,239542.2,338396.2,105263.3,109.2,28.0,10.2,351,23.9,12.0,210,690,885,1286,1925,2396,3141,2690,6909,577
1774153426,1,45062332.0,43923904.0,4112958.8,3959597.8,664950.2,650712.7,239690.4,336785.0,105244.8,118.1,28.0,10.2,378,23.9,12.1,209,690,885,1285,1925,2395,3141,2690,6907,576
1774153726,1,44894260.0,43777936.0,4090589.2,3940557.0,663176.0,650186.8,238901.9,336201.3,105227.1,126.6,28.0,10.3,372,23.9,12.1,209,690,885,1285,1925,2395,3140,2689,6906,577
1774154328,1,54520916.0,53353044.0,4994709.5,4848760.0,778932.5,763521.8,267255.5,369688.2,105836.6,0.0,27.9,9.1,153,23.7,10.5,209,690,885,1285,1924,2395,3140,2688,6905,576
1774154628,1,51824580.0,50843076.0,4755160.0,4605095.5,748436.5,736850.2,261312.4,363089.4,105837.1,0.0,27.9,9.4,146,23.8,11.0,209,690,885,1285,1925,2395,3140,2689,6906,576
1774154926,1,50859456.0,49767424.0,4645914.0,4472941.5,732344.5,718350.9,257370.5,359768.3,105826.1,0.0,27.9,9.6,184,23.8,11.2,209,690,885,1285,1924,2394,3140,2688,6904,576
1774155226,1,49994772.0,48952140.0,4544238.5,4403740.0,722503.3,710236.3,255392.7,356712.1,105810.3,0.0,27.9,9.7,186,23.8,11.4,209,690,885,1285,1925,2395,3141,2690,6907,576
1774155526,1,49414508.0,48308460.0,4518870.0,4341300.5,717908.5,703521.8,254029.4,354590.2,105793.5,0.0,27.9,9.8,181,23.8,11.4,209,690,885,1285,1925,2395,3141,2689,6907,576
1774155826,1,49058828.0,48000928.0,4486142.5,4314202.5,711759.3,698312.3,252578.5,353526.2,105775.4,4.0,27.9,9.8,183,23.8,11.5,209,690,885,1286,1926,2397,3143,2691,6911,578
1774156126,1,48729616.0,47684256.0,4427414.5,4276404.5,707108.1,693847.7,250888.8,352047.1,105756.4,11.2,27.9,9.9,233,23.8,11.5,209,690,885,1285,1926,2396,3141,2690,6909,577
1774156426,1,48301300.0,47441332.0,4389397.0,4252533.5,705063.4,692579.1,250148.2,350618.9,105737.9,18.8,27.9,9.9,205,23.8,11.7,209,690,885,1285,1925,2395,3141,2690,6908,577
1774156728,1,48139692.0,47273200.0,4372042.5,4232792.5,700230.9,686905.2,249138.7,349889.0,105718.8,31.3,27.9,9.9,241,23.8,11.7,209,690,885,1286,1925,2396,3141,2690,6907,576
1774157028,1,47933408.0,47064980.0,4354495.5,4208607.5,696043.6,684620.9,247712.8,348969.4,105700.4,35.3,27.9,9.9,231,23.8,11.7,209,690,885,1285,1925,2395,3140,2689,6906,576
1774157328,1,47717840.0,46727916.0,4317474.5,4190699.0,695211.2,681549.8,247663.1,348611.8,105682.0,40.5,27.9,10.0,261,23.8,11.8,209,690,885,1285,1925,2395,3141,2690,6908,577
1774157626,1,47665068.0,46732204.0,4302824.0,4172814.0,693283.6,678627.0,246807.5,347027.1,105663.1,44.5,27.9,10.0,249,23.8,11.8,209,690,886,1286,1926,2396,3142,2690,6909,577
1774157926,1,47340860.0,46416416.0,4294340.5,4153339.2,691355.2,677350.8,246434.4,345745.4,105644.5,58.3,27.9,10.0,231,23.8,11.8,209,690,885,1285,1926,2396,3141,2690,6908,576
1774158226,1,47210420.0,46295188.0,4272796.0,4132379.8,688832.8,674536.6,245913.7,345479.8,105626.3,62.9,27.9,10.0,261,23.8,11.8,209,690,885,1285,1925,2396,3142,2689,6908,577
1774158528,1,47048000.0,46103228.0,4254761.5,4128833.8,684881.6,673355.2,245290.5,344557.6,105608.2,69.9,27.9,10.1,308,23.8,11.8,209,690,885,1285,1925,2395,3140,2689,6905,577
1774158828,1,46829876.0,45937856.0,4236953.5,4101005.8,683299.6,669732.3,244772.7,343356.8,105589.6,78.2,27.9,10.1,285,23.8,11.9,209,690,885,1285,1926,2396,3142,2690,6910,576
1774159128,1,46700076.0,45890564.0,4230312.5,4089637.0,680148.1,667931.6,244470.3,343101.8,105572.3,88.8,27.9,10.1,311,23.8,11.9,209,690,885,1286,1926,2396,3142,2690,6909,577
1774159426,1,46663108.0,45711392.0,4213219.0,4079196.8,678488.1,665633.8,243460.5,343219.7,105554.1,93.3,27.9,10.1,315,23.8,12.0,210,690,886,1286,1926,2396,3141,2689,6909,576
1774159726,1,46484320.0,45550916.0,4200179.5,4060399.8,676460.9,665271.3,243509.9,341739.3,105536.3,98.1,27.9,10.1,331,23.7,12.0,209,690,885,1286,1926,2396,3142,2690,6907,577
1774160026,1,46189644.0,45393236.0,4171573.0,4054039.0,675852.2,661908.4,243180.4,341225.0,105518.8,105.4,27.9,10.2,333,23.8,12.0,209,690,885,1286,1927,2396,3142,2691,6910,577
1774160326,1,46122800.0,45354324.0,4167360.8,4036500.2,671964.8,661319.5,241913.8,340275.8,105501.1,111.5,27.9,10.1,343,23.8,12.0,209,690,885,1285,1925,2395,3141,2690,6908,577
1774160628,1,45880396.0,45079036.0,4154606.2,4011513.8,669096.7,657311.5,240912.4,338167.7,105568.8,121.7,28.1,10.2,363,24.0,12.1,209,691,891,1282,1920,2393,3134,2684,6903,575
1774160928,1,45014540.0,43961088.0,4073437.8,3924154.2,659994.1,648184.6,238971.2,336629.2,105526.7,126.2,28.1,10.2,382,24.1,12.1,209,691,886,1285,1925,2396,3140,2688,6908,576
1774161526,1,54360160.0,53310452.0,4955078.5,4798334.5,771283.0,755730.8,265744.3,366504.2,106015.0,0.0,27.8,9.1,134,23.7,10.4,209,691,886,1286,1926,2396,3141,2689,6909,577
1774161826,1,51981504.0,50817340.0,4724097.5,4561089.5,742590.8,726952.1,259650.2,360852.0,106009.5,0.0,27.9,9.4,171,23.7,10.9,209,691,886,1287,1926,2397,3142,2690,6912,576
1774162126,1,50792144.0,49623520.0,4616654.0,4460835.5,727726.9,714967.5,256631.1,357340.9,105994.9,0.0,27.9,9.6,174,23.7,11.1,209,691,886,1286,1926,2396,3141,2689,6909,576
1774162426,1,49851152.0,48826436.0,4543778.5,4363846.0,719297.2,706158.7,253951.1,354755.4,105978.9,0.0,27.9,9.6,167,23.7,11.3,209,690,886,1285,1926,2395,3140,2689,6906,576
1774162728,1,49237604.0,48362352.0,4489546.5,4320884.0,712105.8,700494.8,252190.0,353257.4,105960.9,0.0,27.9,9.7,178,23.7,11.4,209,691,885,1286,1925,2395,3140,2688,6906,576
1774163028,1,49074980.0,48229988.0,4425788.0,4279284.5,707529.4,693548.7,251025.4,351475.2,105942.6,1.2,27.9,9.8,189,23.7,11.4,209,691,886,1286,1926,2397,3141,2690,6910,576
1774163328,1,48511908.0,47691904.0,4412623.5,4259692.5,703588.3,689352.4,250458.2,350223.1,105924.1,9.6,27.9,9.8,188,23.7,11.5,209,691,886,1286,1926,2397,3141,2690,6910,576
1774163628,1,48362100.0,47472052.0,4367174.0,4230250.5,701406.0,687063.8,248650.2,349424.6,105905.4,14.8,27.9,9.9,233,23.7,11.6,209,690,886,1286,1926,2396,3141,2689,6910,577
1774163928,1,47964604.0,47281204.0,4344302.5,4196625.0,695554.3,684032.3,247194.0,348079.9,105887.0,19.2,27.9,9.9,252,23.7,11.6,209,691,885,1286,1925,2395,3140,2689,6908,577
1774164228,1,47926364.0,46993280.0,4324906.0,4182327.8,693781.2,680088.0,247204.6,347043.2,105868.1,30.5,27.9,9.9,264,23.7,11.7,209,691,886,1286,1926,2396,3141,2690,6910,577