1773089307,2,576953.9,567768.8,98507.3,92874.0,28144.9,28229.9,24020.6,37015.3,101666.4,381.5,26.9,26.8,412,21.8,27.7,1371,3032,3944,4322,14818,17885,16811,5080,36896,2928
1773089606,2,444694.7,446169.8,79977.6,77069.9,24941.9,25835.8,23280.1,36288.7,101665.4,387.3,25.6,28.5,507,20.6,31.8,1369,3038,3934,4296,14780,17828,16808,5073,36874,2934
1773089906,2,483874.7,486707.8,85231.6,81722.9,26170.5,27110.0,23883.0,36660.1,101654.0,403.9,25.0,29.6,592,20.2,33.6,1359,3022,3893,4208,14617,17600,16718,5035,36674,2940
1773090207,2,518931.6,522917.6,89768.9,86088.2,27197.7,28176.9,24573.2,37407.2,101644.8,373.6,25.0,29.4,528,20.0,34.4,1358,3018,3891,4205,14611,17592,16721,5033,36672,2940
1773090506,2,550692.6,554668.9,94449.4,90006.5,28041.3,29085.1,25202.6,38167.0,101640.0,400.2,25.0,29.3,550,19.9,34.7,1359,3031,3890,4200,14607,17582,16720,5034,36676,2942
1773090806,2,584966.2,589906.8,98562.7,94331.6,28887.3,29932.2,25829.8,38935.0,101634.3,405.3,25.1,29.0,511,19.9,35.1,1358,3021,3889,4198,14603,17579,16716,5032,36662,2941
1773091106,2,611893.7,618043.1,101964.8,97539.9,29579.4,30652.8,26300.2,39585.2,101627.2,399.5,24.9,29.3,552,19.9,35.3,1357,3018,3886,4198,14594,17572,16708,5030,36654,2939
1773091407,2,635460.8,642013.7,104856.8,99902.7,30079.9,31192.6,26728.5,40107.8,101621.6,397.6,24.9,29.4,553,19.9,35.4,1355,3007,3883,4192,14582,17551,16688,5026,36615,2938
1773091706,2,655286.2,662898.5,107117.7,102193.3,30501.6,31694.1,27078.6,40757.6,101616.7,392.9,24.9,29.3,545,19.8,35.5,1354,3003,3882,4192,14583,17550,16690,5026,36610,2935
1773092006,2,678218.7,689272.8,110067.5,105316.6,31078.0,32193.4,27509.2,41290.2,101617.0,382.1,24.9,29.3,546,19.9,35.6,1355,3007,3883,4193,14585,17556,16699,5027,36624,2936
1773092307,2,703472.7,715097.3,112979.5,107751.0,31547.0,32786.1,27908.4,41869.9,101610.0,406.3,24.7,29.4,565,19.9,35.6,1355,3013,3884,4193,14586,17559,16701,5029,36638,2938
1773092607,2,728058.0,739113.0,116161.4,110305.1,32090.0,33385.7,28374.4,42583.3,93855.2,415.8,25.0,29.0,529,19.9,35.5,1355,3012,3883,4193,14583,17550,16688,5026,36631,2937
1773092907,2,751688.2,764906.1,118130.0,112771.8,32561.2,33863.0,28718.9,43034.7,93846.4,407.4,24.9,29.1,556,19.9,35.5,1356,3015,3886,4195,14594,17562,16705,5028,36651,2938
1773093206,2,776275.2,790767.2,121304.6,115617.8,33159.1,34488.7,29083.3,43758.8,93837.8,389.5,25.0,28.9,558,19.9,35.5,1356,3016,3885,4193,14590,17561,16702,5028,36654,2938
1773093506,2,804358.0,818380.5,124422.2,118321.7,33683.5,35036.9,29554.1,44338.3,93840.1,399.3,25.2,28.6,547,19.9,35.3,1358,3022,3886,4194,14595,17567,16706,5029,36665,2939
1773093806,2,823159.8,839280.2,126781.8,120361.7,34131.4,35429.8,29943.6,44855.6,93836.6,427.0,25.0,28.7,551,19.9,35.3,1356,3015,3884,4192,14587,17554,16700,5026,36647,2938
1773094107,2,850738.9,866575.9,129154.4,122813.0,34642.9,35992.0,30282.5,45492.8,93827.2,388.6,25.1,28.5,539,19.9,35.3,1356,3014,3884,4191,14582,17549,16695,5025,36644,2938
1773094407,2,869487.2,890443.3,131745.6,125190.2,35107.6,36461.5,30577.1,45910.4,93818.7,425.7,25.0,28.5,564,19.9,35.3,1355,3012,3881,4189,14574,17534,16695,5022,36624,2936
1773094706,2,892580.4,912524.8,133978.8,126867.5,35359.2,36754.2,30855.8,46379.3,93823.4,383.4,25.2,28.3,563,19.9,35.3,1355,3015,3879,4187,14568,17523,16685,5021,36612,2935
1773095006,2,912458.1,933302.7,135894.6,129107.1,35767.5,37201.9,31202.6,46784.8,93821.1,380.8,25.3,28.3,576,19.8,35.5,1354,3009,3876,4184,14558,17509,16679,5017,36597,2935
1773095307,2,930796.7,954949.5,138137.5,130904.4,36156.3,37561.9,31455.4,47338.6,93824.5,411.2,25.2,28.3,535,19.8,35.4,1353,3011,3874,4182,14546,17493,16672,5013,36585,2933
1773095607,2,948191.7,970847.8,139907.0,132613.1,36532.1,37975.4,31750.1,47659.1,93830.1,376.9,25.1,28.4,563,19.8,35.4,1353,3011,3870,4179,14534,17476,16665,5010,36559,2931
1773095905,2,971785.3,994366.5,142158.2,134591.2,36870.6,38336.5,32025.1,48136.6,93829.9,370.1,25.1,28.3,547,19.9,35.3,1352,3008,3867,4175,14521,17455,16656,5006,36538,2929
1773096206,2,989109.3,1012554.7,144350.7,136138.0,37252.2,38743.5,32385.8,48677.5,93840.3,386.5,25.1,28.3,552,19.7,35.5,1351,3004,3863,4172,14508,17436,16647,5002,36518,2929
1773096506,2,1009005.2,1034087.3,146300.3,138238.6,37566.0,39081.9,32628.4,49162.9,93835.4,363.8,25.0,28.4,544,19.8,35.4,1350,3003,3860,4169,14493,17418,16639,4999,36510,2927
1773096807,2,1034382.2,1062168.9,148921.5,140072.1,37993.3,39486.4,32848.2,49399.0,93838.3,408.5,25.1,28.3,565,19.8,35.2,1348,2996,3855,4164,14476,17394,16620,4994,36474,2924
1773097107,2,1054013.9,1078851.4,151463.3,142725.0,38379.7,39895.4,33135.5,50157.3,93835.4,387.3,25.2,28.1,531,19.8,35.1,1348,2997,3852,4161,14463,17378,16610,4990,36458,2922
1773097406,2,1082012.6,1110157.1,153850.6,145326.6,38818.1,40286.8,33468.8,50595.6,93831.5,393.8,25.0,28.3,535,19.8,35.2,1347,2994,3848,4157,14448,17357,16604,4986,36432,2921
1773097706,2,1109951.4,1137282.6,156883.6,147749.4,39251.3,40799.5,33745.9,50911.7,93828.1,374.9,25.1,28.1,548,19.7,35.3,1345,2988,3842,4152,14432,17332,16587,4981,36405,2918
1773098007,2,1131964.5,1162670.4,159100.9,149882.0,39652.4,41171.8,34065.2,51385.5,93826.8,391.8,25.1,27.9,531,19.7,35.1,1345,2991,3839,4148,14416,17316,16577,4978,36397,2917
1773098307,2,1150916.9,1179573.9,161132.7,151964.3,39977.5,41573.2,34358.6,51719.6,93825.7,392.1,25.1,28.0,525,19.8,35.1,1343,2990,3836,4144,14403,17296,16568,4973,36377,2915
1773098606,2,1172683.6,1206079.9,163462.4,154155.9,40394.3,41946.9,34607.3,52195.8,93824.2,380.3,25.1,28.0,503,19.7,35.2,1342,2981,3831,4138,14385,17272,16551,4968,36341,2912
1773098906,2,1195738.0,1229143.4,165577.8,155441.9,40721.4,42318.4,34835.5,52655.7,93824.9,358.6,25.1,27.9,534,19.7,35.2,1341,2980,3827,4135,14371,17256,16539,4965,36335,2910
1773099207,2,1218052.0,1253745.5,167995.1,157611.7,41019.6,42587.5,35068.7,52986.8,93823.3,414.2,25.0,28.0,518,19.7,35.1,1340,2979,3823,4132,14357,17235,16531,4960,36313,2909
1773099507,2,1237339.1,1272918.0,170348.1,158723.4,41344.1,42886.8,35265.7,53265.4,93819.6,362.0,25.1,27.9,524,19.7,35.1,1339,2973,3819,4127,14339,17209,16518,4955,36282,2906
1773099806,2,1252917.4,1290932.0,172005.7,160832.7,41522.9,43246.5,35450.5,53689.0,93814.5,383.3,25.1,28.0,513,19.8,35.0,1337,2971,3815,4122,14323,17189,16502,4951,36269,2903
1773100106,2,1263999.9,1300227.5,172654.7,161380.5,41784.0,43420.0,35636.7,53992.8,93809.4,366.3,25.1,27.8,532,19.8,34.9,1336,2970,3811,4117,14311,17172,16492,4947,36255,2902
1773100407,2,1279841.5,1319536.9,174818.2,163176.3,41992.7,43797.5,35888.5,54270.0,93808.4,377.4,25.1,27.9,524,19.7,35.1,1336,2971,3808,4115,14298,17156,16486,4943,36248,2901
1773100707,2,1299686.6,1338217.9,176358.0,164461.0,42275.9,44094.4,36106.4,54738.5,93807.8,371.2,25.0,27.9,506,19.8,34.8,1335,2971,3805,4111,14284,17140,16476,4940,36230,2899
1773101006,2,1325163.6,1363840.9,179707.4,166739.4,42685.3,44375.2,36348.7,55012.4,93808.5,375.0,25.1,27.8,514,19.8,34.9,1333,2964,3800,4106,14269,17120,16467,4935,36211,2898
1773101306,2,1341678.6,1380774.9,180730.1,167970.3,42782.5,44571.7,36532.3,55310.5,93807.0,370.1,25.0,27.9,527,19.7,35.0,1332,2961,3797,4102,14252,17102,16453,4931,36193,2895
1773101607,2,1350221.4,1392999.0,182302.4,169132.2,43091.2,44751.3,36704.9,55706.2,93807.9,383.1,25.0,27.8,519,19.8,34.8,1331,2959,3793,4098,14240,17081,16442,4927,36181,2893
1773101907,2,1377240.0,1423960.1,185333.5,171305.2,43566.8,45164.9,36970.6,55972.1,93806.0,386.1,25.0,27.8,508,19.7,34.9,1329,2954,3789,4094,14225,17062,16432,4923,36161,2891
1773102206,2,1389379.0,1436130.0,186863.1,173347.3,43855.2,45462.0,37397.4,56356.3,93813.7,364.2,25.1,27.7,504,19.7,34.8,1328,2954,3786,4091,14216,17050,16424,4920,36156,2889
1773102506,2,1423889.9,1473551.0,189932.6,175928.4,44229.6,45804.7,37520.7,56614.6,93811.2,377.1,25.1,27.6,497,19.8,34.8,1328,2953,3784,4089,14203,17039,16422,4917,36155,2888
1773102806,2,1436914.0,1482240.9,191295.6,176979.4,44435.5,46008.9,37682.6,56883.9,93815.8,380.0,25.1,27.7,541,19.7,34.9,1326,2951,3780,4085,14191,17020,16407,4913,36125,2887
1773103107,2,1462213.0,1511651.0,194886.4,179580.3,44854.4,46570.9,38038.2,57380.3,93811.2,370.0,25.0,27.7,511,19.7,34.9,1325,2947,3776,4080,14176,16999,16394,4908,36108,2885
1773103407,2,1484404.9,1535245.4,196096.0,181897.3,45157.8,46785.3,38095.3,57461.0,93816.9,356.4,25.0,27.7,498,19.7,34.8,1325,2948,3774,4079,14168,16990,16392,4907,36106,2883
1773103706,2,1499398.5,1547799.6,198250.1,183606.3,45346.3,47130.0,38257.7,57793.5,93814.7,372.7,25.1,27.6,509,19.7,34.8,1322,2937,3769,4073,14150,16965,16377,4900,36073,2880
1773104006,2,1534637.0,1578600.9,201725.1,185747.0,45782.8,47594.9,38585.0,58305.7,93813.4,366.1,25.1,27.6,524,19.6,34.9,1322,2943,3767,4070,14140,16955,16372,4898,36073,2879
1773104307,2,1567140.5,1613057.0,204175.6,188771.9,46293.7,48092.3,38819.4,58574.0,93813.7,368.8,25.0,27.7,532,19.6,35.0,1320,2933,3761,4065,14123,16932,16357,4892,36044,2877
1773104606,2,1575619.4,1627213.6,205697.6,190518.1,46608.7,48326.5,38907.0,58976.4,93814.6,357.2,25.1,27.7,514,19.7,34.9,1320,2938,3760,4064,14117,16925,16353,4891,36046,2877
1773104906,2,1599809.9,1648100.5,208398.7,192635.9,46848.1,48595.5,39157.0,59275.2,93820.9,374.5,25.0,27.8,498,19.7,34.9,1318,2936,3756,4060,14104,16909,16342,4887,36030,2875
1773105206,2,1612319.5,1663705.4,209984.6,193511.4,47232.6,48878.8,39305.0,59542.7,93824.7,366.4,25.0,27.7,508,19.6,35.0,1317,2929,3753,4057,14093,16892,16331,4883,36005,2873
1773105507,2,1632825.6,1691011.1,212519.1,196244.0,47662.5,49122.7,39461.4,59725.2,93818.6,355.8,25.1,27.7,498,19.7,35.0,1316,2926,3750,4053,14080,16877,16323,4879,35989,2871
1773105807,2,1649964.5,1707121.6,213564.6,197230.7,47847.0,49245.8,39627.8,59994.0,93813.8,350.0,25.0,27.8,511,19.7,35.0,1315,2924,3747,4051,14070,16865,16316,4876,35989,2870
1773106106,2,1668508.4,1720546.9,215477.2,198811.3,48095.9,49538.5,39947.1,60289.3,93815.5,375.3,25.0,27.9,501,19.6,35.1,1315,2931,3747,4050,14065,16860,16316,4876,35996,2870
1773106406,2,1672734.9,1730454.4,217131.2,199932.8,48293.4,49844.0,39950.9,60519.7,93815.1,359.2,25.0,27.9,494,19.5,35.3,1313,2925,3742,4045,14048,16840,16297,4870,35967,2867
1773106706,2,1672132.4,1732679.0,216992.2,200488.7,48278.5,49744.0,40038.9,60753.3,93814.9,379.1,25.0,27.9,534,19.7,35.2,1313,2923,3739,4043,14041,16829,16293,4867,35958,2867
1773107007,2,1711134.0,1771337.6,220373.5,202359.5,48560.5,50165.9,40335.5,60998.3,93811.8,381.5,25.0,27.9,519,19.6,35.3,1312,2920,3737,4040,14031,16818,16288,4865,35949,2865
1773107307,2,1730946.4,1795675.1,222508.7,205350.1,48982.8,50459.6,40469.0,61182.9,93816.5,366.2,24.9,28.0,499,19.8,35.1,1312,2921,3734,4037,14021,16805,16278,4863,35942,2864
1773107606,2,1750805.1,1808430.5,223981.1,206899.1,49120.8,50578.3,40589.2,61469.8,93815.2,380.7,24.9,28.0,511,19.8,35.1,1310,2919,3732,4035,14010,16789,16272,4858,35929,2863
1773107906,2,1778439.9,1835877.0,226756.2,208860.9,49489.1,50962.7,40797.6,61755.3,93811.6,361.7,24.9,28.0,504,19.8,35.1,1310,2922,3732,4034,14009,16788,16270,4860,35930,2862
1773108206,2,1786957.0,1849961.1,227602.1,209947.9,49585.9,51146.3,40932.9,62115.5,93809.8,372.5,25.0,27.9,505,19.7,35.2,1309,2915,3727,4029,13994,16768,16257,4854,35902,2860
1773108507,2,1811717.1,1870727.9,230715.9,212690.4,50053.8,51483.3,41137.0,62350.8,93810.4,368.9,25.0,28.0,507,19.8,35.1,1308,2913,3725,4028,13987,16761,16254,4851,35898,2859
1773108807,2,1817195.9,1885679.4,231715.2,213625.1,50179.8,51710.9,41394.5,62678.8,93805.9,343.4,25.0,27.9,503,19.7,35.1,1307,2915,3722,4025,13976,16748,16245,4848,35892,2858
1773109106,2,1842395.9,1904051.9,233594.0,215195.9,50435.7,52024.8,41513.2,62851.0,93808.9,348.1,24.9,28.1,483,19.8,35.1,1306,2910,3719,4023,13966,16737,16236,4846,35866,2856
1773109406,2,1874308.6,1935021.9,237000.3,218066.6,50809.5,52368.6,41764.7,63167.8,93817.0,348.3,25.0,28.0,519,19.6,35.4,1305,2906,3717,4020,13955,16725,16231,4842,35860,2854
1773109707,2,1893688.0,1958142.4,239015.7,219602.4,51206.3,52653.7,41919.4,63537.3,93825.0,354.7,25.0,28.0,483,19.7,35.3,1306,2915,3716,4019,13953,16722,16227,4841,35869,2855
1773110007,2,1919153.0,1986169.1,241319.7,221772.8,51513.1,52898.3,41979.9,63667.6,93831.9,360.5,25.0,28.0,487,19.7,35.3,1304,2906,3713,4016,13942,16706,16216,4838,35844,2853
1773110307,2,1931452.9,2004818.0,242636.6,222475.4,51621.5,53291.4,42186.0,64003.8,93835.4,354.8,25.0,28.1,491,19.6,35.5,1303,2904,3709,4013,13928,16691,16209,4835,35821,2852
1773110606,2,1958988.5,2022725.9,245263.4,225794.6,52000.4,53596.7,42356.5,64270.2,93839.1,350.1,24.9,28.2,462,19.7,35.5,1303,2905,3709,4012,13925,16685,16205,4833,35822,2851
1773110906,2,1973386.4,2038054.9,246812.0,226558.3,52283.1,54045.2,42624.6,64510.8,93842.2,351.9,25.0,28.1,475,19.5,35.7,1302,2901,3706,4010,13918,16675,16196,4830,35813,2850
1773111207,2,1974832.4,2040099.6,247884.5,228239.7,52573.4,54194.2,42791.1,64826.3,93851.0,349.6,25.0,28.1,468,19.7,35.4,1301,2898,3704,4008,13908,16663,16189,4827,35797,2849
1773111507,2,2024687.5,2092415.1,251345.2,231512.1,52907.1,54555.0,42911.1,65062.8,93854.9,342.0,25.0,28.1,476,19.6,35.6,1302,2905,3703,4007,13906,16663,16190,4828,35809,2849
1773111806,2,2043118.6,2104104.0,252892.1,232624.9,53262.6,54801.6,43195.4,65369.3,93854.3,346.1,25.0,28.1,474,19.6,35.6,1301,2900,3700,4005,13895,16650,16183,4824,35798,2848
1773112106,2,2043705.0,2113598.2,254696.9,234019.3,53601.8,55051.8,43379.0,65580.7,93854.7,339.6,25.1,28.0,452,19.6,35.6,1300,2899,3699,4002,13889,16641,16175,4821,35779,2846
1773112406,2,2069025.0,2144116.2,256945.6,236423.7,53996.4,55423.7,43530.2,65904.4,93855.6,358.3,25.0,28.1,480,19.5,35.7,1300,2896,3696,4000,13881,16634,16170,4820,35766,2846
1773112707,2,2099095.0,2168413.0,259237.9,237920.5,54301.2,55720.6,43674.4,66049.7,93856.6,329.7,25.0,28.1,460,19.5,35.8,1298,2892,3695,3999,13875,16623,16165,4817,35757,2844
1773113007,2,2103797.2,2172512.8,259329.6,238380.6,54380.9,55818.9,44016.1,66427.1,93862.4,362.4,24.9,28.3,460,19.7,35.7,1299,2893,3692,3997,13866,16614,16159,4814,35750,2844
1773113306,2,2111096.0,2183578.8,261605.9,240360.1,54682.5,56022.2,44081.4,66645.6,93859.3,345.5,25.0,28.2,476,19.6,35.7,1298,2891,3690,3995,13857,16604,16152,4812,35741,2842
1773113606,2,2120781.8,2191812.0,262746.8,241652.7,54847.2,56220.1,44201.8,66862.7,93860.9,325.6,25.0,28.2,480,19.8,35.5,1298,2892,3689,3994,13853,16599,16146,4810,35741,2842
1773113907,2,2139374.2,2209750.8,264123.4,242229.9,55044.9,56552.1,44396.1,67121.2,93864.7,311.3,25.0,28.3,461,19.7,35.5,1297,2890,3687,3992,13847,16593,16143,4809,35733,2841
1773114207,2,2163980.0,2232541.2,266457.9,244505.0,55306.4,56647.4,44581.8,67330.1,93870.5,317.8,25.0,28.2,473,19.6,35.7,1296,2886,3684,3990,13838,16577,16135,4806,35709,2839
1773114506,2,2169115.8,2243617.0,266467.6,246097.6,55657.5,56938.6,44767.2,67665.0,93869.6,361.5,25.0,28.2,474,19.8,35.5,1296,2889,3684,3989,13833,16577,16132,4805,35716,2839
1773114806,2,2195434.8,2268538.2,269332.4,248201.1,55953.0,57374.6,44951.3,67950.7,93875.0,350.9,25.0,28.2,462,19.6,35.7,1296,2894,3683,3988,13833,16577,16132,4804,35723,2840
1773115107,2,2207434.0,2281798.0,272570.8,249007.1,56073.7,57462.0,45121.8,68011.4,93878.3,348.9,24.9,28.3,486,19.8,35.6,1296,2885,3680,3986,13822,16561,16122,4800,35699,2838
1773115407,2,2203873.8,2277917.5,270850.6,248182.5,56027.1,57485.7,45307.3,68320.3,93880.6,345.1,24.9,28.4,499,19.7,35.6,1295,2891,3679,3985,13817,16559,16121,4800,35698,2837
1773115706,2,2235415.8,2307995.0,274037.1,251056.5,56535.4,57841.7,45451.9,68589.5,93878.5,327.0,25.0,28.3,473,19.6,35.8,1295,2884,3677,3983,13810,16547,16112,4797,35678,2836
1773116006,2,2251305.2,2325786.0,275245.5,252659.0,56721.9,58001.4,45636.7,68887.3,93884.6,340.0,25.0,28.2,470,19.6,35.7,1294,2884,3676,3982,13802,16539,16107,4795,35680,2836
1773116306,2,2259040.0,2335056.8,276825.3,254380.5,57110.0,58343.1,45939.9,69233.2,93888.5,328.3,25.0,28.2,456,19.7,35.6,1294,2882,3674,3980,13798,16534,16101,4794,35668,2835
1773116607,2,2280627.0,2345650.2,278227.3,255320.0,57034.4,58301.5,45810.5,69115.2,93895.1,343.6,24.9,28.6,478,19.8,35.7,1273,2855,3646,3837,13695,16240,15523,4755,35000,2804
1773116906,2,2264812.8,2336659.2,277817.3,255320.5,57071.7,58476.1,46070.4,69555.4,93899.9,333.3,25.0,28.3,478,19.7,35.7,1272,2856,3645,3837,13687,16235,15517,4752,34989,2805
1773117206,2,2309382.8,2372546.0,280385.4,258083.9,57578.9,58975.4,46304.2,69840.6,93907.4,353.8,25.0,28.3,462,19.7,35.7,1272,2856,3643,3836,13684,16232,15517,4751,34990,2805
1773117507,2,2308219.0,2379111.2,282510.6,258754.6,57794.0,59099.7,46405.2,70148.5,93909.6,324.5,25.0,28.3,476,19.7,35.8,1272,2852,3642,3834,13677,16222,15510,4749,34971,2803
1773117807,2,2350153.2,2422882.8,285500.7,261688.4,58286.9,59610.9,46678.3,70328.2,93913.0,326.2,25.0,28.3,439,19.7,35.7,1272,2857,3642,3834,13674,16222,15507,4748,34984,2804
1773118107,2,2365723.8,2437554.2,287088.3,263303.2,58689.2,59966.7,46967.9,70762.1,93915.3,313.1,25.0,28.2,468,19.6,35.9,1271,2851,3639,3831,13667,16212,15500,4746,34968,2802
1773118406,2,2371618.2,2444427.8,288270.5,264502.5,58874.1,60155.8,47098.7,70995.7,93912.0,305.7,24.9,28.4,459,19.7,35.8,1271,2853,3639,3831,13666,16211,15502,4746,34968,2802
1773118706,2,2378687.2,2456212.0,289305.0,265936.2,58938.9,60283.9,47225.1,71197.8,93907.5,351.6,25.0,28.3,461,19.7,35.7,1271,2850,3637,3830,13656,16202,15495,4743,34955,2802
1773119007,2,2407621.0,2478569.5,291324.6,266835.5,59193.4,60525.1,47421.7,71468.2,93905.6,315.9,24.9,28.5,477,19.6,35.9,1270,2845,3635,3829,13651,16196,15489,4741,34943,2801
1773119307,2,2410974.8,2481564.0,292095.9,269238.2,59360.9,60820.5,47590.8,71569.2,93906.1,310.1,24.8,28.7,464,19.6,35.9,1268,2841,3633,3825,13645,16184,15483,4738,34934,2801
1773119606,2,2402734.2,2476211.2,292171.3,268997.8,59667.8,60965.2,47795.1,72016.8,93908.3,332.4,24.8,28.7,462,19.6,36.1,1268,2838,3631,3825,13640,16181,15479,4737,34924,2800
1773119906,2,2422589.0,2495837.2,293515.8,269613.3,59921.1,61124.8,47916.7,72234.9,93910.9,332.3,24.8,28.7,473,19.6,36.2,1268,2838,3630,3825,13635,16177,15474,4735,34921,2798
1773120206,2,2426201.0,2497006.2,294105.6,269588.0,59910.1,61259.9,48050.8,72333.1,93919.6,306.2,24.8,28.8,481,19.6,36.2,1268,2838,3629,3822,13629,16170,15470,4733,34907,2798
1773120507,2,2424065.0,2502327.5,294343.3,270396.0,59948.9,61365.3,48195.3,72696.0,93924.9,334.3,24.8,28.8,454,19.5,36.3,1267,2837,3626,3821,13623,16164,15464,4732,34898,2796
1773120807,2,2430492.0,2498865.2,295109.2,271425.1,60164.3,61590.9,48398.3,72911.9,93924.9,341.0,24.8,28.9,447,19.6,36.3,1268,2839,3628,3822,13623,16166,15464,4732,34903,2798
1773121107,2,2419608.2,2494552.8,295302.0,271176.8,60279.2,61698.0,48551.4,73263.8,93929.9,359.4,24.8,28.8,451,19.6,36.2,1268,2838,3627,3822,13620,16162,15462,4731,34899,2797
1773121407,2,2442901.0,2511960.0,297307.3,272506.2,60390.9,61891.2,48826.8,73490.3,93926.4,351.8,24.8,28.7,446,19.7,36.1,1267,2836,3625,3820,13613,16154,15455,4728,34884,2795
1773121706,2,2448592.8,2521440.0,297606.0,272865.6,60685.5,62042.6,48745.9,73641.8,93930.2,308.9,24.9,28.7,469,19.6,36.3,1267,2835,3623,3818,13606,16148,15449,4727,34872,2795
1773122006,2,2461717.8,2524590.2,297859.7,273301.3,60707.1,62140.8,49040.2,73959.8,93933.6,323.9,24.8,28.8,450,19.6,36.2,1266,2834,3622,3818,13602,16146,15446,4726,34877,2795
1773122307,2,2466928.2,2543233.2,299310.1,275106.2,60936.5,62396.6,49200.3,74235.7,93932.0,313.0,24.8,28.9,450,19.5,36.4,1266,2828,3620,3816,13595,16136,15440,4723,34859,2794
1773122607,2,2468754.2,2545976.8,300340.5,275883.3,61180.4,62622.5,49329.8,74444.5,93927.3,303.8,24.8,28.9,463,19.5,36.5,1266,2832,3619,3816,13595,16138,15440,4723,34863,2794
1773122906,2,2486345.8,2558300.2,301823.2,276757.3,61436.5,62857.0,49617.2,74923.4,93925.0,334.0,24.8,28.9,440,19.5,36.5,1266,2830,3619,3815,13591,16134,15438,4722,34859,2794
1773123206,2,2493613.2,2561127.8,302100.8,277817.9,61584.2,63140.0,49794.1,75110.1,93924.0,328.8,24.7,29.0,429,19.5,36.5,1266,2833,3619,3816,13591,16135,15437,4722,34867,2795
1773123507,2,2505836.2,2568555.8,303735.9,278535.2,61774.1,63253.3,49984.3,75373.9,93927.7,327.8,24.7,29.0,446,19.5,36.5,1265,2829,3617,3814,13585,16128,15432,4720,34849,2793
1773123807,2,2524815.0,2592524.2,305222.2,279911.8,62003.1,63596.6,50108.7,75576.1,93935.0,315.8,24.8,28.9,442,19.5,36.5,1265,2827,3616,3814,13581,16123,15429,4719,34842,2792
1773124105,2,2529659.2,2597978.0,305559.9,281002.2,62193.9,63675.9,50212.7,75851.0,93938.8,317.7,24.7,29.0,472,19.5,36.5,1265,2826,3615,3812,13576,16118,15424,4718,34839,2793
1773124406,2,2559249.8,2625579.2,308103.6,282192.3,62539.1,64011.1,50444.9,76137.6,93944.8,284.7,24.8,28.9,457,19.4,36.6,1265,2828,3615,3813,13573,16118,15424,4718,34835,2794
1773124706,2,2558861.2,2631851.8,309024.8,283903.7,62762.9,64187.3,50637.3,76428.6,93942.0,301.7,24.8,28.9,467,19.5,36.5,1264,2821,3613,3810,13568,16112,15417,4715,34823,2791
1773125007,2,2578467.8,2641836.8,310484.3,284813.5,62925.5,64446.6,50815.5,76828.5,93940.0,318.4,24.6,29.2,443,19.5,36.5,1264,2823,3612,3810,13564,16108,15414,4714,34822,2791
1773125307,2,2590885.0,2659568.0,311405.0,287123.2,63164.8,64669.9,51016.2,76943.5,93942.1,317.0,24.8,29.0,461,19.6,36.5,1264,2822,3612,3810,13562,16105,15412,4712,34811,2791
1773125606,2,2615332.2,2692853.2,313477.5,288434.1,63498.4,64956.7,51137.3,77089.7,93941.9,307.9,24.7,29.0,441,19.6,36.5,1265,2825,3612,3811,13561,16109,15412,4714,34826,2791
1773125906,2,2627795.0,2702094.8,315980.8,290270.0,63705.2,65187.7,51269.9,77548.0,93938.2,281.3,24.7,29.0,464,19.5,36.6,1265,2828,3611,3810,13559,16108,15411,4713,34827,2792
1773126207,2,2649973.8,2731034.0,317576.4,291088.9,63973.0,65504.1,51654.5,77683.3,93939.9,313.6,24.7,29.0,464,19.5,36.6,1264,2823,3609,3809,13553,16099,15407,4712,34807,2790
1773126507,2,2669054.2,2744297.8,318968.9,291931.4,64313.0,65864.5,51738.1,77994.7,93939.2,312.0,24.7,28.9,451,19.5,36.6,1265,2823,3610,3809,13553,16102,15406,4711,34807,2791
1773126806,2,2679330.0,2754858.8,320743.9,293909.6,64647.4,66183.7,52000.1,78221.8,93936.4,314.2,24.8,29.0,457,19.5,36.7,1265,2825,3609,3809,13549,16098,15402,4710,34801,2790
1773127106,2,2701463.8,2771876.8,322090.0,296718.6,64885.5,66292.3,52200.0,78432.5,93932.5,315.0,24.8,29.0,438,19.5,36.6,1264,2820,3607,3806,13543,16091,15398,4708,34794,2790
1773127406,2,2717159.0,2785524.8,323470.8,296422.2,65155.7,66620.1,52411.8,78852.1,93927.0,309.7,24.7,29.0,445,19.5,36.7,1264,2820,3607,3807,13542,16092,15397,4708,34786,2790
1773127707,2,2741325.2,2810745.8,327157.7,299801.7,65534.9,66930.4,52686.2,79189.1,93921.8,301.0,24.6,29.2,453,19.5,36.7,1264,2820,3606,3807,13537,16092,15395,4708,34791,2789
1773128007,2,2752903.0,2827353.8,328752.3,300760.5,65825.4,67302.1,52751.9,79385.1,93919.7,310.4,24.7,29.0,451,19.5,36.7,1264,2819,3605,3805,13534,16086,15390,4705,34786,2789
1773128306,2,2765596.0,2841945.8,329469.5,302162.4,65869.6,67442.3,52985.3,79772.9,93916.8,349.2,24.7,29.0,445,19.5,36.6,1264,2820,3605,3806,13533,16085,15389,4706,34786,2789
1773128606,2,2798007.2,2862221.0,332173.5,304248.1,66381.0,67788.5,53126.7,79943.0,93917.6,290.9,24.7,29.0,460,19.5,36.6,1264,2819,3605,3806,13532,16087,15390,4705,34784,2788
1773128906,2,2811044.2,2888758.0,333455.3,306412.0,66691.2,68092.7,53361.4,80306.4,93915.3,334.9,24.8,29.0,442,19.5,36.6,1265,2822,3605,3807,13531,16091,15389,4706,34792,2789
1773129207,2,2837472.0,2899359.8,336305.8,307048.9,66920.5,68264.2,53699.6,80571.6,93915.1,316.1,24.8,29.0,442,19.5,36.6,1264,2822,3604,3806,13528,16086,15388,4705,34781,2789
1773129507,2,2854899.0,2919177.0,337825.8,309777.0,67454.1,68730.6,53703.7,80872.3,93915.8,308.7,24.8,29.0,408,19.6,36.6,1264,2819,3604,3805,13526,16085,15385,4704,34784,2789
1773129805,2,2875878.8,2942725.0,338813.0,310853.3,67506.7,68939.2,53941.6,81184.3,93914.4,295.5,24.8,28.9,443,19.5,36.7,1264,2821,3603,3805,13523,16080,15382,4702,34777,2789
1773130106,2,2894064.2,2972572.8,341907.8,311663.0,67776.5,69233.1,54121.3,81364.4,93913.2,291.3,24.7,29.0,415,19.5,36.6,1264,2819,3602,3804,13519,16079,15380,4702,34775,2789
1773130406,2,2916528.0,2991457.0,342573.2,313479.1,67950.1,69419.4,54227.2,81782.1,93916.0,306.4,24.7,29.0,439,19.5,36.7,1264,2818,3601,3805,13518,16078,15377,4702,34764,2788
1773130707,2,2935271.8,3002625.2,345950.2,315836.2,68334.6,69666.3,54418.4,81956.4,93919.6,301.8,24.7,29.1,455,19.5,36.6,1264,2817,3601,3802,13516,16075,15375,4700,34756,2788
1773131007,2,2955794.0,3036919.0,348725.6,317808.6,68657.9,70145.5,54553.0,82079.0,93922.9,343.0,24.7,29.1,458,19.5,36.7,1264,2816,3600,3803,13513,16075,15375,4700,34760,2788
1773131306,2,2979575.2,3047199.0,349833.7,318880.7,68929.3,70344.8,54858.8,82496.2,93932.1,288.5,24.7,29.1,425,19.5,36.7,1264,2818,3600,3803,13512,16076,15373,4699,34762,2788
1773131606,2,3000900.8,3076109.0,353298.9,321668.7,69193.4,70582.0,55112.3,83081.6,93936.7,310.0,24.7,29.1,451,19.5,36.7,1265,2821,3601,3804,13514,16078,15374,4700,34771,2789
1773131906,2,3020098.2,3096182.2,354040.9,322573.2,69400.5,70920.6,55219.2,83231.6,93932.9,331.5,24.7,29.1,440,19.4,36.8,1264,2816,3599,3803,13507,16073,15369,4698,34752,2787
1773132207,2,3032048.2,3102351.2,355459.3,325293.8,69686.0,71201.6,55346.0,83584.6,93928.9,309.0,24.8,28.9,439,19.5,36.7,1265,2819,3600,3804,13508,16079,15371,4699,34755,2788
1773132507,2,3046768.0,3127680.0,358325.1,326726.2,70254.7,71541.4,55580.8,83705.8,93925.7,318.4,24.8,28.9,417,19.5,36.6,1265,2820,3600,3803,13506,16079,15369,4698,34761,2788
1773132806,2,3057229.0,3141940.2,359210.4,325808.1,70357.0,71657.4,55915.4,84110.1,93931.2,285.0,24.8,28.9,431,19.5,36.6,1264,2815,3598,3802,13499,16070,15362,4697,34743,2788
1773133106,2,3072795.0,3151099.0,361170.5,330198.4,70536.7,72014.2,55933.2,84205.6,93937.6,305.9,24.7,29.0,443,19.5,36.7,1263,2808,3596,3800,13493,16062,15355,4694,34725,2786
1773133407,2,3086267.2,3165617.8,362581.8,331176.8,70981.7,72332.9,56149.4,84545.6,93939.1,278.8,24.7,29.2,432,19.4,36.8,1264,2813,3597,3801,13495,16070,15358,4695,34742,2788
1773133707,2,3126283.0,3192630.0,365685.3,333058.2,71214.0,72510.8,56319.3,84984.3,93944.0,299.8,24.8,29.0,439,19.5,36.8,1265,2816,3598,3802,13495,16071,15363,4696,34747,2788
1773134006,2,3133879.8,3203028.8,366154.4,332659.5,71569.3,72878.8,56462.0,84914.8,93946.7,309.4,24.7,29.1,442,19.5,36.7,1264,2812,3597,3802,13491,16066,15358,4694,34735,2787
1773134306,2,3151259.8,3221934.0,368098.0,335365.6,71757.3,73173.6,56649.6,85214.3,93951.5,304.1,24.6,29.1,423,19.5,36.6,1264,2813,3597,3802,13492,16068,15357,4695,34739,2787
1773134606,2,3171944.8,3241455.8,370365.5,337582.0,72057.8,73384.7,56889.8,85659.8,93951.3,284.7,24.7,29.1,458,19.5,36.7,1264,2810,3596,3801,13490,16067,15355,4694,34731,2787
1773134907,2,3205213.0,3265221.0,373656.2,338848.1,72267.1,73646.7,57098.0,85982.5,93961.8,303.7,24.7,29.0,428,19.5,36.7,1264,2810,3595,3801,13488,16066,15353,4693,34732,2787
1773135207,2,3213926.2,3280961.0,376058.5,342343.1,72690.7,73936.6,57326.5,86280.7,93967.0,300.3,24.8,28.9,441,19.5,36.7,1264,2812,3595,3800,13485,16066,15350,4691,34726,2786
1773135506,2,3231085.2,3297023.0,376327.0,343105.2,72850.0,74315.8,57487.9,86495.3,93962.4,308.1,24.7,29.1,436,19.4,36.9,1265,2813,3595,3801,13486,16070,15353,4692,34731,2787
1773135806,2,3252239.8,3323648.2,378393.2,345168.2,73254.0,74599.2,57697.2,87056.9,93963.4,311.1,24.7,29.1,427,19.4,36.9,1264,2810,3594,3800,13481,16065,15348,4692,34722,2787
1773136107,2,3255157.8,3337632.8,381952.3,347102.7,73557.6,75047.0,57849.9,87171.7,93972.5,313.5,24.8,29.0,432,19.5,36.8,1265,2813,3594,3801,13483,16069,15349,4692,34725,2788
1773136405,2,3301840.8,3372144.8,383279.3,349595.2,73851.6,75239.4,58003.3,87297.9,93971.3,325.7,24.7,29.1,416,19.5,36.7,1265,2811,3594,3802,13481,16069,15349,4691,34722,2786
1773136706,2,3306253.8,3378103.0,385886.8,351608.8,74191.4,75495.5,58171.0,87818.5,93967.8,305.0,24.7,29.1,416,19.5,36.7,1265,2814,3594,3801,13481,16068,15349,4691,34728,2787
1773137007,2,3334448.0,3411470.8,388218.8,353609.8,74512.4,75936.6,58501.7,87960.2,93971.1,312.7,24.7,29.1,436,19.5,36.8,1265,2809,3593,3800,13476,16067,15344,4690,34715,2787
1773137307,2,3354138.8,3428957.8,391008.8,355095.2,74927.1,76136.2,58672.6,88266.2,93969.7,309.9,24.7,29.1,438,19.5,36.7,1264,2809,3592,3800,13476,16066,15342,4688,34718,2786
1773137605,2,3380834.8,3447416.8,392002.0,359707.3,75155.4,76488.1,58993.3,88616.6,93961.6,298.7,24.7,29.0,449,19.5,36.7,1264,2808,3592,3799,13472,16064,15341,4688,34712,2787
1773137906,2,3398951.2,3475892.0,394238.2,361133.6,75385.6,76983.8,59089.6,88900.9,93960.7,299.7,24.7,29.1,413,19.5,36.8,1265,2813,3593,3801,13475,16071,15343,4689,34721,2788
1773138206,2,3415084.0,3496391.0,396786.5,361736.5,75822.0,77077.9,59233.8,89152.5,93963.6,273.6,24.7,29.0,416,19.4,36.8,1265,2810,3593,3801,13472,16067,15342,4689,34713,2787
1773138507,2,3439196.2,3502349.2,399178.0,364957.5,76159.4,77388.7,59438.0,89434.2,93968.9,320.5,24.6,29.2,440,19.5,36.8,1265,2810,3593,3800,13471,16067,15342,4689,34717,2787
1773138807,2,3443163.2,3512576.0,400277.2,366092.4,76443.9,77740.2,59578.6,89681.3,93974.6,288.2,24.6,29.1,436,19.5,36.8,1265,2810,3592,3800,13468,16069,15340,4688,34713,2786
1773139106,2,3476660.8,3553271.8,402786.9,368456.6,76620.0,77889.9,59712.5,89986.5,93971.7,293.1,24.7,29.0,450,19.5,36.8,1265,2806,3591,3799,13466,16065,15336,4687,34704,2786
1773139406,2,3498877.2,3563485.2,404668.5,369981.4,76943.7,78302.9,60046.4,90398.8,93974.0,289.2,24.7,29.1,420,19.4,36.9,1265,2806,3591,3801,13465,16065,15334,4686,34706,2786
1773139706,2,3520764.0,3587892.0,407201.5,373759.3,77462.6,78628.1,60074.2,90616.0,93969.6,307.6,24.7,29.1,423,19.5,36.8,1266,2811,3592,3799,13466,16068,15337,4686,34702,2786
1773140006,2,3543762.2,3610661.2,409412.7,374801.6,77690.1,78767.3,60370.4,90736.6,93971.5,306.6,24.7,29.1,424,19.5,36.8,1265,2808,3591,3800,13463,16066,15333,4686,34704,2786
1773140307,2,3561347.8,3614055.0,410785.5,376947.4,77849.5,79177.9,60461.8,91020.2,93964.1,311.2,24.8,28.9,415,19.4,36.8,1265,2811,3591,3799,13464,16068,15333,4685,34705,2787
1773140607,2,3586505.0,3656509.2,414215.2,380078.3,78215.7,79453.1,60773.2,91275.0,93969.8,324.2,24.8,29.0,393,19.5,36.7,1265,2808,3590,3799,13459,16067,15329,4685,34702,2787
1773140906,2,3604279.2,3691414.8,415474.1,380468.2,78633.0,79853.0,60847.2,91698.2,93971.7,291.9,24.8,28.9,419,19.5,36.8,1266,2809,3590,3799,13456,16065,15329,4685,34697,2786
1773141206,2,3637021.8,3702055.0,419240.1,382707.5,78892.1,80305.0,61057.8,91759.3,93971.5,301.3,24.7,29.1,418,19.5,36.8,1266,2809,3590,3799,13458,16068,15329,4685,34699,2788
1773141507,2,3647159.2,3728082.0,419951.2,385229.4,79121.3,80479.9,61308.2,92181.3,93967.8,308.6,24.8,29.0,412,19.5,36.8,1266,2808,3589,3800,13457,16069,15330,4684,34700,2787
1773141807,2,3675846.2,3748869.2,422269.2,385206.9,79454.5,80696.2,61473.0,92543.6,93963.4,262.3,24.6,29.1,414,19.5,36.7,1265,2805,3589,3798,13454,16065,15325,4683,34694,2786
1773142107,2,3698253.2,3771606.2,424445.5,388380.2,79818.7,80964.8,61557.9,92666.9,93963.6,317.8,24.8,29.0,419,19.5,36.8,1266,2809,3590,3799,13455,16072,15327,4684,34696,2787
1773142407,2,3729024.8,3793167.2,426595.1,389512.2,80094.2,81208.7,61902.3,92765.3,93966.1,311.4,24.6,29.2,418,19.5,36.7,1265,2805,3588,3799,13450,16066,15324,4682,34689,2786
1773142706,2,3747720.8,3811315.2,429242.8,392148.0,80436.7,81670.4,62181.6,93145.4,93965.7,298.8,24.7,29.1,419,19.5,36.7,1266,2805,3589,3800,13453,16070,15324,4683,34691,2787
1773143006,2,3765078.8,3837024.2,429950.6,394636.0,80758.3,82039.5,62290.2,93464.8,93975.5,284.3,24.6,29.1,432,19.5,36.7,1266,2808,3589,3799,13453,16073,15325,4683,34694,2787
1773143306,2,3786757.8,3861160.2,433383.2,395453.6,81208.5,82322.9,62550.9,93767.3,93975.9,311.1,24.7,29.1,443,19.4,36.8,1266,2806,3589,3800,13449,16069,15323,4683,34688,2787
1773143607,2,3810380.0,3886331.8,436001.5,398294.6,81612.2,82645.3,62762.2,93985.9,93970.1,295.1,24.6,29.2,424,19.5,36.7,1267,2809,3588,3800,13451,16074,15322,4682,34695,2788
1773143906,2,3843622.2,3910388.2,438011.2,400011.5,81919.4,83055.0,62963.3,94121.7,93978.2,349.1,24.7,29.0,425,19.4,36.8,1266,2805,3588,3799,13446,16068,15318,4681,34679,2785
1773144206,2,3841645.0,3913473.2,440801.0,401659.8,82269.7,83539.8,63076.8,94742.4,93974.1,288.7,24.6,29.1,427,19.5,36.7,1266,2805,3588,3800,13447,16072,15319,4682,34686,2788
1773144507,2,3896110.8,3959088.0,443852.7,404856.9,82752.5,83793.3,63265.9,94886.3,93976.0,281.6,24.6,29.1,407,19.5,36.8,1266,2803,3587,3799,13443,16070,15315,4680,34679,2787
1773144807,2,3909144.2,3981049.8,446515.3,405732.9,82536.2,83992.2,63453.2,95353.7,93977.0,300.3,24.6,29.2,410,19.5,36.7,1266,2804,3587,3798,13443,16069,15316,4680,34677,2786
1773145106,2,3937238.8,4004371.0,447359.5,408604.7,83221.6,84830.7,63590.9,95642.4,93978.5,287.6,24.7,29.0,425,19.4,36.8,1266,2805,3586,3799,13441,16074,15315,4681,34681,2787
1773145406,2,3976179.2,4038670.0,451433.3,411002.5,83698.6,85072.2,63890.7,95825.4,93983.0,289.2,24.7,29.0,411,19.5,36.7,1267,2804,3587,3800,13443,16077,15315,4680,34676,2787
1773145706,2,3971198.0,4045766.8,451286.9,413019.2,84299.6,85369.8,64038.9,96294.8,93989.3,324.4,24.7,29.0,434,19.4,36.7,1266,2806,3587,3800,13444,16078,15318,4680,34684,2787
1773146007,2,4005518.2,4077211.0,454836.5,415959.3,84520.7,85745.2,64168.5,96421.8,93992.5,296.0,24.6,29.2,436,19.5,36.6,1267,2802,3586,3799,13439,16074,15314,4680,34675,2788
1773146307,2,4029090.2,4113438.2,457049.1,418353.0,84780.1,86105.4,64480.2,96731.6,93998.4,290.5,24.6,28.9,416,19.6,36.4,1268,2808,3587,3800,13442,16080,15316,4681,34685,2788
1773146606,2,4108783.2,4178240.8,464655.0,425978.1,85591.6,86544.1,64731.6,97075.6,94000.4,310.4,24.8,28.5,419,19.5,36.4,1267,2810,3587,3800,13441,16077,15315,4680,34684,2788
1773146906,2,4168830.8,4235249.5,468936.9,430113.6,86203.1,87105.9,64861.0,97465.1,94010.2,295.1,24.9,28.4,423,19.5,36.3,1269,2815,3589,3802,13443,16088,15319,4682,34696,2788
1773147207,2,4201952.0,4276381.5,471620.6,432456.5,86469.2,87457.4,65025.5,97846.8,94015.7,286.9,24.9,28.4,399,19.5,36.2,1269,2814,3590,3803,13444,16094,15321,4682,34699,2789
1773147507,2,4205357.5,4284519.5,473644.0,434123.2,86766.8,87783.8,65285.3,98044.0,94013.6,292.9,24.9,28.5,410,19.6,36.2,1268,2812,3588,3802,13441,16090,15318,4681,34695,2789
1773147806,2,4227458.5,4293656.5,475456.8,436088.2,87119.9,88139.0,65307.5,98209.2,94018.4,299.7,24.9,28.6,417,19.6,36.1,1269,2812,3588,3802,13441,16090,15316,4681,34687,2789
1773148106,2,4246367.5,4300497.5,476174.6,438208.2,87458.2,88361.2,65552.5,98589.8,94022.2,292.2,24.8,28.6,427,19.8,36.0,1269,2814,3589,3803,13441,16097,15317,4681,34692,2788
1773148407,2,4290020.5,4355362.5,479902.5,440058.5,87910.2,88734.4,65713.2,98897.6,94022.6,289.1,24.9,28.5,416,19.6,36.1,1270,2814,3590,3803,13444,16099,15320,4682,34700,2789
1773148707,2,4302698.5,4369350.0,482017.5,443779.0,88149.2,89075.3,65804.6,98947.2,94029.3,286.5,24.9,28.5,435,19.7,36.0,1270,2815,3589,3803,13442,16101,15319,4681,34702,2789
1773149006,2,4323155.5,4381358.5,484776.1,443465.1,88421.4,89293.9,65846.1,99174.6,94034.2,296.7,24.9,28.5,418,19.7,35.9,1270,2818,3589,3803,13439,16101,15316,4681,34699,2789
1773149306,2,4338352.0,4403982.0,485298.0,446338.8,88694.8,89469.2,66123.8,99551.3,94043.6,299.6,24.9,28.6,421,19.6,36.1,1270,2820,3589,3804,13440,16101,15318,4681,34706,2790
1773149607,2,4347949.5,4420785.5,486900.1,446837.2,88888.6,89723.2,66314.4,99616.8,94050.9,293.7,24.8,28.6,420,19.7,36.0,1270,2816,3589,3804,13439,16101,15315,4681,34690,2789
1773149907,2,4369423.5,4417064.0,489169.0,448658.2,89084.0,90003.0,66399.6,99930.6,94054.2,292.3,24.8,28.7,422,19.8,35.9,1271,2820,3589,3805,13438,16106,15314,4681,34700,2790
1773150206,2,4377973.5,4448542.5,489754.5,449785.9,89387.4,90091.3,66571.1,100009.7,94052.0,300.3,24.8,28.8,417,19.7,36.0,1270,2817,3589,3804,13439,16107,15316,4681,34697,2789
1773150506,2,4417248.0,4478492.5,491224.8,451933.2,89686.8,90522.9,66703.6,100163.7,94050.6,324.1,24.7,28.8,418,19.6,36.2,1270,2817,3589,3803,13438,16104,15314,4681,34691,2790
1773150807,2,4418377.5,4486367.5,493076.8,452068.4,89892.1,90832.0,66769.6,100509.0,94058.1,325.5,24.7,28.8,409,19.6,36.2,1270,2815,3589,3804,13436,16103,15315,4680,34689,2790
1773151107,2,4468276.0,4534680.0,498065.5,456168.0,90324.6,91312.8,66904.5,100561.0,94049.2,288.0,24.8,28.8,426,19.6,36.3,1270,2814,3588,3803,13435,16106,15311,4679,34688,2790
1773151406,2,4453924.5,4528318.5,497133.1,458030.2,90521.3,91653.8,67146.1,100779.1,94048.6,303.4,24.8,28.7,407,19.6,36.3,1271,2818,3589,3805,13439,16111,15315,4680,34700,2791
1773151706,2,4509281.5,4568306.5,500832.2,460718.6,91149.3,91891.6,67155.1,100770.3,94054.1,314.1,24.8,28.7,412,19.6,36.2,1271,2815,3589,3805,13436,16111,15314,4680,34698,2790
1773152007,2,4518141.5,4570515.5,502488.8,461545.4,91257.4,91954.5,67327.3,101124.0,94051.5,299.3,24.8,28.8,424,19.6,36.2,1271,2818,3589,3805,13435,16113,15313,4680,34692,2791
1773152306,2,4550598.5,4617028.5,506174.3,463357.7,91660.2,92557.0,67487.9,101320.4,94052.8,331.1,24.8,28.6,434,19.5,36.3,1271,2816,3588,3806,13435,16114,15314,4680,34689,2791
1773152607,2,4555494.0,4623706.5,505965.3,463323.7,91830.3,93042.5,67606.3,101521.8,94070.5,300.5,24.8,28.7,415,19.6,36.3,1271,2815,3588,3805,13433,16112,15311,4678,34691,2790
1773152907,2,4566184.5,4625329.5,508424.1,467641.3,92234.8,93081.1,67763.7,101762.7,94071.0,300.3,24.8,28.7,411,19.6,36.2,1271,2813,3587,3804,13432,16112,15309,4678,34684,2790
1773153206,2,4584885.0,4649554.5,509956.1,467338.0,92343.9,92902.2,67759.4,101811.2,94063.8,304.4,24.8,28.6,391,19.7,36.1,1271,2820,3589,3805,13432,16117,15310,4679,34693,2791
1773153506,2,4615027.5,4684058.5,511876.4,470738.9,92950.6,93591.8,67926.9,102104.6,94064.6,325.0,24.8,28.6,421,19.6,36.1,1272,2817,3588,3806,13433,16117,15309,4679,34690,2791
1773153807,2,4645246.5,4717970.5,517207.4,471898.7,93264.1,93858.5,68025.4,102370.1,94069.4,311.0,24.9,28.6,422,19.6,36.1,1272,2816,3588,3805,13432,16119,15308,4678,34691,2791
1773154107,2,4664836.0,4721350.0,515810.9,473658.7,93631.2,94263.5,68406.4,102387.9,94081.8,286.7,24.7,28.8,435,19.6,36.2,1272,2816,3587,3805,13429,16118,15308,4678,34684,2791
1773154406,2,4669863.5,4728768.0,518560.1,475804.8,93817.9,94283.1,68397.5,102583.9,94083.6,349.4,24.7,28.7,409,19.6,36.1,1272,2817,3587,3806,13428,16117,15308,4677,34685,2790
1773154706,2,4712873.5,4781428.0,520143.5,478882.0,94300.6,94771.7,68468.6,102775.0,94092.9,322.0,24.8,28.7,428,19.6,36.1,1272,2817,3588,3806,13429,16120,15308,4678,34691,2792
1773155007,2,4715521.5,4785136.5,522425.5,478308.2,94459.1,95018.3,68590.6,103134.5,94096.0,300.2,24.8,28.7,450,19.6,36.1,1272,2815,3588,3806,13427,16118,15304,4677,34681,2790
1773155307,2,4751435.5,4811022.5,524926.9,481324.2,94803.8,95177.7,69016.2,103214.4,94102.8,299.4,24.8,28.8,408,19.6,36.1,1272,2817,3588,3805,13428,16118,15307,4677,34687,2791
1773155607,2,4787157.0,4865037.5,529596.4,485468.0,95418.6,95927.5,69055.4,103784.3,94109.6,297.2,24.8,28.7,441,19.6,36.2,1272,2814,3587,3805,13425,16119,15305,4677,34674,2791
1773155905,2,4826006.0,4896899.5,533228.8,488658.9,95890.4,96369.6,69469.8,103926.7,94109.1,307.7,24.7,28.8,421,19.5,36.3,1272,2815,3587,3806,13428,16125,15305,4677,34682,2791
1773156206,2,4842940.5,4904325.5,534034.9,490978.8,96483.1,96903.3,69548.2,104271.0,94109.4,307.2,24.8,28.8,394,19.5,36.2,1273,2817,3588,3807,13430,16132,15309,4678,34698,2792
1773156507,2,4902998.5,4976211.5,540093.4,496007.2,96822.4,97387.1,69683.8,104305.8,94115.0,324.1,24.8,28.7,416,19.6,36.3,1272,2816,3587,3805,13426,16130,15306,4677,34693,2792
1773156807,2,4930846.5,4999185.5,541866.9,496166.3,97371.0,97946.6,70103.6,104906.0,94128.0,295.3,24.8,28.8,438,19.6,36.3,1272,2813,3587,3807,13427,16127,15305,4677,34689,2792
1773157106,2,4964467.5,5044467.5,547255.1,503069.4,97953.1,98373.3,70247.0,104963.9,94130.5,305.9,24.8,28.7,438,19.5,36.3,1272,2812,3587,3806,13424,16126,15304,4676,34679,2792
1773157407,2,5031039.5,5095613.5,550186.7,505529.3,98573.4,98920.5,70645.5,105549.0,94137.4,311.6,24.8,28.7,442,19.6,36.2,1274,2823,3589,3808,13429,16140,15309,4679,34706,2794
1773157707,2,5074925.0,5129820.0,555736.4,509184.2,98941.5,99191.5,70774.9,105700.5,94141.9,297.2,24.8,28.7,442,19.6,36.2,1273,2814,3588,3808,13426,16134,15307,4677,34681,2792
1773158006,2,5075728.0,5143306.5,556569.8,511015.8,99363.0,99577.2,70805.7,105977.0,94140.8,301.3,24.8,28.8,434,19.6,36.2,1273,2816,3588,3808,13425,16135,15304,4677,34692,2793
1773158306,2,5152762.0,5211615.0,560775.8,516137.7,99769.5,100031.1,71010.9,106136.1,94143.1,299.9,24.8,28.7,419,19.6,36.3,1273,2815,3588,3808,13427,16137,15305,4677,34684,2792
1773158606,2,5188790.5,5246532.0,562990.8,515624.3,100216.1,100590.7,71315.3,106420.5,94143.6,294.7,24.8,28.8,435,19.6,36.3,1274,2819,3588,3807,13424,16140,15307,4677,34695,2793
1773158907,2,5206281.5,5282806.0,566250.5,520729.5,100590.2,100779.5,71368.7,106631.4,94155.3,314.4,24.7,28.9,444,19.6,36.3,1273,2812,3587,3808,13424,16136,15302,4676,34691,2793
1773159207,2,5251722.0,5320946.5,568366.1,523594.0,101222.0,101313.8,71723.8,107192.9,94152.0,332.5,24.8,28.8,434,19.6,36.3,1274,2818,3588,3808,13427,16144,15309,4677,34698,2793
1773159507,2,5278602.0,5356633.5,571561.0,525818.1,101456.0,101777.0,71691.9,107169.0,94162.1,325.8,24.8,28.8,464,19.7,36.2,1274,2815,3588,3809,13425,16143,15304,4677,34692,2793
1773159806,2,5296023.5,5371565.5,574678.8,525132.3,101805.6,101981.4,72185.7,107326.4,94165.4,316.1,24.8,28.9,410,19.7,36.3,1274,2815,3588,3808,13421,16143,15304,4677,34690,2794
1773160106,2,5328304.5,5414534.5,575993.1,529885.2,102108.3,102290.4,72145.9,107439.5,94171.8,315.1,24.8,28.8,453,19.6,36.3,1274,2816,3587,3808,13422,16146,15303,4675,34688,2793
1773160407,2,5343118.0,5421921.5,579243.2,532570.0,102239.4,102581.4,72187.8,107674.9,94180.0,306.9,24.7,29.0,451,19.7,36.4,1274,2814,3587,3808,13421,16145,15300,4676,34684,2793
1773160707,2,5365972.5,5444567.5,578798.6,531921.0,102826.8,102829.1,72469.4,107691.0,94192.1,308.9,24.8,29.0,456,19.6,36.4,1273,2812,3587,3808,13420,16144,15300,4675,34682,2793
1773161006,2,5398733.5,5475412.5,582354.3,534574.2,102976.8,103069.8,72438.8,107983.0,94189.7,323.1,24.8,29.0,477,19.7,36.4,1274,2816,3588,3809,13421,16150,15303,4676,34696,2794
1773161306,2,5375335.5,5452218.0,582277.7,535675.7,102725.6,103117.7,72531.6,108033.2,94199.4,326.9,24.7,29.2,461,19.7,36.5,1274,2812,3587,3809,13419,16147,15298,4675,34684,2793
1773161607,2,5377544.5,5461752.5,584568.9,535462.0,103011.6,103142.4,72657.6,108148.2,94191.4,326.7,24.7,29.1,475,19.7,36.4,1275,2816,3587,3809,13419,16153,15302,4676,34690,2793
1773161907,2,5436749.5,5506364.5,585627.8,538436.3,103414.8,103497.1,72850.4,108418.3,94182.9,310.0,24.8,29.0,460,19.6,36.5,1274,2815,3587,3810,13421,16153,15299,4676,34689,2794
1773162207,2,5447724.5,5511386.5,588101.0,538655.1,103533.6,103372.8,72904.3,108226.1,94194.6,331.2,24.9,29.0,502,19.6,36.6,1274,2814,3587,3809,13420,16147,15300,4674,34683,2794
1773162506,2,5448495.0,5506137.5,587418.2,539252.3,103548.2,103452.6,72787.3,108400.6,94194.1,332.2,24.8,29.1,505,19.7,36.6,1274,2812,3587,3809,13419,16152,15298,4675,34678,2793
1773162806,2,5437353.5,5510770.5,587400.3,538113.3,103531.6,103646.9,72860.5,108514.6,94202.3,358.2,24.8,29.1,503,19.6,36.6,1274,2810,3587,3809,13417,16150,15296,4674,34677,2793
1773163107,2,5460974.5,5534918.5,588969.2,540210.1,103711.6,103824.3,72930.0,108489.5,94201.4,331.5,24.8,29.0,502,19.7,36.6,1274,2812,3587,3810,13419,16158,15302,4675,34686,2794
1773163406,2,5469532.5,5542620.0,589157.6,540611.2,103951.7,103857.2,72995.5,108530.0,94194.3,366.0,24.9,29.0,504,19.5,36.8,1274,2813,3587,3810,13417,16159,15299,4673,34679,2794
1773163706,2,5492160.5,5546859.5,589810.1,544016.2,104187.2,104024.0,72935.9,108797.5,94199.0,332.7,24.7,29.1,515,19.6,36.9,1275,2814,3587,3810,13421,16160,15302,4675,34699,2796
1773164007,2,5489930.0,5560156.5,591720.0,542801.8,104291.0,104450.0,73136.9,108729.0,94208.8,370.2,24.9,29.1,482,19.6,36.8,1274,2808,3586,3810,13415,16156,15297,4674,34675,2794
1773164307,2,5507373.5,5565820.0,593050.2,545827.7,104511.8,104675.9,73165.1,108926.1,94199.5,355.4,24.8,29.1,523,19.6,36.8,1275,2813,3587,3810,13419,16163,15302,4675,34691,2795
1773164606,2,5508757.5,5575558.0,594928.2,545240.7,104534.1,104587.2,73330.6,109282.8,94201.0,392.0,24.9,29.0,537,19.6,36.9,1274,2812,3586,3810,13417,16162,15299,4674,34683,2794
1773164906,2,5509486.5,5582472.0,595342.2,548282.7,104738.1,104801.4,73453.7,109321.6,94199.9,364.5,24.9,29.0,518,19.7,36.7,1275,2811,3586,3810,13415,16165,15299,4674,34684,2795
1773165207,2,5543558.0,5595706.5,596409.4,548503.2,105078.9,105202.6,73495.2,109156.4,94194.9,363.5,24.9,29.1,523,19.7,36.8,1275,2812,3587,3811,13417,16166,15297,4675,34685,2795
1773165507,2,5557468.0,5612218.5,598714.8,549029.4,105314.7,105374.1,73555.6,109427.3,94195.7,375.6,24.9,29.1,519,19.7,36.7,1276,2818,3589,3813,13420,16174,15304,4676,34703,2797
1773165807,2,5525768.0,5594136.5,595814.2,548196.7,105348.1,105283.8,73900.7,109718.6,94207.2,376.0,24.8,29.2,524,19.8,36.6,1275,2810,3587,3811,13414,16168,15296,4674,34679,2794
1773166106,2,5561967.0,5642808.0,598680.7,551794.2,105580.9,105576.7,74090.7,109720.7,94209.9,378.1,24.8,29.1,522,19.7,36.7,1275,2809,3586,3809,13411,16163,15299,4673,34678,2795
1773166406,2,5591580.5,5648185.5,601488.4,551994.2,106047.4,106132.2,74119.7,110258.6,94200.4,388.7,24.8,29.2,521,19.7,36.6,1276,2810,3586,3809,13411,16166,15300,4673,34678,2795
1773166707,2,5609244.0,5678034.0,603414.9,553898.9,106624.0,106793.5,74269.0,110340.1,94209.0,374.1,24.7,29.3,512,19.7,36.6,1275,2806,3585,3809,13408,16165,15294,4671,34671,2795
1773167007,2,5672842.5,5729266.5,609604.8,558479.4,107043.2,107439.0,74581.0,110526.8,94205.8,358.0,24.7,29.3,551,19.7,36.7,1275,2809,3586,3808,13407,16168,15295,4672,34674,2795
1773167306,2,5710975.5,5774095.5,610275.2,561052.2,108098.5,108200.0,74909.2,111122.1,94214.9,371.2,24.7,29.3,531,19.7,36.7,1276,2811,3587,3811,13413,16176,15300,4673,34691,2797
1773167606,2,5774294.0,5852630.0,616885.8,568736.0,109168.9,108628.6,75046.4,111255.9,94215.7,370.5,24.7,29.3,527,19.7,36.7,1275,2806,3585,3809,13406,16167,15293,4671,34665,2795
1773167907,2,5813396.5,5892124.0,621284.6,569981.0,109487.0,109278.4,75262.3,111348.0,94209.0,365.9,24.8,29.3,522,19.7,36.7,1275,2807,3586,3809,13411,16172,15298,4672,34675,2796
1773168207,2,5856645.5,5913932.0,620775.2,573250.5,109631.9,109480.5,75563.5,111678.6,94208.8,380.8,24.8,29.2,516,19.7,36.7,1276,2812,3586,3810,13411,16178,15299,4674,34681,2796
1773168506,2,5911319.5,5968117.5,628073.9,575183.6,110363.1,110131.5,75736.7,112653.2,94210.5,378.3,24.7,29.3,543,19.6,36.7,1276,2807,3585,3810,13409,16177,15297,4672,34669,2796
1773168806,2,5957400.0,6019692.5,631215.6,580593.9,111048.4,110671.5,76131.7,112692.7,94209.4,388.2,24.7,29.3,537,19.6,36.7,1275,2805,3585,3809,13407,16175,15295,4672,34668,2796
1773169107,2,5997724.5,6050571.5,633333.2,582857.3,111249.3,111040.4,76266.5,112916.5,94211.7,411.7,24.8,29.2,536,19.6,36.7,1276,2813,3586,3811,13409,16182,15300,4673,34687,2797
1773169407,2,6040636.5,6112386.5,637711.3,586721.1,111868.2,111853.6,76412.3,113103.4,94220.2,396.8,24.8,29.1,555,19.7,36.6,1276,2814,3587,3812,13408,16185,15299,4674,34676,2797
1773169707,2,6071136.5,6130249.5,641231.4,589198.2,112142.7,111961.5,76546.8,113476.4,94219.8,392.1,24.8,29.2,544,19.6,36.7,1276,2809,3586,3810,13405,16179,15293,4671,34669,2796
1773170006,2,6082120.5,6157703.5,642435.3,591662.1,112511.5,111902.3,76512.0,113583.0,94227.8,381.7,24.9,29.1,552,19.5,36.9,1276,2807,3586,3811,13409,16185,15298,4673,34677,2798
1773170306,2,6120172.0,6172926.0,644994.6,592036.8,112496.7,112256.5,76655.5,113695.5,94224.4,414.9,24.9,29.0,540,19.6,36.7,1276,2811,3586,3810,13407,16182,15297,4672,34676,2798
1773170607,2,6151764.0,6219694.0,647639.6,595143.8,112937.6,112696.2,77165.2,114008.1,94231.1,390.3,24.8,29.1,540,19.6,36.8,1277,2808,3586,3811,13407,16186,15296,4672,34676,2798
1773170905,2,6188124.5,6266837.5,652933.2,600564.1,113692.0,113112.4,77137.8,114319.4,94238.0,401.2,24.9,28.9,548,19.5,36.8,1276,2808,3585,3811,13408,16190,15297,4672,34678,2798
1773171206,2,6212252.5,6270127.5,655576.7,602541.5,113987.5,113595.0,77438.5,114435.9,94242.7,379.0,24.9,28.9,540,19.6,36.7,1277,2809,3586,3811,13408,16185,15298,4672,34675,2798
1773171506,2,6222029.5,6288658.0,655228.7,604456.9,114341.1,113754.0,77585.1,115074.7,94245.4,399.8,24.8,29.0,549,19.6,36.6,1277,2811,3586,3811,13406,16192,15300,4673,34680,2798
1773171807,2,6281798.5,6347647.5,659502.0,605024.1,114762.9,114281.3,77684.8,115229.2,94237.0,380.2,24.8,28.9,540,19.5,36.7,1278,2815,3587,3813,13408,16197,15299,4673,34693,2799
1773172107,2,6264588.0,6329362.0,658267.9,606735.9,114964.9,114336.8,77843.4,115282.0,94232.5,400.9,24.8,28.9,550,19.6,36.5,1278,2814,3587,3813,13409,16202,15301,4674,34692,2799
1773172406,2,6284888.0,6353284.5,660554.0,607070.3,115124.1,114576.4,77943.6,115468.6,94233.3,383.1,24.8,28.9,507,19.6,36.6,1277,2812,3586,3813,13407,16196,15299,4672,34686,2799
1773172706,2,6326453.5,6388873.5,664650.6,611895.1,115634.7,114890.2,78106.2,115883.1,94232.2,377.9,24.8,28.9,536,19.6,36.6,1277,2812,3587,3813,13408,16201,15302,4673,34688,2799
1773173006,2,6340829.5,6406611.5,665526.9,612334.1,115920.3,115119.1,78298.5,115899.3,94234.0,381.6,24.7,29.0,523,19.6,36.6,1277,2809,3586,3813,13405,16200,15298,4672,34681,2799
1773173307,2,6366278.0,6418124.5,667130.6,613171.4,116170.4,115556.9,78216.1,115952.6,94232.2,355.5,24.8,28.9,524,19.6,36.6,1277,2806,3585,3812,13402,16197,15296,4672,34674,2798
1773173607,2,6373048.0,6426583.5,669693.8,614733.9,116340.3,115731.1,78331.2,116262.0,94229.5,369.7,24.7,29.1,515,19.6,36.5,1277,2809,3587,3812,13406,16202,15297,4671,34676,2798
1773173906,2,6419774.0,6484955.5,673197.7,618032.2,116782.2,116022.1,78474.4,116291.2,94224.5,371.9,24.8,28.9,543,19.5,36.7,1278,2812,3587,3814,13407,16203,15297,4673,34687,2799
1773174206,2,6400965.5,6458099.5,669514.1,618859.6,116790.2,116053.4,78461.7,116469.7,94231.0,355.7,24.8,28.9,529,19.6,36.5,1278,2814,3587,3814,13406,16208,15299,4673,34690,2800
1773174507,2,6419649.5,6477778.0,673161.6,618668.2,117069.1,116431.0,78734.8,116705.5,94251.7,380.9,24.8,29.0,550,19.6,36.6,1277,2807,3586,3812,13403,16204,15298,4672,34675,2798
1773174807,2,6469307.5,6519271.5,677129.9,620535.6,117444.3,116853.4,78813.4,116790.5,94257.1,376.5,24.8,28.9,531,19.6,36.5,1278,2809,3585,3813,13404,16206,15297,4672,34675,2799
1773175106,2,6519831.5,6561735.5,678631.3,624222.7,117852.7,116985.4,79014.1,117101.6,94257.4,359.4,24.8,29.0,541,19.6,36.7,1277,2810,3585,3813,13403,16206,15295,4671,34675,2799
1773175406,2,6482424.0,6542612.5,676964.3,623385.7,117875.2,117092.5,79077.9,116857.2,94253.3,376.8,24.7,29.1,543,19.5,36.7,1278,2813,3587,3815,13407,16210,15297,4672,34685,2800
1773175707,2,6498212.5,6558184.0,680256.5,626151.2,117840.1,117263.6,78976.2,117275.2,94250.4,384.0,24.8,29.0,545,19.6,36.8,1277,2808,3585,3813,13400,16206,15293,4670,34673,2799
1773176007,2,6503873.5,6552412.0,678458.4,625295.7,117815.2,117202.8,79059.4,117135.8,94242.7,385.5,24.7,29.2,555,19.6,36.7,1278,2808,3585,3814,13402,16207,15292,4671,34668,2800
1773176306,2,6486423.5,6531698.0,679429.8,623277.6,117991.4,117404.9,79177.5,117317.3,94233.8,393.4,24.8,29.1,521,19.6,36.8,1278,2812,3586,3815,13405,16219,15297,4672,34688,2800
1773176606,2,6512064.0,6552648.0,681915.4,625792.5,118223.4,117753.2,79302.8,117351.5,94226.6,390.4,24.8,29.2,554,19.6,36.9,1278,2810,3586,3814,13401,16211,15293,4671,34673,2799
1773176906,2,6521914.5,6585339.5,683066.4,628275.2,118580.1,118106.3,79491.2,117315.0,94224.3,355.1,24.8,29.2,580,19.5,37.1,1278,2810,3586,3815,13403,16215,15295,4671,34685,2801
1773177207,2,6522672.0,6567404.5,682662.0,628544.0,118741.6,117909.4,79571.9,117681.0,94217.4,407.3,24.8,29.3,573,19.6,37.0,1278,2807,3585,3814,13404,16214,15295,4671,34673,2799
1773177505,2,6506376.5,6573778.5,681164.2,628859.8,118744.5,118083.6,79333.4,117467.2,94212.2,411.2,24.8,29.5,556,19.6,37.1,1279,2810,3586,3815,13404,16218,15296,4671,34683,2800
1773177806,2,6485704.0,6557459.5,680859.4,628379.4,118714.5,118225.0,79459.1,117721.5,94201.3,412.3,24.8,29.4,584,19.6,37.2,1278,2809,3587,3816,13406,16224,15298,4672,34687,2801
1773178107,2,6502789.5,6571642.5,680453.2,629077.5,118894.4,118269.8,79735.0,117708.6,94197.5,391.7,24.8,29.5,582,19.6,37.2,1278,2809,3586,3815,13401,16219,15293,4671,34680,2800
1773178407,2,6541634.5,6594693.5,684300.0,630415.0,119354.0,118487.7,79595.3,117755.5,94200.8,419.8,24.8,29.5,575,19.6,37.3,1279,2813,3586,3816,13404,16225,15296,4672,34688,2801
1773178705,2,6491602.5,6554251.5,681551.2,626020.6,118729.8,118102.4,79424.4,117179.2,94205.2,407.9,24.8,29.6,568,19.6,37.4,1277,2805,3584,3813,13399,16215,15290,4669,34669,2800
1773179006,2,6433680.5,6472003.5,675760.2,623864.8,118471.6,117942.2,79595.7,117429.0,94209.6,418.3,24.7,29.8,589,19.6,37.5,1278,2809,3585,3814,13401,16222,15289,4670,34683,2801
1773179306,2,6446025.5,6493760.0,679506.6,625371.6,118869.4,118324.2,79538.4,117591.8,94210.7,436.0,24.7,29.8,597,19.6,37.5,1279,2812,3586,3817,13407,16231,15299,4672,34692,2802
1773179607,2,6479424.0,6538252.0,679520.2,626378.8,118910.5,118426.2,79595.3,117511.3,94206.3,393.7,24.8,29.8,595,19.6,37.6,1279,2813,3587,3816,13402,16234,15299,4672,34688,2802
1773179907,2,6460314.0,6526053.5,679366.8,626518.9,119032.3,118472.6,79733.8,117824.5,94201.8,421.4,24.9,29.8,584,19.6,37.7,1279,2808,3587,3817,13404,16233,15297,4671,34685,2801
1773180207,2,6512600.0,6556053.5,684217.8,631386.5,119606.3,118782.2,79907.2,118071.8,94210.3,420.6,24.8,29.8,621,19.6,37.7,1278,2807,3586,3817,13403,16231,15296,4672,34679,2801
1773180506,2,6555136.5,6602826.5,686667.7,631087.9,119867.3,119132.7,79965.2,117951.2,94204.6,406.5,24.9,29.8,596,19.6,37.8,1280,2814,3587,3817,13403,16238,15300,4673,34691,2802
1773180806,2,6525508.0,6574104.5,685328.3,631840.2,119804.9,119163.0,80110.3,118234.2,94198.5,419.3,24.9,29.9,585,19.7,37.7,1280,2814,3588,3818,13406,16240,15302,4672,34697,2803
1773181106,2,6549738.0,6602158.5,688030.5,633283.2,119910.4,119565.8,80189.4,118361.2,94199.8,418.9,24.9,29.9,582,19.6,37.9,1280,2812,3588,3818,13405,16243,15301,4673,34696,2802
1773181406,2,6579918.5,6653304.0,691329.8,638290.7,120820.2,119883.9,80484.1,118471.1,94197.1,413.3,24.8,30.0,611,19.5,38.1,1279,2810,3586,3817,13402,16237,15295,4671,34679,2801
1773181707,2,6586055.5,6652187.5,689213.5,637566.7,120826.7,120394.6,80336.2,118666.7,94200.2,416.6,24.7,30.1,582,19.6,37.9,1279,2806,3586,3817,13404,16238,15296,4671,34681,2802
1773182007,2,6634386.5,6672156.0,695469.2,640585.2,121516.8,120635.9,80720.9,118979.5,94199.5,385.8,24.8,30.1,574,19.5,38.1,1279,2809,3587,3817,13403,16241,15299,4671,34683,2802
1773182306,2,6635230.5,6694235.5,694759.8,642829.2,121795.3,121134.4,80710.6,119152.2,94200.7,428.4,24.7,30.2,598,19.6,38.0,1280,2810,3587,3818,13406,16243,15302,4673,34692,2802
1773182606,2,6667633.5,6724212.5,699359.2,644562.9,122002.3,121257.1,80919.2,119283.4,94205.5,421.0,24.7,30.2,574,19.6,38.1,1279,2809,3587,3818,13404,16245,15299,4672,34684,2802
1773182906,2,6683898.5,6730468.5,698830.5,646098.7,121970.9,121529.2,81009.7,119544.9,94215.6,454.2,24.8,30.1,589,19.6,38.1,1279,2810,3587,3818,13402,16244,15297,4671,34684,2801
1773183207,2,6727187.5,6765481.5,701323.9,646193.4,122468.6,121577.2,81248.1,119608.6,94223.7,414.9,24.9,30.1,596,19.6,38.2,1280,2810,3587,3819,13403,16250,15297,4672,34686,2803
1773183507,2,6699655.5,6767311.5,702000.5,648259.2,122442.5,121782.4,81180.0,119755.0,94226.8,412.0,24.8,30.1,599,19.6,38.2,1279,2801,3585,3817,13398,16241,15293,4669,34669,2801
1773183806,2,6751263.5,6790104.0,702541.6,650387.7,122687.0,121745.8,81349.2,119951.9,94228.4,426.9,24.9,30.1,599,19.6,38.3,1280,2810,3587,3819,13404,16249,15300,4672,34685,2803
1773184107,2,6725890.5,6776578.5,703613.0,650944.0,122749.1,122399.2,81355.5,119835.7,94224.9,399.5,24.9,30.2,575,19.6,38.3,1280,2809,3587,3819,13404,16252,15299,4672,34685,2802
1773184407,2,6762451.5,6804354.5,707957.8,653144.8,123313.3,122297.5,81443.8,120166.1,94217.2,398.2,24.8,30.4,596,19.7,38.2,1280,2806,3587,3819,13402,16250,15297,4671,34679,2802
1773184706,2,6779658.5,6828752.5,708302.7,654058.2,123483.7,122861.2,81670.8,120681.9,94222.9,416.4,24.8,30.3,583,19.6,38.3,1280,2808,3587,3819,13402,16253,15300,4671,34687,2803
1773185006,2,6824576.5,6866028.5,712344.4,658626.0,124207.8,123289.0,81910.8,120463.9,94223.3,411.8,24.8,30.3,601,19.5,38.6,1280,2808,3587,3818,13400,16251,15297,4671,34682,2803
1773185307,2,6806448.0,6860240.5,709296.8,658601.7,124182.9,123532.7,81869.0,120839.6,94218.8,439.4,24.8,30.3,572,19.6,38.3,1280,2807,3586,3819,13400,16254,15295,4670,34678,2802
1773185607,2,6824732.0,6876566.0,713747.6,659572.1,124186.7,123410.8,82049.1,120937.5,94216.3,405.9,24.8,30.3,574,19.6,38.3,1280,2806,3587,3819,13402,16257,15298,4670,34681,2803
1773185906,2,6855786.0,6921786.0,718559.6,661991.6,124724.5,124035.5,82209.0,120956.7,94211.5,428.0,24.8,30.4,580,19.5,38.5,1280,2803,3586,3819,13401,16255,15296,4670,34678,2803
1773186206,2,6851933.5,6905766.5,717901.5,661484.8,124828.6,123939.3,82166.3,121001.4,94217.3,441.3,24.8,30.5,585,19.6,38.5,1280,2805,3587,3819,13401,16257,15295,4670,34672,2802
1773186507,2,6831955.5,6894074.0,713325.9,659538.4,124505.6,123734.8,82145.3,120866.4,94228.2,416.7,24.8,30.4,584,19.6,38.5,1281,2814,3588,3821,13403,16268,15302,4672,34699,2804
1773186807,2,6855306.5,6918538.5,717149.5,661581.6,124888.9,123927.8,82122.4,121323.1,94230.3,397.8,24.8,30.4,594,19.6,38.5,1280,2807,3587,3820,13402,16263,15296,4671,34685,2803
1773187106,2,6873783.5,6928926.0,719053.2,664299.5,125173.1,124166.4,82388.8,121395.1,94238.9,397.0,24.8,30.4,555,19.6,38.5,1280,2808,3587,3820,13401,16262,15296,4671,34678,2803
1773187407,2,6924268.5,6977074.5,720686.4,667210.9,125746.4,124760.5,82566.6,121624.4,94250.0,396.6,24.8,30.5,559,19.6,38.4,1281,2811,3588,3822,13404,16272,15302,4673,34694,2804
1773187707,2,6962246.5,7024938.0,724521.0,671408.3,126395.1,125318.7,82642.8,121771.7,94258.3,384.9,24.8,30.5,569,19.6,38.5,1281,2811,3588,3821,13401,16270,15300,4671,34691,2804
1773188006,2,6963279.5,7017500.5,725394.6,671508.6,126475.5,125314.8,82843.2,121936.6,94274.8,397.5,24.9,30.4,567,19.7,38.4,1281,2808,3586,3821,13400,16267,15296,4671,34681,2804
1773188306,2,7007597.5,7047620.0,729541.3,673546.6,126781.6,125716.6,82977.6,122303.1,94276.4,382.0,24.8,30.5,535,19.7,38.4,1281,2809,3587,3821,13402,16268,15297,4670,34683,2804
1773188608,2,7053140.5,7086307.5,733582.5,678285.2,127471.4,126146.8,83275.1,122346.5,94281.8,373.1,24.8,30.5,550,19.7,38.4,1281,2813,3588,3821,13403,16273,15299,4672,34691,2804
1773188905,2,7072949.5,7120060.5,735482.7,679609.7,127374.7,126257.7,83231.2,122506.0,94284.3,400.7,24.8,30.5,564,19.7,38.5,1281,2807,3587,3821,13401,16271,15299,4671,34690,2804
1773189206,2,7100910.5,7153800.0,739318.3,682547.0,127898.2,126828.6,83441.8,122765.8,94283.7,391.7,24.8,30.5,526,19.7,38.4,1281,2812,3588,3821,13401,16275,15298,4671,34695,2805
1773189507,2,7138462.0,7193379.5,742492.7,685905.6,128599.6,127225.0,83581.2,122830.6,94280.7,400.4,24.8,30.5,558,19.6,38.5,1280,2806,3586,3821,13399,16275,15297,4670,34679,2804
1773189806,2,7155989.5,7235176.0,746857.9,686976.2,128843.0,127446.7,83883.3,123269.0,94278.9,389.9,24.8,30.5,548,19.7,38.4,5306,7282,7477,4093,13398,16274,15299,4670,34687,2805
1773190106,2,7194181.5,7214754.0,747654.2,689011.3,129016.8,127638.5,83878.0,123239.2,94284.5,386.2,24.8,30.5,537,19.7,38.5,1281,2808,3587,3821,13397,16274,15293,4669,34677,2804
1773190406,2,7223351.5,7260720.0,747175.1,691016.7,129489.4,128029.8,84080.1,123269.6,94287.5,384.7,24.9,30.5,548,19.7,38.5,1281,2812,3587,3822,13400,16280,15299,4671,34686,2805
1773190707,2,7229444.5,7277050.0,751977.9,693825.2,129515.8,128025.7,84213.2,123322.3,94287.1,408.8,24.8,30.5,530,19.5,38.6,1281,2811,3588,3822,13387,16267,15287,4660,34659,2804
1773191006,2,7238076.5,7300978.5,753934.2,693762.3,130075.9,128553.6,84178.8,123637.1,94287.5,409.5,24.8,30.5,556,19.5,38.7,1281,2808,3586,3822,13399,16281,15297,4670,34683,2805
1773191306,2,7247274.5,7308548.0,750925.8,694159.6,129956.9,128699.4,84312.1,123541.7,94291.1,363.9,24.8,30.5,518,19.7,38.6,1282,2814,3588,3823,13402,16288,15302,4671,34696,2806
1773191607,2,7256852.5,7310015.5,755301.5,697009.6,130094.6,128691.3,84381.1,123833.9,94288.9,389.1,24.8,30.6,531,19.6,38.6,1281,2807,3587,3822,13400,16282,15298,4670,34690,2805
1773191907,2,7328038.0,7352578.0,754307.6,701038.3,130518.7,129287.3,84717.3,124249.8,94290.8,380.0,24.9,30.5,548,19.6,38.6,1281,2811,3587,3823,13402,16289,15298,4671,34696,2806
1773192207,2,7336565.5,7371460.0,758178.0,701173.4,130837.8,129319.4,84756.0,124229.6,94295.3,383.2,24.9,30.5,536,19.6,38.7,1282,2812,3588,3824,13403,16292,15301,4671,34698,2807
1773192506,2,7349738.5,7363476.0,758994.7,699107.8,130985.5,129648.8,84932.3,124500.2,94303.3,376.9,24.9,30.5,544,19.5,38.8,1281,2804,3587,3822,13399,16283,15297,4670,34685,2806
1773192806,2,7391866.0,7423218.5,762952.9,704098.9,131519.5,129785.4,85284.6,124610.5,94304.8,395.5,24.8,30.7,535,19.5,38.9,1281,2806,3587,3823,13399,16286,15296,4670,34686,2805
1773193107,2,7393230.5,7445525.5,764143.9,705326.3,131766.1,130007.2,85495.4,124835.0,94306.6,392.4,24.8,30.6,532,19.5,38.9,1282,2808,3587,3822,13399,16287,15298,4669,34688,2806
1773193407,2,7406949.5,7425266.5,763826.4,705593.7,132085.8,130353.9,85600.6,124995.2,94303.2,387.3,24.8,30.6,549,19.5,38.8,1281,2808,3587,3823,13399,16289,15300,4670,34689,2806
1773193706,2,7425922.0,7457836.0,766083.7,707513.7,132217.1,130694.5,85310.6,125209.8,94301.1,378.5,24.9,30.6,533,19.6,38.8,1281,2807,3587,3823,13400,16291,15298,4670,34691,2806
1773194006,2,7459190.0,7500224.5,768477.0,709099.8,132477.9,130934.0,85444.4,125399.8,94297.4,362.2,24.8,30.7,542,19.6,38.8,1281,2807,3587,3823,13399,16292,15300,4670,34688,2807
1773194307,2,7431408.0,7466392.0,764266.5,708321.5,132155.0,130945.1,85791.8,125454.0,94304.7,361.4,24.7,30.8,527,19.7,38.7,1282,2807,3587,3824,13398,16295,15296,4671,34684,2806
1773194607,2,7417934.5,7469252.5,767330.8,709323.3,132408.3,130979.5,85864.6,125594.9,94315.2,384.2,24.8,30.7,555,19.7,38.6,1282,2811,3588,3824,13399,16297,15300,4671,34691,2806
1773194906,2,7485518.0,7543273.5,771066.8,712725.6,132876.8,131579.1,85883.4,125617.0,94312.6,397.3,24.8,30.8,532,19.7,38.7,1281,2805,3586,3823,13396,16293,15295,4669,34680,2806
1773195206,2,7482248.0,7540330.0,771942.7,713704.4,132908.5,131662.4,86037.8,125879.9,94314.3,373.3,24.8,30.8,554,19.6,38.8,1281,2805,3586,3824,13398,16293,15297,4670,34682,2806
1773195507,2,7515240.5,7571527.5,773773.3,715180.8,133606.3,132002.1,86310.8,126153.3,94316.4,379.2,24.8,30.7,524,19.6,38.9,1282,2811,3587,3824,13399,16301,15299,4671,34693,2807
1773195807,2,7528992.5,7551114.5,772196.2,713927.4,133642.2,132267.2,86276.4,126073.8,94329.6,354.1,24.7,30.9,554,19.6,38.9,1281,2803,3587,3823,13397,16296,15297,4670,34682,2806
1773196107,2,7530896.0,7584582.5,773663.6,716438.2,133833.3,132237.4,86385.1,126361.6,94333.3,378.7,24.9,30.7,528,19.7,38.7,1282,2811,3588,3825,13400,16307,15302,4671,34693,2808
1773196406,2,7565553.5,7605758.5,781219.7,722550.6,134318.2,132807.6,86912.2,126520.4,94342.0,373.8,24.8,30.7,538,19.7,38.7,1283,2812,3588,3825,13401,16309,15300,4671,34701,2808
1773196706,2,7558950.0,7624349.5,781239.1,721423.7,134424.0,132641.9,86829.9,127009.1,94337.3,373.7,24.8,30.7,551,19.7,38.6,1283,2810,3588,3826,13399,16309,15300,4670,34694,2808
1773197007,2,7590116.5,7659778.5,780913.2,723550.8,134657.4,133225.8,86952.1,127058.0,94334.5,377.4,24.8,30.7,543,19.7,38.8,1283,2812,3588,3825,13397,16309,15300,4671,34695,2808
1773197307,2,7615241.5,7682066.0,786242.2,727142.1,135050.0,133498.2,87097.0,126896.1,94342.7,361.9,24.8,30.9,537,19.6,38.9,1281,2804,3587,3824,13395,16303,15296,4670,34682,2807
1773197606,2,7648505.5,7685598.0,785387.2,726993.3,135337.6,133766.9,87185.6,127284.6,94348.1,378.1,24.8,30.7,535,19.6,38.9,1283,2812,3588,3826,13402,16313,15303,4671,34702,2809
1773197906,2,7664372.0,7710570.5,787500.0,727282.0,135643.7,133792.8,87379.2,127366.8,94352.7,396.9,24.8,30.9,565,19.6,39.0,1282,2805,3587,3825,13398,16309,15298,4670,34684,2807
1773198207,2,7709892.0,7747035.5,788136.8,730755.8,136201.4,134796.2,87730.2,127552.7,94350.6,390.0,24.8,30.7,543,19.4,39.2,1281,2802,3586,3824,13397,16305,15298,4669,34682,2807
1773198507,2,7684159.5,7752310.5,792140.2,731371.2,136189.7,134790.5,87457.6,127971.7,94351.6,368.7,24.9,30.7,543,19.6,39.0,1282,2807,3587,3825,13398,16311,15298,4669,34690,2808
1773198806,2,7738206.5,7788124.0,794450.8,731891.0,136623.4,134995.2,87761.1,128003.4,94348.4,372.8,24.8,30.8,520,19.6,39.0,1282,2803,3587,3824,13396,16310,15297,4669,34685,2808
1773199106,2,7730811.5,7786878.0,796784.8,734437.2,136965.8,135072.5,88016.6,128430.6,94356.8,386.2,24.8,30.8,519,19.6,39.0,1283,2808,3587,3826,13396,16316,15301,4670,34698,2809
1773199406,2,7761211.5,7819236.5,798493.2,736829.2,137113.2,135450.0,88007.2,128427.9,94363.8,359.8,24.8,30.8,547,19.6,39.1,1282,2805,3586,3825,13398,16312,15297,4669,34689,2808
1773199707,2,7800684.0,7831168.5,797286.1,736327.9,137275.8,135858.2,88411.1,128519.8,94369.2,399.1,24.8,30.8,523,19.4,39.3,1282,2802,3587,3825,13396,16310,15301,4670,34683,2807
1773200007,2,7814067.5,7860811.5,802798.3,738754.2,137860.9,136058.7,88487.0,129125.8,94364.8,397.9,24.8,30.8,556,19.5,39.3,1282,2804,3587,3826,13397,16315,15298,4670,34684,2808
1773200306,2,7841128.0,7881438.0,801667.1,742935.8,138065.3,136587.5,88644.5,129087.0,94361.7,377.1,24.8,30.8,546,19.5,39.2,1282,2806,3588,3826,13399,16320,15300,4670,34687,2809
1773200606,2,7852358.0,7881044.0,803612.5,741433.3,138163.3,136412.8,88597.1,129363.0,94360.5,401.2,24.9,30.8,527,19.6,39.1,1283,2811,3588,3827,13399,16324,15301,4671,34692,2809
1773200906,2,7874505.5,7922166.5,803697.3,746502.8,138228.0,136730.8,88864.7,129452.0,94358.4,385.3,24.9,30.8,537,19.6,39.1,1282,2810,3588,3826,13397,16320,15300,4670,34688,2809
1773201207,2,7890542.5,7915133.5,805303.2,745812.5,138616.0,136983.4,89058.7,129509.1,94342.9,386.1,24.9,30.8,548,19.5,39.3,1282,2806,3588,3826,13399,16321,15301,4670,34691,2809
1773201507,2,7916250.5,7952973.5,807042.8,748656.8,139159.1,137499.2,89140.9,130010.1,94348.2,382.6,24.8,30.9,532,19.5,39.3,1282,2805,3586,3826,13396,16321,15296,4669,34685,2809
1773201807,2,7890850.0,7927902.5,806211.9,747159.1,139116.8,137506.4,89108.7,129806.8,94344.7,393.1,24.7,31.1,515,19.6,39.2,1283,2805,3588,3826,13397,16323,15300,4669,34687,2809
1773202106,2,7920147.5,7952611.5,811640.4,751016.6,139325.2,137780.5,89227.4,130076.5,94348.2,380.1,24.8,31.0,527,19.5,39.3,1283,2808,3587,3828,13398,16327,15301,4670,34692,2810
1773202406,2,7951321.5,7985804.5,809947.4,753443.2,139604.2,137857.0,89344.0,130067.1,94356.9,374.0,24.8,31.0,539,19.6,39.1,1283,2809,3588,3827,13397,16330,15300,4670,34694,2810
1773202707,2,7965666.5,8002713.5,810823.4,754182.3,140235.0,138324.8,89475.4,130473.7,94352.9,348.4,24.8,30.9,535,19.5,39.3,1283,2807,3587,3828,13398,16329,15301,4669,34689,2810
1773203007,2,7961568.5,8003515.5,814172.8,753511.1,139893.7,138491.8,89623.6,130690.6,94363.3,389.2,24.7,31.1,524,19.5,39.2,1283,2808,3587,3828,13399,16328,15300,4670,34695,2810
1773203306,2,7978376.0,8023315.5,815447.6,754928.3,140298.0,138823.7,89677.0,130781.4,94364.6,390.6,24.7,31.0,524,19.5,39.2,1283,2808,3587,3828,13398,16334,15301,4670,34696,2810
1773203606,2,8001684.5,8059364.0,818217.3,756628.4,140489.8,139081.2,89856.5,131028.8,94368.4,403.2,24.7,31.1,532,19.5,39.3,1282,2802,3587,3827,13393,16328,15298,4669,34685,2810
1773203907,2,8050720.0,8096116.5,819639.5,759152.7,141090.7,139359.4,89917.2,131352.7,94379.3,377.0,24.8,30.9,512,19.4,39.4,1282,2807,3587,3828,13398,16334,15299,4670,34690,2810
1773204207,2,8072997.5,8083402.0,821342.2,759827.3,141315.1,139691.1,90010.2,131102.7,94379.1,359.7,24.8,30.9,508,19.5,39.3,1283,2808,3588,3828,13396,16335,15301,4670,34698,2810
1773204506,2,8047329.5,8080990.5,818585.4,761020.5,141099.7,139574.1,90035.7,131192.6,94373.3,351.9,24.7,31.1,518,19.5,39.3,1282,2798,3587,3826,13395,16326,15295,4667,34682,2809
1773204806,2,8037486.5,8060242.5,819168.2,759650.2,141389.9,140027.0,90325.0,131567.8,94378.7,368.6,24.5,31.4,504,19.4,39.6,1282,2797,3586,3826,13394,16327,15296,4668,34674,2809
1773205106,2,8037781.5,8058250.5,817611.7,758373.5,141682.9,140327.2,90424.6,131984.7,94386.3,355.2,24.5,31.4,523,19.4,39.6,1281,2796,3585,3827,13392,16326,15293,4668,34674,2810
1773205407,2,8015599.5,8073048.0,818819.5,756423.1,141756.7,140086.5,90785.9,132185.2,94390.9,348.5,24.5,31.4,538,19.4,39.6,1281,2798,3585,3826,13392,16332,15295,4667,34675,2809
1773205705,2,7911734.0,7927194.0,806725.3,745625.2,139919.8,138093.3,89551.1,129886.7,94399.3,349.7,24.6,31.2,533,19.5,39.5,1281,2799,3584,3824,13386,16322,15286,4666,34679,2812
1773206006,2,7778866.0,7801235.5,799514.8,735604.8,139307.0,137592.5,89690.6,130476.5,94397.5,347.6,24.5,31.4,521,19.5,39.4,1281,2803,3584,3824,13384,16325,15284,4665,34682,2811
1773206306,2,7796158.5,7815594.5,799566.3,742629.2,139751.9,138049.3,90014.8,130817.3,94402.3,368.1,24.5,31.4,499,19.5,39.4,1300,2832,3608,3954,13471,16586,15807,4699,35302,2841
1773206607,2,7797075.5,7842717.5,802699.6,741366.2,139876.4,138115.2,90025.6,131192.4,94394.8,364.6,24.5,31.4,546,19.5,39.4,1301,2823,3609,3963,13481,16603,15846,4703,35330,2840
1773206906,2,7858968.0,7895183.5,802197.3,746076.6,140434.8,138894.0,90308.8,131949.3,94394.4,367.0,24.5,31.3,502,19.4,39.5,1301,2822,3610,3966,13483,16613,15860,4703,35343,2840
1773207206,2,7897926.5,7920708.0,807358.2,745554.5,141057.8,139492.2,90667.3,131896.2,94397.2,367.3,24.5,31.3,515,19.4,39.5,1301,2818,3610,3966,13484,16613,15865,4704,35340,2839
1773207507,2,7930806.5,7943484.0,808676.0,749841.2,141486.9,139867.5,90875.0,132628.4,94398.0,343.2,24.6,31.1,531,19.4,39.5,1301,2815,3609,3966,13482,16608,15862,4703,35325,2838
1773207806,2,7931966.5,7973692.0,810200.8,753915.6,141771.4,140294.5,91017.4,132717.7,94399.0,361.2,24.6,31.2,511,19.5,39.4,1301,2818,3609,3966,13483,16614,15863,4703,35331,2839
1773208106,2,7907347.5,7943459.5,809511.6,750294.2,141396.6,140062.2,90944.6,132671.9,94396.7,332.4,24.5,31.4,541,19.5,39.5,1299,2833,3629,4112,13493,16792,16012,4711,36748,2859
1773209323,2,4988813.0,4807831.5,475967.6,431062.1,85225.7,85871.9,67543.2,109257.6,102281.6,344.0,21.5,36.7,554,17.9,43.2,1201,2734,3266,3140,11889,14448,15601,4402,36294,3065
1773209621,2,5981170.0,6009678.5,642676.9,600080.6,120728.6,120712.8,80465.0,120686.5,102288.4,258.9,23.1,33.8,508,18.7,41.6,1203,2727,3260,3131,11865,14431,15583,4391,36249,3059
1773209923,2,6854622.5,6869792.0,715428.8,665593.9,130437.9,129992.1,84693.6,125163.8,102292.2,258.6,23.9,32.6,519,19.1,40.6,1204,2727,3261,3131,11862,14429,15585,4392,36258,3058
1773210221,2,7260580.5,7256345.5,746447.8,692484.2,134231.9,133406.8,86754.5,127721.6,102291.3,260.9,24.0,32.2,525,19.4,40.0,1205,2731,3264,3137,11874,14452,15585,4395,36307,3061
1773210523,2,7498362.5,7520380.0,768458.6,710320.1,136930.8,135992.0,88172.3,129607.4,102292.1,258.3,24.1,32.0,492,19.4,39.8,1204,2729,3263,3136,11870,14443,15584,4394,36307,3062
1773210821,2,7653942.0,7666292.5,781422.8,724414.0,138892.6,137920.6,89419.6,130699.8,102297.6,257.1,24.1,32.0,506,19.4,39.7,1203,2730,3262,3133,11864,14434,15572,4393,36289,3062
1773211123,2,7755590.5,7789856.5,791619.5,733424.2,140168.0,139277.6,90395.2,132151.2,102298.5,257.2,24.2,31.9,489,19.4,39.7,1204,2732,3262,3134,11865,14437,15575,4394,36301,3063
1773211421,2,7844667.5,7868434.5,801098.8,739191.2,141564.2,140620.6,90987.8,132958.1,102297.8,259.2,24.1,31.9,484,19.4,39.7,1202,2725,3260,3133,11857,14427,15569,4391,36280,3061
1773211723,2,7909713.5,7929704.5,805533.7,747936.3,142202.1,141424.3,91437.6,133718.6,102301.1,246.2,24.2,31.9,492,19.3,39.7,1203,2728,3261,3132,11858,14429,15571,4391,36292,3063
1773212021,2,7964652.5,7973795.5,808662.5,749604.5,143122.7,141894.4,91821.1,134157.7,102306.9,253.9,24.1,32.0,482,19.4,39.5,1203,2729,3261,3132,11859,14427,15569,4392,36289,3062
1773212322,2,8015826.5,8020200.0,814308.2,753163.0,143405.9,142693.8,92518.9,134614.5,102290.0,245.9,24.1,32.0,502,19.4,39.6,1202,2726,3260,3131,11858,14425,15568,4392,36280,3061
1773212621,2,8058518.0,8071024.5,817361.5,758243.5,144011.6,143034.0,92538.1,135265.2,102304.2,251.8,24.1,31.9,468,19.4,39.6,1202,2724,3259,3131,11855,14422,15567,4390,36274,3060
1773212922,2,8075855.5,8096648.5,820308.2,758384.5,144505.0,143402.6,92794.7,135564.2,102296.2,240.5,24.2,31.8,468,19.5,39.5,1202,2728,3261,3133,11858,14426,15573,4392,36296,3062
1773213221,2,8091360.5,8119021.5,822578.2,763253.5,145204.4,143827.7,93108.3,135626.0,102295.1,256.0,24.2,31.8,493,19.4,39.5,1203,2730,3262,3133,11860,14430,15577,4392,36301,3063
1773213522,2,8144898.5,8173814.5,827156.0,766220.2,145373.6,144510.9,93397.4,136122.2,102308.5,249.5,24.2,31.8,499,19.4,39.6,1202,2727,3261,3132,11856,14423,15571,4391,36283,3061
1773213823,2,8223722.0,8211369.5,832759.6,769331.1,146130.8,144963.2,93499.8,136540.3,102312.9,242.2,24.2,31.8,499,19.4,39.6,1202,2730,3261,3132,11859,14425,15576,4391,36295,3062
1773214122,2,8226682.0,8245378.5,834502.5,771182.8,146470.5,145349.9,93662.0,136846.4,102313.8,245.6,24.1,31.9,470,19.3,39.7,1203,2730,3261,3132,11860,14429,15576,4393,36301,3063
1773214423,2,8221345.5,8234626.0,832758.0,773549.2,146764.5,145728.1,93853.7,137111.6,102328.5,251.1,24.1,31.8,480,19.4,39.7,1202,2724,3260,3131,11852,14420,15568,4389,36280,3061
1773214722,2,8265486.0,8286268.5,839264.1,776974.8,147228.2,146059.6,94004.9,137285.5,102326.5,233.6,24.1,31.9,490,19.3,39.7,1202,2726,3260,3131,11858,14423,15573,4391,36291,3062
1773215020,2,8299945.5,8302478.5,840322.1,776578.3,147194.7,146130.9,94315.6,137354.5,102313.1,247.3,24.2,31.8,488,19.3,39.7,1202,2727,3260,3130,11856,14421,15575,4390,36285,3062
1773215322,2,8305606.5,8321231.5,840257.5,780469.8,147760.1,146665.2,94351.4,137584.8,102300.5,240.7,24.2,31.8,483,19.3,39.6,1202,2726,3260,3131,11854,14419,15570,4391,36287,3061
1773215623,2,8323429.5,8321799.5,841696.2,781293.0,148179.9,146894.5,94475.4,137930.2,102296.0,234.4,24.2,31.8,466,19.4,39.5,1202,2727,3260,3131,11854,14421,15574,4391,36289,3062
1773215922,2,8328902.5,8339339.5,842676.5,780306.7,148182.0,147022.2,94613.0,138320.2,102298.2,222.0,24.2,31.8,451,19.4,39.5,1203,2728,3260,3131,11855,14424,15577,4391,36292,3061
1773216221,2,8367844.0,8374328.0,846376.2,782807.7,148194.4,147187.1,94706.8,138170.7,102305.8,227.2,24.2,31.7,457,19.5,39.4,1202,2726,3259,3130,11851,14420,15572,4390,36286,3061
1773216522,2,8399897.0,8409384.0,847356.0,785588.3,148702.3,147636.3,94916.6,138462.8,102291.8,242.2,24.1,31.9,466,19.4,39.5,1202,2727,3260,3131,11852,14420,15575,4390,36287,3061
1773216820,2,8390323.0,8404146.0,848831.3,787194.8,149476.6,147776.7,94929.5,138624.8,102288.9,245.2,24.2,31.8,476,19.4,39.5,1202,2727,3259,3131,11854,14418,15573,4390,36292,3061
1773217122,2,8440774.0,8437401.0,850304.8,788703.0,149336.0,148390.0,95200.8,139026.1,102288.5,254.1,24.1,31.9,474,19.4,39.5,1202,2725,3259,3130,11851,14416,15571,4390,36286,3062
1773217420,2,8481115.0,8469359.0,852778.8,789905.9,149875.9,148597.1,95380.0,139114.1,102283.2,230.5,24.2,31.8,469,19.4,39.5,1202,2726,3260,3130,11856,14420,15574,4391,36292,3062
1773217722,2,8444647.0,8440627.0,855194.8,792661.2,149943.1,148736.1,95256.7,139553.2,102286.2,240.6,24.2,31.8,459,19.4,39.5,1202,2725,3260,3130,11854,14422,15574,4390,36285,3061
1773218023,2,8497303.0,8473679.0,856598.3,792242.7,150119.7,148980.2,95617.0,139553.9,102294.2,209.7,24.1,31.8,466,19.4,39.6,1203,2727,3261,3132,11856,14423,15580,4391,36290,3062
1773218322,2,8512913.0,8539689.0,858340.5,795290.9,150436.8,149364.5,95746.8,139552.9,102296.9,222.9,24.2,31.8,470,19.3,39.6,1202,2725,3260,3132,11854,14422,15578,4391,36294,3061
1773218623,2,8523717.0,8562280.0,860564.2,795739.9,150809.7,149738.7,95872.2,139902.3,102288.7,233.4,24.2,31.8,452,19.3,39.7,1202,2727,3259,3131,11854,14420,15575,4390,36283,3061
1773218921,2,8557747.0,8560819.0,861315.1,798223.2,151128.4,149656.6,95936.1,139996.3,102270.6,224.6,24.2,31.7,457,19.4,39.6,1203,2727,3260,3131,11854,14423,15576,4391,36291,3062
1773219223,2,8550385.0,8552560.0,862020.0,799829.6,151303.2,150180.3,96189.2,140498.6,102276.2,245.1,24.2,31.7,468,19.4,39.5,1203,2727,3260,3131,11851,14421,15574,4391,36292,3062
1773219521,2,8595869.0,8580268.0,863884.8,801783.2,151207.9,150240.2,96054.4,140430.7,102292.1,232.3,24.1,31.9,462,19.4,39.5,1202,2724,3258,3129,11850,14414,15569,4390,36277,3061
1773219822,2,8605217.0,8612640.0,865192.0,800800.5,151846.5,150342.4,96282.2,140916.0,102301.5,220.6,24.2,31.8,470,19.4,39.6,1203,2730,3260,3131,11852,14421,15577,4391,36296,3063
1773220121,2,8601284.0,8611459.0,867956.8,802272.2,151801.5,150791.4,96421.1,140690.5,102299.6,239.8,24.1,32.0,451,19.4,39.6,1202,2725,3259,3130,11850,14418,15577,4390,36294,3062
1773220422,2,8639273.0,8632476.0,867864.7,804613.8,152491.3,151140.9,96562.5,140927.0,102299.8,208.5,24.2,31.9,437,19.4,39.7,1202,2726,3259,3131,11853,14419,15576,4390,36293,3062
1773220720,2,8647321.0,8656251.0,867530.5,806272.2,152317.1,151211.5,96550.7,141166.7,102297.3,216.5,24.1,32.0,460,19.4,39.6,1203,2728,3260,3130,11854,14420,15576,4391,36300,3063
1773221022,2,8653277.0,8636192.0,870281.1,808617.8,152474.4,151373.1,96600.9,141395.1,102291.2,222.0,24.2,31.9,455,19.3,39.7,1202,2726,3260,3130,11848,14416,15574,4390,36279,3061
1773221321,2,8671463.0,8656369.0,871126.7,807979.2,152928.4,151643.5,96837.4,141271.2,102288.7,241.0,24.2,31.9,437,19.3,39.7,1203,2727,3259,3130,11851,14418,15575,4391,36294,3062
1773221622,2,8655943.0,8656380.0,870684.1,810427.9,152820.3,151505.4,96774.3,141347.1,102286.8,226.1,24.2,31.9,458,19.4,39.6,1202,2725,3259,3129,11847,14415,15569,4389,36278,3060
1773221923,2,8689407.0,8680791.0,873942.9,810190.5,153174.8,151666.0,97001.8,141446.6,102288.7,219.5,24.1,31.9,451,19.4,39.6,1203,2729,3261,3130,11853,14420,15575,4391,36293,3062
1773222222,2,8712041.0,8731433.0,876073.7,812331.0,153193.2,152059.6,97063.6,141645.3,102289.6,221.4,24.1,32.0,451,19.5,39.6,1203,2727,3260,3129,11851,14419,15575,4391,36294,3062
1773222523,2,8720120.0,8703955.0,874166.6,813902.5,153367.5,152089.0,97034.0,141762.8,102284.5,229.3,24.2,31.8,470,19.4,39.7,1202,2724,3259,3128,11848,14412,15572,4389,36285,3061
1773222822,2,8740155.0,8726903.0,878778.4,816259.7,153536.2,152317.5,97230.3,142007.3,102273.5,228.3,24.2,31.9,455,19.4,39.6,1202,2725,3259,3129,11850,14416,15573,4391,36284,3061
1773223123,2,8738001.0,8744249.0,878394.2,814521.8,153959.2,152732.9,97220.1,141991.3,102272.9,229.6,24.1,32.1,461,19.4,39.8,1202,2723,3259,3129,11849,14417,15572,4389,36283,3061
1773223422,2,8735248.0,8741440.0,878422.5,813635.8,154336.1,153096.7,97607.4,142364.6,102272.4,239.3,24.3,31.9,459,19.3,39.8,1202,2729,3259,3130,11851,14416,15575,4391,36294,3062
1773223723,2,8782253.0,8803075.0,882772.1,817302.8,154529.7,153105.9,97447.8,142702.5,102272.4,228.8,24.3,31.8,458,19.4,39.7,1203,2727,3259,3129,11849,14415,15574,4390,36290,3061
1773224022,2,8773640.0,8767542.0,881515.6,819219.6,154411.5,153425.6,97395.3,142592.5,102270.6,221.7,24.2,32.0,449,19.5,39.7,1202,2723,3258,3128,11846,14414,15571,4389,36281,3060
1773224323,2,8808655.0,8803427.0,885552.4,819923.0,154833.3,153544.3,97631.9,142640.5,102268.9,229.1,24.2,32.0,468,19.4,39.7,1203,2725,3259,3128,11846,14415,15571,4390,36281,3061
1773224621,2,8825019.0,8844396.0,883535.5,822158.2,155114.0,153837.5,97782.9,142745.0,102263.3,221.4,24.2,32.0,436,19.4,39.8,1203,2726,3259,3129,11846,14413,15572,4390,36285,3062
1773224923,2,8846337.0,8847447.0,884863.9,819483.1,155098.0,153892.6,97724.6,142967.0,102261.1,219.2,24.3,31.9,455,19.4,39.7,1202,2725,3259,3128,11849,14412,15571,4390,36279,3061
1773225221,2,8900140.0,8883468.0,889837.8,825184.3,155180.4,153981.6,97720.8,143300.4,102256.6,240.5,24.3,31.9,475,19.5,39.7,1203,2725,3259,3129,11846,14416,15576,4390,36289,3061
1773225522,2,8915963.0,8892497.0,891440.1,825430.6,155967.5,154398.2,97957.9,143016.9,102249.4,220.8,24.3,31.9,465,19.4,39.8,1202,2723,3258,3128,11843,14408,15569,4388,36278,3061
1773225821,2,8895729.0,8905376.0,891477.7,827598.8,155994.5,154401.6,98088.4,143151.5,102240.6,235.2,24.1,32.2,450,19.4,39.8,1202,2723,3258,3128,11845,14411,15573,4390,36280,3060
1773226122,2,8903932.0,8918252.0,892586.9,827662.6,155951.2,154604.6,97999.8,143396.8,102235.7,223.8,24.3,31.9,454,19.4,39.8,1202,2724,3258,3128,11844,14410,15569,4388,36275,3060
1773226420,2,8917175.0,8912551.0,892671.1,832995.2,156161.0,154606.6,98298.8,143419.2,102227.8,223.1,24.3,31.9,435,19.4,39.7,1202,2726,3259,3129,11845,14415,15575,4390,36293,3062
1773226722,2,8949299.0,8948476.0,895705.4,830372.3,156434.9,154773.0,98306.0,143610.5,102227.1,210.2,24.2,32.0,448,19.5,39.7,1202,2726,3259,3128,11845,14413,15574,4389,36294,3061
1773227023,2,8950011.0,8963157.0,895894.0,834256.4,156534.5,155307.4,98311.1,143912.6,102216.2,217.5,24.3,31.9,457,19.5,39.6,1203,2729,3259,3129,11848,14418,15580,4391,36299,3062
1773227321,2,8977403.0,8991363.0,901020.5,836797.1,156823.1,155545.3,98491.9,144011.2,102211.2,220.7,24.3,31.9,460,19.5,39.6,1203,2727,3260,3129,11847,14416,15578,4390,36302,3062
1773227623,2,8998591.0,9008320.0,899546.3,835124.3,157047.8,155459.3,98496.0,144017.9,102193.8,207.3,24.3,32.0,447,19.6,39.6,1202,2727,3259,3128,11843,14409,15575,4389,36290,3061
1773227921,2,9009300.0,9002880.0,900725.8,841321.3,157736.9,156023.8,98746.9,144111.8,102190.5,221.4,24.3,31.9,465,19.5,39.7,1202,2726,3259,3128,11845,14411,15573,4390,36293,3061
1773228222,2,9019525.0,9012608.0,901665.8,838888.8,157621.2,156168.7,98713.7,144161.1,102189.1,217.0,24.3,31.9,436,19.5,39.7,1203,2728,3260,3129,11847,14415,15577,4390,36304,3062
1773228521,2,9051867.0,9050302.0,905264.8,841550.2,157783.4,156513.5,98763.8,144436.4,102188.9,215.9,24.1,32.1,446,19.5,39.7,1202,2724,3259,3128,11845,14411,15573,4389,36285,3062
1773228822,2,9045855.0,9047468.0,906386.6,842015.3,158257.0,156704.2,98843.0,144713.3,102173.8,211.8,24.3,31.9,444,19.4,39.8,1203,2729,3259,3128,11846,14415,15572,4390,36294,3062
1773229123,2,9080511.0,9083568.0,906081.6,844772.2,158227.9,156761.9,99175.4,144842.6,102181.6,211.6,24.2,32.1,431,19.6,39.6,1202,2722,3259,3127,11842,14408,15568,4389,36276,3061
1773229421,2,9103629.0,9097253.0,910715.2,843531.2,158513.3,156866.2,99260.1,144770.2,102171.8,218.1,24.3,32.0,444,19.6,39.6,1202,2724,3258,3126,11843,14406,15570,4389,36281,3061
1773229723,2,9116468.0,9107203.0,912169.2,849106.2,158500.8,157045.7,99397.7,145158.8,102173.6,218.1,24.3,32.0,454,19.5,39.7,1203,2728,3259,3128,11844,14412,15573,4389,36298,3062
1773230021,2,9160793.0,9144833.0,913727.2,849648.0,159471.5,157761.2,99239.6,144825.1,102172.9,223.0,24.2,32.1,439,19.4,39.8,1202,2721,3257,3125,11840,14401,15561,4388,36261,3059
1773230322,2,9151001.0,9160152.0,914811.8,848296.8,159365.1,157829.5,99256.9,145195.7,102172.7,207.7,24.3,31.9,444,19.4,39.8,1202,2723,3258,3126,11841,14406,15566,4389,36271,3060
1773230621,2,9160752.0,9163947.0,917015.0,854137.5,159402.6,157712.9,99355.9,145394.0,102163.1,209.7,24.3,31.9,439,19.5,39.7,1203,2725,3260,3127,11846,14413,15569,4391,36283,3061
1773230922,2,9198814.0,9191636.0,914997.2,854858.1,159844.9,158177.7,99526.1,145406.9,102148.9,210.3,24.3,32.0,458,19.5,39.7,1203,2723,3259,3128,11846,14413,15577,4391,36291,3061
1773231220,2,9204641.0,9219488.0,919851.8,856911.5,159795.9,158247.7,99646.2,145659.5,102145.4,216.1,24.3,31.9,447,19.5,39.7,1203,2725,3259,3128,11845,14411,15578,4390,36292,3062
1773231522,2,9238201.0,9249487.0,921141.2,857327.7,160224.2,158726.9,99686.7,145610.8,102146.5,205.2,24.3,32.0,426,19.5,39.8,1202,2724,3258,3127,11844,14413,15578,4390,36299,3061
1773231823,2,9229875.0,9233181.0,924927.8,859752.8,160414.6,158716.1,99908.1,145965.5,102150.4,216.6,24.2,32.1,459,19.6,39.7,1202,2724,3259,3128,11845,14412,15580,4390,36298,3061
1773232121,2,9286443.0,9296765.0,926336.7,858156.6,160686.2,159153.1,99861.8,146000.5,102149.9,205.4,24.3,32.1,433,19.5,39.8,1203,2723,3259,3128,11844,14411,15579,4389,36297,3061
1773232423,2,9288475.0,9278796.0,926967.2,862015.8,160895.7,159305.2,100024.8,145890.2,102157.7,203.9,24.1,32.2,427,19.5,39.8,1202,2722,3258,3128,11842,14410,15580,4388,36292,3060
1773232721,2,9395085.0,9378929.0,930245.4,865534.4,161050.1,159084.0,99783.4,145882.6,102146.9,205.6,24.3,32.0,412,19.6,39.7,1203,2730,3260,3130,11845,14418,15586,4391,36310,3062
1773233022,2,9529008.0,9530253.0,942055.8,876201.2,161486.1,159117.7,99633.8,145601.6,102143.4,216.9,24.6,31.7,418,19.6,39.8,1204,2739,3263,3131,11854,14426,15594,4393,36336,3064
1773233321,2,9428811.0,9446883.0,938852.2,873191.8,161029.6,158751.9,99544.7,145537.9,102133.0,206.5,24.6,31.7,440,19.7,39.5,1205,2743,3263,3131,11852,14426,15593,4394,36334,3064
1773233622,2,9437000.0,9431607.0,938774.3,870887.7,161257.8,159238.2,99531.6,145247.8,102134.7,196.5,24.6,31.8,403,19.7,39.7,1205,2737,3262,3131,11851,14424,15593,4394,36327,3064
1773233923,2,9400164.0,9400299.0,934552.2,871732.8,161189.9,159097.8,99581.1,145723.7,102128.7,212.4,24.4,32.1,447,19.7,39.7,1205,2738,3263,3131,11852,14425,15591,4393,36337,3064
1773234222,2,9400781.0,9393824.0,932295.6,871017.8,161674.6,159435.7,99786.2,145510.7,102131.6,207.9,24.4,32.1,415,19.5,40.0,1203,2730,3260,3128,11846,14415,15579,4391,36299,3061
1773234523,2,9420659.0,9412244.0,934339.2,872563.0,161754.6,159827.0,99808.9,145651.1,102131.3,189.9,24.3,32.3,405,19.6,40.0,1203,2730,3259,3128,11844,14413,15582,4391,36307,3062
1773234822,2,9404995.0,9384713.0,938763.2,871295.7,162059.3,159867.9,99811.5,145883.0,102132.6,203.7,24.5,32.1,423,19.6,40.0,1204,2740,3262,3130,11850,14421,15590,4394,36329,3063
1773235123,2,9444567.0,9454367.0,939762.4,877414.9,162143.0,160215.5,99861.4,146221.9,102139.8,222.7,24.5,32.0,416,19.6,40.1,1205,2743,3262,3129,11850,14422,15588,4393,36338,3065
1773235422,2,9461945.0,9461260.0,943373.4,875869.3,162380.6,160324.0,100037.7,145857.4,102137.2,206.7,24.5,32.1,440,19.6,40.0,1204,2740,3262,3130,11850,14419,15583,4393,36331,3064
1773235723,2,9464363.0,9448923.0,942984.1,876390.4,162350.5,160126.9,99971.5,146129.0,102128.8,218.0,24.5,32.0,426,19.6,40.1,1204,2740,3261,3129,11849,14419,15584,4394,36324,3063
1773236021,2,9508437.0,9514500.0,944009.9,881560.9,162731.0,160469.8,99728.1,145992.7,102120.8,211.1,24.5,32.1,405,19.7,40.0,1205,2743,3262,3129,11847,14416,15584,4393,36326,3063
1773236323,2,9501314.0,9493216.0,944402.1,878949.4,162593.9,160466.6,100074.8,145960.6,102115.5,206.5,24.5,32.2,429,19.6,40.1,1205,2742,3263,3130,11851,14420,15589,4394,36335,3065
1773236621,2,9557723.0,9575260.0,952114.8,885463.8,162931.2,160814.1,99891.7,146286.6,102113.9,219.2,24.6,32.1,430,19.5,40.3,1205,2744,3263,3131,11853,14424,15589,4395,36341,3065
1773236923,2,9595335.0,9623879.0,953974.7,885070.6,163359.2,160915.6,99921.7,145978.0,102113.7,211.7,24.6,32.0,419,19.6,40.2,1205,2744,3262,3131,11851,14422,15589,4394,36333,3064
1773237221,2,9602901.0,9616353.0,953703.1,886632.7,163432.9,161022.4,100080.3,146405.2,102116.0,203.2,24.6,32.2,443,19.6,40.3,1205,2740,3261,3127,11847,14416,15575,4393,36310,3063
1773237523,2,9561455.0,9558593.0,947033.2,882074.5,163147.1,160896.1,99925.9,146236.1,102115.2,217.1,24.5,32.3,416,19.7,40.1,1205,2743,3263,3129,11850,14422,15583,4394,36327,3064
1773237821,2,9624968.0,9625191.0,953501.7,890718.8,163434.8,161401.9,100164.4,146100.1,102109.3,200.5,24.6,32.1,421,19.6,40.2,1205,2745,3263,3129,11849,14420,15579,4394,36323,3064
1773238123,2,9769117.0,9768741.0,968376.8,897886.5,164204.9,161875.0,99940.2,146156.8,102113.1,220.6,24.6,32.1,417,19.5,40.5,1205,2746,3263,3128,11850,14420,15578,4394,36321,3065
1773238421,2,9729289.0,9709343.0,962339.5,893853.7,164219.2,161445.3,99871.7,145877.4,102104.0,223.2,24.5,32.3,404,19.6,40.3,1205,2748,3263,3130,11852,14422,15585,4395,36328,3064
1773238722,2,9790283.0,9798531.0,966240.1,896116.8,164699.0,161908.6,99982.4,145908.8,102098.8,213.1,24.6,32.2,434,19.6,40.5,1204,2742,3262,3129,11849,14416,15580,4393,36315,3064
1773239021,2,9780927.0,9824888.0,966095.1,895468.0,165041.4,161841.7,99967.4,146004.0,102097.0,201.4,24.6,32.2,453,19.5,40.6,1204,2741,3262,3128,11849,14418,15580,4394,36320,3064
1773239322,2,9846708.0,9845957.0,965075.5,898258.7,164766.2,161880.7,100016.0,145932.6,102093.9,218.1,24.5,32.4,436,19.6,40.6,1205,2746,3262,3128,11849,14418,15576,4394,36321,3064
1773239621,2,9872388.0,9883245.0,975188.6,905738.9,164940.7,162215.5,99838.2,145964.9,102087.6,220.1,24.6,32.3,420,19.5,40.7,1205,2748,3262,3128,11850,14419,15583,4394,36329,3066
1773239922,2,9859067.0,9850399.0,971996.8,904315.5,165204.8,162258.6,99892.7,145938.7,102076.7,217.0,24.5,32.3,417,19.5,40.7,1204,2741,3262,3127,11846,14413,15575,4393,36314,3064
1773240221,2,9882093.0,9867001.0,970356.7,902511.0,164784.8,162249.6,99771.7,145761.3,102079.2,208.9,24.5,32.4,418,19.6,40.6,1203,2740,3261,3127,11845,14413,15575,4392,36310,3064
1773240522,2,9813856.0,9810721.0,968609.1,900187.8,165113.1,162305.9,100060.8,146031.4,102074.1,208.6,24.6,32.3,437,19.5,40.7,1204,2745,3262,3128,11850,14416,15582,4394,36324,3065
1773240821,2,9965223.0,9945763.0,974234.2,903438.3,165461.0,162725.4,99856.2,145975.6,102067.2,214.0,24.6,32.4,413,19.5,40.8,1205,2746,3263,3128,11851,14418,15577,4394,36323,3066
1773241122,2,9926547.0,9902788.0,977799.8,908445.6,165738.5,163086.7,99972.7,146039.0,102063.6,223.4,24.6,32.4,440,19.6,40.7,1205,2746,3262,3127,11847,14414,15575,4392,36319,3065
1773241421,2,9947424.0,9937400.0,978299.1,910802.4,165636.4,162454.6,99989.2,146020.1,102066.2,219.7,24.6,32.4,418,19.5,40.8,1204,2744,3261,3126,11848,14413,15573,4393,36315,3065
1773241722,2,9925496.0,9934088.0,977463.7,906792.8,165460.2,162918.5,99898.5,145833.2,102060.1,204.2,24.5,32.5,447,19.5,40.8,1204,2744,3261,3126,11846,14412,15571,4392,36319,3064
1773242021,2,9950073.0,9957797.0,983173.2,910276.7,166062.9,163076.1,100010.2,145779.3,102058.0,207.0,24.6,32.5,444,19.5,40.9,1204,2745,3263,3128,11850,14417,15578,4393,36319,3065
1773242322,2,10005148.0,10035576.0,982694.4,911288.3,166023.1,163113.9,100051.0,145912.9,102048.3,203.1,24.6,32.4,396,19.6,40.8,1204,2746,3262,3126,11845,14413,15574,4392,36322,3066
1773242621,2,10004427.0,9998725.0,984741.0,915098.0,166854.5,163211.6,99858.3,145720.8,102034.7,211.8,24.6,32.5,453,19.6,40.9,1205,2751,3263,3128,11849,14418,15579,4393,36327,3066
1773242922,2,10004013.0,10007096.0,984978.3,915173.5,166367.4,162977.4,100122.1,146051.0,102027.7,196.4,24.6,32.6,425,19.6,40.8,1204,2744,3261,3127,11847,14414,15576,4393,36319,3065
1773243223,2,10047191.0,10050979.0,988397.0,920286.8,167013.4,163417.0,100003.6,146077.2,102025.0,196.2,24.6,32.5,410,19.6,40.9,1204,2745,3262,3126,11847,14412,15573,4393,36317,3065
1773243522,2,10118483.0,10119657.0,990395.0,921915.8,167235.5,163496.0,99946.3,146022.4,102024.3,212.7,24.5,32.6,414,19.6,40.8,1204,2746,3263,3127,11847,14413,15577,4393,36322,3064
1773243823,2,10173888.0,10167199.0,994351.2,924809.9,167517.3,163786.5,100016.6,145803.0,102031.2,189.2,24.6,32.5,411,19.6,40.9,1204,2744,3262,3127,11849,14416,15582,4393,36329,3065
1773244122,2,10022361.0,10010991.0,988467.4,916534.5,166391.8,163523.6,99884.8,145830.0,102030.6,205.6,24.6,32.5,438,19.6,40.8,1204,2744,3262,3127,11846,14416,15577,4393,36322,3064
1773244423,2,10192295.0,10201393.0,998256.2,925171.1,167735.8,163768.4,99977.9,146045.5,102025.9,205.3,24.6,32.6,421,19.6,40.9,1205,2746,3262,3127,11846,14416,15578,4393,36318,3065
1773244722,2,10103095.0,10122779.0,995092.8,923711.2,167480.0,163703.4,99941.9,146144.4,102038.6,208.4,24.6,32.7,430,19.7,40.8,1204,2747,3263,3127,11848,14418,15579,4393,36322,3064
1773245023,2,10227539.0,10236145.0,1002696.3,930299.6,168099.6,164255.9,99866.5,145757.8,102032.9,203.3,24.7,32.5,389,19.6,40.9,1205,2744,3262,3127,11847,14417,15580,4393,36320,3064
1773245322,2,10299827.0,10301295.0,1003502.9,934026.0,168227.7,164396.9,99795.0,146042.9,102045.7,193.0,24.7,32.6,432,19.5,41.2,1204,2744,3262,3126,11846,14413,15573,4393,36316,3064
1773245623,2,10190235.0,10149148.0,997778.4,926989.7,168116.6,164215.3,99880.6,146023.4,102054.0,202.4,24.6,32.7,428,19.6,41.1,1205,2747,3263,3128,11849,14417,15578,4394,36325,3065
1773245921,2,10162068.0,10159259.0,994693.7,923235.6,167819.8,164296.0,99924.6,145776.5,102059.0,207.6,24.6,32.7,456,19.6,41.2,1205,2748,3262,3127,11848,14417,15576,4393,36323,3065
1773246223,2,10213185.0,10164377.0,995563.3,928530.8,168477.2,164614.5,100129.2,145974.9,102050.2,217.4,24.6,32.7,435,19.5,41.3,1205,2746,3262,3127,11848,14415,15577,4392,36326,3065
1773246521,2,10143389.0,10126857.0,992813.8,926099.2,167920.4,164217.0,100092.1,146093.2,102048.4,217.7,24.6,32.9,424,19.5,41.3,1204,2744,3261,3126,11845,14410,15572,4393,36312,3065
1773246823,2,10237709.0,10264255.0,1004178.1,932846.8,168847.7,165121.2,100354.1,146165.4,102040.5,220.3,24.6,32.8,434,19.5,41.4,1205,2745,3262,3127,11847,14414,15576,4392,36321,3065
1773247121,2,10127045.0,10104119.0,994294.8,923432.8,167794.1,164196.4,99928.8,145802.4,102041.5,230.8,24.6,33.2,460,19.7,41.3,1205,2746,3263,3128,11849,14421,15583,4394,36338,3065
1773247423,2,9866369.0,9848867.0,970167.0,903929.7,164879.6,161632.7,98974.5,144576.6,102043.6,244.9,24.7,33.2,499,19.7,41.6,1205,2745,3263,3128,11848,14415,15579,4393,36324,3066
1773247721,2,10077299.0,10090189.0,991612.1,919445.6,166671.3,162948.0,99112.6,145075.4,102045.6,225.8,24.7,33.0,482,19.5,41.7,1204,2747,3262,3126,11844,14412,15572,4392,36316,3065
1773248022,2,10166671.0,10162661.0,998224.8,926277.9,168082.9,163536.1,99578.5,145510.9,102044.6,242.1,24.7,32.9,444,19.5,41.8,1204,2744,3261,3125,11842,14409,15572,4391,36311,3065
1773248321,2,10312991.0,10299216.0,1002515.7,930568.2,168939.8,164386.2,99653.3,145480.3,102045.2,226.1,24.5,33.1,457,19.4,41.9,1204,2747,3261,3126,11845,14411,15572,4392,36320,3066
1773248622,2,10255984.0,10221481.0,997566.8,926482.0,168206.7,164491.1,99652.6,145381.5,102047.9,244.0,24.6,33.1,482,19.5,41.8,1204,2747,3261,3126,11844,14412,15577,4392,36323,3065
1773248923,2,10193189.0,10182823.0,997051.7,925775.2,167884.6,164053.2,99588.5,145386.8,102056.0,249.3,24.7,33.0,478,19.5,41.9,1203,2744,3260,3126,11844,14406,15573,4392,36319,3065
1773249222,2,10237347.0,10205201.0,998443.7,929886.7,168518.7,164210.1,99611.7,145607.2,102056.4,237.7,24.6,33.2,496,19.5,41.9,1204,2749,3262,3127,11848,14413,15580,4393,36334,3066
1773249523,2,10081540.0,10086671.0,993079.0,923356.6,167556.9,164001.8,99653.5,145164.2,102050.9,254.9,24.7,33.2,470,19.5,41.9,1203,2744,3261,3126,11844,14409,15576,4391,36322,3066
1773249821,2,10180448.0,10197321.0,998224.2,922799.6,168024.0,164034.6,99421.6,145280.8,102059.0,253.6,24.6,33.3,519,19.5,42.1,1203,2741,3260,3127,11845,14408,15574,4392,36316,3065
1773250123,2,10076688.0,10087172.0,987535.2,917384.8,167083.3,163404.8,99409.1,145219.9,102052.1,262.8,24.5,33.6,518,19.6,42.0,1205,2744,3261,3127,11844,14414,15579,4393,36325,3065
1773250421,2,10148737.0,10130299.0,997181.6,926217.9,167674.1,163793.1,99300.2,145187.9,102051.8,242.1,24.6,33.4,520,19.5,42.1,1204,2743,3262,3127,11843,14410,15577,4392,36319,3064
1773250723,2,10108541.0,10108091.0,989887.6,919252.9,167099.3,163526.8,99263.7,145109.9,102059.8,282.6,24.5,33.6,504,19.5,42.2,1205,2746,3262,3127,11847,14415,15580,4394,36329,3065
1773251021,2,10076835.0,10066113.0,991820.3,919391.6,167289.9,163410.1,99142.2,144945.8,102053.2,267.4,24.6,33.6,514,19.5,42.3,1204,2744,3262,3127,11844,14411,15581,4393,36329,3065
1773251323,2,10022640.0,9974063.0,985414.0,916486.7,166767.5,162570.8,98980.1,144503.9,102051.4,297.3,24.6,33.9,544,19.6,42.5,1205,2748,3262,3130,11850,14419,15598,4394,36360,3066
1773251621,2,9808681.0,9797946.0,969155.2,901149.9,164099.5,160584.8,98084.8,143962.1,102053.6,307.4,24.7,34.0,557,19.7,42.7,1204,2743,3261,3126,11840,14409,15579,4391,36328,3064
1773251923,2,9608750.0,9619083.0,955339.9,892240.6,162812.6,159782.4,97876.2,143394.8,102056.6,295.6,24.6,34.2,553,19.7,42.7,1204,2744,3262,3127,11844,14413,15582,4392,36333,3065
1773252222,2,9648631.0,9620569.0,957558.9,889645.2,163044.1,159665.2,97512.6,143446.6,102051.8,294.6,24.7,34.2,542,19.7,42.7,1204,2746,3261,3127,11842,14409,15579,4392,36326,3065
1773252523,2,9623725.0,9617251.0,957266.4,890961.3,163173.8,159745.1,97771.9,143435.8,102047.1,280.5,24.7,34.1,545,19.7,42.8,1204,2747,3261,3126,11844,14410,15577,4392,36330,3065
1773252822,2,9669372.0,9688451.0,963877.0,893578.1,163541.8,160286.8,97999.4,143416.6,102044.0,264.1,24.6,34.1,552,19.7,42.8,1204,2744,3260,3125,11842,14407,15575,4391,36322,3064
1773253120,2,9683536.0,9667315.0,962657.3,894062.5,163853.1,160604.4,97907.9,143420.8,102036.5,283.2,24.7,34.1,535,19.6,43.0,1204,2746,3261,3126,11843,14411,15580,4392,36330,3065
1773253422,2,9691100.0,9680033.0,963846.2,893859.2,163805.1,161007.0,97924.1,143631.4,102030.8,274.8,24.7,34.2,542,19.7,42.9,1204,2748,3262,3126,11840,14410,15573,4391,36325,3065
1773253721,2,9628695.0,9623920.0,960875.0,892599.2,163647.4,160031.5,97893.4,142545.7,102034.4,276.7,24.7,34.1,509,19.7,42.8,1203,2740,3259,3122,11833,14399,15557,4389,36292,3063
1773254023,2,9408861.0,9383169.0,941929.4,875966.0,161940.1,158647.7,97090.5,141358.3,102035.6,290.1,24.4,34.5,523,19.8,42.6,1202,2750,3259,3116,11830,14384,15529,4389,36289,3069
1773254321,2,9185015.0,9183019.0,925931.1,865277.7,161054.4,158130.0,97441.4,142075.3,102027.1,268.6,24.5,34.3,497,19.7,42.7,1201,2745,3259,3119,11831,14384,15547,4388,36297,3065
1773254623,2,9419672.0,9395404.0,940931.2,878579.7,162533.6,159605.5,97829.6,142563.5,102023.1,272.5,24.6,34.2,509,19.6,42.9,1203,2746,3260,3124,11838,14398,15573,4391,36328,3066
1773254921,2,9442447.0,9414317.0,943457.3,881653.3,163383.9,160032.7,98397.4,143374.5,102029.2,272.8,24.6,34.3,518,19.6,43.0,1203,2742,3260,3125,11837,14401,15574,4390,36314,3064
1773255223,2,9532501.0,9525739.0,951024.4,884656.3,163841.7,160802.2,98451.5,143475.1,102021.0,268.2,24.5,34.5,519,19.6,43.1,1203,2737,3259,3125,11837,14400,15574,4390,36306,3063
1773255522,2,9635590.0,9610505.0,954465.3,894536.9,164821.9,161310.8,98753.9,143889.0,102020.6,270.1,24.6,34.3,524,19.5,43.3,1203,2738,3259,3126,11838,14405,15577,4391,36313,3063
1773255823,2,9578309.0,9550696.0,955558.9,889548.9,164833.2,161992.7,98759.6,143874.7,102018.6,288.7,24.4,34.6,532,19.6,43.3,1203,2736,3260,3125,11840,14406,15579,4390,36323,3064
1773256121,2,9627927.0,9629623.0,957512.3,894023.1,165243.6,162068.6,98870.9,144379.4,102009.9,274.2,24.5,34.6,529,19.5,43.4,1203,2739,3260,3126,11840,14406,15582,4392,36331,3065
1773256423,2,9553948.0,9547876.0,954273.3,892302.8,165001.5,161830.2,99173.2,144430.6,102008.8,296.1,24.4,34.7,509,19.5,43.5,1204,2738,3260,3126,11839,14406,15578,4391,36321,3063
1773256721,2,9521021.0,9504580.0,954769.8,889383.2,164747.6,161612.7,98546.8,144092.5,102009.2,279.4,24.5,34.8,547,19.8,43.3,1205,2743,3260,3123,11830,14397,15597,4391,36341,3066
1773257023,2,9488509.0,9517549.0,948132.2,885672.4,163968.6,160999.1,98684.8,143965.0,102014.9,287.8,24.6,34.7,506,19.7,43.3,1204,2740,3259,3122,11826,14393,15587,4391,36318,3064
1773257321,2,9548733.0,9559969.0,957566.7,893141.0,164472.8,161516.6,98642.7,143897.4,102006.6,295.4,24.6,34.6,553,19.6,43.5,1204,2742,3259,3122,11830,14397,15588,4391,36320,3064
1773257623,2,9555443.0,9563152.0,953530.3,895066.9,164610.1,161869.5,98606.7,144215.0,102015.8,279.9,24.6,34.7,559,19.6,43.6,1204,2740,3259,3122,11828,14394,15587,4391,36318,3064
1773257921,2,9538601.0,9550081.0,956986.0,889282.3,164811.0,161728.1,98702.8,143941.6,102010.3,308.0,24.7,34.6,560,19.5,43.8,1204,2742,3259,3123,11830,14396,15592,4391,36326,3065
1773258223,2,9524087.0,9487951.0,948991.2,886711.3,164582.5,161357.7,98760.5,144373.0,102031.1,282.5,24.5,34.9,560,19.7,43.7,1203,2733,3258,3121,11823,14389,15582,4389,36298,3063
1773258521,2,9529070.0,9512825.0,951330.1,887205.4,164450.2,161416.0,98664.6,144219.8,102039.9,302.5,24.6,34.9,548,19.7,43.6,1203,2741,3259,3121,11827,14391,15586,4390,36315,3064
1773258823,2,9482757.0,9474625.0,950511.8,890955.8,164631.5,161723.6,98749.6,144235.2,102038.9,296.5,24.7,34.9,559,19.7,43.8,1204,2742,3259,3122,11830,14397,15590,4392,36327,3065
1773259121,2,9540349.0,9521701.0,953961.2,889103.0,164629.4,161944.9,98696.6,144338.9,102049.5,303.7,24.6,34.8,537,19.7,43.7,1204,2737,3258,3122,11826,14392,15589,4390,36317,3064
1773259423,2,9651771.0,9653997.0,957282.9,895047.8,165651.1,162159.4,98467.8,144144.2,102043.7,301.6,24.7,35.0,562,19.7,43.9,1203,2739,3258,3123,11826,14393,15591,4391,36325,3064
1773259721,2,9512356.0,9526011.0,951683.2,891371.2,164767.3,161457.8,98334.7,144081.0,102038.7,315.0,24.6,35.1,563,19.8,43.8,1204,2739,3259,3122,11828,14393,15592,4391,36330,3064
1773260023,2,9589260.0,9581918.0,955724.6,892519.3,164308.7,161196.1,98197.7,143699.6,102048.9,299.7,24.6,35.3,577,19.6,44.3,1203,2737,3259,3122,11827,14393,15590,4391,36319,3064
1773260321,2,9471483.0,9444702.0,947156.5,884405.5,163887.3,160557.9,97925.7,143268.1,102056.2,322.0,24.6,35.4,618,19.8,44.1,1203,2734,3258,3122,11826,14393,15589,4390,36314,3063
1773260623,2,9477880.0,9449173.0,952615.8,887783.5,163743.9,160586.2,97984.8,143244.6,102048.8,326.4,24.7,35.2,594,19.7,44.3,1204,2739,3259,3123,11830,14395,15594,4391,36322,3064
1773260921,2,9441292.0,9443825.0,949200.1,886913.7,164172.6,160586.0,97919.6,143291.7,102046.5,325.7,24.7,35.3,618,19.7,44.3,1203,2739,3259,3121,11826,14391,15589,4390,36320,3065
1773261223,2,9432025.0,9407359.0,946144.3,883720.2,163400.4,160663.7,97864.2,143383.4,102053.0,345.5,24.7,35.4,623,19.8,44.2,1204,2744,3260,3123,11832,14399,15593,4392,36331,3065
1773261521,2,9533744.0,9523035.0,951558.7,889912.2,164144.4,160960.4,98157.6,143532.0,102041.6,340.3,24.6,35.4,601,19.7,44.5,1203,2739,3258,3122,11824,14393,15589,4390,36316,3064
1773261822,2,9513328.0,9471345.0,950628.2,888211.4,164365.7,161212.7,98474.6,144033.6,102041.2,320.4,24.6,35.5,611,19.7,44.5,1204,2742,3259,3122,11830,14396,15591,4392,36328,3066
1773262121,2,9551113.0,9554612.0,952875.1,894027.2,164928.8,161991.4,98385.1,143993.2,102024.3,334.5,24.6,35.6,574,19.6,44.6,1203,2737,3259,3122,11825,14392,15586,4391,36303,3063
1773262422,2,9495646.0,9465779.0,950314.5,886545.8,164597.0,161949.9,98544.1,144467.9,102030.0,330.4,24.7,35.4,618,19.6,44.8,1203,2738,3259,3122,11827,14392,15587,4391,36311,3064
1773262723,2,9533115.0,9538856.0,954146.5,889613.1,164951.5,161698.8,98712.5,143978.5,102024.2,317.2,24.6,35.7,611,19.6,45.1,1204,2740,3260,3121,11828,14394,15589,4393,36325,3066
1773263021,2,9452957.0,9455125.0,947978.2,888100.3,164476.7,161373.8,98464.1,144000.4,102043.8,307.5,24.7,35.6,605,19.6,45.1,1204,2742,3260,3123,11830,14397,15597,4393,36331,3065
1773263323,2,9468568.0,9459435.0,947757.8,887010.7,164597.9,161526.1,98421.2,144040.0,102037.5,316.9,24.6,35.8,614,19.6,45.0,1203,2735,3259,3121,11828,14392,15591,4391,36311,3063
1773263621,2,9536761.0,9524541.0,954563.7,889540.2,164966.2,161857.6,98445.0,143662.8,102039.4,308.8,24.7,35.8,593,19.6,45.2,1203,2739,3259,3122,11828,14394,15593,4391,36329,3065
1773263922,2,9504829.0,9472903.0,948990.0,886431.8,164387.2,161547.2,98116.7,144037.8,102031.8,326.4,24.7,35.7,592,19.6,45.2,1203,2735,3258,3121,11825,14388,15588,4390,36309,3064
1773264221,2,9503772.0,9459901.0,947802.8,886279.9,164787.9,161827.6,98543.6,144255.5,102028.6,336.5,24.5,36.2,590,19.5,45.4,1202,2730,3257,3120,11823,14386,15585,4388,36297,3063
1773264522,2,9382977.0,9343061.0,939949.2,882268.3,164025.2,161518.0,98182.4,144295.4,102033.2,340.5,24.6,36.1,588,19.6,45.3,1204,2741,3259,3122,11826,14393,15594,4392,36331,3064
1773264823,2,9380301.0,9371981.0,943923.8,885233.4,164129.6,161281.0,98517.0,144263.7,102018.7,331.3,24.7,35.8,580,19.6,45.3,1203,2738,3259,3121,11826,14392,15590,4391,36322,3065
1773265122,2,9348927.0,9323864.0,939220.7,879427.2,163636.3,160419.5,97962.6,143073.8,102011.2,326.1,24.6,35.9,612,19.7,45.2,1203,2742,3259,3117,11822,14380,15569,4390,36309,3068
1773265423,2,9182397.0,9170857.0,926288.1,866842.3,162108.6,159079.1,97492.6,142077.9,101987.2,323.2,24.5,36.2,569,19.7,45.3,1202,2738,3258,3118,11822,14379,15575,4388,36310,3065
1773265721,2,9022255.0,8991896.0,912702.7,855600.3,161160.1,158272.8,97104.5,142071.5,101990.1,340.9,24.5,36.3,597,19.7,45.4,1202,2742,3258,3117,11822,14378,15567,4389,36307,3066
1773266023,2,8951147.0,8957157.0,912934.7,855787.3,160795.4,157997.0,97240.0,141722.7,101984.0,341.1,24.5,36.5,617,19.7,45.6,1201,2738,3256,3114,11817,14368,15559,4387,36297,3066
1773266321,2,8947803.0,8919033.0,909109.3,851710.3,160544.8,157720.6,97060.8,142152.1,101972.5,337.6,24.7,36.2,629,19.8,45.4,1203,2744,3258,3122,11826,14389,15593,4391,36337,3065
1773266623,2,8905477.0,8905779.0,910271.6,852202.6,160297.5,157728.1,96880.7,141685.6,101956.8,339.1,24.6,36.4,615,19.8,45.5,1204,2743,3260,3124,11830,14396,15605,4392,36351,3065
1773266921,2,8858181.0,8845376.0,905126.6,849283.9,159923.6,157481.5,96922.8,141971.8,101976.0,352.2,24.7,36.2,621,19.8,45.6,1204,2742,3260,3124,11828,14398,15604,4392,36346,3065
1773267223,2,8799440.0,8788353.0,899648.6,844930.9,159559.1,157146.6,96961.7,141809.8,101962.1,320.0,24.7,36.3,620,19.8,45.6,1205,2745,3261,3125,11833,14401,15609,4394,36357,3065
1773267521,2,8840743.0,8838312.0,901940.7,849419.2,159966.5,157286.7,96955.1,142140.6,101973.0,340.6,24.7,36.3,629,19.8,45.6,1205,2747,3261,3126,11831,14404,15611,4394,36361,3066
1773267822,2,8854020.0,8860283.0,904522.1,850216.8,160369.7,157690.2,97109.2,142048.3,101985.1,342.1,24.7,36.5,619,19.8,45.7,1205,2747,3261,3126,11832,14404,15610,4394,36352,3066
1773268121,2,8883721.0,8851475.0,912345.1,852602.3,160499.4,157999.8,97343.6,142384.9,101973.2,352.4,24.8,36.2,647,19.8,45.8,1205,2744,3260,3124,11830,14402,15607,4394,36353,3066
1773268422,2,8921649.0,8918041.0,911844.8,853333.6,160966.4,158397.7,97286.6,142682.1,101965.2,343.6,24.7,36.5,615,19.6,46.1,1203,2735,3258,3123,11826,14394,15600,4391,36327,3063
1773268720,2,8931774.0,8906605.0,908318.8,854354.2,161070.8,158343.5,97467.4,142383.4,101977.1,360.1,24.7,36.7,632,19.7,46.2,1205,2742,3260,3124,11832,14402,15607,4393,36345,3065
1773269022,2,8893684.0,8880823.0,909983.5,854415.5,160782.7,158575.2,97476.6,142574.3,101963.7,342.4,24.7,36.5,641,19.8,46.0,1204,2742,3260,3125,11830,14400,15606,4393,36345,3065
1773269323,2,8911549.0,8931128.0,907752.0,855960.9,161000.1,158666.0,97492.6,142938.0,101957.5,347.7,24.8,36.4,622,19.9,45.9,1206,2749,3261,3126,11833,14405,15613,4395,36365,3067
1773269622,2,9019097.0,8988407.0,916841.7,862267.0,161506.6,158780.0,97458.7,142985.0,101945.2,338.5,24.8,36.5,623,19.8,46.1,1204,2743,3261,3125,11833,14401,15611,4394,36357,3065
1773269923,2,8990640.0,8973238.0,914394.7,859900.2,161518.7,158933.0,97735.7,142878.8,101941.8,333.8,24.7,36.6,633,19.7,46.3,1205,2742,3261,3127,11834,14403,15614,4393,36356,3066
1773270222,2,8986860.0,8972881.0,916368.8,858863.2,161853.2,159352.5,97682.4,143233.4,101954.6,344.8,24.6,36.9,617,19.8,46.2,1204,2740,3260,3125,11831,14399,15607,4393,36347,3064
1773270523,2,9041025.0,9036353.0,921348.7,863263.4,162645.7,159534.1,97963.7,143624.1,101940.4,354.1,24.6,36.8,617,19.8,46.3,1204,2742,3260,3125,11832,14401,15608,4394,36352,3065
1773270821,2,9055225.0,9057536.0,924339.9,867374.8,162725.4,160005.3,98158.0,143412.0,101913.2,336.7,24.7,36.8,630,19.8,46.3,1204,2745,3261,3125,11831,14401,15608,4394,36361,3067
1773271123,2,9139548.0,9138040.0,933540.8,873944.1,162999.0,160482.8,98137.8,143762.0,101907.2,330.9,24.8,36.6,621,19.7,46.6,1205,2744,3260,3124,11833,14400,15609,4393,36354,3065
1773271421,2,9170656.0,9158965.0,930328.2,873551.4,163568.8,160878.3,98247.9,144071.4,101912.7,338.4,24.6,37.0,621,19.7,46.5,1204,2736,3259,3124,11830,14397,15603,4392,36335,3065
1773271723,2,9141451.0,9137349.0,929299.5,869591.3,163542.5,160803.0,98402.4,144006.6,101903.8,336.4,24.6,37.0,615,19.7,46.6,1204,2737,3260,3125,11832,14400,15609,4393,36343,3065
1773272021,2,9184051.0,9169768.0,933180.6,875226.2,163736.1,161263.2,98432.9,144361.8,101897.9,333.2,24.7,37.0,616,19.8,46.5,1205,2747,3261,3124,11831,14401,15605,4393,36354,3066
1773272322,2,9214345.0,9220749.0,929030.2,877041.2,164038.1,161131.7,98391.6,144127.9,101885.9,339.9,24.6,37.1,627,19.7,46.8,1204,2744,3260,3125,11831,14400,15611,4393,36353,3066
1773272621,2,9213453.0,9192062.0,934533.8,873697.4,164315.0,161148.5,98460.3,144440.5,101885.9,329.1,24.7,37.1,608,19.8,46.7,1204,2736,3260,3124,11829,14396,15607,4392,36342,3064
1773272922,2,9186860.0,9178470.0,927949.8,872774.4,164109.6,161189.5,98562.4,144233.0,101876.4,339.7,24.7,37.2,606,19.8,46.8,1204,2741,3260,3124,11830,14398,15607,4393,36346,3065
1773273221,2,9213617.0,9197715.0,933156.6,876453.5,163954.7,161395.9,98397.6,144212.4,101873.5,329.6,24.7,37.1,605,19.8,46.7,1205,2746,3261,3125,11832,14403,15613,4393,36364,3066
1773273522,2,9214837.0,9204968.0,938825.7,881254.8,164133.0,161287.2,98386.3,144293.3,101874.3,321.1,24.8,36.9,614,19.9,46.6,1205,2747,3262,3125,11832,14403,15611,4394,36369,3066
1773273821,2,9305318.0,9290324.0,941941.2,884356.9,164801.1,161646.7,98424.0,144146.9,101866.4,325.9,24.8,36.9,623,19.8,46.9,1205,2744,3261,3124,11833,14401,15607,4394,36356,3066
1773274122,2,9250476.0,9239948.0,943976.6,886617.6,164500.6,161720.3,98517.4,144645.1,101846.6,307.0,24.8,37.0,607,19.8,46.8,1205,2746,3261,3124,11831,14402,15607,4394,36362,3067
1773274421,2,9373059.0,9324588.0,949066.7,885109.1,164897.8,162154.8,98662.1,144291.5,101844.0,341.3,24.8,37.0,611,19.6,47.2,1204,2738,3260,3124,11828,14397,15599,4392,36335,3064
1773274722,2,9318643.0,9285243.0,945142.8,885295.1,164761.7,162194.9,98478.3,144117.4,101855.0,344.4,24.8,37.2,630,19.8,47.0,1205,2742,3260,3124,11829,14400,15604,4393,36346,3065
1773275021,2,9243191.0,9218727.0,937525.8,882581.2,164293.1,161513.5,98379.9,144283.4,101843.2,329.2,24.8,37.2,626,19.8,47.0,1205,2746,3261,3125,11832,14404,15607,4395,36361,3067
1773275322,2,9261643.0,9252589.0,942137.2,884348.3,164566.6,161871.2,98427.9,143918.5,101844.2,343.8,24.9,37.2,603,19.8,47.1,1205,2743,3261,3123,11829,14399,15603,4393,36351,3066
1773275621,2,9219025.0,9215468.0,938890.9,878390.2,164137.7,161369.7,97945.4,144077.8,101844.5,367.2,24.8,37.3,652,19.8,47.2,1205,2743,3262,3124,11834,14402,15607,4394,36356,3067
1773275922,2,9374936.0,9325036.0,947415.6,887190.5,164626.9,161571.7,98121.9,144326.7,101834.2,355.7,24.9,37.1,642,19.7,47.4,1205,2747,3262,3125,11834,14401,15610,4394,36364,3067
1773276221,2,9342379.0,9318296.0,948511.8,888714.5,164855.4,161977.9,98417.5,144252.1,101830.3,335.7,24.7,37.5,619,19.8,47.3,1205,2746,3261,3125,11835,14404,15611,4395,36363,3068
1773276523,2,9404617.0,9410161.0,952103.7,891126.5,165589.2,162427.2,98395.8,144463.8,101825.1,336.5,24.8,37.4,622,19.7,47.6,1204,2744,3260,3124,11831,14399,15606,4393,36352,3066
1773276821,2,9410980.0,9373323.0,951097.8,892460.8,165563.5,162730.3,98584.3,144674.6,101812.2,339.6,24.8,37.3,620,19.6,47.7,1204,2745,3260,3123,11828,14397,15604,4393,36354,3067
1773277123,2,9460981.0,9455847.0,956314.8,895384.1,166181.6,163167.6,98996.8,144958.8,101788.8,349.4,24.8,37.4,642,19.6,47.7,1205,2746,3261,3124,11831,14400,15607,4394,36363,3068
1773277421,2,9444061.0,9438571.0,958798.4,897750.8,166656.1,163419.7,98754.7,144638.2,101791.0,325.7,24.7,37.5,585,19.7,47.6,1206,2750,3262,3124,11835,14406,15613,4396,36371,3069
1773277723,2,9495913.0,9469947.0,960139.8,899609.6,166702.5,163634.4,98981.8,145095.7,101800.5,326.1,24.7,37.4,619,19.6,47.8,1204,2739,3259,3123,11830,14395,15604,4392,36344,3066
1773278021,2,9560881.0,9531864.0,964126.3,903308.8,167023.2,164006.5,98985.6,145015.5,101798.0,314.6,24.8,37.5,581,19.6,47.9,1204,2743,3260,3123,11829,14397,15609,4393,36358,3068
1773278322,2,9419185.0,9394291.0,954021.3,893252.6,166094.0,162989.8,98809.2,144707.9,101794.1,308.5,24.9,37.4,587,19.7,47.7,1204,2742,3260,3123,11827,14393,15602,4392,36349,3067
1773278621,2,9571431.0,9543417.0,964111.3,901623.2,167024.8,164336.2,99057.9,145432.8,101804.5,318.3,24.8,37.4,555,19.6,47.8,1204,2746,3261,3124,11831,14397,15607,4393,36357,3067
1773278922,2,9662987.0,9631972.0,970250.8,908639.4,168294.4,164562.0,99388.1,145523.6,101792.6,301.1,24.7,37.4,577,19.6,47.9,1205,2749,3260,3124,11830,14396,15608,4394,36366,3068
1773279221,2,9539557.0,9549327.0,966327.8,905676.9,168284.6,164525.1,99424.4,145748.7,101796.4,289.0,24.8,37.4,547,19.6,47.8,1205,2746,3260,3124,11831,14399,15610,4393,36364,3067
1773279522,2,9609465.0,9587943.0,969837.2,908965.8,168886.5,164989.2,99575.3,145716.8,101788.6,298.8,24.8,37.5,557,19.7,47.8,1205,2750,3261,3124,11834,14402,15609,4394,36368,3068
1773279823,2,9693441.0,9683916.0,975039.3,915338.8,169478.0,165399.9,99682.9,145922.6,101790.5,289.5,24.8,37.5,553,19.6,47.9,1204,2738,3260,3124,11830,14396,15611,4392,36351,3066
1773280122,2,9637880.0,9632161.0,971874.1,912813.0,169099.9,165468.8,99718.1,146218.4,101788.0,296.2,24.7,37.5,544,19.6,47.9,1205,2746,3261,3124,11832,14396,15605,4394,36362,3068
1773280423,2,9732413.0,9703545.0,979590.9,916853.2,169918.1,166152.5,99857.3,146289.3,101798.2,277.1,24.8,37.5,536,19.6,47.9,1204,2746,3260,3123,11828,14394,15605,4393,36349,3067
1773280722,2,9807319.0,9770405.0,984343.5,924514.1,170422.4,166672.7,100212.9,146580.3,101790.5,281.7,24.8,37.5,548,19.5,48.1,1204,2746,3261,3124,11832,14398,15608,4393,36361,3067
1773281023,2,9777557.0,9766975.0,981785.5,919478.5,170588.9,166560.6,100180.2,146716.9,101792.7,272.8,24.8,37.5,504,19.6,48.0,1203,2742,3259,3122,11828,14391,15601,4392,36343,3066
1773281321,2,9847032.0,9835887.0,990595.1,927581.2,170737.7,167007.8,100424.4,146848.2,101794.5,285.1,24.8,37.5,532,19.6,48.0,1203,2741,3259,3122,11827,14391,15601,4392,36348,3066
1773281623,2,9849653.0,9811651.0,985483.1,925522.7,170623.8,167115.4,100313.6,146937.6,101793.9,277.4,24.8,37.4,508,19.6,48.0,1203,2740,3259,3122,11827,14389,15603,4392,36335,3066
1773281921,2,9828719.0,9830865.0,988268.0,926854.2,170841.5,166947.0,100213.6,146757.1,101788.1,301.5,24.7,37.7,543,19.6,48.0,1204,2742,3259,3122,11826,14393,15602,4392,36346,3067
1773282223,2,9882877.0,9840395.0,989968.5,927939.2,171009.8,167502.2,100204.8,146927.2,101797.5,281.9,24.8,37.8,517,19.6,48.3,1205,2749,3261,3124,11830,14402,15610,4394,36363,3068
1773282521,2,10000679.0,9938043.0,994466.4,932324.2,171193.3,167373.4,99878.0,146271.7,101801.5,281.8,24.8,37.5,535,19.7,48.2,1204,2748,3260,3123,11830,14395,15608,4393,36358,3068
1773282823,2,9942399.0,9886077.0,988101.7,926636.1,170844.2,166747.4,99738.9,146183.2,101818.0,275.5,24.8,37.8,534,19.6,48.3,1204,2741,3259,3123,11829,14393,15604,4392,36343,3066
1773283121,2,9981708.0,9973948.0,996948.2,930521.9,171187.5,167072.7,99861.9,146115.4,101809.1,276.1,24.8,37.7,524,19.7,48.2,1203,2742,3258,3122,11826,14391,15602,4391,36346,3066
1773283423,2,9893005.0,9868956.0,989706.5,928378.7,170854.4,166647.9,99925.2,146488.0,101807.4,264.9,24.8,37.8,536,19.7,48.1,1203,2742,3259,3123,11825,14391,15603,4392,36343,3065
1773283721,2,9986889.0,9967416.0,998277.9,935977.2,172360.3,167630.2,99995.1,146829.5,101793.2,271.9,24.8,37.7,519,19.6,48.3,1204,2746,3260,3123,11828,14396,15607,4393,36358,3067
1773284023,2,9976135.0,9927260.0,992951.4,933372.8,171878.6,167544.4,100188.1,146634.8,101777.9,260.6,24.8,37.8,539,19.7,48.2,1204,2744,3259,3123,11826,14395,15607,4393,36349,3067
1773284321,2,9987105.0,9952559.0,996962.2,933103.0,172125.5,167631.7,100239.5,147015.5,101781.1,273.0,24.8,37.7,502,19.6,48.3,1204,2741,3259,3123,11827,14393,15606,4392,36346,3066
1773284623,2,9866289.0,9852816.0,990113.2,929831.7,171487.1,167641.1,100097.0,147064.6,101793.6,269.3,24.8,37.7,487,19.7,48.1,1204,2740,3259,3123,11828,14392,15607,4392,36350,3067
1773284921,2,9993341.0,9995176.0,997558.5,937863.3,172858.3,168196.1,100556.4,147219.8,101808.4,254.2,24.9,37.7,514,19.7,48.2,1204,2741,3260,3123,11829,14396,15608,4393,36351,3066
1773285223,2,10030877.0,10015817.0,1002486.7,938954.4,173101.9,168311.5,100631.0,147367.7,101795.6,265.9,24.8,37.8,533,19.7,48.3,1205,2747,3261,3125,11833,14400,15616,4394,36370,3067
1773285522,2,9964274.0,9940775.0,999930.8,935588.2,172535.8,168025.0,100631.6,147433.1,101800.1,246.3,24.8,37.8,527,19.7,48.3,1205,2749,3261,3124,11830,14399,15612,4394,36371,3068
1773285823,2,10153856.0,10104250.0,1013559.7,947774.0,174291.2,169202.1,100517.5,147782.6,101797.9,252.1,24.9,37.7,510,19.7,48.3,1205,2743,3260,3124,11832,14396,15612,4394,36366,3068
1773286121,2,10081409.0,10072120.0,1009562.9,946249.6,174069.2,168830.2,100906.6,147528.5,101785.3,278.4,24.8,37.8,516,19.7,48.3,1205,2745,3260,3124,11831,14397,15609,4393,36363,3068
1773286423,2,10153161.0,10126304.0,1011401.6,947514.5,173815.1,169448.7,100801.4,147731.6,101792.8,268.6,24.8,37.8,521,19.7,48.4,1204,2743,3260,3122,11829,14393,15603,4393,36352,3065
1773286721,2,10170300.0,10113375.0,1012339.8,950675.2,174317.0,169128.1,100780.7,147604.0,101778.2,283.1,24.8,37.8,505,19.7,48.4,1203,2741,3259,3122,11825,14392,15603,4392,36347,3066
1773287022,2,10045737.0,10033769.0,1001831.8,942499.8,173067.4,168343.0,100588.1,147335.6,101771.1,265.5,24.8,37.9,525,19.8,48.3,1204,2742,3260,3122,11825,14392,15601,4392,36343,3066
1773287320,2,9889395.0,9867633.0,996399.2,935599.2,172631.8,168546.0,101024.5,147174.5,101742.2,272.3,24.7,38.0,514,19.7,48.3,3,25,36,42,51,50,58,35,119,7
1773287621,2,10122165.0,10060411.0,1010589.3,946459.4,174317.0,169694.1,101125.6,148077.0,101764.4,250.7,24.7,37.9,524,19.6,48.5,3,25,36,42,51,50,58,35,118,7
1773287920,2,10158781.0,10120131.0,1014399.1,952820.6,175538.2,170770.6,101604.5,148577.7,101758.3,243.8,24.7,38.1,482,19.5,48.7,3,25,36,42,51,50,58,35,118,7
1773288221,2,10312080.0,10237089.0,1027434.6,962015.0,176569.5,171716.1,102061.7,149089.7,101769.8,254.4,24.6,38.2,498,19.4,48.9,3,25,36,42,51,50,58,35,118,7
1773288520,2,10352437.0,10275917.0,1028859.7,966633.8,176762.9,172034.6,102272.9,149259.5,101768.2,252.7,24.6,38.2,469,19.4,49.0,3,25,35,42,51,50,58,35,118,7
1773288821,2,10503192.0,10464788.0,1038581.6,972543.7,178368.6,173609.0,102279.8,149210.7,101772.6,242.8,24.5,38.3,498,19.3,49.1,3,25,36,42,51,50,58,35,119,7
1773289120,2,10489443.0,10425089.0,1036763.8,971099.4,178332.1,173507.7,102494.2,149599.2,101780.3,236.2,24.5,38.4,489,19.3,49.3,3,25,35,42,51,50,58,35,118,7
1773289421,2,10475724.0,10381573.0,1035500.8,967544.3,177851.0,173461.1,102671.8,149594.8,101773.8,245.1,24.4,38.5,489,19.2,49.4,3,25,36,42,51,50,58,35,118,7
1773289719,2,10476429.0,10402868.0,1036641.8,968583.3,178345.0,174062.9,102776.2,149945.4,101783.0,238.4,24.4,38.5,506,19.3,49.5,3,25,35,42,51,50,58,35,118,7
1773290021,2,10198064.0,10149631.0,1017460.9,953169.8,177979.0,172857.5,102774.8,150289.9,101769.9,233.4,24.3,38.6,473,19.2,49.4,3,25,36,42,51,50,58,35,118,7
1773290322,2,10393491.0,10318647.0,1031662.8,964399.4,178678.1,174133.0,103269.3,150226.9,101768.7,243.6,24.4,38.6,491,19.2,49.5,3,25,35,42,51,50,58,35,118,7
1773290621,2,10470445.0,10387463.0,1033661.5,968584.8,179144.6,174470.6,103040.7,150712.6,101763.1,264.3,24.3,38.7,487,19.2,49.6,3,25,36,42,51,50,58,35,118,7
1773290922,2,10406080.0,10340028.0,1033251.8,966440.3,178790.8,174622.8,103170.0,150819.3,101766.0,231.0,24.3,38.7,476,19.2,49.6,3,25,36,42,51,50,58,35,118,7
1773291220,2,10621975.0,10543535.0,1046896.6,978746.5,180081.1,175580.7,103230.8,150365.6,101775.3,236.5,24.3,38.9,477,19.1,49.8,3,25,35,42,51,50,58,35,119,7
1773291522,2,10657793.0,10601921.0,1046521.8,976879.6,180271.8,175560.4,103123.3,150859.1,101767.2,227.9,24.2,38.9,492,19.1,49.8,3,25,36,42,51,50,58,35,118,7
1773291820,2,10407568.0,10314545.0,1030097.2,964282.2,179710.5,175362.0,103535.5,151195.3,101766.1,223.5,24.2,38.9,456,19.1,49.8,3,25,36,42,51,50,58,35,118,7
1773292122,2,10405376.0,10333572.0,1028827.4,966169.1,180082.1,175743.6,103807.0,151286.5,101765.9,235.0,24.1,39.0,464,19.0,49.9,3,25,35,42,51,50,58,35,118,7
1773292421,2,10232491.0,10174031.0,1018738.1,954919.6,179534.2,175634.4,103955.1,151734.6,101787.2,226.5,24.1,39.1,472,19.0,50.0,3,25,36,42,51,50,58,35,118,7
1773292722,2,10168941.0,10125227.0,1015481.5,950622.8,179296.6,175908.5,104446.2,152260.1,101786.1,227.1,24.0,39.2,479,18.8,50.3,3,25,36,42,51,50,58,35,118,7
1773293020,2,10073647.0,10003216.0,1008968.1,948532.4,179523.6,175763.1,104674.7,152638.8,101799.5,229.8,24.0,39.3,465,18.9,50.2,3,25,35,42,51,50,58,35,118,7
1773293322,2,10043979.0,10000149.0,1006534.7,945533.6,179776.2,176317.4,104908.4,152920.0,101794.9,230.7,24.0,39.2,465,18.8,50.3,3,25,36,42,51,50,58,35,118,7
1773293620,2,9952411.0,9914216.0,1003914.8,944164.6,179785.8,176785.9,105103.8,153102.4,101791.1,231.1,23.9,39.3,485,18.9,50.1,3,25,36,42,51,50,58,35,118,7
1773293922,2,10016430.0,9972596.0,1005843.2,944283.8,179964.5,177051.8,105271.5,153545.2,101778.7,222.4,23.9,39.3,477,18.9,50.2,3,25,36,42,51,50,58,35,118,7
1773294220,2,9959623.0,9905919.0,1002936.7,944594.7,180110.1,177346.3,105382.5,154219.0,101798.1,221.8,23.9,39.3,493,18.9,50.1,3,25,36,42,51,50,58,35,118,7
1773294521,2,10014169.0,9964905.0,1005677.0,947543.2,180907.2,177509.0,105738.3,154463.2,101807.9,228.4,23.9,39.3,463,18.8,50.3,3,25,36,42,51,50,58,35,118,7
1773294820,2,9953836.0,9917303.0,1004351.5,946297.8,180947.2,177989.7,106123.3,154606.6,101812.1,223.0,23.8,39.4,474,18.8,50.2,3,25,36,42,51,50,58,35,118,7
1773295121,2,9998283.0,9947882.0,1007488.2,948978.8,181929.7,178515.2,106232.9,155004.1,101821.7,227.6,23.9,39.2,462,18.8,50.2,3,25,36,42,51,50,58,35,119,7
1773295420,2,10006273.0,9968421.0,1007993.3,950955.3,182225.2,178873.0,106737.1,154958.2,101824.5,227.6,23.9,39.2,486,18.8,50.2,3,25,36,42,51,50,58,35,118,7
1773295721,2,10029621.0,10012951.0,1011330.9,953676.7,182662.9,179312.6,106728.4,155484.5,101838.8,222.5,23.9,39.1,483,18.8,50.1,3,25,36,42,51,50,58,35,118,7
1773296020,2,10016111.0,9970716.0,1013006.5,954834.3,182466.7,179535.0,106926.9,155867.6,101832.9,233.9,23.9,39.1,493,18.9,50.1,3,25,36,42,51,50,58,35,118,7
1773296321,2,10087413.0,10042836.0,1013864.5,957257.2,183802.2,180186.5,107142.9,156238.2,101828.9,232.2,23.8,39.3,453,18.8,50.0,3,25,36,42,51,50,58,35,118,7
1773296622,2,10081616.0,10051569.0,1014796.5,958199.6,183478.5,180716.9,107406.1,156248.7,101836.4,236.1,23.8,39.3,493,18.8,50.0,3,25,36,42,51,50,58,35,118,7
1773296921,2,10138247.0,10084715.0,1021221.5,962793.4,184774.8,180832.1,107486.4,156387.4,101842.5,225.3,23.8,39.3,465,18.8,50.2,3,25,36,42,51,50,58,35,118,7
