1773714396,2,5632008.0,5507863.5,619959.5,575620.2,129715.6,123986.5,84438.2,125259.1,101450.2,796.8,22.8,28.1,1107,19.3,35.9,200,666,882,1196,1729,2190,3004,2487,5867,539
1773715294,2,2553301.2,2511728.8,344789.3,325464.3,84804.6,84521.8,70476.0,112921.2,105183.5,233.7,26.0,18.8,496,22.1,24.1,200,666,885,1195,1728,2190,3002,2487,5873,540
1773715595,2,1945106.9,1909188.0,278320.7,265699.5,72481.4,72761.8,63575.8,101925.3,105263.7,447.2,26.4,18.5,784,22.6,23.5,200,667,885,1195,1727,2190,3002,2487,5873,539
1773715896,2,1582065.9,1555123.4,238995.2,228947.3,64825.2,65324.9,58632.0,94418.2,105313.1,647.9,26.7,18.1,1078,22.9,22.8,200,667,885,1195,1727,2190,3001,2486,5872,539
1773716194,2,1347077.0,1324010.4,211244.9,202761.2,59531.9,60162.3,55144.1,88703.8,105346.6,863.2,26.8,17.7,1372,23.1,22.1,200,667,886,1195,1726,2189,3001,2486,5873,538
1773716496,2,1180310.4,1160447.8,192436.4,185136.4,55619.6,56491.4,52574.7,84139.3,105371.5,1059.4,27.0,17.4,1662,23.2,21.6,200,667,886,1195,1725,2189,3001,2485,5872,538
1773716794,2,1059933.1,1046074.7,176862.0,170253.9,52416.7,53478.6,50317.0,80442.4,105391.1,1293.7,27.1,17.1,1934,23.4,21.1,200,667,886,1195,1726,2189,3000,2486,5873,539
1773717095,2,970562.0,958131.4,165038.4,159614.8,49957.0,50883.7,48627.4,77423.9,105406.9,1476.1,27.2,16.8,2229,23.5,20.7,200,667,886,1194,1725,2189,3000,2485,5873,539
1773717396,2,896336.5,884546.1,156432.7,151110.6,47973.2,48931.4,47152.3,75119.3,105421.5,1706.8,27.3,16.6,2483,23.5,20.3,200,667,886,1194,1726,2189,3001,2487,5874,539
1773717694,2,833742.1,823433.7,148828.2,144059.5,46128.6,47394.2,45857.5,73001.3,105434.9,1915.4,27.3,16.3,2792,23.6,20.0,200,667,886,1195,1726,2188,3000,2485,5870,538
1773717995,2,783482.2,773477.0,142723.4,138358.8,44651.8,45713.6,44647.0,71198.8,105445.6,2125.8,27.4,16.1,3083,23.7,19.6,200,667,886,1194,1725,2188,2999,2485,5870,538
1773718296,2,741970.2,732624.4,137861.3,133577.2,43506.2,44619.4,43692.3,69749.2,105454.9,2338.1,27.5,15.9,3379,23.7,19.3,200,667,886,1194,1725,2188,2998,2484,5870,538
1773718594,2,703915.3,695581.8,133450.1,129198.5,42275.4,43513.4,42911.8,68391.4,105464.5,2583.2,27.5,15.7,3662,23.8,19.0,200,667,886,1194,1725,2188,2999,2485,5871,538
1773718896,2,673614.9,664284.8,129458.8,125746.1,41383.2,42487.0,42177.9,67249.8,105472.1,2792.4,27.5,15.5,3962,23.8,18.8,200,667,886,1194,1724,2186,2998,2484,5869,538
1773719194,2,645137.1,637439.6,125780.7,122196.0,40646.2,41640.1,41628.1,66072.8,105478.8,3003.3,27.6,15.4,4219,23.9,18.5,200,667,886,1194,1724,2188,2998,2485,5872,538
1773719495,2,621613.5,613912.2,122570.0,119196.2,39852.2,40958.7,40879.6,65075.7,105485.1,3225.2,27.6,15.2,4466,23.9,18.3,200,667,886,1194,1724,2187,2997,2484,5870,538
1773719796,2,600068.8,592942.8,119796.7,116550.6,39159.1,40348.8,40320.9,64096.9,105491.5,3396.6,27.7,15.1,4780,24.0,18.1,200,667,886,1193,1724,2187,2998,2484,5870,538
1773720094,2,579717.4,571928.8,117089.8,113951.2,38575.2,39704.0,39842.1,63167.3,105499.7,3661.6,27.7,15.0,5083,24.0,17.9,200,667,886,1193,1724,2186,2997,2483,5868,538
1773720395,2,562183.6,555166.3,114856.8,111763.1,37939.1,39139.8,39402.7,62383.2,105506.3,3876.0,27.8,14.8,5378,24.1,17.7,199,667,886,1192,1722,2185,2995,2482,5868,538
1773720696,2,545334.1,538980.3,112573.0,109550.8,37429.5,38562.3,38949.7,61691.6,105512.4,4110.1,27.8,14.7,5653,24.1,17.5,200,667,886,1193,1722,2185,2995,2482,5868,538
1773720994,2,531763.6,525168.1,110508.2,107484.2,36935.9,38057.2,38560.7,60930.6,105517.1,4292.1,27.8,14.5,5919,24.1,17.4,199,667,886,1192,1723,2185,2995,2482,5867,537
1773721296,2,516312.8,510033.8,108568.3,105165.1,36496.5,37619.6,38201.7,60389.1,105520.9,4530.1,27.9,14.5,6223,24.2,17.2,200,667,886,1192,1722,2184,2994,2481,5866,537
1773721594,2,503831.8,497528.8,106647.9,103115.4,36027.9,37089.1,37815.6,59691.0,105523.1,4722.0,27.9,14.4,6441,24.2,17.0,200,667,886,1193,1722,2185,2995,2482,5867,538
1773721895,2,490908.4,484511.0,104195.4,101530.9,35593.6,36652.4,37446.9,59115.0,105525.5,4947.4,27.9,14.3,6744,24.2,16.9,200,667,886,1193,1722,2185,2995,2482,5868,538
1773722494,2,749524.5,742524.7,150505.6,146039.1,46805.4,49128.6,48177.0,78499.4,104926.3,543.8,27.9,12.9,847,24.2,15.0,200,667,887,1193,1723,2186,2996,2483,5872,539
1773722795,2,709991.9,704448.4,143104.0,138972.8,45142.3,47200.3,46863.7,76234.5,104948.4,734.8,28.0,13.0,1148,24.2,15.3,200,667,886,1193,1722,2185,2995,2482,5870,538
1773723096,2,676920.6,668585.1,137266.7,133467.9,43644.4,45516.5,45768.7,74320.5,104960.7,921.1,28.0,13.1,1428,24.3,15.4,200,667,886,1192,1722,2185,2994,2481,5869,537
1773723395,2,645195.9,639443.0,132406.5,128918.6,42509.8,44367.1,44670.9,72608.4,104969.3,1132.8,28.0,13.1,1706,24.3,15.3,200,667,886,1193,1722,2185,2994,2481,5868,537
1773723696,2,619223.4,614278.8,128575.0,125056.3,41513.5,43290.5,43758.0,71288.6,104975.5,1353.4,28.1,13.1,1988,24.4,15.3,199,667,886,1192,1721,2184,2994,2480,5866,538
1773723994,2,599132.6,591614.2,125213.6,121850.7,40680.5,42303.1,42994.8,69951.6,104978.2,1540.8,28.1,13.1,2259,24.4,15.2,200,667,886,1193,1721,2185,2994,2482,5868,538
1773724295,2,579398.0,573800.8,122093.3,118850.5,39977.2,41501.5,42374.3,68787.7,104979.8,1771.4,28.1,13.0,2517,24.4,15.2,199,667,886,1192,1722,2185,2994,2481,5868,537
1773724593,2,561957.5,556431.8,119402.1,116259.6,39299.4,40864.3,41845.2,67831.5,104980.2,1952.4,28.1,13.0,2756,24.4,15.1,200,667,886,1193,1721,2185,2994,2481,5868,537
1773724895,2,546915.7,540846.8,117000.2,113999.4,38737.5,40232.9,41301.2,66842.4,104981.2,2161.5,28.1,12.9,3052,24.4,15.1,200,667,886,1192,1721,2184,2993,2481,5867,538
1773725196,2,532979.1,526846.2,114731.0,111711.0,38182.8,39612.5,40841.2,65814.1,104980.5,2341.0,28.1,12.9,3315,24.4,15.0,200,667,886,1192,1721,2184,2993,2481,5868,538
1773725494,2,519628.5,513150.6,112548.2,109518.1,37628.9,39160.0,40304.5,65070.3,104980.2,2548.1,28.1,12.8,3557,24.4,14.9,200,667,887,1192,1720,2184,2993,2480,5866,538
1773725795,2,507617.4,502534.7,110720.1,107976.8,37192.5,38606.8,39844.5,64450.5,104979.1,2780.7,28.2,12.8,3864,24.4,14.8,134,444,591,795,1721,2183,2992,2480,5866,537
1773726096,2,495904.2,491461.4,108914.8,105861.2,36724.1,38086.9,39426.8,63692.8,104978.2,2966.0,28.2,12.7,4103,24.5,14.8,200,667,886,1192,1721,2183,2992,2479,5866,537
1773726395,2,486406.1,480700.5,107236.6,104257.8,36330.7,37663.9,39114.3,63019.2,104976.3,3185.9,28.2,12.7,4365,24.5,14.7,200,667,886,1192,1720,2183,2991,2480,5865,537
1773726696,2,476032.5,471958.0,105700.4,102333.3,35939.1,37280.8,38748.4,62317.2,104974.4,3341.7,28.2,12.6,4667,24.5,14.6,199,667,886,1192,1719,2182,2990,2479,5862,537
1773726994,2,467729.3,461014.4,103704.6,100977.6,35529.1,36874.1,38389.2,61752.2,104974.5,3579.8,28.2,12.6,4911,24.5,14.6,200,667,886,1192,1720,2182,2991,2479,5864,538
1773727295,2,458350.4,452298.2,101988.5,99447.9,35196.1,36461.3,38091.0,61141.0,104972.2,3772.3,28.2,12.6,5157,24.5,14.5,199,667,886,1191,1720,2182,2991,2479,5863,537
1773727593,2,450449.0,445056.4,100709.8,98094.2,34799.9,36101.1,37773.8,60526.1,104970.9,4032.1,28.2,12.5,5460,24.5,14.5,200,667,886,1191,1720,2182,2990,2479,5863,537
1773727895,2,441713.8,436853.8,99303.5,96771.9,34501.0,35731.3,37439.6,59943.3,104974.9,4174.6,28.2,12.5,5670,24.5,14.4,200,667,886,1192,1720,2182,2990,2479,5864,537
1773728196,2,435583.8,429583.7,98143.6,95665.1,34146.1,35419.4,37174.0,59458.9,104979.2,4366.5,28.2,12.4,5938,24.5,14.3,199,667,886,1192,1720,2182,2991,2478,5864,538
1773728494,2,428074.4,422941.9,96714.5,94633.1,33882.0,35076.9,36864.7,58910.5,104980.2,4576.7,28.3,12.4,6190,24.6,14.3,199,667,886,1191,1719,2182,2990,2478,5863,537
1773728795,2,421168.5,416117.0,95598.9,93404.2,33530.5,34721.2,36532.7,58378.6,104979.9,4760.6,28.3,12.3,6478,24.6,14.2,199,667,886,1191,1720,2183,2990,2479,5864,538
1773729096,2,414956.3,409287.7,94740.1,91951.9,33258.5,34467.9,36298.1,58037.2,104979.0,4983.5,28.3,12.3,6738,24.6,14.1,200,667,886,1192,1720,2182,2991,2479,5865,537
1773729695,2,603917.9,597387.6,132534.8,128918.6,42729.1,44847.5,46038.6,75372.0,104804.7,541.4,28.2,11.2,868,24.5,12.8,199,667,886,1191,1718,2181,2989,2477,5863,537
1773729994,2,582585.8,576676.8,127056.5,123960.4,41341.5,43352.4,44978.9,73745.8,104819.6,754.0,28.3,11.4,1121,24.5,13.0,200,667,886,1192,1720,2182,2990,2478,5865,537
1773730295,2,562548.3,555514.7,122854.8,120023.3,40304.4,42180.0,44062.2,72154.5,104827.0,919.8,28.3,11.4,1389,24.6,13.1,199,667,886,1191,1719,2181,2989,2477,5863,537
1773730596,2,545489.0,540008.8,119363.5,116325.0,39467.3,41244.8,43226.3,70836.1,104830.9,1116.6,28.3,11.5,1654,24.6,13.1,199,667,886,1191,1718,2181,2988,2478,5862,538
1773730894,2,530260.2,524303.7,116899.8,113779.6,38817.1,40444.5,42551.8,69620.2,104832.5,1302.1,28.3,11.5,1888,24.6,13.1,199,666,886,1191,1719,2181,2988,2477,5862,537
1773731195,2,517507.3,511641.4,114354.2,111593.4,38212.7,39766.7,41950.5,68612.3,104832.7,1476.9,28.3,11.5,2171,24.6,13.1,199,667,886,1191,1719,2181,2989,2477,5864,537
1773731496,2,506292.0,499618.1,112185.4,109453.8,37700.1,39290.6,41530.4,67723.8,104831.8,1688.4,28.3,11.5,2402,24.6,13.1,199,667,886,1191,1718,2181,2988,2477,5864,537
1773731795,2,496054.4,489367.3,110248.5,107734.1,37205.9,38817.4,41028.0,66786.5,104831.2,1865.9,28.4,11.5,2679,24.6,13.1,200,667,886,1191,1719,2181,2989,2478,5863,537
1773732096,2,485747.4,479622.4,108599.6,106060.1,36783.0,38319.4,40642.9,66093.5,104830.6,2072.9,28.3,11.5,2921,24.6,13.1,200,667,887,1191,1719,2182,2990,2478,5866,538
1773732394,2,477505.0,471014.6,106902.5,104341.3,36375.8,37884.0,40209.3,65389.8,104828.5,2248.5,28.3,11.5,3173,24.6,13.1,200,667,886,1191,1719,2181,2989,2478,5863,537
1773732695,2,468075.7,461544.0,105539.6,102745.9,35978.5,37445.5,39734.0,64582.6,104826.9,2457.2,28.3,11.4,3412,24.6,13.1,199,667,886,1191,1718,2180,2988,2477,5863,537
1773732994,2,461082.8,455093.8,104225.8,101038.2,35628.9,37043.1,39384.0,64005.2,104825.1,2611.1,28.4,11.4,3665,24.6,13.0,199,667,886,1191,1718,2180,2988,2477,5862,537
1773733295,2,452936.8,447037.9,102506.5,99721.1,35253.8,36612.0,39046.6,63295.2,104822.9,2819.8,28.4,11.4,3911,24.6,13.0,199,667,886,1191,1719,2181,2988,2477,5862,537
1773733596,2,446679.2,440934.9,100917.8,98507.8,34897.4,36298.1,38687.1,62893.6,104820.5,3027.9,28.4,11.4,4140,24.7,13.0,199,667,886,1191,1719,2180,2988,2477,5862,537
1773733895,2,439466.3,433356.2,99724.0,97336.3,34589.5,35906.4,38391.5,62219.5,104818.3,3183.8,28.4,11.4,4398,24.7,13.0,200,667,886,1191,1719,2181,2988,2477,5862,537
1773734196,2,433562.1,426935.3,98294.8,96045.1,34275.7,35638.3,38119.8,61610.5,104815.5,3343.7,28.4,11.3,4644,24.6,12.9,199,667,886,1191,1719,2181,2988,2478,5863,537
1773734494,2,427410.3,421209.8,97196.0,94870.1,33984.0,35261.9,37820.3,61075.9,104813.2,3580.1,28.4,11.3,4840,24.7,12.9,199,667,886,1190,1718,2180,2987,2477,5862,537
1773734795,2,420440.5,414413.9,96001.4,93609.9,33721.0,34933.2,37516.8,60493.2,104811.8,3736.3,28.4,11.3,5126,24.6,12.9,200,667,886,1191,1718,2181,2988,2478,5863,537
1773735093,2,414652.3,407847.2,95095.5,92454.3,33428.6,34660.7,37200.1,59960.1,104815.3,3929.6,28.4,11.3,5372,24.7,12.8,200,667,886,1190,1718,2180,2987,2477,5861,537
1773735395,2,409634.3,403343.7,93985.9,90992.2,33111.2,34335.2,36916.5,59426.0,104815.8,4121.5,28.4,11.2,5613,24.7,12.8,199,667,886,1191,1718,2180,2987,2477,5862,537
1773735696,2,403301.1,394566.0,92530.0,90043.2,32851.6,34034.8,36688.9,59008.9,104816.0,4299.2,28.4,11.2,5862,24.7,12.8,199,667,886,1190,1718,2180,2986,2476,5860,537
1773735994,2,399037.5,388329.4,91218.7,89152.9,32594.2,33742.4,36287.6,58506.3,104814.6,4489.5,28.4,11.2,6102,24.7,12.7,199,667,886,1190,1717,2179,2986,2475,5858,537
1773736296,2,392401.5,381611.9,90427.4,88115.9,32326.6,33438.5,36131.4,58014.9,104812.5,4698.2,28.4,11.2,6297,24.7,12.7,199,667,886,1190,1718,2180,2987,2476,5860,536
1773736895,2,554452.7,548064.7,123857.2,120935.2,40573.6,42408.0,44815.2,73544.1,104798.3,533.2,28.3,10.2,867,24.6,11.4,200,666,886,1191,1718,2180,2987,2476,5861,537
1773737194,2,536313.3,528255.7,119018.3,116015.1,39386.5,41089.7,43670.4,72004.7,104810.7,710.6,28.4,10.4,1075,24.7,11.6,200,666,886,1190,1718,2180,2986,2477,5861,537
1773737495,2,517271.3,509454.8,115398.7,112368.7,38429.7,40065.3,42878.6,70482.2,104816.3,897.9,28.4,10.5,1329,24.7,11.8,200,667,886,1191,1717,2179,2987,2476,5862,537
1773737796,2,501977.0,494992.8,112151.2,109231.5,37617.1,39190.7,42130.0,69310.4,104818.0,1074.0,28.4,10.6,1546,24.7,11.9,199,667,886,1190,1718,2179,2986,2477,5861,537
1773738094,2,489157.3,481264.9,109603.3,106897.6,36978.0,38495.6,41474.9,68056.1,104817.5,1248.5,28.4,10.6,1806,24.8,11.9,199,667,886,1191,1718,2180,2987,2477,5862,537
1773738396,2,477571.5,470966.6,107417.9,104966.5,36434.2,37951.6,41026.2,67208.1,104816.3,1416.9,28.4,10.6,2050,24.8,11.9,200,667,886,1190,1717,2179,2986,2476,5860,537
1773738694,2,468185.1,461006.8,105523.6,102974.8,36000.5,37453.1,40460.4,66306.6,104815.2,1605.4,28.4,10.6,2271,24.7,11.9,199,667,886,1191,1718,2180,2987,2477,5862,537
1773738995,2,458069.2,451150.2,103809.5,100937.9,35587.0,36956.1,40104.2,65414.7,104814.5,1786.7,28.4,10.6,2531,24.8,11.9,199,667,886,1191,1718,2180,2987,2477,5862,536
1773739294,2,449982.3,443327.3,102153.2,99219.5,35140.8,36459.7,39643.1,64659.4,104812.4,1985.3,28.4,10.6,2752,24.8,11.9,199,667,886,1190,1717,2179,2986,2475,5861,537
1773739595,2,442644.8,435991.4,100695.8,97900.8,34757.8,36136.3,39173.5,63999.1,104809.5,2142.5,28.4,10.6,3005,24.8,11.9,199,667,886,1191,1717,2179,2986,2477,5861,537
1773739894,2,434804.8,428055.8,99146.6,96458.3,34395.3,35752.3,38803.6,63307.4,104807.4,2319.0,28.4,10.6,3248,24.8,11.9,199,667,886,1190,1717,2179,2986,2476,5861,537
1773740195,2,428624.3,421701.5,97922.2,95363.0,34099.7,35354.6,38459.1,62741.7,104804.9,2516.6,28.5,10.6,3439,24.8,11.9,199,667,886,1190,1717,2178,2985,2475,5860,537
1773740494,2,421937.1,415255.5,96657.0,94234.7,33820.1,35084.3,38162.9,62164.9,104802.1,2689.5,28.5,10.6,3711,24.8,11.9,199,667,886,1190,1717,2179,2986,2476,5860,536
1773740795,2,416928.0,408989.8,95629.0,92724.2,33494.4,34733.9,37813.2,61508.6,104800.3,2874.7,28.4,10.6,3948,24.8,11.9,199,667,886,1191,1717,2179,2985,2475,5860,537
1773741096,2,410817.7,403814.1,94457.0,91393.5,33212.5,34408.5,37521.1,60875.5,104796.9,3044.9,28.5,10.6,4176,24.8,11.8,199,666,885,1190,1717,2178,2985,2475,5859,536
1773741394,2,405465.0,397558.0,92820.6,90434.5,32939.8,34122.4,37255.4,60527.9,104793.3,3231.5,28.4,10.5,4408,24.8,11.8,199,666,886,1190,1717,2178,2985,2475,5859,536
1773741696,2,399733.8,388921.2,91896.8,89519.3,32703.8,33833.3,36971.1,59939.4,104789.8,3406.7,28.4,10.5,4655,24.8,11.8,200,667,885,1190,1717,2179,2985,2475,5858,536
1773741994,2,392885.4,381944.6,90912.6,88508.0,32429.0,33520.3,36719.4,59379.2,104785.9,3577.9,28.4,10.5,4916,24.8,11.8,199,667,886,1190,1717,2179,2985,2475,5860,537
1773742295,2,383758.4,377744.1,90174.3,87749.8,32220.4,33260.6,36377.2,58916.2,104782.1,3779.4,28.4,10.5,5130,24.8,11.8,199,666,885,1190,1716,2178,2984,2474,5858,537
1773742596,2,379411.6,372953.7,89155.9,86656.0,31946.7,32988.9,36136.2,58498.1,104778.6,3948.1,28.4,10.5,5372,24.8,11.8,199,666,885,1190,1716,2178,2985,2474,5859,537
1773742894,2,374573.2,367808.5,88113.2,85624.3,31709.8,32813.8,35834.6,57993.6,104774.4,4123.6,28.4,10.5,5579,24.8,11.7,199,666,886,1190,1716,2178,2984,2475,5858,536
1773743196,2,370762.3,364199.2,87417.6,84793.5,31460.6,32529.6,35614.4,57615.9,104770.5,4304.4,28.4,10.5,5839,24.8,11.7,199,667,885,1190,1716,2177,2984,2474,5857,536
1773743494,2,366788.6,360437.0,86497.4,84041.2,31258.7,32314.3,35354.7,57146.1,104766.2,4463.7,28.5,10.5,6035,24.8,11.7,199,666,885,1190,1716,2177,2984,2473,5858,537
1773744093,2,517899.7,510376.5,116959.8,114016.2,38719.9,40320.9,43380.1,71393.8,99558.6,479.1,28.4,9.6,782,24.7,10.6,199,667,885,1190,1715,2178,2983,2473,5857,536
1773744395,2,500871.5,492142.8,112468.0,109483.9,37653.4,39087.7,42463.9,69941.1,97442.3,664.2,28.4,9.8,1026,24.7,10.8,199,666,885,1190,1716,2177,2983,2473,5856,537
1773744696,2,483644.5,475135.4,108932.6,106062.8,36725.4,38064.0,41658.8,68581.9,97446.1,839.3,28.4,9.9,1246,24.7,10.9,199,666,885,1190,1716,2177,2983,2473,5857,536
1773744994,2,470019.8,462094.5,106119.9,103199.9,36007.0,37297.6,40952.8,67340.3,97447.2,998.5,28.4,9.9,1445,24.7,11.0,199,666,885,1190,1716,2177,2982,2473,5854,536
1773745296,2,458087.6,449342.9,103800.9,100695.5,35358.9,36654.3,40351.6,66343.0,97446.8,1172.6,28.4,9.9,1688,24.8,11.0,199,666,885,1190,1715,2177,2983,2473,5857,537
1773745594,2,447819.1,439821.8,101525.8,98528.4,34912.4,36163.7,39902.8,65384.1,97445.1,1331.8,28.4,10.0,1912,24.8,11.0,199,666,885,1190,1716,2177,2984,2473,5857,536
1773745896,2,438957.8,431094.0,99517.5,97023.9,34462.8,35702.4,39344.6,64607.6,97443.8,1518.7,28.5,10.0,2137,24.8,11.0,199,666,886,1190,1716,2178,2984,2474,5858,536
1773746194,2,432184.6,423775.2,98167.6,95587.5,34086.3,35296.9,38948.0,63865.8,97441.7,1678.2,28.4,10.0,2364,24.8,11.0,199,666,886,1190,1716,2177,2983,2474,5857,537
1773746496,2,424436.7,416659.8,96629.0,94296.9,33745.9,34975.6,38601.9,63224.9,97439.3,1848.0,28.4,10.0,2575,24.8,11.1,199,666,885,1189,1716,2177,2983,2474,5857,536
1773746794,2,417872.9,410601.0,95834.2,92745.0,33446.8,34595.0,38242.2,62588.6,97437.0,2042.3,28.5,10.0,2816,24.8,11.1,199,667,886,1190,1716,2177,2983,2474,5857,537
1773747095,2,411633.8,403973.9,94511.8,91382.7,33125.6,34241.0,37930.9,62044.2,97434.1,2195.0,28.5,10.0,3036,24.8,11.1,199,666,885,1189,1715,2176,2981,2472,5854,536
1773747394,2,406676.8,399241.2,93391.6,90396.9,32839.4,33952.7,37665.4,61284.0,97431.1,2370.2,28.5,10.0,3246,24.8,11.1,199,666,885,1189,1715,2176,2981,2472,5854,536
1773747695,2,401156.3,389469.3,91750.4,89432.4,32565.9,33635.4,37316.8,60794.5,97428.0,2554.4,28.5,10.0,3508,24.8,11.1,199,666,885,1189,1715,2177,2982,2473,5856,537
1773747994,2,395060.9,382137.1,90701.3,88418.1,32303.8,33355.7,37036.7,60226.8,97425.0,2718.6,28.5,10.0,3731,24.8,11.1,199,667,885,1190,1715,2177,2982,2472,5856,536
1773748295,2,386114.2,377740.8,89908.1,87507.8,32030.8,33108.5,36772.8,59755.2,97422.0,2924.5,28.4,10.0,3938,24.8,11.1,199,666,885,1190,1715,2176,2981,2472,5854,537
1773748596,2,380436.7,372671.8,89055.8,86525.2,31800.6,32798.4,36406.0,59220.1,97418.3,3029.8,28.5,10.0,4175,24.8,11.1,199,666,885,1190,1715,2176,2982,2473,5855,536
1773748895,2,376462.7,368732.0,88149.3,85578.6,31584.2,32556.6,36186.8,58861.0,97415.6,3226.1,28.4,10.0,4390,24.8,11.1,199,666,885,1189,1714,2176,2981,2472,5853,536
1773749196,2,371581.0,364339.6,87526.5,84604.1,31328.7,32359.9,35850.6,58370.3,97412.3,3393.9,28.4,10.0,4575,24.8,11.0,199,666,885,1189,1715,2176,2981,2472,5853,537
1773749494,2,367293.1,360438.5,86395.4,83880.8,31140.7,32106.5,35651.5,57909.7,97409.3,3580.9,28.4,10.0,4812,24.8,11.0,199,666,885,1189,1715,2176,2981,2472,5854,536
1773749795,2,362694.9,355452.2,85504.8,82967.1,30916.0,31883.2,35402.5,57486.4,97408.3,3737.7,28.5,10.0,5092,24.8,11.0,199,666,885,1189,1715,2176,2981,2472,5855,536
1773750094,2,358866.6,351501.7,84488.6,82369.2,30696.6,31688.4,35235.5,56935.4,97404.9,3923.5,28.5,10.0,5265,24.8,11.0,199,666,885,1189,1714,2176,2981,2471,5853,536
1773750395,2,355763.3,348246.1,83865.0,81752.6,30500.2,31480.1,34953.5,56588.1,97401.8,4100.4,28.5,10.0,5523,24.8,11.0,199,666,885,1189,1714,2175,2980,2471,5853,536
1773750696,2,351976.3,345207.0,83191.1,80999.0,30330.9,31223.3,34726.3,56261.8,97398.7,4274.2,28.5,10.0,5729,24.8,11.0,199,666,885,1189,1714,2175,2980,2471,5852,537
1773751295,2,504463.8,495414.3,114529.5,111433.7,38058.8,39628.1,43150.2,70972.7,97406.3,475.3,28.4,9.2,743,24.7,9.9,199,666,885,1189,1715,2175,2980,2471,5854,536
1773751593,2,487386.4,478525.7,109899.2,107249.4,37008.5,38364.6,42273.6,69724.9,97415.9,624.9,28.4,9.4,967,24.7,10.2,199,666,885,1189,1715,2175,2981,2471,5853,536
1773751894,2,471474.9,463383.0,106793.8,103814.5,36091.5,37471.0,41422.6,68490.2,97420.5,773.0,28.4,9.4,1175,24.7,10.3,199,666,885,1189,1714,2175,2980,2471,5852,536
1773752196,2,458570.6,449819.7,104194.2,101097.4,35384.1,36684.0,40688.7,67211.5,97423.6,934.6,28.5,9.5,1425,24.8,10.3,199,666,884,1188,1714,2174,2979,2471,5852,536
1773752494,2,447321.3,438263.7,101774.6,98560.4,34793.4,36020.4,40132.8,66152.7,97424.1,1104.2,28.5,9.5,1592,24.8,10.4,199,666,885,1189,1715,2175,2980,2471,5853,537
1773752795,2,437453.4,428889.5,99482.6,96625.4,34312.4,35532.3,39675.5,65143.6,97422.9,1265.6,28.5,9.5,1805,24.8,10.4,199,666,885,1188,1714,2174,2980,2471,5852,536
1773753096,2,429290.7,421232.7,97823.2,95137.0,33956.2,35069.1,39069.3,64455.1,97421.2,1405.1,28.5,9.6,2011,24.9,10.4,199,666,885,1189,1714,2175,2980,2471,5854,536
1773753394,2,421398.9,413301.0,96391.0,93602.5,33493.8,34645.7,38695.3,63640.7,97419.1,1575.2,28.5,9.6,2234,24.8,10.4,199,666,885,1189,1714,2175,2981,2471,5853,536
1773753696,2,415411.2,406991.0,94988.4,91915.1,33183.5,34300.9,38366.5,62879.1,97417.5,1743.3,28.5,9.6,2415,24.8,10.4,199,666,885,1189,1715,2174,2980,2471,5853,536
1773753994,2,409429.1,400962.9,94006.1,91006.6,32870.6,34009.7,38082.3,62417.2,97416.2,1927.9,28.5,9.6,2630,24.9,10.4,199,666,885,1189,1714,2175,2980,2471,5852,536
1773754295,2,403004.5,394098.1,92586.4,89768.0,32624.7,33673.5,37781.1,61686.4,97414.1,2075.6,28.5,9.6,2889,24.9,10.5,199,666,886,1189,1715,2176,2981,2472,5855,536
1773754594,2,398667.2,386050.9,91202.3,88893.6,32396.4,33420.9,37431.8,61255.2,97411.0,2255.4,28.5,9.6,3076,24.9,10.5,199,666,885,1189,1714,2175,2980,2471,5853,536
1773754895,2,391888.9,379751.7,90503.5,88116.2,32080.6,33188.9,37224.7,60669.5,97407.6,2393.0,28.5,9.6,3251,24.9,10.4,199,666,885,1189,1714,2175,2980,2471,5853,536
1773755196,2,384479.3,375345.2,89551.5,87040.6,31853.4,32894.3,36914.4,60110.6,97404.6,2595.0,28.5,9.6,3532,24.9,10.5,199,666,885,1189,1714,2175,2980,2470,5853,536
1773755495,2,378762.8,370393.1,88748.4,85881.6,31628.0,32638.7,36707.4,59704.8,97401.2,2736.0,28.5,9.6,3755,24.9,10.4,199,666,885,1188,1713,2173,2979,2470,5850,537
1773755796,2,373908.9,366450.4,87892.4,85027.2,31466.5,32441.1,36434.2,59281.3,97398.5,2909.4,28.5,9.6,3950,24.9,10.5,199,666,885,1189,1713,2174,2979,2471,5850,535
1773756094,2,370762.4,362830.4,87044.4,84338.6,31217.6,32216.0,36099.4,58859.8,97395.8,3061.2,28.5,9.6,4132,24.9,10.5,199,666,885,1189,1714,2175,2979,2471,5853,536
1773756396,2,366920.0,359470.8,86023.7,83540.6,30998.6,31945.1,35775.7,58342.9,97392.6,3226.2,28.5,9.6,4370,24.9,10.4,199,666,885,1189,1714,2175,2980,2472,5854,536
1773756694,2,362649.2,355120.4,85070.0,82907.1,30793.5,31769.0,35551.4,57915.2,97390.3,3384.8,28.5,9.6,4593,24.9,10.5,199,666,885,1189,1714,2174,2979,2470,5852,536
1773756995,2,358884.6,350904.0,84482.9,82140.2,30598.9,31537.9,35393.4,57551.9,97387.5,3562.4,28.5,9.6,4785,24.9,10.5,199,666,885,1188,1714,2174,2978,2471,5851,536
1773757294,2,355634.7,348381.4,83962.9,81447.0,30439.4,31330.2,35161.4,57032.6,97383.6,3718.3,28.6,9.6,4993,24.9,10.5,199,666,885,1188,1713,2173,2978,2470,5850,536
1773757595,2,352336.7,344902.5,83188.3,80963.1,30228.6,31158.4,34919.5,56775.8,97380.1,3888.8,28.5,9.6,5163,24.9,10.5,199,666,885,1189,1714,2175,2979,2470,5853,536
1773757894,2,348571.4,340926.7,82626.5,80301.2,30041.2,30937.7,34722.8,56418.0,97377.0,4046.9,28.5,9.6,5468,24.9,10.4,199,666,885,1188,1713,2174,2979,2470,5851,536
1773758496,2,499360.6,489622.2,113405.6,110442.6,37762.1,39195.2,42998.0,70655.3,97450.0,433.6,28.4,8.8,700,24.7,9.4,199,666,885,1189,1714,2174,2979,2470,5852,536
1773758795,2,483136.8,472880.1,109106.4,106187.4,36620.0,38010.8,42101.8,69492.8,97457.6,595.6,28.5,9.0,908,24.8,9.6,199,666,885,1189,1714,2174,2979,2470,5853,537
1773759096,2,468626.1,458634.9,105780.1,103049.1,35826.6,37088.3,41385.5,68232.5,97459.0,754.9,28.5,9.1,1107,24.8,9.8,199,666,885,1188,1713,2173,2978,2469,5849,535
1773759395,2,455068.0,445375.0,103366.0,100289.5,35072.4,36315.8,40677.8,67161.4,97457.2,889.6,28.5,9.1,1307,24.9,9.8,199,666,885,1189,1713,2174,2978,2470,5852,536
1773759696,2,444187.9,434643.0,100902.4,97818.5,34535.3,35703.9,40120.5,66173.5,97454.9,1038.5,28.5,9.1,1485,24.9,9.9,199,666,885,1188,1713,2174,2978,2470,5852,536
1773759994,2,434716.9,425217.2,98754.5,96009.1,34032.5,35191.0,39643.5,65194.5,97454.0,1205.1,28.5,9.2,1710,24.9,9.9,199,666,884,1188,1713,2173,2978,2470,5850,536
1773760296,2,427541.6,418017.8,97162.8,94258.7,33601.1,34718.7,39105.8,64522.2,97451.1,1349.2,28.5,9.2,1909,24.9,9.9,199,666,885,1188,1713,2173,2978,2469,5849,536
1773760594,2,419907.5,411077.0,95734.3,92750.7,33312.8,34397.8,38726.8,63874.5,97448.4,1489.6,28.5,9.2,2072,24.9,10.0,199,666,885,1188,1713,2173,2978,2470,5850,536
1773760896,2,413194.6,404398.8,94640.3,91513.1,32955.8,34049.0,38427.4,63150.0,97445.1,1652.3,28.6,9.2,2352,24.9,9.9,199,666,885,1188,1713,2173,2978,2470,5851,536
1773761194,2,408313.4,399262.3,93305.4,90288.9,32686.8,33780.7,38073.8,62568.8,97441.0,1810.1,28.6,9.2,2535,24.9,10.0,199,666,885,1188,1713,2173,2978,2470,5850,536
1773761495,2,402359.2,391911.0,92159.3,89435.5,32425.8,33472.5,37820.4,61863.4,97437.2,1983.8,28.6,9.3,2729,24.9,10.0,199,666,885,1189,1714,2174,2979,2470,5853,536
1773761796,2,396416.4,384164.5,91080.1,88515.2,32200.8,33187.3,37555.0,61500.3,97433.6,2118.6,28.5,9.2,2934,24.9,10.0,199,666,885,1188,1713,2173,2978,2469,5850,536
1773762094,2,390164.5,378051.6,90122.9,87585.9,31994.8,32925.0,37204.7,60935.1,97429.7,2285.9,28.6,9.3,3160,24.9,10.0,199,666,884,1188,1713,2173,2977,2469,5850,535
1773762396,2,384909.4,373901.5,89288.0,86669.2,31753.0,32691.8,37018.2,60403.6,97426.0,2417.0,28.6,9.2,3352,24.9,10.0,199,666,885,1188,1713,2173,2977,2469,5849,535
1773762694,2,378188.7,369933.2,88520.7,85710.1,31512.5,32486.6,36700.0,59985.0,97423.1,2594.0,28.6,9.3,3539,24.9,10.0,199,666,885,1188,1712,2173,2977,2469,5850,536
1773762995,2,374891.5,365991.5,87659.6,84823.1,31324.8,32269.9,36441.0,59423.1,97419.6,2739.2,28.5,9.2,3758,24.9,10.0,199,666,884,1188,1712,2173,2977,2469,5851,536
1773763296,2,370123.0,362364.4,86781.9,84166.4,31114.7,32034.2,36131.3,59095.0,97416.8,2919.5,28.6,9.3,3947,24.9,10.0,199,666,884,1188,1713,2173,2977,2469,5849,536
1773763594,2,366393.8,358515.5,85919.5,83582.8,30925.0,31839.1,35954.6,58612.8,97413.4,3069.1,28.6,9.3,4136,24.9,10.0,199,666,885,1188,1713,2173,2977,2469,5850,535
1773763895,2,363252.2,354500.8,85150.6,82710.9,30705.5,31606.1,35608.8,58202.9,97410.6,3217.8,28.6,9.2,4413,24.9,10.0,199,666,884,1188,1712,2173,2976,2468,5848,535
1773764194,2,359742.9,351613.0,84430.2,82096.0,30536.2,31418.1,35447.5,57821.9,97407.5,3367.3,28.6,9.3,4563,24.9,10.0,199,666,885,1188,1712,2172,2977,2469,5849,535
1773764495,2,356677.4,347869.2,83798.9,81530.6,30348.9,31246.1,35252.4,57435.8,97404.7,3548.8,28.6,9.3,4766,24.9,10.0,199,666,885,1188,1713,2173,2977,2468,5850,536
1773764796,2,353004.7,344786.7,83165.4,80885.6,30204.2,31054.3,35031.1,57058.1,97402.4,3719.6,28.6,9.3,4972,24.9,10.0,199,666,885,1188,1712,2172,2977,2469,5849,535
1773765094,2,350102.9,341907.7,82618.3,80328.0,30023.1,30857.8,34838.4,56597.1,97399.9,3867.5,28.6,9.3,5224,24.9,10.0,199,666,884,1188,1713,2172,2977,2468,5850,536
1773765694,2,498688.2,488076.8,112614.9,109620.1,37487.2,38804.9,42724.4,70271.3,97524.9,427.6,28.5,8.6,687,24.8,9.0,199,666,884,1188,1713,2172,2976,2468,5848,536
1773765995,2,481564.8,471224.1,108811.8,105560.2,36410.5,37673.1,41984.0,69252.7,97531.3,562.4,28.5,8.7,906,24.8,9.2,199,666,885,1188,1713,2173,2977,2469,5851,536
1773766296,2,467423.0,457320.8,105690.0,102510.2,35595.8,36805.0,41231.9,68168.6,97532.0,702.0,28.5,8.8,1092,24.9,9.4,199,666,884,1188,1712,2172,2976,2468,5847,535
1773766594,2,455682.5,445332.8,102959.6,99776.5,34980.2,36094.3,40576.1,66922.7,97530.8,870.7,28.5,8.8,1277,24.9,9.4,199,666,884,1188,1712,2171,2975,2468,5848,535
1773766896,2,445127.3,435058.6,100899.4,97566.1,34385.9,35488.8,40038.1,66044.5,97529.0,1018.1,28.6,8.9,1464,24.9,9.5,199,666,884,1188,1713,2173,2977,2469,5850,535
1773767194,2,436432.2,426271.7,98602.1,95914.8,33923.5,34968.5,39533.5,65238.2,97525.7,1160.5,28.6,8.9,1670,24.9,9.5,199,666,884,1188,1712,2173,2976,2469,5850,537
1773767495,2,428133.1,418626.8,97094.5,94086.5,33514.8,34505.9,39108.0,64379.2,97522.9,1301.2,28.6,8.9,1869,24.9,9.5,199,666,885,1188,1712,2172,2976,2468,5848,536
1773767796,2,420942.1,411446.2,95706.9,92648.4,33198.5,34227.9,38719.8,63784.7,97518.8,1469.3,28.6,9.0,2029,24.9,9.5,199,666,884,1187,1712,2172,2976,2468,5847,535
1773768095,2,415310.9,405576.2,94390.1,91380.1,32887.2,33884.7,38379.1,63067.9,97515.4,1618.8,28.6,9.0,2242,24.9,9.5,199,666,884,1187,1713,2172,2976,2468,5849,535
1773768396,2,409572.3,400370.2,93402.7,90452.2,32565.0,33596.5,38070.4,62469.4,97511.4,1747.0,28.6,9.0,2441,24.9,9.6,199,666,885,1188,1712,2172,2976,2469,5850,536
1773768694,2,404690.3,394194.7,92230.3,89518.2,32295.0,33299.9,37829.3,62037.8,97507.4,1931.9,28.6,9.0,2651,24.9,9.6,199,666,885,1188,1712,2173,2976,2469,5849,536
1773768995,2,399713.2,386637.2,91164.0,88598.9,32097.7,33034.9,37481.6,61436.2,97503.5,2079.3,28.5,9.0,2831,24.9,9.6,199,666,885,1188,1712,2172,2976,2468,5850,536
1773769296,2,393613.7,381216.8,90462.6,87560.6,31856.5,32821.3,37274.3,60907.6,97499.9,2224.0,28.6,9.0,3056,24.9,9.6,199,666,885,1188,1712,2172,2976,2468,5848,535
1773769595,2,388478.6,376565.3,89566.6,86840.9,31668.9,32565.0,37018.2,60585.0,97497.9,2349.9,28.6,9.0,3255,24.9,9.6,199,666,885,1187,1712,2172,2976,2468,5850,536
1773777959,2,412071.1,398105.8,92955.5,89388.4,32676.1,33429.3,37105.3,59674.6,104426.7,3184.3,24.8,9.5,3790,21.4,9.8,199,665,881,1189,1713,2171,2974,2468,5842,536
1773778259,2,382488.0,371479.0,89048.3,86009.2,31503.6,32299.4,36882.0,59587.2,104626.8,3075.1,26.5,9.1,3943,22.3,9.9,199,665,882,1188,1713,2171,2975,2468,5844,537
1773778559,2,371865.0,362433.8,87078.8,84091.3,30803.0,31628.7,36219.7,58827.0,104768.5,3234.0,27.5,8.9,4217,23.3,9.8,199,665,883,1188,1712,2170,2974,2467,5843,535
1773778859,2,363663.6,355022.3,85035.3,82461.8,30415.1,31244.7,35723.1,58036.1,104847.7,3377.8,28.1,8.9,4336,24.0,9.7,199,665,884,1188,1712,2171,2974,2468,5846,536
1773779159,2,358885.6,350231.0,84105.5,81386.8,30142.1,30979.9,35320.8,57557.4,104886.7,3537.8,28.4,8.8,4520,24.3,9.6,199,666,884,1188,1712,2170,2974,2467,5846,536
1773779459,2,355102.5,346320.2,83142.5,80561.9,29921.8,30768.8,35112.9,57090.2,104907.7,3687.0,28.5,8.8,4707,24.5,9.5,199,666,884,1188,1712,2171,2974,2468,5845,535
1773780059,2,505722.7,493875.6,113609.4,110062.3,37320.1,38687.2,42903.2,70527.2,104921.6,468.1,28.6,8.1,648,24.6,8.5,199,666,884,1188,1712,2171,2974,2467,5845,536
1773780359,2,487731.4,475712.8,109580.4,105850.4,36296.4,37560.4,42122.1,69419.9,104937.1,604.2,28.7,8.2,780,24.7,8.7,199,666,884,1187,1712,2170,2974,2467,5845,536
1773780659,2,473183.7,462654.0,106120.9,103043.8,35525.2,36623.7,41474.1,68456.2,104947.6,755.5,28.7,8.3,984,24.8,8.8,199,666,884,1187,1711,2170,2973,2466,5846,536
1773780959,2,461567.4,450736.2,103722.1,100244.8,34907.7,35917.1,40660.4,67221.0,104958.0,889.1,28.8,8.4,1171,24.8,8.9,199,666,884,1187,1711,2170,2973,2466,5844,536
1773781259,2,451614.2,440557.3,101699.6,98265.3,34377.7,35357.0,40261.6,66309.3,104967.7,1042.9,28.8,8.4,1335,24.9,8.9,199,666,884,1188,1711,2171,2973,2467,5845,536
1773781559,2,442179.6,431407.0,99401.4,96332.2,33818.7,34887.9,39687.5,65564.4,104977.0,1188.8,28.9,8.4,1523,24.9,9.0,199,666,884,1187,1711,2170,2972,2466,5845,536
1773781859,2,434139.8,423166.9,97720.8,94742.4,33437.9,34372.9,39130.8,64513.1,105000.2,1325.1,28.9,8.4,1701,25.0,9.0,199,666,884,1188,1711,2170,2973,2466,5845,535
1773782159,2,425836.8,415058.0,96098.4,92815.7,33013.7,34002.6,38736.9,63789.0,105014.0,1468.1,29.0,8.5,1900,25.1,9.0,199,666,885,1188,1711,2170,2973,2466,5844,535
1773782459,2,419984.5,409334.7,94888.9,91474.5,32738.1,33643.6,38348.7,63153.0,105019.4,1608.1,29.1,8.5,2086,25.1,9.1,199,666,885,1187,1710,2170,2972,2465,5844,536
1773782758,2,413434.0,403053.3,93601.8,90361.3,32394.1,33351.3,38044.2,62462.3,105027.5,1767.0,29.1,8.5,2298,25.2,9.1,199,666,885,1187,1711,2170,2973,2467,5846,535
1773783144,2,430419.5,422477.4,99016.8,96472.6,34379.9,35350.2,39553.1,63966.8,105015.6,1916.7,28.8,8.6,2492,25.2,9.1,199,666,885,1187,1711,2170,2973,2466,5844,535
1773783442,2,413132.4,402513.0,93268.8,90011.1,32356.1,33326.6,38190.8,62355.2,105006.2,1956.2,28.8,8.6,2687,25.1,9.1,199,666,885,1187,1710,2170,2972,2466,5844,535
1773783742,2,405002.2,393349.4,91155.2,88473.9,31905.7,32789.1,37555.2,61571.9,105005.9,2112.3,28.8,8.6,2864,25.1,9.1,199,666,884,1188,1711,2170,2972,2466,5845,535
1773784044,2,398690.2,383756.1,90067.0,87170.6,31611.1,32487.5,37212.3,60722.7,105001.8,2250.4,28.8,8.7,3051,25.1,9.1,199,666,884,1187,1710,2169,2972,2466,5844,534
1773784342,2,391434.1,378006.5,89195.4,86087.3,31314.5,32205.6,36848.2,60271.9,104990.2,2381.6,28.8,8.7,3243,25.1,9.2,199,666,885,1187,1710,2169,2972,2465,5842,535
1773784642,2,385018.6,373488.8,88348.4,85271.9,31133.4,31980.0,36608.3,59746.7,104978.7,2539.9,28.8,8.7,3471,25.1,9.2,198,666,884,1187,1710,2169,2972,2466,5844,536
1773784944,2,380077.6,369786.2,87481.3,84626.8,30929.3,31803.5,36265.7,59345.1,104966.9,2672.1,28.8,8.7,3657,25.1,9.2,199,666,885,1187,1710,2169,2971,2465,5843,535
1773785242,2,376725.7,365462.9,86623.6,84067.9,30782.8,31607.1,36001.5,58949.0,104953.4,2809.3,28.8,8.7,3810,25.1,9.2,199,666,884,1187,1710,2169,2971,2466,5843,535
1773785544,2,372368.5,362407.4,86101.1,83327.2,30571.0,31400.6,35871.9,58600.2,104939.0,2947.3,28.8,8.7,4010,25.1,9.2,199,666,884,1187,1710,2169,2971,2465,5844,535
1773785842,2,368967.8,360124.8,85477.8,82785.2,30449.9,31306.6,35607.2,58243.5,104925.5,3095.6,28.8,8.7,4179,25.1,9.2,199,666,884,1187,1710,2168,2970,2465,5841,534
1773786142,2,366548.4,357116.9,84948.7,82207.7,30248.2,31123.1,35406.4,57903.2,104911.8,3237.6,28.7,8.7,4357,25.0,9.2,199,666,884,1187,1710,2169,2971,2465,5843,535
1773786444,2,364029.3,354239.2,84356.7,81838.2,30174.0,30953.4,35297.9,57643.0,104897.5,3361.3,28.7,8.7,4529,25.0,9.2,199,666,884,1187,1710,2169,2972,2466,5844,535
1773787042,2,554351.8,541907.4,122764.3,118281.1,38696.8,39940.0,43859.9,72349.2,104615.0,255.6,28.6,7.7,470,24.8,7.9,199,666,884,1187,1710,2169,2971,2465,5842,535
1773787344,2,512423.8,499019.1,112917.9,109345.1,37046.2,38235.8,42860.7,70566.8,104629.1,393.7,28.6,8.1,635,24.9,8.3,199,666,884,1187,1710,2170,2971,2466,5843,535
1773787642,2,490672.1,477576.4,108587.4,105290.0,35963.4,37139.3,41937.0,69341.1,104629.7,522.2,28.6,8.2,822,24.9,8.5,199,665,884,1187,1710,2169,2972,2465,5844,535
1773787944,2,476319.0,463369.5,105569.0,102262.4,35219.3,36270.6,41248.4,68128.9,104627.6,655.3,28.7,8.3,1006,25.0,8.6,198,666,884,1187,1710,2169,2971,2465,5843,535
1773788242,2,464104.4,452277.3,103016.1,99549.9,34644.3,35653.0,40673.5,67148.5,104620.5,775.1,28.7,8.3,1173,25.0,8.7,199,666,884,1187,1710,2169,2971,2465,5842,534
1773788542,2,455109.3,443577.2,101279.2,97826.2,34156.3,35127.4,40206.9,66351.9,104613.0,918.2,28.6,8.4,1351,25.0,8.7,199,665,884,1186,1709,2168,2970,2464,5841,535
1773788844,2,447174.0,435638.6,99487.7,96389.0,33747.4,34718.6,39808.8,65552.5,104606.5,1054.8,28.6,8.4,1519,25.0,8.8,199,665,884,1186,1709,2168,2970,2464,5840,534
1773789142,2,439888.0,428446.6,98138.4,94980.1,33402.0,34363.1,39322.6,64900.0,104598.7,1187.1,28.6,8.4,1682,24.9,8.8,199,666,884,1187,1709,2169,2971,2465,5842,534
1773789442,2,433342.5,422808.7,96836.1,93633.4,33072.6,34087.9,39083.9,64254.2,104591.5,1305.6,28.6,8.4,1871,24.9,8.8,199,665,884,1187,1709,2168,2971,2464,5840,534
1773789744,2,428293.2,416603.1,95787.4,92563.7,32861.1,33797.6,38692.4,63688.2,104581.9,1462.0,28.6,8.4,2060,25.0,8.8,198,665,884,1187,1709,2168,2970,2464,5840,535
1773790042,2,423541.8,412545.4,95029.0,91412.4,32609.8,33583.9,38441.0,63218.1,104573.1,1578.0,28.6,8.4,2224,24.9,8.9,199,665,884,1186,1709,2168,2969,2464,5840,534
1773790342,2,418948.1,407745.0,93824.7,90598.2,32368.4,33304.8,38128.2,62616.5,104564.3,1715.7,28.6,8.4,2386,24.9,8.9,198,665,884,1187,1709,2168,2969,2464,5840,535
1773790644,2,413800.2,403219.0,92845.1,89761.3,32188.7,33088.5,37932.8,62355.1,104557.5,1862.9,28.6,8.5,2568,24.9,8.9,199,665,884,1187,1710,2168,2970,2465,5842,535
1773790942,2,410141.9,398806.9,92220.3,89160.6,31987.9,32891.3,37713.5,61856.0,104550.7,2008.1,28.6,8.5,2734,24.9,8.9,199,665,884,1186,1709,2167,2969,2464,5841,534
1773791242,2,405856.9,394429.8,91130.3,88365.6,31770.4,32673.1,37462.5,61361.7,104541.6,2128.1,28.6,8.5,2920,24.9,8.9,198,665,884,1187,1709,2168,2970,2464,5841,535
1773791544,2,402241.7,389614.0,90606.7,87603.8,31579.0,32464.3,37272.5,61103.8,104532.3,2274.4,28.6,8.5,3105,24.9,8.9,199,665,884,1186,1709,2167,2969,2463,5838,534
1773791842,2,399211.1,383146.7,89886.5,86693.8,31406.1,32274.7,37088.0,60742.1,104525.3,2421.3,28.6,8.5,3302,24.9,8.9,198,665,884,1186,1709,2168,2969,2464,5838,534
1773792142,2,393873.7,379347.6,89122.7,86213.7,31299.5,32109.6,36897.7,60233.2,104517.1,2557.3,28.6,8.5,3471,24.9,8.9,198,665,884,1186,1709,2167,2970,2464,5840,534
1773792444,2,389633.2,375726.8,88634.1,85498.5,31086.7,31892.8,36662.2,59895.0,104507.9,2664.7,28.6,8.5,3679,24.9,8.9,198,665,884,1186,1709,2167,2969,2463,5838,534
1773792742,2,383963.2,372305.7,88080.7,84757.9,30915.4,31774.7,36456.8,59607.8,104498.9,2814.5,28.6,8.5,3826,24.9,8.9,198,665,884,1186,1709,2167,2969,2463,5839,535
1773793042,2,381892.5,369565.3,87229.9,84317.5,30804.0,31621.3,36268.2,59294.1,104490.7,2939.1,28.6,8.5,3988,24.9,8.9,199,665,883,1186,1709,2167,2969,2464,5839,535
1773793344,2,378492.7,367188.8,86639.2,83723.3,30646.6,31473.7,36019.6,58889.2,104481.3,3083.2,28.6,8.5,4200,24.9,9.0,198,665,883,1186,1708,2167,2969,2463,5838,535
1773793642,2,375910.2,364105.5,86050.9,83371.8,30528.5,31281.6,35911.8,58669.8,104473.5,3216.7,28.6,8.5,4378,24.9,8.9,199,665,884,1187,1709,2167,2969,2464,5839,535
1773794240,2,566967.2,553215.2,123845.8,119128.9,38892.6,40142.3,44221.1,72748.9,104425.9,253.0,28.4,7.6,463,24.7,7.7,199,665,883,1187,1709,2168,2970,2464,5840,534
1773794542,2,519068.6,505165.0,113762.9,109806.0,37072.0,38310.2,43111.3,71088.2,104442.0,385.4,28.5,7.9,629,24.8,8.1,199,665,883,1186,1709,2167,2969,2463,5840,535
1773794844,2,499415.1,485956.9,109512.9,105909.7,36081.4,37259.1,42217.7,69891.2,104443.1,521.4,28.5,8.0,803,24.8,8.3,199,665,884,1186,1709,2167,2969,2463,5839,534
1773795142,2,485443.4,471552.8,106632.3,103154.5,35368.8,36466.8,41596.8,68738.2,104441.1,644.7,28.5,8.1,975,24.8,8.4,199,665,884,1187,1709,2167,2969,2463,5839,535
1773795442,2,474383.7,461577.8,104430.1,100933.5,34733.5,35780.4,40975.1,67749.0,104436.1,778.1,28.5,8.2,1128,24.8,8.5,199,665,883,1186,1708,2167,2969,2463,5838,534
1773795744,2,463971.6,451579.1,102369.7,98775.8,34284.8,35284.9,40549.3,67004.4,104431.4,902.9,28.5,8.2,1293,24.8,8.5,199,665,884,1186,1709,2168,2969,2464,5840,534
1773796042,2,455802.0,443975.5,101015.6,97344.4,33901.4,34901.4,40131.8,66196.4,104425.2,1020.2,28.5,8.2,1472,24.8,8.6,199,665,883,1186,1709,2168,2970,2464,5841,534
1773796342,2,448978.8,436349.7,99111.7,95896.4,33600.9,34542.4,39775.9,65444.3,104419.0,1152.6,28.5,8.2,1638,24.8,8.6,199,665,883,1186,1708,2167,2968,2463,5837,535
1773796644,2,443391.3,431364.5,98020.9,94903.3,33288.6,34261.1,39417.5,64949.9,104412.6,1300.7,28.5,8.3,1819,24.8,8.6,199,665,884,1186,1708,2167,2969,2463,5839,534
1773796942,2,438132.9,426539.2,96977.9,93793.6,33036.5,33964.1,39021.1,64435.8,104405.3,1405.3,28.5,8.3,1960,24.8,8.6,198,665,883,1186,1709,2167,2968,2462,5837,534
1773797242,2,432799.2,420939.1,96014.1,92560.5,32782.5,33753.9,38853.3,63784.9,104398.5,1538.1,28.5,8.3,2150,24.8,8.7,198,665,883,1186,1708,2168,2968,2463,5838,535
1773797544,2,427687.9,416480.0,95318.1,91844.7,32547.6,33472.9,38523.8,63349.2,104391.2,1661.0,28.5,8.3,2330,24.8,8.7,199,665,884,1187,1708,2167,2968,2463,5838,535
1773797842,2,424078.5,412534.2,94309.5,90915.9,32338.0,33218.6,38319.6,62935.4,104383.9,1798.8,28.5,8.3,2466,24.8,8.7,199,665,883,1186,1709,2168,2969,2464,5841,535
1773798142,2,418799.5,407658.2,93487.5,90211.6,32142.2,33039.8,38081.1,62511.6,104376.6,1946.4,28.5,8.3,2623,24.8,8.7,199,665,883,1186,1708,2167,2968,2463,5839,534
1773798442,2,415819.5,404879.0,92565.6,89545.0,31985.1,32883.9,37852.2,62151.6,104367.4,2065.5,28.5,8.3,2807,24.8,8.7,199,665,883,1186,1708,2167,2969,2463,5838,534
1773798742,2,412266.8,401232.4,91971.3,88842.4,31798.9,32682.9,37625.3,61714.7,104358.9,2209.0,28.5,8.3,3034,24.8,8.7,199,665,883,1186,1709,2167,2969,2464,5840,534
1773799044,2,408905.2,397842.0,91343.0,88298.5,31654.9,32486.8,37463.8,61389.3,104347.3,2331.4,28.5,8.3,3180,24.8,8.7,198,665,884,1186,1709,2168,2969,2464,5840,534
1773799342,2,405140.5,393090.1,90535.1,87532.3,31493.5,32339.3,37275.4,61031.2,104334.6,2467.7,28.5,8.3,3328,24.8,8.7,199,665,883,1186,1709,2167,2969,2464,5841,534
1773799642,2,402692.6,390181.2,90155.9,86884.1,31370.5,32216.4,37203.1,60723.2,104322.5,2587.2,28.5,8.3,3520,24.8,8.7,199,665,884,1186,1709,2167,2969,2463,5840,535
1773799944,2,398858.0,385085.1,89544.3,86323.3,31245.6,32050.3,36937.0,60328.2,104311.7,2707.1,28.4,8.4,3668,24.8,8.7,198,665,883,1186,1708,2167,2968,2463,5838,536
1773800242,2,396376.2,380906.5,88995.9,85695.1,31093.9,31930.3,36784.4,60054.9,104298.6,2878.5,28.4,8.3,3841,24.7,8.7,198,665,883,1186,1709,2166,2968,2463,5837,535
1773800544,2,394121.3,378876.0,88451.6,85339.0,30996.6,31786.7,36662.4,59767.4,104285.8,2991.7,28.4,8.3,4058,24.7,8.7,199,665,883,1186,1708,2166,2968,2463,5838,535
1773800842,2,389891.5,375266.4,87972.1,84755.1,30835.4,31649.9,36333.5,59426.2,104285.4,3118.4,28.4,8.3,4216,24.7,8.7,199,665,883,1186,1709,2167,2969,2463,5839,534
1773801444,2,587774.7,573257.7,127082.2,122316.1,39586.5,40884.0,44913.2,73795.9,104567.8,230.7,28.3,7.4,424,24.6,7.5,198,665,883,1186,1708,2167,2968,2463,5839,535
1773801742,2,538394.1,524723.6,116515.0,112606.2,37757.8,38987.1,43817.7,72294.4,104577.7,350.5,28.4,7.8,581,24.7,7.9,199,665,883,1186,1709,2167,2968,2463,5838,534
1773802042,2,519344.4,505130.7,112219.6,108724.5,36687.9,37936.8,42979.2,71157.3,104575.7,463.1,28.4,7.9,773,24.7,8.1,198,665,883,1186,1708,2166,2967,2463,5837,534
1773802344,2,505421.1,491738.2,109466.2,106057.4,36058.4,37165.7,42387.9,70152.3,104569.3,600.9,28.4,7.9,892,24.7,8.2,199,665,883,1186,1709,2166,2968,2463,5839,534
1773802642,2,495323.7,481713.6,107731.8,104080.2,35460.5,36598.8,41835.2,69273.5,104557.8,728.9,28.4,8.0,1061,24.7,8.2,198,665,883,1186,1708,2166,2967,2462,5836,534
1773802942,2,485234.9,473041.4,105867.0,102190.2,35067.5,36135.8,41423.8,68451.3,104546.4,828.7,28.4,8.0,1240,24.7,8.3,199,665,883,1187,1708,2166,2968,2462,5838,534
1773803244,2,477884.9,464542.0,104616.8,100924.8,34650.4,35761.6,41067.9,67747.6,104533.3,970.7,28.4,8.0,1377,24.7,8.3,198,665,883,1186,1708,2166,2967,2462,5836,534
1773803542,2,470545.5,458342.7,103303.5,99172.8,34393.9,35489.4,40639.4,67209.1,104521.1,1090.6,28.3,8.0,1571,24.7,8.3,198,664,882,1186,1708,2166,2967,2462,5837,534
1773803842,2,466564.5,453115.2,102073.2,98266.1,34113.1,35115.7,40320.2,66592.7,104506.8,1226.2,28.3,8.1,1695,24.7,8.4,199,665,883,1186,1709,2167,2969,2463,5840,534
1773804144,2,460949.7,448508.2,100887.1,97283.8,33907.5,34923.3,40104.7,66134.0,104494.3,1350.0,28.3,8.1,1864,24.6,8.4,199,665,883,1186,1708,2166,2967,2461,5835,534
1773804442,2,456424.8,442914.2,99822.5,96398.0,33624.5,34643.0,39835.8,65612.3,104480.4,1461.0,28.3,8.1,2042,24.6,8.4,198,664,883,1186,1708,2165,2966,2461,5836,535
1773804742,2,451173.3,438231.0,99142.4,95622.4,33422.0,34409.3,39681.1,65186.8,104467.0,1572.7,28.3,8.1,2177,24.6,8.4,198,665,882,1186,1708,2166,2967,2462,5837,535
1773805044,2,447199.7,434201.6,98470.2,94832.6,33236.3,34261.9,39383.6,64671.3,104453.1,1704.2,28.3,8.1,2384,24.6,8.4,199,665,883,1186,1708,2166,2967,2462,5836,535
1773805342,2,444082.9,431184.3,97561.0,94164.3,33063.6,34061.9,39077.3,64321.8,104439.1,1815.8,28.2,8.1,2513,24.6,8.4,198,664,883,1186,1708,2166,2967,2462,5837,535
1773805644,2,440647.2,427885.3,96938.6,93539.9,32884.6,33873.6,38906.7,64036.3,104425.6,1959.2,28.2,8.1,2684,24.6,8.5,199,665,883,1186,1708,2166,2967,2462,5836,534
1773805942,2,435774.8,423157.8,96257.1,92553.1,32779.6,33713.0,38726.3,63709.5,104415.5,2078.1,28.2,8.1,2848,24.5,8.5,199,665,883,1186,1708,2166,2967,2463,5838,535
1773806242,2,433879.1,420550.4,95552.2,91782.5,32562.9,33530.7,38592.0,63342.7,104402.0,2231.9,28.2,8.1,3044,24.5,8.5,198,665,883,1186,1708,2166,2969,2463,5839,535
1773806544,2,429461.6,416732.5,94986.7,91144.3,32456.4,33339.0,38363.6,62979.2,104389.4,2354.1,28.2,8.1,3165,24.5,8.5,198,665,883,1186,1708,2166,2968,2463,5837,535
1773806842,2,426782.8,414528.4,94414.3,90814.3,32281.4,33216.5,38235.9,62703.0,104376.3,2469.2,28.2,8.1,3347,24.5,8.5,198,665,882,1186,1708,2166,2967,2462,5837,534
1773807142,2,423795.2,411674.4,93832.9,90083.4,32171.6,33068.8,38030.8,62421.2,104363.5,2580.6,28.2,8.2,3544,24.5,8.4,199,665,882,1186,1708,2166,2967,2462,5837,535
1773807442,2,421240.8,409169.9,93276.4,89731.7,32015.7,32927.6,37951.7,62025.5,104351.1,2741.6,28.1,8.2,3663,24.5,8.4,198,665,883,1186,1708,2166,2967,2462,5837,535
1773807744,2,417612.4,406272.3,92763.4,89294.7,31914.8,32808.0,37759.4,61746.6,104338.7,2862.0,28.1,8.2,3873,24.4,8.5,198,665,882,1186,1708,2166,2967,2463,5836,535
1773808042,2,415411.3,403710.9,92198.5,88736.7,31781.6,32689.3,37611.6,61476.7,104328.1,2960.4,28.1,8.1,4001,24.4,8.4,199,664,883,1186,1708,2166,2967,2462,5836,535
1773808644,2,618011.2,601646.3,131583.9,126317.0,40608.6,41999.9,46097.9,75474.3,104538.2,247.2,28.0,7.3,417,24.2,7.3,198,665,882,1186,1708,2165,2967,2462,5835,535
1773808942,2,566980.9,550787.8,120909.9,116410.2,38673.9,40017.4,44882.8,73995.8,104548.5,349.9,28.0,7.6,608,24.3,7.7,199,665,882,1186,1708,2166,2967,2462,5838,535
1773809242,2,546395.1,531297.4,116616.6,112351.5,37620.8,38932.2,44051.8,72838.6,104547.4,466.6,28.0,7.7,735,24.4,7.9,199,665,882,1186,1708,2165,2967,2462,5837,535
1773809544,2,532700.4,518289.3,113815.0,109806.4,36915.5,38176.4,43432.3,71901.7,104539.2,577.5,28.1,7.8,895,24.4,8.0,199,665,882,1186,1707,2166,2967,2463,5837,535
1773809842,2,521492.6,507271.4,111554.2,107681.3,36365.9,37580.4,42892.9,70879.4,104529.3,705.8,28.1,7.8,1035,24.4,8.0,199,665,883,1186,1708,2167,2968,2463,5837,535
1773810144,2,512405.2,497304.7,109940.4,105998.5,35889.4,37083.9,42414.3,70095.2,104518.0,825.1,28.1,7.8,1209,24.4,8.1,199,665,883,1186,1708,2166,2968,2463,5838,535
1773810442,2,504210.3,489918.6,108552.2,104442.1,35555.8,36684.2,42133.5,69558.4,104506.8,955.3,28.0,7.9,1340,24.4,8.1,198,665,883,1186,1708,2167,2968,2463,5839,534
1773810742,2,497376.3,483130.7,107145.2,103326.8,35264.4,36334.5,41752.1,68971.0,104495.1,1079.1,28.0,7.9,1506,24.4,8.1,199,665,882,1186,1708,2167,2968,2462,5838,535
1773811044,2,491662.4,477183.9,106059.8,102318.5,34980.6,36069.2,41484.9,68220.9,104484.0,1181.5,28.0,7.9,1672,24.4,8.1,198,664,882,1186,1708,2166,2967,2462,5837,535
1773811342,2,485471.3,471221.7,104925.0,101425.2,34710.5,35781.2,41185.9,67828.6,104471.4,1302.9,28.0,7.9,1794,24.3,8.2,198,665,882,1186,1708,2166,2967,2462,5838,535
1773811644,2,479679.8,466171.9,104051.8,100208.6,34464.5,35545.3,40868.9,67310.0,104461.3,1457.5,28.0,7.9,1990,24.3,8.1,198,665,883,1187,1708,2166,2968,2462,5838,534
1773811942,2,475404.2,461741.3,103244.9,99191.2,34253.8,35328.9,40690.2,66924.5,104449.3,1548.0,28.0,7.9,2127,24.3,8.2,199,665,882,1186,1708,2166,2968,2462,5837,534
1773812242,2,470787.8,457544.3,102376.9,98527.9,34075.4,35091.8,40415.2,66495.0,104438.8,1663.8,28.0,7.9,2287,24.3,8.2,198,665,883,1186,1708,2166,2967,2462,5838,535
1773812544,2,467303.8,452897.3,101734.0,97438.5,33861.3,34895.5,40209.1,66049.4,104427.7,1792.7,28.0,8.0,2440,24.3,8.2,198,665,882,1186,1708,2166,2968,2463,5838,535
1773812842,2,463305.9,448806.7,100873.0,96747.4,33679.2,34713.2,39979.8,65745.5,104416.6,1896.4,28.0,8.0,2611,24.3,8.2,199,665,883,1187,1708,2166,2966,2462,5836,534
1773813142,2,459352.8,446721.5,100142.4,96229.3,33471.0,34506.1,39763.5,65213.7,104406.8,2031.0,28.0,8.0,2740,24.3,8.2,198,665,882,1186,1708,2166,2967,2462,5837,535
1773813444,2,454707.1,442018.6,99130.0,95622.9,33357.8,34352.5,39595.2,64839.2,104396.8,2141.3,27.9,8.0,2904,24.3,8.2,198,664,882,1186,1708,2166,2967,2462,5836,535
1773813742,2,451330.8,437998.2,98685.8,94784.9,33172.6,34168.5,39321.5,64606.0,104385.9,2249.8,28.0,8.0,3105,24.3,8.2,198,665,882,1186,1708,2165,2966,2461,5833,534
1773814044,2,447790.2,435044.3,97703.6,94017.9,33025.2,34014.9,39108.9,64238.0,104375.5,2387.9,27.9,8.0,3229,24.3,8.2,198,665,882,1186,1708,2166,2967,2462,5837,535
1773814342,2,445367.8,431560.2,97339.5,93523.0,32826.4,33852.0,38988.9,63978.9,104366.2,2503.7,27.9,8.0,3405,24.3,8.3,198,665,882,1186,1708,2166,2967,2462,5835,535
1773814642,2,441587.7,428748.2,96693.7,92838.2,32722.3,33672.6,38788.6,63491.4,104357.1,2644.1,27.9,8.0,3574,24.2,8.2,198,665,882,1187,1709,2166,2968,2463,5838,534
1773814942,2,438951.6,426875.3,96083.0,92437.8,32559.1,33551.5,38597.0,63295.4,104349.1,2757.8,27.9,8.0,3736,24.2,8.3,198,665,882,1186,1708,2166,2967,2462,5836,534
1773815242,2,435869.7,423887.0,95607.6,91541.1,32446.9,33375.4,38444.0,63001.2,104339.4,2859.6,27.9,8.0,3867,24.2,8.3,199,665,882,1186,1708,2166,2966,2462,5836,534
1773815842,2,639608.2,621235.8,134043.5,128292.0,41035.3,42364.1,46565.0,76123.6,104542.8,218.6,27.7,7.2,382,24.0,7.1,198,665,882,1186,1708,2166,2967,2462,5835,535
1773816142,2,585441.1,568897.0,123005.2,118300.3,38961.4,40383.8,45410.7,74701.6,104553.7,328.2,27.8,7.5,562,24.1,7.6,198,665,882,1186,1707,2165,2966,2461,5835,535
1773816444,2,565301.6,548523.1,118934.8,114375.8,38018.0,39307.6,44632.5,73506.5,104553.8,448.0,27.9,7.6,704,24.2,7.7,198,664,882,1186,1708,2165,2966,2461,5834,534
1773816742,2,550843.1,534889.8,115940.7,111714.9,37298.1,38490.7,43881.1,72586.2,104549.1,554.5,27.9,7.7,842,24.2,7.8,198,665,882,1186,1708,2166,2966,2461,5834,534
1773817042,2,539314.9,523086.5,113849.2,109641.4,36737.6,37881.1,43421.0,71734.2,104542.3,665.4,27.9,7.7,1015,24.2,7.8,198,665,882,1186,1708,2165,2967,2462,5836,535
1773817344,2,530356.8,514399.1,112083.1,107806.1,36238.6,37458.5,42981.4,71022.3,104533.5,802.7,27.9,7.7,1134,24.2,7.9,199,665,882,1186,1708,2165,2966,2462,5836,534
1773817642,2,522135.0,506546.3,110667.4,106472.5,35912.7,37059.6,42582.9,70364.1,104525.8,907.2,27.9,7.8,1297,24.2,7.9,198,665,882,1186,1708,2165,2967,2462,5837,535
1773817942,2,514456.8,500222.2,109205.0,105229.2,35534.7,36656.6,42202.4,69765.5,104518.1,1023.0,27.9,7.7,1435,24.2,8.0,198,664,882,1186,1709,2165,2967,2462,5838,535
1773818244,2,509082.8,492950.6,108169.2,104067.7,35267.9,36418.9,41878.8,69037.5,104508.9,1132.8,27.9,7.8,1594,24.2,8.0,198,665,882,1186,1708,2166,2966,2462,5836,535
1773818542,2,501403.0,486561.4,107019.7,102983.5,34979.6,36151.7,41592.9,68690.6,104499.9,1265.1,27.9,7.8,1752,24.2,8.0,198,665,882,1186,1708,2166,2967,2463,5836,535
1773818842,2,496771.5,481984.7,105991.0,102010.4,34798.2,35860.0,41333.3,68128.3,104491.0,1391.1,27.9,7.8,1924,24.2,8.0,198,665,882,1186,1707,2165,2966,2461,5834,535
1773819144,2,491754.3,476723.4,105146.1,101208.4,34538.0,35633.6,41094.2,67656.2,104481.7,1487.7,27.9,7.8,2071,24.2,8.0,198,664,882,1186,1707,2164,2965,2461,5833,535
1773819442,2,486463.2,472592.0,104484.4,100085.1,34363.6,35406.3,40792.9,67134.5,104473.3,1619.1,27.8,7.8,2172,24.2,8.0,198,664,882,1186,1708,2166,2967,2462,5835,535
1773819742,2,482329.8,467427.3,103569.4,99337.2,34158.8,35154.6,40659.0,66781.6,104464.3,1713.3,27.9,7.9,2353,24.2,8.0,198,665,882,1186,1708,2165,2967,2462,5836,535
1773820042,2,477545.1,462512.3,102682.7,98698.2,33974.7,35004.7,40418.1,66367.5,104454.8,1826.2,27.9,7.8,2495,24.2,8.1,198,664,882,1186,1707,2165,2966,2461,5835,535
1773820342,2,474259.8,459836.6,101924.5,97754.2,33752.7,34795.9,40177.4,65906.1,104446.7,1976.1,27.9,7.8,2659,24.2,8.1,198,664,882,1186,1708,2165,2966,2461,5835,534
1773820644,2,470458.5,456119.6,101359.4,97096.2,33644.2,34658.3,39956.3,65521.1,104439.0,2081.0,27.9,7.9,2789,24.2,8.1,198,665,882,1186,1707,2165,2966,2462,5835,534
1773820942,2,466443.0,451994.9,100421.2,96459.2,33517.1,34409.1,39658.2,65237.6,104432.0,2192.7,27.9,7.9,2969,24.2,8.1,198,665,881,1186,1707,2164,2965,2460,5832,534
1773821242,2,461784.9,447645.5,99565.1,95689.8,33288.6,34229.9,39495.1,65002.7,104424.5,2292.5,27.9,7.8,3143,24.2,8.1,198,665,882,1186,1708,2165,2966,2461,5835,535
1773821544,2,459189.8,444636.3,98903.7,95090.8,33129.3,34088.8,39282.6,64542.1,104415.7,2408.8,27.9,7.9,3285,24.2,8.1,199,665,882,1185,1707,2164,2965,2461,5833,535
1773821842,2,454907.3,441100.9,98452.2,94579.6,32960.9,33993.9,39142.3,64259.1,104408.4,2527.6,27.9,7.9,3421,24.2,8.1,198,664,882,1186,1707,2164,2965,2461,5834,535
1773822142,2,451667.7,437723.6,97697.0,93686.3,32785.0,33770.0,38906.1,63919.7,104399.5,2649.5,27.9,7.9,3563,24.2,8.1,198,664,882,1186,1707,2163,2965,2460,5832,534
1773822440,2,449344.5,434513.2,97245.3,93290.7,32663.7,33526.6,38757.3,63667.1,104391.0,2787.2,27.9,7.9,3729,24.2,8.1,198,664,882,1186,1707,2164,2965,2461,5832,534
1773823044,2,662702.3,642189.5,137005.3,130994.4,41580.4,42976.4,47216.9,77173.1,104558.6,200.6,27.7,7.1,355,24.0,7.1,198,664,882,1186,1707,2164,2965,2461,5833,534
1773823342,2,607610.2,590341.1,125849.8,120914.8,39521.7,40897.6,46132.0,75705.2,104570.5,317.0,27.8,7.4,513,24.1,7.4,198,664,882,1185,1707,2164,2964,2461,5833,534
1773823642,2,587182.8,569566.7,121496.4,116775.4,38495.3,39865.7,45244.4,74665.0,104570.0,424.0,27.8,7.5,671,24.1,7.6,198,664,881,1186,1707,2164,2965,2460,5832,534
1773823944,2,575167.3,556570.5,118766.7,114187.5,37829.6,39117.9,44620.8,73592.4,104565.0,546.1,27.8,7.6,818,24.1,7.7,198,664,882,1185,1707,2164,2965,2460,5833,534
1773824242,2,561212.2,544107.8,116618.5,112113.6,37260.7,38588.1,44048.8,72771.2,104559.0,637.3,27.8,7.6,962,24.1,7.7,198,665,882,1186,1707,2165,2965,2461,5835,535
1773824544,2,551206.3,534593.2,114601.5,110143.2,36795.4,38049.2,43593.7,72117.0,104551.8,752.6,27.8,7.6,1100,24.1,7.8,198,664,882,1185,1707,2165,2965,2461,5834,534
1773824842,2,544014.4,527454.1,113196.5,108959.6,36413.0,37601.0,43215.9,71412.6,104544.0,866.8,27.8,7.7,1269,24.1,7.8,198,664,882,1186,1708,2165,2966,2461,5834,534
1773825142,2,535436.4,518785.0,111756.3,107427.3,36068.7,37285.9,42858.9,70755.0,104536.6,983.6,27.8,7.7,1378,24.2,7.8,198,665,882,1186,1707,2164,2965,2461,5834,534
1773825444,2,528750.8,512231.0,110624.6,106312.3,35801.4,36961.3,42533.6,70273.7,104527.2,1119.6,27.8,7.7,1525,24.1,7.9,198,664,882,1185,1707,2164,2965,2460,5833,535
1773825742,2,523041.3,505980.4,109549.7,105333.8,35521.0,36634.1,42238.1,69816.9,104518.2,1220.9,27.8,7.7,1705,24.1,7.9,198,664,882,1185,1707,2164,2965,2461,5834,535
1773826044,2,517157.2,501472.6,108414.8,104458.3,35279.5,36373.2,41946.3,69266.7,104509.3,1338.7,27.8,7.7,1849,24.1,7.9,198,664,882,1186,1707,2164,2965,2460,5834,534
1773826342,2,512330.1,497112.5,107755.5,103584.9,35035.8,36188.8,41722.6,68709.4,104500.9,1433.1,27.8,7.7,2002,24.2,7.9,198,664,882,1185,1706,2164,2965,2460,5834,534
1773826642,2,506978.9,490678.2,106843.2,102754.6,34912.3,35940.9,41408.2,68299.8,104492.0,1560.9,27.8,7.7,2114,24.1,7.9,198,664,882,1185,1707,2163,2964,2460,5831,535
1773826944,2,502199.2,486317.6,105910.0,101773.2,34616.0,35815.5,41242.0,67818.1,104483.7,1674.7,27.8,7.7,2248,24.1,8.0,198,665,882,1185,1707,2164,2965,2460,5834,534
1773827242,2,498094.8,482567.6,105212.7,101029.8,34434.2,35556.9,40960.0,67590.9,104475.0,1764.9,27.8,7.8,2446,24.2,7.9,198,664,882,1186,1707,2164,2966,2461,5835,535
1773827544,2,493199.7,478213.0,104340.4,100364.0,34303.1,35338.8,40790.7,67158.1,104466.5,1884.0,27.8,7.8,2532,24.1,8.0,198,664,882,1185,1707,2163,2964,2460,5833,534
1773827842,2,488966.5,473502.0,103856.2,99534.9,34078.7,35175.9,40546.0,66728.0,104458.4,2010.1,27.8,7.7,2724,24.1,8.0,198,664,882,1185,1706,2164,2964,2460,5833,534
1773828142,2,486155.3,470477.0,103237.6,99027.0,33922.4,34951.2,40416.2,66471.0,104450.5,2133.1,27.8,7.8,2915,24.1,8.0,198,664,881,1185,1706,2163,2963,2459,5831,534
1773828444,2,481804.4,466376.6,102579.6,98098.9,33757.3,34763.2,40118.4,66114.8,104441.3,2239.1,27.8,7.8,3048,24.1,7.9,198,664,882,1185,1706,2164,2963,2460,5832,534
1773828742,2,477961.4,462799.1,101614.9,97383.7,33616.8,34591.4,39995.2,65745.2,104432.4,2348.4,27.8,7.8,3194,24.1,8.0,198,664,881,1185,1706,2164,2963,2460,5832,534
1773829042,2,473994.2,459494.9,101097.6,96863.9,33486.0,34460.3,39808.6,65378.1,104423.6,2451.5,27.8,7.8,3312,24.2,8.0,198,664,881,1185,1706,2163,2964,2460,5832,534
1773829342,2,470815.0,455578.9,100542.9,96208.2,33297.8,34288.2,39566.3,65164.9,104415.6,2578.3,27.8,7.8,3495,24.2,8.0,198,664,881,1185,1706,2163,2964,2460,5832,534
1773829642,2,467890.0,453324.2,99699.9,95773.6,33190.0,34212.9,39400.0,64787.6,104407.2,2713.5,27.8,7.8,3611,24.1,8.0,198,664,882,1186,1706,2164,2965,2460,5833,535
1773830242,2,693584.4,671177.3,140614.3,134526.2,42528.7,43888.9,47755.8,78240.3,104609.5,203.8,27.7,7.0,381,24.0,6.9,198,664,882,1185,1707,2163,2964,2460,5832,534
1773830542,2,633702.5,614237.9,128815.8,123759.9,40156.2,41629.6,46687.2,76695.1,104620.9,314.4,27.7,7.3,517,24.0,7.3,198,664,881,1185,1706,2162,2963,2459,5830,535
1773830844,2,611134.1,591909.7,124263.8,119361.9,39104.2,40535.7,45938.9,75680.6,104621.3,432.0,27.8,7.4,664,24.1,7.5,198,664,881,1185,1706,2163,2964,2459,5830,534
1773831142,2,597291.8,578388.2,121545.5,116914.3,38398.1,39767.5,45177.1,74721.2,104616.4,543.8,27.8,7.5,821,24.1,7.6,198,664,882,1186,1707,2163,2964,2460,5832,535
1773831444,2,585285.4,567274.9,119299.9,114750.4,37837.2,39166.6,44669.5,73895.1,104609.8,651.0,27.8,7.5,962,24.1,7.6,198,664,882,1185,1706,2163,2964,2460,5831,534
1773831742,2,575967.2,556323.8,117589.8,113145.0,37383.7,38800.9,44212.1,73062.4,104600.9,751.0,27.8,7.6,1124,24.1,7.6,198,664,882,1185,1706,2163,2964,2460,5833,534
1773832042,2,566372.5,547689.9,116067.6,111528.2,37007.6,38352.0,43832.2,72482.8,104593.1,857.2,27.8,7.6,1255,24.1,7.7,198,665,881,1186,1706,2164,2964,2460,5832,534
1773832344,2,558377.2,541522.0,114747.7,110228.0,36644.6,37969.1,43476.4,71894.7,104585.1,974.6,27.8,7.6,1386,24.1,7.7,198,664,882,1185,1706,2164,2964,2460,5832,534
1773832642,2,550263.0,533457.6,113405.8,109075.5,36398.9,37571.9,43074.8,71324.8,104577.4,1088.9,27.8,7.6,1535,24.1,7.8,198,664,881,1185,1706,2163,2963,2459,5830,534
1773832942,2,546030.7,528276.2,112589.2,108113.2,36121.6,37348.0,42792.4,70776.5,104567.8,1200.8,27.8,7.6,1660,24.1,7.8,198,664,882,1185,1706,2163,2963,2460,5831,534
1773833244,2,539457.7,522398.9,111313.7,107145.9,35835.5,37065.9,42490.7,70345.7,104558.6,1313.8,27.8,7.6,1812,24.1,7.8,198,664,881,1185,1706,2163,2963,2459,5830,534
1773833542,2,534237.2,517024.7,110567.2,106193.5,35640.4,36827.7,42211.4,69868.7,104549.3,1422.2,27.8,7.6,1967,24.1,7.8,198,664,882,1186,1707,2163,2963,2460,5831,534
1773833842,2,527611.8,511046.7,109482.0,105171.1,35447.4,36596.9,42016.1,69446.5,104540.1,1519.3,27.8,7.6,2084,24.1,7.8,198,664,882,1185,1707,2164,2964,2460,5832,534
1773834144,2,522558.8,505828.2,108655.9,104361.2,35214.0,36328.8,41771.9,69049.1,104530.9,1626.9,27.8,7.7,2218,24.1,7.8,198,664,881,1185,1706,2162,2963,2459,5831,534
1773834442,2,519469.1,502770.5,108062.0,103888.8,35026.1,36178.0,41588.3,68685.6,104521.7,1741.0,27.8,7.7,2336,24.1,7.8,198,664,882,1185,1706,2164,2964,2460,5832,534
1773834742,2,514570.1,497009.6,107215.1,103045.7,34896.9,36025.0,41334.1,68270.8,104513.5,1860.9,27.8,7.7,2525,24.1,7.8,198,664,881,1185,1706,2163,2962,2459,5830,534
1773835042,2,509806.6,493017.2,106449.0,102253.0,34719.7,35711.6,41154.7,67989.2,104505.2,1972.4,27.8,7.7,2666,24.1,7.9,198,664,881,1186,1706,2163,2963,2460,5832,534
1773835342,2,506519.5,489522.3,105813.6,101663.9,34438.5,35609.5,40973.8,67572.8,104496.8,2092.2,27.8,7.7,2816,24.1,7.9,198,664,881,1185,1706,2163,2964,2460,5832,534
1773835644,2,501602.6,485174.0,104910.1,100772.8,34287.2,35451.9,40785.5,67200.3,104487.9,2192.5,27.8,7.7,2972,24.1,7.9,198,664,882,1185,1706,2163,2963,2459,5830,534
1773835942,2,498135.2,482294.6,104453.1,100334.9,34171.1,35216.2,40564.3,66733.3,104480.2,2316.2,27.8,7.7,3153,24.1,7.9,198,664,881,1185,1706,2163,2963,2459,5830,534
1773836242,2,494459.8,478515.4,103704.4,99337.3,33992.6,35020.6,40340.9,66587.6,104471.5,2433.6,27.8,7.7,3296,24.1,7.9,198,664,881,1185,1706,2163,2963,2459,5831,535
1773836544,2,491565.7,474609.9,103352.7,98805.9,33854.7,34898.0,40228.7,66123.0,104462.6,2541.0,27.8,7.7,3394,24.1,7.9,198,664,881,1185,1705,2163,2962,2459,5830,534
1773836842,2,486658.9,471835.2,102531.9,97884.8,33708.7,34781.1,40076.2,65923.4,104454.4,2641.9,27.8,7.7,3558,24.1,7.9,198,664,881,1185,1706,2163,2962,2459,5831,534
1773837444,2,725666.5,700984.8,144106.7,137785.4,43179.3,44570.0,48259.2,79243.1,104596.6,194.7,27.7,7.0,293,23.9,6.9,198,664,881,1185,1705,2163,2962,2459,5830,534
1773837742,2,658439.8,638986.9,131824.3,126358.8,40692.6,42253.3,47148.3,77460.3,104610.0,306.5,27.7,7.2,507,24.0,7.2,198,664,881,1185,1706,2162,2962,2459,5829,534
1773838042,2,634681.8,614674.2,126805.1,122005.6,39626.9,41130.8,46342.9,76340.6,104610.3,403.5,27.8,7.3,640,24.1,7.4,198,664,881,1185,1706,2163,2963,2459,5830,535
1773838344,2,620819.8,601237.8,124325.8,119445.5,38967.6,40412.9,45801.6,75566.9,104606.3,516.9,27.8,7.4,761,24.1,7.5,198,664,881,1185,1707,2163,2964,2460,5832,534
1773838642,2,608393.6,588418.3,122044.6,117206.3,38427.3,39805.2,45201.3,74726.6,104598.3,606.2,27.8,7.5,936,24.1,7.5,198,664,881,1185,1705,2162,2963,2459,5831,535
1773838944,2,599634.9,580122.1,120297.9,115718.9,38018.6,39352.0,44715.9,74145.8,104588.9,718.4,27.8,7.5,1065,24.1,7.6,198,664,881,1185,1705,2162,2963,2459,5830,534
1773839242,2,590426.2,571338.5,118918.3,114250.9,37606.6,39000.7,44360.4,73421.9,104580.2,816.8,27.8,7.5,1180,24.1,7.6,198,664,882,1185,1706,2163,2963,2459,5830,534
1773839542,2,584124.7,564549.8,117782.6,113036.7,37286.9,38558.3,44038.8,73018.1,104569.8,931.5,27.8,7.5,1297,24.1,7.6,198,664,881,1185,1706,2163,2963,2459,5831,534
1773839844,2,577698.6,559142.8,116522.3,112081.7,37031.4,38262.0,43684.3,72513.1,104560.3,1034.1,27.8,7.5,1465,24.1,7.7,198,664,881,1185,1705,2162,2963,2459,5831,534
1773840142,2,569333.1,550412.8,115235.1,110590.6,36742.8,38000.3,43387.4,71899.7,104550.3,1126.0,27.8,7.5,1587,24.1,7.7,198,664,882,1185,1706,2163,2963,2459,5830,534
1773840442,2,562902.2,544858.4,114245.5,109827.9,36433.9,37713.8,43172.8,71531.2,104540.8,1243.6,27.8,7.6,1724,24.1,7.7,198,664,882,1185,1706,2164,2964,2459,5832,534
1773840744,2,557254.9,539053.9,113440.1,108932.9,36222.8,37449.0,42846.5,71008.6,104531.3,1365.6,27.8,7.5,1865,24.1,7.7,198,664,881,1185,1705,2162,2962,2458,5829,534
1773841042,2,552785.3,534862.4,112596.9,108088.4,35984.0,37298.8,42662.4,70574.2,104521.4,1466.0,27.8,7.6,2020,24.1,7.7,198,664,881,1185,1705,2162,2962,2458,5828,534
1773841342,2,545967.6,528008.9,111331.2,107006.7,35780.6,36993.1,42425.0,70084.5,104512.7,1566.4,27.8,7.6,2144,24.1,7.7,198,664,881,1185,1705,2162,2963,2459,5832,534
1773841640,2,542909.8,523929.4,110847.1,106448.3,35624.1,36850.8,42186.2,69694.3,104503.3,1691.1,27.8,7.6,2295,24.1,7.8,198,664,881,1185,1706,2163,2963,2459,5830,534
1773841942,2,538032.5,519021.5,110107.1,105557.8,35450.8,36612.5,41931.2,69510.5,104493.6,1787.3,27.8,7.6,2414,24.1,7.8,198,664,882,1185,1705,2163,2963,2459,5830,534
1773842244,2,533722.1,515323.8,109335.8,104880.1,35226.3,36478.8,41738.0,68979.8,104484.4,1888.8,27.8,7.6,2569,24.1,7.8,198,664,881,1185,1706,2163,2963,2459,5831,534
1773842542,2,528809.8,510826.8,108406.7,104247.8,35034.0,36212.5,41606.6,68665.8,104474.9,2010.5,27.8,7.6,2703,24.1,7.8,198,664,882,1185,1706,2163,2962,2459,5830,534
1773842842,2,523613.4,506285.5,108004.0,103527.0,34881.6,36058.4,41416.0,68294.4,104467.1,2129.2,27.8,7.6,2878,24.1,7.8,198,664,881,1185,1706,2163,2963,2459,5830,534
1773843144,2,520356.4,502347.6,107275.3,102752.0,34707.2,35868.4,41220.1,67977.9,104459.0,2233.7,27.8,7.6,3004,24.1,7.8,198,664,881,1185,1706,2162,2962,2459,5830,534
1773843442,2,517313.8,500078.4,106677.3,102358.6,34574.8,35749.8,41030.6,67688.7,104449.6,2353.3,27.8,7.6,3141,24.1,7.8,198,664,881,1185,1705,2162,2962,2458,5829,534
1773843742,2,514072.2,495974.0,106068.6,101895.5,34437.6,35635.7,40888.6,67231.1,104439.5,2456.2,27.8,7.6,3273,24.1,7.8,198,664,881,1185,1705,2162,2962,2458,5830,535
1773844044,2,509101.8,492371.5,105281.1,100849.7,34248.7,35446.4,40701.1,67040.0,104430.7,2577.4,27.8,7.6,3421,24.1,7.9,198,664,882,1185,1705,2162,2962,2459,5830,535
1773844642,2,759319.8,732196.3,147610.9,140606.7,43818.2,45280.8,48828.1,80012.7,104613.6,189.4,27.6,6.9,346,23.9,6.8,198,664,881,1185,1705,2162,2962,2458,5829,534
1773844942,2,685480.6,661834.7,134537.0,129113.5,41256.6,42899.4,47664.2,78522.7,104623.0,306.5,27.7,7.2,497,24.0,7.2,198,664,881,1185,1706,2163,2962,2459,5831,534
1773845242,2,661856.3,641379.0,130189.9,124799.9,40207.3,41696.2,46884.6,77547.6,104622.6,399.9,27.7,7.3,637,24.1,7.3,198,664,881,1185,1706,2162,2962,2458,5830,534
1773845544,2,646286.9,624758.4,127361.6,122168.5,39575.1,41033.4,46365.1,76644.8,104617.6,482.9,27.8,7.3,743,24.1,7.4,198,664,881,1184,1706,2162,2961,2458,5829,534
1773845842,2,636078.5,614024.4,125143.4,119970.6,39034.8,40399.5,45816.7,75941.7,104609.5,593.0,27.8,7.4,885,24.1,7.4,198,664,881,1185,1705,2162,2962,2459,5830,534
1773846142,2,624414.1,603332.9,123433.8,118263.4,38605.4,39989.5,45329.7,75094.4,104601.6,698.1,27.8,7.4,983,24.1,7.5,198,664,881,1185,1705,2163,2962,2459,5830,535
1773846444,2,615435.9,594589.3,121759.8,116794.8,38182.9,39582.2,44943.2,74468.9,104593.3,796.3,27.8,7.4,1166,24.1,7.5,198,664,881,1185,1706,2162,2963,2460,5830,535
1773846742,2,607244.8,587084.8,120498.9,115524.4,37846.3,39201.5,44671.0,73960.3,104584.2,909.4,27.8,7.4,1303,24.1,7.5,198,664,881,1185,1706,2163,2962,2459,5830,534
1773847044,2,600010.8,579736.9,119032.8,114395.4,37560.3,38863.4,44283.6,73372.3,104575.2,1003.6,27.8,7.4,1414,24.1,7.6,198,664,882,1185,1705,2162,2961,2458,5827,534
1773847342,2,592720.9,573134.1,118058.3,113324.0,37326.8,38583.3,43984.6,73009.5,104566.4,1108.8,27.8,7.5,1541,24.1,7.5,198,664,881,1185,1705,2162,2961,2458,5828,534
1773847642,2,587107.2,566582.3,116860.6,112280.4,37035.8,38341.2,43718.6,72541.5,104556.5,1227.9,27.8,7.5,1692,24.1,7.6,198,664,881,1184,1705,2162,2962,2458,5829,534
1773847944,2,582421.0,562176.4,116233.2,111399.6,36798.9,38018.5,43375.3,72048.9,104546.6,1309.8,27.8,7.5,1786,24.1,7.6,198,664,881,1184,1705,2162,2962,2458,5829,533
1773848242,2,574176.7,554984.6,114892.7,110246.5,36526.0,37859.6,43241.4,71581.9,104537.4,1420.0,27.8,7.5,1965,24.1,7.6,198,664,881,1185,1705,2162,2961,2459,5830,533
1773848542,2,569103.0,548181.7,113937.1,109382.1,36329.8,37609.3,43016.5,71143.4,104528.8,1531.2,27.8,7.5,2080,24.1,7.7,198,664,881,1185,1705,2162,2962,2459,5829,535
1773848844,2,564809.9,543954.4,113110.8,108650.3,36164.4,37440.9,42806.4,70842.2,104518.6,1628.2,27.8,7.5,2181,24.1,7.7,198,664,881,1185,1705,2162,2961,2458,5827,534
1773849142,2,560827.6,541755.6,112820.3,108105.1,35974.9,37262.5,42515.8,70477.3,104508.9,1736.8,27.8,7.5,2370,24.1,7.7,198,664,882,1185,1705,2162,2962,2459,5831,535
1773849444,2,554895.8,535451.5,112051.5,107366.1,35821.1,37020.7,42335.4,70195.2,104499.5,1833.7,27.8,7.5,2491,24.1,7.7,198,664,881,1185,1706,2162,2962,2458,5828,534
1773849742,2,551998.3,532547.7,111495.8,106775.2,35674.9,36783.8,42129.9,69773.5,104489.8,1960.6,27.8,7.5,2616,24.1,7.7,198,664,882,1185,1705,2163,2962,2459,5830,534
1773850042,2,548507.7,528884.2,110812.7,106168.1,35480.7,36637.0,41960.0,69466.2,104479.8,2061.0,27.8,7.6,2772,24.1,7.7,198,664,881,1184,1705,2161,2961,2458,5828,534
1773850344,2,543558.8,524512.1,110107.6,105532.0,35346.7,36490.3,41809.5,69117.9,104470.1,2154.6,27.8,7.6,2899,24.1,7.7,198,664,881,1185,1706,2162,2962,2459,5829,534
1773850642,2,538984.7,520345.7,109319.6,104839.6,35143.1,36312.1,41583.0,68964.6,104460.5,2261.1,27.8,7.5,3020,24.1,7.7,198,664,881,1185,1706,2163,2963,2459,5831,534
1773850942,2,536386.9,518276.2,108857.2,104552.5,35009.0,36161.7,41415.4,68459.1,104451.3,2378.2,27.8,7.6,3174,24.1,7.7,198,664,881,1185,1705,2162,2961,2458,5829,534
1773851244,2,532473.7,513992.4,108052.4,103746.7,34862.3,35984.0,41237.0,68176.7,104443.1,2465.7,27.8,7.6,3365,24.1,7.7,198,664,881,1185,1705,2162,2961,2459,5828,534
1773851844,2,788284.1,760643.8,150158.8,143304.6,44371.4,45820.1,49283.6,80827.9,104694.0,198.0,27.6,6.8,346,23.9,6.7,198,664,881,1185,1705,2162,2961,2457,5827,534
1773852142,2,709352.3,682075.4,136359.5,130786.4,41643.0,43433.4,48121.4,79172.4,104703.6,302.8,27.7,7.1,508,24.0,7.0,198,664,881,1184,1704,2161,2959,2457,5825,533
1773852442,2,683017.4,658719.3,132114.6,126602.2,40619.1,42099.0,47318.7,78249.1,104702.0,419.8,27.7,7.2,627,24.0,7.2,198,664,881,1184,1705,2161,2960,2458,5828,534
1773852744,2,668681.5,646028.8,129471.0,124127.0,39962.6,41401.8,46708.1,77458.9,104695.5,492.0,27.7,7.3,748,24.0,7.3,198,664,881,1185,1705,2161,2961,2458,5828,534
1773853042,2,654849.8,632444.8,126993.3,121683.8,39411.6,40904.7,46283.2,76744.6,104688.1,601.7,27.7,7.3,880,24.0,7.3,198,664,881,1185,1705,2161,2961,2458,5827,534
1773853342,2,645451.2,621817.9,125046.4,120053.5,38937.0,40413.6,45895.1,76013.2,104679.4,689.8,27.7,7.3,1018,24.0,7.4,198,664,881,1184,1704,2161,2960,2457,5826,534
1773853640,2,634671.1,613557.5,123729.1,118459.9,38540.9,39966.3,45400.5,75309.3,104670.2,799.9,27.7,7.4,1151,24.1,7.4,198,664,881,1184,1704,2161,2960,2456,5825,533
1773853942,2,627317.4,605417.6,122509.2,117518.7,38249.3,39697.6,45066.4,74929.8,104660.1,906.8,27.7,7.3,1264,24.0,7.5,198,664,881,1185,1705,2162,2961,2458,5827,534
1773854244,2,621147.6,599150.8,121348.4,116231.4,37974.8,39300.0,44726.2,74206.8,104649.8,1002.0,27.7,7.4,1384,24.0,7.5,198,664,881,1184,1705,2161,2961,2458,5827,534
1773854542,2,612358.6,590635.2,119827.2,114910.1,37622.7,39014.6,44456.6,73909.2,104641.3,1114.7,27.7,7.4,1562,24.1,7.5,198,664,881,1185,1705,2161,2961,2458,5827,534
1773854842,2,607826.2,585708.0,119228.3,114370.7,37475.6,38702.2,44203.3,73437.6,104634.9,1211.9,27.7,7.4,1633,24.1,7.5,198,664,881,1184,1705,2162,2961,2458,5828,535
1773855144,2,601365.6,581860.2,118208.9,113288.0,37180.2,38484.2,43962.4,72924.4,104628.2,1320.7,27.7,7.4,1802,24.0,7.5,198,664,881,1184,1705,2161,2960,2458,5828,533
1773855442,2,595834.7,575195.6,117300.5,112328.4,36940.9,38221.7,43508.7,72348.1,104621.8,1422.9,27.7,7.4,1902,24.1,7.5,198,664,881,1184,1704,2160,2960,2457,5827,534
1773855744,2,587925.5,566634.7,116062.6,111274.5,36685.9,38014.0,43320.0,71914.6,104617.1,1526.6,27.8,7.5,2083,24.1,7.6,198,664,881,1184,1705,2161,2960,2457,5825,533
1773856042,2,581532.8,561612.8,115019.4,110141.3,36462.7,37733.6,43079.7,71624.5,104613.3,1622.8,27.8,7.5,2174,24.1,7.6,198,664,881,1184,1705,2161,2961,2458,5828,534
1773856342,2,576308.2,556081.0,114284.5,109615.0,36268.7,37548.8,42827.5,71238.8,104610.2,1719.9,27.8,7.5,2366,24.1,7.6,198,664,881,1184,1705,2161,2960,2458,5828,533
1773856644,2,571855.5,551337.4,113370.9,108713.2,36097.8,37308.1,42669.2,70836.6,104607.2,1817.4,27.8,7.5,2463,24.1,7.6,198,664,881,1185,1705,2162,2961,2457,5828,534
1773856942,2,567262.5,546788.5,112736.7,108155.0,35857.4,37107.4,42438.3,70481.9,104606.0,1935.4,27.8,7.5,2600,24.1,7.6,198,664,881,1184,1704,2161,2960,2457,5827,534
1773857242,2,562138.8,541157.8,111779.3,107130.4,35670.0,36835.0,42191.3,70052.9,104603.6,2023.8,27.8,7.5,2732,24.2,7.6,198,664,881,1185,1704,2161,2960,2458,5827,534
1773857544,2,556613.4,536931.2,111111.9,106524.6,35507.9,36775.4,41940.0,69664.8,104601.9,2167.0,27.9,7.5,2853,24.2,7.7,198,664,881,1184,1704,2160,2960,2457,5825,533
1773857842,2,552041.4,533378.3,110397.9,105796.8,35315.5,36526.6,41773.6,69269.6,104601.5,2245.2,27.9,7.5,2974,24.2,7.6,198,664,881,1184,1704,2161,2960,2457,5827,533
1773858142,2,546741.1,528117.3,109581.2,104923.7,35044.9,36228.8,41486.7,68905.7,104603.1,2383.5,27.9,7.5,3187,24.2,7.7,198,664,881,1184,1704,2160,2960,2457,5825,535
1773858444,2,542064.2,523034.5,108771.8,104352.8,34904.5,36073.8,41310.4,68466.4,104603.5,2469.5,27.9,7.5,3298,24.2,7.7,198,664,881,1184,1703,2160,2959,2457,5826,533
1773859042,2,795787.8,767714.2,149856.6,142834.8,44174.4,45555.3,49059.3,80680.5,104830.7,195.4,27.8,6.8,279,24.1,6.7,198,664,881,1184,1703,2160,2959,2457,5824,533
1773859342,2,714197.8,687373.8,135778.6,130024.2,41283.5,43028.0,47717.6,79048.7,104850.2,287.2,27.9,7.0,468,24.2,7.1,198,663,881,1183,1703,2160,2959,2455,5824,533
1773859642,2,686626.5,662331.8,130965.5,125651.8,40237.6,41818.8,46852.8,77971.3,104856.4,393.5,28.0,7.2,610,24.3,7.2,198,664,881,1184,1704,2160,2960,2457,5825,533
1773859944,2,668772.1,645780.2,128119.9,122704.0,39505.8,41032.8,46293.6,77124.7,104859.9,487.0,28.0,7.3,750,24.3,7.3,198,664,881,1183,1703,2160,2958,2456,5824,533
1773860242,2,655331.9,632086.9,125757.7,120498.9,38981.1,40504.4,45742.4,76036.7,104860.1,599.3,28.1,7.3,861,24.4,7.3,198,663,881,1184,1703,2160,2959,2456,5824,533
1773860542,2,644846.3,621569.6,123852.8,118758.0,38432.1,40016.3,45131.7,75396.1,104859.0,690.8,28.1,7.3,997,24.4,7.4,198,664,881,1184,1703,2160,2959,2456,5824,533
1773860844,2,633960.4,612022.3,122152.2,117180.9,38140.7,39579.6,44823.8,74696.6,104855.9,780.6,28.1,7.4,1102,24.4,7.4,198,664,881,1184,1703,2159,2958,2456,5824,533
1773861142,2,624376.2,601418.1,120579.4,115464.5,37704.5,39175.8,44491.1,74006.0,104852.3,876.0,28.1,7.4,1202,24.4,7.5,198,664,881,1184,1702,2159,2958,2455,5823,533
1773861442,2,616844.1,595044.1,119405.5,114326.8,37449.2,38815.8,44085.0,73455.8,104849.4,990.8,28.1,7.4,1393,24.5,7.5,198,664,881,1184,1703,2160,2959,2456,5823,533
1773861744,2,608789.0,586895.5,118091.5,113014.2,37117.4,38443.4,43788.2,72998.7,104847.2,1103.9,28.2,7.4,1528,24.5,7.5,198,664,881,1184,1703,2160,2959,2456,5824,533
1773862042,2,601104.6,579853.7,116896.2,111968.3,36850.8,38143.3,43419.7,72524.2,104842.8,1201.7,28.2,7.4,1641,24.5,7.5,198,664,881,1184,1704,2160,2959,2457,5826,533
1773862342,2,595324.6,573342.3,115877.4,111030.4,36649.5,37946.0,43172.0,72112.7,104838.0,1309.3,28.2,7.4,1811,24.5,7.6,198,664,881,1184,1703,2159,2958,2456,5825,533
1773862644,2,588348.9,567572.8,114925.5,110041.3,36311.1,37657.8,42912.8,71587.9,104833.5,1407.2,28.2,7.4,1918,24.5,7.6,198,664,881,1184,1702,2160,2958,2456,5824,533
1773862942,2,582295.7,561637.3,113909.5,109050.7,36070.1,37408.2,42701.0,71231.2,104828.9,1498.5,28.2,7.4,2013,24.5,7.6,198,664,881,1184,1702,2159,2958,2455,5822,533
1773863242,2,576531.8,556210.9,112829.1,108228.7,35835.3,37222.0,42382.6,70676.3,104825.0,1608.2,28.3,7.5,2191,24.6,7.6,198,664,881,1183,1703,2159,2958,2455,5823,533
1773863544,2,571295.1,550431.8,112181.7,107423.7,35657.6,36973.2,42169.4,70178.6,104817.2,1720.3,28.3,7.5,2268,24.6,7.6,198,664,882,1183,1703,2160,2959,2456,5825,534
1773863842,2,564870.9,546032.4,111198.6,106852.5,35509.2,36695.9,41894.5,69920.4,104809.8,1826.4,28.3,7.5,2449,24.6,7.6,198,664,881,1183,1703,2160,2958,2456,5824,534
1773864144,2,560526.6,540213.2,110490.1,105742.6,35248.2,36553.9,41763.8,69596.7,104801.9,1935.9,28.3,7.5,2604,24.6,7.6,198,664,881,1184,1703,2160,2958,2456,5824,533
1773864442,2,555918.1,535733.6,109856.2,105167.8,35155.3,36391.8,41538.8,69227.5,104796.0,2039.6,28.3,7.5,2745,24.6,7.6,198,664,881,1183,1703,2160,2959,2456,5825,533
1773864742,2,551765.2,531957.2,109066.2,104707.1,34926.0,36176.9,41357.0,68824.2,104789.0,2133.8,28.3,7.5,2873,24.6,7.7,198,664,881,1184,1703,2160,2958,2456,5825,533
1773865044,2,546389.5,527405.3,108341.2,103703.7,34798.7,35938.2,41156.1,68534.2,104784.5,2237.3,28.3,7.5,2974,24.6,7.7,198,664,881,1184,1703,2159,2957,2455,5822,533
1773865342,2,542660.9,523213.0,107597.7,103141.4,34571.2,35783.2,40971.5,68151.4,104780.4,2345.4,28.3,7.5,3145,24.7,7.7,198,664,882,1184,1703,2160,2958,2456,5824,534
1773865644,2,538375.7,519283.8,106927.7,102712.9,34454.2,35587.8,40766.1,67841.9,104775.4,2438.6,28.4,7.5,3256,24.7,7.7,198,664,881,1183,1702,2159,2957,2455,5823,533
1773866242,2,793381.0,763973.5,147084.3,140267.5,43312.0,44985.7,48074.2,79469.0,104744.8,188.6,28.2,6.8,303,24.5,6.7,198,664,881,1183,1702,2158,2957,2455,5822,533
1773866542,2,708327.2,680734.6,133223.5,127120.7,40559.1,42228.8,46835.9,77912.7,104761.2,304.8,28.3,7.1,448,24.6,7.0,198,664,881,1183,1702,2158,2956,2454,5820,533
1773866842,2,678388.1,653921.9,128670.2,123196.7,39588.9,41147.7,46038.5,76730.4,104765.8,391.8,28.4,7.2,614,24.7,7.1,198,663,881,1183,1702,2159,2957,2455,5823,534
1773867144,2,663636.2,639214.8,125745.0,120816.7,38921.6,40457.5,45467.2,75892.1,104766.2,491.9,28.4,7.3,741,24.7,7.3,198,663,881,1183,1702,2159,2957,2455,5822,533
1773867442,2,648948.5,625665.3,123453.5,118425.2,38303.3,39857.2,44937.2,75056.6,104763.4,582.0,28.4,7.3,873,24.8,7.3,198,664,881,1183,1702,2158,2957,2455,5823,533
1773867742,2,639953.2,616882.8,121810.2,116717.9,37941.4,39394.4,44552.1,74428.4,104759.7,680.2,28.5,7.3,952,24.8,7.4,198,664,881,1183,1702,2158,2956,2455,5822,534
1773868044,2,629786.4,606527.3,120194.4,115338.6,37571.7,38989.2,44153.4,73875.7,104754.7,788.7,28.5,7.3,1111,24.8,7.4,198,664,881,1183,1702,2159,2957,2454,5822,533
1773868342,2,620597.5,597882.8,118672.2,114074.5,37196.9,38633.5,43833.1,73320.0,104750.6,883.7,28.5,7.3,1236,24.8,7.5,198,664,881,1183,1702,2159,2956,2455,5822,534
1773868642,2,613398.5,591385.8,117544.2,112739.3,36863.9,38350.7,43489.2,72751.2,104744.1,985.6,28.5,7.4,1369,24.8,7.4,198,664,881,1183,1701,2158,2956,2455,5821,533
1773868944,2,605160.0,583354.4,116580.4,111777.7,36667.4,38018.2,43144.6,72295.4,104738.2,1085.3,28.5,7.4,1511,24.8,7.5,198,663,881,1183,1702,2158,2957,2455,5822,534
1773869242,2,598364.5,576754.5,115462.9,110597.4,36398.9,37743.9,42847.9,71804.8,104732.6,1179.9,28.5,7.4,1660,24.9,7.5,198,664,881,1183,1702,2159,2957,2455,5823,533
1773869544,2,592032.6,570753.1,114553.4,109762.7,36167.7,37533.6,42604.3,71303.4,104725.1,1283.1,28.6,7.4,1775,24.9,7.5,198,663,881,1183,1701,2158,2956,2454,5820,533
1773869842,2,584865.4,564057.3,113238.7,108850.0,35884.3,37274.8,42416.6,70991.0,104717.5,1373.5,28.6,7.4,1914,24.9,7.5,198,664,881,1183,1702,2159,2957,2455,5823,533
1773870142,2,580549.3,559350.5,112794.3,107968.7,35697.3,36983.8,42196.0,70510.9,104710.3,1481.1,28.6,7.4,2044,24.9,7.6,198,664,881,1183,1702,2158,2957,2455,5822,533
1773870444,2,574883.2,554210.9,111841.6,107404.5,35503.4,36802.6,41958.4,70102.3,104702.8,1581.5,28.6,7.4,2179,24.9,7.6,198,664,881,1183,1702,2158,2957,2455,5823,533
1773870742,2,570163.9,548415.7,111152.4,106525.1,35355.2,36600.8,41825.9,69813.7,104694.9,1682.4,28.6,7.5,2317,24.9,7.6,198,663,881,1182,1702,2158,2957,2454,5822,534
1773871044,2,564484.3,544260.9,110142.5,105784.1,35149.6,36419.0,41531.3,69431.9,104687.0,1776.6,28.6,7.5,2456,24.9,7.6,198,663,881,1183,1701,2158,2955,2454,5820,533
1773871342,2,560576.6,540108.8,109476.3,105149.7,34969.7,36192.3,41314.5,69231.8,104677.7,1895.1,28.6,7.5,2583,24.9,7.6,198,663,881,1182,1702,2158,2956,2454,5820,533
1773871642,2,556754.7,535763.8,108820.3,104465.3,34786.7,36080.3,41154.5,68709.0,104670.1,2014.6,28.6,7.5,2737,24.9,7.6,198,664,881,1182,1702,2158,2957,2455,5822,533
1773871944,2,551281.9,531032.2,108233.4,103890.9,34636.3,35875.5,40996.6,68386.7,104662.1,2120.4,28.6,7.5,2851,24.9,7.6,198,664,881,1182,1702,2158,2956,2453,5821,533
1773872242,2,547291.4,527473.1,107614.7,103009.2,34453.7,35669.0,40858.2,68058.9,104653.0,2208.7,28.6,7.5,3002,24.9,7.7,198,663,881,1182,1701,2158,2956,2454,5822,533
1773872542,2,543679.8,523121.6,106902.6,102569.0,34324.8,35565.6,40635.2,67833.2,104643.3,2324.6,28.6,7.5,3099,24.9,7.7,198,663,881,1182,1701,2158,2955,2454,5820,533
1773872840,2,540896.0,520081.2,106419.7,102170.7,34185.5,35402.7,40527.6,67608.6,104633.8,2435.4,28.6,7.5,3248,24.9,7.7,198,663,881,1182,1701,2157,2955,2453,5818,532
1773873444,2,801545.3,769813.8,146586.1,139727.8,43203.3,44770.4,47865.9,79153.6,104726.9,193.5,28.5,6.7,318,24.8,6.6,198,664,881,1182,1701,2158,2955,2453,5820,532
1773873742,2,711455.4,684001.4,132473.8,126931.2,40414.1,42031.4,46556.0,77645.2,104738.1,295.6,28.5,7.0,429,24.9,7.0,198,663,881,1182,1701,2157,2955,2454,5820,532
1773874042,2,683208.6,659236.8,128042.7,122851.3,39416.0,40984.3,45875.5,76504.8,104738.2,387.8,28.6,7.1,591,24.9,7.1,198,663,881,1182,1701,2157,2955,2453,5820,533
1773874344,2,668402.8,642532.2,125157.4,120231.0,38719.5,40245.1,45304.4,75626.2,104734.0,478.7,28.6,7.2,747,24.9,7.2,198,663,881,1182,1701,2157,2955,2453,5818,533
1773874642,2,655832.9,630818.0,123319.4,118483.7,38242.5,39780.8,44782.1,75063.7,104726.9,573.4,28.6,7.2,877,25.0,7.3,198,664,881,1182,1701,2158,2956,2454,5821,533
1773874942,2,644251.3,620536.3,121822.4,116901.4,37830.5,39327.9,44435.0,74504.5,104719.7,688.1,28.6,7.3,1008,24.9,7.3,198,663,881,1182,1701,2157,2956,2454,5821,533
1773875244,2,636170.4,612724.7,120214.0,115417.6,37480.6,38959.5,44076.9,73798.3,104710.9,791.7,28.7,7.3,1112,25.0,7.4,198,664,881,1183,1702,2158,2956,2455,5823,534
1773875542,2,628710.5,604818.6,118963.5,114193.3,37139.9,38590.1,43738.5,73338.1,104701.7,884.1,28.7,7.3,1252,25.0,7.5,198,663,881,1182,1701,2157,2955,2453,5819,533
1773875844,2,619950.3,597364.8,117768.9,113114.9,36874.5,38308.2,43374.4,72796.2,104693.2,986.6,28.7,7.3,1417,25.0,7.4,198,664,881,1182,1701,2158,2955,2453,5820,533
1773876140,2,614454.2,589989.2,116814.9,112143.2,36616.0,38078.0,43101.3,72265.4,104684.0,1090.3,28.7,7.4,1506,25.0,7.5,198,663,881,1182,1701,2157,2955,2453,5819,533
1773876442,2,607018.8,584133.8,115923.0,111035.3,36368.0,37807.0,42934.0,71853.4,104673.4,1182.6,28.7,7.3,1622,25.0,7.5,198,664,881,1183,1701,2158,2956,2454,5822,533
1773876744,2,600178.8,578660.9,114785.0,110163.8,36159.1,37440.9,42572.0,71525.6,104663.6,1275.5,28.7,7.3,1771,25.0,7.5,198,664,881,1183,1701,2158,2956,2455,5821,533
1773877042,2,594773.3,571602.5,114063.2,109342.8,35924.1,37327.5,42413.7,71138.3,104655.3,1376.2,28.7,7.4,1925,25.0,7.5,198,664,881,1182,1701,2157,2955,2453,5820,533
1773877342,2,590309.3,567732.8,113175.5,108646.9,35757.3,37081.4,42231.1,70717.4,104644.9,1475.9,28.7,7.4,2053,25.0,7.5,198,663,881,1182,1701,2158,2955,2454,5820,533
1773877644,2,584063.1,562796.2,112401.1,107926.9,35570.4,36896.2,42023.2,70343.6,104635.0,1602.8,28.7,7.4,2174,25.0,7.5,198,663,881,1182,1701,2157,2955,2453,5818,533
1773877942,2,580504.0,557747.3,111652.5,107070.2,35418.3,36756.7,41774.6,70029.9,104624.0,1686.4,28.7,7.4,2283,25.0,7.6,198,664,881,1182,1701,2157,2954,2453,5819,533
1773878242,2,575864.7,553744.3,111119.6,106409.1,35200.9,36533.1,41629.6,69695.8,104614.4,1779.8,28.7,7.4,2421,25.0,7.6,198,663,882,1182,1702,2158,2956,2454,5822,533
1773878540,2,571020.0,549722.2,110107.5,105714.1,35014.0,36355.1,41408.8,69342.6,104605.2,1893.2,28.7,7.4,2562,25.0,7.6,198,663,881,1182,1701,2158,2955,2453,5821,533
1773878842,2,566976.4,545066.2,109579.6,105151.5,34865.2,36229.4,41289.2,69003.5,104595.7,1996.7,28.7,7.4,2674,25.0,7.6,198,664,881,1182,1701,2158,2955,2453,5820,533
1773879144,2,562178.1,541345.5,109090.7,104615.0,34678.1,35960.3,41074.4,68703.2,104586.7,2098.9,28.7,7.4,2819,25.0,7.6,198,663,881,1182,1701,2158,2955,2453,5819,532
1773879442,2,559070.1,537593.2,108555.8,104058.4,34569.6,35824.0,41027.6,68493.9,104576.8,2196.0,28.7,7.5,2930,25.0,7.6,198,664,881,1182,1701,2157,2955,2453,5820,533
1773879742,2,555297.1,533755.8,107686.3,103414.0,34432.5,35702.1,40826.0,68186.8,104566.0,2303.6,28.7,7.4,3124,25.0,7.6,198,664,881,1182,1701,2158,2956,2454,5820,533
1773880044,2,551573.2,530480.5,107307.4,102896.7,34332.6,35558.2,40687.6,67880.9,104555.8,2423.6,28.7,7.4,3246,25.0,7.6,198,663,881,1182,1701,2157,2955,2453,5818,533
1773880644,2,817532.7,784325.1,147274.8,140320.1,43229.9,44769.9,47795.4,79212.8,104636.6,187.7,28.5,6.7,346,24.8,6.6,198,663,881,1182,1701,2157,2954,2453,5819,532
1773880942,2,723279.6,695509.4,133161.3,127549.8,40393.8,42091.5,46552.0,77815.0,104647.4,271.7,28.6,7.0,465,24.9,7.0,198,663,880,1182,1700,2156,2954,2453,5818,532
1773881242,2,694333.4,666777.4,128517.7,123406.7,39386.3,41012.4,45902.1,76595.4,104647.1,366.7,28.6,7.1,618,25.0,7.1,198,663,881,1182,1701,2157,2955,2453,5820,533
1773881540,2,678882.8,653335.5,125934.1,121025.8,38737.8,40388.4,45294.2,75719.9,104642.0,466.6,28.7,7.2,757,25.0,7.2,198,664,881,1183,1702,2158,2956,2455,5821,533
1773881842,2,666902.5,641183.6,124130.9,119048.7,38269.6,39871.4,44782.3,75053.7,104635.0,573.4,28.7,7.2,841,25.0,7.2,198,663,881,1182,1701,2157,2955,2454,5819,533
1773882144,2,655811.9,630495.4,122544.7,117331.1,37896.3,39435.7,44385.3,74512.9,104626.9,664.5,28.7,7.2,956,25.0,7.3,198,663,881,1182,1701,2157,2955,2454,5820,532
1773882442,2,646887.8,622154.6,121105.6,115961.7,37533.0,39035.1,44175.7,73934.9,104617.5,748.8,28.7,7.3,1109,25.0,7.3,198,663,881,1182,1701,2156,2954,2453,5818,532
1773882742,2,639766.8,614616.2,119843.3,114700.8,37234.6,38766.0,43819.7,73482.3,104607.7,846.9,28.7,7.3,1210,25.0,7.4,198,663,881,1182,1701,2157,2955,2453,5820,533
1773883040,2,632455.0,608135.3,118814.9,113793.3,36995.1,38484.6,43488.9,72983.8,104596.8,963.8,28.7,7.3,1318,25.0,7.4,198,663,881,1182,1700,2157,2954,2453,5818,532
1773883342,2,625158.5,601551.4,117608.2,112822.4,36773.8,38183.4,43184.7,72728.2,104586.5,1035.6,28.7,7.3,1454,25.0,7.4,198,663,881,1182,1701,2157,2955,2453,5820,532
1773883644,2,620480.3,596064.6,116750.6,111968.5,36540.2,37973.8,42995.7,72174.5,104576.8,1167.4,28.7,7.3,1569,25.0,7.4,198,663,881,1182,1701,2157,2955,2453,5820,532
1773883942,2,613267.2,589619.7,115713.3,111104.0,36321.6,37708.2,42802.5,71791.9,104567.5,1255.5,28.7,7.3,1717,25.0,7.4,198,663,881,1182,1700,2156,2953,2452,5817,532
1773884242,2,608493.4,584264.8,115117.2,110312.3,36075.3,37491.4,42560.7,71511.6,104557.0,1357.6,28.7,7.3,1847,25.0,7.5,198,664,881,1182,1701,2157,2955,2453,5819,533
1773884544,2,602949.3,580220.5,114263.7,109451.8,35913.0,37317.7,42411.8,71034.8,104547.5,1450.9,28.7,7.3,1961,25.0,7.5,198,663,881,1182,1700,2157,2954,2453,5818,533
1773884842,2,598877.8,574466.5,113456.1,108677.8,35742.2,37115.1,42183.5,70699.9,104536.9,1552.2,28.7,7.4,2111,25.0,7.5,198,663,881,1182,1700,2156,2954,2452,5818,533
1773885142,2,592886.4,570295.7,112764.3,108056.2,35565.7,36939.8,41982.5,70328.1,104528.2,1640.7,28.7,7.4,2221,25.0,7.5,198,663,881,1182,1700,2157,2954,2452,5818,533
1773885440,2,588975.5,565620.7,112219.7,107341.0,35347.4,36737.0,41818.3,70064.1,104517.7,1741.8,28.7,7.4,2347,25.0,7.5,198,663,881,1182,1700,2156,2953,2452,5816,532
1773885742,2,583632.4,561446.5,111726.0,106715.1,35222.8,36541.2,41608.6,69677.2,104508.8,1848.7,28.7,7.4,2483,25.0,7.5,198,663,881,1182,1701,2157,2954,2453,5819,533
1773886042,2,579127.9,556851.8,110744.4,106161.0,35059.4,36404.9,41497.9,69493.1,104499.5,1956.3,28.7,7.4,2621,25.0,7.5,198,663,881,1182,1700,2156,2953,2452,5816,532
1773886342,2,575729.8,553550.2,110205.8,105621.9,34897.6,36236.8,41292.7,69172.5,104490.7,2040.8,28.7,7.4,2714,25.0,7.6,198,663,881,1182,1700,2157,2954,2453,5818,532
1773886642,2,571250.7,548955.4,109645.3,104972.8,34750.0,35996.7,41112.9,68845.7,104480.0,2145.7,28.7,7.4,2887,25.1,7.5,198,663,881,1181,1700,2156,2953,2452,5817,532
1773886944,2,567342.2,544946.2,108905.4,104467.7,34596.2,35916.6,41045.3,68604.3,104469.3,2235.3,28.7,7.4,3008,25.0,7.5,198,663,881,1182,1700,2156,2954,2452,5817,532
1773887242,2,564589.6,541876.2,108522.8,104050.2,34506.3,35773.8,40906.3,68250.2,104460.7,2333.7,28.7,7.4,3161,25.1,7.6,198,663,881,1182,1700,2156,2953,2453,5818,532
1773887844,2,832840.8,798693.2,148027.9,140879.7,43151.2,44688.3,47823.6,79199.9,104743.0,180.7,28.6,6.7,262,24.9,6.5,198,663,881,1181,1700,2156,2953,2453,5816,532
1773888142,2,735008.8,706053.2,133882.2,127958.7,40378.3,42029.6,46514.3,77629.2,104753.6,261.6,28.6,6.9,427,24.9,6.9,198,663,881,1181,1700,2155,2952,2452,5815,532
1773888442,2,705222.3,676649.4,129237.5,123672.6,39298.0,41007.7,45747.9,76640.0,104752.9,364.6,28.7,7.0,594,25.0,7.1,198,663,880,1181,1700,2155,2952,2451,5815,532
1773888744,2,688487.7,661345.2,126500.1,120965.5,38742.6,40295.5,45233.8,75850.2,104746.1,463.4,28.7,7.1,733,25.0,7.2,198,663,881,1182,1700,2156,2953,2452,5816,533
1773889042,2,676325.0,650377.8,124764.5,119205.6,38219.9,39836.7,44806.8,75152.4,104737.3,548.9,28.7,7.2,845,25.0,7.2,198,663,881,1182,1700,2157,2954,2452,5817,532
1773889342,2,666347.6,639915.9,122834.4,117764.2,37866.0,39406.6,44353.8,74716.5,104727.8,647.5,28.7,7.2,952,25.0,7.3,198,663,881,1182,1700,2157,2954,2453,5817,533
1773889644,2,656844.3,631441.4,121698.0,116357.1,37539.9,39045.0,44073.4,74017.4,104718.9,737.2,28.7,7.2,1088,25.0,7.3,198,663,881,1182,1700,2156,2954,2452,5817,533
1773889942,2,651224.0,623995.9,120620.8,115306.1,37210.5,38739.9,43743.4,73597.5,104707.6,821.5,28.7,7.2,1178,25.0,7.3,198,663,881,1182,1700,2156,2953,2452,5816,533
1773890242,2,642931.1,616195.9,119503.2,114329.7,36980.7,38495.0,43471.7,73000.9,104697.8,924.6,28.7,7.2,1329,25.1,7.3,198,663,881,1182,1700,2157,2953,2452,5816,532
1773890540,2,635736.8,610324.0,118277.7,113223.3,36724.5,38187.1,43217.5,72652.0,104685.9,1026.9,28.7,7.3,1435,25.1,7.4,198,663,881,1181,1700,2156,2953,2452,5816,532
1773890842,2,628299.6,603911.5,117254.9,112270.9,36509.0,37934.8,43033.0,72224.6,104675.5,1116.1,28.7,7.3,1564,25.1,7.4,198,663,881,1182,1700,2156,2953,2452,5816,533
1773891144,2,623326.0,599169.6,116519.2,111429.8,36331.9,37735.2,42819.0,71919.0,104664.5,1213.8,28.7,7.3,1692,25.0,7.4,197,663,881,1181,1700,2155,2953,2452,5817,532
1773891442,2,618167.2,593814.4,115801.8,110611.7,36120.7,37510.6,42578.5,71546.1,104652.8,1308.1,28.7,7.3,1807,25.1,7.4,198,663,881,1182,1700,2156,2953,2452,5816,532
1773891742,2,612434.6,588347.8,115052.7,109998.2,35914.0,37318.6,42339.8,71114.7,104642.0,1419.9,28.7,7.3,1925,25.0,7.4,198,663,881,1181,1700,2156,2953,2452,5817,532
1773892044,2,606953.7,583009.2,114106.2,109129.8,35696.3,37136.3,42217.6,70798.9,104631.2,1511.7,28.7,7.3,2049,25.1,7.5,198,663,881,1181,1700,2156,2953,2452,5816,532
1773892342,2,601445.8,578883.2,113546.3,108610.7,35601.9,36894.7,41991.0,70546.2,104621.2,1600.1,28.7,7.3,2197,25.1,7.5,198,663,881,1181,1700,2156,2953,2451,5816,532
1773892642,2,597461.6,574003.4,112641.2,107913.1,35365.3,36731.4,41854.0,70311.3,104610.6,1711.2,28.7,7.3,2314,25.0,7.5,198,664,881,1182,1700,2156,2954,2452,5818,532
1773892944,2,595011.8,569858.5,112136.3,107275.1,35238.5,36590.1,41657.5,69910.0,104601.2,1795.3,28.7,7.3,2431,25.1,7.5,198,663,881,1181,1700,2156,2953,2451,5816,532
1773893242,2,589202.2,565612.2,111662.4,106761.7,35116.0,36408.5,41520.5,69553.8,104591.5,1900.9,28.7,7.3,2560,25.1,7.5,198,663,881,1181,1699,2156,2953,2452,5816,533
1773893542,2,585368.9,561805.1,110692.4,105933.9,34945.1,36271.5,41407.7,69387.9,104580.5,1984.7,28.7,7.3,2687,25.1,7.5,198,663,880,1182,1700,2155,2953,2452,5816,532
1773893844,2,581048.2,557601.5,110267.0,105713.0,34846.3,36094.2,41291.0,69049.7,104570.3,2088.9,28.8,7.4,2843,25.1,7.5,198,663,881,1181,1699,2156,2953,2452,5817,533
1773894142,2,576916.2,554220.1,109771.9,104923.2,34681.4,35997.2,41044.6,68819.3,104559.2,2195.6,28.8,7.4,2992,25.1,7.5,198,663,881,1181,1700,2156,2953,2452,5815,532
1773894444,2,573960.5,551143.7,109264.3,104562.0,34563.0,35816.2,40875.8,68535.2,104546.5,2278.4,28.7,7.4,3086,25.1,7.5,198,663,881,1182,1700,2155,2953,2452,5816,532
1773895042,2,825804.2,790893.8,145533.6,138258.6,42221.5,43692.1,46902.2,78037.1,104746.5,156.8,28.6,6.6,297,24.8,6.5,198,663,880,1181,1699,2155,2953,2451,5815,532
1773895344,2,729164.6,700473.0,131720.5,125663.7,39706.5,41164.2,45804.3,76276.3,104750.7,260.9,28.6,6.9,448,24.9,6.9,198,663,880,1181,1700,2155,2952,2451,5814,532
1773895642,2,700725.9,672734.9,127115.4,121687.9,38740.1,40147.7,45138.8,75319.1,104744.2,341.6,28.7,7.0,566,25.0,7.0,198,663,880,1181,1700,2155,2953,2451,5815,532
1773895942,2,684623.1,656790.4,125059.5,119507.4,38126.4,39546.7,44612.0,74720.7,104732.1,449.2,28.7,7.1,703,25.0,7.1,198,663,881,1181,1700,2155,2952,2451,5815,533
1773896244,2,674180.8,647708.7,123273.5,117922.5,37759.7,39120.1,44241.2,74255.5,104718.7,535.8,28.6,7.1,807,25.0,7.2,198,663,881,1181,1699,2155,2952,2451,5815,532
1773896542,2,666744.1,639184.3,121981.2,116517.0,37392.1,38815.2,43944.1,73685.8,104704.2,629.7,28.7,7.1,908,25.0,7.2,198,663,880,1181,1699,2155,2951,2451,5814,532
1773896842,2,657983.2,631886.4,120825.9,115163.8,37123.5,38498.2,43643.7,73213.4,104688.6,727.1,28.6,7.2,1058,25.0,7.2,198,663,881,1181,1700,2155,2953,2452,5816,533
1773897144,2,650932.9,624899.0,119549.2,114405.2,36881.9,38227.0,43410.4,72853.3,104672.4,800.1,28.6,7.2,1153,24.9,7.2,198,663,880,1181,1699,2155,2952,2452,5816,532
1773897442,2,644580.1,618437.8,118623.8,113299.9,36622.4,37982.6,43157.4,72382.5,104655.5,905.7,28.6,7.2,1294,24.9,7.2,197,663,880,1182,1700,2156,2953,2452,5817,532
1773897742,2,638959.4,612642.2,117928.3,112657.9,36500.7,37786.3,43020.2,72141.8,104637.9,994.9,28.6,7.2,1384,24.9,7.3,197,663,881,1182,1700,2155,2953,2451,5815,533
1773898044,2,633745.5,608003.3,117022.9,111730.0,36301.7,37660.2,42731.0,71750.6,104621.3,1090.3,28.6,7.2,1496,24.9,7.3,198,663,880,1181,1700,2155,2953,2452,5816,532
1773898342,2,629024.2,603650.4,116431.9,111033.7,36165.6,37459.8,42641.3,71374.4,104603.2,1178.6,28.6,7.2,1620,24.9,7.3,198,663,880,1181,1700,2156,2953,2452,5816,533
1773898642,2,624835.8,599158.4,115783.9,110543.5,35999.0,37278.3,42405.3,71181.7,104587.0,1261.7,28.5,7.2,1733,24.9,7.3,198,663,881,1182,1700,2156,2954,2452,5817,532
1773898944,2,620592.8,595012.3,115056.6,109768.8,35808.9,37097.2,42372.9,70988.7,104571.2,1358.9,28.5,7.2,1872,24.8,7.3,198,663,880,1182,1700,2156,2953,2451,5816,533
1773899242,2,617073.5,591973.2,114772.7,109334.3,35626.1,36950.7,42152.6,70649.7,104555.3,1466.9,28.5,7.2,1983,24.8,7.4,198,663,880,1181,1700,2156,2953,2452,5816,533
1773899542,2,613359.5,587704.3,114207.7,108794.2,35558.9,36779.4,42014.9,70462.1,104540.3,1554.3,28.5,7.3,2132,24.8,7.4,198,663,880,1181,1700,2155,2952,2451,5814,533
1773899844,2,608848.2,584782.8,113534.4,108276.9,35444.7,36693.6,42000.4,70070.3,104524.3,1647.6,28.5,7.3,2242,24.8,7.4,198,663,880,1181,1700,2156,2953,2451,5816,533
1773900142,2,606853.7,581517.0,113040.0,107790.3,35295.6,36601.0,41826.6,69900.7,104510.9,1722.4,28.5,7.3,2351,24.8,7.3,198,663,880,1181,1700,2156,2953,2452,5816,533
1773900444,2,601590.3,577993.8,112484.2,107238.9,35127.7,36423.6,41623.6,69697.2,104495.5,1820.9,28.4,7.2,2489,24.8,7.4,198,663,880,1182,1700,2156,2952,2452,5817,532
1773900742,2,598851.2,575842.1,111954.3,106790.1,35054.1,36293.0,41458.8,69379.9,104481.9,1921.1,28.4,7.3,2632,24.7,7.4,198,663,880,1182,1700,2155,2953,2452,5816,532
1773901042,2,595739.9,570862.5,111449.4,106174.8,34966.4,36115.3,41425.8,69183.6,104468.2,2009.1,28.4,7.3,2737,24.7,7.4,198,663,881,1182,1701,2156,2954,2453,5819,533
1773901342,2,591962.4,568484.7,111125.0,106110.8,34848.4,36038.2,41302.6,69025.3,104454.8,2114.1,28.4,7.3,2859,24.7,7.4,198,663,881,1182,1700,2156,2954,2452,5816,532
1773901642,2,589324.7,564788.9,110633.8,105625.9,34766.4,35924.0,41262.2,68711.7,104442.4,2214.3,28.4,7.3,2956,24.7,7.5,198,663,880,1182,1700,2156,2952,2452,5816,532
1773902244,2,878601.7,842898.0,152356.8,144771.1,44038.7,45527.9,48595.6,80749.7,104784.5,148.7,28.2,6.6,283,24.5,6.5,198,663,880,1181,1700,2156,2953,2452,5816,532
1773902542,2,781545.2,747471.7,138107.5,131575.1,41155.8,42922.5,47409.0,79173.0,104789.6,233.8,28.3,6.8,419,24.6,6.8,197,663,880,1181,1699,2155,2951,2450,5813,532
1773902842,2,752217.8,722284.8,133742.2,127524.3,40235.3,41891.2,46745.1,78004.4,104783.1,310.1,28.3,6.9,522,24.6,6.9,198,663,880,1181,1700,2155,2952,2451,5815,533
1773903140,2,733497.2,705925.7,131201.0,125323.6,39624.0,41328.9,46233.1,77390.5,104773.3,416.8,28.3,7.0,645,24.6,7.0,197,663,880,1181,1699,2155,2952,2451,5813,533
1773903442,2,723795.0,694936.9,129450.4,123583.4,39082.9,40780.1,45778.3,76857.5,104760.0,500.0,28.3,7.0,738,24.6,7.0,198,663,880,1181,1700,2155,2952,2452,5815,532
1773903744,2,715139.8,684201.3,128034.4,122115.2,38795.2,40457.1,45479.4,76328.7,104747.6,598.2,28.3,7.1,899,24.6,7.1,198,663,880,1181,1134,1437,1968,1635,3877,354
1773904042,2,704564.3,675396.2,126643.1,120800.1,38535.1,40104.9,45163.5,75721.9,104733.2,661.7,28.3,7.1,990,24.6,7.1,198,663,880,1182,1700,2155,2952,2452,5815,533
1773904344,2,697532.6,668536.3,125501.8,119707.7,38153.8,39852.5,44814.6,75428.2,104718.9,763.9,28.3,7.1,1107,24.6,7.2,198,663,880,1182,1700,2156,2952,2452,5816,532
1773904642,2,690685.2,661304.7,124526.9,118901.3,37967.6,39563.0,44629.9,75049.7,104705.3,840.1,28.3,7.1,1221,24.6,7.2,198,663,880,1181,1699,2155,2952,2451,5814,532
1773904942,2,682470.8,654670.6,123653.2,117892.8,37791.7,39365.1,44394.7,74525.9,104691.2,945.4,28.3,7.1,1321,24.6,7.2,198,663,880,1181,1699,2155,2952,2451,5815,532
1773905244,2,676435.7,647398.4,122469.6,116840.9,37554.1,39086.0,44175.3,74132.4,104678.2,1040.9,28.3,7.1,1442,24.6,7.2,197,663,880,1181,1699,2155,2951,2451,5813,532
1773905542,2,669941.3,642654.1,121877.0,116170.3,37328.6,38852.2,43937.7,73828.3,104665.7,1123.5,28.3,7.1,1555,24.6,7.2,198,663,880,1181,1699,2155,2951,2451,5812,533
1773905842,2,665248.2,637258.2,120961.3,115623.6,37227.5,38649.3,43709.0,73256.7,104652.0,1221.1,28.3,7.1,1702,24.6,7.2,198,663,879,1181,1699,2155,2952,2452,5815,533
1773906144,2,658312.7,632258.8,120260.0,114473.5,36990.4,38496.3,43461.0,73035.9,104638.7,1301.7,28.3,7.2,1763,24.6,7.3,197,663,880,1181,1699,2154,2951,2451,5813,533
1773906442,2,656357.8,629375.7,119744.2,114129.6,36800.9,38344.3,43477.6,72772.6,104626.4,1389.6,28.3,7.2,1939,24.6,7.3,198,663,880,1181,1699,2155,2952,2451,5814,533
1773906744,2,650919.5,623654.1,118925.7,113369.7,36667.6,38099.9,43129.4,72527.2,104613.6,1481.3,28.2,7.2,2050,24.6,7.3,198,663,880,1181,1700,2155,2952,2451,5813,532
1773907042,2,646343.2,619513.6,118367.7,112728.0,36501.4,37884.9,43067.7,72232.6,104601.8,1567.1,28.2,7.2,2149,24.6,7.3,197,663,879,1181,1699,2155,2952,2450,5813,532
1773907342,2,639896.5,614937.9,117626.3,112231.2,36322.3,37775.1,42935.5,71793.5,104590.2,1667.9,28.2,7.2,2277,24.6,7.3,198,663,880,1181,1699,2154,2952,2451,5813,532
1773907644,2,636963.4,611572.4,116932.1,111401.6,36170.8,37597.8,42704.8,71551.3,104577.6,1761.1,28.2,7.2,2403,24.6,7.3,198,663,880,1181,1699,2155,2951,2450,5813,532
1773907942,2,631659.0,607264.5,116479.6,111061.6,36030.1,37463.3,42600.6,71409.8,104566.5,1845.7,28.2,7.2,2472,24.6,7.3,198,663,880,1181,1700,2155,2953,2451,5814,532
1773908242,2,631008.9,604179.2,115974.3,110625.4,35952.4,37338.3,42411.0,71217.1,104554.3,1943.1,28.2,7.2,2629,24.5,7.3,198,663,880,1182,1700,2155,2952,2451,5815,533
1773908544,2,625912.8,600454.2,115430.3,109819.2,35846.8,37200.9,42290.6,70792.0,104543.1,2007.7,28.2,7.2,2762,24.5,7.4,198,663,880,1181,1700,2155,2952,2451,5815,533
1773908842,2,621603.9,597450.8,114868.9,109417.0,35723.1,37072.5,42226.7,70587.6,104531.6,2122.4,28.2,7.2,2857,24.5,7.3,198,663,880,1182,1700,2155,2953,2453,5817,533
1773909444,2,914941.8,877095.2,155932.7,148013.1,44571.2,46180.3,49074.6,81428.5,104859.5,148.9,28.1,6.5,256,24.3,6.3,198,663,880,1181,1699,2154,2951,2450,5812,533
1773909742,2,807880.8,771308.3,140535.6,133971.8,41521.0,43553.2,47818.3,79688.2,104865.3,244.4,28.1,6.7,363,24.4,6.7,197,663,879,1181,1699,2155,2952,2451,5813,533
1773910042,2,776869.8,744972.7,136468.6,130004.0,40694.5,42401.8,47100.6,78719.7,104862.2,312.7,28.2,6.9,514,24.5,6.9,198,663,880,1181,1700,2155,2952,2452,5814,533
1773910344,2,757915.8,726977.6,133785.3,127570.0,40028.6,41775.6,46640.6,78144.1,104854.1,398.6,28.2,6.9,634,24.5,6.9,198,663,880,1182,1699,2155,2952,2451,5814,532
1773910642,2,746197.3,716129.9,131927.1,125671.2,39598.4,41289.7,46264.2,77421.9,104843.8,501.1,28.2,7.0,721,24.5,7.0,197,663,879,1181,1699,2155,2951,2451,5813,532
1773910942,2,735063.9,704632.7,130405.6,123987.2,39196.6,40856.9,45957.4,76876.3,104832.0,564.7,28.2,7.0,846,24.5,7.1,198,663,879,1182,1700,2155,2952,2451,5814,533
1773911244,2,727410.8,698488.7,128942.8,122920.8,38895.5,40497.4,45671.6,76455.2,104819.5,650.0,28.2,7.0,943,24.5,7.1,197,662,880,1181,1699,2155,2952,2451,5815,532
1773911542,2,719085.8,689133.7,127873.1,121711.6,38685.7,40267.4,45226.0,76137.4,104807.5,746.0,28.2,7.1,1066,24.5,7.1,197,662,880,1181,1699,2155,2952,2450,5814,533
1773911844,2,711107.0,680036.1,126694.8,120918.6,38323.0,39923.4,45075.6,75464.6,104796.4,828.1,28.2,7.0,1169,24.5,7.1,198,663,880,1181,1700,2155,2952,2451,5814,532
1773912142,2,703342.7,673541.8,125573.5,119698.1,38151.2,39662.9,44821.2,75185.1,104782.5,904.7,28.2,7.1,1274,24.5,7.1,198,663,880,1181,1699,2155,2951,2451,5814,533
1773912442,2,696429.1,667361.5,124764.1,118787.4,37961.4,39495.6,44569.5,74699.5,104769.9,987.0,28.2,7.1,1405,24.5,7.1,198,663,880,1182,1699,2155,2952,2451,5814,532
1773912744,2,688527.5,661203.8,123807.2,117810.2,37711.8,39258.4,44362.6,74457.9,104756.8,1086.1,28.2,7.1,1526,24.5,7.2,198,662,880,1181,1698,2154,2950,2450,5810,532
1773913042,2,683477.4,655391.1,123218.2,117210.5,37494.1,39042.0,44158.0,74031.6,104745.0,1175.3,28.2,7.1,1626,24.5,7.2,198,662,879,1181,1699,2155,2951,2450,5812,532
1773913342,2,678425.8,650898.0,122253.8,116512.3,37347.8,38862.3,44009.6,73697.3,104732.0,1277.0,28.2,7.1,1743,24.5,7.2,197,663,879,1181,1699,2154,2951,2450,5811,532
1773913644,2,672013.9,645789.8,121452.9,115739.3,37101.4,38621.4,43846.1,73365.0,104718.7,1344.7,28.2,7.1,1844,24.5,7.2,197,663,879,1181,1699,2154,2951,2450,5812,532
1773913942,2,667862.9,639922.1,120725.4,115028.0,36993.5,38473.4,43538.7,73249.3,104706.6,1438.9,28.2,7.1,1975,24.5,7.2,198,663,880,1181,1700,2155,2952,2452,5815,532
1773914242,2,661828.7,635193.3,120109.9,114476.7,36848.9,38288.7,43311.3,72792.3,104694.5,1531.2,28.2,7.1,2070,24.5,7.2,198,663,880,1181,1699,2155,2952,2451,5813,533
1773914544,2,657623.2,631620.8,119555.8,113665.1,36630.1,38186.5,43252.7,72386.5,104683.0,1612.1,28.2,7.1,2192,24.5,7.2,198,663,880,1181,1700,2155,2953,2451,5816,532
1773914842,2,652639.5,625313.2,118630.5,112952.0,36534.0,38002.8,43079.8,72266.6,104670.7,1698.2,28.2,7.1,2311,24.5,7.3,198,663,880,1181,1700,2155,2953,2451,5815,533
1773915142,2,648309.5,621554.6,117955.3,112463.7,36369.3,37858.6,42900.5,71978.6,104658.3,1784.0,28.1,7.1,2404,24.5,7.2,198,663,880,1181,1699,2154,2951,2450,5811,532
1773915442,2,644038.8,617803.1,117601.1,112006.6,36272.5,37673.2,42768.1,71706.6,104646.5,1868.6,28.2,7.2,2557,24.5,7.3,197,663,879,1181,1699,2155,2952,2450,5814,532
1773915742,2,641947.0,614560.2,117066.2,111342.8,36075.2,37524.9,42605.0,71474.8,104635.4,1969.3,28.2,7.2,2658,24.5,7.3,198,663,879,1182,1699,2154,2951,2451,5813,532
1773916044,2,637743.5,611562.4,116428.8,111052.6,35970.8,37410.5,42410.5,71128.6,104623.5,2053.0,28.2,7.2,2792,24.5,7.3,198,662,880,1181,1699,2154,2950,2449,5811,532
1773916642,2,939475.4,899228.5,157858.6,149802.7,44903.3,46470.7,49377.2,81971.7,104843.0,142.6,28.0,6.5,234,24.3,6.3,197,662,879,1181,1699,2154,2950,2450,5811,532
1773916944,2,830327.9,796266.5,142998.7,135972.9,42008.8,43880.3,48109.1,80458.0,104849.7,221.8,28.1,6.7,352,24.4,6.7,197,662,880,1181,1699,2154,2950,2450,5811,532
1773917242,2,795762.1,760662.1,137944.6,131417.3,40868.3,42799.8,47435.6,79232.9,104845.7,308.4,28.1,6.8,505,24.4,6.8,198,662,879,1181,1699,2154,2950,2450,5811,532
1773917542,2,778066.2,744410.8,135396.9,128819.7,40320.5,42127.2,46848.5,78573.1,104837.6,386.9,28.1,6.9,627,24.4,6.9,198,662,880,1181,1699,2154,2951,2450,5813,532
1773917844,2,765405.1,734022.8,133486.2,127385.5,39848.6,41602.1,46530.8,77949.6,104827.4,478.2,28.1,6.9,706,24.4,6.9,198,663,879,1181,1699,2154,2950,2450,5810,533
1773918142,2,755135.0,722258.1,132168.8,125820.4,39525.1,41158.2,46165.0,77334.8,104816.2,554.0,28.1,6.9,855,24.4,7.0,198,662,879,1181,1699,2153,2951,2450,5811,533
1773918444,2,743707.8,713243.2,130814.9,124349.0,39149.4,40815.3,45881.1,76868.3,104805.7,660.8,28.1,7.0,946,24.4,7.1,198,662,880,1181,1699,2153,2950,2449,5812,532
1773918742,2,736505.2,705283.0,129421.2,123283.9,38889.1,40625.1,45563.5,76306.1,104792.4,728.2,28.1,7.0,1054,24.4,7.1,198,662,879,1181,1699,2153,2950,2450,5812,532
1773919042,2,725656.8,696132.7,128148.6,122118.1,38583.9,40265.6,45217.9,76057.5,104780.0,801.4,28.1,7.0,1153,24.4,7.0,198,662,879,1181,1699,2154,2950,2449,5811,532
1773919344,2,719621.1,690249.2,127257.4,121191.2,38446.9,39980.4,44985.9,75402.4,104767.3,898.6,28.1,7.0,1248,24.4,7.1,197,663,880,1181,1699,2154,2950,2450,5812,532
1773919642,2,713352.8,682312.6,126140.4,120181.6,38151.4,39810.4,44746.2,75166.2,104755.2,972.0,28.1,7.0,1360,24.4,7.1,198,663,880,1181,1699,2154,2951,2450,5811,532
1773919942,2,707562.3,677139.8,125236.0,119351.2,37993.2,39565.2,44533.5,74836.6,104742.6,1067.4,28.1,7.1,1457,24.4,7.2,198,663,880,1181,1699,2154,2951,2451,5815,533
1773920244,2,701261.5,671499.9,124533.2,118577.1,37813.8,39334.8,44355.8,74456.3,104730.3,1146.8,28.1,7.1,1613,24.5,7.2,198,663,879,1181,1699,2155,2951,2450,5814,533
1773920542,2,693612.4,662776.2,123363.7,117568.3,37561.6,39123.9,44201.8,74084.5,104718.9,1236.2,28.1,7.0,1690,24.5,7.2,198,663,880,1181,1699,2154,2951,2450,5812,533
1773920844,2,687789.2,658753.6,122736.6,116770.0,37317.1,38957.6,44022.3,73869.7,104706.2,1339.5,28.1,7.0,1846,24.4,7.2,198,663,879,1181,1699,2154,2951,2450,5813,532
1773921142,2,683559.5,655883.8,122204.0,116422.3,37245.3,38790.5,43790.5,73573.2,104694.4,1402.0,28.1,7.1,1955,24.4,7.1,198,663,880,1181,1699,2155,2951,2451,5813,532
1773921442,2,678070.8,649531.0,121542.3,115765.8,37039.6,38593.8,43538.0,73208.7,104682.2,1486.6,28.1,7.1,2056,24.4,7.2,198,663,880,1181,1699,2154,2952,2450,5813,532
1773921744,2,673247.5,645525.9,120694.3,115085.4,36875.7,38440.9,43370.0,72864.1,104669.5,1595.9,28.1,7.1,2177,24.4,7.2,198,662,879,1181,1699,2154,2951,2451,5812,532
1773922042,2,668482.1,639528.4,120154.2,114238.1,36718.6,38190.3,43211.0,72639.1,104657.5,1659.4,28.1,7.1,2277,24.4,7.2,198,663,879,1182,1699,2153,2951,2451,5812,533
1773922344,2,663060.1,636483.4,119669.9,113843.4,36595.2,38091.3,43048.4,72355.6,104645.7,1776.6,28.1,7.1,2390,24.4,7.2,198,663,879,1181,1699,2153,2950,2450,5811,532
1773922642,2,659252.6,631519.8,118949.9,113127.6,36417.6,37964.6,42921.5,72119.6,104635.1,1862.7,28.1,7.1,2458,24.4,7.2,198,662,879,1181,1699,2154,2952,2451,5813,533
1773922942,2,654960.6,629522.8,118338.6,112564.5,36369.1,37795.1,42765.2,71774.0,104623.6,1942.7,28.1,7.1,2631,24.4,7.3,198,662,880,1181,1699,2154,2951,2450,5812,533
1773923244,2,651309.2,624389.8,117930.7,112061.2,36180.8,37596.5,42657.9,71423.0,104611.8,2023.4,28.1,7.1,2752,24.4,7.2,197,662,879,1181,1699,2154,2950,2450,5811,533
1773923844,2,959730.2,917495.5,159452.9,150977.4,44969.6,46753.7,49373.8,82331.7,104786.1,151.1,28.0,6.4,274,24.2,6.3,197,663,879,1181,1699,2154,2951,2450,5812,532
1773924142,2,843761.6,808174.2,143694.9,136859.2,42109.9,43951.6,48064.1,80472.5,104794.2,245.8,28.0,6.7,335,24.3,6.6,198,663,879,1181,1699,2153,2950,2450,5810,532
1773924442,2,809846.5,772414.2,138989.3,132440.5,40981.8,42802.3,47388.9,79443.7,104790.7,316.0,28.1,6.8,530,24.4,6.8,197,663,879,1180,1698,2153,2950,2449,5810,533
1773924744,2,792272.2,757401.6,136292.0,129764.1,40411.9,42191.7,46825.9,78686.4,104784.3,395.9,28.1,6.8,599,24.4,6.8,197,662,879,1180,1698,2153,2950,2449,5810,532
1773925042,2,777674.8,741505.1,134173.9,127698.0,39933.9,41647.4,46538.7,78058.9,104775.8,472.6,28.1,6.9,744,24.4,6.9,198,662,879,1181,1698,2153,2950,2450,5811,533
1773925342,2,764100.7,732305.3,132644.6,126206.4,39558.5,41168.4,46204.3,77558.8,104765.6,562.6,28.1,6.9,844,24.4,7.0,198,663,879,1181,1699,2154,2950,2450,5813,532
1773925644,2,755753.3,722415.5,131542.7,124995.8,39240.5,40909.6,45786.0,76934.9,104754.2,637.4,28.1,6.9,925,24.4,7.0,197,662,879,1181,1699,2154,2950,2450,5812,533
1773925942,2,745599.2,713725.8,130164.3,123805.9,38973.4,40575.0,45595.4,76537.4,104743.2,710.4,28.1,6.9,1056,24.4,7.0,198,663,879,1181,1699,2153,2950,2450,5812,533
1773926244,2,738176.3,706175.1,129007.1,122732.3,38678.8,40400.0,45296.3,76122.3,104731.0,814.1,28.1,7.0,1140,24.5,7.0,197,662,879,1181,1698,2154,2949,2449,5810,532
1773926542,2,729546.8,699656.4,127877.3,121693.4,38441.6,40165.8,45045.8,75728.7,104720.5,892.4,28.1,7.0,1273,24.4,7.1,198,663,879,1181,1698,2153,2950,2450,5811,532
1773926842,2,722431.6,691943.8,126947.2,120685.9,38180.1,39846.4,44804.9,75399.3,104708.5,984.7,28.1,7.0,1408,24.4,7.1,198,662,879,1181,1699,2154,2950,2450,5811,532
1773927144,2,715812.0,684419.0,125943.1,119991.9,38054.4,39611.3,44576.2,75004.8,104695.9,1074.3,28.1,7.0,1505,24.4,7.1,198,663,879,1181,1699,2154,2951,2450,5813,532
1773927442,2,707931.2,677125.9,124893.2,118870.5,37769.7,39404.3,44421.9,74466.2,104685.3,1152.8,28.1,7.0,1603,24.4,7.1,198,662,879,1181,1699,2154,2950,2450,5811,532
1773927742,2,702684.5,671534.3,124286.5,118135.3,37670.4,39150.8,44186.0,74229.2,104673.2,1242.3,28.1,7.0,1698,24.5,7.1,197,663,879,1181,1699,2154,2950,2450,5812,532
1773928042,2,697685.8,666983.0,123575.7,117398.5,37473.4,39042.9,44012.6,73960.8,104663.6,1310.3,28.1,7.1,1773,24.4,7.1,198,662,879,1181,1698,2154,2950,2450,5811,532
1773928342,2,691344.8,661926.4,122870.9,116677.1,37217.9,38807.1,43813.2,73488.7,104654.1,1420.5,28.1,7.1,1912,24.5,7.1,198,662,879,1181,1699,2154,2951,2450,5812,532
1773928644,2,686668.5,658354.8,121931.7,116150.4,37088.2,38647.9,43556.1,73190.0,104644.0,1510.2,28.1,7.1,2051,24.5,7.2,198,663,880,1181,1699,2154,2951,2450,5812,533
1773928942,2,681193.3,651801.6,121329.5,115506.3,36949.0,38503.0,43483.1,72864.9,104633.3,1575.2,28.1,7.0,2109,24.5,7.2,197,663,880,1181,1699,2154,2950,2450,5811,532
1773929244,2,676500.6,647792.9,120675.2,114742.9,36736.7,38213.2,43258.6,72666.3,104621.9,1673.8,28.1,7.1,2279,24.5,7.2,197,663,879,1181,1698,2154,2950,2450,5811,532
1773929542,2,670593.9,641714.8,120070.8,113986.6,36559.5,38145.4,43055.4,72436.5,104609.1,1759.8,28.1,7.1,2376,24.5,7.2,198,662,879,1181,1698,2153,2950,2449,5809,532
1773929842,2,666733.5,639533.6,119504.3,113538.9,36505.5,38027.0,42886.8,72146.3,104597.6,1844.4,28.1,7.1,2511,24.5,7.2,197,662,879,1180,1697,2153,2948,2449,5809,532
1773930144,2,663020.8,634941.2,118941.3,113069.9,36371.8,37787.0,42730.1,71750.7,104586.1,1933.3,28.1,7.1,2640,24.5,7.2,197,662,879,1180,1698,2153,2949,2449,5810,532
1773930442,2,658440.2,629279.7,118131.6,112447.2,36235.1,37712.2,42591.8,71737.3,104575.2,2034.7,28.1,7.1,2703,24.5,7.2,198,662,880,1181,1699,2153,2951,2451,5812,533
1773931042,2,970333.4,927595.9,160076.8,151313.8,45037.4,46664.8,49305.0,82236.4,104856.5,144.7,28.0,6.4,227,24.3,6.2,198,662,879,1181,1698,2153,2950,2449,5811,532
1773931342,2,852832.7,817745.7,144173.4,137191.3,42032.9,43984.7,48011.4,80442.8,104863.2,215.4,28.0,6.7,322,24.4,6.6,197,662,879,1181,1698,2153,2949,2450,5810,532
1773931642,2,821310.3,783516.1,139324.5,132638.5,40965.6,42951.6,47283.6,79449.1,104859.3,298.1,28.1,6.8,504,24.4,6.7,197,662,879,1181,1698,2153,2949,2449,5811,532
1773931942,2,802234.5,765953.3,136989.7,130347.4,40407.6,42196.8,46843.0,78530.2,104850.1,380.0,28.1,6.8,601,24.4,6.8,198,662,879,1181,1698,2153,2950,2449,5810,532
1773932244,2,788472.2,753197.0,135003.1,128506.1,40018.4,41708.0,46503.1,78120.6,104839.3,450.4,28.1,6.8,717,24.4,6.9,198,662,879,1181,1698,2154,2950,2450,5812,532
1773932542,2,777734.8,742731.0,133462.5,127051.2,39677.8,41370.9,46152.8,77457.5,104828.0,537.3,28.1,6.9,796,24.4,6.9,197,662,879,1181,1698,2152,2948,2448,5808,532
1773932842,2,764258.9,731696.2,131978.3,125541.6,39337.6,41028.1,45930.4,77033.4,104816.0,627.4,28.1,6.9,898,24.4,6.9,197,662,879,1180,1698,2153,2949,2449,5809,532
1773933142,2,756330.8,724439.7,130807.6,124524.1,39114.1,40722.0,45654.2,76559.2,104803.8,701.3,28.1,6.9,1014,24.4,7.0,198,662,879,1181,1698,2153,2949,2449,5809,532
1773933442,2,748154.2,716264.8,129952.2,123388.4,38753.6,40481.1,45198.5,76307.9,104790.7,791.2,28.1,7.0,1116,24.4,7.0,198,662,879,1181,1698,2152,2949,2448,5809,532
1773933744,2,740701.0,709961.7,128899.0,122533.5,38509.7,40209.2,45006.7,75696.3,104778.0,869.8,28.1,7.0,1209,24.4,7.0,198,662,879,1181,1699,2153,2949,2449,5811,532
1773934042,2,734292.2,702092.4,127786.3,121454.4,38368.8,40036.3,44895.5,75422.4,104764.5,939.5,28.1,7.0,1341,24.4,7.0,197,662,879,1181,1698,2154,2949,2449,5809,532
1773934342,2,727590.9,697946.0,127148.6,120748.7,38229.2,39835.5,44615.8,74922.4,104752.0,1040.4,28.1,7.0,1410,24.4,7.1,198,662,879,1180,1697,2152,2949,2449,5807,532
1773934644,2,721320.5,690694.8,126009.2,119802.4,37968.4,39556.5,44402.0,74896.3,104738.1,1100.7,28.1,7.0,1515,24.4,7.1,198,662,879,1181,1698,2153,2949,2449,5808,532
1773934942,2,714684.2,685741.2,125357.4,119285.1,37750.0,39469.4,44184.7,74479.2,104725.7,1198.2,28.1,7.0,1663,24.4,7.1,197,662,879,1180,1698,2152,2949,2448,5808,533
1773935244,2,710266.5,680430.5,124629.7,118701.9,37590.6,39097.1,44073.5,74069.2,104713.1,1291.3,28.1,7.0,1741,24.4,7.1,198,662,879,1180,1698,2153,2949,2449,5809,532
1773935542,2,702653.9,672344.4,123745.2,117691.7,37406.9,39064.7,43901.1,73827.4,104700.3,1367.4,28.1,7.0,1875,24.4,7.1,197,663,879,1180,1698,2153,2949,2449,5810,531
1773935842,2,700056.2,668706.8,123112.2,117301.4,37314.0,38915.2,43715.6,73444.6,104688.1,1446.1,28.1,7.0,1977,24.4,7.1,198,662,879,1181,1698,2153,2949,2449,5810,532
1773936144,2,694846.4,663227.5,122546.4,116503.9,37110.5,38654.7,43454.8,73234.8,104676.8,1538.0,28.1,7.0,2100,24.4,7.1,197,662,879,1180,1698,2154,2950,2449,5811,532
1773936442,2,690552.8,660511.9,121910.4,115928.1,36935.8,38506.2,43408.8,72981.3,104664.7,1611.8,28.1,7.0,2192,24.4,7.2,198,662,879,1181,1698,2153,2949,2449,5811,532
1773936742,2,686162.8,656690.8,121511.0,115506.6,36882.5,38339.5,43197.3,72778.2,104652.4,1713.9,28.1,7.0,2322,24.4,7.1,198,662,879,1181,1699,2154,2950,2451,5812,532
1773937042,2,681347.6,650922.9,120706.2,114739.4,36749.3,38212.6,43053.2,72358.0,104640.4,1781.8,28.1,7.0,2410,24.4,7.1,197,663,879,1180,1698,2152,2949,2449,5810,532
1773937342,2,676474.1,647201.8,120136.5,114146.4,36513.3,38075.3,42904.5,72125.0,104628.5,1864.8,28.1,7.0,2536,24.4,7.2,198,662,879,1181,1698,2152,2949,2448,5808,532
1773937644,2,672143.3,642784.7,119533.5,113566.5,36395.9,37916.0,42832.3,71859.4,104616.9,1959.7,28.1,7.1,2618,24.4,7.2,198,662,879,1181,1698,2153,2950,2449,5810,532
1773938242,2,984289.0,941752.5,161034.0,152419.6,45187.8,46769.5,49400.3,82322.9,104932.5,136.8,27.9,6.4,208,24.2,6.2,197,663,879,1181,1698,2153,2949,2449,5809,533
1773938544,2,866582.0,830324.7,145168.4,138110.8,42164.2,44156.2,48058.3,80449.1,104938.7,212.0,28.0,6.6,319,24.3,6.6,197,662,879,1181,1698,2152,2948,2449,5809,532
1773938842,2,830541.0,790853.3,139941.9,133135.0,41053.6,43028.8,47422.2,79568.5,104934.1,285.1,28.0,6.7,481,24.3,6.7,197,662,879,1180,1699,2152,2949,2450,5810,532
1773939144,2,812326.2,776846.2,137689.9,131060.9,40489.2,42293.4,46910.1,78662.4,104925.2,374.7,28.1,6.8,594,24.4,6.8,198,662,879,1181,1698,2153,2948,2449,5809,532
1773939442,2,795600.1,762511.1,135569.1,129096.3,40070.1,41777.0,46515.0,78094.0,104914.9,450.9,28.1,6.8,678,24.4,6.8,197,662,879,1180,1698,2153,2949,2449,5810,532
1773939742,2,784707.4,749645.3,133866.2,127461.1,39666.0,41390.6,46163.7,77591.5,104904.1,524.0,28.1,6.8,813,24.4,6.8,197,663,879,1181,1698,2153,2949,2449,5811,533
1773940042,2,775687.6,742413.0,132673.3,126251.2,39340.7,41132.1,45895.2,77188.7,104891.8,608.8,28.1,6.9,933,24.4,6.9,197,663,879,1181,1698,2153,2949,2448,5809,532
1773940342,2,766399.4,733354.5,131805.8,125268.0,39096.0,40792.6,45681.2,76819.9,104879.2,688.2,28.1,6.9,962,24.4,7.0,197,662,879,1181,1698,2153,2949,2449,5811,532
1773940644,2,759002.5,725187.2,130303.3,124039.6,38881.3,40502.0,45309.5,76314.5,104866.7,750.8,28.1,6.9,1079,24.4,7.0,198,662,879,1181,1698,2153,2949,2448,5809,532
1773940942,2,747561.5,717730.9,129582.3,122972.1,38579.2,40204.0,45088.2,75879.3,104854.2,848.2,28.1,6.9,1180,24.4,7.0,198,662,879,1181,1698,2153,2950,2449,5810,532
1773941242,2,743139.0,712747.4,128564.1,122270.8,38496.7,40069.0,44930.9,75416.1,104841.6,923.6,28.1,6.9,1287,24.4,7.0,197,662,879,1181,1698,2153,2949,2449,5811,532
1773941542,2,736971.1,706027.4,127506.0,121301.5,38221.9,39874.5,44685.9,75146.9,104828.9,1006.1,28.1,6.9,1424,24.4,7.0,198,662,879,1181,1698,2153,2949,2448,5810,532
1773941842,2,731671.6,698990.2,126845.0,120452.0,38060.2,39617.8,44521.0,74922.6,104816.9,1079.0,28.1,6.9,1506,24.4,7.0,197,662,879,1181,1699,2153,2950,2449,5811,533
1773942144,2,724119.9,693530.6,126089.5,119837.9,37823.0,39429.2,44306.5,74319.7,104804.3,1165.6,28.1,7.0,1642,24.4,7.0,198,663,880,1181,1698,2153,2949,2449,5811,533
1773942442,2,717696.7,687606.6,125154.1,118888.0,37659.6,39209.9,44117.9,74156.4,104792.8,1258.9,28.1,7.0,1726,24.4,7.0,198,662,879,1181,1698,2153,2949,2449,5812,532
1773942744,2,712487.1,680538.3,124602.5,118227.3,37469.0,38976.0,43897.6,73840.2,104780.9,1350.1,28.1,7.0,1842,24.4,7.1,197,662,879,1180,1698,2152,2948,2448,5808,532
1773943042,2,706765.0,676434.6,123520.8,117465.6,37315.8,38886.8,43751.5,73643.0,104768.4,1423.5,28.1,7.0,1949,24.4,7.1,197,662,879,1180,1698,2152,2948,2448,5809,532
1773943342,2,703188.3,673363.5,123147.4,116982.8,37132.8,38752.3,43580.8,73391.1,104756.4,1530.4,28.1,7.0,2031,24.4,7.1,198,662,879,1180,1698,2152,2949,2449,5811,532
1773943644,2,698897.7,667531.1,122544.5,116408.4,36937.6,38545.0,43354.7,72970.8,104744.1,1586.5,28.1,7.0,2160,24.4,7.1,198,662,879,1180,1698,2153,2948,2448,5808,532
1773943942,2,693954.1,664322.1,121908.1,115785.4,36841.3,38355.0,43187.0,72744.9,104731.4,1671.3,28.1,7.0,2272,24.4,7.1,197,662,879,1180,1698,2153,2948,2449,5809,533
1773944242,2,689290.9,658656.1,121534.0,115123.1,36702.2,38241.4,43134.6,72469.1,104719.2,1738.0,28.1,7.0,2336,24.4,7.2,198,662,879,1181,1698,2153,2949,2449,5810,532
1773944542,2,683390.3,653334.1,120704.0,114582.9,36571.8,38078.3,42914.0,72315.8,104707.4,1835.3,28.1,7.0,2497,24.4,7.1,197,662,879,1181,1698,2153,2948,2448,5809,532
1773944842,2,678760.2,649541.3,119834.7,114003.6,36414.1,37903.6,42780.0,72000.6,104695.3,1913.9,28.1,7.0,2560,24.4,7.2,197,662,879,1180,1698,2152,2948,2448,5807,532
1773945442,2,990389.4,945752.1,160772.2,152039.8,44938.6,46643.0,49241.5,82210.3,104919.5,144.3,27.9,6.3,209,24.2,6.2,198,662,879,1180,1698,2153,2949,2448,5810,532
1773945744,2,865722.7,830007.0,144415.3,137268.8,41944.9,44038.8,47896.2,80405.6,104926.8,219.2,28.0,6.6,300,24.3,6.5,198,662,879,1180,1697,2152,2948,2448,5809,532
1773946042,2,834232.8,794593.1,139699.1,133156.9,40888.7,42914.8,47250.8,79408.5,104922.2,297.6,28.0,6.7,485,24.3,6.7,198,662,879,1180,1697,2152,2948,2447,5808,532
1773946342,2,813118.8,775250.5,137199.6,130490.1,40297.4,42251.0,46689.1,78587.4,104913.4,375.0,28.0,6.7,585,24.4,6.7,197,662,879,1180,1697,2152,2947,2448,5808,532
1773946644,2,800493.5,765192.5,135508.5,128695.5,39844.1,41684.9,46408.4,77996.8,104903.3,450.7,28.0,6.8,715,24.4,6.8,197,662,879,1180,1698,2152,2948,2448,5809,532
1773946942,2,788008.6,752869.7,133699.7,127094.1,39545.5,41223.2,46010.2,77484.8,104891.2,539.4,28.0,6.8,788,24.4,6.9,197,662,878,1180,1697,2152,2947,2448,5807,533
1773947244,2,776087.1,743372.8,132485.2,126018.8,39156.2,40981.8,45751.1,76998.6,104878.8,615.4,28.1,6.8,897,24.4,6.9,197,662,879,1180,1697,2152,2947,2447,5808,532
1773947542,2,769861.9,735694.3,131457.7,124957.6,38971.8,40684.6,45547.1,76429.5,104866.6,698.5,28.1,6.9,997,24.4,6.9,197,662,879,1180,1697,2152,2948,2448,5809,532
1773947842,2,758382.5,725376.8,130120.4,123636.2,38730.2,40320.3,45159.8,76095.9,104854.4,772.7,28.1,6.8,1105,24.4,6.9,197,662,879,1180,1697,2151,2947,2447,5807,532
1773948144,2,752886.8,718053.1,128880.5,122677.0,38422.2,40115.6,44916.3,75681.8,104842.3,861.1,28.0,6.9,1212,24.4,6.9,198,662,878,1181,1697,2152,2948,2448,5807,531
1773948442,2,745257.0,714308.5,128305.2,121840.7,38256.7,39909.8,44735.6,75350.9,104830.7,939.9,28.1,6.9,1330,24.4,7.0,197,662,879,1180,1697,2152,2947,2447,5808,532
1773948742,2,740436.8,707832.0,127538.2,121222.9,38025.9,39732.6,44497.7,75073.9,104818.5,1022.9,28.1,6.9,1428,24.4,6.9,197,662,879,1180,1698,2152,2948,2448,5809,532
1773949044,2,733852.7,702201.2,126789.8,120366.5,37865.0,39509.4,44393.2,74674.8,104806.4,1103.3,28.0,6.9,1539,24.4,7.0,197,662,878,1179,1697,2150,2946,2447,5805,532
1773949342,2,726616.3,695674.7,125727.3,119490.1,37692.6,39300.9,44149.8,74301.5,104794.0,1177.5,28.1,6.9,1621,24.4,7.0,197,662,879,1180,1697,2152,2948,2448,5807,533
1773949644,2,719156.3,688408.8,124831.3,118734.9,37443.2,39078.0,43991.1,73991.1,104781.8,1266.1,28.1,6.9,1747,24.4,7.0,197,662,879,1180,1698,2152,2948,2448,5808,531
1773949942,2,713476.7,683169.6,123989.0,118160.9,37273.4,38939.6,43804.5,73782.6,104768.8,1340.1,28.0,7.0,1866,24.4,7.0,197,662,879,1180,1697,2152,2948,2448,5808,532
1773950242,2,710864.2,680071.8,123635.9,117250.1,37198.6,38752.5,43621.3,73513.0,104756.3,1424.9,28.0,7.0,1905,24.4,7.0,197,662,879,1180,1697,2152,2948,2448,5807,532
1773950544,2,704256.3,672944.4,122859.4,116743.7,36979.9,38702.9,43464.8,73080.6,104744.0,1510.2,28.0,7.0,2054,24.4,7.1,197,662,879,1180,1697,2152,2948,2449,5808,533
1773950842,2,700060.9,669022.6,122394.4,116290.3,36858.9,38480.8,43237.4,72830.7,104731.2,1604.0,28.0,7.0,2130,24.4,7.0,197,662,879,1180,1697,2152,2947,2447,5807,532
1773951144,2,697311.5,664795.0,121889.8,115677.2,36729.7,38348.1,43044.8,72663.9,104719.2,1670.2,28.0,7.0,2261,24.4,7.0,197,662,879,1180,1697,2152,2947,2448,5806,531
1773951442,2,691093.4,661166.4,121150.1,115008.9,36555.9,38128.9,42959.6,72267.2,104706.9,1741.1,28.0,7.0,2341,24.4,7.1,198,662,879,1180,1698,2153,2948,2448,5808,531
1773951742,2,687073.3,655936.1,120515.7,114437.1,36473.4,37983.4,42812.5,72123.1,104695.7,1843.2,28.0,7.0,2497,24.4,7.1,197,662,879,1180,1697,2152,2948,2449,5809,532
1773952044,2,683238.6,653335.6,119956.6,114068.2,36345.7,37875.0,42684.0,71895.6,104682.6,1920.4,28.0,7.0,2587,24.4,7.1,197,662,879,1181,1698,2153,2949,2449,5810,532
1773952644,2,993050.7,950285.4,160615.8,151805.8,44785.8,46540.2,49116.1,81966.8,104908.0,126.6,27.9,6.3,218,24.2,6.2,197,662,879,1180,1697,2152,2948,2448,5808,532
1773952942,2,871737.8,835614.7,144497.7,137487.7,41809.1,43853.0,47775.7,80192.8,104914.8,208.9,28.0,6.6,337,24.2,6.5,197,662,879,1180,1697,2152,2948,2448,5807,532
1773953242,2,837170.7,799953.0,139816.1,132799.8,40740.6,42596.6,47147.3,79039.4,104910.7,286.8,28.0,6.7,485,24.3,6.6,197,662,878,1180,1697,2152,2948,2448,5808,532
1773953544,2,817805.6,783816.7,137512.4,130559.8,40220.7,41978.8,46639.4,78314.4,104902.5,359.3,28.0,6.7,575,24.3,6.7,198,662,878,1180,1697,2151,2947,2448,5806,531
1773953842,2,802083.1,767998.8,135180.2,128580.4,39809.6,41472.0,46203.0,77879.3,104891.7,427.3,28.0,6.8,672,24.3,6.8,197,662,879,1180,1697,2152,2948,2449,5809,532
1773954144,2,791403.2,756486.3,133803.5,127079.7,39417.9,41182.1,45949.8,77334.4,104878.9,507.7,28.0,6.7,779,24.4,6.8,197,662,879,1180,1697,2152,2947,2448,5808,532
1773954442,2,781148.9,745436.2,132468.3,125845.3,39070.2,40876.8,45668.5,76837.3,104866.7,576.6,28.0,6.8,876,24.3,6.9,197,662,878,1180,1697,2151,2947,2448,5808,531
1773954742,2,774160.2,738415.2,131493.7,124867.9,38859.2,40560.3,45306.1,76406.8,104854.2,666.0,28.0,6.8,978,24.3,6.8,197,662,878,1180,1697,2151,2947,2447,5807,532
1773955042,2,764006.4,731150.7,130237.4,123783.9,38637.5,40361.8,45050.5,76086.2,104841.2,738.8,28.0,6.8,1036,24.4,6.9,197,662,879,1180,1696,2151,2946,2447,5806,531
1773955342,2,756491.1,722625.0,129237.1,122764.4,38385.2,40086.2,44880.5,75818.1,104828.1,818.0,28.0,6.8,1150,24.4,6.9,197,662,879,1180,1697,2151,2947,2448,5807,531
1773955644,2,748485.0,716370.8,128318.5,121998.4,38200.0,39921.8,44614.6,75195.1,104815.5,894.9,28.0,6.9,1252,24.3,7.0,197,662,879,1180,1697,2152,2948,2448,5808,531
1773955942,2,742679.7,710328.7,127633.5,121093.8,37951.6,39657.0,44480.7,74802.3,104804.5,967.1,28.0,6.9,1373,24.3,6.9,197,662,879,1180,1697,2151,2947,2447,5806,532
1773956244,2,736275.6,705509.9,126702.7,120279.7,37728.3,39353.6,44263.8,74507.1,104791.9,1055.0,28.0,6.9,1477,24.4,7.0,197,662,879,1180,1698,2152,2948,2448,5809,532
1773956542,2,731407.6,700470.8,126021.9,119466.8,37606.5,39290.7,44059.1,74173.6,104779.2,1143.7,28.0,6.9,1558,24.3,7.0,197,662,879,1180,1697,2151,2947,2448,5806,531
1773956842,2,725618.8,692363.5,125055.3,118892.3,37427.1,39095.1,43889.0,73990.6,104767.1,1213.1,28.0,6.9,1667,24.4,7.0,197,662,879,1180,1698,2152,2948,2448,5809,533
1773957142,2,720130.8,688450.2,124416.9,118071.8,37241.9,38838.0,43724.4,73671.6,104755.4,1284.9,28.0,6.9,1762,24.4,7.0,198,662,879,1181,1697,2152,2947,2448,5808,532
1773957442,2,716196.2,684980.8,124016.0,117664.8,37083.3,38691.8,43540.0,73403.5,104742.1,1361.1,28.0,6.9,1859,24.4,7.0,197,662,879,1180,1697,2151,2947,2447,5807,532
1773957744,2,708235.1,678151.7,122909.0,116818.2,36922.2,38573.7,43402.3,73080.1,104729.0,1443.4,28.0,6.9,1956,24.4,7.0,198,662,879,1180,1696,2151,2947,2447,5806,532
1773958042,2,706363.8,674852.6,122793.7,116279.1,36819.1,38399.9,43142.2,72888.8,104716.0,1518.0,28.0,6.9,2109,24.4,7.0,197,663,879,1180,1698,2152,2948,2448,5808,532
1773958342,2,702979.2,670114.9,121991.1,115722.0,36672.2,38351.0,43039.2,72507.1,104703.7,1592.5,28.0,6.9,2170,24.4,7.1,197,662,879,1180,1697,2152,2948,2448,5808,532
1773958642,2,695747.2,664384.8,121299.6,115226.2,36507.5,38076.3,42881.8,72230.6,104690.8,1673.3,28.0,7.0,2267,24.4,7.1,197,662,879,1180,1697,2152,2947,2448,5808,532
1773958942,2,692755.8,661766.5,120838.7,114748.3,36442.8,37995.0,42809.8,71946.8,104678.7,1768.6,28.0,6.9,2360,24.4,7.1,197,662,879,1180,1697,2152,2948,2448,5807,532
1773959244,2,687985.3,657284.9,120244.3,114097.1,36286.0,37876.0,42643.7,71884.3,104666.4,1835.9,28.0,7.0,2473,24.4,7.1,198,662,879,1180,1697,2152,2948,2448,5808,531
1773959842,2,996746.2,952312.0,160225.7,151430.7,44608.2,46228.2,48817.1,81534.8,104855.6,119.0,27.9,6.3,184,24.2,6.1,197,662,878,1180,1697,2151,2947,2447,5806,531
1773960142,2,871102.5,834146.6,143859.4,136618.0,41615.6,43582.0,47516.2,79723.7,104861.2,202.0,28.0,6.5,329,24.3,6.5,197,662,879,1180,1697,2151,2946,2447,5806,531
1773960442,2,840662.9,802358.3,139528.2,132699.5,40573.7,42474.8,46821.2,78690.2,104857.0,268.1,28.0,6.6,415,24.3,6.6,197,662,878,1179,1696,2151,2946,2447,5805,532
1773960742,2,818528.0,783510.7,136984.8,130033.1,39969.6,41774.6,46307.4,78030.1,104847.5,357.5,28.0,6.7,572,24.3,6.7,197,662,878,1180,1697,2151,2946,2447,5806,532
1773961042,2,804178.4,768597.2,135200.8,128419.4,39600.9,41332.5,45971.4,77332.7,104837.1,424.5,28.0,6.7,647,24.3,6.7,197,662,879,1180,1697,2152,2947,2447,5807,532
1773961344,2,793386.3,756278.2,133574.2,126876.3,39242.6,41012.6,45713.4,76940.9,104825.0,494.0,28.0,6.8,764,24.3,6.8,197,662,878,1180,1696,2151,2946,2448,5805,531
1773961642,2,784010.3,749662.2,132233.3,125467.8,38935.2,40754.1,45396.0,76347.0,104812.2,584.3,28.0,6.8,839,24.3,6.8,197,662,879,1180,1697,2151,2946,2448,5807,531
1773961942,2,775217.2,740344.6,131065.3,124519.1,38671.8,40383.1,45081.6,76012.6,104799.9,660.6,28.0,6.8,950,24.4,6.9,197,662,878,1180,1697,2152,2947,2447,5806,532
1773962244,2,764332.8,731389.5,129751.2,123260.8,38474.7,40143.8,44893.3,75643.7,104787.1,722.6,28.0,6.8,1021,24.4,6.9,197,662,879,1180,1697,2151,2946,2447,5805,532
1773962542,2,760369.9,727024.7,129115.1,122692.4,38305.1,39950.6,44679.2,75253.1,104775.0,815.3,28.0,6.8,1138,24.3,6.9,197,662,878,1180,1697,2151,2947,2448,5807,531
1773962842,2,750367.2,718136.1,127914.8,121508.2,38000.4,39716.8,44483.6,74893.5,104763.4,882.4,28.1,6.8,1219,24.4,6.9,197,662,879,1180,1697,2152,2947,2447,5807,532
1773963142,2,745265.9,712890.1,127381.9,120853.8,37795.1,39513.3,44231.3,74610.6,104751.2,958.8,28.0,6.9,1352,24.4,6.9,197,662,878,1180,1696,2150,2946,2446,5804,531
1773963442,2,738746.7,707371.3,126405.6,120110.1,37618.3,39304.7,44012.3,74241.4,104738.0,1046.1,28.0,6.9,1450,24.4,6.9,197,662,879,1180,1696,2150,2946,2447,5805,532
1773963744,2,730657.9,701591.4,125527.0,119194.1,37433.0,39083.8,43885.0,73912.3,104726.1,1123.8,28.0,6.9,1568,24.4,6.9,197,662,878,1180,1697,2151,2946,2447,5806,532
1773964042,2,727615.8,695877.7,125046.0,118595.5,37255.9,38938.7,43689.4,73596.4,104714.3,1207.2,28.0,6.9,1643,24.4,7.0,197,662,878,1180,1697,2152,2947,2448,5807,532
1773964344,2,720842.7,688563.0,124149.5,117887.9,37142.1,38757.1,43598.9,73249.4,104700.8,1281.5,28.0,6.9,1744,24.4,7.0,197,662,879,1180,1697,2152,2947,2448,5807,532
1773964642,2,717065.4,685231.1,123498.4,117272.8,36972.8,38592.4,43348.6,73084.4,104689.1,1353.1,28.0,6.9,1842,24.4,7.0,197,662,878,1180,1697,2152,2946,2448,5805,532
1773964942,2,712601.7,680419.0,122986.3,116665.7,36796.0,38392.9,43179.3,72868.5,104677.2,1422.7,28.1,6.9,1966,24.4,7.0,197,662,879,1180,1696,2150,2946,2447,5804,531
1773965242,2,706787.3,677180.2,122535.4,116213.2,36683.0,38241.1,43030.7,72556.0,104665.4,1508.6,28.1,6.9,2062,24.4,7.0,197,662,878,1181,1697,2151,2947,2448,5808,531
1773965542,2,701580.7,671166.7,121529.4,115393.2,36483.8,38111.9,42946.1,72375.0,104654.1,1600.5,28.0,6.9,2152,24.4,7.0,197,662,879,1180,1696,2151,2946,2447,5804,531
1773965844,2,696391.2,665335.2,120965.2,114989.0,36353.9,38020.5,42706.0,72150.1,104641.7,1682.6,28.0,6.9,2282,24.4,7.0,197,662,879,1181,1697,2151,2947,2448,5806,532
1773966142,2,694302.9,663686.4,120592.5,114329.8,36256.7,37860.7,42647.7,71686.2,104635.0,1747.1,28.1,7.0,2366,24.4,7.0,197,662,879,1180,1697,2151,2947,2447,5805,532
1773966442,2,687807.4,656963.4,119769.1,113773.7,36114.6,37626.2,42420.4,71540.2,104632.0,1833.8,28.1,6.9,2423,24.4,7.1,197,661,878,1179,1696,2150,2945,2445,5802,532
1773967042,2,991052.9,945176.0,158510.3,149599.8,43985.9,45639.3,48226.9,80431.7,104847.0,132.4,28.0,6.2,141,24.2,6.1,197,662,878,1180,1696,2150,2946,2447,5805,532
1773967344,2,866081.0,825906.5,142300.2,134897.4,41036.3,42751.9,46888.1,78543.8,104867.0,207.6,28.1,6.5,295,24.4,6.5,197,662,879,1180,1696,2151,2947,2447,5807,532
1773967642,2,827834.0,792009.9,137581.0,130307.9,39923.5,41694.2,46108.3,77619.3,104867.1,281.4,28.1,6.6,477,24.4,6.6,197,662,879,1180,1697,2151,2947,2447,5806,531
1773967942,2,807250.1,773278.0,134832.5,127759.5,39344.4,41016.9,45605.2,76837.1,104861.0,343.8,28.2,6.7,560,24.5,6.7,197,662,879,1179,1696,2151,2945,2446,5804,531
1773968242,2,794517.9,757769.8,132957.1,125896.2,38921.6,40534.8,45123.7,76262.5,104852.8,427.7,28.2,6.7,682,24.5,6.8,197,662,879,1180,1696,2151,2946,2447,5805,531
1773968542,2,780247.0,745081.2,131416.0,124310.3,38571.3,40251.7,44814.9,75673.3,104842.5,507.6,28.2,6.7,753,24.5,6.8,197,662,879,1180,1696,2151,2946,2446,5804,532
1773968844,2,771754.4,737182.4,129898.9,123262.2,38236.2,39889.2,44494.1,75142.2,104830.9,579.0,28.2,6.8,861,24.5,6.8,197,662,879,1180,1696,2151,2946,2448,5806,532
1773969142,2,761108.1,728472.2,128620.0,121931.3,38015.5,39636.3,44324.7,74813.1,104818.5,660.7,28.2,6.8,974,24.5,6.9,197,662,879,1180,1696,2150,2946,2447,5804,532
1773969444,2,753230.8,719814.8,127911.4,121037.6,37787.2,39368.6,44004.5,74373.8,104806.1,726.5,28.2,6.8,1011,24.5,6.9,197,662,879,1180,1696,2150,2946,2447,5806,531
1773969742,2,745721.8,714061.5,126859.7,120175.3,37539.7,39156.8,43884.0,74005.8,104794.2,809.9,28.2,6.8,1137,24.5,6.9,197,662,879,1180,1697,2151,2946,2446,5805,531
1773970042,2,739215.6,706069.0,125933.6,119155.4,37341.0,38928.0,43593.3,73790.2,104781.3,879.8,28.2,6.8,1254,24.5,6.9,197,662,879,1179,1696,2149,2945,2446,5803,531
1773970344,2,732152.6,699921.5,124981.6,118536.3,37216.7,38726.3,43308.4,73287.2,104767.4,966.8,28.2,6.8,1362,24.6,6.9,197,662,879,1180,1696,2150,2945,2446,5803,531
1773970642,2,726105.7,694698.1,124068.8,117669.7,36949.3,38532.4,43215.6,72926.8,104753.3,1039.9,28.2,6.8,1416,24.6,6.9,198,663,880,1180,1697,2152,2947,2448,5808,532
1773970942,2,721617.0,689978.6,123535.0,116919.8,36765.7,38371.7,43079.5,72696.1,104739.3,1105.2,28.2,6.8,1549,24.6,7.0,197,662,879,1180,1696,2150,2945,2446,5804,531
1773971244,2,716359.2,685667.9,122804.2,116495.6,36630.8,38277.0,42873.5,72365.6,104724.7,1199.5,28.2,6.8,1636,24.6,6.9,197,662,879,1179,1696,2150,2945,2446,5804,532
1773971542,2,710497.2,678034.4,122184.5,115783.5,36478.9,38018.1,42669.0,72001.5,104712.2,1277.5,28.2,6.9,1754,24.5,6.9,197,662,879,1180,1696,2151,2946,2447,5806,532
1773971844,2,704897.2,674046.4,121339.4,115033.8,36365.9,37842.3,42526.8,71986.4,104698.4,1333.3,28.2,6.9,1829,24.5,7.0,197,662,879,1179,1696,2151,2945,2446,5804,531
1773972142,2,699846.8,669130.6,120768.3,114613.0,36178.8,37681.7,42486.8,71616.5,104685.4,1429.5,28.2,6.9,1906,24.5,7.0,197,662,879,1180,1696,2151,2945,2446,5804,531
1773972442,2,696154.6,664897.8,120267.0,113819.5,36094.9,37639.1,42290.2,71519.6,104670.5,1491.9,28.2,6.9,2066,24.5,7.0,197,662,879,1180,1696,2150,2946,2446,5805,531
1773972742,2,693493.1,662082.0,120005.8,113416.8,36002.0,37397.4,42188.2,71231.3,104656.9,1567.0,28.2,6.9,2134,24.5,7.0,197,662,879,1179,1695,2150,2945,2446,5804,531
1773973042,2,688634.3,657136.6,119320.5,113019.5,35883.1,37314.0,42117.7,70932.6,104643.4,1652.2,28.2,6.9,2225,24.5,7.0,197,662,878,1179,1695,2149,2944,2445,5802,531
1773973344,2,683440.1,653280.2,118841.2,112526.7,35760.0,37182.3,41885.8,70745.0,104629.2,1725.5,28.2,6.9,2312,24.5,7.1,197,662,878,1180,1696,2150,2946,2446,5804,531
1773973642,2,681038.9,650193.4,118378.3,112007.4,35625.0,37111.6,41798.1,70458.6,104616.5,1798.4,28.2,6.9,2438,24.5,7.1,197,662,879,1179,1696,2150,2945,2446,5802,531
1773974244,2,988905.2,943728.1,157660.6,148874.5,43816.2,45362.0,47874.4,79932.2,104823.1,119.6,28.1,6.2,218,24.3,6.2,197,662,878,1179,1695,2150,2945,2446,5803,532
1773974542,2,864763.5,825859.6,141720.5,134347.1,40809.6,42652.0,46600.0,78238.2,104827.5,194.0,28.1,6.5,335,24.4,6.5,197,662,878,1179,1696,2150,2945,2446,5804,532
1773974844,2,830515.2,793886.8,137325.0,130228.9,39802.5,41540.8,45977.4,77305.8,104822.3,262.8,28.2,6.6,441,24.5,6.6,197,662,878,1179,1696,2150,2944,2445,5803,531
1773975142,2,812865.8,777529.6,134947.8,127968.2,39286.7,40973.0,45445.2,76700.9,104811.7,336.1,28.2,6.6,542,24.5,6.7,197,662,879,1180,1696,2150,2945,2446,5804,531
1773975442,2,797715.4,760888.3,133058.7,125951.2,38860.3,40592.8,45086.6,76117.7,104800.0,421.9,28.2,6.7,654,24.5,6.7,197,662,878,1179,1695,2149,2944,2445,5803,531
1773975744,2,785684.2,751785.3,131659.9,124810.0,38577.2,40238.6,44803.0,75714.6,104787.6,492.8,28.2,6.7,713,24.5,6.7,197,662,878,1179,1695,2150,2945,2446,5803,531
1773976042,2,776267.2,740912.5,130220.5,123471.3,38225.4,39951.6,44512.7,75237.8,104774.3,551.6,28.2,6.7,845,24.5,6.8,197,662,879,1180,1696,2150,2946,2447,5803,531
1773976342,2,768596.0,734327.1,128901.2,122600.3,38026.5,39703.0,44337.7,74803.0,104761.5,627.4,28.2,6.7,930,24.5,6.8,197,662,879,1179,1696,2150,2945,2446,5802,531
1773976642,2,759662.8,726075.7,128315.0,121409.8,37802.6,39433.4,44085.6,74350.6,104746.9,711.9,28.2,6.8,1029,24.5,6.9,197,662,878,1179,1696,2149,2945,2446,5803,531
1773976942,2,753659.3,719859.2,127410.4,120717.9,37621.4,39194.9,43935.3,74029.6,104733.2,770.4,28.2,6.8,1106,24.5,6.9,197,662,878,1179,1696,2150,2944,2446,5802,531
1773977244,2,747586.3,715507.5,126609.9,119934.1,37468.8,39040.5,43715.0,73592.6,104720.0,862.4,28.2,6.8,1194,24.5,6.8,197,662,878,1180,1696,2150,2945,2446,5802,531
1773977542,2,739419.6,705987.2,125458.5,118888.3,37156.6,38815.3,43510.3,73288.1,104707.4,930.8,28.2,6.8,1290,24.5,6.9,197,662,878,1180,1696,2151,2945,2446,5805,532
1773977844,2,733890.0,701731.3,124880.5,118319.9,37039.0,38601.2,43324.3,72980.5,104693.4,1006.3,28.2,6.8,1409,24.5,6.9,197,661,878,1179,1695,2149,2944,2445,5801,531
1773978142,2,728881.8,696722.1,124243.7,117643.3,36927.6,38415.6,43096.9,72862.7,104679.9,1079.1,28.2,6.8,1487,24.5,6.9,197,662,878,1179,1696,2150,2945,2446,5804,531
1773978442,2,723283.0,691640.2,123417.4,117025.7,36770.8,38323.5,42933.8,72502.7,104667.4,1158.9,28.2,6.8,1616,24.5,7.0,197,662,878,1179,1695,2149,2944,2445,5802,531
1773978742,2,717490.5,686515.4,122938.8,116375.2,36587.9,38154.5,42826.4,72360.4,104654.7,1239.3,28.2,6.8,1687,24.5,7.0,197,662,879,1179,1696,2150,2945,2446,5804,531
1773979042,2,714930.0,683057.4,122307.3,115801.1,36429.0,37995.6,42609.2,71898.0,104642.9,1317.5,28.2,6.9,1798,24.5,7.0,197,662,879,1179,1695,2150,2944,2445,5802,531
1773979344,2,710665.3,678399.1,121852.5,115288.2,36319.4,37880.0,42505.9,71876.1,104630.7,1386.1,28.2,6.8,1858,24.5,7.0,197,662,879,1180,1696,2150,2945,2446,5804,531
1773979642,2,703843.4,672803.4,121234.8,114592.8,36199.6,37688.1,42334.9,71327.8,104618.3,1480.8,28.2,6.9,1993,24.5,7.0,197,662,879,1179,1696,2150,2945,2446,5804,531
1773979944,2,699138.9,668744.6,120571.8,114244.1,36066.0,37610.1,42207.7,71353.7,104605.5,1542.7,28.2,6.9,2115,24.5,7.0,197,662,878,1179,1696,2149,2945,2445,5802,531
1773980242,2,696178.0,665239.5,120086.4,113550.2,35921.8,37383.7,42116.2,71036.7,104593.3,1619.0,28.2,6.9,2213,24.5,7.0,197,661,878,1179,1695,2149,2944,2445,5801,532
1773980542,2,692863.9,662539.9,119523.2,113142.8,35840.0,37305.9,41941.5,71026.4,104581.3,1706.9,28.2,6.9,2292,24.5,7.0,197,662,878,1179,1696,2150,2944,2446,5803,531
1773980842,2,687246.8,657288.2,118841.9,112624.5,35654.1,37262.7,41844.1,70567.5,104567.8,1768.5,28.2,6.9,2385,24.5,7.0,197,662,878,1179,1695,2150,2945,2446,5803,531
1773981444,2,1003075.9,958570.2,158929.5,149779.1,44019.9,45612.1,48005.9,80370.1,105024.9,122.1,28.0,6.2,164,24.3,6.1,197,662,878,1179,1696,2150,2944,2446,5802,532
1773981742,2,879359.8,839058.1,143103.9,135563.4,40940.3,42872.1,46682.2,78437.9,105029.5,185.2,28.1,6.5,310,24.4,6.4,197,662,878,1179,1696,2150,2944,2445,5803,531
1773982044,2,840994.7,803933.2,138240.1,130846.5,39963.1,41771.4,46033.2,77512.5,105023.4,251.0,28.1,6.6,419,24.4,6.6,197,662,878,1179,1696,2150,2945,2446,5804,531
1773982342,2,822311.9,786376.5,135601.8,128859.5,39439.3,41254.4,45678.1,76983.9,105011.0,323.7,28.1,6.6,504,24.4,6.7,197,662,878,1179,1696,2150,2945,2446,5802,531
1773982642,2,808604.7,773542.8,134301.1,127249.6,39035.1,40800.2,45185.1,76256.4,104996.1,401.0,28.1,6.7,600,24.4,6.7,197,662,878,1179,1696,2150,2945,2446,5802,532
1773982942,2,798164.2,763186.6,132802.9,125833.6,38725.6,40464.7,44951.9,75827.6,104981.7,461.9,28.1,6.7,722,24.4,6.7,197,662,879,1180,1696,2151,2946,2446,5804,531
1773983242,2,789212.2,752542.1,131658.7,124811.6,38463.2,40082.1,44624.2,75328.7,104965.9,528.1,28.1,6.7,805,24.4,6.8,197,662,878,1180,1697,2151,2946,2446,5805,532
1773983544,2,780980.3,744083.4,130688.4,123747.1,38184.3,39949.1,44376.3,75073.1,104950.9,602.8,28.1,6.7,884,24.4,6.8,197,662,878,1180,1695,2150,2945,2446,5804,531
1773983842,2,773637.3,737612.3,129514.2,122758.1,37986.5,39684.7,44287.9,74609.4,104936.4,667.4,28.1,6.7,977,24.4,6.8,197,662,878,1179,1696,2150,2945,2446,5803,531
1773984142,2,766501.7,730570.2,128483.6,121862.3,37828.2,39411.5,44002.5,74361.6,104921.2,755.2,28.1,6.7,1054,24.4,6.9,197,661,878,1179,1695,2149,2944,2445,5802,532
1773984442,2,759828.6,725592.4,127793.2,120945.3,37648.7,39231.3,43883.9,74077.0,104907.0,833.8,28.1,6.8,1187,24.4,6.9,197,662,878,1179,1696,2149,2944,2446,5802,531
1773984742,2,751971.3,718036.8,126723.3,120242.3,37429.2,39141.2,43677.1,73612.0,104892.5,899.4,28.1,6.8,1245,24.4,6.9,197,662,878,1179,1695,2149,2944,2446,5801,531
1773985044,2,744462.1,711554.1,125940.9,119347.3,37208.5,38828.7,43480.0,73486.0,104878.6,987.6,28.1,6.8,1363,24.4,6.9,197,661,878,1179,1695,2150,2944,2445,5800,531
1773985342,2,740588.5,708474.3,125610.3,119005.5,37093.4,38613.4,43238.9,73136.8,104864.9,1034.0,28.1,6.8,1441,24.4,6.9,197,662,878,1179,1696,2150,2945,2446,5803,531
1773985642,2,734230.7,703508.4,124812.6,118250.2,36956.8,38528.0,43136.4,72895.6,104850.5,1135.4,28.1,6.8,1525,24.4,6.9,197,662,878,1179,1695,2150,2943,2445,5802,531
1773985942,2,729928.0,699254.7,124042.8,117676.5,36774.7,38349.2,43022.0,72690.2,104836.2,1191.1,28.1,6.8,1641,24.4,6.9,197,661,879,1179,1695,2150,2945,2445,5802,531
1773986242,2,726797.8,694276.3,123664.4,117106.1,36663.5,38271.3,42827.3,72334.5,104821.8,1269.6,28.1,6.8,1736,24.4,6.9,197,662,878,1180,1695,2150,2945,2446,5803,531
1773986544,2,719741.7,690163.2,122869.5,116337.6,36561.5,38058.3,42744.4,72103.6,104807.7,1340.4,28.1,6.8,1800,24.4,6.9,197,662,878,1179,1696,2150,2945,2446,5804,532
1773986842,2,715608.5,682652.4,122117.0,115558.1,36313.1,37954.1,42547.7,71908.9,104794.3,1432.3,28.1,6.8,1945,24.4,6.9,197,662,878,1179,1696,2150,2945,2446,5803,532
1773987144,2,711165.8,679628.0,121786.4,115143.0,36245.5,37746.8,42430.4,71481.6,104781.4,1514.1,28.1,6.8,2078,24.4,7.0,197,662,878,1179,1696,2150,2945,2446,5804,531
1773987442,2,703655.2,671698.0,120724.1,114413.3,36131.7,37663.3,42279.2,71367.0,104767.9,1580.6,28.1,6.9,2117,24.4,7.0,197,662,878,1180,1696,2150,2945,2445,5803,531
1773987742,2,703478.2,669512.4,120490.0,114265.4,35986.7,37494.8,42137.7,71214.9,104753.2,1637.7,28.1,6.8,2212,24.4,7.0,197,662,878,1179,1696,2151,2945,2446,5805,531
1773988044,2,700337.0,666668.6,119890.6,113700.5,35906.2,37456.3,42083.9,70968.3,104739.9,1719.8,28.1,6.9,2317,24.4,7.0,197,662,878,1179,1695,2150,2944,2445,5802,531
1773988642,2,1013607.7,968654.4,159623.0,150720.5,44096.4,45726.6,48052.4,80471.5,104957.0,114.6,28.0,6.2,139,24.2,6.1,197,662,878,1180,1696,2150,2944,2446,5803,531
1773988942,2,883236.0,845311.7,143424.9,136132.4,41048.5,42938.4,46719.1,78533.2,104961.5,192.8,28.0,6.5,300,24.3,6.4,197,662,878,1180,1697,2150,2946,2446,5805,532
1773989242,2,850081.9,811652.1,139090.9,131717.7,39998.9,41779.3,46026.8,77612.0,104955.6,263.3,28.1,6.5,401,24.4,6.5,197,662,878,1179,1696,2150,2945,2446,5804,532
1773989540,2,828996.9,791895.7,136212.9,129086.8,39407.1,41267.4,45641.4,76977.7,104946.0,328.3,28.1,6.6,522,24.4,6.6,197,662,878,1179,1696,2149,2944,2445,5802,531
1773989842,2,813793.6,777510.5,134357.1,127244.1,38994.4,40863.2,45110.3,76376.7,104937.1,406.3,28.1,6.6,595,24.4,6.7,197,662,878,1179,1695,2149,2944,2444,5801,531
1773990144,2,802554.2,768222.7,132766.5,125803.7,38734.7,40451.5,44851.8,75856.8,104926.2,476.3,28.1,6.6,723,24.4,6.7,197,662,878,1179,1695,2149,2945,2446,5803,531
1773990442,2,793776.8,757290.2,131671.7,124780.9,38430.6,40215.1,44554.8,75433.4,104914.4,550.1,28.1,6.7,818,24.5,6.7,197,662,878,1179,1696,2150,2944,2445,5802,532
1773990744,2,784647.6,748092.7,130396.7,123678.0,38168.8,39907.0,44306.4,74926.6,104900.8,624.5,28.1,6.7,899,24.5,6.7,197,662,879,1179,1696,2150,2944,2445,5802,531
1773991042,2,777610.2,740048.2,129479.5,122725.6,37926.8,39610.2,44107.6,74649.1,104887.4,691.3,28.1,6.7,991,24.5,6.8,197,662,879,1179,1695,2150,2944,2444,5801,531
1773991342,2,768967.1,732737.9,128502.4,121747.2,37664.1,39395.4,43954.3,74207.0,104873.0,778.7,28.1,6.7,1092,24.5,6.8,197,662,878,1179,1696,2150,2945,2446,5803,531
1773991642,2,761187.2,726082.3,127563.6,120747.9,37525.8,39175.9,43714.6,73802.4,104859.8,836.3,28.1,6.7,1178,24.5,6.8,197,661,878,1179,1696,2149,2944,2445,5801,531
1773991942,2,754606.2,720400.4,126650.3,120148.6,37298.8,39016.6,43480.2,73521.9,104846.0,912.1,28.1,6.7,1270,24.5,6.8,197,662,878,1179,1695,2149,2944,2445,5802,532
1773992244,2,748846.7,714245.3,126046.3,119490.0,37148.7,38777.8,43353.6,73232.3,104831.8,989.8,28.2,6.8,1365,24.5,6.9,197,662,878,1179,1696,2149,2944,2445,5803,531
1773992542,2,740678.1,707101.0,124804.5,118325.9,36929.1,38637.2,43124.9,72902.4,104817.9,1062.5,28.1,6.8,1465,24.5,6.9,197,662,878,1179,1695,2149,2943,2445,5801,532
1773992844,2,736016.9,703207.7,124398.8,118127.4,36836.2,38487.6,42973.6,72636.2,104804.5,1129.7,28.1,6.8,1566,24.5,6.9,197,662,878,1179,1695,2150,2944,2445,5803,531
1773993142,2,730876.5,699197.9,123796.3,117203.3,36633.0,38378.9,42880.4,72472.0,104790.6,1200.0,28.2,6.8,1625,24.5,6.9,197,662,879,1179,1695,2149,2943,2445,5802,531
1773993442,2,724633.5,691227.7,122949.3,116583.1,36512.1,38082.0,42732.4,72170.1,104777.1,1284.5,28.2,6.8,1739,24.5,6.9,197,662,878,1180,1695,2149,2944,2446,5802,531
1773993744,2,718797.2,688065.0,122604.9,115852.2,36344.0,37996.7,42476.1,72000.2,104763.6,1371.6,28.2,6.8,1833,24.5,6.9,197,662,878,1179,1695,2150,2943,2445,5802,531
1773994042,2,717199.2,686401.2,122102.6,115602.8,36281.4,37893.6,42412.1,71734.1,104749.5,1446.7,28.2,6.8,1928,24.5,6.9,197,662,878,1179,1696,2149,2943,2445,5802,531
1773994342,2,712467.8,680157.1,121184.6,115040.9,36171.1,37739.0,42217.8,71301.0,104738.2,1502.8,28.2,6.8,2038,24.5,6.9,197,662,878,1179,1696,2149,2944,2445,5803,532
1773994644,2,707170.1,675867.9,120855.7,114560.3,36002.1,37613.2,42101.7,71082.1,104724.1,1577.3,28.2,6.8,2118,24.5,7.0,197,662,878,1179,1695,2149,2944,2445,5800,531
1773994942,2,704257.2,671368.9,120064.3,114064.3,35863.6,37411.0,41942.6,71053.1,104711.0,1648.4,28.2,6.8,2262,24.5,7.0,197,662,878,1180,1696,2150,2944,2446,5803,532
1773995244,2,698379.8,667429.8,119689.6,113316.6,35789.4,37301.1,41866.1,70649.5,104697.3,1737.8,28.2,6.8,2319,24.5,7.0,197,662,878,1179,1695,2149,2944,2445,5801,531
1773995842,2,1013092.9,966024.6,158966.2,149981.7,43790.8,45464.3,47772.8,79727.8,104870.5,122.1,28.0,6.2,151,24.3,6.0,197,661,878,1179,1695,2149,2943,2445,5800,532
1773996142,2,885180.2,843694.9,142903.9,135334.9,40786.4,42768.9,46468.8,78162.1,104875.9,186.8,28.1,6.4,307,24.4,6.4,197,661,878,1179,1696,2149,2944,2445,5802,531
1773996442,2,850069.0,810367.3,138186.5,131026.7,39829.4,41598.4,45785.3,77096.4,104871.3,261.4,28.1,6.5,390,24.4,6.5,197,661,878,1179,1695,2149,2944,2445,5802,531
1773996744,2,828312.8,792009.4,135969.3,128558.5,39213.3,40998.8,45200.5,76363.7,104862.2,329.6,28.1,6.6,502,24.5,6.6,197,662,878,1179,1696,2149,2944,2445,5802,531
1773997042,2,811079.2,775574.8,133582.7,126730.3,38834.0,40631.1,44878.2,75869.8,104850.5,413.1,28.2,6.6,584,24.5,6.6,197,661,878,1179,1695,2150,2943,2445,5802,531
1773997344,2,803296.6,766969.3,132568.7,125561.6,38555.3,40344.1,44582.4,75488.7,104837.9,465.3,28.2,6.6,709,24.5,6.7,197,662,878,1179,1695,2149,2943,2445,5802,531
1773997642,2,793921.1,759550.8,131412.8,124166.6,38299.0,39998.9,44373.3,75037.6,104825.7,525.1,28.2,6.6,792,24.5,6.7,197,662,878,1179,1695,2149,2943,2445,5802,531
1773997942,2,785120.6,749259.4,130124.2,123464.4,37985.2,39732.7,44074.1,74733.0,104812.3,605.9,28.2,6.7,898,24.5,6.8,197,662,878,1179,1696,2150,2944,2445,5803,532
1773998244,2,777359.5,741069.6,129159.4,122332.3,37783.9,39420.2,43910.4,74427.7,104798.4,675.0,28.2,6.7,958,24.5,6.8,197,662,878,1179,1695,2149,2943,2445,5800,532
1773998542,2,768521.8,734078.9,128230.3,121332.9,37600.1,39204.3,43726.9,73918.4,104785.2,752.1,28.2,6.7,1073,24.5,6.8,197,662,878,1179,1695,2149,2943,2445,5801,531
1773998844,2,761787.3,726471.8,127292.0,120479.1,37352.8,39086.6,43496.2,73642.8,104771.9,810.0,28.2,6.7,1131,24.5,6.8,197,662,879,1179,1695,2150,2944,2445,5803,531
1773999142,2,756271.0,722230.0,126700.2,119620.6,37213.2,38840.5,43345.7,73314.1,104758.9,877.0,28.2,6.8,1235,24.5,6.8,197,662,878,1179,1695,2149,2943,2444,5801,531
1773999442,2,751541.3,716495.6,125744.2,119005.8,37058.9,38721.4,43073.1,72864.9,104744.5,953.4,28.2,6.7,1333,24.5,6.9,197,662,879,1179,1695,2149,2944,2445,5802,531
1773999741,2,742038.4,709391.7,125012.3,118430.1,36842.4,38552.3,42943.2,72632.5,104732.1,1033.1,28.2,6.8,1427,24.5,6.9,132,441,586,786,1696,2150,2944,2445,5802,531
1774000042,2,736681.6,702464.0,124081.4,117649.8,36714.5,38354.3,42849.9,72333.2,104717.6,1098.9,28.2,6.8,1527,24.5,6.8,197,661,879,1179,1696,2150,2944,2445,5802,532
1774000344,2,733222.9,701051.0,123676.9,117048.4,36685.4,38213.5,42660.0,72051.2,104704.0,1180.5,28.2,6.8,1599,24.5,6.9,197,661,878,1179,1696,2149,2944,2445,5802,531
1774000642,2,727838.7,696533.8,123055.3,116713.3,36500.0,38018.4,42473.2,71959.0,104691.5,1253.3,28.2,6.8,1697,24.5,6.9,197,662,879,1179,1696,2150,2945,2446,5803,531
1774000942,2,724963.8,694192.3,122572.5,116037.3,36325.9,37901.2,42279.4,71615.4,104679.3,1313.3,28.2,6.8,1795,24.5,6.9,197,662,878,1179,1695,2149,2943,2445,5801,531
1774001242,2,718456.2,688251.3,121936.9,115408.6,36156.4,37804.9,42281.6,71486.9,104668.7,1392.7,28.2,6.8,1903,24.5,7.0,197,661,878,1179,1695,2148,2943,2445,5802,531
1774001542,2,714953.4,683316.6,121383.5,114760.7,35973.0,37594.7,42109.7,71187.7,104657.3,1455.8,28.2,6.8,1983,24.5,6.9,197,662,879,1179,1695,2149,2943,2445,5802,532
1774001844,2,709801.8,678958.2,120805.6,114304.6,35927.2,37533.1,41980.2,70927.9,104645.1,1560.0,28.2,6.8,2077,24.5,7.0,197,662,879,1179,1695,2149,2943,2444,5801,531
1774002142,2,703767.0,673105.7,119906.0,113665.7,35769.0,37306.5,41858.2,70631.7,104632.3,1600.9,28.2,6.8,2162,24.5,6.9,197,662,878,1179,1696,2149,2944,2445,5802,531
1774002442,2,702220.8,670239.0,119939.1,113335.5,35630.1,37182.5,41728.7,70525.4,104619.7,1679.6,28.2,6.8,2281,24.5,7.0,197,662,878,1179,1696,2149,2944,2445,5803,531
1774003042,2,1020058.2,972665.1,159266.9,149993.2,43720.3,45532.5,47573.0,79590.9,104836.1,125.0,28.1,6.1,129,24.4,6.1,197,662,878,1179,1695,2149,2943,2445,5802,531
1774003342,2,888049.4,850882.0,142928.6,135367.4,40724.0,42683.5,46256.8,77714.0,104841.2,201.0,28.1,6.4,287,24.4,6.4,197,662,878,1179,1695,2149,2943,2444,5802,531
1774003640,2,851390.1,811725.7,138167.9,130970.3,39634.6,41510.8,45574.3,76803.4,104836.8,262.8,28.2,6.5,405,24.5,6.5,197,662,878,1179,1695,2149,2943,2444,5801,531
1774003942,2,831020.8,792886.6,135786.8,128201.5,39126.2,40914.8,45037.2,76234.0,104827.1,324.1,28.2,6.5,522,24.5,6.6,197,662,879,1180,1696,2150,2945,2445,5803,531
1774004244,2,815835.9,779593.2,133901.5,126691.6,38699.6,40547.9,44714.7,75458.5,104814.9,386.3,28.2,6.6,613,24.5,6.7,197,662,879,1179,1695,2149,2944,2444,5802,531
1774004542,2,804970.0,770339.8,132427.0,125359.5,38404.0,40176.8,44396.4,75297.6,104800.8,458.0,28.2,6.6,686,24.6,6.7,197,662,879,1179,1695,2149,2944,2445,5803,531
1774004842,2,793810.3,758887.8,130941.7,124131.4,38214.7,39954.1,44170.6,74723.0,104787.4,533.4,28.2,6.6,790,24.6,6.7,197,662,878,1179,1695,2149,2943,2444,5800,531
1774005144,2,788294.2,752291.3,129953.8,123369.1,37915.0,39688.8,43936.1,74420.7,104774.2,602.1,28.2,6.6,870,24.6,6.7,197,661,878,1179,1695,2149,2943,2445,5800,531
1774005442,2,779590.1,743981.7,129248.9,122632.7,37684.3,39377.4,43747.8,73924.6,104759.4,665.2,28.2,6.7,957,24.6,6.8,197,662,879,1179,1695,2149,2943,2444,5802,531
1774005742,2,774080.2,737163.3,128413.1,121401.6,37501.9,39187.9,43488.6,73651.4,104744.7,734.9,28.2,6.6,1075,24.5,6.8,197,661,878,1179,1694,2148,2942,2443,5799,531
1774006042,2,764212.5,730943.5,127485.8,120541.6,37303.4,39058.6,43354.3,73359.0,104730.3,811.9,28.2,6.7,1147,24.6,6.8,197,662,878,1179,1694,2148,2942,2444,5800,531
1774006342,2,759216.8,724090.0,126629.5,120170.9,37094.8,38828.2,43196.3,73010.2,104715.6,874.9,28.2,6.7,1222,24.6,6.8,197,661,878,1178,1694,2148,2942,2444,5798,531
1774006644,2,752369.9,719297.3,125927.0,119197.0,36959.1,38602.6,43004.1,72800.2,104701.2,939.2,28.2,6.7,1307,24.6,6.9,197,662,878,1178,1695,2148,2943,2444,5801,531
1774006942,2,746796.7,713227.9,125124.5,118452.2,36828.7,38454.5,42823.8,72414.2,104687.4,1016.5,28.2,6.7,1395,24.6,6.8,197,662,878,1179,1695,2148,2943,2444,5799,531
1774007244,2,741328.6,708658.3,124380.8,117749.3,36652.2,38307.5,42647.8,72271.6,104673.5,1099.7,28.2,6.7,1510,24.5,6.9,197,661,878,1178,1695,2148,2942,2444,5799,531
1774007542,2,737533.3,704473.0,123660.9,117293.6,36534.8,38185.9,42491.8,72060.1,104658.8,1162.1,28.2,6.7,1620,24.6,6.9,197,661,878,1178,1694,2148,2942,2443,5798,531
1774007842,2,730227.3,698182.9,123147.9,116649.1,36330.3,38004.8,42345.0,71780.2,104644.9,1247.2,28.2,6.8,1696,24.6,6.8,197,661,878,1178,1694,2148,2942,2443,5799,531
1774008144,2,728980.5,695126.9,122536.7,116005.7,36273.8,37830.5,42223.9,71384.2,104631.5,1311.0,28.2,6.8,1776,24.6,6.9,197,661,878,1179,1694,2148,2942,2443,5799,530
1774008442,2,721631.9,691782.2,122067.6,115459.6,36139.0,37733.7,42142.1,71261.9,104617.5,1397.1,28.2,6.8,1876,24.6,6.9,197,662,878,1179,1695,2148,2943,2444,5799,531
1774008742,2,717718.9,683821.2,121428.5,114937.2,35962.6,37613.8,41986.4,70931.1,104603.3,1454.8,28.2,6.7,1961,24.6,6.9,197,661,878,1179,1694,2149,2942,2443,5799,531
1774009044,2,713019.8,679681.7,120742.3,114381.4,35847.9,37442.3,41882.9,70709.9,104589.1,1532.3,28.2,6.8,2055,24.5,6.9,197,661,878,1178,1694,2148,2942,2443,5800,531
1774009342,2,709024.9,678467.3,120218.2,113824.0,35759.9,37396.3,41734.2,70618.4,104574.8,1608.3,28.2,6.8,2129,24.6,6.9,197,661,878,1178,1694,2148,2941,2443,5798,530
1774009642,2,706028.2,674290.2,120017.8,113730.6,35673.7,37253.0,41615.2,70308.7,104560.0,1661.0,28.2,6.8,2274,24.5,7.0,197,661,878,1178,1694,2148,2943,2444,5801,532
1774010242,2,1021829.8,973244.3,159060.3,150067.5,43679.3,45315.3,47462.3,79360.8,104763.0,99.9,28.1,6.1,162,24.3,6.0,197,662,878,1179,1695,2149,2943,2444,5801,532
1774010544,2,891048.8,849036.6,142996.4,135204.5,40574.6,42584.6,46058.9,77568.6,104770.4,176.0,28.1,6.4,261,24.4,6.3,197,661,878,1179,1694,2148,2942,2443,5799,531
1774010842,2,847998.8,810571.3,137755.9,130455.6,39547.3,41392.9,45264.9,76525.0,104765.1,232.4,28.2,6.5,362,24.5,6.5,197,662,878,1179,1694,2148,2942,2443,5798,531
1774011142,2,827756.7,792688.8,135177.3,128001.6,38930.6,40695.3,44810.1,75888.4,104756.2,298.9,28.2,6.5,486,24.5,6.5,197,661,878,1178,1694,2147,2942,2443,5797,531
1774011444,2,816078.7,781508.8,133411.5,126400.3,38616.9,40350.3,44480.8,75436.9,104743.7,369.0,28.2,6.6,594,24.5,6.6,197,661,878,1179,1695,2148,2943,2444,5800,531
1774011742,2,805694.8,770403.0,132000.9,125146.1,38276.1,40083.8,44282.6,74827.1,104730.8,442.6,28.2,6.6,658,24.5,6.7,197,661,878,1179,1694,2148,2942,2443,5799,530
1774012042,2,795739.7,760224.9,130901.3,123950.3,37941.7,39689.4,43883.8,74503.2,104717.4,510.5,28.2,6.6,761,24.6,6.7,197,661,878,1178,1694,2148,2941,2443,5798,532
1774012344,2,787084.9,750725.0,129644.7,122870.3,37751.5,39530.9,43722.5,73986.6,104704.1,571.2,28.2,6.6,840,24.6,6.7,197,662,878,1179,1694,2148,2942,2443,5798,531
1774012642,2,779862.8,742909.5,128925.2,121803.2,37574.6,39367.3,43523.3,73644.5,104690.6,661.3,28.2,6.6,933,24.6,6.7,197,661,878,1178,1694,2148,2942,2443,5798,532
1774012942,2,771254.9,735617.2,127711.6,121077.1,37326.0,39059.6,43208.8,73351.4,104676.2,712.6,28.2,6.7,1039,24.6,6.8,197,662,878,1179,1694,2148,2942,2443,5799,531
1774013242,2,763979.4,728255.5,126799.5,120046.0,37186.8,38839.6,43101.1,73042.6,104662.0,779.2,28.2,6.7,1128,24.6,6.8,197,661,878,1178,1694,2147,2942,2443,5798,531
1774013542,2,757972.8,723609.2,126178.2,119541.3,36888.9,38632.8,42972.6,72739.2,104648.0,850.2,28.2,6.7,1198,24.6,6.8,197,661,878,1178,1694,2148,2941,2443,5797,531
1774013844,2,751406.8,718107.8,125358.2,118741.6,36928.9,38513.5,42778.2,72496.2,104633.8,931.4,28.2,6.7,1280,24.6,6.8,197,661,878,1178,1694,2147,2942,2443,5797,530
1774014142,2,747994.2,713929.0,124826.8,118051.7,36640.2,38358.1,42616.8,72196.7,104620.6,993.1,28.2,6.7,1370,24.6,6.8,197,661,878,1178,1694,2148,2941,2443,5798,531
1774014442,2,741080.0,708796.9,124141.3,117445.3,36508.8,38120.0,42438.6,71889.3,104605.6,1057.8,28.2,6.7,1475,24.6,6.8,197,662,878,1178,1694,2148,2942,2443,5799,531
1774014744,2,736956.7,705355.0,123444.1,116970.3,36355.5,38046.0,42353.3,71740.6,104591.4,1145.7,28.2,6.7,1577,24.6,6.9,197,661,878,1178,1694,2147,2941,2442,5797,531
1774015042,2,730766.9,698654.2,122958.6,116387.9,36250.2,37840.4,42188.7,71589.2,104577.2,1217.6,28.2,6.7,1611,24.6,6.9,197,661,878,1179,1694,2148,2942,2443,5798,532
1774015344,2,726776.4,695310.3,122230.4,115811.2,36125.0,37740.2,42037.3,71099.2,104563.8,1271.7,28.2,6.7,1740,24.6,6.9,197,661,878,1178,1694,2147,2942,2443,5796,530
1774015642,2,722407.2,690140.8,121796.9,115299.8,35955.4,37553.1,41998.0,70971.7,104550.5,1349.9,28.2,6.7,1824,24.6,6.9,197,661,878,1178,1694,2147,2941,2442,5797,530
1774015942,2,718069.8,685667.5,121049.7,114694.9,35828.4,37512.1,41820.8,70613.0,104536.8,1439.0,28.2,6.7,1913,24.6,6.9,197,661,877,1178,1694,2147,2941,2443,5797,531
1774016244,2,714113.0,681972.2,120623.3,114426.8,35745.6,37374.0,41758.6,70565.6,104522.4,1497.3,28.2,6.8,2003,24.6,6.9,197,661,878,1178,1694,2148,2941,2442,5797,531
1774016542,2,711923.1,679646.2,120203.0,113732.4,35634.5,37268.5,41565.4,70266.6,104509.5,1567.5,28.2,6.7,2120,24.6,6.9,197,661,878,1178,1694,2148,2942,2443,5799,531
1774016844,2,707039.0,674805.8,119736.4,113204.4,35559.0,37126.3,41468.2,70000.7,104495.4,1635.1,28.2,6.8,2196,24.6,6.9,197,661,878,1178,1694,2147,2942,2443,5798,531
1774017442,2,1025030.4,974913.8,159000.2,149543.0,43544.2,45129.7,47178.2,78769.6,104778.1,111.1,28.1,6.1,139,24.4,6.0,197,661,878,1178,1694,2147,2941,2442,5796,530
1774017742,2,887599.2,848297.3,142128.0,134362.9,40344.3,42203.0,45778.6,77137.6,104781.6,175.7,28.1,6.3,237,24.5,6.4,197,661,878,1178,1695,2148,2942,2443,5799,531
1774018042,2,849639.2,810436.2,137295.3,129925.7,39374.9,41083.9,45158.6,76118.5,104775.4,241.6,28.2,6.4,323,24.5,6.5,197,662,878,1178,1694,2148,2941,2443,5797,531
1774018344,2,832442.1,794153.0,134853.3,127743.7,38743.1,40566.0,44676.1,75495.6,104764.5,305.3,28.2,6.5,477,24.5,6.6,197,661,878,1178,1694,2148,2942,2443,5798,531
1774018642,2,818376.3,781341.7,133339.5,125982.4,38365.7,40199.1,44319.4,75049.2,104751.6,359.5,28.2,6.6,554,24.5,6.6,197,662,878,1178,1694,2148,2942,2443,5799,531
1774018944,2,805877.9,770462.2,131954.1,124599.7,38129.8,39829.3,44052.4,74548.7,104738.8,437.0,28.2,6.6,658,24.5,6.7,197,661,878,1178,1693,2147,2941,2443,5796,531
1774019242,2,796729.9,762079.2,130671.0,123665.7,37808.2,39602.0,43841.5,74146.5,104724.4,509.6,28.2,6.6,766,24.5,6.7,197,662,878,1179,1694,2148,2942,2443,5798,530
1774019542,2,788534.2,751323.7,129604.8,122712.1,37614.6,39338.7,43617.2,73849.2,104709.7,563.7,28.2,6.6,825,24.5,6.7,197,661,877,1178,1693,2147,2940,2442,5797,531
1774019844,2,781891.3,745651.6,128629.4,121710.6,37419.3,39185.0,43383.1,73443.4,104695.4,636.4,28.2,6.6,920,24.5,6.7,197,661,878,1178,1693,2147,2941,2442,5796,531
1774020142,2,774400.1,738856.7,127804.7,120998.1,37272.1,38923.3,43106.7,73019.4,104682.1,694.5,28.2,6.6,1015,24.5,6.7,197,662,878,1178,1693,2147,2941,2442,5797,532
1774020442,2,766370.6,732047.8,126730.6,120138.7,37079.0,38811.1,42929.8,72960.4,104668.9,768.4,28.2,6.6,1065,24.5,6.8,197,661,877,1178,1694,2147,2941,2443,5797,530
1774020742,2,760424.8,726396.5,126145.4,119276.9,36866.1,38582.6,42806.0,72558.2,104654.4,827.4,28.2,6.7,1174,24.6,6.8,197,662,878,1178,1694,2148,2942,2443,5800,531
1774021042,2,756364.6,721959.0,125452.4,118637.9,36737.0,38378.8,42651.0,72352.5,104640.9,892.2,28.2,6.7,1255,24.5,6.8,197,662,878,1179,1694,2148,2941,2443,5799,531
1774021344,2,748256.6,713760.8,124516.8,118097.9,36506.3,38192.5,42492.8,72014.8,104628.9,983.1,28.2,6.7,1374,24.6,6.8,197,662,878,1178,1694,2148,2942,2443,5798,531
1774021642,2,744695.2,710655.2,123983.9,117384.7,36412.1,38053.2,42329.9,71739.1,104615.8,1053.8,28.2,6.7,1417,24.6,6.8,197,661,878,1179,1694,2148,2941,2443,5798,530
1774021942,2,739022.8,704583.3,123386.1,116685.5,36245.1,37915.4,42120.9,71498.0,104603.6,1128.6,28.2,6.7,1535,24.6,6.8,197,661,878,1178,1693,2147,2940,2442,5795,531
1774022244,2,733885.1,702161.6,122722.4,116108.7,36130.5,37783.9,42165.3,71295.2,104590.1,1203.6,28.2,6.7,1618,24.6,6.9,197,661,878,1178,1693,2147,2940,2442,5796,532
1774022542,2,730140.5,696566.2,122098.9,115491.2,35951.9,37580.3,41919.7,71114.4,104577.5,1265.2,28.2,6.7,1736,24.6,6.8,197,662,878,1179,1694,2147,2942,2443,5798,531
1774022844,2,725827.9,692889.6,121713.9,115033.0,35855.6,37514.0,41765.3,70880.4,104563.9,1337.4,28.2,6.7,1800,24.6,6.9,197,661,877,1177,1693,2146,2940,2441,5794,531
1774023142,2,720253.6,689069.2,121001.6,114639.3,35692.8,37429.9,41690.7,70654.1,104550.2,1399.7,28.2,6.7,1892,24.6,6.9,197,662,878,1178,1694,2148,2941,2443,5796,531
1774023442,2,715590.1,684648.8,120562.9,114137.9,35611.7,37178.1,41602.7,70452.5,104536.2,1458.3,28.2,6.7,1991,24.6,6.9,197,661,878,1178,1694,2147,2940,2443,5796,531
1774023744,2,713506.8,681231.6,120145.6,113678.8,35534.6,37086.6,41433.4,70008.0,104522.6,1527.1,28.2,6.7,2048,24.6,6.9,197,661,878,1178,1693,2148,2941,2442,5797,531
1774024042,2,709619.1,678042.6,119582.0,113178.7,35465.5,37088.0,41365.7,69967.8,104509.0,1590.2,28.2,6.8,2154,24.6,6.9,197,661,878,1178,1693,2147,2941,2443,5798,531
1774024642,2,1027558.5,979106.0,158713.7,149355.9,43387.3,45075.3,46909.1,78506.1,104848.3,92.7,28.1,6.1,129,24.4,6.0,197,661,877,1178,1693,2147,2940,2443,5796,530
1774024942,2,889230.3,848736.5,141912.9,134150.2,40157.9,42021.8,45571.3,76709.7,104852.0,157.2,28.1,6.3,261,24.5,6.3,197,661,878,1178,1694,2148,2942,2443,5798,531
1774025244,2,852557.2,812493.2,137290.7,129915.4,39188.3,41071.2,44847.9,75955.4,104845.6,224.9,28.2,6.4,369,24.5,6.5,197,661,878,1178,1693,2147,2941,2443,5797,531
1774025542,2,831234.7,791870.8,134442.9,127201.6,38660.4,40499.2,44458.1,75190.0,104835.6,288.5,28.2,6.5,427,24.5,6.5,197,661,877,1178,1693,2146,2939,2442,5794,531
1774025842,2,817107.8,781697.3,132817.7,125747.2,38289.2,40070.8,44090.1,74762.3,104823.2,357.7,28.2,6.5,559,24.5,6.6,197,661,877,1178,1694,2147,2941,2442,5795,531
1774026144,2,808266.4,771227.6,131646.1,124582.3,37989.4,39796.1,43868.5,74269.9,104809.4,419.2,28.2,6.5,654,24.5,6.6,197,661,878,1178,1693,2147,2941,2442,5796,531
1774026442,2,799189.9,763613.7,130461.8,123344.1,37742.6,39453.9,43628.3,73903.4,104795.3,476.5,28.2,6.6,735,24.5,6.6,197,661,877,1178,1693,2147,2940,2442,5794,531
1774026744,2,790727.8,753732.7,129421.5,122495.0,37584.8,39256.4,43305.0,73632.4,104781.1,543.7,28.2,6.6,830,24.5,6.7,197,661,877,1178,1693,2146,2940,2442,5794,530
1774027042,2,783344.2,745471.8,128470.5,121766.8,37422.5,39050.3,43137.4,73165.6,104766.3,610.7,28.2,6.6,879,24.5,6.7,197,661,877,1177,1693,2147,2940,2442,5795,530
1774027342,2,776755.0,739240.8,127847.4,120574.8,37094.9,38840.5,43097.7,72852.3,104752.5,685.8,28.2,6.6,979,24.5,6.7,197,661,878,1178,1693,2147,2941,2443,5796,531
1774027644,2,768674.3,732345.8,126745.8,119749.1,36938.7,38638.6,42762.5,72706.0,104738.0,741.6,28.2,6.6,1075,24.5,6.7,197,661,878,1178,1694,2147,2941,2443,5797,530
1774027942,2,764285.2,729004.7,126012.4,119344.6,36778.1,38547.8,42670.0,72384.8,104724.0,814.0,28.2,6.6,1145,24.5,6.8,197,661,878,1178,1693,2146,2941,2442,5795,530
1774028242,2,759270.5,721518.8,125411.2,118564.3,36652.8,38217.2,42566.1,72120.7,104711.1,877.0,28.2,6.7,1265,24.6,6.8,197,661,878,1178,1694,2147,2941,2443,5797,531
1774028544,2,752156.2,717540.2,124605.5,117923.5,36435.5,38095.5,42329.3,71850.1,104697.8,940.4,28.2,6.6,1318,24.5,6.8,197,661,878,1178,1693,2147,2940,2442,5796,531
1774028842,2,746672.4,713338.2,123991.3,117323.7,36362.8,37979.2,42185.1,71547.6,104684.0,1024.4,28.2,6.7,1423,24.5,6.8,197,661,878,1178,1693,2147,2940,2443,5796,531
1774029142,2,740197.1,707543.6,123408.0,116873.8,36172.3,37863.9,42097.7,71296.3,104669.5,1087.0,28.2,6.7,1479,24.5,6.8,197,661,878,1178,1693,2146,2940,2442,5794,530
1774029442,2,735003.2,703009.8,122868.5,116196.6,36127.0,37714.4,41886.9,70965.2,104656.1,1166.4,28.2,6.7,1608,24.5,6.8,197,661,878,1178,1694,2148,2941,2443,5797,530
1774029742,2,732001.5,698638.0,122251.8,115633.9,35871.9,37525.6,41821.3,70937.9,104643.0,1234.0,28.2,6.7,1647,24.5,6.8,197,661,878,1178,1694,2147,2941,2442,5796,531
1774030044,2,728182.5,696453.8,121746.9,115126.0,35801.8,37547.6,41709.9,70679.9,104631.0,1297.2,28.2,6.7,1755,24.6,6.8,197,661,878,1178,1694,2148,2942,2444,5799,530
1774030342,2,722300.7,691080.5,121256.6,114548.3,35653.8,37363.6,41649.5,70389.5,104617.7,1369.0,28.2,6.7,1824,24.5,6.9,197,661,878,1179,1694,2148,2942,2443,5798,531
1774030642,2,717950.2,686753.6,120477.7,113996.9,35544.1,37153.0,41454.8,70105.0,104605.0,1425.9,28.2,6.7,1935,24.5,6.9,197,661,878,1178,1693,2147,2941,2443,5796,530
1774030944,2,713013.8,682096.8,119975.1,113400.9,35464.9,37107.7,41346.0,70173.3,104592.2,1486.5,28.2,6.7,2013,24.6,6.9,197,661,877,1178,1693,2147,2940,2442,5796,530
1774031242,2,712112.8,679693.3,119628.4,113219.0,35338.7,36970.6,41277.0,69803.4,104579.2,1555.0,28.2,6.7,2089,24.5,6.9,197,661,878,1178,1694,2147,2941,2442,5798,531
1774031842,2,1023717.9,976987.5,158006.9,148557.8,42977.1,44783.6,46748.4,78265.1,104968.1,103.0,28.1,6.1,107,24.4,6.0,197,661,877,1178,1693,2147,2940,2443,5796,531
1774032142,2,890412.3,850169.0,141731.7,133887.0,40028.4,41905.0,45299.0,76394.7,104972.4,167.1,28.1,6.3,260,24.4,6.3,197,661,878,1178,1693,2147,2940,2442,5796,531
1774032444,2,852519.4,813650.9,136857.0,129421.4,39048.4,40888.3,44661.5,75523.9,104965.8,229.7,28.2,6.4,359,24.5,6.4,197,661,878,1178,1694,2147,2941,2443,5798,532
1774032742,2,831196.3,793454.1,134387.3,127021.5,38539.5,40380.8,44317.7,74834.4,104954.8,288.1,28.2,6.5,462,24.5,6.5,197,661,878,1178,1694,2147,2940,2442,5796,531
1774033044,2,817435.0,782051.9,132703.6,125460.9,38111.4,39917.7,43922.1,74361.7,104942.7,368.4,28.2,6.5,557,24.5,6.6,197,662,878,1178,1694,2148,2941,2443,5798,531
1774033342,2,805074.7,769725.1,131047.9,123789.6,37845.6,39551.4,43734.6,74056.7,104928.5,417.8,28.2,6.5,668,24.5,6.6,197,661,878,1179,1694,2147,2941,2443,5798,531
1774033642,2,797016.3,760808.7,129977.8,123056.6,37583.5,39334.8,43416.4,73597.7,104914.1,496.5,28.2,6.5,723,24.5,6.7,197,661,878,1178,1694,2147,2941,2443,5797,531
1774033944,2,786867.0,750304.7,128874.4,121918.3,37320.6,39079.7,43277.4,73229.2,104900.5,553.1,28.2,6.6,813,24.5,6.7,197,661,878,1179,1694,2147,2941,2443,5797,530
1774034242,2,782122.5,747410.1,128064.9,121162.7,37112.7,38915.9,42915.4,72885.7,104886.0,618.9,28.2,6.6,908,24.5,6.7,197,661,878,1178,1694,2147,2940,2442,5796,531
1774034542,2,776118.2,739653.0,127433.8,120636.3,36984.3,38672.8,42844.8,72577.9,104872.0,692.5,28.2,6.6,1000,24.5,6.7,197,661,878,1178,1693,2147,2941,2443,5797,531
1774034844,2,769592.3,734160.4,126338.2,119526.4,36763.5,38457.3,42648.4,72215.7,104857.1,760.1,28.2,6.6,1060,24.5,6.7,197,661,878,1178,1693,2147,2941,2443,5797,531
1774035142,2,762074.6,726642.2,125546.3,118673.4,36628.7,38278.0,42463.5,72172.3,104842.5,824.4,28.2,6.6,1164,24.5,6.7,197,661,878,1179,1694,2147,2941,2443,5798,531
1774035444,2,756669.5,722767.8,124983.8,118222.3,36387.5,38150.7,42329.2,71729.9,104828.4,897.6,28.2,6.6,1250,24.5,6.8,197,661,878,1178,1693,2147,2940,2441,5796,531
1774035742,2,750616.0,717115.8,124438.8,117522.4,36333.9,38004.2,42137.0,71483.4,104813.2,955.6,28.2,6.6,1337,24.5,6.8,197,661,878,1178,1693,2146,2940,2442,5795,530
1774036042,2,745719.5,711930.5,123763.9,117222.9,36143.2,37791.9,42064.7,71265.2,104798.1,1036.4,28.2,6.6,1445,24.5,6.8,197,661,878,1178,1693,2147,2940,2442,5796,530
1774036344,2,741439.0,706735.8,123103.6,116464.1,36049.5,37667.7,41938.9,70893.1,104784.2,1097.1,28.2,6.7,1514,24.5,6.8,197,661,877,1178,1693,2146,2940,2442,5795,530
1774036642,2,735190.9,702162.9,122302.5,115843.7,35864.8,37575.3,41800.5,70806.3,104769.4,1171.2,28.2,6.7,1579,24.5,6.8,197,661,878,1178,1693,2147,2940,2442,5796,531
1774036942,2,729722.2,696704.2,121804.2,115268.6,35757.1,37409.7,41698.4,70484.0,104754.7,1229.2,28.2,6.7,1697,24.5,6.8,197,661,878,1178,1693,2146,2940,2442,5794,531
1774037244,2,726716.8,693895.2,121314.6,114782.3,35680.6,37316.6,41525.9,70241.1,104739.6,1301.3,28.2,6.7,1761,24.5,6.8,197,661,878,1178,1693,2146,2940,2442,5795,530
1774037542,2,724037.4,691684.9,120995.1,114465.5,35579.0,37108.2,41401.0,70191.4,104725.2,1357.9,28.2,6.7,1851,24.5,6.8,197,661,877,1178,1693,2147,2940,2442,5796,530
1774037842,2,720612.9,688861.2,120569.6,113813.2,35456.2,37029.1,41260.6,70001.4,104711.1,1450.3,28.2,6.7,1929,24.5,6.9,197,661,877,1178,1694,2147,2940,2443,5796,531
1774038144,2,717194.1,684944.3,119951.6,113519.7,35366.8,36953.4,41224.3,69678.0,104698.2,1504.8,28.2,6.7,2034,24.5,6.8,197,661,877,1178,1693,2146,2940,2442,5794,531
1774038442,2,711621.2,679396.6,119411.5,113134.7,35253.8,36840.6,41146.1,69650.3,104685.1,1553.7,28.2,6.7,2081,24.5,6.9,197,661,877,1178,1693,2147,2940,2442,5795,531
1774039042,2,1025532.8,977528.9,157901.4,148362.1,42922.1,44623.9,46604.4,77693.7,104957.2,95.1,28.0,6.0,183,24.3,6.0,197,661,877,1178,1693,2147,2940,2442,5794,530
1774039342,2,888335.3,846728.0,141328.9,133291.7,39865.4,41623.7,45149.7,76093.1,104960.4,155.8,28.1,6.3,255,24.4,6.3,197,661,877,1178,1693,2146,2939,2442,5794,530
1774039644,2,852350.3,812809.4,136701.1,129237.1,38941.2,40710.5,44569.0,75247.7,104952.1,218.6,28.1,6.4,352,24.5,6.4,197,661,878,1178,1693,2146,2939,2441,5794,530
1774039942,2,834852.2,796553.5,134465.9,126969.2,38398.8,40214.1,44128.3,74483.0,104939.1,279.2,28.2,6.5,445,24.5,6.5,197,661,878,1178,1693,2147,2940,2442,5796,530
1774040242,2,817199.8,781052.1,132389.4,125512.1,38056.2,39811.1,43833.2,74054.0,104924.8,346.1,28.2,6.5,543,24.5,6.6,197,661,878,1178,1693,2147,2940,2443,5797,531
1774040544,2,807388.2,772127.2,131242.3,123999.2,37779.3,39508.9,43573.5,73728.3,104908.7,398.3,28.2,6.5,645,24.5,6.6,197,661,877,1178,1693,2146,2940,2442,5797,531
1774040842,2,800268.4,764836.8,130262.1,123215.0,37516.3,39216.0,43268.4,73431.4,104892.3,475.9,28.1,6.5,700,24.5,6.6,197,661,878,1178,1693,2147,2940,2442,5796,531
1774041142,2,791804.8,755048.5,129306.1,122198.2,37325.8,39016.5,43099.8,73179.1,104876.0,535.3,28.2,6.5,820,24.5,6.6,197,661,877,1178,1693,2146,2940,2441,5795,531
1774041442,2,788274.6,750771.8,128554.6,121493.1,37062.0,38814.7,42934.3,72658.9,104859.1,602.1,28.2,6.6,870,24.5,6.7,197,661,877,1178,1693,2147,2939,2442,5796,531
1774041742,2,780602.1,743555.2,127499.0,120690.3,36932.6,38677.5,42774.6,72491.8,104841.8,664.2,28.1,6.5,970,24.5,6.7,197,661,878,1178,1693,2146,2939,2441,5794,531
1774042042,2,775235.2,737382.4,126866.5,119746.5,36762.1,38486.0,42558.0,72062.1,104825.4,730.8,28.1,6.6,1026,24.5,6.7,197,661,878,1178,1694,2146,2940,2442,5796,531
1774042342,2,768685.3,731223.2,126027.1,119159.7,36588.7,38275.3,42474.2,71786.5,104808.9,790.6,28.1,6.6,1116,24.5,6.7,197,661,877,1178,1693,2146,2939,2442,5795,531
1774042644,2,762798.0,725997.3,125306.6,118442.7,36470.7,38166.7,42294.4,71742.9,104793.1,854.2,28.1,6.6,1181,24.5,6.8,197,661,878,1177,1693,2146,2940,2442,5795,530
1774042942,2,759206.6,725025.5,124824.4,118104.2,36300.4,37984.4,42215.9,71402.2,104777.0,919.3,28.1,6.6,1296,24.4,6.7,197,661,877,1178,1693,2146,2939,2442,5795,531
1774043242,2,749801.9,717035.2,124135.8,117347.8,36201.8,37767.5,42023.9,71256.5,104762.1,979.0,28.1,6.6,1368,24.5,6.8,197,661,878,1178,1692,2146,2939,2441,5793,530
1774043542,2,745992.6,712740.7,123464.3,116886.7,36067.9,37731.4,41903.4,70980.2,104745.2,1047.6,28.1,6.6,1456,24.4,6.8,197,661,877,1178,1693,2147,2940,2442,5795,531
1774043842,2,743853.2,710003.8,123172.7,116371.3,35891.6,37661.5,41810.4,70833.1,104730.2,1121.7,28.1,6.6,1544,24.4,6.8,197,661,877,1178,1693,2147,2940,2442,5795,530
1774044142,2,738676.0,706606.8,122721.0,115951.9,35866.6,37494.0,41663.9,70544.5,104713.8,1193.9,28.1,6.6,1657,24.4,6.8,197,661,877,1178,1693,2146,2939,2442,5794,530
1774044442,2,733476.1,700289.0,122136.9,115416.3,35674.7,37317.8,41563.3,70329.4,104701.8,1253.7,28.1,6.7,1695,24.4,6.8,197,661,877,1178,1693,2147,2940,2441,5795,531
1774044742,2,730015.8,696131.7,121603.9,114945.9,35591.8,37172.7,41488.6,70166.4,104690.3,1322.5,28.1,6.7,1797,24.4,6.8,197,661,877,1178,1693,2146,2939,2442,5795,530
1774045042,2,724002.8,692970.2,121014.4,114352.5,35479.3,37073.1,41407.8,69916.9,104680.5,1378.7,28.1,6.7,1894,24.5,6.9,197,661,877,1178,1693,2147,2940,2442,5795,530
1774045344,2,721672.8,688759.0,120578.6,113833.9,35377.0,36886.1,41238.4,69740.5,104670.5,1452.9,28.1,6.7,1939,24.5,6.9,197,661,878,1178,1693,2147,2940,2442,5796,531
1774045642,2,716862.8,683908.2,119996.4,113290.7,35256.2,36898.0,41123.7,69528.2,104661.6,1521.3,28.1,6.7,2022,24.5,6.9,197,662,877,1178,1694,2147,2940,2442,5797,531
1774046242,2,1016760.8,969059.4,156223.4,146726.6,42461.5,43990.7,46136.5,76997.9,104895.7,95.4,28.0,6.0,89,24.3,6.0,197,661,878,1178,1694,2147,2940,2443,5796,530
1774046542,2,880369.8,839579.0,139811.0,131785.5,39348.2,41040.3,44672.7,75358.8,104904.8,162.3,28.1,6.3,229,24.4,6.3,197,661,877,1178,1693,2147,2940,2442,5795,531
1774046842,2,839948.7,802603.3,135025.1,127417.3,38394.2,40060.1,44045.0,74326.1,104904.5,217.0,28.1,6.4,352,24.5,6.4,197,662,878,1178,1693,2148,2941,2443,5797,531
1774047142,2,819999.8,783838.0,132373.6,124959.6,37837.4,39504.5,43593.1,73666.6,104900.4,274.9,28.2,6.4,435,24.5,6.5,197,661,877,1178,1693,2146,2939,2442,5795,530
1774047444,2,806921.2,769957.9,130377.0,123188.5,37446.1,39078.3,43144.6,73089.9,104894.0,343.9,28.2,6.5,501,24.5,6.5,197,661,877,1178,1693,2146,2940,2441,5795,530
1774047742,2,792878.9,757692.5,129203.5,121688.8,37168.4,38713.1,42877.3,72610.1,104887.6,406.9,28.2,6.5,617,24.6,6.6,197,661,878,1178,1693,2146,2940,2442,5795,531
1774048044,2,784311.4,747325.9,127685.9,120563.6,36787.0,38486.1,42612.4,72178.5,104880.5,478.8,28.2,6.5,725,24.6,6.6,197,661,878,1178,1694,2147,2940,2441,5797,530
1774048342,2,774899.9,739401.2,126620.9,119406.4,36563.4,38180.7,42308.6,71762.7,104872.5,544.1,28.3,6.5,781,24.6,6.7,197,661,878,1178,1694,2147,2941,2442,5797,531
1774048642,2,764451.8,729502.8,125460.4,118302.2,36310.9,37992.5,42125.1,71507.3,104865.4,602.9,28.3,6.5,853,24.6,6.7,197,661,878,1178,1693,2146,2939,2441,5794,530
1774048944,2,757706.9,721688.5,124318.9,117295.6,36119.6,37724.2,41960.2,71053.3,104857.3,670.1,28.3,6.6,967,24.7,6.7,197,661,878,1178,1693,2146,2939,2442,5795,530
1774049242,2,750156.0,714577.0,123438.3,116465.5,35897.1,37481.2,41711.7,70635.3,104849.2,731.3,28.4,6.6,1036,24.7,6.8,197,661,878,1178,1693,2146,2940,2442,5795,530
1774049542,2,741281.5,706871.8,122592.5,115774.4,35697.8,37223.0,41504.3,70485.2,104841.2,799.3,28.4,6.6,1154,24.7,6.8,197,661,878,1178,1693,2146,2939,2442,5795,530
1774049842,2,734665.5,702022.9,121613.2,114944.8,35516.8,37132.0,41304.6,70068.6,104832.6,868.3,28.4,6.6,1219,24.7,6.8,197,661,878,1178,1693,2146,2939,2441,5795,530
1774050142,2,729011.7,695360.6,120844.1,114178.2,35358.6,36947.7,41245.7,69753.5,104823.3,929.3,28.4,6.6,1322,24.7,6.8,197,661,878,1178,1693,2146,2939,2442,5795,530
1774050444,2,720701.2,689610.6,120073.1,113399.5,35145.4,36705.0,40948.6,69524.7,104814.9,1003.5,28.4,6.6,1402,24.8,6.8,197,661,878,1178,1693,2146,2940,2441,5796,531
1774050742,2,715917.8,684259.8,119126.5,112765.5,34993.8,36614.9,40829.9,69193.8,104805.6,1073.3,28.5,6.6,1494,24.8,6.9,197,661,878,1178,1693,2145,2938,2441,5795,531
1774051041,2,709412.8,680022.2,118618.1,112088.1,34867.6,36434.2,40667.7,68926.7,104796.4,1145.6,28.4,6.6,1553,24.8,6.8,132,441,585,785,1693,2147,2940,2442,5796,531
1774051342,2,706342.3,675621.0,118008.6,111695.8,34734.9,36229.6,40446.3,68683.1,104785.9,1217.6,28.5,6.7,1632,24.8,6.9,197,661,878,1178,1692,2146,2938,2441,5794,530
1774051642,2,701343.4,669031.6,117340.3,111021.7,34624.4,36112.8,40384.0,68454.2,104774.9,1276.6,28.5,6.7,1736,24.8,6.8,197,661,878,1177,1692,2146,2938,2441,5794,531
1774051944,2,696540.6,664409.9,116908.5,110315.0,34464.3,35995.2,40193.4,68238.3,104763.5,1342.0,28.5,6.7,1818,24.8,6.9,197,661,878,1178,1692,2145,2939,2441,5794,532
1774052242,2,691239.0,659845.6,116099.7,110103.6,34371.5,35798.9,40126.5,68113.9,104751.9,1408.0,28.5,6.7,1911,24.9,6.9,197,661,878,1178,1692,2146,2939,2441,5794,530
1774052544,2,685946.7,655226.9,115877.1,109181.9,34145.6,35749.5,39947.3,67779.4,104741.1,1471.1,28.5,6.7,2000,24.9,6.9,197,661,878,1178,1693,2146,2939,2441,5795,530
1774052842,2,682878.0,652498.2,115126.7,109036.3,34038.6,35606.9,39789.9,67607.7,104730.9,1532.6,28.5,6.7,2046,24.9,6.9,197,661,878,1177,1693,2145,2939,2441,5795,530
1774053440,2,982070.2,934959.9,151768.7,142650.9,41424.7,43139.9,45088.8,75839.5,104815.5,81.7,28.4,6.0,93,24.7,6.0,197,661,878,1178,1693,2146,2940,2442,5795,530
1774053742,2,855422.6,814276.0,136141.0,128517.4,38635.7,40358.1,43802.6,73988.3,104822.6,161.3,28.5,6.3,247,24.8,6.4,197,661,878,1177,1692,2145,2938,2440,5793,530
1774054044,2,816265.7,779824.0,131708.3,124358.2,37602.3,39374.5,43064.0,73076.5,104818.6,204.8,28.5,6.4,301,24.8,6.5,197,661,878,1178,1692,2145,2938,2440,5793,530
1774054342,2,795122.2,758981.1,129247.6,121885.3,37044.0,38782.1,42687.7,72394.0,104810.2,275.8,28.5,6.5,404,24.9,6.6,197,662,878,1177,1692,2146,2938,2441,5794,530
1774054642,2,781809.5,746120.7,127075.8,120364.6,36714.4,38424.2,42304.0,71936.0,104800.5,333.4,28.6,6.5,491,24.9,6.6,197,661,878,1178,1692,2145,2938,2441,5793,530
1774054942,2,771128.5,734734.8,125809.2,119149.8,36393.3,38085.7,42093.1,71441.6,104789.3,401.0,28.6,6.5,576,24.9,6.6,197,661,878,1177,1692,2145,2938,2440,5794,530
1774055242,2,762606.9,726919.8,124715.8,118065.2,36169.5,37783.3,41863.0,71030.0,104777.1,461.9,28.6,6.5,722,24.9,6.7,197,661,878,1177,1692,2146,2938,2441,5793,530
1774055544,2,754863.8,717951.2,123503.5,117168.8,35943.1,37604.2,41702.4,70704.6,104765.9,524.7,28.6,6.5,788,24.9,6.7,197,661,878,1177,1692,2145,2938,2441,5793,530
1774055842,2,743876.1,710747.3,122698.0,116248.7,35695.0,37338.2,41468.6,70339.0,104755.0,592.0,28.6,6.6,847,25.0,6.7,197,661,878,1177,1691,2145,2938,2440,5792,530
1774056142,2,738284.3,704492.3,121878.1,115302.7,35536.4,37149.5,41335.7,70088.9,104742.4,660.8,28.6,6.6,936,25.0,6.7,197,661,878,1177,1692,2146,2938,2441,5796,531
1774056444,2,729349.1,698753.4,121002.9,114428.1,35374.4,36979.6,41029.3,69859.3,104731.2,720.7,28.6,6.6,1045,25.0,6.7,197,661,878,1177,1692,2145,2938,2440,5792,530
1774056741,2,724384.3,692095.2,120212.1,113717.6,35218.8,36795.4,40862.0,69529.8,104719.4,797.2,28.7,6.6,1121,25.0,6.8,197,661,877,1176,1692,2145,2938,2440,5792,530
1774057041,2,718757.8,687022.8,119500.6,113107.8,35022.9,36609.7,40770.5,69189.3,104707.7,858.5,28.7,6.6,1204,25.0,6.8,197,661,878,1177,1692,2146,2939,2441,5795,530
1774057341,2,713305.3,681536.9,118790.4,112582.5,34931.6,36456.5,40588.6,68859.9,104697.2,921.6,28.7,6.6,1289,25.0,6.8,197,661,878,1177,1692,2146,2938,2440,5793,530
1774057641,2,708115.7,676246.9,118029.8,111784.9,34696.4,36295.9,40387.9,68767.3,104684.2,987.1,28.7,6.6,1368,25.0,6.8,197,661,878,1177,1692,2145,2938,2440,5792,530
1774057943,2,704345.6,671304.2,117645.7,111369.1,34613.3,36186.5,40326.1,68533.3,104672.0,1074.7,28.7,6.6,1455,25.0,6.9,197,661,878,1177,1692,2145,2937,2440,5793,530
1774058241,2,697725.6,665352.9,117048.2,110790.3,34503.8,36002.3,40140.1,68276.5,104658.6,1127.7,28.7,6.7,1544,25.0,6.9,197,661,878,1177,1692,2145,2938,2440,5793,530
1774058541,2,695463.8,663346.3,116306.5,109960.4,34324.6,35844.4,40094.5,68011.4,104645.7,1190.8,28.7,6.7,1591,25.0,6.9,197,661,878,1177,1692,2145,2938,2440,5793,531
1774058843,2,689138.1,657709.5,115861.8,109568.4,34228.6,35708.5,39947.9,67773.2,104632.8,1269.9,28.7,6.7,1738,25.0,6.9,197,661,877,1177,1692,2145,2938,2441,5793,531
1774059141,2,687958.4,655802.4,115437.2,109146.9,34173.1,35616.0,39773.5,67554.9,104620.4,1317.7,28.7,6.7,1796,25.0,6.9,197,661,878,1177,1691,2145,2937,2440,5792,530
1774059443,2,681550.1,651213.8,114853.2,108623.5,33952.6,35555.2,39750.3,67444.3,104607.9,1389.4,28.7,6.7,1928,25.0,6.9,197,661,878,1177,1691,2145,2936,2440,5791,530
1774059741,2,679242.0,646881.4,114395.3,108198.6,33905.5,35410.8,39587.2,67103.3,104594.5,1452.1,28.7,6.7,1965,25.0,6.9,197,661,878,1177,1691,2145,2937,2439,5792,530
1774060041,2,674331.4,643995.2,113912.5,107883.6,33816.7,35264.6,39511.1,67100.9,104579.0,1519.5,28.7,6.7,2075,25.1,6.9,197,661,877,1177,1691,2144,2937,2439,5791,530
1774060641,2,981089.3,934894.8,150806.9,141965.9,41160.1,42865.1,44801.5,75241.1,104766.5,91.0,28.6,6.0,140,24.8,6.0,197,661,877,1177,1691,2145,2937,2440,5793,530
1774060941,2,847027.6,807776.4,135106.9,127692.9,38278.6,40048.9,43315.7,73484.2,104766.8,161.6,28.6,6.3,260,24.9,6.3,197,661,878,1177,1692,2145,2938,2441,5793,530
1774061243,2,810000.3,773354.1,130537.5,123583.6,37303.1,39128.3,42801.4,72534.6,104756.0,215.1,28.6,6.4,327,25.0,6.5,197,661,877,1176,1691,2144,2937,2439,5791,531
1774061541,2,791252.6,755255.2,128182.5,121469.3,36916.2,38577.8,42501.9,71930.1,104741.6,285.6,28.7,6.4,438,25.0,6.6,197,661,878,1177,1692,2144,2937,2440,5792,531
1774061843,2,778030.2,741924.2,126557.2,119927.3,36516.2,38216.2,42127.0,71605.4,104724.3,338.6,28.6,6.5,536,25.0,6.6,197,661,878,1177,1691,2145,2937,2440,5792,530
1774062141,2,769977.7,732044.4,125590.5,118768.8,36324.2,37985.0,41911.9,71359.8,104705.7,390.0,28.6,6.5,621,25.0,6.6,197,661,878,1177,1692,2146,2939,2441,5794,530
1774062441,2,761334.6,725790.4,124526.8,118058.6,36032.2,37735.7,41741.4,70967.5,104687.6,463.0,28.6,6.5,689,25.0,6.7,197,661,877,1177,1691,2144,2937,2440,5791,530
1774062743,2,755344.9,719961.8,123595.9,116996.0,35929.0,37571.2,41586.1,70526.5,104668.6,528.7,28.6,6.5,782,25.0,6.7,197,661,878,1177,1692,2146,2938,2441,5792,530
1774063041,2,748263.9,714111.5,122600.5,116230.5,35797.0,37419.1,41373.6,70298.3,104649.8,591.8,28.6,6.6,867,24.9,6.7,197,661,878,1177,1692,2145,2938,2441,5793,530
1774063341,2,742911.2,708813.9,122100.2,115900.5,35607.4,37251.0,41281.6,70251.7,104630.6,668.3,28.6,6.6,907,24.9,6.8,197,661,877,1177,1692,2145,2937,2439,5791,530
1774063641,2,739980.0,705683.9,121648.8,115255.2,35458.0,37113.9,41146.0,69764.5,104611.5,720.9,28.6,6.6,1013,24.9,6.8,197,661,878,1177,1692,2145,2938,2441,5793,530
1774063941,2,733270.8,701303.5,121068.4,114514.0,35344.0,36959.9,40973.4,69711.1,104592.7,782.3,28.6,6.6,1099,24.9,6.8,197,661,878,1177,1692,2146,2938,2441,5794,530
1774064243,2,728618.6,696401.9,120674.1,114249.9,35184.1,36807.9,40860.0,69497.8,104573.6,849.6,28.6,6.6,1185,24.9,6.8,197,661,878,1177,1692,2146,2938,2440,5794,530
1774064541,2,724715.7,693092.7,120256.0,113407.6,35054.9,36710.5,40691.2,69200.7,104554.6,917.0,28.5,6.6,1246,24.9,6.8,197,661,878,1177,1692,2145,2938,2440,5792,531
1774064843,2,721635.4,689662.8,119786.8,113340.4,35077.2,36613.1,40691.0,69072.3,104535.4,975.3,28.5,6.6,1354,24.9,6.8,197,661,877,1177,1691,2145,2937,2439,5791,530
1774065141,2,717866.7,685855.6,118942.9,112890.4,34887.1,36515.3,40592.5,68868.2,104516.6,1048.1,28.5,6.6,1446,24.9,6.8,197,661,878,1177,1692,2145,2938,2440,5793,530
1774065441,2,714894.6,683492.4,119031.9,112558.2,34852.4,36428.2,40481.5,68645.6,104497.6,1115.1,28.5,6.6,1510,24.9,6.8,197,661,878,1177,1692,2145,2938,2441,5793,530
1774065741,2,711952.8,680446.8,118437.8,112032.0,34729.8,36314.2,40435.4,68473.4,104478.6,1159.8,28.5,6.6,1571,24.8,6.8,197,661,877,1177,1692,2145,2938,2441,5794,530
1774066041,2,708551.7,677010.4,118132.4,111714.2,34679.4,36234.4,40255.4,68384.3,104458.8,1231.5,28.5,6.6,1676,24.8,6.9,197,661,877,1177,1692,2146,2938,2440,5793,529
1774066343,2,707284.7,673934.8,117815.8,111267.6,34565.3,36224.5,40251.9,68329.8,104439.6,1293.3,28.5,6.6,1751,24.8,6.8,197,661,877,1177,1692,2145,2937,2440,5792,530
1774066641,2,705809.7,672995.9,117661.3,111161.2,34545.0,36100.8,40107.5,68182.0,104420.8,1364.9,28.5,6.7,1844,24.8,6.9,197,661,877,1177,1691,2144,2937,2439,5792,531
1774066941,2,700931.5,669290.0,117033.1,110834.6,34441.0,36068.9,40069.5,67985.6,104402.7,1427.8,28.5,6.6,1909,24.8,6.9,197,661,878,1177,1693,2146,2939,2441,5794,530
1774067241,2,698376.4,666503.2,116825.0,110210.6,34422.2,35963.3,40079.1,67714.4,104384.9,1488.0,28.4,6.7,2027,24.8,6.9,197,661,878,1178,1692,2145,2938,2441,5793,530
1774067843,2,1006831.7,957982.5,154100.4,144481.3,41764.1,43476.9,45261.2,75776.2,104716.4,81.5,28.2,6.0,64,24.6,6.0,197,661,878,1177,1692,2145,2937,2440,5792,530
1774068141,2,872806.4,831989.2,138188.5,130535.7,38950.2,40650.2,43941.5,74230.1,104714.9,149.1,28.3,6.2,272,24.6,6.3,197,661,877,1177,1691,2145,2937,2440,5791,530
1774068443,2,836261.7,799388.8,133755.6,126126.3,37955.1,39733.0,43465.0,73543.6,104703.7,199.0,28.3,6.3,320,24.7,6.4,197,661,877,1178,1692,2145,2938,2441,5793,530
1774068741,2,817557.5,781010.8,131493.8,123788.3,37521.7,39228.5,42954.4,72886.2,104688.9,254.2,28.3,6.4,396,24.7,6.5,197,661,877,1177,1692,2146,2938,2440,5794,530
1774069043,2,806983.2,770172.3,129893.7,122603.9,37089.0,38854.1,42685.3,72249.5,104671.5,313.9,28.3,6.4,519,24.7,6.6,196,661,877,1177,1692,2145,2937,2440,5790,530
1774069341,2,795738.3,760614.8,128607.7,121544.4,36845.7,38584.9,42427.3,71929.4,104654.1,374.7,28.3,6.5,582,24.7,6.6,197,661,877,1177,1691,2144,2937,2439,5790,530
1774069641,2,788064.8,752189.7,127654.9,120542.7,36660.4,38378.6,42253.2,71673.6,104635.8,429.6,28.3,6.5,672,24.7,6.6,197,661,877,1177,1692,2145,2938,2440,5793,530
1774069943,2,781090.5,744967.2,126771.4,119771.8,36488.5,38094.3,42062.2,71440.2,104617.6,493.8,28.3,6.5,744,24.7,6.7,197,661,877,1177,1692,2145,2938,2441,5792,530
1774070241,2,775210.2,739199.8,126013.2,118975.0,36290.5,37984.8,42020.4,71014.0,104599.6,565.8,28.3,6.5,823,24.6,6.7,197,661,877,1177,1691,2144,2936,2439,5789,531
1774070543,2,769323.0,734221.8,125332.1,118054.7,36183.3,37783.3,41799.7,70878.7,104582.2,636.4,28.3,6.5,911,24.6,6.7,197,661,877,1177,1692,2145,2937,2440,5792,530
1774070841,2,763906.4,728221.2,124614.2,117560.5,35969.5,37589.0,41683.2,70523.8,104565.6,689.4,28.3,6.5,961,24.6,6.7,197,661,877,1177,1691,2145,2937,2440,5790,530
1774071141,2,758963.2,724466.7,124111.3,117097.2,35904.9,37556.9,41598.0,70303.8,104547.7,765.1,28.3,6.6,1054,24.6,6.7,197,661,877,1177,1692,2145,2937,2440,5792,531
1774071441,2,754052.9,718764.2,123302.7,116398.9,35720.0,37415.0,41429.5,70099.3,104531.3,819.1,28.3,6.6,1133,24.6,6.8,197,661,878,1178,1693,2145,2938,2441,5793,530
1774071741,2,747065.0,714669.8,122773.6,115856.6,35594.5,37252.1,41245.3,70093.0,104513.8,874.9,28.3,6.6,1227,24.6,6.7,197,661,877,1177,1692,2145,2938,2440,5793,530
1774072043,2,745850.7,711642.7,122143.7,115387.9,35430.8,37114.3,41191.2,69749.9,104497.8,951.1,28.3,6.6,1299,24.6,6.8,197,661,877,1177,1693,2146,2939,2442,5794,531
1774072341,2,739129.0,704865.7,121692.6,114853.1,35342.8,37018.7,40940.8,69574.8,104481.0,1015.8,28.3,6.6,1405,24.6,6.8,197,661,877,1178,1693,2146,2939,2441,5794,531
1774072643,2,735472.1,703426.3,121413.9,114597.7,35287.1,36828.5,40909.6,69317.8,104465.0,1066.1,28.3,6.6,1458,24.6,6.8,197,661,877,1177,1692,2145,2938,2440,5792,530
1774072941,2,731658.7,699964.0,120692.9,114050.3,35147.1,36809.3,40734.7,69214.6,104449.4,1131.8,28.3,6.6,1537,24.6,6.8,197,661,877,1178,1692,2145,2938,2441,5793,530
1774073241,2,728276.7,695887.6,120370.1,113528.0,35061.9,36644.7,40640.5,69102.4,104434.1,1201.2,28.3,6.6,1598,24.6,6.8,197,661,877,1177,1692,2146,2939,2441,5794,530
1774073543,2,723197.3,691429.6,119903.2,113159.1,34892.5,36600.9,40576.7,68665.3,104418.0,1256.7,28.3,6.6,1713,24.6,6.8,197,661,878,1178,1693,2146,2938,2441,5793,531
1774073841,2,720264.5,686595.6,119223.1,112639.1,34809.0,36461.6,40407.7,68584.7,104402.6,1309.2,28.3,6.6,1786,24.6,6.8,197,661,877,1177,1692,2145,2938,2441,5794,530
1774074143,2,719461.4,685886.0,119182.4,112371.9,34738.2,36362.4,40388.6,68406.2,104387.6,1366.6,28.3,6.6,1862,24.6,6.8,197,660,877,1177,1691,2144,2937,2440,5790,530
1774074441,2,716529.7,683926.4,118716.7,112120.6,34652.2,36322.7,40287.3,68290.6,104372.1,1415.7,28.2,6.6,1957,24.6,6.9,197,661,877,1177,1692,2144,2937,2440,5790,531
1774075041,2,1026977.4,979050.8,156259.2,146838.1,42152.2,43809.5,45677.7,76174.3,104724.0,77.8,28.1,6.0,75,24.4,6.0,197,661,877,1177,1692,2145,2937,2440,5790,530
1774075343,2,889856.1,847808.1,139894.8,131774.4,39123.4,40873.0,44221.7,74463.6,104725.2,142.5,28.2,6.2,238,24.5,6.3,197,661,877,1177,1692,2145,2938,2440,5792,530
1774075641,2,851460.1,812487.1,135349.1,127572.9,38197.9,39974.4,43569.5,73672.6,104715.9,208.4,28.2,6.3,326,24.5,6.4,197,661,877,1177,1691,2144,2937,2440,5792,530
1774075943,2,830413.4,793229.9,132642.5,125232.5,37616.3,39426.3,43167.1,73052.2,104703.2,267.0,28.2,6.3,387,24.5,6.5,197,661,877,1177,1691,2145,2937,2439,5790,530
1774076241,2,818023.7,778281.8,130925.4,123513.0,37285.4,39082.6,42781.0,72586.0,104688.6,325.2,28.2,6.4,516,24.5,6.5,197,661,877,1177,1692,2144,2937,2439,5791,530
1774076541,2,807054.9,771658.7,129883.4,122333.9,36976.7,38793.6,42537.4,72251.6,104672.6,395.8,28.2,6.4,587,24.6,6.6,197,660,877,1177,1691,2144,2936,2439,5789,530
1774076841,2,797759.9,761189.0,128732.5,121439.6,36702.1,38511.2,42417.5,71919.7,104656.0,450.7,28.2,6.4,659,24.5,6.6,197,661,877,1177,1691,2144,2938,2440,5793,530
1774077141,2,792585.2,755207.3,127731.4,120639.0,36630.1,38399.6,42180.9,71523.8,104640.2,497.2,28.2,6.5,773,24.5,6.6,197,661,877,1177,1692,2145,2937,2440,5792,531
1774077439,2,784940.1,749339.0,127067.2,119868.8,36385.3,38072.2,42006.6,71324.3,104624.4,568.9,28.2,6.5,837,24.5,6.6,197,661,877,1178,1692,2145,2937,2440,5792,530
1774077741,2,778320.7,742570.9,126160.4,119038.3,36214.0,37953.9,41832.9,70944.6,104608.3,643.8,28.2,6.5,892,24.5,6.7,197,661,877,1177,1693,2145,2938,2440,5792,530
1774078043,2,772624.3,735061.1,125296.9,118190.7,36049.1,37714.8,41701.6,70642.7,104592.3,699.6,28.2,6.5,983,24.5,6.7,197,661,877,1177,1692,2145,2938,2440,5791,530
1774078341,2,768259.8,727983.8,124449.1,117669.4,35869.4,37599.6,41562.4,70523.0,104575.8,756.3,28.2,6.5,1040,24.5,6.7,197,661,877,1177,1692,2145,2937,2440,5791,531
1774078641,2,759977.8,723892.2,123772.4,116955.1,35791.1,37385.3,41452.2,70246.6,104560.4,814.0,28.2,6.5,1141,24.5,6.7,197,661,877,1178,1692,2145,2938,2440,5792,530
1774078941,2,756618.9,722205.9,123470.3,116576.8,35647.1,37325.7,41362.9,69952.8,104544.5,883.1,28.2,6.5,1227,24.5,6.7,197,661,877,1177,1692,2144,2937,2439,5791,530
1774079241,2,751435.2,715628.8,122870.8,115917.9,35514.7,37164.9,41232.4,69890.0,104529.1,950.0,28.2,6.5,1319,24.5,6.8,197,661,877,1177,1692,2145,2937,2439,5791,530
1774079543,2,746250.8,712063.8,122425.9,115442.8,35402.7,37039.7,40939.7,69612.3,104513.5,1010.4,28.2,6.5,1382,24.5,6.8,197,661,877,1177,1692,2145,2938,2440,5792,531
1774079841,2,741532.2,706373.2,121762.9,114845.5,35281.6,37009.7,40905.9,69399.1,104498.1,1062.9,28.2,6.5,1443,24.5,6.8,197,661,877,1177,1692,2144,2937,2440,5791,530
1774080143,2,739555.2,706367.0,121413.0,114454.7,35180.1,36771.6,40793.5,69200.1,104482.3,1127.1,28.2,6.6,1563,24.5,6.8,197,661,877,1177,1692,2144,2937,2440,5791,530
1774080441,2,732787.1,701885.3,120988.4,114018.3,35055.3,36721.8,40639.2,69035.6,104467.3,1203.9,28.2,6.6,1615,24.5,6.8,197,661,877,1177,1691,2144,2937,2440,5791,530
1774080741,2,730058.1,696170.4,120239.7,113664.0,35055.4,36553.9,40588.8,68995.0,104452.2,1258.8,28.2,6.5,1699,24.5,6.8,197,660,877,1177,1692,2144,2936,2439,5791,530
1774081039,2,726410.0,693858.0,120146.1,113205.3,34895.5,36500.2,40448.0,68736.1,104437.0,1317.4,28.2,6.6,1803,24.5,6.8,197,661,877,1177,1692,2144,2938,2440,5792,530
1774081341,2,721258.8,690145.0,119431.2,112604.0,34787.7,36394.6,40427.2,68467.7,104422.6,1388.4,28.2,6.6,1849,24.5,6.8,197,661,877,1177,1692,2144,2937,2439,5790,530
1774081643,2,718497.1,689488.9,119167.6,112297.4,34683.8,36294.2,40266.4,68331.6,104408.4,1445.3,28.2,6.6,1947,24.5,6.8,197,661,877,1177,1692,2144,2938,2440,5792,530
1774082241,2,1038663.5,990180.0,157407.8,147805.9,42262.5,43963.6,45571.5,76219.5,104736.9,75.0,28.0,6.0,0,24.3,5.9,197,661,877,1177,1691,2144,2936,2439,5789,530
1774082543,2,896946.7,855705.8,140739.0,132400.1,39196.3,40963.5,44274.7,74417.5,104738.9,137.3,28.1,6.2,185,24.4,6.3,197,661,877,1177,1691,2144,2936,2439,5790,530
1774082841,2,857508.5,817979.6,135809.9,128019.7,38201.4,39999.5,43566.3,73637.1,104730.6,197.9,28.1,6.3,295,24.5,6.4,197,660,877,1177,1692,2144,2937,2440,5791,531
1774083143,2,839566.0,802040.2,133560.5,126004.7,37713.8,39549.0,43213.9,73040.3,104718.2,259.3,28.1,6.3,394,24.5,6.5,196,661,877,1177,1691,2144,2937,2440,5791,530
1774083441,2,824218.6,788124.4,131743.9,124251.6,37361.7,39215.8,42855.8,72638.8,104703.8,304.5,28.2,6.4,498,24.5,6.5,197,661,877,1177,1692,2144,2936,2439,5791,530
1774083741,2,813731.7,777899.8,130324.0,122923.6,37132.2,38840.9,42626.2,72163.4,104689.2,364.6,28.2,6.4,575,24.5,6.5,197,661,877,1177,1692,2144,2937,2440,5791,531
1774084043,2,805067.8,769571.6,129451.3,121901.5,36815.2,38684.5,42393.2,71828.5,104674.8,422.4,28.2,6.4,624,24.5,6.6,197,661,877,1177,1691,2144,2936,2439,5790,530
1774084341,2,795939.2,761285.6,128308.8,120963.2,36664.5,38401.1,42220.3,71593.2,104660.0,482.9,28.2,6.4,714,24.5,6.6,197,661,877,1177,1692,2145,2937,2439,5791,530
1774084641,2,792364.8,755121.2,127763.5,120388.7,36430.7,38217.5,42063.5,71197.9,104644.6,549.8,28.2,6.5,804,24.5,6.6,197,661,877,1178,1692,2144,2937,2440,5791,530
1774084941,2,782946.5,744987.1,126821.5,119322.2,36269.6,38003.4,41845.2,70986.3,104629.1,595.2,28.2,6.5,843,24.5,6.7,197,660,877,1177,1692,2145,2937,2440,5791,530
1774085241,2,779077.9,741593.8,126231.2,118912.3,36170.7,37841.1,41676.8,70688.1,104614.5,658.7,28.2,6.5,953,24.5,6.7,197,660,877,1177,1692,2144,2936,2439,5791,530
1774085543,2,771594.2,735244.6,125325.0,118214.7,35977.3,37614.3,41582.1,70400.1,104600.3,717.5,28.2,6.5,1007,24.5,6.7,197,661,877,1177,1692,2145,2937,2439,5792,530
1774085841,2,767409.2,731622.3,124548.4,117420.8,35909.5,37499.0,41442.1,70149.2,104586.2,780.2,28.2,6.5,1090,24.5,6.7,197,661,877,1178,1692,2145,2938,2441,5793,530
1774086141,2,760121.1,726201.7,124004.0,117128.4,35695.1,37364.6,41394.3,69999.2,104572.0,837.0,28.2,6.5,1166,24.5,6.7,197,660,877,1177,1691,2144,2936,2439,5789,531
1774086443,2,759412.9,723643.9,123634.3,116545.3,35524.8,37176.1,41148.7,69847.8,104557.6,897.6,28.2,6.6,1249,24.5,6.7,197,661,877,1177,1692,2145,2937,2440,5791,530
1774086741,2,753800.8,718727.0,122897.6,115847.0,35402.5,37068.1,41047.7,69589.2,104543.5,960.2,28.2,6.5,1322,24.5,6.7,197,661,877,1177,1691,2145,2937,2440,5791,530
1774087041,2,748982.1,714279.2,122602.5,115549.3,35356.3,36994.2,40897.5,69423.2,104529.3,1026.1,28.2,6.5,1417,24.5,6.8,197,661,877,1177,1691,2144,2936,2439,5790,530
1774087343,2,742042.3,707961.9,121795.2,114839.4,35255.9,36901.3,40801.9,69142.8,104515.5,1100.7,28.2,6.5,1500,24.5,6.7,197,661,877,1177,1691,2144,2937,2439,5791,530
1774087641,2,738038.5,704335.8,121244.1,114392.4,35136.5,36702.8,40686.3,68990.3,104500.7,1150.8,28.2,6.5,1557,24.5,6.8,197,661,877,1177,1691,2144,2936,2439,5789,531
1774087943,2,736087.5,703829.7,120915.8,114103.2,35001.2,36634.1,40589.7,68848.8,104487.1,1216.5,28.2,6.5,1628,24.5,6.8,197,661,877,1177,1691,2144,2936,2439,5789,530
1774088241,2,733488.2,700851.2,120576.6,113823.4,34947.7,36560.3,40523.7,68628.0,104472.6,1270.1,28.2,6.6,1741,24.5,6.8,197,661,877,1177,1691,2144,2936,2439,5790,530
1774088541,2,728803.2,696816.8,120053.4,113284.8,34849.3,36404.4,40319.6,68566.8,104458.6,1315.1,28.2,6.5,1786,24.5,6.8,197,661,877,1177,1692,2144,2936,2439,5789,530
1774088843,2,725580.0,692146.8,119532.3,112852.8,34754.8,36391.8,40293.1,68409.8,104444.9,1377.3,28.2,6.6,1867,24.5,6.8,197,661,877,1176,1691,2144,2936,2440,5790,530
1774089441,2,1044127.2,996536.2,157616.7,148114.8,42349.3,43973.8,45584.4,76156.9,104865.9,74.7,28.0,6.0,55,24.3,5.9,197,661,877,1177,1691,2144,2935,2438,5788,531
1774089743,2,904692.1,864862.0,141109.7,133078.5,39215.7,40969.1,44199.3,74251.7,104868.0,131.0,28.1,6.2,206,24.4,6.2,197,660,877,1177,1691,2144,2936,2438,5788,530
1774090041,2,866181.8,826126.2,136133.8,128637.7,38213.8,39982.1,43475.9,73508.8,104860.0,187.4,28.1,6.3,288,24.4,6.4,197,660,877,1177,1691,2143,2935,2438,5788,530
1774090341,2,843422.2,803915.7,133886.5,126095.9,37745.2,39476.5,43102.7,72943.0,104847.7,244.2,28.1,6.3,392,24.4,6.5,197,661,877,1177,1691,2144,2936,2439,5790,531
1774090639,2,831544.3,791800.5,132169.7,124536.0,37394.7,39124.4,42798.4,72497.7,104833.4,301.5,28.1,6.4,461,24.5,6.5,197,660,877,1177,1691,2144,2936,2439,5789,530
1774090941,2,817952.6,780022.7,130680.1,123215.6,37116.0,38852.7,42507.3,72097.4,104819.3,363.7,28.1,6.4,545,24.5,6.5,197,661,877,1177,1692,2144,2936,2439,5790,530
1774091243,2,810136.3,774322.4,129617.6,122327.2,36877.3,38608.2,42315.2,71761.7,104804.9,408.4,28.1,6.4,596,24.5,6.6,197,661,877,1177,1692,2144,2937,2440,5791,530
1774091541,2,804376.1,769010.7,128878.8,121486.8,36640.6,38411.4,42182.2,71443.5,104789.9,470.3,28.2,6.4,707,24.5,6.6,197,661,877,1177,1692,2145,2937,2440,5792,531
1774091843,2,796795.1,760389.4,128102.5,120809.8,36504.0,38158.1,41912.6,71086.6,104776.3,522.7,28.1,6.5,771,24.5,6.6,197,660,876,1177,1691,2143,2936,2439,5789,530
1774092141,2,789046.9,754099.0,127057.0,119739.3,36284.8,37949.0,41747.2,70797.4,104762.2,577.2,28.2,6.5,847,24.5,6.6,197,661,877,1177,1692,2144,2937,2440,5791,530
1774092441,2,781786.8,745637.8,126000.6,118907.4,36050.5,37859.6,41645.6,70446.8,104748.1,644.1,28.1,6.4,896,24.5,6.7,197,661,877,1177,1691,2144,2936,2440,5791,531
1774092743,2,776645.2,739784.0,125547.1,118289.9,35887.3,37641.2,41453.4,70347.4,104732.7,697.5,28.2,6.5,973,24.5,6.7,197,661,877,1177,1691,2144,2937,2439,5790,531
1774093041,2,772058.4,735305.1,125044.1,117774.8,35801.3,37411.3,41328.3,70061.8,104719.7,770.9,28.2,6.5,1076,24.5,6.7,197,661,877,1177,1691,2144,2936,2439,5789,530
1774093343,2,762022.8,727200.5,123957.8,117037.7,35643.3,37370.7,41199.8,69897.1,104706.0,823.1,28.2,6.5,1170,24.5,6.7,197,660,876,1177,1691,2143,2935,2438,5788,530
1774093641,2,758895.8,722342.8,123571.3,116392.8,35506.0,37278.1,41070.6,69655.8,104691.4,874.9,28.2,6.5,1263,24.5,6.7,197,661,877,1177,1691,2144,2936,2439,5788,530
1774093941,2,756609.8,721393.4,123171.6,115896.9,35379.3,37032.8,41000.0,69537.4,104677.6,938.3,28.2,6.5,1298,24.5,6.8,197,660,877,1177,1691,2143,2935,2439,5788,530
1774094241,2,750686.2,717044.4,122567.2,115570.3,35290.8,36972.3,40762.9,69166.8,104662.2,986.9,28.2,6.5,1381,24.5,6.8,197,661,877,1177,1691,2144,2936,2439,5789,530
1774094541,2,745978.5,712222.3,122045.8,115051.8,35158.0,36800.8,40689.0,68997.9,104648.5,1064.9,28.2,6.5,1453,24.5,6.7,197,660,877,1177,1691,2143,2935,2439,5788,530
1774094843,2,743081.7,708343.2,121582.2,114563.8,35072.5,36699.9,40560.6,68922.7,104634.5,1137.6,28.2,6.5,1572,24.5,6.8,197,661,877,1178,1692,2144,2937,2440,5790,530
1774095141,2,739562.4,705120.4,121008.0,113853.1,34978.8,36607.5,40468.8,68693.7,104620.2,1202.7,28.2,6.5,1611,24.5,6.8,197,660,877,1177,1691,2143,2936,2439,5788,531
1774095443,2,732302.2,699028.1,120341.5,113485.9,34873.5,36417.0,40370.6,68637.9,104606.4,1250.5,28.2,6.6,1713,24.5,6.8,197,661,877,1177,1692,2144,2937,2439,5790,530
1774095741,2,728646.1,696105.1,119937.6,113050.7,34732.2,36343.7,40259.5,68330.4,104591.4,1317.0,28.2,6.6,1781,24.5,6.8,197,661,877,1177,1691,2144,2936,2439,5790,530
1774096041,2,726486.9,692849.9,119529.1,112750.9,34643.8,36290.7,40127.4,68088.7,104577.5,1363.5,28.2,6.6,1840,24.5,6.8,197,660,877,1177,1692,2144,2936,2440,5791,530
1774096641,2,1045059.5,994728.8,157102.6,147610.2,42140.5,43810.5,45406.4,75716.3,104970.4,70.9,28.0,5.9,131,24.3,5.9,197,661,877,1177,1691,2143,2936,2439,5789,531
1774096943,2,901568.4,861489.4,140689.0,132562.1,39025.7,40780.1,44066.3,74125.3,104972.8,129.7,28.1,6.1,165,24.4,6.3,197,661,877,1177,1691,2144,2936,2439,5790,530
1774097241,2,865837.8,825058.3,135904.2,128102.1,38119.4,39886.6,43397.0,73261.9,104964.0,185.1,28.1,6.3,297,24.4,6.3,197,660,877,1177,1691,2143,2936,2439,5788,530
1774097541,2,842811.7,805507.2,133605.5,125957.4,37552.0,39344.1,42931.8,72713.4,104951.8,244.0,28.1,6.3,352,24.4,6.5,197,661,877,1177,1691,2144,2936,2439,5788,530
1774097843,2,827918.6,791308.3,131595.6,124395.6,37194.9,38957.6,42630.5,72215.6,104937.6,300.9,28.1,6.3,442,24.5,6.5,197,661,877,1177,1691,2143,2935,2438,5788,530
1774098141,2,818462.0,782039.9,130442.1,123084.0,36897.2,38746.2,42415.5,71830.9,104923.0,356.0,28.1,6.4,535,24.5,6.6,197,661,877,1177,1691,2143,2935,2438,5788,530
1774098441,2,810267.8,775161.8,129552.7,122133.5,36685.5,38451.2,42171.8,71403.1,104909.5,412.0,28.1,6.4,609,24.5,6.6,197,660,877,1177,1691,2143,2936,2438,5788,530
1774098741,2,800915.0,765750.8,128471.0,121023.3,36492.0,38247.6,42014.5,71266.2,104895.5,470.0,28.2,6.4,681,24.5,6.6,196,661,877,1177,1691,2144,2935,2439,5789,530
1774099041,2,797346.3,758722.8,127689.5,120426.2,36302.6,37995.2,41826.7,70921.6,104880.6,523.4,28.2,6.4,788,24.5,6.6,197,661,877,1177,1691,2144,2936,2438,5788,531
1774099343,2,784705.4,748065.1,126254.6,119268.6,36112.4,37793.4,41601.2,70497.2,104866.6,576.7,28.2,6.5,852,24.5,6.7,197,661,877,1177,1691,2144,2936,2438,5789,530
1774099641,2,782807.9,745759.8,125892.1,118737.4,36004.2,37677.2,41527.2,70198.5,104852.7,642.7,28.2,6.5,921,24.5,6.7,197,661,877,1177,1691,2144,2936,2439,5789,530
1774099941,2,775400.2,738682.5,125480.7,118199.3,35766.3,37564.1,41332.9,70134.9,104838.4,696.0,28.2,6.5,1020,24.5,6.7,197,661,877,1177,1692,2144,2936,2439,5789,530
1774100243,2,772279.5,735717.8,124703.0,117480.5,35644.1,37370.0,41222.0,69809.9,104823.8,752.3,28.2,6.5,1043,24.5,6.7,197,661,877,1177,1692,2144,2936,2439,5791,530
1774100541,2,762482.5,727681.2,123774.7,116785.3,35567.0,37202.7,41050.9,69510.6,104809.9,814.1,28.2,6.5,1130,24.5,6.7,197,661,877,1177,1691,2144,2936,2439,5789,530
1774100841,2,758636.0,724138.8,123233.7,116220.5,35393.2,37075.5,40880.6,69407.8,104795.7,871.7,28.2,6.5,1178,24.5,6.7,197,661,877,1177,1692,2144,2937,2440,5790,530
1774101143,2,754023.5,719117.8,122656.7,115778.1,35275.1,36943.8,40780.0,69144.5,104781.5,930.4,28.2,6.5,1305,24.5,6.8,197,661,877,1177,1691,2144,2936,2439,5789,530
1774101441,2,751027.8,718253.6,122180.8,115311.0,35157.8,36796.6,40606.5,68996.4,104768.5,991.9,28.2,6.5,1371,24.5,6.7,197,661,877,1177,1691,2144,2936,2439,5790,530
1774101741,2,744803.8,711880.5,121678.9,114658.9,35076.5,36618.9,40515.4,68746.7,104753.9,1067.4,28.2,6.5,1457,24.5,6.8,197,661,876,1177,1691,2144,2935,2438,5789,531
1774102043,2,743249.9,708328.2,121389.8,114428.8,34986.5,36556.2,40456.5,68586.9,104739.9,1128.9,28.2,6.5,1536,24.5,6.8,197,661,877,1177,1691,2144,2935,2438,5790,530
1774102341,2,736977.2,703489.2,120527.1,113602.4,34867.1,36512.4,40309.3,68398.8,104725.8,1177.2,28.2,6.5,1626,24.5,6.8,197,661,877,1177,1692,2144,2936,2439,5789,531
1774102643,2,730720.5,697886.5,119858.0,113021.9,34710.5,36365.4,40193.5,68154.3,104711.2,1231.4,28.2,6.5,1656,24.5,6.8,197,661,877,1177,1692,2144,2937,2440,5792,530
1774102941,2,729391.1,697305.2,119710.2,112778.6,34635.0,36237.9,40143.4,68023.3,104696.6,1294.5,28.2,6.5,1749,24.5,6.7,197,661,877,1177,1691,2144,2936,2439,5790,530
1774103241,2,725993.1,692365.2,119218.7,112620.6,34557.5,36213.6,40033.3,67874.8,104681.0,1348.3,28.2,6.5,1848,24.5,6.8,197,661,877,1178,1691,2144,2936,2439,5791,530
1774103841,2,1048785.0,996838.2,157213.8,147433.0,41963.9,43604.1,45139.5,75474.4,105158.9,65.1,28.0,5.9,61,24.3,6.0,197,660,877,1176,1691,2143,2935,2438,5788,530
1774104141,2,902985.3,860144.8,140421.2,132324.9,38929.6,40678.3,43844.2,73898.9,105158.6,117.1,28.1,6.2,211,24.4,6.3,197,661,877,1177,1691,2144,2935,2439,5788,531
1774104439,2,864429.9,824333.7,135785.7,127973.8,37916.1,39719.9,43199.2,73057.5,105148.4,171.9,28.1,6.2,287,24.4,6.4,197,661,877,1177,1692,2144,2936,2439,5789,530
1774104741,2,846189.1,804978.5,133438.0,125796.7,37431.7,39182.2,42743.0,72374.7,105133.7,223.5,28.1,6.3,363,24.4,6.4,197,660,877,1177,1691,2144,2936,2439,5788,530
1774105043,2,831221.3,793326.3,131716.3,124075.5,37167.7,38862.2,42515.9,72114.5,105117.9,273.5,28.1,6.3,434,24.4,6.5,197,660,877,1177,1691,2144,2936,2439,5789,530
1774105341,2,822532.8,786499.8,130614.5,123193.5,36905.6,38587.6,42234.7,71540.0,105101.0,331.1,28.1,6.3,567,24.4,6.5,197,661,877,1177,1692,2144,2936,2439,5790,530
1774105641,2,809420.5,773177.6,129159.4,121830.7,36621.2,38400.6,42124.3,71265.6,105082.4,393.3,28.1,6.4,581,24.4,6.6,197,661,877,1177,1691,2143,2936,2439,5789,530
1774105941,2,803672.2,765679.7,128489.9,121146.5,36526.5,38176.2,41900.2,70976.6,105063.6,441.9,28.1,6.4,695,24.4,6.6,197,661,877,1178,1692,2144,2936,2439,5790,530
1774106241,2,798371.3,762890.2,127889.6,120510.8,36304.9,37964.2,41760.3,70787.9,105045.1,496.4,28.1,6.4,772,24.4,6.6,197,661,877,1177,1691,2144,2935,2438,5789,531
1774106541,2,795144.5,759768.0,127329.2,120033.1,36148.7,37825.9,41607.8,70549.1,105027.3,552.4,28.1,6.4,803,24.4,6.7,197,661,876,1177,1691,2143,2935,2439,5787,530
1774106841,2,787557.5,751033.6,126424.1,119356.8,35973.9,37636.3,41461.8,70215.6,105010.3,616.7,28.1,6.4,923,24.4,6.7,197,661,877,1177,1692,2144,2936,2439,5789,530
1774107143,2,781371.4,744441.0,125632.3,118587.9,35848.0,37584.4,41345.5,69842.0,104992.7,667.9,28.1,6.4,968,24.4,6.6,197,661,877,1177,1691,2144,2936,2439,5789,530
1774107441,2,776650.4,739694.5,125098.6,117996.0,35722.0,37450.3,41280.6,69942.4,104975.1,725.1,28.1,6.4,1058,24.4,6.7,197,660,877,1177,1692,2144,2936,2439,5789,530
1774107741,2,772809.7,736283.8,124666.6,117408.4,35627.6,37247.0,41016.0,69565.5,104959.1,785.9,28.1,6.4,1099,24.4,6.7,197,661,877,1177,1691,2144,2935,2439,5789,530
1774108041,2,765533.3,730809.8,124180.8,116834.5,35513.1,37138.0,41060.7,69429.0,104942.4,841.1,28.1,6.5,1162,24.4,6.7,197,661,877,1177,1692,2144,2936,2439,5789,530
1774108341,2,764987.6,727282.7,123748.8,116608.5,35426.3,37007.5,40832.9,69277.0,104926.1,898.1,28.1,6.5,1254,24.4,6.7,197,661,877,1177,1692,2144,2936,2439,5791,530
1774108643,2,757740.3,721440.5,122888.7,115961.4,35296.3,36929.8,40689.7,69005.9,104911.3,953.4,28.0,6.5,1309,24.4,6.7,197,661,877,1177,1691,2144,2936,2439,5790,530
1774108941,2,754704.6,719330.0,122440.7,115643.2,35143.1,36838.5,40592.4,68884.3,104897.6,1011.4,28.1,6.5,1404,24.4,6.7,197,661,877,1177,1692,2144,2936,2438,5789,531
1774109243,2,751127.8,715788.2,122100.4,115148.2,35046.2,36669.1,40577.6,68774.5,104881.6,1075.7,28.1,6.5,1476,24.4,6.7,197,661,876,1177,1691,2144,2935,2439,5789,530
1774109541,2,748873.3,714181.3,121764.3,114574.2,34981.6,36681.0,40445.1,68554.4,104865.3,1141.5,28.0,6.5,1559,24.4,6.7,197,661,877,1177,1691,2143,2936,2439,5789,530
1774109841,2,740965.7,706629.3,120941.3,114108.9,34888.6,36487.9,40401.5,68489.6,104849.7,1185.2,28.0,6.5,1645,24.4,6.8,197,661,877,1177,1691,2143,2935,2438,5787,530
1774110141,2,741363.8,706453.5,120798.7,113837.4,34795.3,36405.1,40297.6,68268.2,104834.6,1253.9,28.0,6.5,1712,24.3,6.8,197,661,877,1177,1692,2144,2936,2439,5790,530
1774110441,2,736326.8,702094.9,120299.8,113564.2,34711.5,36278.4,40185.5,68177.7,104819.8,1312.3,28.0,6.5,1780,24.3,6.8,197,660,877,1177,1692,2144,2936,2439,5790,530
1774111041,2,1057308.9,1006079.4,158399.4,148594.5,42178.1,43843.8,45368.7,75717.2,105277.2,59.2,27.9,5.9,4,24.1,5.9,197,661,877,1177,1692,2144,2937,2440,5790,530
1774111343,2,915298.1,874717.0,141593.5,133286.3,39103.3,40842.8,43942.3,73981.7,105278.1,122.8,27.9,6.2,181,24.2,6.2,196,661,877,1177,1691,2143,2936,2438,5789,530
1774111641,2,875877.4,834722.0,136942.1,128880.4,38142.7,39835.8,43330.9,73123.9,105268.5,174.6,28.0,6.2,271,24.3,6.4,197,661,877,1177,1691,2143,2935,2438,5788,530
1774111941,2,855015.7,814731.5,134477.2,126602.2,37629.5,39366.4,42978.3,72703.2,105255.8,238.0,28.0,6.3,379,24.3,6.4,197,661,877,1177,1691,2143,2935,2438,5787,530
1774112241,2,842543.0,802283.3,133006.4,125135.8,37286.6,39023.7,42593.9,72133.7,105241.4,279.0,28.0,6.3,404,24.3,6.5,196,661,877,1177,1692,2144,2936,2440,5791,530
1774112541,2,828245.3,792795.2,131537.1,124034.8,37027.1,38758.5,42387.5,71700.3,105226.1,334.2,28.0,6.3,527,24.3,6.5,197,661,877,1177,1692,2144,2935,2439,5789,531
1774112843,2,820243.0,783314.6,130411.5,122911.1,36743.7,38432.8,42143.4,71512.8,105210.6,390.0,28.0,6.4,611,24.3,6.5,197,661,877,1177,1691,2143,2936,2439,5791,531
1774113141,2,811690.3,776131.1,129261.7,121749.8,36538.3,38284.0,42017.7,71092.0,105194.0,443.3,28.0,6.4,706,24.3,6.6,197,661,877,1177,1691,2144,2936,2439,5790,530
1774113443,2,806642.6,770168.8,128369.1,121151.2,36397.7,38111.4,41877.5,70921.6,105177.7,497.5,28.0,6.4,774,24.3,6.6,197,660,876,1177,1692,2144,2936,2439,5790,530
1774113741,2,798999.5,762232.7,127826.6,120523.6,36235.0,37958.8,41776.2,70684.8,105162.4,551.5,28.0,6.4,844,24.3,6.6,197,661,876,1177,1691,2143,2936,2439,5789,530
1774114041,2,793596.1,759665.6,127224.8,119748.4,36110.7,37810.9,41559.9,70486.0,105146.0,606.9,28.0,6.4,885,24.3,6.6,197,660,877,1177,1691,2144,2935,2438,5788,530
1774114341,2,786599.3,751114.8,126461.7,119270.6,35929.2,37581.5,41494.8,70146.2,105130.1,660.0,28.0,6.4,970,24.3,6.7,197,660,876,1177,1691,2144,2936,2438,5788,530
1774114641,2,787068.9,749138.7,125821.8,118716.1,35816.5,37449.1,41309.9,69920.3,105114.0,720.6,28.0,6.4,1033,24.3,6.6,197,660,877,1177,1691,2143,2935,2438,5788,531
1774114939,2,777412.9,740927.9,125068.1,117981.9,35677.6,37339.8,41178.2,69694.6,105098.8,778.5,28.0,6.4,1110,24.3,6.7,196,661,876,1177,1691,2143,2936,2438,5788,530
1774115241,2,775998.2,736539.6,124844.8,117560.5,35544.3,37184.7,41003.7,69483.4,105083.1,828.2,28.0,6.4,1201,24.3,6.7,197,661,877,1177,1692,2144,2936,2439,5789,530
1774115543,2,768538.2,734360.6,124206.5,117021.3,35454.2,37057.9,40839.1,69307.1,105068.4,905.4,28.0,6.5,1248,24.3,6.7,197,661,876,1177,1690,2143,2935,2438,5787,531
1774115841,2,764193.6,727737.7,123444.8,116371.9,35305.4,36921.9,40741.1,69185.1,105053.8,942.1,28.0,6.5,1318,24.3,6.7,197,660,877,1177,1691,2144,2936,2439,5789,530
1774116141,2,765226.8,727480.5,123382.4,116258.6,35331.4,36840.8,40663.0,68907.4,105039.0,1007.9,28.0,6.5,1408,24.3,6.7,197,661,877,1177,1692,2144,2935,2439,5789,530
1774116441,2,758320.4,723690.1,122895.8,115345.0,35154.5,36699.0,40592.3,68829.3,105024.0,1059.8,28.0,6.5,1480,24.3,6.7,197,660,876,1177,1691,2143,2936,2439,5788,531
1774116741,2,750877.8,715472.2,122028.0,115029.2,35024.0,36633.1,40423.9,68638.8,105009.6,1123.4,28.0,6.5,1551,24.3,6.7,197,660,877,1177,1691,2143,2936,2439,5788,530
1774117041,2,747135.3,712750.6,121655.6,114709.4,34917.5,36524.9,40350.7,68435.4,104994.7,1172.1,28.0,6.5,1613,24.3,6.8,196,661,877,1177,1691,2143,2935,2438,5788,531
1774117341,2,743927.9,708964.2,121037.2,114242.5,34776.7,36445.3,40340.9,68263.8,104979.8,1245.4,28.0,6.5,1676,24.3,6.7,197,660,876,1177,1691,2143,2935,2438,5787,530
1774117641,2,739811.6,707144.4,120805.6,113703.3,34764.8,36342.6,40185.1,68121.9,104965.9,1297.7,28.0,6.5,1738,24.3,6.8,197,660,876,1177,1692,2143,2936,2439,5789,530
1774118241,2,1057035.5,1010005.8,158111.5,148438.1,42073.6,43695.5,45226.4,75616.4,105359.2,63.3,27.8,5.9,75,24.1,5.9,197,660,876,1177,1690,2143,2935,2438,5786,531
1774118543,2,911765.4,872047.7,141400.3,133048.9,39032.7,40733.9,43922.2,73802.2,105360.5,120.7,27.9,6.1,202,24.2,6.2,197,660,877,1177,1691,2143,2935,2438,5787,530
1774118841,2,876837.8,833982.2,136863.1,128827.1,38075.4,39773.1,43173.9,73137.6,105351.2,175.3,27.9,6.2,239,24.2,6.3,197,661,877,1177,1691,2143,2935,2438,5787,530
1774119142,2,854358.2,815038.3,134117.8,126503.1,37477.0,39347.4,42727.0,72435.4,105338.6,227.8,27.9,6.2,363,24.3,6.4,196,660,877,1177,1690,2143,2934,2438,5784,530
1774119441,2,840363.6,801830.3,132858.2,124840.9,37156.5,38926.1,42502.4,71951.5,105323.5,274.5,27.9,6.3,431,24.3,6.5,197,660,876,1177,1690,2143,2934,2437,5786,530
1774119741,2,829204.8,790926.6,131321.6,123776.1,36909.0,38622.6,42327.7,71645.6,105306.7,336.5,27.9,6.3,528,24.3,6.5,197,660,877,1176,1691,2143,2934,2437,5787,530
1774120043,2,823031.8,784914.2,130253.4,122822.9,36670.3,38391.6,42069.2,71133.8,105289.9,396.4,27.9,6.3,604,24.3,6.5,197,660,876,1177,1691,2142,2935,2438,5788,531
1774120341,2,815170.4,777684.5,129260.0,121644.5,36489.1,38206.3,41872.7,70936.5,105272.8,435.0,28.0,6.4,665,24.3,6.5,197,660,877,1177,1691,2143,2936,2439,5789,530
1774120643,2,806104.2,770178.7,128521.9,121095.6,36316.2,37996.1,41757.6,70626.0,105256.3,491.0,27.9,6.4,746,24.3,6.6,197,661,877,1177,1691,2144,2935,2439,5788,530
1774120941,2,798875.8,763185.4,127675.5,120301.4,36110.1,37832.1,41547.5,70409.6,105241.4,543.6,27.9,6.4,805,24.3,6.6,197,660,877,1176,1692,2144,2935,2439,5788,530
1774121243,2,793593.1,758560.2,127009.6,119653.2,35992.2,37666.8,41358.1,70156.8,105227.8,608.6,27.9,6.4,879,24.3,6.6,197,660,876,1176,1691,2143,2935,2437,5787,530
1774121541,2,788702.8,752063.1,126350.0,119015.0,35803.3,37484.2,41283.0,69866.6,105216.0,661.4,28.0,6.4,940,24.3,6.7,197,660,877,1177,1691,2143,2935,2437,5788,530
1774121841,2,783489.3,748772.1,125540.8,118395.4,35680.4,37335.6,40972.3,69702.8,105202.6,708.3,28.0,6.4,1051,24.3,6.7,197,660,876,1177,1691,2143,2935,2438,5788,530
1774122141,2,776631.8,737933.6,125040.5,117504.1,35574.4,37180.8,40886.8,69504.4,105191.7,762.3,28.0,6.4,1100,24.3,6.7,197,661,877,1177,1692,2143,2936,2439,5790,530
1774122441,2,772455.8,734554.7,124132.9,116929.1,35395.3,37037.6,40732.6,69119.3,105180.6,827.5,28.0,6.4,1167,24.3,6.7,197,661,877,1177,1691,2144,2935,2438,5788,530
1774122743,2,767422.0,730863.2,123516.1,116381.3,35246.0,36865.1,40596.1,68933.7,105169.9,888.0,28.0,6.5,1241,24.3,6.7,197,661,877,1177,1691,2144,2935,2438,5787,530
1774123041,2,761805.3,725409.8,122784.3,115792.4,35093.3,36694.5,40480.3,68632.4,105159.6,956.8,28.0,6.5,1333,24.3,6.7,197,661,877,1177,1691,2144,2936,2438,5789,530
1774123343,2,754943.5,720330.7,122091.6,115169.7,34956.6,36702.8,40395.1,68490.8,105150.3,1010.5,28.0,6.4,1381,24.4,6.7,197,661,877,1177,1691,2144,2936,2439,5788,530
1774123641,2,750226.0,716025.9,121647.2,114758.7,34850.4,36557.8,40233.4,68248.6,105140.2,1072.4,28.0,6.5,1451,24.4,6.8,197,661,877,1177,1691,2144,2936,2439,5789,531
1774123943,2,743450.4,709764.2,120938.0,113935.4,34675.4,36317.0,40128.8,67971.9,105131.9,1104.8,28.1,6.5,1537,24.4,6.7,197,660,877,1177,1691,2144,2936,2439,5790,530
1774124241,2,743003.1,709103.9,120695.5,113626.6,34550.8,36163.8,39935.3,67717.2,105122.4,1173.0,28.1,6.5,1611,24.4,6.7,197,661,877,1177,1691,2143,2935,2439,5789,530
1774124543,2,735298.2,701657.0,119888.8,112963.0,34475.1,36048.4,39888.0,67574.8,105113.6,1222.5,28.1,6.5,1682,24.4,6.8,197,660,877,1177,1691,2143,2935,2438,5787,530
1774124841,2,730365.7,698898.4,119351.8,112332.0,34321.0,35947.7,39700.6,67349.6,105104.7,1292.9,28.1,6.5,1736,24.4,6.8,197,660,877,1177,1691,2143,2936,2439,5789,530
1774125741,2,897937.2,855277.5,139183.9,130731.0,38376.2,40078.3,43102.2,72940.8,105382.6,115.0,28.1,6.1,126,24.4,6.3,197,660,877,1177,1690,2143,2935,2438,5788,531
1774126041,2,855926.2,816521.2,134001.8,126423.8,37423.3,39114.1,42457.3,71698.0,105382.0,169.2,28.1,6.2,286,24.5,6.4,197,660,877,1177,1691,2143,2935,2438,5788,530
1774126341,2,831395.5,794114.0,131091.2,123524.4,36768.0,38498.0,42052.1,71109.6,105377.1,217.4,28.2,6.3,346,24.5,6.4,197,660,877,1177,1691,2143,2934,2438,5788,531
1774126639,2,819457.8,780977.2,129443.9,121809.9,36377.6,38129.1,41663.8,70656.7,105370.0,270.2,28.2,6.3,426,24.5,6.5,197,661,877,1177,1691,2143,2934,2438,5789,530
1774126941,2,803929.9,769424.6,127882.4,120528.9,36092.4,37824.5,41421.9,70306.1,105362.2,317.7,28.2,6.3,528,24.6,6.5,196,660,876,1176,1691,2142,2934,2437,5786,529
1774127243,2,795885.3,760148.0,126927.3,119341.0,35804.9,37495.3,41022.6,69881.7,105353.0,381.1,28.3,6.4,597,24.6,6.6,197,660,877,1176,1690,2142,2933,2436,5785,529
1774127541,2,790518.4,752903.4,125831.7,118367.0,35597.0,37293.0,40851.5,69471.2,105344.1,430.3,28.3,6.4,683,24.6,6.7,197,660,877,1176,1690,2143,2934,2438,5788,530
1774127843,2,780285.8,744274.2,124690.7,117412.1,35342.5,37035.6,40661.5,68994.6,105333.8,491.8,28.3,6.4,744,24.6,6.6,197,660,876,1176,1690,2143,2934,2437,5786,529
1774128141,2,770761.6,735740.7,123808.1,116467.8,35198.5,36841.1,40508.3,68877.5,105323.8,548.4,28.3,6.4,844,24.7,6.7,197,661,877,1176,1690,2143,2934,2438,5788,530
1774128443,2,764009.2,727325.0,122590.0,115518.5,34980.2,36590.0,40341.9,68617.1,105314.5,616.2,28.3,6.4,894,24.7,6.7,197,661,877,1177,1691,2143,2935,2437,5787,529
1774128741,2,756360.5,720506.8,122008.8,114987.4,34745.2,36430.6,40149.6,68083.7,105304.5,664.7,28.4,6.4,938,24.7,6.7,197,661,877,1177,1691,2142,2934,2438,5788,530
1774129041,2,751568.1,714543.8,121328.7,114008.8,34626.2,36254.5,39919.6,67979.2,105295.0,730.1,28.4,6.4,1038,24.7,6.8,197,660,877,1176,1690,2143,2933,2436,5786,529
1774129341,2,741508.9,707043.4,120343.9,113372.2,34433.7,36102.3,39842.9,67723.7,105284.8,786.2,28.4,6.5,1078,24.7,6.8,197,660,877,1176,1691,2143,2934,2437,5788,530
1774129641,2,739734.8,705569.0,119893.3,112963.5,34339.6,35955.7,39621.7,67543.5,105275.0,855.2,28.4,6.5,1197,24.7,6.8,197,661,877,1176,1691,2142,2934,2437,5788,530
1774129943,2,730298.2,698487.4,119035.8,112366.5,34173.8,35738.5,39505.9,67122.8,105264.0,897.4,28.4,6.5,1289,24.8,6.8,197,661,877,1177,1691,2143,2934,2438,5787,530
1774130241,2,726572.4,694648.2,118782.6,111524.7,34076.6,35711.1,39357.1,66904.7,105253.4,963.4,28.4,6.5,1328,24.8,6.8,197,660,877,1176,1689,2142,2932,2436,5785,529
1774130543,2,720205.1,687830.6,117517.7,110795.3,33940.5,35528.7,39312.7,66789.3,105242.9,1018.4,28.5,6.5,1421,24.8,6.8,196,660,877,1176,1690,2142,2933,2437,5786,530
1774130841,2,716636.5,686045.8,117257.6,110507.8,33825.9,35372.3,39090.0,66487.9,105231.9,1065.8,28.5,6.5,1512,24.8,6.8,197,660,877,1176,1690,2142,2933,2437,5786,530
1774131143,2,710917.2,680604.8,116845.9,110041.0,33721.2,35241.2,39002.2,66107.0,105221.3,1127.5,28.5,6.5,1548,24.8,6.8,197,661,877,1177,1690,2142,2934,2437,5787,530
1774131441,2,708364.2,675052.2,115973.8,109526.5,33499.3,35150.7,38922.6,66148.0,105211.0,1189.6,28.5,6.5,1641,24.8,6.8,196,661,877,1176,1691,2143,2934,2438,5788,531
1774131743,2,702919.5,672078.1,115498.7,109075.4,33441.7,35014.6,38791.5,65779.9,105201.4,1259.2,28.5,6.5,1722,24.9,6.9,196,660,876,1176,1689,2142,2933,2437,5785,529
1774132041,2,699471.8,668621.4,115254.4,108563.1,33331.4,34909.1,38644.9,65806.6,105191.8,1309.4,28.5,6.5,1751,24.9,6.9,196,660,877,1176,1690,2142,2934,2438,5787,530
1774132641,2,993603.0,944732.0,149946.3,140374.5,40051.6,41565.1,43383.0,72542.4,105384.6,77.2,28.4,5.9,94,24.7,6.0,197,661,877,1176,1690,2142,2934,2437,5785,529
1774132941,2,853607.9,815619.8,133572.5,125791.8,37235.4,38890.3,41862.5,70824.5,105391.9,138.6,28.5,6.2,227,24.8,6.3,197,660,877,1176,1689,2142,2932,2437,5785,529
1774133241,2,814936.5,778306.1,128914.0,121543.8,36240.9,37843.4,41239.1,69942.5,105388.3,189.1,28.6,6.2,304,24.9,6.5,196,660,877,1176,1690,2142,2933,2437,5786,529
1774133541,2,794873.6,758943.5,126440.0,119429.5,35734.7,37372.3,40711.4,69428.8,105380.5,239.4,28.6,6.3,373,24.9,6.5,197,660,877,1176,1689,2142,2932,2436,5785,529
1774133843,2,780994.2,744735.2,124851.7,117560.1,35336.1,36964.6,40555.0,68909.1,105371.4,299.8,28.6,6.3,455,24.9,6.6,197,661,877,1176,1689,2142,2933,2436,5785,529
1774134141,2,768097.7,734078.4,123475.5,116314.0,35063.2,36660.9,40280.9,68491.5,105359.3,360.7,28.6,6.4,561,25.0,6.6,196,660,877,1176,1689,2142,2932,2436,5785,531
1774134443,2,757963.6,725244.2,122176.4,115139.8,34860.6,36441.6,40070.8,68072.3,105345.9,410.1,28.6,6.4,619,25.0,6.6,197,661,877,1176,1690,2142,2933,2436,5785,529
1774134741,2,752849.1,716910.5,121423.9,114351.0,34583.0,36225.2,39879.6,67838.7,105331.4,454.6,28.7,6.4,702,25.0,6.7,197,660,877,1176,1689,2142,2933,2437,5785,530
1774135041,2,743210.4,711151.2,120319.0,113580.4,34410.8,36061.4,39657.4,67518.6,105316.8,515.8,28.7,6.4,793,25.0,6.7,197,660,877,1176,1689,2142,2932,2436,5784,529
1774135341,2,739381.6,705210.2,119599.8,112841.8,34281.4,35856.2,39512.4,67277.0,105301.3,567.6,28.7,6.4,821,25.0,6.7,197,660,877,1175,1689,2141,2932,2436,5784,529
1774135641,2,731827.0,701316.8,119182.7,112225.7,34151.9,35712.3,39325.5,66924.0,105284.8,631.6,28.7,6.4,909,25.0,6.8,196,660,877,1176,1689,2141,2933,2436,5784,529
1774135943,2,727791.9,693744.3,118259.6,111683.5,33965.0,35552.8,39185.3,66806.5,105269.3,680.9,28.7,6.5,982,25.0,6.8,197,661,877,1176,1689,2142,2933,2437,5786,529
1774136241,2,722824.8,689929.8,117766.6,111144.3,33838.2,35455.2,39167.9,66551.3,105252.5,736.4,28.7,6.5,1081,25.0,6.8,197,660,877,1176,1689,2142,2933,2436,5786,530
1774136543,2,716674.9,685543.7,117259.4,110592.8,33810.7,35341.9,39062.7,66400.6,105236.5,787.4,28.7,6.5,1137,25.0,6.8,197,660,877,1176,1689,2141,2932,2436,5785,529
1774136841,2,713084.1,680677.9,116810.8,110137.0,33645.2,35193.5,38937.6,66173.3,105219.9,870.9,28.7,6.5,1211,25.0,6.8,197,660,877,1176,1689,2141,2932,2436,5783,529
1774137141,2,710354.8,677384.2,116072.8,109667.9,33550.5,35082.6,38830.3,66012.7,105203.7,925.4,28.7,6.5,1272,25.0,6.8,196,660,877,1175,1689,2142,2932,2436,5784,530
1774137443,2,705237.0,674136.9,115463.4,108961.5,33411.6,34988.9,38780.5,65862.8,105188.6,978.0,28.7,6.5,1378,25.0,6.8,196,660,877,1176,1689,2142,2933,2436,5786,530
1774137741,2,701864.9,670337.2,115254.9,108790.3,33334.0,34858.1,38648.6,65634.0,105172.1,1031.2,28.7,6.5,1428,25.0,6.8,197,660,876,1176,1689,2141,2932,2436,5784,530
1774138043,2,699851.7,667083.4,115028.2,108366.7,33345.0,34799.6,38645.7,65495.4,105157.5,1089.5,28.7,6.5,1533,25.0,6.9,197,661,877,1176,1689,2142,2933,2437,5785,529
1774138341,2,696656.4,665037.2,114590.2,108217.2,33199.4,34701.0,38461.0,65253.7,105142.5,1153.2,28.7,6.5,1580,25.0,6.8,197,661,877,1176,1690,2142,2933,2437,5786,529
1774138641,2,692238.0,660095.7,114023.1,107696.7,33054.8,34622.3,38423.9,65164.6,105123.6,1200.5,28.7,6.5,1628,25.0,6.9,197,660,877,1175,1689,2141,2932,2436,5784,529
1774138939,2,688533.5,657758.2,113624.4,107094.0,32979.6,34511.3,38333.3,64849.4,105108.3,1259.8,28.7,6.5,1740,25.0,6.8,196,660,877,1176,1690,2142,2933,2436,5786,529
1774139241,2,687501.3,656132.2,113206.0,106871.5,32878.2,34436.3,38225.5,64945.6,105093.0,1324.7,28.7,6.5,1791,25.0,6.9,197,661,877,1176,1690,2142,2933,2437,5786,529
1774139841,2,984012.2,939539.7,148693.9,139601.5,39854.8,41426.8,42969.3,71971.9,105330.7,59.8,28.5,5.9,41,24.8,6.0,197,660,877,1176,1689,2141,2932,2436,5784,529
1774140141,2,849978.1,811207.8,133158.2,125236.3,37033.8,38700.5,41633.2,70443.6,105333.3,117.5,28.6,6.2,180,24.9,6.3,197,660,877,1176,1689,2142,2933,2437,5785,530
1774140439,2,812357.0,775236.3,128443.5,121023.3,36062.2,37744.5,40962.7,69601.1,105322.6,167.3,28.6,6.2,309,24.9,6.5,196,660,877,1175,1689,2142,2933,2437,5785,529
1774140741,2,790342.2,756115.2,125910.7,118887.7,35585.6,37213.4,40566.7,68980.2,105307.1,231.3,28.6,6.3,337,25.0,6.5,197,661,877,1176,1690,2143,2933,2437,5787,529
1774141043,2,778173.1,741088.7,124396.3,117090.1,35274.9,36862.9,40364.0,68641.3,105288.3,274.8,28.6,6.3,448,25.0,6.6,197,660,877,1176,1689,2141,2932,2435,5784,529
1774141341,2,770116.7,734945.5,123308.4,116402.3,34998.1,36692.5,40200.8,68286.2,105268.4,322.0,28.6,6.4,488,25.0,6.6,197,660,877,1176,1689,2141,2932,2436,5785,530
1774141641,2,763912.1,728526.2,122500.7,115719.1,34807.2,36431.4,40104.7,68109.3,105247.2,392.3,28.6,6.4,576,25.0,6.6,197,660,877,1176,1690,2142,2932,2436,5785,529
1774141941,2,757253.1,723598.2,121717.1,114934.6,34678.6,36323.4,39792.2,67877.2,105226.8,441.6,28.6,6.4,692,24.9,6.7,197,660,877,1176,1689,2141,2932,2435,5783,529
1774142241,2,750569.0,717585.4,121265.4,114153.5,34553.1,36148.0,39681.8,67442.4,105204.6,490.1,28.6,6.4,707,24.9,6.7,196,661,877,1176,1689,2142,2933,2436,5786,530
1774142543,2,747593.1,714686.9,120759.1,113656.0,34432.7,36060.5,39608.4,67467.4,105183.4,548.2,28.6,6.4,820,24.9,6.7,197,660,877,1176,1689,2142,2933,2437,5788,530
1774142841,2,742203.3,708809.3,120058.7,113178.6,34312.2,35962.7,39509.1,67227.5,105161.3,615.2,28.6,6.4,897,24.9,6.7,197,661,877,1176,1690,2142,2933,2437,5786,529
1774143143,2,740628.8,706365.7,119531.0,112794.8,34208.4,35798.0,39410.1,67084.7,105138.9,654.7,28.6,6.4,966,24.9,6.7,197,661,877,1176,1690,2143,2933,2437,5786,530
1774143441,2,736026.0,704069.6,119203.7,112297.9,34150.6,35681.7,39299.8,66986.5,105117.6,718.7,28.5,6.4,1028,24.9,6.8,197,660,876,1176,1690,2142,2933,2437,5785,530
1774143743,2,730839.9,698939.1,118674.2,111701.0,34120.4,35662.0,39240.1,66701.9,105095.5,777.1,28.5,6.4,1081,24.9,6.8,197,660,877,1176,1690,2142,2933,2437,5785,529
1774144041,2,729064.7,696883.0,118373.7,111740.4,33983.9,35506.3,39193.9,66610.6,105074.8,828.8,28.5,6.5,1170,24.8,6.7,197,660,877,1176,1689,2141,2932,2436,5784,529
1774144341,2,727623.7,694724.9,118013.5,111256.8,33899.8,35507.6,39106.8,66326.7,105053.4,885.5,28.5,6.5,1241,24.8,6.8,197,660,877,1176,1690,2142,2932,2436,5785,530
1774144643,2,724510.4,691655.8,117758.3,110768.6,33770.4,35370.5,39019.6,66372.7,105032.7,951.6,28.5,6.5,1318,24.8,6.8,197,661,877,1176,1690,2142,2933,2436,5785,529
1774144941,2,720235.4,689451.8,117369.4,110779.5,33752.7,35355.4,39021.7,66206.9,105013.9,999.3,28.5,6.5,1353,24.8,6.8,196,660,877,1176,1690,2142,2932,2436,5784,530
1774145241,2,719164.0,687596.6,117139.8,110320.6,33677.4,35260.0,38911.2,66114.2,104994.5,1066.3,28.4,6.5,1418,24.8,6.8,197,661,877,1176,1690,2143,2934,2437,5787,531
1774145543,2,714967.9,684203.8,116705.1,110152.6,33594.3,35177.8,38932.2,65897.1,104975.2,1117.3,28.4,6.5,1507,24.8,6.8,197,661,877,1176,1690,2142,2933,2437,5786,529
1774145841,2,713382.9,682813.8,116590.2,109855.9,33578.3,35153.4,38793.9,65795.2,104957.3,1175.1,28.4,6.5,1594,24.7,6.8,196,660,876,1176,1689,2142,2933,2436,5785,530
1774146141,2,711812.8,679675.7,116270.2,109346.9,33441.2,35074.4,38702.6,65733.5,104939.2,1232.1,28.4,6.5,1647,24.7,6.8,197,660,877,1176,1690,2142,2934,2436,5786,530
1774146439,2,709253.5,676560.1,115952.2,109215.0,33424.7,34958.6,38666.8,65661.1,104920.7,1290.5,28.4,6.5,1740,24.7,6.8,197,660,877,1176,1690,2142,2933,2437,5786,529
1774147043,2,1012701.2,965102.7,151991.5,142305.4,40248.6,41807.9,43518.4,72631.2,105385.5,67.0,28.2,5.9,49,24.5,6.0,197,660,876,1176,1689,2141,2932,2436,5783,529
1774147341,2,875740.8,834974.8,135999.9,127649.6,37471.7,39191.6,42088.8,71115.0,105383.2,118.0,28.3,6.1,202,24.6,6.3,197,660,877,1176,1690,2142,2933,2436,5784,529
1774147641,2,835500.2,799261.9,131154.3,123549.9,36571.7,38352.1,41578.7,70212.8,105371.4,176.6,28.3,6.2,292,24.6,6.4,197,661,877,1176,1690,2142,2933,2437,5785,529
1774147943,2,817928.1,780344.8,129061.0,121470.7,36102.7,37776.7,41054.2,69844.9,105354.2,226.6,28.3,6.2,331,24.6,6.5,197,660,876,1176,1689,2141,2932,2435,5782,529
1774148241,2,808109.9,771461.2,127822.4,120203.7,35813.6,37464.9,40896.7,69553.0,105334.5,267.1,28.3,6.3,462,24.6,6.5,197,660,876,1176,1689,2142,2933,2436,5784,530
1774148543,2,797460.9,763377.7,126748.6,119230.2,35606.0,37248.2,40710.3,69181.6,105315.4,322.5,28.3,6.3,507,24.6,6.6,197,660,877,1176,1690,2142,2933,2437,5785,529
1774148841,2,791493.9,758551.3,125960.4,118541.1,35341.1,37121.4,40559.0,68857.6,105295.8,361.1,28.3,6.3,599,24.6,6.6,197,660,876,1175,1689,2142,2932,2436,5783,529
1774149141,2,783384.2,747871.2,124767.2,117326.1,35251.3,36907.7,40378.9,68604.3,105275.3,416.4,28.3,6.3,671,24.6,6.6,196,660,876,1176,1689,2141,2932,2436,5783,530
1774149439,2,779181.8,743019.0,124142.7,116793.5,35088.9,36701.5,40249.8,68342.0,105255.1,480.2,28.3,6.4,712,24.6,6.6,197,660,877,1176,1689,2141,2933,2436,5784,529
1774149741,2,775807.8,739884.7,123827.9,116521.5,34943.4,36642.7,40140.2,68175.8,105235.1,523.4,28.2,6.4,764,24.6,6.7,196,660,877,1176,1690,2142,2933,2436,5784,530
1774150043,2,770785.7,735715.4,123267.8,115719.5,34845.7,36490.4,40048.8,67902.5,105215.2,584.1,28.2,6.4,844,24.6,6.7,196,660,876,1176,1689,2141,2932,2436,5783,529
1774150341,2,760429.8,725792.7,122219.1,114982.5,34702.3,36426.2,39951.8,67886.1,105195.3,637.2,28.2,6.4,935,24.6,6.7,196,660,876,1176,1689,2141,2931,2435,5782,529
1774150641,2,758388.6,723328.0,122165.4,114928.9,34609.7,36319.9,39861.4,67584.3,105176.3,696.1,28.2,6.4,995,24.6,6.6,197,660,876,1176,1689,2142,2932,2436,5783,530
1774150943,2,754953.3,720193.2,121526.1,114375.2,34543.2,36175.0,39753.0,67439.6,105156.8,743.9,28.2,6.4,1054,24.5,6.7,196,660,876,1176,1690,2142,2933,2436,5785,530
1774151241,2,755236.0,720158.7,121488.4,114093.9,34444.6,36028.8,39647.0,67275.3,105138.2,789.1,28.2,6.4,1106,24.5,6.7,197,660,876,1176,1690,2141,2932,2436,5783,529
1774151543,2,745701.0,712199.8,120550.1,113336.6,34390.6,36031.8,39623.3,67130.6,105119.9,851.2,28.2,6.4,1181,24.5,6.7,197,660,876,1176,1689,2141,2932,2436,5783,529
1774151841,2,749394.9,713791.9,120649.3,113438.9,34294.6,35904.0,39553.8,67156.0,105102.8,901.6,28.2,6.4,1244,24.5,6.7,197,660,876,1176,1689,2141,2931,2435,5782,529
1774152141,2,744760.5,711452.7,120207.6,113046.4,34222.4,35808.6,39437.9,66880.0,105087.0,951.3,28.2,6.4,1307,24.5,6.7,196,660,876,1176,1690,2142,2933,2436,5783,530
1774152441,2,741728.8,708083.8,120038.8,112716.3,34095.6,35702.2,39432.9,66843.1,105069.7,1000.9,28.2,6.5,1388,24.5,6.8,196,660,876,1176,1689,2142,2932,2436,5783,529
1774152741,2,740104.8,705319.3,119719.7,112393.9,34044.1,35649.9,39290.5,66612.7,105051.3,1059.4,28.2,6.4,1465,24.5,6.8,197,660,876,1175,1689,2141,2931,2435,5781,529
1774153043,2,732758.8,698643.9,118794.9,111791.0,33930.4,35553.8,39180.7,66564.6,105034.7,1128.7,28.2,6.5,1539,24.5,6.8,196,660,876,1176,1689,2141,2932,2436,5783,529
1774153341,2,734235.6,699646.6,119082.4,111790.0,33903.4,35516.5,39191.4,66356.8,105018.2,1180.8,28.1,6.4,1587,24.5,6.8,197,660,876,1176,1690,2142,2932,2436,5784,529
1774153643,2,726718.0,694782.6,118164.1,111359.8,33839.1,35351.7,39129.7,66288.6,105001.1,1230.0,28.1,6.5,1703,24.5,6.8,196,660,876,1176,1689,2141,2932,2435,5782,529
1774154243,2,1043507.1,993003.1,155163.8,145306.4,40888.4,42577.4,44040.7,73435.1,105654.7,39.8,28.0,5.8,66,24.3,5.9,197,660,876,1176,1690,2142,2933,2437,5784,529
1774154541,2,901729.2,860448.2,138620.4,130440.2,38019.2,39669.9,42552.4,71704.3,105652.4,101.0,28.0,6.1,172,24.3,6.2,197,660,876,1176,1690,2142,2933,2437,5785,530
1774154841,2,860188.3,820097.6,133740.8,125933.4,37106.2,38762.7,42022.1,70995.6,105640.8,153.8,28.0,6.1,260,24.4,6.4,196,660,876,1176,1690,2142,2932,2436,5785,529
1774155141,2,841816.5,805217.2,131975.3,124026.1,36606.1,38269.4,41614.8,70616.3,105624.7,196.7,28.1,6.2,324,24.4,6.4,197,660,876,1176,1690,2142,2933,2437,5785,529
1774155441,2,827559.7,790323.0,130357.3,122453.1,36308.1,37982.4,41414.5,70064.3,105607.7,246.8,28.1,6.3,428,24.4,6.5,197,660,876,1176,1690,2142,2933,2436,5784,530
1774155743,2,817973.1,782071.7,129088.8,121236.0,35999.3,37744.4,41238.3,69718.0,105589.3,310.3,28.1,6.3,486,24.4,6.5,197,660,876,1176,1689,2141,2931,2436,5782,530
1774156041,2,809201.6,774074.8,127901.9,120132.2,35750.7,37591.9,40926.8,69454.5,105570.7,357.9,28.0,6.3,514,24.4,6.6,197,660,876,1176,1690,2142,2933,2437,5785,530
1774156343,2,802657.2,765549.3,126927.5,119537.3,35644.0,37340.4,40800.4,69183.2,105552.1,403.2,28.0,6.3,597,24.4,6.6,197,660,876,1176,1689,2141,2932,2436,5781,529
1774156641,2,798246.5,760928.2,126103.3,118799.3,35431.1,37135.1,40682.8,68972.4,105533.9,470.7,28.0,6.3,699,24.4,6.6,196,660,876,1176,1689,2140,2931,2435,5781,529
1774156943,2,791314.7,755715.0,125443.6,118279.7,35329.2,36993.7,40411.5,68710.5,105515.3,509.2,28.0,6.3,746,24.4,6.6,196,660,876,1176,1689,2141,2932,2436,5782,529
1774157241,2,786835.8,751079.2,124961.8,117771.3,35227.9,36919.0,40360.8,68583.3,105497.2,554.9,28.0,6.3,851,24.4,6.6,196,660,876,1176,1689,2142,2933,2436,5784,529
1774157543,2,782179.3,748250.8,124757.2,117241.7,35044.0,36718.6,40261.5,68367.1,105478.8,616.2,28.0,6.4,886,24.4,6.7,197,660,876,1176,1689,2141,2933,2436,5785,529
1774157841,2,778675.2,742124.4,124209.8,116760.6,34953.0,36581.8,40155.1,68051.7,105461.4,665.5,28.0,6.4,970,24.4,6.7,196,660,876,1176,1690,2142,2932,2437,5784,530
1774158143,2,771912.4,735112.2,123290.8,116051.1,34869.1,36455.5,40059.8,67967.9,105444.0,715.6,28.0,6.4,1023,24.3,6.6,196,660,876,1176,1689,2141,2932,2436,5784,529
1774158441,2,767934.5,730797.3,122546.2,115484.4,34722.1,36372.8,39982.3,67791.5,105426.6,772.5,28.0,6.4,1110,24.4,6.7,197,660,876,1176,1689,2141,2932,2435,5782,529
1774158741,2,765342.3,728196.6,122334.4,115134.6,34644.4,36268.8,39917.5,67594.6,105409.3,823.3,28.0,6.4,1168,24.4,6.7,197,660,876,1176,1690,2142,2933,2437,5783,530
1774159041,2,761183.8,725269.3,122187.7,114943.8,34535.5,36143.8,39802.1,67365.6,105392.7,881.1,28.0,6.4,1234,24.3,6.7,197,660,876,1176,1690,2142,2933,2437,5784,529
1774159341,2,756214.2,722101.0,121361.1,114168.4,34474.8,35999.1,39647.4,67260.6,105375.9,934.1,28.0,6.4,1301,24.3,6.7,197,660,876,1176,1689,2142,2933,2436,5785,530
1774159643,2,750804.2,717043.9,121037.5,113664.1,34357.0,35889.0,39601.7,67024.1,105359.7,991.3,28.0,6.4,1357,24.3,6.7,197,660,876,1177,1691,2142,2934,2437,5786,529
1774159941,2,749276.4,712850.4,120509.3,113334.8,34264.0,35796.2,39486.1,66930.4,105344.0,1041.0,28.0,6.4,1453,24.3,6.7,196,660,876,1176,1689,2141,2931,2435,5782,530
1774160243,2,746381.5,712590.3,120353.6,113154.7,34193.4,35798.9,39427.1,66818.1,105327.1,1099.0,28.0,6.4,1503,24.3,6.8,196,660,876,1176,1689,2141,2932,2436,5782,529
1774160541,2,739836.0,708485.7,119857.1,112680.7,34068.9,35685.0,39384.5,66683.7,105310.6,1162.9,28.0,6.4,1544,24.3,6.7,197,660,876,1176,1689,2141,2931,2436,5783,529
1774160841,2,739312.9,705740.2,119361.9,112475.8,34034.0,35588.8,39316.1,66583.1,105294.9,1197.9,28.0,6.4,1647,24.3,6.8,196,660,876,1176,1690,2142,2933,2436,5785,530
1774161441,2,1053148.4,1002673.9,155681.7,145690.1,40877.3,42560.5,44034.5,73528.2,105782.9,54.3,27.8,5.8,29,24.1,5.9,196,660,876,1176,1690,2142,2933,2436,5784,530
1774161743,2,906647.2,862827.3,139121.3,130787.3,38047.0,39723.0,42625.0,71751.5,105782.3,104.0,27.9,6.1,201,24.2,6.2,197,660,876,1176,1690,2142,2933,2437,5784,530
1774162041,2,866142.2,825167.9,134592.0,126433.5,37067.0,38724.4,41998.1,70952.5,105771.5,144.0,27.9,6.1,285,24.3,6.3,197,660,876,1176,1690,2142,2933,2437,5784,529
1774162341,2,846704.3,807647.3,131896.0,124173.1,36582.4,38275.7,41647.8,70310.5,105756.2,195.5,27.9,6.2,300,24.3,6.4,196,660,876,1176,1690,2141,2932,2436,5784,529
1774162641,2,831373.4,793102.2,130334.6,122513.5,36225.4,37884.2,41375.5,70089.2,105739.0,247.7,28.0,6.2,388,24.3,6.5,197,660,876,1176,1689,2141,2932,2435,5783,529
1774162941,2,819624.2,785368.4,129222.3,121571.4,36028.4,37645.9,41126.1,69555.8,105721.4,307.7,28.0,6.3,475,24.3,6.5,197,660,876,1175,1689,2141,2931,2435,5781,530
1774163241,2,812144.8,775918.8,128130.1,120365.5,35798.0,37382.7,40920.6,69340.1,105703.0,344.6,28.0,6.2,531,24.3,6.6,197,660,876,1176,1689,2141,2932,2436,5783,529
1774163541,2,805402.4,770192.0,127432.5,119720.6,35616.4,37179.7,40723.7,69066.3,105685.1,400.6,28.0,6.3,611,24.3,6.6,197,660,876,1176,1689,2141,2933,2436,5783,530
1774163843,2,797559.5,763793.1,126446.2,119066.6,35452.1,37097.8,40658.5,68941.3,105667.3,460.2,28.0,6.3,683,24.3,6.6,196,660,876,1176,1689,2141,2931,2435,5782,530
1774164141,2,794993.2,757489.5,125822.4,118522.5,35298.8,36900.0,40433.0,68624.6,105649.6,492.4,28.0,6.3,752,24.3,6.6,196,660,876,1176,1689,2141,2932,2435,5782,529
