1781849275,2AC,656401.7,704575.3,93178.4,87983.7,22617.5,25710.4,23130.2,33651.1,105430.6,0.0,26.9,21.6,0,23.0,32.6,948,5415,6752,8665,10833,11259,12006,8141,30746,1757
1781849576,2AC,617813.8,659943.3,88722.4,83705.3,21823.0,24866.9,22650.6,33184.6,105464.9,0.0,27.0,22.4,0,23.1,33.5,948,5414,6751,8662,10830,11258,12007,8140,30745,1756
1781849874,2AC,596110.0,634800.5,85806.5,81374.1,21320.1,24202.8,22238.1,32780.1,105485.7,0.0,27.0,23.1,0,23.1,34.2,948,5416,6754,8665,10831,11259,12005,8140,30749,1756
1781850175,2AC,578283.3,615466.0,83804.0,79553.9,20946.5,23808.4,21971.9,32497.2,105496.4,0.0,27.1,23.6,0,23.2,34.8,948,5416,6754,8662,10829,11258,12007,8140,30747,1756
1781850475,2AC,561883.1,598123.2,82190.2,78123.0,20619.2,23529.1,21796.2,32321.6,105501.6,0.0,27.2,24.0,0,23.3,35.3,948,5416,6755,8663,10827,11255,12004,8139,30743,1758
1781850776,2AC,555479.6,589781.2,81282.1,77199.4,20446.8,23311.3,21648.0,32117.6,105503.0,0.0,27.2,24.4,0,23.4,35.7,948,5416,6756,8663,10829,11258,12005,8139,30748,1756
1781851077,2AC,548026.5,581379.2,80585.6,76434.1,20340.6,23098.4,21538.7,32080.1,105500.1,0.0,27.3,24.7,0,23.4,36.1,949,5419,6759,8666,10832,11260,12010,8142,30760,1757
1781851375,2AC,541863.4,574531.8,79865.3,75969.6,20212.4,22971.1,21443.5,31918.4,105494.6,0.0,27.3,25.0,0,23.4,36.4,949,5418,6759,8665,10831,11260,12008,8141,30755,1756
1781851675,2AC,537392.0,569344.3,79505.3,75540.0,20164.1,22894.5,21392.3,31970.0,105486.0,0.0,27.4,25.2,0,23.5,36.7,949,5419,6760,8666,10829,11258,12008,8140,30754,1756
1781851976,2AC,535434.4,566298.6,79103.7,75174.1,20046.8,22822.1,21365.5,31879.9,105475.5,0.0,27.4,25.5,0,23.5,37.0,949,5419,6761,8667,10831,11261,12008,8142,30759,1756
1781852276,2AC,530879.8,562347.8,78822.1,74922.5,20028.6,22774.2,21313.2,31878.7,105463.6,0.0,27.4,25.7,0,23.5,37.3,949,5422,6763,8668,10836,11265,12014,8145,30775,1758
1781852574,2AC,529348.5,560679.2,78643.1,74775.9,19986.0,22758.5,21317.4,31881.3,105450.6,0.0,27.4,25.9,0,23.6,37.5,950,5422,6765,8669,10835,11265,12016,8145,30773,1757
1781852875,2AC,524063.5,554866.4,78436.2,74611.8,19978.2,22731.7,21366.7,31887.4,105436.7,0.0,27.5,26.1,0,23.6,37.7,950,5421,6763,8668,10834,11264,12012,8144,30771,1757
1781853175,2AC,526559.2,557261.6,78504.2,74634.9,19992.9,22728.6,21347.2,32058.0,105422.2,0.0,27.5,26.2,0,23.6,37.9,950,5422,6765,8668,10835,11264,12014,8144,30773,1756
1781853476,2AC,525545.3,554371.1,78459.6,74512.7,19983.5,22719.9,21333.5,31985.6,105406.4,0.0,27.5,26.4,0,23.6,38.1,950,5423,6766,8668,10835,11265,12013,8145,30771,1756
1781853777,2AC,525715.9,555447.2,78370.2,74603.1,19995.5,22760.1,21352.0,32113.8,105389.7,0.0,27.5,26.6,0,23.6,38.3,949,5422,6764,8667,10832,11262,12010,8145,30769,1757
1781854075,2AC,524184.6,553643.3,78405.5,74552.2,20024.2,22762.1,21386.8,32069.7,105373.2,0.0,27.5,26.7,0,23.6,38.4,950,5423,6766,8669,10835,11267,12015,8146,30777,1756
1781854375,2AC,525201.3,554262.8,78461.5,74633.7,20052.0,22762.2,21398.1,32126.3,105355.1,0.0,27.5,26.8,0,23.7,38.6,950,5424,6768,8669,10838,11267,12017,8146,30784,1758
1781854676,2AC,521516.5,551988.2,78313.6,74612.2,20055.2,22788.7,21433.2,32167.0,105336.9,0.0,27.6,27.0,0,23.7,38.8,950,5425,6768,8672,10838,11269,12017,8147,30781,1757
1781854977,2AC,525524.1,555398.0,78678.3,74655.3,20081.9,22847.9,21455.8,32238.4,105318.5,0.0,27.5,27.1,0,23.7,38.9,949,5424,6767,8671,10835,11267,12016,8146,30784,1756
1781855274,2AC,526293.2,555579.5,78857.4,74983.4,20164.4,22854.5,21550.6,32357.4,105299.5,0.0,27.6,27.2,0,23.7,39.0,949,5425,6768,8672,10837,11267,12015,8147,30782,1758
1781855575,2AC,527502.3,555772.4,78840.4,74982.5,20206.4,22908.5,21622.1,32418.8,105280.6,0.0,27.6,27.4,0,23.7,39.2,950,5426,6768,8671,10836,11267,12017,8146,30781,1756
1781855876,2AC,527214.3,557038.5,78989.1,75101.3,20246.9,22946.5,21597.0,32497.7,105261.2,0.0,27.6,27.5,0,23.7,39.3,950,5426,6770,8672,10839,11270,12019,8148,30789,1758
1781856177,2AC,529225.6,558059.5,79046.9,75264.3,20287.7,22990.4,21663.9,32502.3,105241.0,0.0,27.6,27.5,0,23.7,39.4,950,5427,6771,8675,10839,11271,12018,8149,30792,1757
1781856474,2AC,530798.2,560147.9,79231.0,75402.0,20336.0,23048.9,21735.2,32593.3,105219.8,0.0,27.6,27.7,0,23.7,39.5,950,5428,6771,8674,10839,11270,12020,8148,30788,1759
1781856775,2AC,532121.9,561082.8,79500.5,75580.2,20393.9,23075.9,21725.4,32781.5,105198.9,0.0,27.6,27.8,0,23.8,39.7,950,5427,6770,8672,10837,11269,12018,8148,30784,1757
1781857076,2AC,532671.1,562324.2,79565.0,75668.5,20439.2,23110.9,21836.8,32809.8,105177.6,0.0,27.6,27.9,0,23.8,39.7,950,5428,6772,8675,10838,11270,12021,8150,30792,1757
1781857374,2AC,535478.1,562908.5,79848.1,75889.4,20476.4,23247.1,21815.7,32926.2,105156.4,0.0,27.6,28.0,0,23.8,39.9,950,5426,6771,8673,10838,11269,12019,8147,30783,1757
1781857675,2AC,536535.9,564702.1,80123.4,76042.4,20558.1,23310.8,21953.5,32964.3,105135.5,0.0,27.6,28.1,0,23.8,39.9,951,5427,6771,8673,10839,11269,12022,8149,30790,1757
1781857976,2AC,537875.2,566481.3,80393.3,76296.7,20601.5,23363.6,22003.5,33109.6,105114.3,0.0,27.7,28.2,0,23.8,40.1,950,5428,6773,8675,10842,11271,12021,8149,30794,1759
1781858277,2AC,540371.6,566992.6,80477.0,76591.6,20664.8,23401.4,22034.5,33262.8,105093.1,0.0,27.7,28.2,0,23.8,40.2,950,5428,6773,8676,10840,11273,12023,8151,30803,1758
1781858575,2AC,540825.6,570136.7,80752.8,76701.1,20705.4,23476.1,22111.5,33250.9,105070.5,0.0,27.7,28.3,0,23.8,40.3,950,5428,6774,8675,10842,11271,12024,8150,30796,1757
1781858875,2AC,542780.9,571280.6,81075.0,76972.7,20770.1,23563.6,22172.0,33421.7,105048.0,0.0,27.7,28.4,0,23.8,40.4,950,5427,6772,8674,10840,11271,12020,8149,30794,1759
1781859176,2AC,544772.4,572758.2,81230.7,77219.2,20816.2,23597.4,22250.0,33507.9,105025.6,0.0,27.7,28.5,0,23.8,40.4,951,5429,6774,8676,10845,11275,12025,8152,30802,1757
1781859474,2AC,546139.5,575391.8,81481.2,77549.4,20953.3,23654.5,22296.2,33662.4,105002.4,0.0,27.7,28.6,0,23.8,40.5,950,5427,6772,8673,10838,11269,12018,8147,30789,1756
1781859775,2AC,549032.8,576820.7,81892.8,77789.5,21009.2,23736.2,22480.6,33784.6,104979.7,0.0,27.7,28.7,0,23.8,40.6,950,5427,6772,8673,10838,11268,12018,8148,30790,1759
1781860076,2AC,552059.1,580170.7,82152.6,78075.1,21092.9,23841.9,22492.4,33821.8,104956.4,0.0,27.7,28.7,0,23.8,40.7,950,5430,6774,8677,10843,11272,12024,8150,30800,1758
1781860377,2AC,554793.4,582846.3,82353.3,78279.9,21122.6,23896.8,22606.6,33975.7,104933.3,0.0,27.7,28.8,0,23.8,40.8,950,5428,6775,8676,10839,11270,12021,8150,30793,1758
1781860675,2AC,555168.8,585028.0,82866.7,78655.8,21208.7,23981.3,22670.2,33995.0,104910.2,0.0,27.7,28.9,0,23.8,40.9,951,5431,6777,8680,10846,11277,12028,8154,30817,1760
1781860976,2AC,557234.8,587079.9,83107.7,78800.2,21304.2,24030.7,22815.5,34116.4,104887.1,0.0,27.7,29.0,0,23.8,40.9,951,5428,6774,8676,10842,11274,12025,8151,30799,1760
1781861274,2AC,560886.1,589019.4,83355.1,79094.6,21365.3,24172.4,22795.4,34394.2,104864.8,0.0,27.7,29.0,0,23.8,41.0,950,5429,6774,8677,10843,11275,12023,8150,30800,1758
1781861575,2AC,562364.1,591796.2,83726.9,79354.1,21459.1,24256.1,22919.7,34391.9,104842.2,0.0,27.7,29.1,0,23.8,41.1,951,5430,6777,8678,10843,11275,12025,8151,30806,1757
1781861876,2AC,565464.2,595456.0,84009.2,79815.7,21568.2,24341.3,23043.2,34566.7,104819.6,0.0,27.7,29.2,0,23.8,41.1,951,5430,6774,8677,10842,11273,12024,8150,30799,1757
1781862174,2AC,568441.2,597527.3,84487.4,80099.5,21634.9,24403.0,23046.5,34657.4,104796.0,0.0,27.7,29.2,0,23.8,41.2,950,5429,6774,8676,10839,11270,12022,8148,30792,1757
1781862475,2AC,570345.2,602071.8,84653.8,80533.8,21710.1,24513.0,23100.1,34771.6,104773.2,0.0,27.7,29.3,0,23.8,41.3,951,5431,6775,8678,10842,11272,12024,8151,30805,1758
1781862776,2AC,573532.8,603338.5,85060.0,80721.9,21781.3,24585.1,23219.2,34874.2,104751.3,0.0,27.7,29.4,0,23.8,41.3,951,5430,6777,8678,10844,11275,12027,8152,30810,1760
1781863074,2AC,576328.3,606492.1,85437.0,81033.4,21873.3,24671.4,23242.2,34952.0,104728.8,0.0,27.7,29.4,0,23.8,41.4,951,5430,6776,8678,10840,11271,12022,8149,30804,1760
1781863375,2AC,579839.7,609492.6,86017.9,81390.0,21934.2,24728.0,23384.7,35032.6,104705.4,0.0,27.7,29.5,0,23.8,41.5,950,5429,6774,8677,10841,11272,12023,8150,30799,1759
1781863676,2AC,582078.4,612195.8,86289.8,81733.4,22040.3,24829.2,23481.5,35280.7,104682.4,0.0,27.7,29.5,0,23.8,41.5,951,5431,6777,8679,10846,11276,12025,8152,30811,1758
1781863977,2AC,584669.8,615506.2,86613.7,82086.1,22096.1,24913.0,23542.0,35377.3,104660.3,0.0,27.7,29.6,0,23.8,41.6,951,5433,6779,8682,10847,11279,12030,8154,30819,1758
1781864274,2AC,587899.0,618566.8,86967.8,82302.5,22196.4,25011.4,23544.7,35479.5,104637.1,0.0,27.7,29.6,0,23.8,41.6,951,5431,6776,8679,10844,11275,12027,8153,30813,1760
1781864575,2AC,590431.2,621043.5,87545.4,82678.2,22337.3,25151.8,23704.1,35564.8,104614.5,0.0,27.7,29.6,0,23.8,41.7,951,5432,6778,8681,10848,11279,12028,8153,30815,1759
1781864876,2AC,592336.6,622446.1,88118.6,82925.2,22413.9,25203.9,23792.6,35661.9,104593.0,0.0,27.7,29.7,0,23.8,41.8,951,5431,6775,8678,10842,11274,12025,8151,30806,1758
1781865174,2AC,596295.0,625173.7,88516.5,83306.0,22490.5,25314.1,23894.0,35864.2,104570.1,0.0,27.7,29.8,0,23.8,41.8,951,5434,6780,8683,10848,11279,12032,8155,30817,1759
1781865475,2AC,600381.2,628617.7,88820.5,83668.9,22566.5,25392.3,23937.3,36004.9,104547.3,0.0,27.7,29.8,0,23.8,41.8,951,5432,6779,8681,10845,11277,12029,8153,30815,1760
1781865776,2AC,601998.5,633420.2,89297.0,84370.4,22662.7,25488.4,23983.9,36148.0,104524.4,0.0,27.7,29.9,0,23.8,41.9,951,5433,6779,8683,10849,11277,12029,8154,30815,1759
1781866077,2AC,605845.8,635732.5,89555.3,84679.6,22733.5,25588.7,24135.9,36266.8,104502.2,0.0,27.7,29.9,0,23.8,42.0,951,5433,6780,8683,10849,11278,12032,8154,30820,1759
1781866375,2AC,607783.5,639022.2,89923.4,84977.1,22832.2,25712.2,24240.7,36403.9,104480.1,0.0,27.7,30.0,0,23.8,42.0,951,5432,6778,8682,10845,11276,12029,8153,30817,1758
1781866676,2AC,612680.8,642081.9,90331.4,85298.4,22889.3,25781.8,24338.7,36482.1,104458.9,0.0,27.7,30.0,0,23.8,42.1,951,5432,6777,8681,10848,11277,12031,8153,30816,1759
1781866977,2AC,614652.6,645952.9,90889.5,85869.6,22985.4,25852.1,24409.4,36576.6,104436.5,0.0,27.7,30.0,0,23.8,42.1,951,5434,6780,8684,10848,11279,12032,8155,30820,1759
1781867275,2AC,617649.1,649212.4,91146.5,86269.5,23085.0,25958.1,24470.6,36725.4,104415.0,0.0,27.7,30.1,0,23.8,42.1,951,5434,6780,8684,10848,11279,12031,8155,30821,1759
1781867576,2AC,621709.9,652959.6,91591.0,86632.2,23200.6,26021.6,24526.5,36906.8,104393.2,0.0,27.7,30.1,0,23.8,42.2,952,5435,6781,8686,10848,11281,12032,8154,30822,1759
1781867877,2AC,623488.9,656630.7,92105.2,86990.1,23303.2,26201.0,24685.3,37068.8,104372.6,0.0,27.7,30.2,0,23.8,42.3,951,5435,6781,8685,10852,11283,12036,8158,30828,1760
1781868175,2AC,628761.9,661610.7,92488.7,87492.1,23397.2,26273.7,24735.5,37214.0,104352.1,0.0,27.7,30.2,0,23.8,42.3,951,5435,6781,8686,10848,11281,12033,8156,30829,1761
1781868476,2AC,631731.3,664701.0,92965.5,87763.0,23474.7,26379.9,24837.9,37374.9,104331.1,0.0,27.7,30.2,0,23.8,42.3,951,5435,6782,8688,10852,11282,12033,8157,30824,1761
1781868774,2AC,635963.2,668274.2,93194.2,88114.2,23557.9,26480.9,24912.3,37423.2,104309.5,0.0,27.6,30.3,0,23.8,42.4,951,5435,6782,8685,10851,11282,12036,8157,30832,1761
1781869075,2AC,637360.9,670453.4,93900.3,88574.2,23658.8,26567.5,25009.3,37466.5,104287.6,0.0,27.7,30.3,0,23.8,42.4,951,5435,6781,8686,10851,11284,12035,8158,30834,1761
1781869376,2AC,641271.8,673599.3,94086.7,88926.9,23714.2,26636.8,25142.9,37646.7,104267.4,0.0,27.7,30.3,0,23.8,42.4,952,5437,6784,8688,10852,11285,12037,8159,30834,1759
1781869676,2AC,644090.7,677893.8,94764.9,89552.6,23817.5,26753.6,25137.8,37791.9,104247.4,0.0,27.7,30.4,0,23.8,42.5,951,5435,6780,8684,10849,11281,12031,8156,30822,1760
1781869974,2AC,647108.3,680334.2,95169.0,89832.5,23974.5,26812.4,25308.6,37960.5,104227.0,0.0,27.7,30.4,0,23.8,42.5,952,5438,6784,8689,10856,11288,12039,8161,30844,1760
1781870275,2AC,650419.1,685841.9,95429.5,90411.1,24054.8,26956.3,25352.4,38082.5,104205.7,0.0,27.7,30.5,0,23.8,42.6,952,5438,6783,8690,10852,11285,12037,8159,30834,1761
1781870576,2AC,653755.9,687758.8,95946.5,90644.7,24127.3,27046.7,25438.4,38139.4,104185.2,0.0,27.6,30.5,0,23.8,42.6,951,5436,6783,8687,10851,11282,12034,8156,30825,1761
1781870874,2AC,658760.9,690238.6,96282.8,91306.2,24222.9,27120.2,25605.5,38332.3,104164.2,0.0,27.7,30.5,0,23.8,42.7,952,5438,6785,8691,10853,11286,12036,8159,30838,1759
1781871175,2AC,662416.2,696482.2,96764.0,91625.2,24349.9,27217.3,25645.0,38462.2,104144.4,0.0,27.6,30.5,0,23.8,42.7,952,5438,6785,8691,10856,11286,12039,8161,30849,1760
1781871476,2AC,664464.2,697683.3,97124.6,92337.7,24394.7,27359.3,25724.6,38636.2,104124.5,0.0,27.6,30.6,0,23.8,42.7,952,5439,6786,8691,10857,11289,12043,8160,30848,1760
1781871774,2AC,669515.2,702334.2,97606.8,92504.0,24490.6,27475.2,25803.3,38795.1,104104.8,0.0,27.7,30.6,0,23.8,42.8,952,5440,6786,8693,10858,11288,12040,8161,30844,1762
1781872075,2AC,672553.6,705430.8,97936.1,93014.4,24590.9,27560.3,25928.6,38920.5,104085.7,0.0,27.6,30.6,0,23.8,42.8,952,5439,6785,8693,10855,11287,12038,8160,30843,1762
1781872376,2AC,676446.3,709343.7,98498.9,93388.5,24656.9,27668.3,26029.9,38918.7,104067.7,0.0,27.7,30.7,0,23.8,42.8,951,5437,6784,8690,10851,11283,12034,8157,30829,1761
1781872677,2AC,679329.1,713094.9,98923.5,93781.3,24768.5,27753.7,26132.0,39170.4,104049.2,0.0,27.7,30.7,0,23.8,42.8,952,5438,6785,8691,10855,11287,12039,8160,30840,1761
1781872975,2AC,682360.3,716419.6,99185.3,94276.7,24836.9,27858.8,26151.4,39205.7,104031.8,0.0,27.7,30.8,0,23.8,42.9,952,5439,6785,8693,10856,11288,12041,8162,30844,1760
1781873276,2AC,686326.0,722140.2,99668.9,94435.2,24942.0,27928.6,26229.6,39355.5,104013.8,0.0,27.7,30.8,0,23.8,42.9,951,5439,6786,8691,10854,11287,12039,8160,30842,1760
1781873576,2AC,689210.8,726302.3,100094.3,95104.1,25026.8,28029.5,26365.8,39548.7,103995.4,0.0,27.7,30.8,0,23.8,42.9,952,5438,6785,8691,10855,11286,12038,8159,30838,1761
1781873874,2AC,691366.6,728685.3,100481.3,95377.9,25120.6,28139.3,26467.7,39689.6,103977.5,0.0,27.7,30.8,0,23.8,43.0,952,5440,6787,8693,10857,11290,12039,8162,30846,1760
1781874175,2AC,697535.8,732484.4,100907.5,95912.7,25208.5,28217.1,26447.5,39753.3,103958.7,0.0,27.7,30.9,0,23.8,43.0,952,5438,6785,8691,10855,11286,12038,8160,30844,1760
1781874476,2AC,700817.4,738043.9,101339.7,96221.6,25321.4,28302.2,26580.3,39826.6,103940.8,0.0,27.7,30.9,0,23.8,43.1,952,5439,6785,8691,10853,11284,12038,8158,30836,1760
1781874774,2AC,705077.3,740893.0,101756.7,96626.9,25384.8,28442.3,26730.2,40021.7,103921.3,0.0,27.7,30.9,0,23.8,43.1,952,5438,6784,8691,10854,11287,12039,8160,30839,1760
1781875075,2AC,707310.5,745822.8,102592.1,96934.2,25484.5,28516.8,26787.5,40171.1,103903.9,0.0,27.7,30.9,0,23.8,43.1,952,5437,6784,8688,10852,11282,12035,8157,30832,1759
1781875376,2AC,711646.2,747212.8,102796.4,97406.2,25609.6,28594.9,26794.2,40407.1,103885.8,0.0,27.7,31.0,0,23.8,43.2,952,5439,6785,8690,10853,11284,12037,8158,30836,1759
1781875674,2AC,714634.8,752362.2,103255.0,97753.1,25702.7,28683.2,26954.8,40467.8,103868.1,0.0,27.7,31.0,0,23.8,43.2,952,5439,6787,8692,10856,11287,12040,8160,30842,1760
1781875975,2AC,718335.8,755335.2,103574.4,98138.7,25769.5,28797.0,27034.4,40488.3,103850.5,0.0,27.7,31.0,0,23.8,43.2,952,5437,6783,8690,10853,11284,12037,8158,30837,1760
1781876276,2AC,722784.2,759851.0,104208.7,98762.4,25885.8,28864.0,27109.9,40761.1,103832.4,0.0,27.7,31.1,0,23.8,43.3,952,5439,6784,8691,10854,11285,12037,8159,30838,1762
1781876574,2AC,725976.5,765611.6,104497.7,98898.3,25969.8,28975.2,27228.5,40890.4,103814.0,0.0,27.7,31.1,0,23.8,43.3,952,5440,6787,8694,10856,11288,12043,8162,30853,1762
1781876875,2AC,729466.3,769273.2,104985.4,99210.9,26053.2,29103.6,27290.6,41054.8,103796.1,0.0,27.7,31.1,0,23.8,43.3,952,5441,6787,8695,10858,11289,12042,8162,30847,1762
1781877176,2AC,732299.3,770390.2,105396.4,99889.6,26134.0,29167.7,27349.5,41158.5,103778.4,0.0,27.7,31.2,0,23.8,43.3,952,5440,6787,8694,10859,11289,12042,8162,30846,1761
1781877474,2AC,737026.0,773984.0,105807.2,100230.6,26239.9,29258.1,27473.5,41351.3,103760.9,0.0,27.7,31.2,0,23.8,43.3,952,5440,6789,8695,10859,11289,12042,8162,30852,1760
1781877775,2AC,741558.5,780046.7,106316.6,100830.3,26324.8,29354.3,27618.7,41417.6,103743.0,0.0,27.7,31.2,0,23.8,43.4,952,5440,6788,8694,10858,11291,12043,8163,30852,1762
1781878076,2AC,744541.0,784199.6,106917.1,101193.6,26436.5,29466.5,27621.2,41583.0,103725.5,0.0,27.7,31.2,0,23.8,43.4,952,5440,6787,8693,10857,11287,12041,8161,30844,1762
1781878374,2AC,747092.8,786811.2,107135.1,101334.5,26558.0,29578.9,27740.2,41633.4,103708.2,0.0,27.6,31.2,0,23.8,43.4,952,5441,6788,8695,10860,11291,12044,8163,30858,1763
1781878675,2AC,751207.9,790249.0,107764.0,101974.4,26651.4,29658.9,27780.7,41762.8,103691.5,0.0,27.7,31.2,0,23.8,43.5,952,5441,6789,8696,10860,11292,12044,8164,30854,1763
1781878977,2AC,755985.2,795111.8,108259.5,102372.0,26738.4,29748.7,27874.9,42003.7,103674.5,0.0,27.7,31.3,0,23.8,43.5,952,5439,6787,8693,10859,11288,12042,8161,30849,1760
1781879275,2AC,761521.7,799337.2,108730.9,102780.4,26843.8,29837.4,27946.0,42128.5,103657.5,0.0,27.7,31.3,0,23.8,43.5,952,5441,6788,8695,10859,11290,12041,8162,30850,1761
1781879576,2AC,763701.8,802380.2,109471.1,103186.7,26935.0,29958.6,28100.0,42199.5,103641.1,0.0,27.6,31.3,0,23.8,43.5,952,5441,6786,8694,10859,11290,12042,8162,30850,1761
1781879877,2AC,766938.5,806540.6,109810.0,103531.5,27025.5,30058.1,28140.6,42460.3,103624.6,0.0,27.7,31.3,0,23.8,43.6,952,5439,6786,8692,10857,11289,12042,8161,30853,1762
1781880175,2AC,773071.5,810984.8,110293.9,104083.5,27114.1,30118.8,28222.5,42290.7,103608.5,0.0,27.7,31.3,0,23.8,43.6,952,5440,6788,8694,10856,11288,12040,8160,30849,1762
1781880476,2AC,774780.2,817023.9,110772.8,104487.6,27208.1,30264.1,28369.0,42641.4,103592.4,0.0,27.7,31.4,0,23.8,43.6,952,5441,6789,8694,10856,11289,12042,8162,30847,1762
1781880774,2AC,778125.4,817901.9,111225.8,104852.9,27259.8,30338.0,28430.4,42821.1,103575.7,0.0,27.7,31.4,0,23.8,43.6,952,5440,6788,8695,10858,11290,12043,8162,30851,1760
1781881075,2AC,781486.8,822022.5,111569.2,105459.5,27385.5,30437.0,28525.7,42842.9,103559.3,0.0,27.7,31.4,0,23.8,43.6,952,5441,6788,8695,10858,11288,12042,8161,30853,1760
1781881376,2AC,785263.8,825616.1,111989.2,105935.1,27520.0,30518.7,28645.3,42922.4,103542.6,0.0,27.6,31.4,0,23.8,43.7,953,5443,6790,8698,10863,11294,12046,8164,30862,1760
1781881674,2AC,788050.9,829796.4,112519.3,106443.4,27620.8,30604.8,28670.3,43343.5,103525.9,0.0,27.6,31.5,0,23.8,43.7,953,5440,6788,8694,10858,11289,12040,8161,30844,1760
1781881975,2AC,791819.2,834329.0,112762.2,106558.4,27705.1,30746.0,28732.7,43327.9,103510.0,0.0,27.6,31.5,0,23.8,43.7,952,5439,6786,8693,10859,11289,12042,8162,30853,1762
1781882276,2AC,797383.1,839649.2,113392.3,107253.2,27797.3,30810.2,28840.8,43350.0,103493.8,0.0,27.7,31.5,0,23.8,43.7,952,5441,6789,8695,10860,11291,12042,8163,30853,1761
1781882577,2AC,800249.7,841694.2,113801.7,107556.0,27873.1,30938.0,28886.2,43642.4,103477.3,0.0,27.7,31.5,0,23.8,43.8,952,5441,6788,8697,10860,11292,12044,8163,30859,1760
1781882875,2AC,804221.7,847142.2,114253.8,108310.6,27962.1,31019.9,29047.4,43816.1,103460.7,0.0,27.6,31.5,0,23.8,43.8,952,5442,6789,8697,10860,11289,12043,8162,30855,1761
1781883175,2AC,808460.7,851017.3,114719.7,108768.7,28097.6,31102.3,29115.6,43794.9,103444.2,0.0,27.6,31.6,0,23.8,43.8,952,5440,6788,8696,10859,11289,12042,8162,30855,1762
1781883476,2AC,807138.6,850456.8,114966.8,108946.8,28135.8,31208.1,29212.4,44065.8,103428.9,0.0,27.6,31.6,0,23.8,43.8,952,5440,6788,8695,10859,11289,12043,8162,30850,1761
1781883774,2AC,815986.2,859550.9,115525.4,109525.9,28247.0,31330.9,29297.3,44215.4,103413.5,0.0,27.6,31.6,0,23.8,43.8,953,5444,6791,8700,10864,11296,12048,8167,30867,1762
1781884075,2AC,818951.8,863057.8,116028.6,109921.4,28362.7,31378.2,29381.2,44318.4,103397.8,0.0,27.6,31.6,0,23.8,43.9,952,5442,6789,8697,10860,11292,12043,8163,30854,1761
1781884376,2AC,823280.6,866179.5,116386.0,110308.4,28426.9,31484.3,29518.9,44368.1,103382.0,0.0,27.6,31.6,0,23.8,43.9,952,5442,6789,8697,10862,11292,12045,8164,30862,1761
1781884674,2AC,826672.3,868822.1,116781.0,110827.0,28541.5,31563.6,29609.8,44498.7,103367.6,0.0,27.6,31.6,0,23.7,43.9,952,5441,6787,8695,10856,11289,12042,8161,30849,1760
1781884975,2AC,830615.9,875721.6,117251.9,111135.0,28614.4,31690.7,29729.4,44533.3,103352.6,0.0,27.6,31.7,0,23.8,43.9,952,5443,6790,8699,10862,11294,12046,8165,30860,1763
1781885276,2AC,835257.8,878627.2,117815.9,111527.5,28704.0,31775.4,29807.1,44778.6,103337.5,0.0,27.6,31.7,0,23.8,43.9,953,5444,6790,8700,10862,11295,12046,8165,30863,1761
1781885577,2AC,839596.8,883962.2,118300.3,111983.5,28820.7,31907.5,29851.2,44984.2,103322.8,0.0,27.6,31.7,0,23.8,43.9,952,5442,6788,8696,10859,11287,12041,8160,30852,1760
1781885875,2AC,842775.4,888289.4,118658.0,112322.0,28897.5,31976.8,29895.3,45075.7,103308.1,0.0,27.6,31.7,0,23.8,44.0,952,5442,6790,8699,10861,11293,12047,8163,30860,1760
1781886176,2AC,847378.9,890212.7,119269.9,112770.9,28982.4,32096.7,29986.5,45137.7,103293.4,0.0,27.6,31.7,0,23.8,44.0,953,5443,6791,8699,10861,11292,12046,8165,30864,1761
1781886476,2AC,849402.8,894226.2,119600.5,113253.0,29056.4,32161.2,30025.8,45389.7,103279.0,0.0,27.6,31.8,0,23.8,44.0,952,5443,6791,8699,10865,11296,12049,8165,30870,1764
1781886774,2AC,853711.6,899781.2,120051.9,113617.2,29162.0,32289.5,30228.3,45335.7,103264.1,0.0,27.6,31.8,0,23.7,44.0,952,5443,6790,8699,10864,11292,12045,8164,30862,1761
1781887075,2AC,859291.3,903435.6,120601.6,114109.5,29256.7,32329.9,30285.2,45571.6,103250.3,0.0,27.6,31.8,0,23.8,44.1,953,5444,6791,8700,10861,11294,12047,8164,30862,1761
1781887376,2AC,860415.2,904651.8,121017.5,114420.1,29326.7,32440.2,30403.4,45602.1,103235.8,0.0,27.6,31.8,0,23.8,44.1,952,5442,6790,8698,10862,11293,12047,8165,30861,1762
1781887674,2AC,866841.6,912156.8,121245.4,114766.2,29419.3,32544.2,30465.6,45792.0,103220.8,0.0,27.6,31.8,0,23.8,44.1,952,5442,6789,8698,10863,11295,12047,8166,30863,1762
1781887975,2AC,867648.2,914681.3,121731.1,115184.0,29495.8,32623.3,30634.6,46061.5,103205.6,0.0,27.6,31.8,0,23.7,44.1,952,5443,6791,8700,10863,11296,12047,8166,30869,1762
1781888276,2AC,874367.8,918936.2,122162.6,115593.2,29587.5,32755.4,30711.9,46200.9,103192.0,0.0,27.6,31.9,0,23.8,44.1,953,5444,6791,8700,10866,11296,12048,8165,30867,1761
1781888574,2AC,877283.2,922333.8,122543.0,116138.7,29703.2,32884.0,30771.6,46233.7,103177.0,0.0,27.6,31.9,0,23.7,44.1,953,5445,6793,8702,10865,11299,12052,8167,30877,1762
1781888875,2AC,876688.3,923168.3,122855.8,116392.5,29778.5,32905.2,30767.4,46329.6,103162.5,0.0,27.6,31.9,0,23.8,44.2,953,5442,6790,8698,10862,11292,12045,8163,30859,1760
1781889176,2AC,884781.8,931631.2,123532.5,116903.3,29848.5,33020.8,31014.4,46508.9,103148.5,0.0,27.6,31.9,0,23.7,44.2,953,5444,6792,8701,10864,11296,12048,8166,30869,1761
1781889474,2AC,889686.3,937819.3,123950.4,117488.7,29969.3,33123.4,31010.1,46685.1,103134.5,0.0,27.6,31.9,0,23.8,44.2,953,5445,6795,8702,10867,11298,12052,8167,30873,1761
1781889775,2AC,894009.8,940394.8,124461.1,117656.5,30038.1,33187.2,31059.1,46949.7,103119.7,0.0,27.6,31.9,0,23.8,44.2,953,5445,6794,8704,10868,11299,12054,8168,30877,1762
1781890076,2AC,896545.8,944622.2,125031.4,118234.1,30138.3,33277.4,31173.6,46974.4,103104.0,0.0,27.6,31.9,0,23.7,44.2,953,5446,6794,8703,10866,11298,12052,8167,30876,1763
1781890375,2AC,901074.5,946362.7,125583.9,118637.8,30234.1,33371.5,31182.8,47020.0,103088.0,0.0,27.6,32.0,0,23.7,44.3,953,5444,6791,8701,10864,11294,12048,8166,30865,1761
1781890676,2AC,905140.4,952229.8,126026.2,119055.1,30338.3,33508.9,31388.1,47242.9,103072.6,0.0,27.6,32.0,0,23.7,44.3,953,5444,6792,8701,10862,11295,12047,8165,30870,1761
1781890977,2AC,907707.7,956964.6,126320.2,119512.3,30421.9,33633.7,31428.1,47224.6,103056.9,0.0,27.6,32.0,0,23.7,44.3,953,5444,6792,8701,10861,11293,12047,8165,30863,1762
1781891275,2AC,911797.8,960256.2,126785.0,119957.6,30506.1,33681.9,31449.3,47642.2,103041.4,0.0,27.6,32.0,0,23.7,44.3,953,5446,6792,8703,10866,11296,12049,8166,30870,1762
1781891576,2AC,915772.4,964744.5,127089.8,120150.2,30606.6,33768.9,31645.8,47595.6,103026.3,0.0,27.6,32.1,0,23.7,44.3,953,5446,6794,8704,10865,11298,12051,8167,30874,1762
1781891877,2AC,917656.2,967422.8,127734.9,120650.9,30677.0,33902.5,31693.5,47916.3,103011.5,0.0,27.6,32.0,0,23.7,44.3,953,5446,6794,8705,10869,11301,12054,8170,30883,1762
1781892175,2AC,923809.5,972582.5,128072.0,121193.6,30775.1,33988.7,31728.4,47917.9,102996.6,0.0,27.6,32.1,0,23.7,44.4,953,5446,6793,8704,10866,11297,12050,8166,30878,1761
1781892476,2AC,928480.0,976489.8,128597.8,121509.3,30878.4,34066.9,31876.4,47963.5,102981.9,0.0,27.6,32.1,0,23.7,44.4,953,5445,6793,8703,10866,11297,12050,8166,30873,1762
1781892777,2AC,931104.8,979425.4,129260.1,121793.0,30937.7,34181.2,31890.4,48307.0,102967.3,0.0,27.6,32.1,0,23.7,44.4,953,5446,6793,8704,10865,11296,12049,8166,30869,1761
1781893075,2AC,936821.1,984799.1,129449.2,122512.0,31043.9,34298.6,32001.2,48265.5,102952.4,0.0,27.6,32.1,0,23.7,44.4,953,5445,6792,8703,10864,11296,12050,8166,30870,1761
1781893376,2AC,934188.2,985581.4,129628.1,122685.3,31130.0,34389.5,32123.1,48249.2,102938.8,0.0,27.6,32.1,0,23.7,44.4,953,5446,6793,8704,10868,11297,12052,8166,30874,1762
1781893677,2AC,939960.1,990301.8,130015.1,123306.7,31209.0,34463.6,32308.8,48423.4,102924.4,0.0,27.6,32.1,0,23.7,44.4,953,5447,6794,8705,10869,11299,12053,8168,30880,1762
1781893975,2AC,943146.8,993575.8,130639.3,123382.1,31318.4,34555.4,32360.1,48775.9,102910.6,0.0,27.5,32.2,0,23.7,44.4,953,5446,6794,8706,10869,11299,12054,8168,30879,1762
1781894275,2AC,950969.8,1000708.8,131249.6,124078.3,31386.1,34674.6,32284.7,48641.7,102897.1,0.0,27.6,32.2,0,23.7,44.5,954,5446,6793,8706,10867,11300,12053,8168,30881,1764
1781894576,2AC,951505.8,1001406.8,131487.3,124540.0,31510.2,34738.5,32465.2,48978.1,102884.8,0.0,27.6,32.2,0,23.7,44.5,953,5446,6794,8705,10867,11300,12052,8168,30878,1764
1781894874,2AC,959671.9,1010433.4,132140.8,125040.3,31586.7,34862.1,32503.7,49086.2,102870.9,0.0,27.6,32.2,0,23.7,44.5,953,5445,6792,8703,10866,11296,12049,8166,30872,1763
1781895175,2AC,962309.2,1013350.4,132826.3,125232.5,31666.6,34958.2,32572.3,49201.7,102858.2,0.0,27.6,32.2,0,23.7,44.5,953,5445,6793,8704,10867,11298,12052,8167,30873,1764
1781895477,2AC,967011.8,1017689.2,132992.8,125486.3,31787.9,35022.8,32691.2,49308.2,102844.9,0.0,27.5,32.2,0,23.7,44.5,953,5447,6794,8706,10870,11300,12055,8170,30879,1762
1781895775,2AC,969478.7,1020468.8,133637.6,126104.4,31890.9,35109.7,32717.8,49352.4,102832.6,0.0,27.6,32.2,0,23.7,44.5,954,5448,6796,8708,10869,11299,12054,8169,30881,1762
1781896076,2AC,973198.8,1026835.2,134031.8,126585.2,31939.1,35254.4,32796.6,49604.9,102820.4,0.0,27.6,32.2,0,23.7,44.6,953,5447,6794,8706,10866,11297,12053,8168,30874,1762
1781896377,2AC,978149.3,1030512.5,134491.9,127034.1,32048.1,35330.5,32874.1,49646.2,102807.7,0.0,27.6,32.2,0,23.7,44.6,954,5448,6796,8709,10871,11302,12056,8171,30886,1763
1781896675,2AC,982103.5,1033714.2,134592.1,127472.2,32098.8,35405.6,33035.8,49737.1,102795.3,0.0,27.6,32.2,0,23.7,44.6,953,5447,6794,8707,10869,11299,12054,8169,30879,1763
1781896976,2AC,984476.0,1036671.5,135262.3,127912.6,32217.1,35473.0,33124.2,50044.6,102782.5,0.0,27.5,32.3,0,23.7,44.6,953,5448,6795,8707,10867,11298,12052,8168,30878,1762
1781897277,2AC,989717.0,1043378.2,135748.6,128281.8,32314.2,35586.9,33128.4,50177.3,102770.2,0.0,27.6,32.3,0,23.7,44.6,953,5447,6795,8707,10871,11301,12056,8170,30883,1762
1781897575,2AC,992272.6,1043386.6,136164.9,128531.0,32386.4,35667.8,33157.2,50495.7,102758.2,0.0,27.5,32.3,0,23.7,44.6,953,5447,6795,8707,10866,11297,12052,8168,30873,1761
1781897876,2AC,996462.7,1048617.9,136635.3,128950.7,32471.0,35794.9,33233.6,50580.8,102746.1,0.0,27.5,32.3,0,23.7,44.6,954,5449,6797,8709,10872,11304,12059,8172,30891,1763
1781898177,2AC,1000689.0,1053809.4,136923.2,129256.3,32559.8,35868.0,33406.1,50589.0,102733.5,0.0,27.5,32.3,0,23.7,44.6,953,5448,6796,8708,10869,11300,12056,8169,30879,1762
1781898474,2AC,1004682.7,1058399.4,137408.5,129812.2,32643.8,35967.0,33413.7,50643.8,102721.2,0.0,27.6,32.3,0,23.7,44.7,953,5447,6795,8706,10870,11303,12058,8170,30888,1765
1781898775,2AC,1007318.3,1060214.4,138026.5,130086.3,32745.0,36078.8,33509.9,50775.8,102709.4,0.0,27.5,32.4,0,23.7,44.7,953,5446,6794,8704,10867,11299,12054,8168,30878,1764
1781899076,2AC,1012799.6,1066961.9,138339.3,130644.2,32815.8,36160.0,33624.0,50914.6,102697.4,0.0,27.5,32.3,0,23.7,44.7,954,5449,6797,8709,10873,11305,12057,8172,30894,1765
1781899374,2AC,1014431.4,1068692.1,138549.6,130972.9,32907.6,36234.4,33673.8,51027.5,102684.9,0.0,27.5,32.4,0,23.7,44.7,953,5449,6797,8708,10871,11303,12058,8170,30891,1763
1781899675,2AC,1019159.2,1073846.2,139321.3,131548.2,32972.2,36331.8,33732.1,51156.0,102673.7,0.0,27.5,32.4,0,23.7,44.7,953,5449,6798,8708,10871,11305,12057,8171,30893,1763
1781899976,2AC,1023699.8,1076411.0,139576.4,131824.1,33095.2,36425.4,33864.8,51335.0,102662.1,0.0,27.5,32.3,0,23.7,44.7,953,5449,6796,8709,10871,11303,12057,8170,30890,1762
1781900274,2AC,1026459.9,1081303.6,140008.8,132384.9,33195.4,36525.4,33951.7,51265.8,102650.1,0.0,27.5,32.4,0,23.7,44.7,954,5449,6798,8710,10873,11305,12059,8172,30898,1765
1781900575,2AC,1031878.0,1083343.1,140542.9,132670.5,33235.9,36587.7,34043.4,51473.0,102638.1,0.0,27.5,32.4,0,23.7,44.7,954,5450,6798,8709,10873,11305,12059,8172,30897,1765
1781900876,2AC,1034825.2,1085589.0,140838.3,133024.1,33364.7,36665.8,34078.4,51645.8,102626.2,0.0,27.5,32.4,0,23.7,44.7,953,5448,6796,8707,10871,11300,12056,8170,30887,1763
1781901177,2AC,1038184.8,1092950.9,141334.5,133484.5,33432.4,36778.1,34211.8,51889.6,102614.2,0.0,27.5,32.4,0,23.7,44.7,954,5450,6799,8711,10876,11307,12064,8174,30902,1764
1781901475,2AC,1042078.0,1096982.4,141922.0,133875.8,33545.7,36878.3,34323.4,51910.3,102603.0,0.0,27.5,32.4,0,23.7,44.7,954,5450,6799,8711,10873,11304,12057,8171,30893,1763
1781901776,2AC,1046247.7,1098775.0,141843.7,134101.9,33630.5,36969.2,34357.7,52082.5,102591.7,0.0,27.5,32.4,0,23.7,44.8,954,5451,6800,8712,10876,11308,12062,8174,30904,1765
1781902077,2AC,1051902.6,1104110.6,142532.5,134509.2,33689.1,37007.4,34385.3,52129.7,102580.2,0.0,27.5,32.4,0,23.7,44.8,954,5450,6799,8711,10875,11304,12061,8173,30899,1765
1781902375,2AC,1054596.1,1104831.0,143033.4,134982.1,33752.1,37137.9,34586.7,52290.2,102569.0,0.0,27.5,32.5,0,23.7,44.8,954,5451,6799,8713,10875,11307,12061,8174,30898,1766
1781902676,2AC,1058805.6,1112588.0,143570.5,135282.8,33887.8,37231.8,34651.3,52290.6,102558.2,0.0,27.5,32.5,0,23.7,44.8,953,5450,6797,8710,10872,11304,12059,8172,30894,1764
1781902977,2AC,1060817.9,1113495.0,143724.9,135982.8,33939.1,37310.2,34696.7,52623.5,102547.5,0.0,27.5,32.5,0,23.7,44.8,954,5453,6802,8714,10880,11310,12066,8176,30913,1764
1781903275,2AC,1064411.9,1117068.9,144520.1,135896.0,34011.0,37396.8,34762.3,52552.7,102536.2,0.0,27.6,32.5,0,23.7,44.8,954,5450,6799,8710,10875,11307,12062,8173,30901,1763
1781903576,2AC,1068121.0,1125390.6,144609.7,136612.8,34093.9,37488.3,34828.2,52655.5,102525.2,0.0,27.5,32.5,0,23.7,44.9,954,5452,6800,8713,10877,11308,12063,8174,30903,1765
1781903877,2AC,1070234.6,1125865.5,145350.3,137102.7,34218.2,37553.7,34886.6,52658.8,102514.8,0.0,27.5,32.5,0,23.7,44.8,954,5452,6800,8713,10874,11306,12060,8173,30898,1763
1781904175,2AC,1074667.0,1128819.0,145488.9,137383.9,34274.7,37634.8,34929.7,52924.0,102503.8,0.0,27.5,32.5,0,23.7,44.8,954,5450,6797,8709,10873,11303,12059,8171,30889,1763
1781904476,2AC,1078341.9,1134062.6,146486.0,137682.3,34375.7,37752.1,35120.1,53149.4,102492.9,0.0,27.5,32.5,0,23.7,44.9,954,5451,6799,8712,10874,11306,12060,8172,30899,1763
1781904777,2AC,1083420.4,1137128.9,146610.9,138303.7,34417.8,37818.4,35149.4,53348.8,102482.1,0.0,27.5,32.5,0,23.7,44.9,954,5451,6800,8713,10877,11308,12062,8174,30900,1763
1781905075,2AC,1087823.9,1140152.4,146910.2,138576.2,34505.3,37924.6,35217.2,53478.8,102471.4,0.0,27.5,32.6,0,23.7,44.9,954,5450,6799,8711,10874,11306,12061,8173,30894,1763
1781905376,2AC,1090709.4,1143393.9,147552.6,138969.6,34594.2,37964.4,35393.4,53678.8,102460.8,0.0,27.6,32.5,0,23.7,44.9,954,5452,6801,8715,10878,11309,12064,8175,30904,1763
1781905677,2AC,1092926.6,1147789.4,147595.5,139419.9,34685.2,38095.6,35332.8,53679.1,102450.0,0.0,27.5,32.6,0,23.7,44.9,954,5451,6800,8713,10875,11308,12061,8173,30900,1763
1781905974,2AC,1095061.1,1152812.6,148079.1,139686.7,34765.0,38191.3,35573.6,53822.4,102439.6,0.0,27.5,32.6,0,23.7,44.9,954,5452,6802,8715,10880,11310,12065,8176,30909,1766
1781906275,2AC,1101877.5,1154713.0,148763.7,140228.8,34846.2,38245.0,35673.9,54120.2,102433.6,0.0,27.5,32.6,0,23.7,44.9,954,5451,6800,8713,10876,11308,12063,8174,30907,1764
1781906576,2AC,1105949.4,1159052.0,149224.2,140514.6,34908.9,38330.4,35665.0,53896.2,102428.4,0.0,27.5,32.6,0,23.7,45.0,954,5451,6801,8714,10879,11307,12064,8174,30908,1763
1781906874,2AC,1106932.4,1161467.9,149391.0,140673.8,34985.6,38451.1,35721.9,54098.8,102424.8,0.0,27.6,32.6,0,23.7,45.0,954,5451,6799,8711,10873,11306,12060,8172,30896,1763
1781907175,2AC,1110456.6,1165839.9,149915.9,140989.0,35072.0,38478.8,35801.5,54179.0,102420.1,0.0,27.6,32.6,0,23.7,45.0,954,5451,6801,8713,10874,11306,12058,8172,30890,1762
1781907476,2AC,1112853.9,1168183.5,150342.3,141619.2,35100.6,38539.1,35868.2,54320.0,102417.0,0.0,27.6,32.6,0,23.7,45.0,954,5453,6802,8716,10879,11311,12066,8177,30916,1765
1781907777,2AC,1115578.4,1174857.1,150503.4,141744.4,35180.5,38554.3,35901.4,54514.4,102413.0,0.0,27.6,32.6,0,23.8,45.0,954,5452,6802,8714,10877,11308,12063,8174,30908,1763
1781908074,2AC,1119776.6,1174771.4,150917.9,142240.9,35244.1,38632.6,35965.7,54475.1,102411.4,0.0,27.7,32.6,0,23.8,45.0,954,5454,6803,8717,10879,11312,12065,8175,30913,1766
1781908375,2AC,1122817.9,1179898.6,150737.0,142371.7,35291.4,38709.2,36038.3,54490.1,102411.5,0.0,27.7,32.6,0,23.8,45.0,954,5453,6803,8716,10880,11309,12064,8175,30910,1764
1781908676,2AC,1123113.4,1181314.4,151271.3,142643.7,35341.3,38724.2,36155.6,54785.2,102409.6,0.0,27.7,32.6,0,23.8,45.0,954,5453,6803,8714,10877,11308,12063,8174,30905,1763
1781908974,2AC,1128562.0,1184808.0,151686.2,142885.1,35358.8,38790.4,36041.5,54779.0,102409.0,0.0,27.7,32.6,0,23.8,45.0,954,5452,6802,8712,10876,11306,12062,8173,30902,1763
1781909275,2AC,1130417.9,1186416.4,152028.3,143179.1,35443.0,38826.7,36135.9,54842.5,102409.2,0.0,27.7,32.6,0,23.8,45.0,954,5453,6803,8714,10876,11309,12061,8174,30906,1763
1781909576,2AC,1129802.4,1190914.5,152207.7,143260.8,35463.2,38919.8,36204.4,54879.1,102408.8,0.0,27.8,32.6,0,23.9,45.1,954,5453,6803,8713,10878,11309,12063,8174,30910,1763
1781909877,2AC,1133664.1,1191019.6,152295.6,143910.9,35524.7,38973.9,36319.2,55091.9,102408.6,0.0,27.8,32.6,0,23.9,45.1,954,5454,6804,8714,10875,11309,12062,8174,30909,1763
1781910175,2AC,1135104.1,1195849.1,152731.3,144050.6,35573.9,39025.5,36385.1,54894.2,102407.4,0.0,27.8,32.6,0,23.9,45.1,954,5453,6806,8715,10876,11309,12064,8175,30909,1763
1781910476,2AC,1136876.9,1197713.1,153141.5,144140.3,35624.3,39072.7,36459.0,55033.1,102405.3,0.0,27.8,32.6,0,24.0,45.1,955,5454,6805,8715,10874,11308,12062,8173,30907,1763
1781910776,2AC,1139829.1,1200413.6,153497.5,144385.4,35685.7,39052.3,36460.8,55184.8,102403.9,0.0,27.9,32.6,0,24.0,45.1,955,5454,6806,8713,10875,11308,12062,8174,30904,1764
1781911074,2AC,1141256.5,1201066.9,153798.8,144790.3,35751.4,39164.5,36509.7,55342.0,102402.5,0.0,27.9,32.7,0,24.0,45.1,954,5453,6805,8713,10875,11308,12061,8174,30912,1763
1781911375,2AC,1142136.1,1204902.5,153821.5,144770.5,35801.6,39161.1,36543.3,55331.8,102399.2,0.0,27.9,32.6,0,24.0,45.1,955,5456,6809,8717,10880,11312,12067,8177,30919,1763
1781911676,2AC,1146058.5,1207016.4,154150.0,145089.1,35813.0,39329.7,36515.5,55555.6,102397.1,0.0,27.9,32.7,0,24.1,45.1,955,5456,6808,8716,10878,11311,12065,8176,30920,1765
1781911977,2AC,1149826.6,1206867.6,154531.6,145404.0,35879.7,39333.1,36642.0,55526.6,102395.4,0.0,28.0,32.7,0,24.1,45.1,955,5456,6808,8716,10878,11311,12066,8175,30916,1765
1781912275,2AC,1153296.5,1213801.9,154959.9,145706.7,35955.7,39349.6,36665.5,55625.5,102391.6,0.0,28.0,32.6,0,24.1,45.1,955,5455,6808,8713,10876,11307,12063,8174,30913,1764
1781912576,2AC,1157688.5,1216560.6,155014.0,145901.9,35987.4,39444.1,36680.9,55687.6,102388.0,0.0,28.0,32.7,0,24.1,45.1,955,5455,6807,8714,10877,11310,12064,8174,30915,1764
1781912877,2AC,1156470.0,1217819.6,155447.1,146462.7,36077.1,39521.2,36771.7,55766.9,102383.8,0.0,28.0,32.7,0,24.1,45.2,955,5457,6810,8717,10880,11312,12067,8176,30924,1764
1781913175,2AC,1160370.6,1222890.1,155841.5,146519.8,36131.0,39555.2,36844.1,55802.2,102380.9,0.0,28.0,32.7,0,24.2,45.1,955,5455,6808,8713,10877,11310,12063,8175,30919,1763
1781913476,2AC,1164545.0,1222881.0,156165.9,146759.5,36142.6,39598.0,36853.5,55953.1,102377.0,0.0,28.0,32.7,0,24.2,45.2,955,5455,6809,8715,10877,11311,12065,8175,30921,1763
1781913777,2AC,1167680.4,1226024.4,156573.8,147251.0,36213.4,39662.9,36915.9,56060.9,102371.4,0.0,28.1,32.7,0,24.2,45.2,955,5456,6810,8715,10877,11309,12065,8174,30917,1763
1781914075,2AC,1168379.1,1229609.5,156665.8,147430.4,36284.0,39752.5,36933.7,56091.0,102365.1,0.0,28.1,32.7,0,24.2,45.2,955,5456,6810,8716,10879,11311,12066,8175,30921,1766
1781914376,2AC,1172229.4,1231606.6,157066.1,147891.3,36327.6,39780.0,37016.1,56138.3,102361.8,0.0,28.1,32.7,0,24.2,45.2,955,5456,6811,8716,10877,11313,12067,8176,30922,1765
1781914677,2AC,1173922.6,1235767.6,157317.1,148051.1,36441.4,39878.4,36994.4,56301.9,102356.0,0.0,28.1,32.7,0,24.2,45.2,955,5457,6811,8716,10879,11310,12067,8177,30924,1765
1781914975,2AC,1178028.5,1237961.8,157699.8,148452.0,36462.0,39960.4,37180.3,56334.9,102350.8,0.0,28.1,32.7,0,24.3,45.2,955,5458,6812,8717,10876,11312,12067,8177,30926,1764
1781915276,2AC,1178218.4,1239785.5,158029.6,148650.2,36542.1,39995.5,37173.0,56388.4,102344.6,0.0,28.1,32.7,0,24.3,45.2,955,5456,6811,8716,10877,11312,12066,8176,30920,1765
1781915574,2AC,1186424.2,1247275.4,158600.4,149004.3,36598.9,40021.3,37369.6,56495.1,102338.2,0.0,28.2,32.8,0,24.3,45.2,955,5456,6811,8715,10878,11311,12064,8175,30920,1765
1781915875,2AC,1185264.6,1246812.4,158653.8,149485.4,36699.8,40154.2,37254.2,56493.7,102331.4,0.0,28.2,32.8,0,24.3,45.2,955,5459,6813,8717,10877,11311,12067,8175,30919,1764
1781916176,2AC,1190991.4,1252000.0,159050.1,149329.9,36753.6,40182.5,37337.7,56719.9,102324.8,0.0,28.2,32.8,0,24.3,45.2,955,5458,6812,8716,10879,11312,12065,8176,30922,1763
1781916477,2AC,1191987.0,1251622.9,159682.0,149936.1,36824.1,40214.7,37482.6,56821.1,102318.4,0.0,28.2,32.8,0,24.3,45.3,956,5460,6815,8720,10882,11317,12071,8179,30935,1763
1781916774,2AC,1195658.6,1255097.6,159820.5,150341.5,36921.5,40329.0,37569.3,56957.4,102310.4,0.0,28.2,32.8,0,24.3,45.3,955,5458,6812,8716,10878,11313,12066,8176,30926,1765
1781917075,2AC,1197091.0,1260341.9,160109.1,150523.4,36978.8,40410.2,37624.0,56979.3,102303.1,0.0,28.2,32.8,0,24.3,45.3,955,5459,6814,8717,10880,11313,12068,8176,30933,1763
1781917376,2AC,1198729.4,1262969.0,160563.1,150965.4,37066.7,40447.9,37766.3,57078.3,102295.8,0.0,28.2,32.8,0,24.3,45.3,955,5458,6813,8717,10881,11314,12067,8176,30928,1763
1781917674,2AC,1203573.5,1265347.9,160651.7,151270.5,37112.4,40511.2,37729.3,57169.5,102289.0,0.0,28.2,32.8,0,24.3,45.3,955,5459,6813,8719,10880,11314,12068,8176,30928,1764
1781917975,2AC,1206332.6,1268671.0,161091.3,151677.8,37135.9,40536.6,37778.5,57278.2,102282.3,0.0,28.2,32.8,0,24.3,45.3,956,5460,6816,8719,10880,11316,12071,8179,30939,1764
1781918276,2AC,1207026.4,1270589.1,161404.2,151889.3,37201.8,40693.3,37812.0,57496.9,102275.2,0.0,28.2,32.8,0,24.4,45.3,955,5461,6816,8720,10884,11318,12071,8179,30939,1764
1781918574,2AC,1216202.5,1276285.6,161915.5,152784.6,37325.9,40761.9,37943.8,57508.7,102267.5,0.0,28.2,32.8,0,24.4,45.3,955,5460,6814,8719,10882,11316,12070,8178,30936,1763
1781918875,2AC,1216442.6,1279536.5,162324.7,152770.5,37414.1,40835.7,37976.1,57480.1,102260.5,0.0,28.3,32.8,0,24.4,45.3,955,5460,6815,8719,10881,11317,12070,8178,30933,1765
1781919176,2AC,1217497.5,1281406.1,162441.9,152927.2,37445.3,40847.1,38027.1,57644.3,102253.0,0.0,28.3,32.8,0,24.4,45.4,956,5460,6815,8719,10881,11315,12069,8179,30931,1764
1781919477,2AC,1221825.4,1286724.1,163060.2,153192.4,37526.3,40960.3,38076.6,57857.7,102245.2,0.0,28.3,32.8,0,24.4,45.4,956,5460,6816,8719,10882,11315,12071,8178,30936,1763
1781919774,2AC,1225511.6,1288903.5,163204.3,153486.4,37618.7,41034.8,38186.5,57846.2,102238.0,0.0,28.3,32.8,0,24.4,45.3,955,5460,6815,8719,10881,11317,12071,8178,30933,1764
1781920075,2AC,1232301.5,1299031.8,163956.8,153972.4,37648.0,41077.7,38242.6,58079.3,102230.2,0.0,28.3,32.9,0,24.4,45.4,955,5459,6814,8717,10880,11315,12069,8177,30929,1765
1781920376,2AC,1231983.0,1297931.5,164202.5,154322.3,37720.4,41187.0,38264.1,58179.6,102223.3,0.0,28.3,32.9,0,24.4,45.4,955,5460,6815,8719,10880,11317,12069,8179,30934,1763
1781920677,2AC,1237565.6,1299847.0,164785.0,154654.0,37837.2,41226.8,38375.3,58153.3,102216.1,0.0,28.3,32.9,0,24.4,45.4,955,5460,6816,8719,10880,11316,12069,8177,30938,1763
1781920975,2AC,1242695.1,1306549.0,165177.0,155063.7,37911.3,41421.9,38419.2,58273.2,102209.6,0.0,28.3,32.9,0,24.4,45.4,955,5459,6815,8716,10877,11311,12067,8176,30926,1762
1781921275,2AC,1244406.6,1314017.1,165552.1,155420.1,37968.9,41495.8,38477.8,58349.8,102202.2,0.0,28.3,32.9,0,24.4,45.4,955,5459,6816,8718,10880,11315,12068,8178,30934,1765
1781921576,2AC,1248636.1,1311492.6,166099.5,155691.0,38031.8,41558.9,38516.5,58493.2,102195.0,0.0,28.3,32.9,0,24.4,45.4,956,5461,6817,8720,10881,11316,12070,8179,30932,1763
1781921874,2AC,1248919.5,1317539.0,166222.2,155969.0,38119.4,41632.3,38545.7,58606.9,102188.1,0.0,28.3,32.9,0,24.5,45.4,956,5460,6817,8719,10882,11316,12070,8179,30942,1763
1781922175,2AC,1254365.6,1318023.6,166763.4,156402.7,38175.6,41776.7,38663.9,58704.1,102181.1,0.0,28.3,32.9,0,24.5,45.4,956,5462,6817,8721,10882,11318,12072,8180,30943,1766
1781922476,2AC,1257698.9,1324973.4,167000.3,156527.8,38261.2,41778.3,38721.9,58794.6,102173.0,0.0,28.3,32.9,0,24.5,45.5,956,5463,6819,8722,10884,11318,12073,8180,30943,1766
1781922774,2AC,1260147.1,1327562.0,167784.0,157036.2,38406.0,41860.4,38817.7,58894.8,102164.6,0.0,28.3,32.9,0,24.5,45.4,956,5462,6817,8721,10882,11317,12071,8179,30939,1763
1781923075,2AC,1265542.9,1332071.1,167861.6,157332.2,38390.9,41957.6,38886.3,59045.0,102157.9,0.0,28.3,32.9,0,24.5,45.5,955,5460,6816,8717,10879,11314,12069,8177,30927,1765
1781923376,2AC,1271438.4,1335894.0,168282.7,158194.8,38540.8,42076.0,38976.6,59094.5,102149.8,0.0,28.3,32.9,0,24.5,45.5,955,5461,6817,8719,10881,11316,12070,8178,30934,1765
1781923677,2AC,1270203.5,1336539.1,168656.7,158047.5,38550.8,42088.2,38978.0,59151.4,102142.3,0.0,28.3,33.0,0,24.5,45.5,955,5462,6818,8720,10883,11318,12073,8180,30943,1764
1781923975,2AC,1275873.1,1343529.1,169052.6,158514.6,38648.4,42219.6,39176.2,59218.2,102133.9,0.0,28.3,32.9,0,24.5,45.5,956,5463,6817,8720,10882,11318,12071,8179,30943,1764
1781924276,2AC,1277971.1,1344585.0,169478.5,158770.7,38718.0,42223.4,39101.4,59379.2,102126.6,0.0,28.3,33.0,0,24.5,45.5,956,5461,6817,8718,10881,11317,12072,8179,30940,1763
1781924576,2AC,1285069.9,1349173.1,169895.6,159152.8,38739.3,42317.6,39206.3,59584.2,102118.3,0.0,28.3,32.9,0,24.5,45.5,956,5462,6818,8721,10880,11318,12073,8180,30938,1765
1781924874,2AC,1285658.6,1350307.1,170044.1,159486.9,38900.5,42391.2,39272.8,59557.2,102112.3,0.0,28.4,33.0,0,24.5,45.5,956,5461,6818,8721,10882,11317,12072,8179,30942,1765
1781925175,2AC,1287802.6,1356476.4,170610.5,159940.3,38935.9,42475.9,39328.2,59644.2,102105.1,0.0,28.4,33.0,0,24.5,45.5,955,5461,6817,8720,10882,11315,12070,8179,30937,1763
1781925476,2AC,1290790.4,1358226.9,170912.2,160095.5,39023.8,42584.3,39339.0,59713.2,102098.4,0.0,28.3,33.0,0,24.5,45.5,956,5462,6818,8720,10883,11317,12070,8179,30939,1765
1781925777,2AC,1296102.5,1361960.6,171648.6,160681.1,39119.5,42766.2,39440.0,59903.6,102091.2,0.0,28.4,33.0,0,24.5,45.5,956,5461,6818,8720,10881,11316,12070,8179,30936,1763
1781926074,2AC,1303395.6,1368238.6,171938.6,160917.8,39195.1,42746.9,39518.2,60047.3,102084.0,0.0,28.4,33.0,0,24.5,45.5,955,5462,6818,8721,10881,11318,12073,8182,30944,1765
1781926375,2AC,1302387.6,1368953.5,172208.8,161394.9,39259.9,42908.1,39526.4,60093.6,102076.9,0.0,28.4,33.0,0,24.5,45.5,956,5461,6818,8720,10883,11317,12072,8180,30941,1764
1781926676,2AC,1305366.1,1373158.0,172786.6,161800.3,39319.9,42981.5,39571.5,60202.8,102069.1,0.0,28.4,33.0,0,24.5,45.5,956,5464,6821,8725,10883,11319,12074,8181,30949,1764
1781926977,2AC,1308815.9,1374730.5,173101.5,162009.0,39421.5,43007.3,39801.1,60246.1,102061.8,0.0,28.4,33.0,0,24.5,45.6,956,5463,6820,8723,10885,11321,12074,8182,30947,1765
1781927275,2AC,1312307.4,1381984.4,173288.4,162469.7,39479.3,43105.1,39764.4,60432.7,102056.8,0.0,28.4,33.0,0,24.5,45.6,956,5461,6817,8719,10879,11315,12069,8178,30935,1763
1781927575,2AC,1316447.9,1383840.9,174424.9,162633.0,39514.8,43168.2,39823.4,60345.8,102051.1,0.0,28.4,33.0,0,24.5,45.6,955,5461,6818,8721,10881,11316,12070,8179,30938,1765
1781927876,2AC,1317740.0,1385667.4,174710.9,163137.6,39632.5,43261.8,39886.2,60506.6,102044.1,0.0,28.4,33.0,0,24.5,45.6,955,5460,6817,8720,10879,11314,12068,8177,30932,1763
1781928174,2AC,1322934.1,1389276.1,175224.9,163434.9,39702.7,43388.5,39891.5,60597.6,102036.9,0.0,28.4,33.0,0,24.5,45.6,955,5459,6817,8716,10877,11311,12065,8175,30927,1764
1781928475,2AC,1325329.9,1393545.0,175676.4,164113.3,39791.5,43393.3,40003.9,60750.5,102030.0,0.0,28.4,33.0,0,24.5,45.6,956,5461,6817,8719,10883,11318,12072,8179,30937,1764
1781928776,2AC,1329958.6,1396822.0,175806.4,164457.0,39840.2,43499.9,40131.6,60835.4,102024.0,0.0,28.4,33.1,0,24.5,45.6,956,5462,6819,8722,10882,11316,12070,8179,30939,1763
1781929077,2AC,1335255.9,1405111.9,176556.8,164686.6,39942.7,43600.3,40241.0,61024.2,102017.3,0.0,28.4,33.1,0,24.5,45.6,956,5461,6817,8721,10881,11317,12072,8179,30943,1765
1781929375,2AC,1340268.0,1408428.5,177122.8,165135.6,40058.6,43691.6,40232.0,61018.0,102011.1,0.0,28.4,33.1,0,24.5,45.6,956,5462,6819,8721,10879,11316,12070,8179,30943,1763
1781929676,2AC,1346819.9,1411585.1,177390.2,165255.6,40095.4,43704.5,40300.4,61211.0,102005.8,0.0,28.4,33.1,0,24.5,45.6,955,5461,6819,8720,10878,11316,12069,8179,30936,1763
1781929976,2AC,1345936.6,1417797.6,177546.9,165712.5,40154.3,43811.7,40382.5,61276.9,102000.1,0.0,28.4,33.1,0,24.5,45.6,956,5463,6819,8723,10884,11318,12073,8180,30943,1765
1781930274,2AC,1350793.6,1421441.0,178455.2,166141.9,40223.3,43839.1,40491.9,61377.1,101993.8,0.0,28.4,33.1,0,24.5,45.7,956,5463,6821,8722,10883,11319,12073,8181,30946,1765
1781930575,2AC,1354314.1,1422586.9,178363.6,166074.6,40344.2,44092.8,40444.0,61345.8,101988.3,0.0,28.4,33.1,0,24.5,45.7,956,5463,6819,8722,10885,11321,12077,8182,30955,1765
1781930876,2AC,1358958.4,1429992.5,179543.6,166770.9,40388.9,44145.9,40585.5,61525.2,101982.3,0.0,28.4,33.1,0,24.6,45.7,956,5462,6820,8721,10884,11319,12072,8181,30945,1765
1781931174,2AC,1362289.9,1434510.0,179782.2,167402.4,40481.3,44199.7,40581.1,61669.0,101977.2,0.0,28.4,33.1,0,24.6,45.7,956,5463,6820,8722,10884,11319,12073,8181,30942,1766
1781931475,2AC,1362470.9,1436536.0,179953.5,167632.1,40522.3,44266.2,40615.1,61889.1,101971.8,0.0,28.4,33.1,0,24.6,45.7,956,5464,6822,8724,10886,11322,12076,8182,30951,1766
1781931776,2AC,1366852.6,1440447.5,180423.5,167936.7,40642.7,44301.6,40697.6,61835.6,101966.5,0.0,28.4,33.1,0,24.6,45.7,956,5463,6819,8721,10882,11319,12073,8180,30944,1763
1781932074,2AC,1372651.9,1443020.9,180497.3,167992.9,40738.4,44396.0,40775.6,61898.4,101963.5,0.0,28.4,33.1,0,24.6,45.7,956,5463,6820,8722,10881,11317,12070,8178,30938,1763
1781932375,2AC,1374061.0,1444816.4,180880.1,168704.4,40803.8,44487.1,40884.6,61956.0,101957.0,0.0,28.4,33.1,0,24.6,45.7,956,5463,6820,8722,10883,11320,12074,8180,30947,1764
1781932676,2AC,1377951.0,1446729.0,181312.5,169442.7,40816.9,44579.0,40904.5,62047.6,101952.1,0.0,28.4,33.2,0,24.6,45.7,956,5463,6820,8723,10884,11320,12073,8181,30943,1766
1781932977,2AC,1387719.6,1457469.9,182338.8,169101.3,40877.2,44615.0,40858.4,62227.6,101947.4,0.0,28.4,33.2,0,24.6,45.7,956,5463,6820,8722,10880,11316,12072,8179,30941,1763
1781933275,2AC,1384725.6,1455712.6,182565.6,169809.3,40998.1,44839.6,41018.2,62232.8,101941.1,0.0,28.4,33.2,0,24.6,45.7,956,5464,6822,8725,10886,11322,12075,8181,30946,1763
1781933576,2AC,1391438.6,1460449.9,182536.0,169940.8,41045.8,44747.8,41102.5,62489.8,101934.6,0.0,28.4,33.2,0,24.6,45.7,956,5464,6821,8724,10885,11319,12075,8181,30948,1764
1781933876,2AC,1397434.0,1465267.5,183616.9,170842.4,41118.3,44972.1,41241.9,62473.8,101929.7,0.0,28.4,33.2,0,24.6,45.7,956,5463,6819,8721,10883,11316,12072,8179,30944,1765
1781934174,2AC,1399524.4,1470664.6,184163.9,170930.2,41238.8,45030.9,41207.1,62538.1,101924.3,0.0,28.4,33.2,0,24.6,45.8,956,5463,6821,8722,10882,11320,12073,8180,30946,1765
1781934475,2AC,1403915.4,1473169.0,184323.1,171334.9,41353.0,45084.7,41265.4,62630.6,101920.6,0.0,28.5,33.2,0,24.6,45.8,956,5464,6823,8724,10884,11320,12075,8183,30953,1764
1781935074,2AC,3887055.8,3998273.8,400160.6,354279.2,70939.0,73553.8,59007.5,85138.1,105525.1,0.0,28.3,20.1,0,24.4,32.0,956,5467,6825,8732,10894,11329,12085,8186,30979,1765
1781935375,2AC,3274868.2,3393546.8,351471.2,313891.9,65482.1,68781.5,57601.6,83583.2,105593.7,0.0,28.3,22.4,0,24.4,33.8,956,5465,6822,8728,10888,11325,12080,8182,30963,1764
1781935676,2AC,2973875.2,3090075.8,325089.3,293175.4,62360.7,65806.7,56508.4,82371.6,105618.6,0.0,28.3,23.6,0,24.5,35.0,957,5469,6825,8732,10891,11327,12080,8184,30971,1764
1781935974,2AC,2767845.0,2889239.2,309503.0,280730.5,60505.0,63950.5,55410.3,81294.8,105624.1,0.0,28.4,24.4,0,24.5,35.8,956,5466,6822,8728,10889,11323,12077,8182,30968,1764
1781936275,2AC,2637793.2,2753769.8,299511.3,272461.5,59191.6,62731.9,54797.3,80380.2,105619.9,0.0,28.4,25.0,0,24.5,36.5,956,5465,6822,8726,10886,11322,12076,8181,30956,1764
1781936576,2AC,2563346.8,2675809.0,292472.4,266913.9,58132.9,61735.8,54255.5,79626.3,105610.3,0.0,28.4,25.4,0,24.5,37.0,956,5466,6822,8728,10891,11327,12081,8183,30969,1765
1781936874,2AC,2485848.2,2591625.2,286955.3,261675.5,57420.3,61002.4,53600.2,79062.6,105596.9,0.0,28.4,25.7,0,24.5,37.4,956,5467,6824,8730,10891,11326,12082,8185,30972,1765
1781937175,2AC,2442880.5,2546178.2,282712.1,258588.7,56845.8,60333.4,53314.0,78807.9,105580.2,0.0,28.4,26.0,0,24.5,37.7,956,5466,6823,8729,10889,11325,12079,8183,30964,1764
1781937476,2AC,2393384.0,2496444.0,279529.5,255390.6,56334.8,59957.0,52948.9,78297.9,105562.3,0.0,28.4,26.2,0,24.5,38.0,956,5465,6822,8728,10886,11322,12077,8182,30961,1764
1781937774,2AC,2354095.2,2452600.0,275961.8,252962.4,55898.0,59445.4,52778.2,78159.5,105543.8,0.0,28.4,26.4,0,24.5,38.2,956,5466,6823,8728,10888,11325,12079,8183,30963,1765
1781938075,2AC,2335130.2,2438706.2,273893.7,250525.3,55545.8,59103.4,52436.8,77739.9,105523.4,0.0,28.4,26.6,0,24.5,38.4,956,5466,6823,8727,10887,11322,12077,8182,30961,1765
1781938376,2AC,2308026.8,2410325.8,271619.1,249316.6,55149.3,58929.4,52208.3,77574.2,105504.0,0.0,28.4,26.7,0,24.5,38.5,956,5466,6824,8728,10889,11324,12079,8183,30963,1764
1781938674,2AC,2277539.8,2381097.0,269819.9,247064.0,54862.8,58586.7,52062.7,77364.5,105482.8,0.0,28.4,26.9,0,24.5,38.7,956,5465,6824,8728,10888,11326,12080,8182,30971,1764
1781938975,2AC,2262047.8,2359791.0,267284.5,245699.8,54568.8,58368.0,51875.7,77163.6,105460.5,0.0,28.4,27.0,0,24.6,38.8,956,5467,6824,8729,10889,11326,12081,8183,30972,1764
1781939276,2AC,2247167.2,2347386.8,266646.7,244343.1,54326.6,58180.3,51684.0,77099.0,105437.6,0.0,28.4,27.1,0,24.5,39.0,957,5468,6826,8732,10893,11328,12082,8184,30972,1764
1781939574,2AC,2236972.8,2333929.2,265164.2,243116.7,54201.9,57902.1,51659.7,76773.4,105415.4,0.0,28.4,27.2,0,24.5,39.1,957,5467,6825,8730,10889,11324,12079,8182,30960,1766
1781939875,2AC,2212845.2,2313734.8,263684.4,242414.0,54073.4,57708.5,51527.1,76599.0,105393.3,0.0,28.4,27.4,0,24.5,39.2,956,5467,6824,8729,10888,11324,12078,8181,30965,1766
1781940176,2AC,2198332.0,2302587.0,262980.8,241176.6,53775.8,57575.4,51253.0,76533.0,105371.6,0.0,28.4,27.4,0,24.5,39.3,956,5467,6824,8730,10890,11326,12080,8183,30972,1764
1781940477,2AC,2184962.8,2288540.0,261287.4,240529.6,53726.8,57609.3,51194.3,76440.1,105348.7,0.0,28.4,27.5,0,24.6,39.4,956,5466,6824,8729,10889,11325,12079,8183,30969,1764
1781940775,2AC,2178168.2,2270507.0,260730.3,239565.0,53550.8,57346.6,51147.5,76332.8,105325.2,0.0,28.4,27.6,0,24.5,39.5,956,5467,6824,8729,10890,11325,12079,8182,30966,1764
1781941075,2AC,2170107.8,2271403.2,260270.4,238915.3,53471.0,57277.6,51038.7,76217.6,105302.2,0.0,28.4,27.7,0,24.6,39.6,956,5467,6825,8730,10891,11326,12080,8184,30972,1766
1781941376,2AC,2164135.0,2259509.0,259410.7,238678.4,53214.3,57149.3,51014.0,76139.2,105278.6,0.0,28.4,27.8,0,24.6,39.7,956,5465,6821,8725,10888,11324,12076,8181,30959,1764
1781941674,2AC,2153948.2,2253331.2,258309.9,237904.8,53105.9,57071.0,50937.9,75940.9,105255.9,0.0,28.4,27.8,0,24.6,39.8,957,5467,6823,8729,10888,11327,12079,8183,30967,1764
1781941975,2AC,2149237.2,2242001.2,257652.3,237599.5,53060.1,56998.0,50860.6,75957.1,105232.9,0.0,28.4,27.9,0,24.6,39.9,956,5466,6823,8729,10887,11323,12078,8183,30963,1766
1781942276,2AC,2134219.2,2231923.0,256852.6,236347.9,53087.0,56920.5,50770.7,75879.3,105211.0,0.0,28.4,28.0,0,24.6,39.9,956,5467,6824,8729,10888,11324,12078,8182,30966,1765
1781942577,2AC,2129600.2,2223140.0,256072.5,235796.3,52963.5,56867.8,50648.5,75776.5,105188.2,0.0,28.4,28.0,0,24.6,40.0,956,5464,6821,8725,10882,11319,12073,8179,30953,1763
1781942875,2AC,2128208.2,2225990.5,256070.3,236203.6,52858.7,56731.7,50704.6,75752.3,105165.6,0.0,28.4,28.1,0,24.6,40.1,956,5465,6822,8727,10888,11323,12076,8180,30955,1763
1781943175,2AC,2119971.0,2215473.8,255119.1,235053.6,52807.5,56673.6,50545.8,75691.9,105143.5,0.0,28.5,28.2,0,24.6,40.1,956,5466,6822,8725,10886,11324,12075,8181,30957,1765
1781943476,2AC,2115402.8,2208583.0,255083.4,234965.4,52702.1,56612.5,50654.5,75663.9,105122.8,0.0,28.4,28.2,0,24.6,40.2,956,5468,6824,8730,10890,11325,12079,8183,30972,1765
1781943774,2AC,2110676.5,2204865.2,254402.6,234250.1,52691.2,56547.8,50474.7,75683.7,105099.6,0.0,28.5,28.3,0,24.6,40.2,956,5466,6823,8727,10888,11323,12076,8181,30960,1764
1781944075,2AC,2103540.2,2194859.8,254264.2,234130.9,52655.5,56529.4,50547.9,75580.7,105078.8,0.0,28.5,28.3,0,24.6,40.3,956,5464,6821,8725,10885,11320,12074,8179,30951,1764
1781944376,2AC,2094270.5,2191293.5,253609.8,233950.7,52516.2,56462.9,50468.1,75588.8,105056.1,0.0,28.4,28.4,0,24.6,40.4,956,5466,6823,8728,10888,11321,12076,8182,30961,1764
1781944674,2AC,2093893.0,2185800.8,253001.8,233605.4,52636.3,56389.7,50481.1,75413.0,105034.4,0.0,28.5,28.4,0,24.6,40.4,956,5465,6822,8726,10887,11323,12076,8182,30961,1763
1781944975,2AC,2093996.4,2181510.2,253327.2,233205.9,52460.9,56361.9,50485.5,75430.4,105012.7,0.0,28.5,28.5,0,24.6,40.5,957,5467,6823,8728,10886,11322,12074,8181,30955,1763
1781945276,2AC,2080079.6,2173236.2,252121.8,232529.9,52474.9,56281.1,50379.6,75430.6,104992.1,0.0,28.5,28.5,0,24.6,40.5,956,5465,6823,8727,10888,11325,12079,8182,30965,1766
1781945574,2AC,2076356.5,2169888.2,252065.4,232226.0,52461.1,56217.0,50382.6,75495.9,104969.9,0.0,28.5,28.6,0,24.6,40.6,956,5465,6823,8727,10886,11323,12076,8182,30961,1765
1781945875,2AC,2081059.4,2172228.0,252208.9,232440.6,52421.8,56157.6,50360.9,75373.9,104947.5,0.0,28.5,28.6,0,24.6,40.6,957,5468,6825,8730,10890,11325,12080,8184,30973,1766
1781946176,2AC,2077469.6,2161050.8,251699.4,231816.1,52437.9,56249.8,50328.5,75543.1,104924.3,0.0,28.5,28.7,0,24.6,40.7,956,5467,6823,8728,10887,11323,12077,8181,30960,1765
1781946474,2AC,2078142.4,2164114.8,252029.2,232079.8,52367.8,56166.8,50387.4,75287.6,104902.3,0.0,28.5,28.7,0,24.6,40.7,957,5465,6824,8728,10884,11319,12074,8180,30955,1765
1781946775,2AC,2065846.1,2157262.8,251024.7,231590.4,52372.6,56226.9,50289.2,75365.8,104881.4,0.0,28.5,28.8,0,24.6,40.8,956,5466,6823,8727,10885,11321,12077,8181,30959,1765
1781947076,2AC,2070251.6,2158827.8,251253.8,232131.5,52353.6,56307.4,50304.2,75394.0,104860.5,0.0,28.5,28.8,0,24.6,40.8,956,5467,6825,8730,10890,11325,12079,8183,30967,1764
1781947377,2AC,2057021.9,2149719.2,251033.6,231308.0,52326.6,56181.0,50252.7,75166.3,104839.7,0.0,28.5,28.9,0,24.6,40.9,957,5468,6826,8729,10888,11324,12077,8181,30968,1764
1781947675,2AC,2065367.0,2150529.0,251046.2,231306.2,52209.8,56157.6,50296.9,75358.8,104819.2,0.0,28.5,28.9,0,24.6,40.9,956,5466,6824,8728,10887,11325,12080,8182,30962,1764
1781947976,2AC,2061339.0,2154837.2,250515.4,231320.8,52325.0,56153.6,50285.5,75464.1,104799.9,0.0,28.5,29.0,0,24.6,41.0,957,5466,6824,8729,10888,11322,12077,8181,30964,1763
1781948277,2AC,2065395.4,2146474.2,250877.9,231076.9,52285.1,56107.7,50331.6,75407.1,104778.9,0.0,28.5,29.0,0,24.6,41.0,956,5467,6823,8728,10887,11324,12076,8180,30966,1763
1781948575,2AC,2055174.5,2142371.8,249846.6,231308.2,52308.8,56099.7,50304.1,75226.6,104758.6,0.0,28.5,29.0,0,24.6,41.0,957,5467,6825,8729,10887,11325,12077,8181,30967,1764
1781948876,2AC,2053992.4,2141302.8,250394.7,230726.2,52207.4,56153.9,50249.9,75342.6,104738.5,0.0,28.5,29.0,0,24.6,41.1,957,5467,6825,8729,10889,11325,12077,8182,30969,1764
1781949176,2AC,2053791.5,2136028.2,250223.0,230454.8,52351.5,56099.0,50250.6,75342.3,104718.9,0.0,28.5,29.1,0,24.6,41.1,956,5467,6824,8728,10891,11326,12080,8184,30970,1764
1781949474,2AC,2050347.6,2134201.8,250211.7,230665.6,52246.2,56075.0,50328.8,75388.5,104698.3,0.0,28.5,29.1,0,24.6,41.1,956,5466,6824,8727,10888,11324,12077,8181,30963,1764
1781949775,2AC,2049919.0,2136909.0,249664.7,230621.5,52239.4,56092.5,50261.3,75339.0,104677.9,0.0,28.5,29.1,0,24.6,41.2,957,5467,6824,8729,10890,11325,12079,8182,30965,1765
1781950076,2AC,2048571.1,2133106.8,249986.1,230590.0,52255.9,56117.3,50314.2,75397.1,104658.0,0.0,28.5,29.2,0,24.6,41.2,956,5466,6824,8728,10886,11322,12078,8180,30960,1764
1781950377,2AC,2048372.6,2135880.5,249843.8,230665.0,52293.2,56179.9,50273.8,75306.2,104638.0,0.0,28.5,29.2,0,24.6,41.3,957,5467,6825,8729,10889,11326,12079,8182,30970,1764
1781950675,2AC,2047647.4,2134964.8,249917.5,230848.2,52272.4,56119.4,50269.0,75432.7,104616.6,0.0,28.5,29.2,0,24.6,41.3,956,5465,6823,8727,10885,11321,12075,8180,30961,1764
1781950976,2AC,2046623.5,2135334.8,249870.1,231121.7,52391.0,56165.5,50337.6,75400.1,104597.0,0.0,28.5,29.3,0,24.6,41.3,956,5468,6827,8729,10888,11324,12079,8181,30969,1764
1781951276,2AC,2044025.5,2132049.2,250056.3,230376.3,52225.9,56209.1,50230.2,75525.3,104577.2,0.0,28.5,29.3,0,24.6,41.4,956,5465,6823,8728,10888,11324,12077,8181,30963,1766
1781951574,2AC,2051590.4,2129371.8,250298.9,230697.1,52338.1,56142.5,50314.3,75478.8,104556.6,0.0,28.5,29.4,0,24.6,41.4,956,5467,6825,8729,10887,11326,12079,8182,30971,1765
1781951875,2AC,2044077.5,2129813.8,249711.1,230975.8,52436.5,56152.6,50323.6,75403.0,104537.0,0.0,28.5,29.4,0,24.6,41.4,957,5468,6825,8731,10887,11324,12079,8181,30966,1763
1781952176,2AC,2049871.1,2137571.8,250019.9,230850.2,52384.6,56303.9,50316.4,75419.2,104517.7,0.0,28.5,29.4,0,24.6,41.5,956,5467,6824,8728,10887,11322,12076,8180,30965,1766
1781952477,2AC,2049715.0,2131282.8,250839.9,231131.9,52426.2,56164.8,50339.4,75515.4,104499.8,0.0,28.5,29.4,0,24.6,41.5,956,5465,6822,8726,10886,11322,12074,8179,30953,1765
1781952775,2AC,2047233.1,2130557.0,250307.0,230800.6,52410.0,56260.9,50336.8,75662.9,104481.9,0.0,28.5,29.4,0,24.6,41.5,956,5467,6825,8729,10886,11325,12076,8180,30963,1764
1781953076,2AC,2042355.6,2124896.8,249860.2,230449.9,52410.0,56240.4,50425.7,75581.7,104463.9,0.0,28.5,29.4,0,24.6,41.5,957,5467,6825,8729,10889,11323,12079,8182,30959,1764
1781953377,2AC,2050796.9,2132991.2,250435.0,231482.9,52459.5,56278.3,50406.6,75636.3,104445.6,0.0,28.5,29.5,0,24.6,41.6,956,5467,6824,8729,10887,11324,12076,8180,30961,1764
1781953675,2AC,2044483.4,2130853.2,250075.6,230993.0,52437.5,56261.9,50461.2,75568.5,104428.4,0.0,28.5,29.5,0,24.6,41.6,957,5467,6824,8728,10887,11324,12077,8180,30962,1763
1781953976,2AC,2047227.6,2132870.0,250416.9,231615.3,52482.2,56297.6,50323.8,75546.2,104411.1,0.0,28.5,29.5,0,24.6,41.6,956,5466,6825,8728,10887,11322,12077,8180,30966,1763
1781954277,2AC,2048110.9,2131365.2,249982.8,231318.3,52486.2,56375.3,50427.4,75649.0,104393.4,0.0,28.5,29.5,0,24.6,41.7,957,5467,6825,8729,10886,11321,12077,8179,30957,1764
1781954575,2AC,2048005.1,2131581.0,250274.8,231475.2,52529.1,56308.8,50385.3,75680.7,104376.2,0.0,28.5,29.6,0,24.7,41.7,957,5467,6826,8729,10886,11322,12077,8181,30960,1763
1781954875,2AC,2050474.6,2131643.0,250119.9,231237.5,52486.3,56319.0,50415.7,75661.0,104358.7,0.0,28.5,29.6,0,24.7,41.7,957,5468,6826,8731,10890,11327,12082,8184,30975,1766
1781955176,2AC,2044683.9,2130082.2,250368.2,231599.3,52563.2,56398.7,50519.0,75708.0,104341.9,0.0,28.5,29.6,0,24.7,41.8,957,5467,6825,8728,10887,11324,12078,8181,30966,1764
1781955474,2AC,2048551.0,2134483.8,250623.5,231663.2,52611.7,56400.0,50486.3,75689.7,104323.2,0.0,28.5,29.6,0,24.7,41.8,956,5467,6826,8730,10890,11325,12078,8182,30972,1764
1781955775,2AC,2047446.6,2131675.0,250585.2,231818.9,52653.1,56432.4,50472.7,75777.6,104305.4,0.0,28.5,29.7,0,24.7,41.8,957,5468,6826,8732,10889,11327,12080,8183,30976,1764
1781956076,2AC,2049332.6,2131105.2,250461.1,231330.6,52618.4,56393.5,50564.8,75793.3,104287.5,0.0,28.5,29.7,0,24.7,41.8,957,5470,6828,8732,10889,11327,12081,8182,30975,1766
1781956377,2AC,2046765.0,2132921.0,250834.3,231525.3,52702.5,56530.6,50538.5,75798.8,104270.1,0.0,28.5,29.7,0,24.7,41.8,957,5468,6827,8731,10891,11328,12081,8185,30977,1765
1781956675,2AC,2054684.5,2134055.8,251042.6,231891.1,52627.5,56657.6,50543.3,75784.4,104251.9,0.0,28.5,29.8,0,24.7,41.9,957,5469,6827,8731,10890,11325,12079,8182,30968,1765
1781956976,2AC,2053276.6,2130157.2,251564.7,231849.5,52736.6,56589.5,50577.3,75967.5,104234.2,0.0,28.5,29.7,0,24.7,41.9,956,5469,6827,8731,10892,11328,12082,8184,30981,1764
1781957277,2AC,2056154.4,2136509.2,251171.2,232323.3,52684.8,56657.0,50640.7,75956.6,104214.9,0.0,28.5,29.8,0,24.7,41.9,957,5469,6827,8732,10889,11326,12081,8182,30973,1764
1781957574,2AC,2060021.9,2133521.8,251518.2,232228.8,52796.3,56663.6,50642.8,76037.6,104197.5,0.0,28.5,29.8,0,24.7,42.0,956,5469,6828,8733,10892,11328,12084,8185,30982,1766
1781957875,2AC,2052742.4,2136791.8,251509.1,232583.9,52813.6,56699.8,50701.6,76092.4,104180.1,0.0,28.5,29.9,0,24.7,42.0,957,5470,6829,8734,10893,11330,12082,8185,30980,1766
1781958176,2AC,2059243.9,2134779.0,251784.2,232787.4,52958.2,56701.4,50749.1,76101.1,104162.6,0.0,28.5,29.8,0,24.7,42.0,957,5468,6827,8731,10888,11325,12080,8183,30970,1765
1781958474,2AC,2060279.0,2137752.2,252122.5,232809.8,52893.2,56674.2,50777.2,76128.9,104145.6,0.0,28.5,29.9,0,24.7,42.0,957,5468,6828,8730,10890,11327,12082,8183,30970,1766
1781958775,2AC,2062056.0,2138195.2,252157.0,232697.1,52949.2,56710.9,50739.3,76241.0,104129.5,0.0,28.5,29.9,0,24.7,42.0,957,5470,6826,8730,10888,11325,12078,8180,30972,1765
1781959076,2AC,2059491.4,2142205.0,252324.8,233041.4,52988.9,56852.6,50780.3,76151.0,104112.9,0.0,28.5,29.9,0,24.7,42.1,957,5468,6826,8730,10889,11326,12080,8183,30973,1764
1781959374,2AC,2059605.0,2143118.0,252233.8,233412.7,53038.5,56900.7,50818.7,76207.4,104096.1,0.0,28.5,29.9,0,24.7,42.1,957,5468,6828,8731,10889,11325,12081,8183,30970,1764
1781959675,2AC,2066436.6,2143500.0,252369.7,233237.4,53094.6,56888.3,50859.6,76242.0,104079.4,0.0,28.5,30.0,0,24.7,42.1,957,5469,6827,8731,10890,11325,12081,8182,30976,1764
1781959976,2AC,2065620.4,2145517.8,252579.5,233410.4,53124.1,56972.8,50826.3,76314.7,104063.8,0.0,28.5,30.0,0,24.7,42.1,957,5469,6828,8732,10890,11329,12082,8184,30973,1764
1781960274,2AC,2067217.4,2144305.2,253013.1,233599.0,53103.2,56892.3,50878.1,76379.9,104048.5,0.0,28.5,30.0,0,24.7,42.2,957,5470,6828,8735,10894,11330,12084,8185,30982,1767
1781960575,2AC,2064362.4,2143915.8,252371.9,233597.4,53183.3,56945.5,50940.0,76371.0,104033.8,0.0,28.6,30.0,0,24.7,42.2,957,5468,6828,8730,10891,11328,12084,8183,30973,1764
1781960876,2AC,2068483.4,2148933.8,253235.9,233989.2,53262.2,57067.8,50923.9,76444.6,104018.5,0.0,28.5,30.0,0,24.7,42.2,957,5471,6831,8736,10894,11330,12085,8184,30983,1764
1781961176,2AC,2069158.0,2150653.2,252975.5,234419.1,53262.6,57099.1,50991.1,76534.5,104003.3,0.0,28.6,30.0,0,24.7,42.2,957,5471,6830,8733,10893,11330,12085,8185,30982,1767
1781961474,2AC,2075669.6,2154867.8,253630.0,234681.8,53425.3,57076.3,50979.1,76494.9,103987.5,0.0,28.6,30.0,0,24.7,42.2,957,5470,6829,8733,10891,11327,12082,8182,30973,1764
1781961775,2AC,2071518.4,2152242.0,253334.2,234593.0,53277.2,57166.9,50970.6,76491.6,103971.0,0.0,28.6,30.1,0,24.7,42.3,957,5467,6825,8728,10888,11324,12077,8180,30961,1764
1781962075,2AC,2077720.4,2155817.2,253695.2,234807.2,53421.9,57196.1,51122.7,76692.9,103953.6,0.0,28.6,30.1,0,24.7,42.3,957,5470,6828,8732,10891,11328,12080,8183,30974,1766
1781962376,2AC,2076470.6,2152431.0,254075.8,235066.9,53586.2,57172.3,51150.2,76582.1,103937.1,0.0,28.5,30.1,0,24.7,42.3,957,5471,6828,8732,10893,11330,12083,8184,30977,1766
1781962674,2AC,2074569.6,2153814.8,253750.5,235165.0,53477.2,57284.7,51074.8,76732.6,103921.0,0.0,28.5,30.1,0,24.7,42.3,957,5470,6829,8732,10889,11328,12083,8184,30980,1765
1781962975,2AC,2084028.4,2162566.8,254388.2,235382.7,53676.6,57388.7,51141.9,76820.0,103903.8,0.0,28.5,30.1,0,24.7,42.3,957,5470,6829,8733,10891,11326,12082,8183,30972,1764
1781963276,2AC,2086886.4,2166950.2,254894.0,236112.3,53738.7,57428.3,51145.4,76803.4,103888.2,0.0,28.5,30.2,0,24.7,42.3,957,5470,6830,8733,10894,11327,12083,8184,30980,1764
1781963577,2AC,2083279.5,2166327.0,255110.0,235797.5,53809.1,57402.3,51261.7,76788.4,103871.0,0.0,28.5,30.2,0,24.7,42.3,957,5469,6828,8732,10889,11326,12080,8182,30970,1764
1781963874,2AC,2087964.6,2166201.0,255333.4,236299.8,53799.8,57589.8,51282.8,77071.1,103853.6,0.0,28.5,30.2,0,24.7,42.4,957,5468,6826,8729,10886,11322,12077,8180,30962,1764
1781964175,2AC,2086531.5,2168028.0,255790.5,236419.6,53735.0,57596.3,51404.7,76897.7,103837.6,0.0,28.5,30.2,0,24.7,42.4,957,5470,6828,8733,10891,11326,12081,8183,30969,1764
1781964476,2AC,2092721.4,2169344.0,255970.8,236439.1,53963.5,57627.6,51404.1,76920.9,103821.8,0.0,28.5,30.2,0,24.7,42.4,957,5469,6828,8732,10889,11327,12081,8182,30970,1764
1781964774,2AC,2086485.0,2167613.0,255931.7,236719.9,53911.4,57673.8,51311.9,77118.2,103805.9,0.0,28.5,30.2,0,24.7,42.4,957,5470,6828,8733,10892,11329,12082,8183,30973,1764
1781965075,2AC,2099931.8,2177123.2,256668.5,237038.5,54046.9,57714.0,51446.3,77199.3,103789.3,0.0,28.5,30.3,0,24.7,42.5,957,5471,6830,8735,10893,11330,12084,8185,30978,1764
1781965376,2AC,2099571.0,2177171.0,256582.2,237255.0,54030.8,57725.7,51431.0,77152.9,103773.3,0.0,28.5,30.3,0,24.7,42.5,957,5469,6828,8732,10892,11326,12081,8183,30976,1766
1781965677,2AC,2101362.2,2179174.0,257314.4,237732.0,54097.3,57866.2,51459.0,77322.5,103758.2,0.0,28.5,30.3,0,24.7,42.5,957,5470,6829,8733,10891,11328,12081,8184,30973,1766
1781965975,2AC,2105187.2,2179938.0,257198.2,237993.2,54173.0,57909.8,51675.8,77267.1,103743.2,0.0,28.5,30.3,0,24.7,42.5,957,5470,6828,8732,10893,11330,12084,8184,30976,1767
1781966276,2AC,2105943.0,2183790.0,257829.9,237847.5,54188.4,57932.2,51714.6,77429.2,103726.8,0.0,28.5,30.3,0,24.7,42.5,957,5470,6829,8733,10893,11330,12083,8184,30981,1764
1781966576,2AC,2106713.0,2187290.0,257602.0,238620.6,54273.6,57979.6,51736.2,77466.2,103709.0,0.0,28.5,30.3,0,24.7,42.5,957,5469,6828,8733,10891,11329,12083,8184,30981,1765
1781966874,2AC,2108089.2,2183314.8,258124.4,238290.4,54385.0,58132.6,51752.9,77633.4,103691.5,0.0,28.5,30.4,0,24.7,42.6,957,5470,6829,8732,10891,11328,12082,8183,30976,1765
1781967175,2AC,2112868.2,2188374.8,258559.2,239317.0,54345.9,58130.5,51867.7,77577.8,103673.8,0.0,28.5,30.4,0,24.6,42.6,957,5470,6827,8733,10890,11328,12081,8183,30974,1765
1781967476,2AC,2120219.0,2193990.8,258986.0,239584.1,54537.7,58285.6,51910.7,77573.7,103656.5,0.0,28.5,30.4,0,24.6,42.6,957,5470,6828,8733,10891,11328,12082,8183,30970,1764
1781967774,2AC,2118203.0,2193050.8,259028.6,239336.8,54604.3,58319.6,51946.6,77710.3,103639.8,0.0,28.5,30.4,0,24.6,42.6,956,5469,6827,8731,10890,11327,12081,8183,30972,1764
1781968075,2AC,2115822.8,2195619.0,259476.5,239883.1,54759.9,58305.0,51965.0,77893.3,103623.3,0.0,28.5,30.4,0,24.6,42.6,957,5469,6827,8733,10888,11326,12080,8181,30967,1765
1781968376,2AC,2126579.8,2205389.8,260059.8,240645.8,54729.8,58448.0,52074.8,78023.5,103606.8,0.0,28.5,30.4,0,24.6,42.7,957,5470,6827,8733,10891,11328,12082,8184,30972,1765
1781968676,2AC,2125223.2,2202526.0,259818.1,240639.4,54802.2,58548.2,52041.2,77865.0,103590.9,0.0,28.5,30.5,0,24.6,42.7,957,5470,6829,8733,10893,11328,12082,8184,30980,1766
1781968974,2AC,2133510.0,2212213.2,260996.7,241033.1,54919.3,58635.8,52127.3,78156.0,103575.1,0.0,28.5,30.5,0,24.6,42.7,957,5470,6828,8732,10893,11328,12084,8184,30973,1765
1781969275,2AC,2132592.0,2206185.2,260196.0,241499.1,54942.5,58702.6,52270.8,78244.6,103560.1,0.0,28.4,30.5,0,24.6,42.7,957,5471,6829,8735,10892,11329,12083,8185,30975,1765
1781969576,2AC,2145682.2,2217349.2,261613.1,241519.1,55106.0,58764.6,52292.9,78104.4,103546.4,0.0,28.5,30.5,0,24.6,42.7,957,5470,6829,8734,10894,11330,12086,8185,30979,1766
1781969874,2AC,2136387.8,2216480.2,260841.6,242061.8,55154.8,58823.2,52290.9,78294.2,103533.2,0.0,28.4,30.5,0,24.6,42.7,957,5471,6829,8737,10896,11332,12087,8187,30987,1766
1781970175,2AC,2145079.2,2217366.0,262093.6,242198.1,55225.2,58818.4,52336.0,78344.7,103520.3,0.0,28.5,30.5,0,24.6,42.7,957,5471,6829,8734,10894,11331,12085,8184,30984,1765
1781970476,2AC,2145412.8,2224402.8,261941.2,242456.9,55206.6,58908.6,52441.7,78290.0,103509.7,0.0,28.5,30.5,0,24.6,42.8,957,5470,6828,8733,10893,11329,12083,8183,30975,1764
1781970774,2AC,2150502.0,2229506.2,262161.6,242621.6,55236.2,58977.0,52413.7,78477.1,103497.5,0.0,28.4,30.5,0,24.6,42.8,957,5471,6828,8734,10893,11329,12083,8184,30981,1765
1781971075,2AC,2149322.2,2222118.5,262221.2,242892.8,55297.2,58998.4,52480.2,78503.9,103483.7,0.0,28.5,30.6,0,24.6,42.8,957,5472,6829,8736,10896,11333,12086,8186,30984,1765
1781971376,2AC,2154682.0,2233194.2,263484.6,243597.8,55461.7,59024.2,52490.9,78561.1,103470.8,0.0,28.5,30.6,0,24.6,42.8,957,5472,6829,8736,10892,11332,12085,8185,30981,1765
1781971674,2AC,2152029.8,2226960.2,263040.4,243545.4,55495.3,59054.7,52367.6,78730.7,103457.5,0.0,28.5,30.6,0,24.6,42.8,957,5471,6828,8735,10894,11329,12084,8185,30975,1765
1781971975,2AC,2161702.2,2238701.2,264111.3,243654.0,55557.3,59187.1,52569.6,78672.8,103444.5,0.0,28.5,30.6,0,24.6,42.8,957,5470,6828,8735,10892,11329,12085,8185,30980,1765
1781972276,2AC,2162295.0,2239617.8,263726.0,244201.8,55560.3,59227.0,52569.4,78714.2,103432.0,0.0,28.5,30.6,0,24.6,42.8,957,5472,6830,8736,10895,11331,12085,8185,30983,1765
1781972574,2AC,2166221.8,2245202.2,264100.3,244594.8,55727.0,59229.3,52700.2,78786.2,103419.8,0.0,28.5,30.6,0,24.6,42.8,957,5472,6830,8738,10896,11330,12087,8186,30984,1765
1781972875,2AC,2171926.2,2250796.0,264754.7,245065.8,55708.8,59363.2,52730.9,78848.9,103407.1,0.0,28.5,30.6,0,24.6,42.8,957,5471,6830,8736,10894,11333,12084,8185,30988,1766
1781973176,2AC,2171549.8,2243549.2,264732.6,245326.8,55859.7,59500.0,52668.7,78841.1,103393.0,0.0,28.5,30.6,0,24.6,42.9,957,5471,6829,8736,10893,11332,12085,8185,30981,1767
1781973475,2AC,2167905.2,2249211.8,265002.9,244977.1,55951.2,59471.4,52832.2,78917.9,103377.5,0.0,28.5,30.7,0,24.6,42.9,957,5471,6829,8735,10894,11329,12085,8185,30979,1765
1781973776,2AC,2174476.8,2252530.8,265555.3,245287.2,56076.2,59552.8,52797.9,79028.8,103363.3,0.0,28.4,30.7,0,24.6,42.9,957,5471,6829,8735,10892,11331,12084,8184,30985,1765
1781974077,2AC,2182974.2,2258888.8,266293.5,246068.2,56147.5,59577.2,52882.2,79028.2,103349.4,0.0,28.4,30.7,0,24.6,42.9,958,5473,6831,8738,10895,11334,12088,8187,30992,1766
1781974374,2AC,2176017.2,2256091.2,266237.2,246155.9,56040.4,59675.3,52953.8,79345.0,103335.2,0.0,28.4,30.7,0,24.6,43.0,957,5471,6829,8735,10895,11332,12085,8185,30987,1766
1781974675,2AC,2183567.0,2264520.8,266515.0,246236.0,56202.4,59832.5,53134.6,79407.5,103322.1,0.0,28.4,30.7,0,24.6,42.9,957,5470,6827,8734,10892,11329,12082,8184,30978,1765
1781974976,2AC,2191908.8,2263640.5,267037.2,246676.4,56188.0,59851.4,53062.3,79291.5,103308.6,0.0,28.4,30.7,0,24.6,42.9,957,5470,6827,8733,10892,11327,12083,8183,30981,1767
1781975274,2AC,2198690.5,2272609.2,267480.2,247231.0,56411.8,59931.7,53070.2,79547.0,103294.4,0.0,28.4,30.7,0,24.6,43.0,957,5472,6830,8738,10896,11334,12088,8186,30990,1766
1781975575,2AC,2202800.0,2273536.2,268213.1,247570.3,56461.6,60037.1,53079.8,79535.0,103280.6,0.0,28.4,30.7,0,24.6,43.0,957,5470,6828,8734,10892,11332,12086,8185,30981,1765
1781975876,2AC,2203277.8,2281727.2,268112.5,247942.8,56493.5,60026.1,53286.9,79605.0,103267.8,0.0,28.4,30.8,0,24.6,43.0,957,5471,6828,8735,10890,11329,12082,8183,30981,1765
1781976174,2AC,2203546.8,2277361.2,268426.1,247978.1,56552.2,60172.3,53329.3,79679.1,103255.1,0.0,28.4,30.8,0,24.5,43.0,957,5471,6829,8736,10895,11331,12085,8185,30988,1765
1781976475,2AC,2213072.0,2287921.2,269243.8,248654.3,56583.9,60206.3,53330.2,79852.3,103243.0,0.0,28.4,30.8,0,24.5,43.0,957,5470,6827,8734,10892,11329,12082,8182,30978,1764
1781976776,2AC,2210679.5,2284880.2,269057.8,248993.0,56680.1,60275.8,53429.8,79827.3,103230.7,0.0,28.4,30.8,0,24.5,43.0,957,5468,6827,8732,10891,11328,12082,8183,30976,1764
1781977074,2AC,2219564.8,2293928.2,269991.7,249352.8,56714.3,60346.6,53372.6,79890.7,103218.2,0.0,28.4,30.8,0,24.5,43.0,957,5470,6829,8736,10894,11330,12084,8184,30982,1765
1781977375,2AC,2214175.8,2287679.0,270238.7,249298.0,56924.7,60393.1,53457.8,79870.9,103207.3,0.0,28.4,30.8,0,24.5,43.0,957,5470,6829,8736,10893,11331,12086,8185,30984,1765
1781977676,2AC,2214926.8,2290678.2,270368.2,249543.1,56966.1,60452.2,53595.9,80070.6,103194.8,0.0,28.4,30.8,0,24.5,43.1,957,5470,6828,8735,10894,11329,12085,8185,30980,1765
1781977977,2AC,2230179.8,2299415.2,270542.2,250453.3,56955.6,60585.6,53588.9,80183.7,103184.0,0.0,28.4,30.9,0,24.5,43.1,957,5470,6827,8734,10890,11328,12083,8182,30981,1766
1781978275,2AC,2232330.2,2303744.8,271163.3,250535.6,57023.3,60633.5,53621.8,80130.4,103173.2,0.0,28.4,30.9,0,24.5,43.1,957,5472,6829,8737,10895,11332,12087,8185,30984,1766
1781978576,2AC,2232267.8,2303700.8,271222.7,250657.6,57130.7,60591.4,53684.0,80125.8,103162.0,0.0,28.4,30.9,0,24.5,43.1,957,5472,6830,8738,10897,11334,12088,8187,30988,1766
1781978877,2AC,2229770.2,2306578.0,271868.1,250730.6,57025.3,60761.0,53790.9,80241.8,103151.3,0.0,28.4,30.8,0,24.5,43.1,957,5472,6831,8740,10897,11334,12089,8188,30991,1767
1781979175,2AC,2235962.8,2310503.0,271648.8,251144.3,57220.4,60827.9,53780.6,80430.5,103139.3,0.0,28.4,30.9,0,24.5,43.1,957,5473,6830,8739,10898,11334,12089,8189,30997,1767
1781979476,2AC,2236995.8,2312985.2,272259.3,251813.8,57358.0,60859.8,53834.5,80421.9,103128.5,0.0,28.4,30.9,0,24.5,43.1,957,5471,6828,8736,10895,11333,12086,8186,30987,1766
1781979777,2AC,2251998.0,2320026.2,273043.9,252045.4,57432.4,60911.3,53885.6,80600.7,103117.6,0.0,28.4,30.9,0,24.5,43.2,957,5470,6828,8735,10892,11329,12085,8184,30981,1765
1781980075,2AC,2253336.0,2328452.2,273205.3,252411.1,57396.7,61024.1,53843.2,80668.0,103107.2,0.0,28.4,30.9,0,24.5,43.2,957,5472,6829,8736,10894,11331,12086,8184,30980,1765
1781980375,2AC,2253429.0,2326324.2,273787.1,252657.5,57475.6,61137.6,53994.6,80729.4,103096.9,0.0,28.4,30.9,0,24.5,43.2,957,5471,6829,8736,10895,11332,12087,8185,30988,1767
1781980676,2AC,2261325.0,2330295.0,273621.9,253034.3,57549.6,61037.9,54075.5,80739.2,103086.8,0.0,28.4,30.9,0,24.5,43.2,957,5473,6831,8738,10896,11332,12087,8186,30987,1767
1781980974,2AC,2249227.2,2328951.8,273604.7,253402.7,57655.9,61147.6,54078.0,80752.7,103076.6,0.0,28.4,31.0,0,24.5,43.2,957,5472,6830,8738,10896,11333,12087,8186,30984,1767
1781981275,2AC,2261365.0,2335415.8,274622.9,253410.9,57732.7,61260.5,54193.1,80910.0,103065.8,0.0,28.4,30.9,0,24.5,43.2,957,5472,6830,8737,10893,11333,12086,8186,30983,1766
1781981576,2AC,2260002.8,2333945.8,274620.7,253367.0,57719.0,61295.2,54216.6,81128.7,103055.5,0.0,28.4,30.9,0,24.5,43.2,957,5472,6829,8738,10896,11332,12086,8187,30981,1768
1781981873,2AC,2262478.0,2342481.8,274918.9,254720.0,57893.4,61338.0,54180.3,81118.5,103044.5,0.0,28.4,31.0,0,24.5,43.2,957,5473,6831,8739,10898,11335,12090,8188,30994,1768
1781982175,2AC,2266107.0,2342613.8,275418.1,254678.1,57952.3,61388.2,54298.3,81021.9,103034.3,0.0,28.4,31.0,0,24.5,43.3,957,5472,6830,8737,10894,11332,12086,8185,30984,1767
1781982476,2AC,2267611.0,2340177.0,275879.8,255166.1,57936.1,61485.2,54331.9,81316.6,103024.0,0.0,28.4,31.0,0,24.5,43.2,957,5471,6828,8736,10894,11331,12086,8184,30982,1765
1781982777,2AC,2276925.5,2350541.8,275672.5,255028.3,58059.4,61556.3,54313.4,81385.1,103014.5,0.0,28.4,31.0,0,24.5,43.3,957,5471,6829,8736,10895,11332,12087,8186,30989,1765
1781983075,2AC,2279687.8,2354963.8,276402.0,255622.0,58076.3,61588.6,54296.3,81502.8,103005.0,0.0,28.4,31.0,0,24.5,43.3,957,5471,6826,8735,10893,11330,12083,8183,30980,1764
1781983376,2AC,2286787.2,2353755.8,276852.0,255701.0,58153.8,61712.9,54370.7,81503.4,102996.4,0.0,28.4,31.0,0,24.5,43.3,957,5472,6829,8739,10899,11334,12089,8188,30990,1765
1781983677,2AC,2281879.8,2356702.8,276550.5,256115.3,58202.4,61812.0,54460.8,81554.4,102986.1,0.0,28.4,31.0,0,24.5,43.3,957,5471,6829,8736,10896,11333,12087,8185,30991,1765
1781983975,2AC,2285788.2,2351386.2,277294.5,256380.5,58317.8,61812.8,54647.9,81622.2,102976.9,0.0,28.4,31.0,0,24.5,43.3,957,5472,6830,8739,10897,11333,12087,8186,30989,1765
1781984276,2AC,2295294.2,2360429.2,277611.0,256579.7,58394.0,61865.2,54550.9,81723.0,102966.8,0.0,28.4,31.0,0,24.5,43.3,957,5472,6831,8739,10896,11333,12087,8187,30989,1766
1781984577,2AC,2291684.8,2361479.8,277410.3,256772.3,58428.4,61946.9,54590.7,81793.4,102956.7,0.0,28.4,31.1,0,24.5,43.3,957,5471,6830,8738,10897,11332,12087,8186,30989,1766
1781984875,2AC,2295409.0,2361089.2,277990.9,256960.7,58467.8,61921.8,54660.1,81839.8,102946.8,0.0,28.4,31.0,0,24.5,43.3,957,5470,6828,8737,10896,11332,12086,8185,30984,1765
1781985176,2AC,2301832.0,2375941.2,279231.7,257719.8,58568.4,61948.9,54629.4,81803.1,102936.6,0.0,28.4,31.1,0,24.5,43.4,958,5473,6832,8741,10901,11338,12091,8189,30999,1766
1781985477,2AC,2301865.2,2374605.2,278820.3,258271.5,58596.1,62111.4,54813.5,81879.5,102926.6,0.0,28.4,31.1,0,24.5,43.3,957,5473,6830,8739,10897,11332,12087,8185,30986,1765
1781985774,2AC,2305712.2,2381161.8,279584.1,258767.1,58721.4,62146.3,54755.4,81961.3,102916.6,0.0,28.4,31.1,0,24.5,43.4,957,5470,6828,8737,10893,11330,12087,8184,30978,1767
1781986076,2AC,2311617.5,2385430.2,280063.0,258342.0,58839.0,62351.4,54884.8,81968.3,102906.5,0.0,28.4,31.1,0,24.5,43.4,957,5471,6829,8737,10894,11330,12085,8185,30982,1764
1781986376,2AC,2315201.8,2387853.8,280456.5,259730.0,58805.1,62315.9,54961.3,82189.6,102896.8,0.0,28.4,31.1,0,24.5,43.4,957,5472,6828,8738,10897,11332,12087,8185,30987,1767
1781986674,2AC,2325693.2,2386307.8,280185.0,259316.4,58941.7,62335.9,54816.6,82153.9,102887.8,0.0,28.4,31.1,0,24.5,43.4,957,5472,6829,8738,10899,11334,12089,8188,30991,1768
1781986976,2AC,2324403.0,2397604.8,280911.7,259817.7,59041.7,62488.1,55012.5,82166.8,102877.9,0.0,28.4,31.1,0,24.5,43.4,957,5473,6829,8739,10896,11331,12086,8187,30986,1765
1781987277,2AC,2319084.0,2393205.8,281233.8,259543.4,58953.7,62611.8,54998.0,82114.7,102867.2,0.0,28.4,31.1,0,24.5,43.4,957,5473,6830,8740,10898,11335,12089,8188,30989,1766
1781987574,2AC,2333890.8,2401802.8,281956.6,260911.0,59083.0,62542.2,55061.9,82364.2,102857.2,0.0,28.4,31.2,0,24.5,43.4,957,5472,6829,8737,10894,11331,12085,8185,30978,1767
1781987875,2AC,2339168.0,2407072.2,282057.3,260730.8,59114.9,62752.7,55256.1,82441.1,102848.3,0.0,28.4,31.1,0,24.5,43.4,958,5474,6832,8741,10903,11339,12092,8190,31002,1766
1781988176,2AC,2335393.0,2403275.2,282568.0,260759.1,59240.3,62638.9,55182.1,82444.9,102838.7,0.0,28.4,31.2,0,24.5,43.5,957,5473,6830,8740,10898,11335,12089,8187,30989,1766
1781988473,2AC,2347942.8,2415921.0,282960.6,261773.5,59369.8,62778.2,55201.8,82595.5,102830.3,0.0,28.4,31.2,0,24.5,43.4,957,5474,6831,8741,10898,11336,12090,8187,30993,1768
1781988775,2AC,2347802.0,2418410.2,283603.8,262056.6,59376.9,62812.8,55163.6,82651.8,102820.7,0.0,28.4,31.2,0,24.5,43.5,957,5474,6830,8740,10899,11334,12090,8188,30996,1767
1781989076,2AC,2349997.8,2421616.8,283739.8,262263.6,59528.6,62993.2,55315.8,82628.4,102811.6,0.0,28.4,31.2,0,24.5,43.5,957,5473,6830,8739,10897,11335,12088,8187,30992,1765
1781989376,2AC,2349430.2,2418910.8,283479.4,262283.5,59478.6,63029.0,55368.3,82897.0,102803.0,0.0,28.4,31.2,0,24.5,43.5,958,5472,6830,8739,10895,11334,12089,8187,30986,1768
1781989674,2AC,2352561.0,2424939.0,284327.8,263263.3,59428.2,63065.9,55461.9,82777.4,102793.2,0.0,28.4,31.2,0,24.5,43.5,957,5473,6831,8740,10895,11333,12088,8186,30993,1767
1781989975,2AC,2355220.2,2423852.2,284224.2,262918.0,59709.7,63089.9,55604.6,82874.5,102783.7,0.0,28.4,31.2,0,24.5,43.5,958,5474,6831,8742,10900,11336,12092,8189,30997,1766
1781990276,2AC,2366999.2,2435927.2,285278.0,263586.1,59754.7,63216.3,55485.9,83021.6,102774.6,0.0,28.4,31.2,0,24.5,43.5,957,5473,6831,8740,10899,11334,12088,8187,30989,1765
1781990574,2AC,2373584.8,2441422.2,285867.7,264452.1,59855.8,63310.6,55630.9,83099.8,102766.3,0.0,28.4,31.2,0,24.5,43.5,958,5474,6831,8741,10899,11336,12089,8187,30992,1766
1781990875,2AC,2364618.0,2440602.2,286001.7,263873.5,59899.8,63361.1,55622.5,83032.9,102757.8,0.0,28.4,31.2,0,24.5,43.5,958,5474,6832,8741,10900,11337,12092,8189,30994,1765
1781991176,2AC,2370357.0,2439033.8,285792.0,264349.3,59957.0,63453.0,55651.6,83435.8,102749.6,0.0,28.4,31.2,0,24.5,43.5,957,5471,6829,8738,10897,11333,12088,8186,30988,1767
1781991477,2AC,2375190.2,2447186.2,286320.3,264913.6,60069.5,63472.2,55663.3,83182.3,102741.5,0.0,28.4,31.2,0,24.5,43.5,958,5474,6831,8741,10898,11334,12090,8186,30990,1766
1781991775,2AC,2374952.5,2451104.8,286569.0,264901.0,60008.5,63519.9,55729.4,83564.3,102734.5,0.0,28.4,31.3,0,24.5,43.5,957,5471,6829,8738,10896,11332,12087,8187,30990,1766
1781992076,2AC,2377979.8,2446291.2,286377.0,265328.3,60085.2,63584.3,55851.3,83461.1,102727.4,0.0,28.4,31.3,0,24.5,43.6,957,5474,6831,8741,10897,11335,12089,8187,30990,1765
1781992376,2AC,2384871.2,2451486.0,287075.3,265444.8,60258.5,63638.1,55784.1,83664.0,102719.9,0.0,28.4,31.3,0,24.5,43.5,958,5475,6832,8742,10900,11337,12091,8189,30998,1767
1781992674,2AC,2388553.2,2457004.2,287907.5,265882.7,60244.7,63754.9,55888.6,83799.3,102712.5,0.0,28.4,31.3,0,24.5,43.6,957,5473,6832,8741,10901,11336,12092,8189,30996,1766
1781992975,2AC,2393932.2,2462914.2,288474.0,266025.8,60327.9,63865.1,55872.4,83783.3,102706.7,0.0,28.4,31.3,0,24.5,43.6,958,5475,6833,8743,10901,11339,12094,8190,31006,1766
1781993276,2AC,2390195.0,2458832.2,288107.9,266920.8,60368.0,63827.3,55933.9,83800.7,102699.6,0.0,28.4,31.3,0,24.5,43.6,958,5475,6833,8742,10903,11337,12093,8190,31001,1767
1781993577,2AC,2396772.2,2461531.0,288440.8,266879.3,60474.8,64014.4,56008.5,83839.3,102692.3,0.0,28.4,31.3,0,24.5,43.6,958,5474,6832,8739,10897,11335,12090,8187,30986,1765
1781993875,2AC,2400608.8,2469590.0,288783.9,267070.5,60501.1,64046.9,56016.3,83974.8,102686.0,0.0,28.4,31.3,0,24.5,43.6,958,5474,6832,8741,10900,11338,12093,8189,31001,1766
1781994175,2AC,2403944.0,2467725.0,289146.1,267215.9,60498.2,64075.5,55977.4,83908.3,102679.4,0.0,28.4,31.3,0,24.5,43.6,958,5476,6833,8742,10900,11339,12093,8189,31001,1766
1781994476,2AC,2412678.8,2476663.5,290063.0,267619.7,60579.6,64100.0,56127.5,84005.5,102673.0,0.0,28.4,31.3,0,24.5,43.6,957,5474,6832,8740,10898,11335,12090,8188,30997,1768
1781994777,2AC,2405754.8,2472056.2,289429.2,267596.9,60690.9,64099.7,56049.6,84054.9,102666.1,0.0,28.4,31.3,0,24.5,43.6,958,5474,6832,8740,10898,11335,12090,8188,30994,1766
1781995074,2AC,2414581.0,2476484.2,290552.1,267967.2,60738.9,64165.7,56186.1,84089.8,102659.3,0.0,28.4,31.3,0,24.6,43.6,957,5473,6830,8737,10897,11332,12087,8185,30987,1767
1781995375,2AC,2414188.2,2485902.8,290534.5,268415.5,60684.5,64181.5,56308.5,84207.7,102652.8,0.0,28.4,31.3,0,24.6,43.7,957,5473,6832,8740,10897,11334,12089,8187,30990,1765
1781995676,2AC,2425401.2,2491669.8,290892.0,268660.1,60905.9,64309.8,56305.2,84170.9,102643.9,0.0,28.4,31.3,0,24.6,43.7,958,5474,6832,8742,10899,11338,12091,8189,30999,1768
1781995977,2AC,2425844.8,2495138.0,291228.0,269227.6,60883.8,64362.4,56318.2,84364.2,102642.4,0.0,28.4,31.3,0,24.6,43.7,958,5475,6834,8744,10900,11337,12092,8190,31003,1766
1781996274,2AC,2428006.0,2498432.0,291662.6,269502.9,60983.7,64400.0,56316.7,84291.1,102642.0,0.0,28.5,31.4,0,24.6,43.7,958,5475,6833,8741,10900,11337,12091,8188,30996,1768
1781996575,2AC,2427196.2,2490847.8,292313.5,269553.2,60976.7,64461.0,56296.8,84298.6,102637.9,0.0,28.5,31.4,0,24.6,43.7,957,5474,6832,8740,10896,11334,12088,8187,30987,1766
1781996876,2AC,2429612.8,2497497.8,291858.6,269501.7,60998.0,64398.9,56370.1,84307.1,102632.7,0.0,28.5,31.3,0,24.6,43.7,957,5474,6833,8742,10898,11336,12091,8190,31002,1765
1781997174,2AC,2426453.0,2499236.8,292253.6,270042.6,61072.0,64400.2,56386.0,84447.5,102627.0,0.0,28.5,31.4,0,24.6,43.7,957,5474,6832,8740,10900,11336,12091,8189,31004,1765
1781997475,2AC,2432763.2,2499029.2,292966.6,270263.0,61113.5,64597.1,56406.1,84501.9,102621.7,0.0,28.5,31.3,0,24.6,43.7,957,5474,6832,8739,10897,11335,12089,8187,30997,1766
1781997775,2AC,2434841.8,2500925.8,293303.2,270571.2,61173.4,64631.9,56487.1,84571.6,102616.0,0.0,28.5,31.3,0,24.6,43.7,957,5474,6832,8739,10898,11336,12090,8187,30990,1768
1781998076,2AC,2437901.0,2500734.8,293035.2,270538.6,61184.1,64593.1,56431.7,84650.9,102609.9,0.0,28.5,31.4,0,24.6,43.7,958,5474,6834,8741,10898,11337,12091,8187,30998,1765
1781998377,2AC,2442173.0,2502953.8,292871.0,271067.5,61337.7,64676.8,56560.0,84537.0,102602.5,0.0,28.5,31.4,0,24.6,43.7,958,5475,6835,8743,10901,11338,12094,8189,31001,1766
1781998675,2AC,2440678.8,2500866.8,293497.7,271304.7,61332.1,64739.1,56569.0,84724.8,102596.7,0.0,28.5,31.4,0,24.7,43.7,958,5475,6834,8742,10897,11335,12091,8188,31000,1766
1781998976,2AC,2447967.2,2509710.8,294125.8,271198.5,61415.8,64815.3,56417.3,84666.5,102591.7,0.0,28.5,31.4,0,24.7,43.8,958,5476,6835,8741,10900,11337,12092,8188,30998,1766
1781999276,2AC,2452006.0,2513295.8,294351.4,271795.4,61400.6,64828.9,56633.2,84824.5,102585.0,0.0,28.5,31.4,0,24.7,43.8,958,5475,6835,8743,10900,11337,12094,8190,31005,1768
1781999574,2AC,2453710.0,2513979.8,294104.5,271753.1,61647.0,64971.1,56571.0,84917.3,102578.0,0.0,28.6,31.4,0,24.7,43.8,958,5474,6834,8741,10899,11336,12091,8187,30999,1767
1781999875,2AC,2449921.8,2510978.2,294087.5,272084.6,61654.9,64926.5,56704.1,84887.3,102571.1,0.0,28.5,31.4,0,24.7,43.7,958,5475,6833,8740,10898,11335,12089,8187,30995,1766
1782000176,2AC,2456798.2,2517509.8,295149.0,272681.5,61561.3,65013.9,56710.5,85028.4,102565.1,0.0,28.6,31.4,0,24.7,43.7,958,5474,6834,8739,10898,11336,12091,8187,30996,1765
1782000474,2AC,2456820.0,2527496.2,295246.7,272519.2,61743.6,65045.1,56830.3,85016.5,102559.9,0.0,28.6,31.4,0,24.7,43.8,958,5477,6836,8743,10900,11339,12092,8189,31004,1766
1782000775,2AC,2468479.8,2525146.2,295639.6,273374.2,61853.7,65219.2,56733.9,84986.4,102552.6,0.0,28.6,31.5,0,24.7,43.8,958,5477,6837,8744,10904,11343,12096,8191,31010,1768
1782001076,2AC,2463158.8,2528737.8,295865.3,273419.9,61851.9,65240.6,56801.2,85083.1,102544.0,0.0,28.6,31.5,0,24.7,43.8,958,5476,6837,8743,10903,11340,12096,8191,31004,1767
1782001377,2AC,2469858.8,2531400.2,296973.4,273835.5,61839.4,65116.9,56826.8,85251.3,102535.5,0.0,28.6,31.5,0,24.7,43.8,958,5477,6837,8744,10903,11339,12095,8191,31009,1766
1782001674,2AC,2475309.8,2537220.2,296825.1,273909.5,61962.4,65369.2,56896.5,85175.8,102529.2,0.0,28.6,31.5,0,24.7,43.8,957,5474,6835,8741,10898,11335,12089,8188,30990,1765
1782001976,2AC,2482642.8,2535638.8,296811.0,274288.4,61983.6,65324.2,56956.8,85286.1,102521.1,0.0,28.6,31.5,0,24.7,43.8,958,5475,6836,8742,10899,11337,12092,8189,31001,1766
1782002277,2AC,2479930.2,2545265.8,297564.0,275003.0,62017.0,65526.3,57062.6,85236.4,102513.9,0.0,28.6,31.5,0,24.7,43.8,958,5476,6835,8741,10898,11335,12091,8188,30998,1765
1782002574,2AC,2488290.0,2540890.5,298425.3,274762.7,62239.7,65586.0,57140.7,85395.5,102505.1,0.0,28.6,31.5,0,24.7,43.8,958,5475,6835,8740,10897,11336,12088,8187,30992,1765
1782002875,2AC,2494506.8,2548230.8,297920.6,275354.3,62222.4,65533.9,57095.6,85530.9,102492.2,0.0,28.6,31.5,0,24.7,43.8,958,5475,6834,8741,10897,11335,12090,8187,30998,1768
1782003176,2AC,2495333.0,2555011.0,298766.0,275975.8,62398.0,65647.4,57204.2,85651.3,102477.6,0.0,28.6,31.5,0,24.7,43.8,958,5475,6834,8742,10901,11337,12093,8189,31003,1766
1782003474,2AC,2498154.0,2558815.0,299090.2,276301.3,62500.1,65766.4,57236.7,85816.0,102463.2,0.0,28.6,31.5,0,24.7,43.9,958,5476,6835,8741,10897,11335,12090,8188,30993,1765
1782003775,2AC,2504702.8,2560708.5,299000.3,276841.3,62489.4,66014.6,57366.5,85832.5,102447.6,0.0,28.5,31.5,0,24.7,43.9,957,5474,6831,8739,10896,11333,12088,8187,30987,1765
1782004076,2AC,2514626.2,2574569.8,300419.5,277527.5,62696.1,66039.4,57414.6,85847.2,102432.5,0.0,28.5,31.5,0,24.6,43.9,958,5478,6835,8744,10905,11343,12097,8191,31011,1766
1782004374,2AC,2518635.8,2580938.8,301287.6,278160.6,62739.4,66070.0,57526.9,85989.1,102416.9,0.0,28.5,31.6,0,24.6,43.9,958,5477,6836,8744,10901,11338,12094,8190,31004,1766
1782004674,2AC,2526176.8,2582157.8,301402.2,278564.6,62930.2,66294.0,57536.5,86038.7,102401.8,0.0,28.5,31.6,0,24.6,43.9,958,5475,6835,8744,10903,11340,12096,8190,31010,1768
1782004976,2AC,2526682.8,2589027.8,302373.3,279102.8,62966.5,66466.0,57677.2,86242.3,102386.1,0.0,28.5,31.6,0,24.6,43.9,958,5475,6834,8744,10901,11339,12093,8189,31002,1767
1782005277,2AC,2534169.8,2601974.2,303173.6,279835.3,63157.7,66467.8,57824.1,86583.6,102370.7,0.0,28.4,31.6,0,24.6,43.9,958,5476,6835,8744,10901,11338,12093,8189,30995,1766
1782005574,2AC,2540676.8,2605984.2,303151.5,280330.6,63356.1,66613.1,57901.8,86532.5,102354.8,0.0,28.4,31.6,0,24.6,43.9,958,5475,6834,8744,10899,11339,12093,8189,31001,1766
1782005875,2AC,2552474.2,2613502.8,304170.5,281259.9,63440.0,66895.2,57965.4,86612.0,102339.6,0.0,28.4,31.6,0,24.5,43.9,958,5477,6834,8745,10903,11339,12094,8190,31002,1768
1782006176,2AC,2559307.0,2618938.2,305581.0,281761.6,63572.5,66862.3,58154.3,86923.1,102325.2,0.0,28.4,31.6,0,24.5,43.9,958,5475,6833,8743,10901,11338,12091,8188,30997,1766
1782006474,2AC,2566270.8,2621804.8,305828.0,282327.3,63582.5,66978.8,58121.8,86853.9,102310.2,0.0,28.4,31.6,0,24.5,43.9,958,5476,6833,8746,10904,11340,12095,8191,31008,1767
1782006774,2AC,2579381.8,2635690.0,305966.2,282988.0,63869.7,67163.8,58291.2,87194.8,102295.2,0.0,28.3,31.6,0,24.5,43.9,958,5476,6833,8745,10903,11340,12095,8190,31005,1768
1782007076,2AC,2587513.8,2659724.2,307131.7,284084.0,63929.3,67325.1,58297.2,87190.9,102280.6,0.0,28.3,31.6,0,24.4,44.0,957,5474,6832,8742,10900,11336,12091,8188,30992,1766
1782007377,2AC,2590423.0,2658467.8,307620.0,284476.3,63951.5,67340.9,58474.3,87430.5,102266.2,0.0,28.3,31.6,0,24.4,43.9,958,5474,6832,8742,10903,11338,12094,8190,30997,1766
1782007674,2AC,2605983.2,2672232.8,308515.4,284925.5,64225.5,67545.0,58563.1,87711.8,102252.8,0.0,28.3,31.6,0,24.4,43.9,957,5472,6828,8740,10896,11333,12087,8184,30983,1766
1782007975,2AC,2612809.2,2681231.8,308884.7,285581.6,64298.2,67703.6,58628.7,87690.2,102240.5,0.0,28.2,31.6,0,24.4,44.0,957,5471,6828,8741,10901,11336,12089,8188,30991,1766
1782008276,2AC,2614718.2,2681845.8,309586.3,286306.1,64309.2,67725.3,58726.4,87751.8,102227.5,0.0,28.2,31.6,0,24.4,43.9,958,5471,6828,8739,10898,11333,12088,8186,30989,1766
1782008576,2AC,2629850.0,2693455.2,310620.1,286861.0,64587.7,68004.0,58755.8,87883.2,102215.0,0.0,28.2,31.7,0,24.4,44.0,957,5473,6830,8742,10899,11336,12090,8187,30993,1768
1782008874,2AC,2640938.2,2702445.0,312215.8,287367.8,64514.1,68021.8,58807.2,88057.5,102202.3,0.0,28.2,31.6,0,24.3,44.0,958,5473,6829,8741,10900,11335,12092,8186,30992,1766
1782009174,2AC,2644940.0,2705912.0,312156.4,288191.9,64752.5,68145.5,58948.7,88167.1,102189.9,0.0,28.2,31.7,0,24.3,44.0,957,5474,6829,8740,10901,11337,12090,8187,30992,1767
1782009476,2AC,2649399.2,2717450.0,313120.0,288953.7,64832.0,68200.6,59043.4,88321.1,102177.1,0.0,28.2,31.6,0,24.3,44.0,957,5473,6830,8742,10901,11339,12092,8187,30996,1767
1782009777,2AC,2658849.8,2717808.0,313250.2,289129.7,64995.9,68355.8,59128.7,88627.9,102165.1,0.0,28.2,31.7,0,24.3,44.0,957,5472,6828,8741,10898,11334,12089,8185,30988,1766
1782010074,2AC,2658972.0,2729691.8,314031.0,290075.5,65142.3,68483.7,59321.0,88460.8,102154.3,0.0,28.1,31.7,0,24.3,44.0,957,5473,6830,8743,10903,11338,12092,8188,30995,1766
1782010375,2AC,2664481.8,2731606.0,314997.0,290488.2,65215.7,68553.8,59359.4,88579.2,102144.0,0.0,28.1,31.7,0,24.3,44.0,957,5473,6828,8742,10898,11334,12089,8186,30991,1768
1782010676,2AC,2673238.2,2736851.0,315604.2,290737.8,65298.4,68620.3,59380.1,88967.5,102133.1,0.0,28.1,31.7,0,24.2,44.0,957,5472,6828,8742,10900,11336,12091,8188,30991,1767
1782010974,2AC,2680197.0,2747057.2,315899.1,291777.5,65489.3,68890.7,59538.3,88603.1,102123.0,0.0,28.1,31.7,0,24.2,44.0,957,5473,6829,8745,10899,11336,12090,8187,30986,1766
1782011275,2AC,2689138.8,2747842.2,316238.6,292973.1,65606.5,68831.1,59605.6,89094.2,102113.0,0.0,28.1,31.7,0,24.2,44.0,958,5473,6829,8746,10902,11335,12093,8187,30996,1766
1782011576,2AC,2696661.0,2764618.0,317686.1,292454.6,65668.8,68902.0,59611.7,89204.8,102103.7,0.0,28.1,31.7,0,24.2,44.0,958,5473,6829,8744,10901,11336,12092,8189,30992,1766
1782011874,2AC,2698568.2,2765549.2,317713.0,293445.7,65757.3,69216.5,59749.9,89252.9,102094.8,0.0,28.1,31.7,0,24.2,44.1,958,5475,6831,8746,10906,11341,12098,8191,31009,1768
1782012175,2AC,2706596.8,2773304.2,317801.5,293326.8,65755.6,69205.8,59829.8,89256.9,102085.3,0.0,28.1,31.7,0,24.2,44.0,957,5474,6829,8744,10902,11340,12094,8189,30998,1767
1782012476,2AC,2708134.8,2765868.2,318213.5,294157.8,65887.6,69395.3,59982.2,89442.8,102076.5,0.0,28.0,31.7,0,24.2,44.0,957,5475,6830,8747,10905,11340,12095,8191,31006,1768
1782012774,2AC,2717448.2,2776388.8,319624.8,294737.1,66071.6,69486.7,60041.2,89590.8,102067.8,0.0,28.0,31.7,0,24.2,44.1,957,5472,6828,8742,10901,11338,12094,8187,30999,1768
1782013075,2AC,2719905.2,2782445.8,319735.8,295929.0,66068.1,69542.4,59994.9,89574.1,102058.9,0.0,28.0,31.8,0,24.2,44.1,957,5473,6827,8743,10903,11339,12092,8189,31000,1768
1782013376,2AC,2727919.2,2792454.8,320460.1,296038.4,66238.8,69646.7,60154.4,89813.2,102050.3,0.0,28.0,31.8,0,24.1,44.1,958,5475,6830,8747,10904,11339,12095,8190,31007,1767
1782013674,2AC,2733530.2,2801295.0,320938.7,296622.1,66436.5,69602.1,60265.5,89999.8,102044.5,0.0,28.0,31.8,0,24.1,44.1,958,5473,6828,8745,10902,11339,12093,8189,31000,1767
1782013975,2AC,2745967.0,2800796.0,321490.5,296822.4,66424.0,69839.8,60335.1,89840.6,102035.5,0.0,28.0,31.8,0,24.1,44.1,958,5475,6830,8747,10905,11339,12095,8190,31003,1767
1782014276,2AC,2741921.5,2808109.0,322156.2,297367.6,66680.1,69961.8,60294.1,90064.1,102027.0,0.0,28.0,31.8,0,24.1,44.1,958,5475,6829,8745,10905,11341,12095,8189,31001,1767
1782014574,2AC,2750505.8,2810618.8,322388.3,298155.9,66589.3,69967.3,60423.0,90242.7,102018.6,0.0,28.0,31.8,0,24.1,44.1,958,5474,6828,8745,10902,11339,12092,8188,30994,1767
1782014875,2AC,2760333.0,2817466.0,323178.8,298336.5,66777.8,70128.4,60464.5,90291.3,102010.6,0.0,28.0,31.8,0,24.1,44.1,957,5472,6827,8742,10903,11339,12094,8189,30991,1767
1782015176,2AC,2762287.8,2828310.2,323613.0,299015.9,66869.1,70041.4,60409.1,90358.9,102003.4,0.0,28.0,31.8,0,24.1,44.1,957,5473,6828,8746,10904,11338,12094,8189,30996,1767
1782015474,2AC,2776957.8,2824093.0,324499.5,299480.7,67030.3,70310.1,60552.1,90433.0,101996.7,0.0,28.0,31.8,0,24.1,44.1,957,5474,6828,8746,10904,11338,12096,8189,30996,1767
1782015774,2AC,2776320.8,2842781.8,325267.3,299695.7,67060.3,70424.2,60742.2,90614.2,101988.6,0.0,28.0,31.8,0,24.1,44.1,958,5475,6828,8746,10906,11340,12097,8191,31004,1769
1782016075,2AC,2787390.5,2847458.0,326470.1,300863.0,67214.8,70576.5,60782.8,90662.1,101980.8,0.0,27.9,31.8,0,24.1,44.1,958,5473,6827,8745,10903,11337,12092,8189,31000,1769
1782016377,2AC,2793672.0,2857317.2,326922.6,300966.2,67341.8,70630.8,60877.1,90732.5,101973.7,0.0,27.9,31.8,0,24.1,44.1,957,5472,6827,8743,10901,11334,12090,8187,30988,1767
1782016674,2AC,2812213.2,2865178.0,327399.5,301559.0,67410.5,70836.6,60873.6,90684.9,101967.3,0.0,27.9,31.8,0,24.1,44.1,957,5472,6826,8743,10899,11333,12089,8184,30985,1766
1782016975,2AC,2819100.0,2873535.2,327986.2,302316.3,67544.8,70731.2,60698.6,90889.4,101961.8,0.0,27.9,31.8,0,24.0,44.1,957,5471,6826,8744,10901,11336,12092,8187,30991,1766
1782017276,2AC,2827743.2,2889336.0,328792.9,302635.2,67579.1,70913.6,61006.7,90960.2,101955.1,0.0,27.9,31.8,0,24.0,44.1,957,5472,6827,8745,10902,11337,12092,8187,30989,1768
1782017574,2AC,2835958.2,2883020.8,329021.5,302796.3,67602.6,71004.6,61147.4,90917.2,101948.9,0.0,27.9,31.8,0,24.0,44.1,957,5472,6825,8745,10901,11338,12092,8188,30990,1767
1782017875,2AC,2837285.8,2893546.8,329236.7,303582.9,67827.3,71108.9,61155.5,91350.2,101942.4,0.0,27.9,31.8,0,24.0,44.1,957,5471,6825,8743,10901,11336,12091,8187,30994,1766
1782018176,2AC,2838026.2,2895389.2,329804.7,303651.1,67836.5,71152.1,61128.6,91213.4,101937.1,0.0,27.9,31.8,0,24.0,44.1,957,5472,6826,8743,10900,11336,12091,8186,30991,1768
1782018474,2AC,2845712.8,2908161.0,330762.6,304223.1,67986.4,71323.5,61250.5,91479.5,101931.5,0.0,27.9,31.8,0,24.0,44.2,957,5472,6826,8744,10902,11337,12092,8186,30991,1769
1782018775,2AC,2846735.8,2914584.2,330652.5,304542.3,68029.4,71328.9,61211.7,91458.1,101925.8,0.0,27.9,31.8,0,24.0,44.1,957,5471,6825,8743,10901,11337,12090,8186,30988,1769
1782019076,2AC,2854127.2,2920122.2,331656.8,305653.7,68193.0,71539.6,61438.8,91610.0,101920.1,0.0,27.9,31.8,0,24.0,44.2,957,5471,6824,8741,10900,11334,12089,8187,30993,1768
1782019374,2AC,2865215.8,2923468.2,331959.4,305503.5,68250.0,71568.9,61394.3,91741.1,101914.5,0.0,27.9,31.8,0,24.0,44.1,958,5474,6826,8745,10902,11338,12090,8187,30988,1767
1782019675,2AC,2869638.8,2937859.0,333035.8,306075.9,68316.3,71689.7,61356.9,91846.2,101909.7,0.0,27.9,31.9,0,24.0,44.2,957,5471,6826,8746,10901,11337,12092,8188,30989,1767
1782019976,2AC,2875556.8,2936901.2,333045.4,307361.2,68448.8,71712.7,61685.8,91961.7,101904.8,0.0,27.9,31.9,0,24.0,44.2,957,5472,6827,8745,10903,11339,12093,8188,30994,1767
1782020274,2AC,2882864.2,2941655.2,334273.0,306644.0,68532.5,71896.9,61714.0,91841.0,101899.8,0.0,27.8,31.9,0,24.0,44.2,957,5472,6827,8746,10902,11335,12092,8187,30991,1767
1782020575,2AC,2885789.8,2940283.2,334679.6,307471.7,68658.9,71929.1,61842.5,92167.4,101894.4,0.0,27.9,31.9,0,24.0,44.2,957,5470,6825,8743,10901,11336,12091,8186,30986,1767
1782020876,2AC,2894884.8,2954471.2,334897.1,308270.6,68720.6,71952.2,61896.8,91963.8,101889.1,0.0,27.8,31.9,0,24.0,44.2,957,5474,6826,8746,10904,11338,12092,8188,30994,1769
1782021474,2AC,8590516.0,8503057.0,762752.5,664787.5,120970.2,121134.7,87962.5,124848.6,105945.4,0.0,27.6,19.5,0,23.7,31.1,957,5475,6826,8751,10909,11343,12098,8190,31012,1768
1782021776,2AC,7306320.5,7224766.0,671982.1,592169.8,111824.6,113108.1,85707.3,122985.9,106004.4,0.0,27.7,21.6,0,23.8,32.9,957,5476,6826,8751,10910,11344,12098,8190,31014,1768
1782022077,2AC,6580352.0,6566649.5,623639.8,554153.9,106057.4,108169.1,83935.9,121134.6,106023.7,0.0,27.7,22.8,0,23.8,34.0,958,5476,6829,8753,10910,11344,12100,8191,31011,1769
1782022374,2AC,6187931.5,6177059.5,595277.8,528779.4,102646.3,104463.8,82529.3,119434.4,106024.4,0.0,27.7,23.6,0,23.8,34.8,957,5473,6826,8748,10905,11340,12095,8188,30998,1768
1782022675,2AC,5916063.5,5904549.5,574731.2,511902.1,100219.6,102314.4,81432.9,118375.6,106016.5,0.0,27.7,24.1,0,23.8,35.4,958,5475,6828,8751,10907,11343,12097,8189,31004,1770
1782022976,2AC,5705320.0,5718320.0,560600.8,500614.1,98551.2,100753.6,80651.9,117678.9,106003.7,0.0,27.7,24.5,0,23.8,35.8,957,5474,6826,8748,10907,11341,12098,8189,31011,1770
1782023274,2AC,5529863.5,5539456.0,549022.9,491079.5,97360.1,99519.0,79974.1,116965.7,105986.7,0.0,27.7,24.8,0,23.8,36.2,957,5475,6826,8748,10906,11340,12094,8188,30998,1769
1782023575,2AC,5421890.0,5440217.5,540787.2,484242.4,96247.9,98510.6,79472.6,116193.9,105968.1,0.0,27.7,25.1,0,23.9,36.5,957,5473,6826,8749,10907,11341,12096,8188,31001,1770
1782023876,2AC,5323354.0,5333666.0,532420.1,477629.2,95421.4,97644.5,78759.2,115386.1,105947.4,0.0,27.7,25.3,0,23.9,36.8,957,5472,6825,8748,10904,11339,12093,8187,30995,1769
1782024174,2AC,5236370.0,5246628.5,526341.9,473109.2,94543.1,96888.6,78444.5,115005.0,105925.6,0.0,27.7,25.5,0,23.8,37.0,957,5473,6825,8746,10904,11338,12095,8187,30996,1767
1782024475,2AC,5134757.5,5166996.5,522075.0,468042.5,93896.5,96359.0,78185.0,114566.8,105902.6,0.0,27.7,25.6,0,23.8,37.2,957,5472,6824,8747,10904,11339,12092,8186,30994,1767
1782024777,2AC,5082041.5,5104735.5,517139.8,464679.3,93344.1,95859.9,77791.2,114263.8,105879.6,0.0,27.7,25.8,0,23.8,37.3,958,5475,6827,8751,10909,11343,12098,8190,31011,1768
1782025074,2AC,5029758.0,5051009.5,513330.0,460833.1,92845.6,95341.3,77602.2,113976.7,105855.9,0.0,27.7,25.9,0,23.8,37.5,957,5472,6825,8746,10904,11338,12092,8186,30995,1768
1782025375,2AC,4974587.5,4990170.0,509566.9,457937.3,92465.3,94804.2,77237.2,113638.1,105832.6,0.0,27.7,26.1,0,23.8,37.7,957,5474,6826,8749,10907,11341,12096,8189,31009,1770
1782025674,2AC,4934911.0,4972717.5,505690.4,455831.3,92019.2,94454.9,76995.6,112667.0,105807.9,0.0,27.7,26.2,0,23.8,37.8,957,5474,6826,8750,10906,11342,12096,8189,31007,1768
1782025975,2AC,4905030.0,4921654.0,503014.9,452244.7,91353.7,94171.6,76778.4,112724.4,105783.6,0.0,27.7,26.3,0,23.8,37.9,957,5475,6826,8749,10906,11341,12096,8188,31001,1768
1782026276,2AC,4871574.5,4886680.5,501009.8,450626.8,91084.8,93914.3,76507.7,112535.3,105759.6,0.0,27.7,26.4,0,23.8,38.0,957,5474,6825,8747,10906,11341,12095,8188,31002,1769
1782026574,2AC,4829266.5,4860076.0,497988.2,448915.1,90755.0,93608.9,76338.6,112154.6,105735.4,0.0,27.7,26.4,0,23.8,38.1,958,5473,6825,8748,10904,11338,12094,8187,31002,1767
1782026875,2AC,4797348.0,4832128.5,495917.9,447487.5,90210.6,93219.0,76148.5,112185.5,105710.5,0.0,27.7,26.5,0,23.8,38.2,957,5475,6826,8749,10907,11340,12096,8188,31000,1768
1782027176,2AC,4768211.5,4789089.5,494081.5,444165.1,90065.2,92952.1,76194.4,111845.4,105686.2,0.0,27.7,26.6,0,23.8,38.2,958,5475,6827,8751,10911,11344,12100,8190,31014,1768
1782027474,2AC,4753391.5,4778324.0,491564.2,441805.0,89762.6,92870.5,75981.2,111669.3,105661.1,0.0,27.7,26.7,0,23.8,38.4,957,5474,6827,8750,10906,11339,12096,8188,31004,1768
1782027775,2AC,4733926.5,4740991.5,489777.9,441077.8,89477.1,92470.9,75795.7,111597.7,105636.4,0.0,27.7,26.7,0,23.8,38.5,957,5474,6826,8748,10905,11341,12094,8186,30998,1767
1782028076,2AC,4707186.5,4729467.5,487642.1,439675.9,89259.2,92134.0,75656.3,111584.6,105612.0,0.0,27.7,26.8,0,23.8,38.5,957,5474,6825,8749,10909,11341,12097,8189,31013,1768
1782028374,2AC,4679106.5,4689235.0,485250.2,438038.9,89156.8,92010.9,75554.7,110904.4,105587.3,0.0,27.7,26.9,0,23.8,38.6,958,5474,6827,8750,10906,11342,12096,8187,31002,1767
1782028675,2AC,4658442.5,4671763.5,484675.8,436348.5,88908.6,91816.0,75325.2,111303.2,105562.8,0.0,27.7,27.0,0,23.8,38.7,957,5475,6827,8751,10907,11344,12098,8189,31004,1768
1782028977,2AC,4640848.5,4665687.5,482991.2,435710.8,88726.3,91580.2,75053.6,111013.1,105538.9,0.0,27.7,27.0,0,23.8,38.7,957,5477,6828,8754,10912,11346,12102,8191,31022,1770
1782029274,2AC,4615912.0,4643253.5,481561.0,434289.1,88594.9,91480.4,75012.1,110776.2,105514.9,0.0,27.7,27.1,0,23.8,38.8,957,5474,6826,8749,10907,11342,12097,8189,31006,1770
1782029576,2AC,4595156.5,4637446.5,480516.1,431822.4,88425.8,91318.8,75126.0,110821.8,105490.5,0.0,27.7,27.1,0,23.8,38.8,958,5475,6827,8750,10909,11344,12098,8190,31010,1768
1782029874,2AC,4599003.5,4607510.5,479007.3,431357.8,88232.6,91105.0,74978.1,110421.1,105466.4,0.0,27.7,27.1,0,23.8,38.9,957,5474,6825,8749,10907,11342,12096,8189,31000,1768
1782030175,2AC,4556582.5,4589581.5,477825.6,429544.4,88273.6,91048.8,74880.4,110350.0,105442.2,0.0,27.7,27.2,0,23.8,39.0,957,5473,6826,8750,10908,11343,12097,8190,31009,1769
1782030476,2AC,4551656.5,4580541.5,477006.1,429495.0,87989.4,90911.2,74796.7,110627.8,105418.2,0.0,27.7,27.3,0,23.8,39.0,957,5474,6824,8748,10906,11341,12095,8188,31005,1769
1782030774,2AC,4547611.5,4566246.5,475341.4,428101.0,87930.7,90693.0,74683.0,110004.8,105394.1,0.0,27.7,27.3,0,23.8,39.1,957,5474,6825,8750,10907,11340,12095,8189,31006,1770
1782031075,2AC,4538475.5,4557566.0,474437.8,427494.0,87767.0,90532.5,74613.5,110008.9,105370.0,0.0,27.7,27.3,0,23.8,39.1,957,5473,6825,8747,10905,11339,12097,8188,31008,1767
1782031376,2AC,4503618.5,4539088.0,472975.0,426922.7,87547.7,90455.4,74491.8,110245.6,105346.9,0.0,27.7,27.4,0,23.8,39.2,957,5473,6826,8748,10907,11340,12097,8189,31007,1769
1782031674,2AC,4503164.5,4533288.0,472756.0,425704.7,87631.4,90254.6,74616.8,110026.6,105324.3,0.0,27.7,27.4,0,23.8,39.2,958,5475,6827,8751,10908,11343,12097,8190,31012,1770
1782031975,2AC,4482644.5,4516297.5,471752.1,424280.3,87416.8,90222.1,74399.0,109987.4,105300.8,0.0,27.7,27.5,0,23.8,39.3,957,5474,6826,8749,10906,11340,12096,8187,30998,1770
1782032276,2AC,4478470.0,4505098.0,471157.0,424610.2,87424.2,90022.6,74437.5,109851.1,105277.1,0.0,27.7,27.5,0,23.8,39.3,957,5474,6825,8748,10905,11341,12094,8187,31004,1769
1782032574,2AC,4467560.5,4490716.0,470330.0,423666.4,87253.1,90000.5,74497.6,109815.9,105254.0,0.0,27.7,27.6,0,23.8,39.3,957,5474,6826,8750,10909,11343,12099,8190,31007,1770
1782032875,2AC,4461594.0,4482615.5,469227.0,423000.7,87164.6,89877.5,74192.9,109381.7,105231.0,0.0,27.7,27.6,0,23.8,39.4,957,5474,6825,8748,10904,11339,12092,8186,30999,1769
1782033176,2AC,4439625.5,4471672.5,468148.0,421586.0,87086.8,89796.3,74275.8,109707.9,105208.1,0.0,27.7,27.7,0,23.8,39.4,958,5475,6826,8750,10907,11342,12097,8189,31010,1770
1782033474,2AC,4435560.5,4455202.0,468154.4,420534.8,87091.7,89792.1,74113.5,109613.2,105185.4,0.0,27.7,27.6,0,23.8,39.5,958,5476,6827,8752,10910,11345,12100,8190,31012,1770
1782033775,2AC,4427469.5,4440659.5,466434.0,420346.5,86848.3,89340.0,74078.8,109236.4,105163.1,0.0,27.7,27.7,0,23.8,39.5,958,5474,6825,8748,10908,11343,12096,8189,31005,1769
1782034076,2AC,4409250.0,4441217.5,467129.5,420422.9,86863.6,89209.4,73908.3,109477.4,105141.3,0.0,27.7,27.7,0,23.8,39.5,957,5474,6826,8749,10908,11343,12096,8189,31011,1768
1782034374,2AC,4420197.5,4436434.0,466989.2,419247.8,86880.7,89233.3,73940.5,109176.1,105120.1,0.0,27.7,27.8,0,23.8,39.6,957,5474,6825,8748,10907,11341,12095,8189,31006,1768
1782034675,2AC,4403298.0,4429596.0,464965.5,417999.0,86739.0,89236.1,74045.3,109195.2,105098.6,0.0,27.7,27.8,0,23.8,39.6,958,5474,6826,8750,10907,11341,12097,8190,31007,1768
1782034976,2AC,4402994.0,4416004.0,464903.1,418926.2,86709.5,89207.6,74020.5,109079.8,105077.6,0.0,27.7,27.8,0,23.8,39.7,957,5473,6824,8748,10905,11339,12095,8187,31003,1768
1782035274,2AC,4396721.5,4413345.5,464169.8,417324.6,86626.5,89141.2,73573.5,109248.6,105055.3,0.0,27.7,27.9,0,23.8,39.7,957,5473,6824,8747,10903,11337,12092,8187,30998,1769
1782035575,2AC,4378742.5,4398706.5,463623.3,417056.1,86592.6,88925.5,73573.5,109073.9,105034.4,0.0,27.7,27.9,0,23.8,39.7,957,5472,6825,8747,10903,11338,12092,8185,30997,1769
1782035876,2AC,4371738.5,4398199.5,462818.5,416787.7,86475.9,88998.1,73496.4,109053.5,105013.0,0.0,27.7,27.9,0,23.8,39.8,957,5475,6826,8750,10911,11345,12101,8191,31015,1769
1782036174,2AC,4357252.0,4378132.5,461921.6,416558.6,86398.2,89022.3,73637.3,108939.3,104991.9,0.0,27.7,27.9,0,23.8,39.8,957,5475,6827,8751,10910,11344,12098,8189,31012,1768
1782036474,2AC,4365156.0,4384638.0,462038.9,415654.6,86307.3,88809.2,73660.9,109107.9,104970.8,0.0,27.7,28.0,0,23.8,39.8,958,5476,6827,8754,10909,11344,12098,8189,31012,1770
1782036775,2AC,4351526.0,4373525.0,461132.8,416290.0,86329.0,88924.8,73613.6,109098.2,104949.8,0.0,27.7,28.0,0,23.8,39.8,958,5476,6828,8753,10910,11343,12100,8191,31015,1768
1782037076,2AC,4338334.0,4365148.5,460495.0,415146.5,86266.4,88895.7,73362.9,108887.6,104928.6,0.0,27.7,28.0,0,23.8,39.9,958,5475,6827,8751,10908,11342,12097,8190,31012,1767
1782037374,2AC,4345639.5,4371646.0,460463.1,414261.7,86254.5,88747.7,73571.1,108962.2,104907.2,0.0,27.7,28.1,0,23.8,39.9,958,5476,6828,8753,10910,11344,12102,8189,31013,1768
1782037675,2AC,4340070.5,4363924.5,460691.6,415383.0,86256.1,88725.6,73716.8,108670.8,104886.4,0.0,27.7,28.1,0,23.8,39.9,957,5474,6827,8752,10909,11344,12099,8190,31008,1768
1782037976,2AC,4329634.5,4353619.5,461081.4,414267.3,86231.8,88718.9,73553.6,108715.9,104865.7,0.0,27.7,28.1,0,23.8,40.0,958,5476,6828,8753,10911,11345,12102,8192,31019,1768
1782038274,2AC,4328226.0,4355663.5,458870.0,414219.6,86176.8,88547.2,73695.6,109108.9,104845.3,0.0,27.7,28.1,0,23.8,40.0,957,5475,6828,8753,10910,11344,12101,8189,31016,1768
1782038575,2AC,4326810.5,4338479.5,459022.0,414029.7,86151.8,88769.3,73568.0,108571.5,104824.9,0.0,27.7,28.2,0,23.8,40.0,957,5473,6825,8748,10904,11339,12095,8187,31003,1768
1782038876,2AC,4313520.0,4340682.0,458832.8,413417.6,85948.7,88595.6,73251.5,108900.8,104804.1,0.0,27.7,28.2,0,23.8,40.1,958,5474,6827,8751,10909,11342,12099,8188,31009,1768
1782039174,2AC,4308058.0,4331676.0,458625.8,413113.8,85994.8,88501.2,73511.8,108784.1,104783.2,0.0,27.7,28.2,0,23.8,40.1,958,5477,6829,8754,10914,11347,12101,8191,31023,1769
1782039475,2AC,4306911.5,4339934.0,458569.4,412980.3,86025.0,88561.5,73544.2,108901.8,104763.2,0.0,27.7,28.3,0,23.8,40.1,957,5473,6825,8749,10908,11340,12097,8189,31007,1768
1782039776,2AC,4312588.0,4337859.5,457759.9,413155.4,86025.2,88565.7,73310.7,108742.3,104743.1,0.0,27.7,28.3,0,23.8,40.1,958,5475,6827,8752,10909,11345,12098,8189,31009,1768
1782040074,2AC,4310592.0,4335238.5,457909.5,413029.2,85969.6,88491.3,73379.7,108630.5,104723.3,0.0,27.7,28.3,0,23.8,40.2,957,5476,6827,8751,10911,11344,12098,8190,31014,1768
1782040375,2AC,4298240.5,4321849.5,458369.9,413009.6,86011.5,88487.0,73382.7,108769.4,104703.9,0.0,27.7,28.3,0,23.8,40.2,957,5475,6826,8751,10910,11344,12099,8190,31014,1767
1782040676,2AC,4305355.5,4320360.5,457719.4,412470.1,85890.1,88532.7,73299.3,108601.4,104684.4,0.0,27.7,28.3,0,23.8,40.2,957,5475,6827,8752,10910,11344,12099,8190,31014,1768
1782040974,2AC,4286914.0,4314184.5,457916.5,412813.5,85904.8,88428.9,73401.6,108310.0,104664.2,0.0,27.7,28.4,0,23.8,40.2,957,5475,6828,8752,10910,11344,12100,8191,31013,1769
1782041275,2AC,4297564.0,4316567.0,457079.0,411881.5,85927.0,88588.8,73480.6,108331.2,104644.3,0.0,27.7,28.4,0,23.8,40.3,958,5476,6828,8752,10910,11345,12099,8190,31017,1770
1782041576,2AC,4289670.5,4295098.0,457130.4,412599.7,85976.6,88510.5,73405.4,108486.9,104625.2,0.0,27.7,28.4,0,23.8,40.3,958,5476,6828,8752,10911,11344,12100,8191,31019,1770
1782041874,2AC,4278178.5,4302623.5,456968.7,412325.4,85957.3,88579.1,73377.0,108582.1,104605.6,0.0,27.7,28.4,0,23.8,40.3,958,5475,6827,8751,10911,11344,12099,8190,31012,1770
1782042175,2AC,4296146.5,4306938.5,456965.8,411347.7,85958.1,88472.8,73332.5,108558.2,104586.7,0.0,27.7,28.5,0,23.8,40.3,958,5476,6828,8752,10911,11345,12101,8191,31014,1770
1782042476,2AC,4290314.5,4305270.0,455569.1,412405.1,85874.8,88579.9,73275.0,108675.0,104568.1,0.0,27.7,28.5,0,23.8,40.3,957,5474,6827,8750,10908,11343,12097,8188,31005,1768
1782042774,2AC,4271188.0,4292300.5,456260.3,411767.5,85869.9,88476.4,73114.5,108390.9,104549.4,0.0,27.7,28.5,0,23.8,40.4,958,5477,6829,8755,10912,11347,12102,8192,31019,1768
1782043075,2AC,4269989.5,4297023.5,454762.7,411694.9,85849.7,88431.8,73477.4,108739.5,104531.0,0.0,27.7,28.5,0,23.8,40.4,957,5475,6827,8752,10905,11342,12097,8188,31001,1770
1782043376,2AC,4274166.0,4291976.0,455427.5,411304.0,85847.4,88469.1,73442.8,108442.7,104512.9,0.0,27.7,28.5,0,23.8,40.4,958,5473,6826,8749,10905,11340,12095,8186,30999,1768
1782043674,2AC,4273765.5,4292331.5,456498.7,412026.8,85814.5,88535.1,73117.6,108220.3,104494.2,0.0,27.7,28.5,0,23.8,40.4,957,5473,6825,8749,10906,11339,12095,8186,31003,1768
1782043974,2AC,4271047.5,4280276.0,456271.1,411251.3,85813.1,88593.5,73409.3,108563.8,104476.1,0.0,27.7,28.6,0,23.8,40.5,957,5476,6829,8753,10912,11346,12101,8190,31018,1771
1782044275,2AC,4271078.0,4279274.0,454845.0,411073.3,85915.6,88496.6,73175.2,108535.6,104458.7,0.0,27.7,28.6,0,23.8,40.5,958,5478,6830,8755,10912,11345,12103,8190,31016,1770
1782044576,2AC,4264568.0,4278716.0,454190.6,411714.2,85969.0,88478.4,73333.2,108514.6,104441.0,0.0,27.7,28.6,0,23.8,40.5,958,5477,6828,8753,10911,11344,12102,8191,31019,1770
1782044874,2AC,4269455.5,4287716.0,455452.4,411187.0,85913.0,88543.3,73208.0,108450.9,104423.5,0.0,27.7,28.6,0,23.8,40.5,958,5476,6827,8752,10911,11346,12101,8190,31011,1769
1782045175,2AC,4278584.0,4290249.5,454123.2,410722.1,85917.1,88562.6,73214.0,108309.4,104406.0,0.0,27.7,28.6,0,23.8,40.5,958,5476,6829,8754,10913,11345,12103,8192,31013,1768
1782045476,2AC,4267868.0,4289630.0,454870.0,411374.5,85913.6,88374.3,73234.8,108250.4,104388.9,0.0,27.7,28.7,0,23.8,40.5,958,5476,6829,8753,10910,11343,12100,8189,31009,1770
1782045774,2AC,4265393.5,4291112.5,455198.6,411710.0,85859.2,88462.2,73225.2,108464.4,104370.8,0.0,27.7,28.7,0,23.8,40.6,958,5478,6829,8755,10912,11345,12101,8190,31014,1769
1782046075,2AC,4265786.5,4277110.0,454962.9,410681.5,85907.3,88545.6,73070.8,108624.4,104353.4,0.0,27.7,28.7,0,23.8,40.6,958,5475,6828,8752,10910,11343,12100,8190,31010,1769
1782046376,2AC,4264022.5,4287739.5,454330.6,411538.3,85858.4,88389.4,73017.7,108490.1,104336.1,0.0,27.7,28.7,0,23.8,40.6,958,5478,6829,8755,10913,11348,12103,8192,31027,1769
1782046674,2AC,4257016.0,4281007.5,455462.2,411847.0,86024.1,88540.0,73095.8,108258.9,104317.8,0.0,27.7,28.7,0,23.8,40.6,958,5475,6828,8753,10911,11344,12100,8191,31014,1769
1782046975,2AC,4271649.5,4277618.0,454902.7,411210.8,85994.2,88528.9,73249.9,108166.0,104300.2,0.0,27.7,28.8,0,23.8,40.7,958,5476,6827,8754,10912,11348,12102,8192,31016,1768
1782047276,2AC,4266477.5,4274687.5,454992.9,411042.2,85973.9,88493.8,73184.5,108611.3,104282.9,0.0,27.7,28.8,0,23.8,40.7,958,5478,6831,8755,10914,11349,12104,8192,31022,1769
1782047574,2AC,4268893.5,4273184.5,456139.9,411706.6,85910.4,88446.6,73318.3,108490.5,104265.4,0.0,27.7,28.8,0,23.8,40.7,958,5476,6828,8752,10909,11345,12098,8188,31008,1770
1782047875,2AC,4258938.0,4281790.5,454413.6,412077.9,86012.6,88471.7,73191.5,108581.8,104248.5,0.0,27.7,28.8,0,23.8,40.7,957,5476,6829,8753,10913,11347,12101,8190,31019,1770
1782048176,2AC,4262658.5,4274511.5,456684.8,411568.2,86078.0,88594.6,73377.2,108558.3,104231.8,0.0,27.7,28.8,0,23.8,40.7,958,5476,6829,8753,10910,11342,12100,8189,31010,1769
1782048474,2AC,4261719.5,4280008.5,454766.2,411146.3,86136.8,88575.4,73273.7,108376.4,104214.5,0.0,27.7,28.8,0,23.8,40.7,957,5474,6827,8751,10910,11343,12099,8188,31011,1771
1782048775,2AC,4256506.0,4273157.5,456122.5,411289.7,85974.0,88529.0,73264.1,108619.0,104197.4,0.0,27.7,28.9,0,23.8,40.8,958,5476,6829,8753,10911,11345,12100,8191,31018,1768
1782049076,2AC,4256210.0,4275899.5,456052.5,411602.7,86107.4,88645.0,73325.8,108535.5,104180.2,0.0,27.7,28.9,0,23.8,40.8,958,5475,6829,8754,10912,11346,12103,8191,31013,1769
1782049374,2AC,4266226.0,4276590.5,456276.6,411968.5,86094.0,88698.9,73171.9,108641.3,104163.9,0.0,27.7,28.9,0,23.8,40.8,958,5474,6827,8752,10909,11343,12099,8190,31009,1770
1782049676,2AC,4266272.5,4276226.0,455074.4,412248.2,86156.5,88722.6,73403.0,108740.4,104147.6,0.0,27.7,28.9,0,23.8,40.8,958,5476,6828,8753,10910,11342,12100,8189,31010,1768
1782049974,2AC,4260864.0,4280632.0,455187.6,412519.9,86211.4,88844.3,73370.5,108824.8,104130.9,0.0,27.7,28.9,0,23.8,40.8,958,5475,6827,8751,10908,11342,12098,8189,31006,1770
1782050275,2AC,4274774.0,4278687.5,457132.0,412462.7,86232.3,88793.6,73303.2,108548.6,104115.1,0.0,27.7,29.0,0,23.8,40.9,958,5474,6826,8750,10908,11342,12097,8188,31006,1768
1782050576,2AC,4254754.5,4277010.0,456297.8,411452.1,86273.7,88774.2,73250.7,108715.8,104099.3,0.0,27.7,28.9,0,23.8,40.9,958,5476,6829,8754,10909,11345,12102,8189,31009,1769
1782050874,2AC,4256453.5,4268625.5,454957.0,411382.6,86177.2,88757.4,73380.5,108689.8,104083.1,0.0,27.7,29.0,0,23.8,40.9,957,5476,6828,8753,10912,11346,12101,8189,31008,1769
1782051175,2AC,4260122.5,4280499.5,455591.7,411923.8,86304.3,88820.5,73540.0,108785.8,104067.8,0.0,27.7,29.0,0,23.8,40.9,958,5476,6829,8753,10910,11344,12100,8189,31014,1770
1782051474,2AC,4259956.0,4289464.0,457217.7,412557.7,86281.2,88882.9,73444.0,108883.0,104052.6,0.0,27.7,29.0,0,23.8,40.9,958,5477,6829,8753,10912,11346,12102,8191,31016,1769
1782051774,2AC,4256594.0,4274702.5,456261.0,412538.2,86354.3,88925.8,73344.3,108803.9,104037.6,0.0,27.7,29.0,0,23.8,40.9,958,5476,6827,8751,10910,11345,12100,8190,31014,1770
1782052075,2AC,4276272.5,4279189.5,455716.6,412621.1,86326.1,88912.5,73261.9,108915.6,104022.1,0.0,27.7,29.0,0,23.8,41.0,957,5474,6826,8750,10907,11340,12095,8187,31004,1769
1782052376,2AC,4272678.5,4276926.5,455743.2,412673.0,86359.8,88781.5,73543.5,108783.6,104007.6,0.0,27.7,29.0,0,23.8,41.0,958,5476,6828,8754,10910,11346,12101,8191,31015,1768
1782052674,2AC,4269356.5,4289364.0,456220.5,413051.8,86310.3,88962.4,73054.8,108881.7,103993.4,0.0,27.7,29.0,0,23.8,41.0,958,5477,6828,8754,10911,11346,12102,8191,31014,1769
1782052975,2AC,4270414.0,4288923.5,456654.8,413008.5,86416.8,88938.3,73142.4,108846.0,103978.4,0.0,27.7,29.1,0,23.8,41.0,958,5477,6829,8753,10910,11346,12101,8190,31019,1771
1782053276,2AC,4262441.5,4287453.5,456516.8,412816.7,86397.5,89094.8,73207.7,108994.6,103963.1,0.0,27.7,29.1,0,23.8,41.0,958,5477,6829,8756,10912,11347,12102,8192,31023,1769
1782053574,2AC,4269022.0,4286033.5,455984.4,412833.9,86517.1,88948.4,73535.5,108911.9,103947.9,0.0,27.7,29.1,0,23.8,41.0,958,5478,6830,8758,10915,11349,12105,8193,31032,1769
1782053875,2AC,4271327.5,4293907.5,457660.4,414147.5,86570.7,89126.8,73538.0,108823.1,103932.7,0.0,27.7,29.1,0,23.8,41.0,958,5477,6829,8755,10914,11349,12103,8194,31023,1768
1782054176,2AC,4274502.0,4285428.5,457395.4,413046.3,86590.3,89103.6,73412.3,108973.5,103917.5,0.0,27.7,29.1,0,23.8,41.0,958,5478,6830,8755,10913,11347,12103,8193,31021,1769
1782054474,2AC,4278446.0,4273762.5,457101.6,413927.5,86566.6,88926.2,73502.7,108976.0,103903.2,0.0,27.7,29.1,0,23.8,41.1,957,5476,6829,8755,10910,11344,12100,8190,31014,1770
1782054775,2AC,4271762.5,4290618.5,457801.6,413545.6,86704.3,89425.9,73722.6,108783.0,103888.1,0.0,27.7,29.2,0,23.8,41.1,957,5477,6828,8754,10912,11346,12101,8192,31020,1770
1782055076,2AC,4282301.5,4293642.0,458129.8,414457.0,86687.3,89377.1,73552.3,108884.9,103873.5,0.0,27.7,29.2,0,23.8,41.1,958,5477,6830,8756,10914,11349,12105,8193,31023,1771
1782055374,2AC,4280789.5,4292850.0,458262.6,413765.6,86676.2,89292.8,73637.6,108871.8,103858.2,0.0,27.7,29.2,0,23.8,41.1,958,5476,6828,8754,10913,11346,12103,8191,31015,1768
1782055675,2AC,4286474.5,4290589.5,457995.3,413704.2,86685.3,89303.2,73629.3,108864.5,103843.5,0.0,27.7,29.2,0,23.8,41.1,958,5475,6828,8753,10911,11344,12100,8189,31012,1768
1782055976,2AC,4289224.5,4284189.5,458882.6,414691.9,86739.8,89433.5,73659.5,108867.4,103828.9,0.0,27.7,29.2,0,23.8,41.1,958,5477,6829,8756,10912,11348,12103,8192,31020,1769
1782056274,2AC,4287831.5,4287445.5,457955.1,413888.5,86922.8,89334.8,73682.7,109127.7,103814.8,0.0,27.7,29.2,0,23.8,41.2,958,5476,6829,8755,10909,11345,12101,8190,31016,1768
1782056575,2AC,4283740.0,4278417.5,459107.1,414607.5,86757.8,89576.2,73700.9,109053.2,103802.5,0.0,27.7,29.2,0,23.8,41.2,958,5476,6829,8754,10910,11346,12102,8192,31015,1769
1782056876,2AC,4301978.5,4300977.5,459204.9,415190.1,86880.0,89407.8,73599.3,108930.1,103791.9,0.0,27.7,29.2,0,23.8,41.2,958,5475,6828,8753,10910,11346,12100,8190,31012,1769
1782057174,2AC,4286462.5,4306404.0,459445.5,414805.8,86860.0,89577.9,73714.1,109010.5,103778.5,0.0,27.7,29.2,0,23.8,41.2,958,5476,6829,8754,10911,11344,12101,8189,31010,1770
1782057475,2AC,4291572.5,4298996.5,458637.9,414343.2,86994.6,89668.9,73428.4,109175.5,103765.1,0.0,27.7,29.2,0,23.8,41.2,957,5474,6825,8750,10907,11341,12096,8187,31003,1768
1782057776,2AC,4290858.0,4293264.0,459548.2,415231.9,86923.4,89565.1,73741.0,109103.0,103751.2,0.0,27.7,29.3,0,23.8,41.2,958,5477,6829,8753,10911,11346,12102,8192,31020,1771
1782058074,2AC,4286320.5,4301662.5,459993.1,414346.8,87097.8,89665.4,73950.3,109143.7,103737.2,0.0,27.7,29.3,0,23.8,41.2,958,5476,6828,8753,10908,11344,12098,8189,31011,1770
1782058375,2AC,4295338.0,4296320.0,459356.5,415570.2,86979.7,89829.8,73716.2,109014.6,103723.3,0.0,27.7,29.3,0,23.8,41.3,957,5475,6827,8751,10909,11344,12099,8188,31010,1770
1782058676,2AC,4292109.0,4300483.5,459988.0,415454.2,86996.3,89484.0,73704.1,108998.2,103709.3,0.0,27.7,29.3,0,23.8,41.2,957,5476,6828,8753,10909,11343,12099,8189,31014,1770
1782058974,2AC,4288984.5,4289947.0,460017.8,415906.0,87232.8,89744.3,73801.2,109482.1,103695.3,0.0,27.7,29.3,0,23.8,41.3,958,5476,6830,8755,10911,11348,12102,8191,31019,1771
1782059275,2AC,4288362.0,4300673.5,459793.8,415987.7,87134.8,89727.6,73863.1,109367.0,103681.4,0.0,27.7,29.3,0,23.8,41.3,958,5476,6828,8752,10912,11346,12102,8189,31015,1768
1782059576,2AC,4297016.5,4301700.5,460268.8,415772.7,87226.7,89824.4,73500.6,109308.5,103668.9,0.0,27.7,29.3,0,23.8,41.3,958,5477,6830,8755,10911,11347,12101,8191,31017,1769
1782059875,2AC,4303261.5,4304480.5,460021.4,416587.5,87298.2,89985.1,73697.0,109433.1,103655.5,0.0,27.7,29.3,0,23.8,41.3,958,5476,6828,8754,10910,11347,12101,8190,31017,1769
1782060176,2AC,4310976.5,4321968.5,460370.7,416209.1,87245.7,90034.4,73943.9,109281.3,103641.5,0.0,27.7,29.4,0,23.8,41.3,958,5478,6829,8754,10910,11344,12099,8189,31010,1768
1782060474,2AC,4313906.5,4321576.5,461815.5,417153.9,87349.5,89998.2,73981.8,109339.1,103628.5,0.0,27.7,29.4,0,23.8,41.3,958,5477,6829,8754,10914,11346,12102,8191,31018,1769
1782060775,2AC,4310669.5,4319904.0,461404.4,417747.5,87358.2,89954.8,73769.2,109276.2,103614.9,0.0,27.7,29.4,0,23.8,41.4,958,5476,6829,8755,10913,11347,12103,8190,31025,1769
1782061075,2AC,4318055.5,4333940.0,461813.1,417022.1,87496.2,90122.2,74092.6,109572.3,103602.0,0.0,27.7,29.4,0,23.8,41.3,958,5476,6829,8755,10912,11347,12102,8191,31021,1771
1782061376,2AC,4323882.0,4331737.5,462926.1,417946.9,87461.9,90264.2,73677.3,109312.0,103588.7,0.0,27.7,29.4,0,23.8,41.4,958,5476,6828,8752,10911,11344,12100,8190,31018,1769
1782061674,2AC,4317850.5,4322513.5,462491.9,417718.7,87553.4,90092.3,74156.0,109355.4,103575.7,0.0,27.7,29.4,0,23.8,41.4,958,5476,6829,8755,10909,11346,12102,8191,31019,1769
1782061975,2AC,4325493.5,4330794.5,462253.5,418583.5,87605.0,90237.5,73945.0,109770.8,103562.2,0.0,27.7,29.4,0,23.8,41.4,958,5478,6831,8756,10915,11349,12104,8191,31028,1769
1782062276,2AC,4327769.5,4331875.5,462828.2,418352.4,87692.2,90257.3,74019.1,109866.9,103549.7,0.0,27.7,29.4,0,23.8,41.4,958,5478,6830,8755,10912,11345,12103,8191,31024,1771
1782062574,2AC,4335404.0,4327423.0,462751.9,418360.5,87709.0,90172.5,74231.7,109509.5,103536.7,0.0,27.7,29.4,0,23.8,41.4,958,5477,6830,8755,10914,11349,12101,8190,31020,1769
1782062875,2AC,4320462.0,4333928.5,463463.0,418403.9,87693.8,90386.6,74041.8,109747.5,103524.7,0.0,27.7,29.4,0,23.8,41.4,958,5477,6829,8756,10915,11349,12104,8193,31027,1769
1782063176,2AC,4326028.5,4340253.5,463588.4,418586.5,87819.6,90477.8,73927.2,109982.3,103510.5,0.0,27.7,29.5,0,23.8,41.4,958,5477,6830,8753,10914,11347,12104,8190,31022,1768
1782063474,2AC,4330895.5,4330686.0,463542.3,419127.5,87868.0,90352.7,74068.6,109707.0,103498.4,0.0,27.7,29.5,0,23.8,41.4,957,5476,6828,8753,10909,11342,12099,8189,31016,1769
1782063775,2AC,4332118.0,4339818.0,463682.3,419632.1,87871.1,90585.2,74151.4,109802.9,103486.8,0.0,27.7,29.5,0,23.8,41.5,958,5478,6829,8754,10912,11347,12101,8190,31018,1771
1782064074,2AC,4344249.5,4350172.0,464465.5,419846.0,87889.6,90717.4,74276.4,109939.2,103474.8,0.0,27.7,29.5,0,23.8,41.5,957,5476,6828,8753,10910,11342,12099,8189,31011,1768
1782064375,2AC,4346257.5,4341114.5,464291.2,419888.8,88020.2,90607.2,74316.1,109892.2,103463.8,0.0,27.7,29.5,0,23.8,41.5,958,5477,6829,8755,10913,11346,12102,8192,31021,1769
1782064676,2AC,4349836.5,4353840.0,465707.2,420541.4,87930.4,90864.9,74196.9,109707.9,103452.4,0.0,27.7,29.5,0,23.8,41.5,958,5478,6830,8755,10910,11347,12102,8190,31021,1770
1782064974,2AC,4340894.0,4348030.0,465717.6,420830.5,88098.1,90792.9,74032.6,110033.2,103440.7,0.0,27.7,29.5,0,23.8,41.5,958,5478,6831,8757,10916,11350,12105,8193,31031,1771
1782065275,2AC,4343020.0,4345006.5,465303.4,420350.0,88158.1,90992.6,74365.0,109940.1,103428.1,0.0,27.7,29.5,0,23.8,41.5,958,5476,6828,8754,10909,11342,12100,8189,31013,1768
1782065576,2AC,4353485.5,4357259.5,465780.0,421129.5,88228.0,90909.6,74375.5,109501.1,103416.6,0.0,27.7,29.5,0,23.8,41.5,958,5478,6830,8756,10912,11349,12102,8192,31024,1768
1782065874,2AC,4350995.0,4349410.5,464812.4,421166.0,88363.7,91048.4,74247.5,110037.9,103406.0,0.0,27.7,29.6,0,23.8,41.5,958,5475,6829,8754,10910,11343,12100,8188,31015,1770
1782066175,2AC,4359509.5,4358400.0,465855.3,420916.9,88359.0,91172.4,74326.8,109841.8,103394.2,0.0,27.7,29.6,0,23.8,41.6,958,5477,6829,8754,10910,11346,12100,8190,31017,1770
1782066474,2AC,4364108.5,4364764.5,465446.0,422016.3,88281.4,91143.9,74177.7,110213.1,103383.2,0.0,27.7,29.6,0,23.8,41.6,958,5476,6831,8755,10915,11348,12104,8192,31027,1769
1782066775,2AC,4348560.5,4364131.5,465996.9,421472.8,88329.8,91103.9,74261.4,110396.1,103372.0,0.0,27.7,29.6,0,23.8,41.5,958,5477,6829,8753,10910,11344,12099,8189,31015,1768
1782067076,2AC,4364341.0,4362036.0,467539.7,421616.5,88459.9,91031.9,74331.9,110095.9,103361.7,0.0,27.7,29.6,0,23.8,41.6,957,5477,6830,8753,10912,11346,12101,8190,31020,1769
1782067374,2AC,4367129.0,4370536.0,467395.6,422405.3,88536.4,91247.4,74288.5,110064.5,103351.5,0.0,27.7,29.6,0,23.8,41.6,958,5476,6829,8755,10908,11343,12100,8187,31016,1768
1782067674,2AC,4362730.0,4356996.5,467320.8,423319.7,88470.3,91166.7,74273.3,110203.0,103339.7,0.0,27.7,29.6,0,23.8,41.6,957,5475,6828,8751,10909,11344,12099,8189,31013,1770
1782067975,2AC,4376842.0,4371534.5,467626.0,422516.4,88598.5,91168.9,74443.9,110225.4,103326.5,0.0,27.7,29.6,0,23.8,41.6,958,5475,6828,8751,10908,11341,12099,8188,31009,1768
1782068276,2AC,4386113.5,4371953.5,466990.0,423238.6,88490.7,91414.5,74235.0,110238.8,103313.6,0.0,27.7,29.6,0,23.8,41.6,957,5475,6827,8752,10909,11342,12098,8187,31012,1768
1782068574,2AC,4384511.5,4389160.0,468395.0,424282.9,88641.8,91512.2,74491.5,110334.1,103300.4,0.0,27.7,29.7,0,23.8,41.7,958,5477,6830,8754,10911,11345,12101,8190,31019,1770
1782068875,2AC,4384274.5,4377982.5,468766.9,423390.6,88692.9,91471.7,74482.3,110302.2,103287.0,0.0,27.7,29.6,0,23.8,41.7,958,5475,6829,8753,10908,11344,12100,8188,31009,1771
1782069174,2AC,4390983.5,4381305.5,469014.4,423519.8,88841.0,91617.1,74630.3,110387.8,103273.7,0.0,27.7,29.6,0,23.8,41.7,958,5475,6827,8752,10909,11341,12097,8187,31005,1768
1782069475,2AC,4402388.0,4398010.5,469754.3,423926.9,88862.6,91593.3,74516.4,110666.4,103260.7,0.0,27.7,29.7,0,23.8,41.7,958,5476,6829,8752,10910,11344,12101,8191,31023,1769
1782069776,2AC,4391028.0,4390307.5,469222.9,426150.4,89002.9,91925.9,74538.2,110183.1,103247.6,0.0,27.7,29.7,0,23.8,41.7,958,5476,6830,8754,10910,11343,12100,8189,31012,1768
1782070074,2AC,4407444.0,4390277.5,470020.5,426348.0,89071.6,91761.6,74412.0,110850.4,103234.6,0.0,27.7,29.7,0,23.8,41.7,958,5477,6830,8754,10911,11344,12098,8188,31017,1768
1782070375,2AC,4401826.0,4383168.0,469957.7,425376.8,89101.4,92117.1,74869.3,110765.7,103222.2,0.0,27.7,29.7,0,23.8,41.7,958,5478,6831,8757,10914,11349,12105,8192,31027,1769
1782070676,2AC,4409360.0,4403850.5,471506.6,426601.6,89184.4,92062.8,74726.1,110626.1,103209.0,0.0,27.7,29.7,0,23.8,41.7,958,5477,6831,8757,10912,11346,12102,8191,31024,1769
1782070974,2AC,4424644.5,4408634.5,471640.1,427040.0,89232.2,92161.1,74910.6,110582.0,103196.4,0.0,27.7,29.7,0,23.8,41.7,958,5478,6831,8756,10914,11349,12104,8192,31020,1769
1782071275,2AC,4420874.5,4415379.5,471104.8,427147.8,89350.9,92153.8,74751.7,110686.0,103184.5,0.0,27.7,29.7,0,23.8,41.7,958,5478,6831,8758,10914,11348,12105,8192,31026,1769
1782071576,2AC,4414422.0,4419888.5,472900.0,428257.0,89384.2,92358.4,74722.9,110892.5,103173.6,0.0,27.6,29.8,0,23.8,41.7,958,5478,6831,8757,10916,11350,12106,8192,31028,1769
1782071874,2AC,4426110.5,4413214.0,473075.7,427896.8,89552.4,92406.9,74855.8,110692.5,103161.8,0.0,27.6,29.7,0,23.8,41.8,958,5478,6831,8757,10914,11349,12106,8192,31027,1771
1782072176,2AC,4429454.5,4422504.0,472705.9,428763.0,89490.3,92157.5,74835.3,110847.4,103150.6,0.0,27.7,29.8,0,23.8,41.7,958,5478,6831,8756,10916,11351,12106,8193,31031,1769
1782072474,2AC,4435286.5,4430138.5,472918.7,428161.7,89653.7,92136.3,75055.1,110995.0,103143.4,0.0,27.6,29.7,0,23.8,41.8,958,5478,6829,8756,10913,11349,12104,8191,31023,1771
1782072775,2AC,4444662.5,4425817.5,473767.0,429220.1,89641.9,92637.5,74840.5,110770.0,103138.0,0.0,27.7,29.8,0,23.8,41.8,958,5477,6830,8756,10916,11350,12106,8193,31031,1769
1782073076,2AC,4427830.0,4427994.5,473461.4,429015.2,89578.2,92570.4,75168.6,111325.3,103133.5,0.0,27.7,29.8,0,23.8,41.8,958,5477,6830,8757,10915,11348,12105,8191,31021,1771
1782073375,2AC,4438398.5,4429429.5,473074.8,429257.5,89603.6,92395.9,75085.8,110925.4,103129.2,0.0,27.7,29.8,0,23.8,41.8,958,5477,6830,8755,10912,11346,12103,8191,31016,1769
1782073676,2AC,4433587.5,4429570.5,474392.8,429483.0,89638.0,92666.5,75080.4,111219.0,103126.0,0.0,27.7,29.8,0,23.8,41.8,958,5478,6832,8757,10915,11348,12104,8191,31023,1771
1782073974,2AC,4439426.5,4437960.5,474044.9,428938.1,89650.9,92342.9,75000.5,111183.8,103121.3,0.0,27.7,29.8,0,23.8,41.8,958,5479,6832,8757,10912,11347,12103,8191,31021,1769
1782074275,2AC,4447428.0,4427999.5,473511.0,429440.1,89743.0,92426.3,75245.6,110949.9,103117.5,0.0,27.8,29.8,0,23.9,41.8,958,5477,6831,8757,10914,11347,12103,8191,31026,1769
1782074576,2AC,4439302.0,4439802.0,474076.1,428874.9,89680.9,92599.1,74897.1,111165.9,103114.9,0.0,27.8,29.8,0,23.9,41.9,958,5479,6833,8757,10917,11351,12105,8194,31032,1770
1782074874,2AC,4441808.5,4439847.5,473723.2,429693.7,89617.6,92450.4,75177.9,111041.2,103112.0,0.0,27.8,29.8,0,23.9,41.9,958,5477,6832,8756,10916,11348,12105,8192,31033,1769
1782075175,2AC,4427312.0,4419489.5,472942.7,428965.0,89632.7,92392.7,75030.9,110683.2,103108.9,0.0,27.8,29.8,0,23.9,41.9,958,5478,6832,8756,10911,11348,12104,8192,31031,1768
1782075476,2AC,4438483.5,4426190.5,472791.5,428986.8,89526.4,92219.6,74837.6,111048.1,103105.4,0.0,27.8,29.8,0,24.0,41.9,958,5480,6833,8757,10911,11345,12101,8191,31019,1769
1782075774,2AC,4435594.5,4432984.0,473388.9,428124.3,89511.8,92400.8,75034.4,110900.6,103103.9,0.0,27.8,29.8,0,24.0,41.9,958,5478,6832,8755,10913,11346,12103,8189,31019,1768
1782076075,2AC,4430831.5,4432198.5,472201.8,428277.3,89533.8,92154.4,74970.8,110891.8,103101.6,0.0,27.9,29.8,0,24.0,41.9,958,5478,6832,8755,10910,11347,12101,8191,31027,1768
1782076376,2AC,4423804.5,4411922.5,472750.4,429213.8,89533.0,92427.4,74908.6,110654.8,103099.3,0.0,27.9,29.8,0,24.0,41.9,958,5478,6833,8755,10914,11347,12105,8192,31026,1768
1782076674,2AC,4433268.5,4416044.5,472630.1,428300.9,89484.7,92392.7,74770.6,110832.8,103096.1,0.0,27.9,29.8,0,24.0,41.9,958,5478,6833,8755,10913,11348,12105,8192,31030,1770
1782076975,2AC,4420182.5,4424236.0,473258.2,428163.5,89487.6,92210.2,74969.9,110693.3,103092.6,0.0,27.9,29.8,0,24.1,41.9,959,5480,6836,8760,10917,11351,12108,8194,31037,1771
1782077274,2AC,4422102.5,4406276.5,472416.5,427573.5,89352.8,92384.7,74740.6,110551.5,103089.9,0.0,27.9,29.9,0,24.1,41.9,958,5480,6834,8757,10911,11348,12103,8192,31026,1768
1782077574,2AC,4411351.5,4404594.5,472933.8,427197.7,89424.4,92281.4,74709.4,110677.1,103086.0,0.0,28.0,29.9,0,24.1,42.0,958,5480,6835,8756,10914,11350,12106,8193,31032,1770
1782077876,2AC,4416702.0,4409430.5,472353.2,427804.8,89461.7,92322.5,74853.0,110831.6,103081.6,0.0,28.0,29.9,0,24.1,41.9,958,5479,6834,8756,10913,11348,12103,8191,31027,1768
1782078174,2AC,4407668.0,4403176.5,472373.3,427940.3,89519.5,92481.0,74709.1,110626.4,103078.1,0.0,28.0,29.9,0,24.1,41.9,958,5479,6834,8756,10911,11346,12102,8191,31022,1768
1782078475,2AC,4414315.0,4405149.5,472218.2,427363.8,89548.6,92394.2,74717.9,110508.6,103072.8,0.0,28.0,29.9,0,24.2,41.9,959,5481,6836,8757,10912,11348,12104,8192,31032,1770
1782078773,2AC,4413550.0,4393189.5,472896.7,427689.5,89366.4,92273.9,74743.5,110690.2,103067.9,0.0,28.0,29.9,0,24.2,42.0,959,5481,6836,8756,10916,11350,12106,8193,31033,1771
1782079075,2AC,4405524.5,4399909.5,472004.4,427666.2,89416.3,92344.8,74725.6,110568.6,103061.8,0.0,28.1,29.9,0,24.2,42.0,959,5480,6836,8756,10913,11348,12104,8192,31032,1768
1782079376,2AC,4401356.5,4402095.5,472032.2,427700.5,89454.4,92278.1,74712.8,110679.6,103055.2,0.0,28.1,29.9,0,24.2,42.0,959,5480,6836,8756,10913,11349,12105,8194,31038,1770
1782079674,2AC,4416500.0,4404847.5,471922.5,427597.8,89599.4,92389.6,74707.0,110722.3,103049.8,0.0,28.1,29.9,0,24.2,42.0,958,5479,6836,8754,10913,11349,12105,8193,31030,1768
1782079975,2AC,4413766.5,4403006.5,473370.4,428015.0,89391.9,92067.6,74708.7,110732.6,103042.7,0.0,28.1,29.9,0,24.2,42.0,958,5479,6835,8755,10911,11347,12101,8191,31028,1768
1782080276,2AC,4409739.5,4403357.0,471875.9,427626.8,89636.9,92307.1,74657.0,110708.5,103036.8,0.0,28.1,29.9,0,24.2,42.0,958,5478,6833,8753,10910,11344,12100,8189,31018,1768
1782080574,2AC,4411080.0,4396429.0,472360.0,425932.8,89473.5,92299.8,74637.4,110580.5,103029.7,0.0,28.1,29.9,0,24.2,42.0,959,5479,6835,8755,10911,11347,12102,8190,31027,1769
1782080875,2AC,4408967.5,4401014.0,472299.2,427520.0,89496.9,92397.4,74719.5,110589.9,103022.0,0.0,28.1,29.9,0,24.3,42.0,958,5478,6834,8752,10907,11343,12098,8189,31019,1770
1782081174,2AC,4418344.5,4413267.5,471786.9,428135.1,89550.5,92609.8,74683.6,110584.2,103014.5,0.0,28.1,29.9,0,24.3,42.0,958,5479,6836,8755,10908,11343,12100,8190,31019,1768
1782081475,2AC,4425335.5,4396300.5,472719.5,427991.0,89572.7,92399.8,74840.4,110785.8,103008.1,0.0,28.1,29.9,0,24.3,42.0,958,5478,6834,8751,10908,11343,12098,8188,31021,1770
1782081776,2AC,4423507.5,4398112.5,472953.8,428803.2,89554.4,92460.4,74453.9,110467.4,102999.7,0.0,28.1,29.9,0,24.3,42.1,959,5481,6836,8756,10911,11347,12101,8190,31027,1768
1782082074,2AC,4418281.5,4410348.5,473355.2,429417.0,89798.6,92605.9,74613.3,110626.4,102992.1,0.0,28.2,29.9,0,24.3,42.1,958,5480,6837,8755,10912,11349,12104,8192,31038,1770
1782082375,2AC,4417389.5,4411701.5,472997.8,428885.2,89525.1,92562.5,74686.9,110659.8,102983.7,0.0,28.2,29.9,0,24.3,42.1,959,5480,6837,8755,10911,11346,12102,8191,31025,1767
1782082676,2AC,4429674.0,4405481.5,472597.1,429333.2,89725.0,92616.5,74657.8,110690.1,102976.8,0.0,28.2,30.0,0,24.3,42.1,959,5481,6838,8757,10912,11348,12103,8192,31034,1768
1782082974,2AC,4417448.0,4410859.5,474000.8,428655.5,89587.5,92621.4,74731.5,110849.5,102968.7,0.0,28.2,30.0,0,24.3,42.1,958,5480,6836,8755,10909,11346,12101,8191,31022,1769
1782083275,2AC,4419944.5,4405377.5,474692.0,429542.9,89927.6,92665.7,74776.4,110572.5,102960.0,0.0,28.2,30.0,0,24.3,42.1,958,5480,6837,8756,10911,11349,12104,8191,31031,1770
1782083574,2AC,4423273.5,4409077.5,474970.2,428897.9,89881.0,92494.0,74690.6,110780.2,102951.6,0.0,28.2,30.0,0,24.3,42.1,959,5481,6838,8756,10912,11349,12104,8193,31031,1767
1782083874,2AC,4430378.0,4412276.0,472856.3,429733.4,89780.1,92817.0,74775.6,110698.0,102943.6,0.0,28.2,30.0,0,24.3,42.1,959,5480,6838,8755,10911,11348,12103,8192,31032,1770
1782084175,2AC,4432079.5,4411649.5,473994.5,429568.7,89963.1,92658.0,74843.0,110734.6,102935.7,0.0,28.2,30.0,0,24.3,42.1,958,5481,6839,8756,10913,11349,12105,8193,31035,1770
1782084474,2AC,4438205.5,4416919.5,474494.7,430797.4,89865.1,92706.7,74812.0,110543.8,102927.5,0.0,28.2,30.0,0,24.4,42.2,958,5480,6837,8754,10910,11348,12103,8191,31030,1768
1782084775,2AC,4430352.5,4411992.0,474925.9,430790.1,89918.2,92634.9,74787.7,110850.3,102918.2,0.0,28.2,30.0,0,24.4,42.1,959,5483,6839,8758,10913,11352,12107,8195,31043,1769
1782085076,2AC,4440350.0,4416795.5,473931.4,430448.9,90453.4,92907.5,74835.7,110895.5,102910.3,0.0,28.2,30.0,0,24.4,42.2,959,5482,6840,8759,10915,11352,12107,8194,31038,1768
1782085376,2AC,4437785.5,4427302.0,476032.2,430625.2,90016.9,92880.9,74899.5,110833.1,102902.1,0.0,28.2,30.0,0,24.4,42.2,958,5482,6839,8758,10910,11348,12105,8192,31029,1767
1782085674,2AC,4449793.5,4420690.5,475580.2,430901.8,90434.4,92831.7,74763.1,111051.9,102893.8,0.0,28.2,30.0,0,24.4,42.2,959,5481,6839,8758,10913,11351,12105,8194,31036,1770
1782085975,2AC,4441660.5,4428790.0,475685.3,431694.7,90249.0,92960.6,74857.0,110851.2,102885.5,0.0,28.3,30.0,0,24.4,42.2,958,5479,6837,8754,10909,11344,12099,8189,31022,1769
1782086276,2AC,4444684.5,4427339.0,475590.4,431056.5,90216.3,92975.5,74754.5,110772.7,102877.5,0.0,28.3,30.0,0,24.4,42.2,959,5485,6841,8760,10915,11353,12108,8196,31046,1770
1782086574,2AC,4443128.5,4436467.5,476337.8,431447.6,90526.8,93112.4,74866.3,111082.9,102869.4,0.0,28.3,30.1,0,24.4,42.2,959,5482,6839,8756,10910,11348,12104,8193,31033,1768
1782086875,2AC,4440394.5,4436085.5,476799.8,431408.2,90478.8,93051.8,75030.2,110949.1,102859.7,0.0,28.3,30.1,0,24.4,42.2,959,5481,6839,8755,10911,11350,12104,8192,31034,1770
1782087176,2AC,4452692.0,4431928.5,477668.8,433029.1,90731.5,93232.0,75139.2,111073.3,102846.0,0.0,28.3,30.1,0,24.4,42.2,959,5482,6839,8757,10909,11348,12104,8191,31034,1770
1782087474,2AC,4463146.0,4440832.5,477166.0,432314.2,90745.6,93321.8,75047.7,111103.2,102830.2,0.0,28.3,30.0,0,24.4,42.2,958,5481,6838,8755,10911,11347,12102,8191,31022,1768
1782087775,2AC,4461156.5,4445879.5,478635.2,434066.0,90787.9,93549.4,75049.9,111153.3,102814.7,0.0,28.3,30.1,0,24.4,42.2,958,5479,6837,8754,10908,11345,12102,8191,31024,1766
1782088075,2AC,4473944.5,4447661.5,478695.5,433336.0,90879.8,93479.4,75147.2,111187.4,102799.4,0.0,28.3,30.1,0,24.4,42.2,959,5481,6839,8755,10908,11348,12102,8192,31033,1769
1782088376,2AC,4482348.0,4467327.5,479131.3,434560.8,90907.1,93733.1,75157.6,111309.8,102783.9,0.0,28.2,30.1,0,24.4,42.2,958,5481,6838,8756,10909,11347,12103,8190,31028,1768
1782088674,2AC,4488958.0,4477231.5,481342.2,435676.0,90995.1,93648.7,75123.7,111393.9,102767.9,0.0,28.2,30.1,0,24.3,42.2,959,5480,6836,8755,10909,11347,12102,8191,31027,1769
1782088975,2AC,4497128.5,4471584.5,480672.2,435481.7,91317.3,93763.6,75283.1,111497.7,102751.9,0.0,28.2,30.1,0,24.4,42.3,958,5481,6838,8755,10912,11348,12102,8191,31031,1768
1782089276,2AC,4506545.5,4479926.0,481683.1,437235.3,91370.1,93899.3,75340.0,111386.3,102736.4,0.0,28.2,30.1,0,24.3,42.3,958,5481,6837,8756,10910,11348,12103,8192,31029,1768
1782089574,2AC,4501889.5,4485616.0,481184.8,437899.7,91923.0,93990.9,75362.7,111590.8,102721.1,0.0,28.2,30.2,0,24.3,42.3,959,5483,6840,8758,10913,11352,12107,8193,31041,1768
1782089874,2AC,4516168.5,4492772.0,482870.3,437715.8,91804.7,94071.8,75552.7,111773.5,102705.2,0.0,28.2,30.1,0,24.3,42.3,959,5483,6839,8758,10912,11349,12106,8193,31038,1770
1782090175,2AC,4528962.5,4505236.5,482791.5,439152.0,92112.2,94232.6,75508.9,111966.1,102689.2,0.0,28.2,30.1,0,24.3,42.3,959,5482,6839,8759,10914,11353,12108,8196,31044,1769
1782090476,2AC,4543344.5,4518465.5,484199.3,440081.4,92152.6,94380.1,75665.4,111810.0,102674.0,0.0,28.1,30.2,0,24.3,42.3,959,5482,6839,8759,10914,11350,12106,8194,31035,1769
1782090774,2AC,4553623.5,4519334.5,484855.1,440207.1,92312.0,94385.7,75719.2,111767.9,102658.7,0.0,28.1,30.2,0,24.3,42.3,959,5480,6838,8757,10913,11348,12104,8192,31029,1768
1782091075,2AC,4559340.0,4533568.5,484630.8,441635.5,92376.7,94585.3,75751.1,112450.7,102643.7,0.0,28.1,30.2,0,24.3,42.3,959,5482,6839,8758,10915,11353,12109,8196,31039,1771
1782091376,2AC,4563041.5,4544790.5,486474.8,441129.8,92559.8,94810.2,75806.7,112276.8,102628.5,0.0,28.1,30.2,0,24.2,42.3,959,5482,6839,8759,10913,11350,12107,8194,31036,1770
1782091674,2AC,4571874.5,4544294.5,487273.2,442462.4,92769.2,94843.6,76088.2,112454.2,102613.2,0.0,28.1,30.2,0,24.2,42.3,959,5481,6838,8758,10912,11350,12105,8192,31038,1771
1782091975,2AC,4571584.5,4558119.5,487174.5,443174.9,92789.6,95066.2,76185.3,112536.3,102598.8,0.0,28.1,30.2,0,24.2,42.3,959,5481,6838,8758,10911,11350,12105,8193,31030,1768
1782092276,2AC,4598072.0,4566304.5,488847.6,444028.4,92949.0,95032.4,76072.3,112403.4,102584.6,0.0,28.1,30.2,0,24.2,42.3,959,5481,6837,8758,10913,11350,12105,8192,31034,1768
1782092574,2AC,4605957.5,4575286.0,489305.1,444495.3,93116.2,95160.5,76269.5,112476.9,102569.1,0.0,28.1,30.2,0,24.2,42.4,959,5483,6838,8761,10915,11353,12109,8195,31040,1768
1782092875,2AC,4622560.5,4594402.0,490596.3,445140.7,93233.8,95325.3,76309.4,112693.7,102555.0,0.0,28.0,30.2,0,24.2,42.3,959,5483,6838,8760,10917,11354,12109,8195,31044,1770
1782093176,2AC,4620923.5,4588186.5,490854.3,446712.8,93398.0,95458.9,76292.2,112765.6,102540.1,0.0,28.0,30.2,0,24.1,42.4,959,5480,6836,8756,10912,11347,12102,8192,31025,1768
1782093474,2AC,4623676.5,4602658.0,491965.4,447592.5,93621.5,95649.8,76378.8,112987.2,102525.9,0.0,28.0,30.2,0,24.1,42.4,959,5483,6839,8761,10919,11355,12109,8196,31045,1769
1782093775,2AC,4635504.5,4614139.5,493343.5,447397.8,93418.8,95564.2,76472.6,113208.3,102512.1,0.0,28.0,30.2,0,24.1,42.4,959,5481,6837,8758,10913,11351,12107,8192,31035,1770
1782094073,2AC,4649529.5,4631944.0,493387.5,449113.9,93545.6,95873.5,76589.6,113201.4,102498.4,0.0,28.0,30.2,0,24.1,42.4,958,5482,6836,8759,10917,11352,12109,8195,31039,1771
1782094375,2AC,4643578.5,4628835.5,493482.2,449742.4,93758.0,96048.1,76588.3,113295.9,102484.2,0.0,28.0,30.3,0,24.1,42.4,959,5481,6836,8758,10915,11350,12106,8193,31033,1769
1782094676,2AC,4657713.5,4636383.5,494796.0,450082.7,93984.6,96081.1,76504.2,113634.9,102469.5,0.0,28.0,30.3,0,24.1,42.4,959,5480,6836,8758,10915,11351,12107,8193,31034,1769
1782094974,2AC,4671597.5,4649847.5,495503.9,451452.3,94122.9,96352.5,76709.4,113650.6,102456.2,0.0,27.9,30.3,0,24.1,42.4,959,5482,6836,8761,10915,11352,12106,8194,31039,1769
1782095275,2AC,4675147.5,4645191.5,496715.9,451627.2,94058.6,96295.9,76703.4,113474.0,102443.2,0.0,27.9,30.3,0,24.0,42.4,959,5481,6835,8759,10916,11353,12108,8194,31038,1770
1782095576,2AC,4692499.5,4663542.0,497472.5,452199.8,94314.4,96400.7,76920.4,113663.9,102429.9,0.0,27.9,30.3,0,24.0,42.4,959,5482,6837,8762,10916,11353,12108,8195,31037,1771
1782095874,2AC,4704075.5,4671094.0,497270.9,452692.3,94522.4,96541.7,77002.0,113910.9,102417.1,0.0,27.9,30.3,0,24.0,42.4,959,5481,6836,8759,10917,11353,12107,8194,31038,1769
1782096175,2AC,4711250.0,4683664.0,498428.6,453750.2,94505.7,96640.9,77090.7,114012.5,102404.3,0.0,27.9,30.3,0,24.0,42.4,958,5480,6834,8758,10915,11351,12106,8193,31030,1769
1782096476,2AC,4712560.0,4681509.5,499515.0,454399.8,94791.4,96813.2,77002.9,114016.3,102391.9,0.0,27.9,30.3,0,24.0,42.4,958,5480,6836,8760,10915,11351,12108,8194,31036,1770
1782096774,2AC,4729820.5,4693405.5,500107.5,454919.4,94878.7,96950.5,77359.2,114063.3,102380.3,0.0,27.9,30.3,0,24.0,42.5,959,5482,6835,8761,10917,11353,12107,8195,31039,1771
1782097076,2AC,4730866.0,4702667.5,500576.9,455913.5,94976.0,96904.3,77379.5,114176.1,102368.9,0.0,27.9,30.3,0,24.0,42.4,959,5482,6836,8761,10919,11354,12110,8196,31044,1769
1782097374,2AC,4738094.0,4709603.5,501588.2,456282.4,95012.9,97139.5,77441.5,114257.1,102357.0,0.0,27.9,30.3,0,24.0,42.5,959,5480,6834,8757,10913,11348,12105,8193,31027,1769
1782097675,2AC,4742727.0,4712691.5,502408.9,457227.8,95208.6,97197.8,77268.6,114299.1,102346.1,0.0,27.8,30.4,0,24.0,42.4,959,5480,6834,8759,10918,11352,12108,8194,31038,1769
1782097976,2AC,4754101.0,4723086.5,503711.6,457037.3,95225.5,97294.2,77407.5,114550.5,102334.9,0.0,27.8,30.3,0,24.0,42.5,959,5480,6835,8759,10917,11352,12109,8194,31038,1771
1782098274,2AC,4762072.5,4715899.5,504327.0,457792.5,95474.1,97391.0,77425.2,114421.5,102323.3,0.0,27.8,30.3,0,24.0,42.5,958,5479,6834,8758,10915,11350,12106,8194,31031,1769
1782098575,2AC,4781459.5,4741348.5,504181.1,458755.5,95521.3,97357.5,77630.1,114556.7,102312.6,0.0,27.8,30.4,0,23.9,42.5,959,5479,6834,8759,10915,11349,12105,8192,31032,1769
1782098876,2AC,4780678.0,4761596.5,505982.8,459415.8,95698.1,97404.0,77671.6,114690.4,102302.1,0.0,27.8,30.3,0,23.9,42.5,958,5480,6834,8759,10917,11351,12108,8194,31034,1769
1782099174,2AC,4785812.0,4752933.5,505155.8,460097.3,95830.3,97721.9,77532.2,114793.8,102291.1,0.0,27.8,30.4,0,23.9,42.5,958,5480,6833,8760,10914,11348,12105,8192,31026,1771
1782099476,2AC,4788316.0,4758705.5,506139.8,461982.1,95745.6,97896.4,77701.9,114911.7,102281.1,0.0,27.8,30.4,0,23.9,42.5,958,5479,6834,8759,10916,11351,12106,8193,31032,1769
1782099774,2AC,4805704.0,4761848.5,507212.3,460936.0,95891.6,97941.2,78030.9,114994.5,102272.6,0.0,27.8,30.4,0,23.9,42.5,959,5480,6833,8758,10914,11350,12107,8193,31034,1770
1782100075,2AC,4814534.5,4764632.5,507741.1,460382.4,96034.6,98077.1,77685.5,115213.3,102264.9,0.0,27.8,30.4,0,23.9,42.5,958,5481,6835,8761,10917,11353,12109,8195,31037,1772
1782100376,2AC,4805154.0,4774570.0,507912.5,461707.7,96100.6,98157.9,77957.4,114770.1,102255.0,0.0,27.8,30.4,0,23.9,42.5,959,5482,6835,8763,10919,11353,12108,8195,31042,1770
1782100674,2AC,4818043.5,4786357.5,508555.8,463142.1,96221.0,98380.3,77738.2,115215.5,102244.2,0.0,27.8,30.4,0,23.9,42.5,958,5482,6835,8761,10919,11355,12110,8195,31042,1770
1782100975,2AC,4830502.5,4802032.0,509051.5,462912.1,96179.0,98206.1,77877.1,115118.8,102234.0,0.0,27.8,30.4,0,23.9,42.5,958,5480,6834,8760,10918,11352,12107,8194,31038,1772
1782101274,2AC,4836799.5,4796171.5,510244.5,463007.6,96583.6,98526.1,78114.8,115477.1,102224.4,0.0,27.8,30.4,0,23.9,42.5,958,5481,6834,8759,10914,11351,12106,8194,31035,1770
1782101575,2AC,4835896.5,4818083.0,511517.6,464069.8,96667.0,98471.6,78046.2,115438.6,102214.5,0.0,27.8,30.4,0,23.9,42.5,958,5480,6834,8760,10918,11351,12108,8194,31037,1771
1782101876,2AC,4845305.5,4800488.5,510821.7,465170.5,96729.6,98581.6,78143.5,115623.6,102205.2,0.0,27.7,30.4,0,23.9,42.5,959,5479,6832,8757,10916,11349,12106,8192,31028,1768
1782102174,2AC,4858028.5,4818774.0,511976.0,465876.1,96798.1,98706.9,78089.8,115467.1,102196.5,0.0,27.7,30.4,0,23.9,42.6,958,5480,6833,8760,10917,11352,12107,8193,31034,1771
1782102476,2AC,4873814.5,4824776.5,512900.8,464354.4,96833.7,98866.5,78410.7,115439.2,102187.5,0.0,27.7,30.4,0,23.9,42.5,958,5480,6834,8760,10917,11351,12108,8194,31036,1769
1782102774,2AC,4870943.5,4833750.5,513941.9,466639.5,97094.7,98969.1,78440.8,115478.5,102179.2,0.0,27.7,30.4,0,23.9,42.6,959,5481,6835,8762,10916,11353,12108,8195,31038,1770
1782103075,2AC,4885960.0,4837157.0,513620.9,466889.8,97121.7,99029.6,78175.8,115540.3,102170.8,0.0,27.7,30.4,0,23.8,42.5,958,5480,6834,8760,10914,11350,12105,8193,31032,1769
1782103376,2AC,4882350.5,4858770.5,514331.8,467587.0,97278.2,99000.6,78300.4,115864.4,102162.2,0.0,27.7,30.4,0,23.9,42.6,958,5480,6832,8759,10916,11350,12106,8193,31027,1771
1782103674,2AC,4899130.5,4842582.5,514845.1,468216.7,97244.0,99248.8,78594.0,115717.9,102153.9,0.0,27.7,30.4,0,23.8,42.6,958,5481,6833,8760,10913,11349,12105,8193,31024,1769
1782103975,2AC,4882879.5,4864922.0,515500.6,468539.0,97361.0,99174.1,78652.1,116090.8,102145.3,0.0,27.7,30.4,0,23.8,42.6,958,5478,6831,8759,10912,11348,12103,8192,31022,1769
1782104276,2AC,4911977.0,4878854.5,517031.7,469355.0,97592.8,99398.9,78577.8,116016.7,102137.4,0.0,27.7,30.5,0,23.8,42.6,958,5482,6834,8763,10916,11352,12107,8194,31030,1771
1782104575,2AC,4913878.5,4872193.5,517998.0,470383.3,97575.5,99473.5,78588.4,116184.4,102130.1,0.0,27.7,30.5,0,23.8,42.6,958,5481,6833,8761,10915,11353,12109,8194,31031,1769
1782104876,2AC,4915463.5,4873018.0,517355.3,470760.5,97718.0,99454.2,78866.2,116272.5,102122.7,0.0,27.7,30.5,0,23.8,42.6,958,5481,6833,8760,10917,11351,12107,8193,31033,1769
1782105174,2AC,4933877.5,4876642.5,518535.3,471193.4,97835.4,99873.1,78582.5,116369.9,102114.7,0.0,27.7,30.5,0,23.8,42.6,958,5480,6832,8759,10915,11350,12106,8193,31029,1771
1782105475,2AC,4939173.5,4885763.5,518344.4,471046.4,97888.5,99735.2,78804.9,115847.0,102107.4,0.0,27.7,30.5,0,23.8,42.6,959,5481,6835,8762,10919,11353,12108,8195,31035,1772
1782105776,2AC,4949512.0,4907136.5,518661.1,471891.9,97954.8,99938.1,78909.6,116289.2,102100.8,0.0,27.7,30.5,0,23.8,42.6,959,5481,6834,8761,10918,11353,12109,8195,31037,1770
1782106074,2AC,4950362.5,4899013.0,519969.6,472521.8,98088.7,99893.7,79041.1,116597.9,102094.0,0.0,27.7,30.5,0,23.8,42.6,958,5479,6832,8759,10917,11351,12107,8195,31033,1770
1782106375,2AC,4962961.5,4913590.5,520182.0,472845.5,98118.3,100015.5,78948.6,116654.5,102087.4,0.0,27.7,30.5,0,23.8,42.6,958,5480,6832,8761,10916,11351,12107,8193,31032,1770
1782106676,2AC,4960628.0,4914873.5,520778.9,473276.3,98260.3,100081.7,78808.9,116754.6,102081.2,0.0,27.7,30.5,0,23.8,42.6,958,5479,6831,8759,10916,11351,12106,8193,31025,1771
1782106974,2AC,4971859.5,4924758.5,522160.0,473979.5,98288.5,100219.0,79230.3,116563.7,102074.9,0.0,27.7,30.5,0,23.8,42.6,958,5480,6833,8760,10916,11351,12107,8194,31028,1771
1782107275,2AC,4987760.0,4936612.5,522148.1,474738.2,98412.0,100298.6,79053.7,116634.1,102068.0,0.0,27.7,30.5,0,23.8,42.6,958,5479,6832,8758,10914,11350,12105,8193,31029,1771
1782107875,2AC,14824443.0,14334739.0,1198946.4,1045262.7,175658.8,170000.2,111372.4,156473.0,105652.8,0.0,27.5,18.7,0,23.6,30.2,959,5481,6834,8764,10921,11355,12111,8196,31045,1770
1782108176,2AC,12764147.0,12337893.0,1061769.2,929448.9,161605.8,158810.2,109066.8,153990.0,105707.8,0.0,27.5,20.8,0,23.6,31.8,958,5483,6835,8767,10926,11360,12115,8198,31059,1772
1782108474,2AC,11604232.0,11271899.0,986295.1,865297.6,153903.5,152019.3,106967.8,152131.0,105725.5,0.0,27.6,21.9,0,23.7,32.9,959,5483,6835,8765,10921,11356,12113,8197,31047,1770
1782108775,2AC,10840681.0,10539600.0,938958.5,826834.1,149063.6,147421.6,105072.8,149268.4,105725.6,0.0,27.6,22.6,0,23.7,33.7,959,5481,6833,8762,10920,11355,12110,8195,31041,1770
1782109076,2AC,10362905.0,10084192.0,904762.0,801089.2,145406.2,144389.2,103875.5,147948.8,105717.7,0.0,27.6,23.2,0,23.7,34.2,959,5482,6834,8764,10923,11357,12112,8196,31050,1770
1782109374,2AC,10039481.0,9764412.0,881917.8,779536.5,142956.3,142162.1,102524.1,146777.3,105703.5,0.0,27.6,23.6,0,23.7,34.7,959,5483,6835,8767,10920,11356,12112,8197,31045,1770
1782109675,2AC,9751164.0,9514491.0,862727.8,764076.4,141209.2,140223.6,101547.9,145704.4,105686.5,0.0,27.6,23.9,0,23.7,35.0,959,5480,6833,8762,10916,11352,12107,8193,31032,1772
1782109976,2AC,9540532.0,9341624.0,849208.8,752015.2,139478.8,138680.3,101185.0,145219.9,105666.6,0.0,27.6,24.1,0,23.7,35.3,959,5482,6834,8764,10923,11356,12112,8197,31048,1772
1782110274,2AC,9389377.0,9166727.0,837791.7,743124.7,138224.6,137602.5,100683.2,144647.7,105645.9,0.0,27.6,24.3,0,23.7,35.6,959,5483,6836,8767,10925,11358,12113,8197,31050,1772
1782110575,2AC,9223985.0,9024021.0,828876.4,733607.3,136949.1,136457.5,99863.3,143626.0,105623.9,0.0,27.6,24.5,0,23.7,35.8,959,5482,6834,8766,10921,11357,12111,8195,31044,1772
1782110876,2AC,9100625.0,8904329.0,819686.8,726110.3,135973.8,135472.0,99323.6,142983.6,105602.1,0.0,27.6,24.7,0,23.7,36.0,958,5480,6832,8762,10918,11353,12108,8193,31037,1772
1782111174,2AC,9013318.0,8797175.0,809695.1,719583.4,135282.9,134825.5,98916.6,142360.1,105579.2,0.0,27.6,24.8,0,23.7,36.1,959,5481,6834,8764,10920,11355,12110,8195,31041,1770
1782111475,2AC,8888329.0,8690039.0,803487.2,713740.3,134476.4,134058.8,98602.2,142163.3,105554.6,0.0,27.6,25.0,0,23.7,36.3,958,5479,6832,8761,10917,11351,12109,8194,31036,1770
1782111774,2AC,8834680.0,8616485.0,798253.5,709211.5,133826.6,133475.1,98504.1,141955.4,105531.4,0.0,27.6,25.1,0,23.7,36.4,958,5481,6833,8762,10918,11354,12109,8195,31038,1770
1782112075,2AC,8735423.0,8550841.0,791364.1,704691.3,133132.5,132909.8,97598.5,141320.2,105507.1,0.0,27.6,25.2,0,23.7,36.6,958,5481,6834,8762,10919,11353,12108,8195,31037,1772
1782112376,2AC,8665405.0,8475417.0,787429.9,699904.8,132420.8,132452.6,97662.9,141295.0,105483.5,0.0,27.6,25.3,0,23.7,36.7,959,5482,6833,8763,10920,11355,12111,8194,31038,1772
1782112674,2AC,8581706.0,8385984.5,781632.4,696053.8,131896.6,131625.0,97601.9,140438.9,105458.7,0.0,27.6,25.3,0,23.7,36.8,958,5479,6831,8760,10915,11351,12107,8193,31030,1769
1782112975,2AC,8542425.0,8322027.5,777654.7,691601.8,131574.4,131299.4,97250.3,140445.4,105433.9,0.0,27.6,25.4,0,23.7,36.9,958,5479,6831,8759,10914,11349,12103,8191,31031,1769
1782113276,2AC,8473887.0,8280277.5,773485.0,689164.1,130972.7,130927.2,96538.8,139998.0,105409.5,0.0,27.6,25.5,0,23.7,36.9,958,5478,6830,8757,10914,11348,12102,8190,31024,1771
1782113574,2AC,8432847.0,8234500.5,769294.0,687035.6,130531.2,130451.6,96848.2,139700.9,105385.5,0.0,27.6,25.6,0,23.7,37.0,958,5479,6831,8760,10917,11351,12104,8191,31030,1769
1782113875,2AC,8375533.5,8180606.5,766737.4,683465.8,130257.2,130139.3,96190.8,139493.0,105361.3,0.0,27.6,25.6,0,23.7,37.2,958,5480,6831,8761,10916,11352,12108,8193,31031,1771
1782114176,2AC,8321033.5,8163164.5,762992.6,678688.0,129877.6,129859.0,96412.7,139455.9,105336.8,0.0,27.6,25.7,0,23.7,37.2,958,5481,6833,8763,10922,11356,12111,8195,31040,1773
1782114474,2AC,8270624.5,8092690.5,759576.5,679033.2,129457.5,129391.4,96081.4,139021.8,105313.5,0.0,27.6,25.8,0,23.7,37.3,959,5482,6836,8766,10921,11357,12112,8197,31047,1771
1782114775,2AC,8239214.5,8047749.5,757412.3,673810.3,129113.3,129147.7,95903.8,139322.8,105289.5,0.0,27.6,25.8,0,23.7,37.3,958,5480,6832,8762,10918,11352,12107,8195,31035,1771
1782115074,2AC,8186473.5,8008969.5,754778.8,671462.7,128848.8,128828.6,95534.0,138273.1,105264.7,0.0,27.6,25.9,0,23.7,37.4,959,5481,6833,8764,10921,11354,12109,8194,31035,1770
1782115375,2AC,8183193.5,7984923.5,753208.0,671027.6,128511.5,128529.6,95424.2,138278.7,105240.4,0.0,27.6,26.0,0,23.7,37.5,959,5481,6833,8762,10920,11353,12108,8194,31036,1769
1782115676,2AC,8122244.5,7962942.0,749020.5,668739.4,128192.6,128237.7,95646.3,138305.9,105216.6,0.0,27.6,26.0,0,23.7,37.5,958,5481,6834,8763,10920,11354,12111,8196,31041,1770
1782115974,2AC,8083917.5,7946816.5,745947.1,666356.6,127949.0,128035.6,95294.2,137874.3,105191.5,0.0,27.6,26.0,0,23.7,37.6,958,5481,6833,8763,10920,11354,12110,8195,31041,1770
1782116275,2AC,8048333.5,7879131.5,742771.1,664634.8,127693.6,127758.7,95070.1,138029.6,105168.2,0.0,27.6,26.1,0,23.7,37.7,958,5481,6833,8764,10920,11354,12109,8195,31039,1770
1782116576,2AC,8018139.5,7836308.0,741110.5,664265.8,127402.9,127478.4,95102.3,137597.4,105144.7,0.0,27.6,26.1,0,23.7,37.7,958,5481,6832,8763,10919,11352,12106,8194,31030,1771
1782116874,2AC,7996344.0,7849664.0,739346.3,661111.0,127132.0,127176.2,95028.1,137677.9,105122.2,0.0,27.6,26.2,0,23.7,37.8,959,5481,6832,8763,10918,11353,12109,8194,31033,1772
1782117175,2AC,7947384.5,7793457.5,737800.1,659266.6,126973.7,127181.8,94631.2,137225.8,105098.8,0.0,27.6,26.3,0,23.7,37.9,958,5480,6832,8762,10916,11352,12107,8192,31033,1769
1782117476,2AC,7915732.0,7752636.0,736173.5,656787.1,126738.8,126799.6,94326.4,137189.0,105075.2,0.0,27.6,26.3,0,23.7,37.9,959,5481,6834,8764,10920,11354,12110,8195,31039,1770
1782117774,2AC,7904794.5,7750773.5,734352.1,655928.2,126512.1,126472.2,94474.2,137298.0,105051.2,0.0,27.6,26.3,0,23.7,38.0,958,5480,6832,8762,10918,11352,12107,8193,31032,1769
1782118075,2AC,7867048.5,7705017.5,731175.8,654424.0,126278.7,126520.6,94397.2,136814.4,105028.0,0.0,27.6,26.4,0,23.7,38.0,958,5480,6832,8761,10917,11351,12106,8193,31030,1769
1782118376,2AC,7865968.5,7679412.5,730600.3,653565.3,126106.1,126345.7,94229.6,136723.4,105005.1,0.0,27.6,26.4,0,23.7,38.0,958,5480,6832,8762,10916,11352,12106,8193,31033,1771
1782118674,2AC,7824425.5,7658558.0,727771.2,651948.8,125889.6,126177.1,94102.6,136514.5,104982.6,0.0,27.6,26.5,0,23.7,38.1,958,5478,6830,8759,10917,11350,12104,8192,31034,1771
1782118975,2AC,7792961.5,7649215.5,727756.6,650621.6,125679.8,125817.7,94195.7,136498.2,104960.7,0.0,27.6,26.5,0,23.7,38.1,958,5477,6831,8759,10914,11350,12105,8190,31028,1771
1782119274,2AC,7765898.5,7615381.5,726749.3,649165.3,125428.2,125629.9,93872.4,136218.1,104938.5,0.0,27.6,26.5,0,23.7,38.1,958,5481,6832,8762,10918,11353,12107,8193,31032,1770
1782119575,2AC,7777137.5,7618733.5,724081.8,647094.7,125428.8,125532.3,94002.7,136463.1,104915.7,0.0,27.6,26.6,0,23.7,38.2,959,5482,6834,8764,10919,11355,12109,8194,31037,1770
1782119876,2AC,7743052.0,7591790.0,721627.5,645051.6,125180.4,125387.5,93982.4,136206.7,104892.9,0.0,27.6,26.6,0,23.7,38.2,958,5478,6830,8760,10913,11351,12105,8192,31031,1771
1782120174,2AC,7705197.5,7552070.0,722860.3,645166.8,125028.0,125166.9,93679.1,136204.0,104870.2,0.0,27.6,26.6,0,23.7,38.3,958,5480,6832,8762,10919,11353,12107,8194,31038,1772
1782120475,2AC,7708611.5,7565681.5,721123.5,643279.6,124946.7,125168.5,93546.1,135908.8,104849.0,0.0,27.6,26.6,0,23.7,38.3,958,5480,6831,8760,10915,11351,12107,8192,31031,1769
1782120776,2AC,7683179.5,7531604.0,718412.6,642831.8,124834.9,125020.0,93394.3,135940.0,104827.9,0.0,27.6,26.7,0,23.7,38.4,958,5481,6832,8761,10918,11351,12106,8191,31037,1771
1782121074,2AC,7665252.0,7503378.0,717416.4,641240.1,124697.6,124900.5,93289.2,135932.2,104806.0,0.0,27.6,26.7,0,23.7,38.4,958,5480,6832,8761,10915,11351,12106,8193,31030,1772
1782121375,2AC,7652870.0,7497117.5,716095.2,639964.2,124719.3,124871.1,93072.3,135797.2,104784.0,0.0,27.6,26.7,0,23.7,38.4,958,5482,6834,8764,10922,11356,12112,8196,31048,1772
1782121674,2AC,7630008.5,7460080.5,714979.4,639482.8,124370.6,124635.5,93282.6,135308.0,104761.7,0.0,27.6,26.8,0,23.7,38.4,959,5482,6835,8765,10919,11356,12111,8195,31039,1770
1782121975,2AC,7616990.5,7452048.0,714117.7,639239.9,124357.2,124564.1,93424.6,135629.2,104740.3,0.0,27.6,26.8,0,23.7,38.5,958,5480,6832,8761,10919,11353,12109,8195,31041,1769
1782122276,2AC,7581282.0,7418320.0,710950.0,637697.3,124088.0,124394.5,93318.4,135755.2,104719.7,0.0,27.6,26.8,0,23.7,38.5,958,5481,6833,8762,10916,11350,12104,8192,31030,1770
1782122574,2AC,7567956.0,7414635.5,711414.9,637262.6,123993.4,124160.1,92898.5,135152.0,104699.1,0.0,27.6,26.8,0,23.7,38.6,958,5480,6832,8763,10916,11349,12106,8191,31035,1770
1782122875,2AC,7581567.5,7393193.5,709254.6,635745.0,123911.7,124211.9,92890.4,135345.3,104677.2,0.0,27.6,26.9,0,23.7,38.6,958,5481,6834,8764,10920,11354,12110,8194,31044,1772
1782123176,2AC,7551318.0,7390846.0,707965.2,635094.1,123840.6,124048.6,92855.6,135394.3,104656.0,0.0,27.6,26.9,0,23.7,38.6,958,5480,6831,8762,10918,11351,12108,8192,31034,1769
1782123474,2AC,7520990.5,7361956.0,708023.2,635185.8,123817.6,124033.5,93058.5,135401.8,104635.1,0.0,27.6,27.0,0,23.7,38.7,958,5480,6832,8762,10919,11354,12110,8196,31038,1770
1782123775,2AC,7540945.5,7352406.0,707213.8,633273.4,123611.3,124016.5,92578.0,135185.7,104614.5,0.0,27.6,27.0,0,23.7,38.7,958,5480,6833,8762,10920,11353,12110,8194,31036,1770
1782124073,2AC,7520074.5,7350073.5,705496.7,633630.7,123582.1,123720.2,92679.2,134889.2,104594.3,0.0,27.6,27.0,0,23.7,38.7,958,5480,6832,8761,10919,11353,12108,8193,31036,1772
1782124375,2AC,7501864.0,7328776.0,704659.8,631413.3,123360.1,123629.3,92711.7,134623.2,104574.0,0.0,27.6,27.0,0,23.7,38.7,958,5481,6832,8762,10919,11351,12108,8193,31036,1770
1782124676,2AC,7473291.5,7294824.5,704333.8,632215.4,123458.4,123521.5,92786.5,134735.3,104552.7,0.0,27.6,27.1,0,23.7,38.7,958,5480,6832,8762,10918,11352,12107,8192,31038,1772
1782124974,2AC,7469144.0,7294616.5,702939.6,631536.7,123237.2,123496.2,92832.5,134782.5,104532.1,0.0,27.6,27.1,0,23.7,38.8,958,5480,6831,8760,10916,11352,12106,8192,31033,1769
1782125275,2AC,7473068.0,7284730.5,703738.2,630530.0,123138.8,123551.3,92536.1,134611.5,104512.4,0.0,27.6,27.1,0,23.7,38.8,959,5483,6835,8765,10921,11356,12112,8195,31043,1772
1782125574,2AC,7455021.5,7305311.5,701389.7,630670.5,123109.1,123542.1,92657.4,134372.4,104492.9,0.0,27.6,27.1,0,23.7,38.9,959,5482,6835,8765,10921,11354,12110,8195,31039,1770
1782125875,2AC,7443154.5,7250574.0,700194.5,628993.9,123077.9,123364.5,92356.7,134350.7,104473.5,0.0,27.6,27.1,0,23.7,38.8,959,5482,6834,8765,10921,11355,12113,8196,31044,1772
1782126176,2AC,7430215.5,7267026.0,698649.0,627685.2,122854.3,123170.6,92397.5,134547.0,104453.1,0.0,27.6,27.2,0,23.7,38.9,959,5482,6835,8765,10920,11353,12110,8194,31040,1770
1782126474,2AC,7449221.5,7234988.0,699700.8,627765.9,122777.3,123385.3,91998.4,134555.7,104432.4,0.0,27.6,27.2,0,23.7,38.9,959,5482,6834,8765,10922,11355,12110,8196,31044,1770
1782126775,2AC,7419118.0,7236502.0,700233.8,627642.9,122981.3,123229.4,92363.4,134286.4,104412.8,0.0,27.6,27.2,0,23.7,38.9,958,5480,6831,8761,10917,11350,12106,8191,31027,1771
1782127074,2AC,7409329.5,7224726.5,698866.9,628547.0,122839.8,123176.0,92166.6,134289.3,104393.8,0.0,27.6,27.2,0,23.7,38.9,959,5481,6833,8764,10920,11354,12111,8194,31041,1770
1782127375,2AC,7388341.5,7210778.5,699113.8,627130.6,122796.9,122926.8,92196.5,134277.1,104375.0,0.0,27.6,27.2,0,23.7,39.0,959,5480,6834,8764,10916,11352,12108,8193,31037,1771
1782127676,2AC,7387896.5,7202968.5,697729.7,626039.2,122708.4,122905.0,92131.8,134397.7,104356.3,0.0,27.6,27.3,0,23.7,39.0,958,5480,6832,8761,10917,11350,12105,8192,31029,1769
1782127974,2AC,7404632.5,7203104.0,696876.2,625085.4,122596.0,123024.1,92182.2,134604.0,104337.3,0.0,27.6,27.3,0,23.7,39.1,959,5481,6834,8763,10921,11354,12111,8196,31042,1770
1782128275,2AC,7372240.5,7189092.5,696726.5,623774.5,122563.6,122805.0,92198.0,133509.2,104317.1,0.0,27.6,27.3,0,23.7,39.1,958,5481,6833,8763,10920,11354,12109,8194,31044,1770
1782128576,2AC,7353823.5,7168242.0,696573.8,625302.8,122586.8,122795.9,92065.6,134039.1,104298.0,0.0,27.6,27.3,0,23.7,39.1,958,5483,6834,8765,10921,11354,12111,8195,31045,1770
1782128874,2AC,7365174.5,7165571.5,696205.6,623969.3,122572.9,122741.3,92108.8,134456.2,104280.4,0.0,27.6,27.3,0,23.7,39.1,959,5481,6833,8764,10922,11356,12111,8195,31042,1771
1782129175,2AC,7348881.5,7164018.5,696402.2,624222.9,122378.6,122800.3,92059.7,134193.1,104262.7,0.0,27.6,27.4,0,23.7,39.1,958,5480,6832,8761,10915,11351,12106,8192,31033,1771
1782129474,2AC,7322956.0,7155242.0,693938.5,622495.1,122249.6,122639.9,92130.9,134120.6,104244.3,0.0,27.6,27.4,0,23.7,39.1,959,5482,6834,8765,10922,11355,12110,8194,31044,1770
1782129775,2AC,7315704.5,7152589.5,694265.2,623433.2,122386.5,122730.8,91810.8,134431.6,104226.3,0.0,27.6,27.4,0,23.7,39.2,959,5481,6834,8764,10922,11355,12111,8194,31045,1770
1782130076,2AC,7316421.5,7159408.5,693995.2,622877.2,122302.0,122823.8,91770.9,133670.5,104207.3,0.0,27.6,27.4,0,23.7,39.2,958,5481,6832,8762,10920,11352,12110,8192,31037,1772
1782130374,2AC,7309110.0,7150996.5,693447.4,622546.8,122291.0,122433.7,91761.6,134272.0,104188.9,0.0,27.6,27.5,0,23.7,39.2,959,5482,6833,8763,10920,11356,12109,8194,31041,1771
1782130676,2AC,7308926.5,7142554.5,693080.2,621905.7,122225.0,122492.5,92057.2,133968.3,104170.9,0.0,27.6,27.5,0,23.7,39.2,959,5481,6833,8764,10920,11354,12110,8193,31045,1770
1782130974,2AC,7277343.5,7132526.5,694485.4,622409.8,122211.8,122583.9,91944.8,133842.9,104152.8,0.0,27.6,27.5,0,23.7,39.2,959,5480,6832,8760,10918,11352,12107,8193,31034,1771
1782131275,2AC,7274003.5,7101812.0,692563.2,621105.2,122168.7,122409.2,91960.7,134101.1,104134.1,0.0,27.6,27.5,0,23.7,39.3,959,5483,6835,8766,10922,11357,12113,8197,31046,1772
1782131576,2AC,7277688.5,7137078.0,692769.6,620331.2,122223.2,122565.2,91673.1,133822.1,104116.7,0.0,27.6,27.5,0,23.7,39.3,959,5483,6835,8766,10923,11357,12114,8195,31049,1770
1782131875,2AC,7275808.0,7112976.5,691035.1,622354.9,122082.1,122443.2,91637.0,133832.3,104101.2,0.0,27.6,27.5,0,23.7,39.3,959,5483,6835,8767,10923,11359,12115,8197,31056,1771
1782132176,2AC,7266298.5,7106490.0,692114.6,620623.6,122097.3,122266.8,91505.2,133784.0,104085.7,0.0,27.6,27.6,0,23.7,39.3,959,5484,6837,8767,10924,11360,12116,8197,31052,1771
1782132474,2AC,7235905.5,7116876.0,690841.7,622450.2,122076.6,122410.4,91596.6,133854.3,104068.4,0.0,27.6,27.6,0,23.7,39.4,958,5481,6832,8763,10919,11355,12110,8193,31039,1772
1782132775,2AC,7261648.5,7110908.5,690803.6,621314.8,121988.9,122468.7,91852.5,133425.8,104050.5,0.0,27.6,27.6,0,23.7,39.4,958,5481,6833,8764,10919,11353,12109,8193,31043,1772
1782133076,2AC,7267035.5,7102260.5,690584.8,620190.2,121973.4,122405.4,91626.1,133420.3,104032.0,0.0,27.6,27.6,0,23.7,39.4,959,5482,6833,8764,10919,11353,12109,8192,31038,1769
1782133374,2AC,7234806.0,7085226.5,691003.1,620952.4,121933.3,122289.2,91696.0,133510.8,104014.8,0.0,27.6,27.6,0,23.7,39.4,959,5481,6833,8764,10919,11354,12110,8194,31038,1770
1782133675,2AC,7235132.0,7090634.0,689246.8,619266.7,122026.0,122313.5,91574.0,133854.1,103997.7,0.0,27.6,27.6,0,23.7,39.4,959,5482,6834,8765,10921,11356,12111,8195,31046,1770
1782133976,2AC,7243676.5,7102588.0,689547.4,619522.2,122038.4,122437.7,91494.5,133526.4,103980.4,0.0,27.6,27.7,0,23.7,39.5,959,5482,6833,8765,10917,11354,12109,8192,31039,1770
1782134274,2AC,7235940.0,7077975.5,690542.5,618798.0,121848.7,122257.6,91801.0,133538.1,103963.3,0.0,27.6,27.7,0,23.7,39.4,959,5481,6834,8766,10918,11353,12108,8193,31043,1771
1782134575,2AC,7217842.0,7081269.5,689740.2,619355.1,121953.3,122302.4,91451.6,133457.2,103945.5,0.0,27.6,27.7,0,23.7,39.5,959,5483,6836,8767,10925,11360,12117,8197,31055,1772
1782134874,2AC,7229652.5,7074796.5,688483.7,618698.9,122009.3,122263.0,91861.2,133739.0,103928.6,0.0,27.6,27.7,0,23.7,39.5,959,5481,6834,8764,10918,11354,12110,8194,31043,1769
1782135175,2AC,7224930.0,7070703.5,689607.0,619111.4,122003.2,122219.7,91623.9,133547.0,103911.2,0.0,27.6,27.7,0,23.7,39.5,959,5482,6834,8767,10922,11356,12113,8195,31049,1770
1782135476,2AC,7219540.5,7076212.5,689095.7,619447.2,122003.9,122282.4,91685.1,133445.0,103894.7,0.0,27.6,27.7,0,23.7,39.5,958,5481,6834,8764,10921,11354,12110,8195,31045,1772
1782135774,2AC,7219908.0,7076344.5,690055.8,619803.3,121954.5,122231.9,91569.3,133849.1,103878.6,0.0,27.6,27.7,0,23.7,39.5,958,5480,6832,8762,10919,11355,12109,8194,31041,1771
1782136076,2AC,7249279.5,7078831.5,689724.8,619443.9,122122.1,122234.4,91800.7,133725.3,103861.8,0.0,27.5,27.8,0,23.7,39.6,959,5482,6834,8766,10923,11358,12114,8196,31048,1770
1782136374,2AC,7202628.0,7060513.5,689091.1,618734.7,121979.2,122325.1,91649.2,133678.2,103845.5,0.0,27.6,27.8,0,23.7,39.6,959,5482,6835,8766,10922,11356,12112,8195,31041,1771
1782136675,2AC,7221054.5,7056480.5,687656.9,619002.1,121974.0,122295.1,91367.0,133137.4,103829.1,0.0,27.6,27.8,0,23.7,39.6,959,5481,6834,8765,10918,11353,12108,8192,31039,1769
1782136976,2AC,7203825.5,7055641.5,689607.6,618572.7,122163.6,122538.3,91464.0,133509.0,103812.7,0.0,27.5,27.8,0,23.7,39.6,959,5480,6833,8762,10917,11352,12108,8194,31032,1770
1782137274,2AC,7211994.5,7045496.0,687458.3,618389.3,122072.1,122408.7,91678.4,133248.0,103796.5,0.0,27.6,27.8,0,23.7,39.6,958,5480,6831,8761,10914,11349,12104,8191,31027,1771
1782137576,2AC,7217590.0,7059343.5,688520.2,618640.2,122174.5,122366.4,91485.8,133831.4,103780.0,0.0,27.5,27.9,0,23.7,39.7,959,5482,6834,8764,10922,11356,12113,8196,31043,1770
1782137874,2AC,7216786.5,7059968.5,689272.2,619814.0,122148.9,122395.0,91637.7,133407.9,103763.5,0.0,27.5,27.8,0,23.7,39.6,959,5483,6835,8766,10920,11355,12111,8195,31046,1772
1782138175,2AC,7206625.5,7058360.5,687878.2,619818.8,122059.6,122411.6,91789.9,133068.2,103747.5,0.0,27.5,27.9,0,23.7,39.7,959,5482,6833,8765,10922,11357,12113,8196,31048,1770
1782138476,2AC,7214782.0,7065954.5,689156.4,619421.3,122178.5,122544.6,91560.0,133842.6,103731.3,0.0,27.5,27.9,0,23.7,39.7,958,5480,6832,8763,10919,11354,12110,8194,31037,1770
1782138774,2AC,7212913.5,7046950.0,687674.1,619409.8,122093.0,122644.6,91610.1,133433.5,103715.6,0.0,27.5,27.9,0,23.7,39.7,959,5483,6834,8765,10921,11356,12113,8196,31041,1771
1782139075,2AC,7219067.5,7053643.5,689660.5,619773.4,122199.5,122366.6,91633.1,133652.4,103700.0,0.0,27.5,27.9,0,23.7,39.7,958,5482,6833,8765,10923,11357,12113,8194,31042,1772
1782139374,2AC,7196353.5,7053174.0,687750.8,618528.3,122240.7,122563.8,91908.1,133844.7,103684.3,0.0,27.5,27.9,0,23.7,39.7,959,5483,6834,8765,10923,11358,12113,8196,31047,1771
1782139675,2AC,7208659.5,7051228.0,688818.5,619409.3,122276.7,122460.6,91618.7,133704.6,103668.9,0.0,27.5,27.9,0,23.6,39.8,959,5482,6834,8767,10920,11355,12112,8195,31044,1772
1782139976,2AC,7214026.5,7046466.5,689337.2,619416.1,122267.2,122560.5,91547.9,133508.1,103653.4,0.0,27.5,27.9,0,23.7,39.8,958,5481,6833,8765,10921,11356,12111,8195,31040,1772
1782140274,2AC,7223158.5,7049350.5,689018.6,619904.4,122451.9,122778.0,91459.4,134116.6,103638.7,0.0,27.5,28.0,0,23.6,39.7,959,5482,6833,8766,10921,11354,12111,8193,31040,1772
1782140575,2AC,7212938.5,7044960.5,688908.8,619963.2,122351.4,122458.8,91409.1,133328.3,103623.4,0.0,27.5,28.0,0,23.6,39.8,959,5481,6833,8766,10922,11358,12113,8196,31042,1773
1782140876,2AC,7189207.5,7040034.5,688936.0,620228.9,122395.2,122622.8,91549.5,134042.5,103608.1,0.0,27.5,28.0,0,23.6,39.8,959,5483,6835,8768,10924,11361,12115,8198,31049,1770
1782141174,2AC,7223077.5,7055034.5,690416.5,619852.0,122409.6,122601.1,91637.6,133609.6,103592.9,0.0,27.5,28.0,0,23.6,39.8,959,5482,6835,8768,10924,11357,12114,8198,31052,1770
1782141475,2AC,7232139.5,7060529.5,689685.0,620793.8,122554.0,122611.4,91593.8,133376.0,103578.2,0.0,27.5,28.0,0,23.6,39.8,959,5480,6833,8764,10920,11353,12109,8194,31037,1769
1782141776,2AC,7205729.5,7058663.5,689500.4,620708.2,122460.4,122593.0,91812.3,133879.6,103563.6,0.0,27.5,28.0,0,23.6,39.8,958,5480,6831,8763,10917,11351,12107,8192,31033,1770
1782142074,2AC,7218661.5,7043168.0,688692.5,620241.8,122454.2,122651.7,91597.6,133565.6,103549.1,0.0,27.5,28.0,0,23.6,39.8,959,5482,6833,8765,10921,11357,12111,8195,31041,1772
1782142375,2AC,7217560.0,7069647.5,688616.9,620660.2,122514.9,122863.8,91759.6,133486.6,103534.8,0.0,27.5,28.1,0,23.6,39.9,959,5482,6833,8765,10921,11356,12112,8195,31039,1772
1782142674,2AC,7228564.0,7044745.5,689416.1,620379.3,122599.4,122878.0,91839.3,133430.6,103520.8,0.0,27.5,28.1,0,23.6,39.9,959,5482,6834,8768,10922,11358,12114,8196,31047,1770
1782142975,2AC,7217658.0,7059848.5,690807.8,620535.4,122620.1,122817.4,91551.5,133503.9,103507.1,0.0,27.5,28.1,0,23.6,39.9,958,5479,6830,8761,10918,11351,12107,8192,31028,1770
1782143276,2AC,7218200.0,7052735.5,688878.9,621667.7,122557.8,122743.2,91650.4,133927.0,103494.5,0.0,27.5,28.1,0,23.6,39.9,959,5483,6834,8766,10925,11356,12114,8197,31051,1773
1782143574,2AC,7215355.5,7053729.5,690495.1,620532.6,122606.0,122902.2,91636.8,133873.1,103483.2,0.0,27.5,28.1,0,23.6,40.0,958,5481,6832,8764,10918,11353,12108,8194,31033,1770
1782143875,2AC,7223282.0,7061631.5,690087.1,620928.8,122688.9,122925.2,91475.2,133238.5,103473.6,0.0,27.5,28.1,0,23.6,40.0,959,5482,6833,8765,10919,11355,12111,8194,31044,1771
1782144174,2AC,7203642.5,7043346.5,689540.6,619614.5,122571.3,122745.8,91791.9,134024.3,103465.3,0.0,27.5,28.1,0,23.6,40.0,958,5481,6832,8764,10918,11353,12107,8192,31032,1769
1782144474,2AC,7210726.0,7031974.5,689749.5,620109.8,122523.3,122820.2,91404.9,133330.6,103458.3,0.0,27.5,28.1,0,23.7,40.0,959,5481,6833,8766,10920,11354,12110,8194,31042,1772
1782144775,2AC,7191899.5,7022102.5,687936.3,619682.2,122411.6,122764.1,91662.2,133502.1,103451.1,0.0,27.5,28.1,0,23.7,40.0,959,5482,6835,8766,10922,11357,12110,8195,31042,1772
1782145076,2AC,7197722.5,7019187.5,688292.2,618747.9,122444.4,122659.8,91602.6,133505.4,103444.6,0.0,27.6,28.2,0,23.7,40.0,959,5481,6832,8764,10920,11353,12108,8193,31034,1769
1782145374,2AC,7178401.5,7013014.0,687775.8,618810.4,122391.1,122631.6,91402.7,133371.6,103438.5,0.0,27.6,28.1,0,23.7,40.0,958,5482,6833,8765,10921,11355,12112,8194,31045,1771
1782145675,2AC,7163770.5,7045539.5,688960.3,619190.2,122095.4,122274.9,91588.4,133476.8,103434.6,0.0,27.6,28.2,0,23.7,40.0,959,5483,6835,8766,10920,11355,12112,8195,31049,1772
1782145974,2AC,7181704.5,7008084.5,686891.2,618290.7,122052.8,122308.2,91597.3,133500.9,103430.3,0.0,27.6,28.2,0,23.7,40.1,959,5483,6836,8766,10924,11359,12114,8196,31046,1770
1782146275,2AC,7159430.5,6996386.0,686812.9,617095.8,122045.4,122381.9,91600.2,133329.9,103427.3,0.0,27.7,28.2,0,23.8,40.1,959,5484,6837,8769,10926,11358,12115,8196,31052,1770
1782146576,2AC,7123918.5,6978224.5,685674.7,617286.7,121944.9,122123.0,91439.1,132753.3,103423.5,0.0,27.7,28.2,0,23.8,40.1,959,5483,6836,8768,10923,11357,12113,8196,31046,1770
1782146874,2AC,7116840.0,6989426.0,684573.3,615073.8,121785.1,121972.7,91485.8,133237.8,103420.5,0.0,27.7,28.2,0,23.8,40.1,959,5485,6838,8767,10923,11358,12114,8196,31054,1771
1782147175,2AC,7120666.5,6982678.5,684123.7,614925.7,121825.5,121816.5,91354.7,133092.5,103415.4,0.0,27.7,28.2,0,23.8,40.1,959,5482,6834,8764,10919,11354,12111,8194,31042,1772
1782147476,2AC,7114399.5,6948870.5,682660.6,615199.9,121682.9,121750.4,91112.4,132725.5,103411.2,0.0,27.7,28.2,0,23.9,40.1,959,5484,6837,8766,10923,11357,12114,8196,31048,1773
1782147774,2AC,7114012.5,6958097.5,682383.6,613397.6,121543.1,121666.2,91036.0,132723.5,103407.4,0.0,27.8,28.2,0,23.9,40.1,959,5483,6838,8765,10921,11356,12111,8196,31049,1769
1782148075,2AC,7106069.5,6955199.5,681258.7,614139.8,121410.7,121788.4,91056.0,132871.5,103402.6,0.0,27.8,28.2,0,23.9,40.1,959,5484,6838,8765,10921,11358,12113,8195,31047,1770
1782148376,2AC,7080235.5,6920464.5,680660.6,613260.2,121321.6,121583.5,90868.1,132561.9,103399.6,0.0,27.8,28.2,0,23.9,40.1,959,5484,6838,8765,10921,11355,12111,8193,31040,1770
1782148674,2AC,7085936.5,6915911.5,680576.4,612368.1,121110.8,121703.0,90932.7,132465.8,103395.2,0.0,27.8,28.2,0,24.0,40.1,959,5485,6840,8768,10925,11360,12116,8198,31060,1771
1782148975,2AC,7051463.5,6909957.5,678615.0,611044.4,121027.0,121323.4,91007.8,132538.0,103391.4,0.0,27.9,28.3,0,24.0,40.2,959,5484,6840,8766,10921,11357,12112,8195,31048,1770
1782149276,2AC,7057682.0,6905172.5,677244.4,611595.9,120936.8,121362.9,90813.9,132349.0,103387.1,0.0,27.9,28.3,0,24.0,40.2,960,5485,6840,8767,10920,11356,12112,8195,31048,1770
1782149574,2AC,7038057.5,6890946.5,678432.9,610591.4,120981.8,121221.4,90785.8,132466.9,103382.6,0.0,27.9,28.3,0,24.0,40.2,959,5485,6840,8767,10921,11359,12115,8197,31059,1772
1782149875,2AC,7039700.5,6876130.0,677497.2,609310.6,120865.6,121302.5,90734.8,132115.3,103379.8,0.0,27.9,28.3,0,24.0,40.2,959,5485,6839,8766,10922,11358,12114,8195,31054,1770
1782150176,2AC,7015061.5,6860534.5,676898.6,608839.0,120746.7,121055.6,90524.3,132089.4,103374.9,0.0,27.9,28.3,0,24.1,40.2,959,5485,6841,8767,10922,11359,12114,8196,31058,1770
1782150474,2AC,7019502.5,6862346.0,675692.0,609138.4,120534.0,120948.3,90606.1,131923.5,103370.8,0.0,28.0,28.3,0,24.1,40.2,959,5484,6839,8765,10920,11358,12112,8194,31052,1769
1782150775,2AC,6982705.5,6829756.5,676224.4,607658.8,120481.9,120986.9,90493.9,131898.7,103366.0,0.0,28.0,28.3,0,24.1,40.2,959,5485,6840,8764,10917,11355,12111,8194,31048,1769
1782151076,2AC,6990974.5,6850865.5,674536.5,607658.9,120464.0,120851.2,90456.9,131949.2,103360.3,0.0,28.0,28.3,0,24.1,40.2,959,5484,6840,8763,10918,11353,12108,8193,31038,1769
1782151374,2AC,6979649.5,6823023.5,672617.5,605728.9,120411.4,120941.5,90304.9,132000.6,103356.3,0.0,28.0,28.3,0,24.2,40.2,959,5485,6841,8764,10920,11356,12113,8195,31052,1769
1782151675,2AC,6982564.0,6831876.0,672673.8,606094.1,120253.8,120571.3,90214.1,131587.9,103350.4,0.0,28.1,28.3,0,24.2,40.3,959,5484,6841,8765,10919,11357,12112,8195,31055,1769
1782151976,2AC,6944948.0,6822726.0,673479.3,607215.2,120433.3,120545.2,90200.0,131733.7,103343.7,0.0,28.1,28.3,0,24.2,40.3,959,5485,6841,8765,10921,11356,12113,8195,31053,1769
1782152274,2AC,6959394.5,6800132.5,673925.0,606191.0,120150.0,120501.0,90202.5,131716.3,103337.4,0.0,28.1,28.3,0,24.2,40.3,959,5485,6841,8764,10920,11354,12111,8193,31047,1770
1782152575,2AC,6961748.5,6807936.0,672843.1,605096.8,120301.7,120461.8,90189.2,131537.5,103329.5,0.0,28.1,28.3,0,24.2,40.3,959,5485,6841,8764,10918,11354,12110,8193,31045,1771
1782152874,2AC,6938238.5,6803168.5,672769.9,605298.1,120080.0,120432.5,90064.9,131369.6,103323.5,0.0,28.1,28.3,0,24.2,40.3,959,5484,6840,8761,10916,11353,12109,8192,31040,1768
1782153175,2AC,6968990.0,6813825.5,670912.6,605315.0,119873.7,120321.5,90144.1,131469.9,103318.4,0.0,28.1,28.4,0,24.3,40.4,959,5485,6842,8763,10919,11356,12111,8194,31044,1769
1782153476,2AC,6915892.5,6780556.0,671299.1,604513.2,119945.7,120270.0,89972.2,131375.4,103312.5,0.0,28.2,28.4,0,24.3,40.4,959,5486,6843,8766,10922,11356,12112,8195,31048,1769
1782153774,2AC,6931503.5,6795077.5,671109.1,604088.8,119761.4,120205.1,89864.7,131409.4,103304.6,0.0,28.2,28.4,0,24.3,40.4,959,5486,6843,8765,10923,11358,12114,8196,31055,1769
1782154074,2AC,6918025.5,6770260.5,668315.2,603118.6,120001.6,120135.7,89789.1,131217.0,103296.4,0.0,28.2,28.4,0,24.3,40.4,959,5487,6844,8765,10919,11356,12113,8194,31045,1771
1782154375,2AC,6906226.5,6776832.0,668002.3,602639.2,119815.3,120295.9,89854.7,131258.7,103287.9,0.0,28.2,28.4,0,24.3,40.4,959,5486,6843,8765,10918,11358,12113,8194,31053,1771
1782154676,2AC,6905546.0,6777684.5,668122.2,601760.3,119789.5,120166.4,89798.1,131217.8,103278.4,0.0,28.2,28.4,0,24.3,40.4,959,5487,6846,8766,10920,11359,12114,8196,31058,1770
1782154974,2AC,6926690.5,6774664.0,669589.1,602302.4,119981.6,120160.2,89831.8,131164.7,103269.1,0.0,28.2,28.5,0,24.3,40.4,959,5486,6843,8764,10920,11356,12113,8195,31055,1769
1782155275,2AC,6900102.0,6775132.5,667411.4,601922.0,119910.6,120136.3,89817.8,131144.2,103260.6,0.0,28.2,28.4,0,24.4,40.5,960,5487,6846,8767,10923,11360,12116,8197,31064,1769
1782155576,2AC,6925145.5,6759646.5,668275.1,601362.8,119846.3,120085.4,89719.1,131084.3,103251.5,0.0,28.2,28.4,0,24.4,40.4,959,5488,6846,8766,10921,11358,12114,8195,31059,1769
1782155874,2AC,6902309.5,6749322.0,668768.1,602168.7,119730.9,120126.3,89621.4,131009.1,103241.4,0.0,28.2,28.5,0,24.4,40.5,959,5485,6843,8762,10919,11356,12112,8194,31047,1769
1782156175,2AC,6891393.5,6747215.5,668699.1,601757.8,119840.4,120015.3,89771.6,130920.9,103231.8,0.0,28.2,28.5,0,24.4,40.5,960,5486,6844,8763,10918,11352,12111,8192,31042,1770
1782156476,2AC,6903728.5,6769888.0,668183.8,601762.4,119858.4,120248.7,89893.2,131237.4,103221.6,0.0,28.3,28.5,0,24.4,40.5,959,5487,6845,8764,10919,11358,12113,8196,31052,1769
1782156774,2AC,6896802.0,6763478.5,667988.8,601847.3,119861.3,120063.9,89792.4,131015.7,103212.0,0.0,28.3,28.5,0,24.4,40.5,959,5486,6844,8764,10918,11355,12110,8195,31047,1770
1782157075,2AC,6884668.5,6756200.0,670064.5,602621.8,119794.7,120107.6,89784.9,131161.0,103202.7,0.0,28.3,28.5,0,24.4,40.5,960,5487,6846,8767,10922,11360,12116,8197,31059,1771
1782157374,2AC,6896804.5,6742146.5,668471.4,602395.1,119949.3,120130.0,89636.1,131114.7,103192.3,0.0,28.3,28.5,0,24.4,40.5,959,5485,6843,8762,10917,11356,12110,8193,31049,1768
1782157675,2AC,6891588.5,6755088.5,669147.1,602145.2,119802.6,120177.3,89689.2,130740.9,103182.0,0.0,28.3,28.5,0,24.4,40.5,959,5487,6845,8765,10919,11354,12112,8195,31052,1769
1782157976,2AC,6871906.0,6744708.0,667838.9,602219.4,119868.4,120042.7,89423.9,130816.0,103172.0,0.0,28.3,28.5,0,24.4,40.5,959,5485,6843,8763,10919,11356,12110,8194,31049,1768
1782158274,2AC,6896616.5,6731491.5,666860.7,602479.2,119815.1,120025.9,89572.4,130854.4,103161.9,0.0,28.3,28.5,0,24.4,40.5,960,5489,6847,8767,10925,11361,12117,8198,31068,1770
1782158575,2AC,6900050.5,6752996.0,667952.8,602639.2,119979.3,120251.7,89806.6,131040.2,103152.4,0.0,28.3,28.5,0,24.4,40.5,960,5486,6845,8764,10920,11357,12111,8195,31050,1771
1782158874,2AC,6881769.5,6748681.5,667885.2,601890.2,119980.8,120305.4,89741.2,131030.3,103142.2,0.0,28.3,28.5,0,24.4,40.6,960,5487,6845,8766,10920,11357,12112,8195,31048,1769
1782159175,2AC,6905022.5,6719724.5,667946.2,601786.6,119981.3,120281.3,89690.7,131170.6,103132.0,0.0,28.3,28.6,0,24.4,40.6,960,5486,6845,8764,10917,11354,12110,8193,31048,1769
1782159476,2AC,6887268.0,6728213.5,668877.7,602316.5,120002.2,120329.6,89540.0,130963.3,103120.6,0.0,28.3,28.6,0,24.4,40.6,960,5486,6844,8764,10918,11355,12111,8193,31047,1769
1782159774,2AC,6879130.5,6745012.0,668931.8,602448.9,119893.0,120379.7,89552.7,130894.0,103111.2,0.0,28.3,28.6,0,24.5,40.6,960,5487,6844,8763,10918,11356,12111,8195,31057,1770
1782160075,2AC,6870770.0,6757238.0,668363.1,602868.4,120043.1,120289.7,89752.7,130819.6,103100.5,0.0,28.3,28.6,0,24.5,40.6,960,5487,6844,8764,10918,11357,12111,8193,31045,1769
1782160376,2AC,6908776.0,6733693.5,668814.4,602815.1,119976.0,120384.0,89604.1,130977.2,103092.1,0.0,28.3,28.6,0,24.5,40.6,959,5486,6844,8765,10917,11356,12111,8194,31048,1769
1782160674,2AC,6887302.0,6727112.0,668001.1,603052.8,120239.3,120294.9,89617.2,130896.3,103081.8,0.0,28.3,28.6,0,24.5,40.6,960,5487,6846,8766,10923,11361,12115,8197,31059,1771
1782160975,2AC,6886596.0,6741801.5,668588.9,603656.2,120399.4,120383.1,89594.7,131091.2,103069.9,0.0,28.3,28.6,0,24.5,40.6,959,5485,6844,8763,10916,11354,12110,8192,31042,1768
1782161276,2AC,6902132.0,6748150.0,668063.2,603511.3,120298.2,120535.3,89529.3,130784.4,103058.7,0.0,28.3,28.6,0,24.5,40.6,960,5487,6846,8765,10918,11357,12110,8195,31050,1770
1782161574,2AC,6908893.5,6758988.5,668577.3,603423.0,120208.7,120450.8,89520.3,131083.4,103047.6,0.0,28.3,28.7,0,24.5,40.7,959,5485,6844,8762,10917,11353,12108,8192,31042,1768
1782161875,2AC,6904940.0,6739730.0,668777.4,602921.2,120329.9,120638.1,89682.6,130960.8,103036.1,0.0,28.4,28.7,0,24.5,40.7,960,5486,6845,8762,10916,11355,12110,8193,31040,1768
1782162176,2AC,6905512.0,6739557.5,670258.2,604047.2,120291.8,120528.0,89594.1,130689.3,103025.6,0.0,28.4,28.6,0,24.5,40.7,960,5488,6846,8764,10920,11358,12113,8195,31055,1769
1782162474,2AC,6884568.0,6734872.5,669440.9,603473.8,120245.1,120389.6,89779.2,131102.7,103014.6,0.0,28.4,28.7,0,24.5,40.7,959,5486,6844,8763,10917,11354,12108,8192,31040,1770
1782162775,2AC,6908884.0,6755585.5,668897.2,604111.2,120598.1,120761.9,89690.9,130928.7,103004.1,0.0,28.4,28.7,0,24.5,40.7,959,5486,6844,8760,10915,11354,12108,8192,31043,1770
1782163074,2AC,6887075.5,6735238.5,669557.6,604387.6,120273.8,120517.5,89623.2,131031.8,102995.8,0.0,28.4,28.7,0,24.5,40.7,959,5485,6845,8762,10915,11352,12108,8192,31039,1769
1782163375,2AC,6909191.5,6743174.5,668996.3,604636.7,120478.0,120457.9,89772.4,130861.5,102986.0,0.0,28.4,28.7,0,24.5,40.8,960,5487,6845,8765,10919,11357,12111,8195,31050,1771
1782163676,2AC,6899393.5,6750205.5,670762.4,603787.1,120659.4,120805.3,89815.1,130604.4,102975.9,0.0,28.4,28.7,0,24.5,40.7,960,5487,6846,8763,10916,11354,12110,8195,31047,1769
1782163974,2AC,6903363.5,6752361.5,668814.4,603704.7,120329.9,120839.5,89723.7,130859.4,102967.3,0.0,28.4,28.7,0,24.5,40.7,959,5487,6846,8763,10917,11356,12110,8194,31046,1769
1782164275,2AC,6923857.5,6755032.0,670983.5,605422.4,120369.3,120622.1,89717.5,130979.3,102958.5,0.0,28.4,28.7,0,24.5,40.8,960,5488,6846,8765,10919,11359,12113,8195,31054,1769
1782164576,2AC,6927322.5,6759119.5,671712.4,604475.3,120536.5,120701.6,89733.5,130976.3,102947.9,0.0,28.4,28.8,0,24.5,40.8,959,5485,6844,8760,10916,11352,12108,8192,31041,1768
1782164874,2AC,6923502.5,6750929.5,670461.9,603919.4,120509.5,120662.2,89733.6,131016.4,102937.3,0.0,28.4,28.7,0,24.5,40.8,960,5486,6846,8762,10916,11356,12110,8193,31054,1769
1782165175,2AC,6907727.5,6747783.5,671698.5,605875.9,120504.4,120894.2,89805.0,130817.0,102926.2,0.0,28.4,28.8,0,24.5,40.8,960,5487,6846,8764,10916,11356,12111,8194,31051,1768
1782165476,2AC,6920595.5,6758660.5,670890.3,605506.1,120657.1,120874.4,89715.2,130946.0,102916.0,0.0,28.4,28.8,0,24.5,40.8,959,5485,6844,8761,10916,11352,12107,8191,31039,1768
1782165774,2AC,6900617.5,6755992.0,669723.4,604786.2,120679.5,120743.9,89683.3,131025.9,102905.3,0.0,28.4,28.8,0,24.5,40.8,959,5485,6843,8761,10914,11353,12107,8191,31040,1768
1782166075,2AC,6953726.0,6776267.5,670317.7,604919.0,120857.2,120882.8,89903.2,130799.8,102893.3,0.0,28.4,28.8,0,24.5,40.8,960,5488,6847,8764,10918,11356,12111,8194,31049,1768
1782166376,2AC,6915613.5,6765234.5,671176.2,606254.5,120713.0,120974.2,89888.9,131061.2,102883.7,0.0,28.4,28.8,0,24.5,40.8,960,5488,6847,8766,10921,11358,12113,8195,31057,1769
1782166674,2AC,6910018.5,6765127.5,671865.8,606106.5,120809.2,120924.5,89737.5,130869.8,102873.4,0.0,28.4,28.8,0,24.5,40.8,960,5488,6847,8765,10919,11359,12114,8195,31051,1770
1782166975,2AC,6931668.5,6762370.0,672473.5,607041.7,120738.8,121130.9,89735.7,131055.6,102863.6,0.0,28.4,28.8,0,24.5,40.8,960,5488,6846,8765,10920,11358,12113,8195,31053,1771
1782167276,2AC,6930163.5,6760564.0,672299.8,606169.7,120871.9,121189.4,89728.8,131049.5,102855.2,0.0,28.4,28.8,0,24.5,40.9,960,5486,6846,8764,10917,11357,12111,8193,31048,1769
1782167574,2AC,6920515.5,6762542.0,671383.3,606370.3,121022.6,121136.6,89808.0,131048.5,102846.6,0.0,28.4,28.9,0,24.5,40.9,960,5488,6848,8765,10920,11357,12112,8194,31056,1769
1782167875,2AC,6948251.5,6776182.5,673935.2,607070.5,120793.7,121023.0,89825.3,131116.1,102837.5,0.0,28.4,28.8,0,24.6,40.9,959,5487,6845,8761,10917,11356,12111,8194,31048,1769
1782168176,2AC,6926520.5,6782724.0,673462.8,607221.9,121048.6,121098.3,89867.7,130933.4,102829.1,0.0,28.4,28.9,0,24.6,40.9,960,5488,6847,8764,10919,11355,12110,8193,31047,1769
1782168474,2AC,6935718.5,6774485.5,673174.6,607245.4,120986.5,121217.0,89620.0,130883.3,102820.2,0.0,28.4,28.8,0,24.6,40.9,960,5487,6846,8763,10918,11356,12112,8194,31052,1770
1782168775,2AC,6940643.5,6774082.0,673266.0,607873.4,121125.7,121307.8,89667.9,130967.2,102811.3,0.0,28.4,28.9,0,24.6,40.9,959,5487,6846,8763,10916,11354,12109,8192,31045,1770
1782169074,2AC,6930171.5,6772834.0,673847.4,607215.7,121042.3,121378.6,89817.7,130812.9,102804.0,0.0,28.5,28.9,0,24.6,41.0,959,5487,6846,8762,10918,11355,12109,8192,31046,1768
1782169375,2AC,6941642.5,6773078.5,674739.5,608072.6,121304.0,121118.2,89775.5,130911.8,102797.3,0.0,28.5,28.9,0,24.6,40.9,959,5486,6846,8763,10914,11354,12108,8191,31045,1768
1782169676,2AC,6944532.0,6777398.5,673609.7,607247.0,121217.4,121209.8,89769.0,131047.8,102790.5,0.0,28.5,28.9,0,24.6,41.0,960,5487,6847,8764,10916,11356,12110,8193,31050,1768
1782169974,2AC,6927432.0,6777198.5,673268.8,607265.5,121224.6,121199.1,89758.1,130987.2,102783.4,0.0,28.5,28.9,0,24.6,41.0,960,5488,6848,8764,10919,11359,12112,8194,31053,1769
1782170275,2AC,6919923.5,6764204.5,673031.5,607511.6,121116.0,121264.8,89761.3,130865.6,102777.0,0.0,28.5,28.9,0,24.6,41.0,959,5488,6847,8763,10916,11357,12112,8193,31049,1769
1782170576,2AC,6916126.5,6749729.5,672526.7,606462.0,121157.6,121048.2,89904.9,131101.3,102768.4,0.0,28.5,28.9,0,24.6,41.0,960,5489,6850,8765,10920,11358,12113,8195,31060,1770
1782170874,2AC,6933756.0,6768858.5,671998.5,608022.6,121285.7,121190.9,89697.3,130982.9,102758.3,0.0,28.5,28.9,0,24.7,41.0,960,5489,6849,8766,10922,11361,12114,8196,31059,1771
1782171175,2AC,6927576.5,6768238.0,673022.8,607152.5,121141.9,121076.9,89833.5,131070.1,102750.9,0.0,28.5,28.9,0,24.6,41.0,960,5489,6850,8767,10920,11361,12114,8196,31062,1772
1782171476,2AC,6942286.5,6791325.5,673506.1,607539.1,121063.4,121301.1,89699.0,131022.8,102741.2,0.0,28.5,28.9,0,24.7,41.0,960,5490,6849,8766,10919,11359,12113,8195,31060,1771
1782171774,2AC,6919132.0,6752990.5,673144.6,606741.4,121305.5,121460.2,89770.4,130874.3,102730.7,0.0,28.5,29.0,0,24.7,41.0,960,5491,6852,8769,10923,11364,12118,8198,31070,1771
1782172075,2AC,6937522.5,6789898.5,673011.0,607521.9,121261.4,121382.9,89927.4,130873.5,102720.6,0.0,28.5,28.9,0,24.7,41.0,960,5489,6848,8764,10921,11359,12114,8195,31063,1770
1782172376,2AC,6919064.5,6785060.5,675075.0,608459.6,121234.4,121245.2,89731.4,130771.3,102710.2,0.0,28.5,28.9,0,24.7,41.0,960,5489,6850,8764,10921,11359,12114,8196,31059,1770
1782172674,2AC,6946187.5,6780310.0,675250.7,608080.2,121481.8,121469.4,89979.2,131102.7,102699.5,0.0,28.6,29.0,0,24.7,41.0,960,5490,6850,8768,10923,11363,12118,8198,31065,1772
1782172975,2AC,6941936.5,6782718.5,673806.3,608004.2,121521.7,121532.2,89823.0,130848.9,102689.9,0.0,28.5,29.0,0,24.7,41.0,960,5490,6851,8767,10923,11361,12116,8198,31065,1769
1782173276,2AC,6927926.0,6759466.0,675064.2,609032.2,121399.6,121435.3,89792.2,131189.9,102680.1,0.0,28.5,29.0,0,24.7,41.1,960,5489,6851,8767,10920,11360,12116,8196,31062,1769
1782173575,2AC,6938913.5,6780712.5,675177.1,609477.6,121532.0,121654.1,89828.6,131154.4,102668.0,0.0,28.5,29.0,0,24.7,41.0,960,5490,6851,8767,10922,11362,12117,8197,31067,1769
1782173876,2AC,6956644.0,6784882.0,675829.5,609865.6,121746.7,121573.0,89822.3,131042.8,102656.9,0.0,28.5,29.0,0,24.7,41.1,960,5490,6851,8766,10924,11362,12117,8197,31066,1769
1782174174,2AC,6953067.5,6797133.5,676389.9,610012.0,121753.4,121687.4,89956.2,131010.7,102648.0,0.0,28.6,29.0,0,24.7,41.1,960,5491,6850,8767,10921,11360,12117,8196,31062,1770
1782174475,2AC,6959413.5,6792080.0,675256.7,609545.8,121604.9,121704.6,89854.7,131312.5,102637.5,0.0,28.5,29.0,0,24.7,41.1,960,5489,6850,8765,10920,11361,12114,8195,31058,1771
1782174776,2AC,6954261.5,6791625.5,676915.9,611521.4,121848.9,121699.9,90043.3,131075.5,102627.2,0.0,28.5,29.1,0,24.7,41.1,960,5491,6850,8768,10922,11363,12116,8197,31063,1769
1782175074,2AC,6958063.5,6799954.0,677267.9,610126.7,122040.5,121867.6,89947.1,131254.7,102617.9,0.0,28.6,29.1,0,24.7,41.1,960,5490,6850,8766,10921,11360,12115,8196,31060,1770
1782175376,2AC,6969696.5,6797075.5,677814.4,610231.8,121786.2,122047.9,90034.3,131336.8,102608.0,0.0,28.5,29.0,0,24.7,41.1,960,5491,6852,8769,10922,11361,12117,8197,31066,1769
1782175674,2AC,6971744.0,6793279.5,677885.8,611435.0,122066.8,121804.6,90091.1,131318.5,102598.3,0.0,28.6,29.1,0,24.7,41.1,960,5490,6851,8768,10922,11361,12114,8197,31064,1770
1782175975,2AC,6968478.5,6812831.5,678259.2,611922.3,122015.9,121884.8,89997.3,131348.5,102588.6,0.0,28.5,29.1,0,24.7,41.1,959,5489,6849,8766,10919,11360,12114,8196,31060,1770
1782176276,2AC,6991494.5,6826308.0,679393.7,612127.2,122173.3,122154.5,89984.8,131175.7,102578.2,0.0,28.5,29.0,0,24.7,41.1,960,5490,6850,8767,10921,11362,12117,8198,31064,1768
1782176574,2AC,6982365.5,6819670.0,678780.6,611531.2,122240.2,122074.4,90047.9,131394.7,102568.4,0.0,28.6,29.1,0,24.7,41.1,960,5489,6851,8767,10922,11363,12116,8197,31062,1769
1782176875,2AC,6976114.0,6814729.5,679615.6,612442.9,122178.6,122220.3,89931.8,131248.5,102558.2,0.0,28.6,29.1,0,24.7,41.1,959,5488,6848,8762,10917,11356,12111,8194,31058,1769
1782177174,2AC,6997802.5,6828732.0,678926.9,613478.8,122234.0,122159.9,90253.1,131335.8,102547.3,0.0,28.5,29.1,0,24.7,41.2,960,5489,6849,8764,10919,11360,12114,8195,31061,1769
1782177475,2AC,7004046.5,6835312.0,679530.6,613803.0,122168.6,122581.6,90092.1,131600.1,102535.8,0.0,28.6,29.1,0,24.7,41.1,960,5489,6849,8766,10920,11360,12116,8196,31061,1769
1782177776,2AC,7007719.5,6827880.5,679980.1,613910.2,122499.0,122473.1,90135.4,131406.0,102525.2,0.0,28.5,29.1,0,24.7,41.2,960,5488,6848,8764,10916,11354,12111,8193,31049,1768
1782178074,2AC,7023473.5,6843166.5,680142.8,613880.8,122528.5,122413.8,90174.8,131416.4,102515.3,0.0,28.6,29.1,0,24.7,41.2,960,5488,6848,8765,10918,11359,12112,8195,31057,1770
1782178375,2AC,7028841.5,6843149.5,681909.0,614893.8,122559.6,122363.9,90206.0,131492.8,102506.6,0.0,28.6,29.1,0,24.7,41.2,960,5490,6849,8766,10920,11359,12113,8195,31055,1770
1782178676,2AC,7012894.5,6852852.5,681712.7,615308.2,122534.4,122665.6,90204.7,131437.5,102496.9,0.0,28.6,29.1,0,24.7,41.2,960,5489,6849,8766,10919,11359,12113,8195,31056,1769
1782178974,2AC,7017238.5,6835144.0,681601.4,615178.4,122632.7,122505.3,90144.6,131542.5,102486.9,0.0,28.6,29.1,0,24.7,41.2,960,5488,6850,8765,10920,11358,12112,8194,31052,1770
1782179275,2AC,7037996.5,6858059.5,682056.8,615059.6,122755.2,122741.2,90397.3,131611.6,102476.4,0.0,28.5,29.1,0,24.7,41.2,960,5488,6848,8765,10917,11357,12112,8193,31049,1771
1782179576,2AC,7028736.0,6850456.0,682065.5,616363.4,122663.2,122629.8,90377.3,131737.2,102465.0,0.0,28.6,29.2,0,24.7,41.2,961,5492,6852,8771,10924,11364,12120,8199,31073,1772
1782179874,2AC,7042364.0,6875549.5,682774.4,618128.7,123023.6,122801.6,90407.4,131831.0,102454.3,0.0,28.5,29.2,0,24.7,41.3,960,5489,6850,8768,10922,11360,12115,8197,31062,1769
1782180175,2AC,7046840.0,6877294.5,683377.7,616580.2,122896.3,122798.5,90376.9,131780.1,102443.4,0.0,28.5,29.2,0,24.7,41.2,960,5488,6848,8765,10917,11354,12110,8194,31052,1768
1782180476,2AC,7038147.5,6870264.0,683497.6,617312.6,123146.7,122935.0,90441.9,131870.4,102432.4,0.0,28.5,29.2,0,24.7,41.2,960,5489,6849,8767,10921,11358,12114,8195,31057,1769
1782180774,2AC,7046943.5,6899696.0,685388.6,617106.8,123188.9,123007.4,90440.3,131885.5,102420.8,0.0,28.5,29.2,0,24.7,41.2,960,5490,6850,8767,10922,11361,12115,8196,31062,1769
1782181075,2AC,7057366.5,6887736.0,685156.7,618504.7,123262.4,123083.1,90445.8,131983.6,102410.0,0.0,28.5,29.2,0,24.7,41.2,960,5490,6851,8769,10923,11361,12119,8198,31069,1769
1782181376,2AC,7068422.0,6901385.5,686070.5,618940.5,123326.8,123294.9,90557.8,131982.8,102399.5,0.0,28.5,29.2,0,24.7,41.3,960,5490,6851,8767,10922,11362,12117,8198,31069,1769
1782181674,2AC,7061238.5,6907136.0,685455.2,619645.7,123557.4,123368.5,90626.0,132022.6,102389.1,0.0,28.5,29.2,0,24.7,41.3,960,5489,6849,8767,10920,11358,12115,8195,31062,1769
1782181975,2AC,7077892.0,6924785.5,687549.8,620634.3,123485.8,123469.9,90692.7,132205.2,102378.9,0.0,28.5,29.2,0,24.7,41.3,960,5489,6849,8767,10920,11358,12115,8196,31061,1769
1782182276,2AC,7094816.0,6910250.5,686715.3,620122.7,123831.4,123682.7,90706.6,131970.6,102368.5,0.0,28.5,29.2,0,24.6,41.3,960,5491,6853,8771,10923,11365,12120,8199,31075,1771
1782182574,2AC,7106376.0,6920636.5,686914.3,621279.8,123746.4,123509.0,90625.0,132067.4,102358.0,0.0,28.5,29.2,0,24.6,41.3,960,5488,6848,8766,10919,11357,12114,8195,31056,1770
1782182875,2AC,7108321.5,6934915.5,687588.0,621130.5,123909.8,123882.1,90574.3,132225.1,102347.7,0.0,28.5,29.3,0,24.6,41.3,960,5491,6851,8768,10923,11364,12119,8198,31066,1772
1782183176,2AC,7123642.5,6946664.5,689315.9,621639.0,124004.3,123867.2,90833.2,132224.8,102337.3,0.0,28.5,29.3,0,24.6,41.3,960,5491,6850,8769,10923,11364,12119,8199,31072,1770
1782183474,2AC,7126654.0,6938790.5,689683.3,622932.2,124053.4,123828.0,90714.4,132417.1,102328.1,0.0,28.5,29.3,0,24.6,41.3,960,5490,6851,8768,10922,11360,12116,8197,31062,1769
1782183775,2AC,7130838.0,6956652.5,691378.2,622911.3,124103.1,123978.9,91001.0,132210.3,102318.4,0.0,28.5,29.2,0,24.6,41.3,960,5491,6851,8768,10925,11365,12119,8199,31073,1770
1782184076,2AC,7130801.5,6959287.5,690716.3,623513.9,124089.1,123945.0,90981.6,132371.6,102309.8,0.0,28.5,29.3,0,24.6,41.4,960,5491,6850,8770,10925,11363,12118,8200,31073,1770
1782184374,2AC,7139156.0,6955116.0,692368.1,623325.2,124151.7,124098.1,90822.6,132462.5,102300.7,0.0,28.5,29.3,0,24.6,41.4,960,5492,6852,8770,10925,11361,12119,8199,31067,1770
1782184675,2AC,7131312.0,6969923.5,690700.4,623561.7,124420.9,124098.0,91002.5,132533.3,102291.0,0.0,28.5,29.3,0,24.6,41.4,960,5490,6849,8768,10922,11361,12115,8197,31060,1771
1782184974,2AC,7152196.0,6952147.5,692943.6,625211.6,124383.5,124370.5,91108.0,132518.4,102282.1,0.0,28.5,29.2,0,24.6,41.3,960,5492,6852,8771,10930,11368,12123,8201,31080,1769
1782185274,2AC,7151901.5,6974292.5,693198.3,625576.9,124469.5,124155.1,91072.3,132625.5,102272.4,0.0,28.5,29.3,0,24.6,41.4,960,5491,6851,8769,10924,11361,12118,8198,31071,1771
1782185575,2AC,7158396.5,6959840.5,692498.0,625868.1,124582.6,124364.6,90999.4,132548.8,102262.7,0.0,28.5,29.3,0,24.6,41.4,960,5490,6850,8768,10924,11363,12118,8197,31068,1771
1782185876,2AC,7162061.5,6987580.0,693368.9,625399.4,124872.2,124468.2,91210.8,132672.8,102253.5,0.0,28.5,29.3,0,24.6,41.4,960,5490,6851,8770,10924,11363,12117,8200,31068,1769
1782186174,2AC,7154477.5,6992652.5,694151.6,627370.9,124864.9,124522.2,91227.4,132858.8,102245.0,0.0,28.5,29.3,0,24.6,41.4,960,5490,6850,8769,10923,11362,12116,8198,31064,1769
1782186475,2AC,7186105.5,7000812.5,694072.9,628237.6,124954.2,124677.2,91198.7,132657.1,102237.1,0.0,28.5,29.3,0,24.6,41.4,960,5490,6850,8769,10923,11362,12118,8198,31060,1770
1782186776,2AC,7199040.5,7007009.5,694160.8,628511.5,125066.9,124595.1,91378.1,132541.1,102227.7,0.0,28.5,29.3,0,24.6,41.4,960,5490,6850,8769,10923,11361,12117,8198,31063,1771
1782187075,2AC,7211530.5,7010610.5,695817.8,628853.2,124947.4,124906.9,91338.3,132906.2,102218.5,0.0,28.5,29.4,0,24.6,41.4,960,5490,6849,8768,10922,11361,12116,8197,31062,1769
1782187376,2AC,7190090.5,7016746.0,697052.1,628535.1,125254.6,124844.9,91311.9,132924.3,102210.1,0.0,28.5,29.4,0,24.6,41.4,961,5491,6851,8770,10924,11363,12117,8198,31066,1769
1782187674,2AC,7195143.5,7031184.5,697128.3,629818.7,125439.3,125003.5,91456.6,133117.5,102201.5,0.0,28.5,29.3,0,24.6,41.4,961,5489,6851,8768,10922,11359,12116,8197,31065,1769
1782187975,2AC,7218371.5,7028200.5,698559.2,629036.6,125175.3,125062.3,91442.9,132999.0,102192.6,0.0,28.5,29.4,0,24.6,41.5,960,5491,6851,8770,10923,11363,12118,8199,31067,1770
1782188276,2AC,7245151.5,7044416.0,698595.1,630375.8,125445.2,125184.2,91453.8,132958.4,102184.1,0.0,28.5,29.4,0,24.6,41.4,960,5489,6850,8767,10924,11360,12117,8197,31059,1769
1782188574,2AC,7243931.5,7044265.5,698867.8,631032.2,125588.2,125228.3,91407.3,133087.1,102176.0,0.0,28.5,29.3,0,24.6,41.4,960,5491,6851,8770,10923,11361,12116,8198,31067,1771
1782188875,2AC,7249430.5,7053470.0,700504.1,631120.8,125593.1,125182.7,91573.6,133024.9,102167.8,0.0,28.5,29.4,0,24.6,41.5,960,5489,6848,8767,10921,11359,12114,8196,31060,1769
1782189176,2AC,7264989.5,7055882.0,699963.6,631948.9,125678.8,125509.0,91552.3,133253.6,102159.6,0.0,28.5,29.4,0,24.6,41.5,960,5489,6849,8768,10925,11361,12116,8198,31065,1769
1782189474,2AC,7263928.0,7056158.5,701560.0,632283.8,125628.0,125406.4,91522.2,133369.1,102151.5,0.0,28.5,29.4,0,24.6,41.5,960,5489,6849,8768,10924,11361,12118,8198,31066,1769
1782189775,2AC,7288968.5,7067629.5,700514.1,632737.1,125834.9,125410.0,91673.2,133548.5,102143.7,0.0,28.5,29.4,0,24.6,41.5,960,5490,6850,8769,10922,11359,12115,8196,31059,1768
1782190076,2AC,7286142.0,7074285.5,699416.7,633388.8,125973.7,125564.5,91559.0,133462.6,102136.0,0.0,28.5,29.4,0,24.6,41.5,960,5489,6849,8768,10922,11360,12116,8198,31068,1769
1782190374,2AC,7277786.0,7073937.5,702386.8,633633.4,126055.1,125743.6,91771.7,133435.7,102127.9,0.0,28.5,29.4,0,24.6,41.5,960,5490,6850,8769,10922,11362,12118,8199,31068,1769
1782190675,2AC,7298164.5,7067074.5,701515.6,634395.7,125892.5,125643.7,91631.1,133558.1,102120.5,0.0,28.4,29.4,0,24.6,41.5,960,5489,6848,8767,10920,11359,12115,8196,31060,1770
1782190976,2AC,7307272.5,7090816.0,701747.8,634871.1,126181.2,125931.9,91668.6,133346.9,102113.7,0.0,28.5,29.4,0,24.6,41.5,960,5489,6850,8768,10921,11360,12115,8196,31056,1769
1782191274,2AC,7318820.0,7099046.0,704636.2,635016.8,126315.4,125928.7,91719.2,133573.0,102106.9,0.0,28.5,29.4,0,24.6,41.5,960,5489,6850,8768,10925,11362,12118,8198,31072,1770
1782191575,2AC,7318169.5,7103964.5,704149.4,635309.6,126378.6,125983.5,91773.5,133598.9,102099.8,0.0,28.5,29.4,0,24.6,41.5,960,5490,6850,8767,10921,11362,12116,8197,31062,1770
1782191876,2AC,7307944.0,7115553.5,704602.7,635168.5,126464.4,126023.5,91737.4,133881.0,102093.2,0.0,28.5,29.4,0,24.6,41.5,960,5490,6849,8768,10920,11360,12116,8197,31061,1771
1782192174,2AC,7341818.0,7114429.5,705199.2,637032.8,126687.2,125876.3,91767.4,133611.8,102086.1,0.0,28.5,29.4,0,24.6,41.5,960,5490,6850,8769,10926,11363,12118,8198,31067,1772
1782192475,2AC,7315477.5,7100780.5,705964.5,635733.8,126450.3,126100.6,91921.3,133781.0,102080.2,0.0,28.5,29.4,0,24.6,41.5,960,5490,6849,8768,10922,11362,12116,8198,31061,1771
1782192776,2AC,7340113.5,7100995.5,703733.1,636418.0,126635.8,126379.0,91908.3,133778.5,102074.2,0.0,28.5,29.4,0,24.6,41.5,960,5491,6850,8771,10924,11362,12119,8199,31070,1771
1782193074,2AC,7357499.5,7117648.5,707030.2,637089.2,126694.7,126332.8,91868.6,133950.2,102068.0,0.0,28.5,29.5,0,24.6,41.6,960,5490,6849,8768,10920,11360,12116,8196,31057,1768
1782193375,2AC,7354115.5,7150751.5,707205.9,637989.5,126758.7,126550.3,91945.9,133793.5,102062.7,0.0,28.4,29.5,0,24.6,41.6,960,5489,6850,8767,10923,11362,12118,8198,31066,1769
1782193676,2AC,7357145.5,7118385.5,707245.6,636855.5,126856.6,126506.3,91950.9,133741.2,102057.4,0.0,28.5,29.5,0,24.6,41.6,960,5490,6849,8769,10921,11361,12116,8197,31061,1769
1782194275,2AC,20955738.0,20107730.0,1635685.9,1428552.5,230671.6,219890.3,129115.1,181813.5,105551.0,0.0,28.3,18.1,0,24.4,29.4,960,5492,6850,8773,10932,11368,12123,8201,31084,1771
1782194576,2AC,18278146.0,17653758.0,1451360.4,1269246.1,212611.6,204777.6,126361.8,177753.8,105607.3,0.0,28.3,20.0,0,24.4,31.0,961,5491,6852,8774,10929,11366,12122,8201,31078,1770
1782194874,2AC,16808026.0,16146432.0,1352316.9,1186631.0,202088.0,195388.5,123778.6,174339.7,105626.0,0.0,28.4,21.1,0,24.5,32.1,960,5492,6852,8773,10929,11365,12121,8201,31076,1770
1782195175,2AC,15831989.0,15287044.0,1284222.6,1132648.0,195482.5,189610.3,121832.9,172313.7,105628.0,0.0,28.4,21.8,0,24.5,32.8,960,5490,6849,8771,10923,11361,12117,8197,31066,1769
1782195476,2AC,15178603.0,14578203.0,1239731.4,1095375.6,190700.7,184199.7,120197.8,170492.0,105621.1,0.0,28.4,22.3,0,24.5,33.3,960,5489,6849,8769,10924,11361,12115,8196,31068,1771
1782195774,2AC,14707232.0,14120101.0,1206904.4,1067795.6,186420.3,181144.3,119041.1,169262.4,105607.9,0.0,28.4,22.7,0,24.5,33.8,960,5491,6849,8770,10924,11361,12117,8197,31064,1771
1782196075,2AC,14254965.0,13752471.0,1181007.1,1045926.8,183740.2,178506.6,117998.9,167459.4,105592.4,0.0,28.4,23.0,0,24.5,34.1,960,5490,6849,8770,10924,11364,12117,8197,31069,1771
1782196376,2AC,13961015.0,13488424.0,1159500.1,1028627.6,181713.3,176483.3,117055.5,165959.8,105574.2,0.0,28.4,23.3,0,24.5,34.4,960,5491,6851,8771,10924,11362,12118,8198,31070,1771
1782196674,2AC,13723245.0,13216845.0,1145549.9,1016229.1,179333.4,175077.8,116606.1,165229.1,105553.8,0.0,28.4,23.5,0,24.5,34.6,960,5489,6849,8769,10922,11360,12115,8195,31064,1769
1782196975,2AC,13514041.0,13052412.0,1130161.1,1004080.4,177964.7,173022.8,115817.0,164525.5,105533.6,0.0,28.4,23.7,0,24.6,34.8,960,5491,6851,8770,10925,11362,12120,8198,31069,1769
1782197276,2AC,13328507.0,12791000.0,1120483.5,991644.8,176566.4,171351.6,115188.3,164157.2,105511.3,0.0,28.4,23.8,0,24.5,35.0,960,5490,6849,8770,10923,11361,12118,8197,31067,1769
1782197574,2AC,13148521.0,12673736.0,1104743.0,983199.8,175519.1,170484.6,114594.3,163151.1,105489.1,0.0,28.4,24.0,0,24.5,35.2,960,5492,6852,8772,10926,11365,12120,8199,31075,1769
1782197875,2AC,13040421.0,12565047.0,1098485.6,976643.8,173943.2,169324.9,114053.7,162804.0,105467.3,0.0,28.4,24.1,0,24.5,35.3,960,5492,6850,8773,10927,11362,12118,8199,31073,1769
1782198176,2AC,12816672.0,12421208.0,1088965.6,968193.6,172208.9,168377.3,113629.7,161945.5,105444.4,0.0,28.4,24.2,0,24.6,35.5,960,5493,6851,8772,10929,11366,12122,8200,31077,1770
1782198474,2AC,12710884.0,12255012.0,1081607.5,959648.4,171680.0,167399.3,113127.4,161576.1,105421.5,0.0,28.4,24.3,0,24.5,35.6,960,5491,6850,8770,10925,11362,12118,8197,31068,1771
1782198775,2AC,12636132.0,12173876.0,1075182.6,953861.8,170779.5,166795.2,112832.6,161161.1,105398.5,0.0,28.4,24.4,0,24.6,35.7,960,5492,6851,8772,10927,11365,12120,8199,31072,1772
1782199074,2AC,12536433.0,12108311.0,1065618.5,948954.9,169829.4,165933.4,112484.6,160809.2,105374.5,0.0,28.4,24.5,0,24.6,35.8,961,5492,6853,8774,10929,11365,12121,8199,31082,1770
1782199375,2AC,12443581.0,12019668.0,1063660.6,944230.5,169549.7,165463.4,112045.4,160313.3,105350.7,0.0,28.4,24.5,0,24.6,35.9,961,5494,6852,8773,10929,11366,12124,8200,31081,1770
1782199676,2AC,12355225.0,11924323.0,1057694.4,937588.8,168241.8,164862.2,111664.9,159819.8,105327.9,0.0,28.4,24.6,0,24.6,36.0,960,5491,6851,8771,10927,11365,12121,8199,31074,1770
1782199974,2AC,12228704.0,11811953.0,1050537.6,932469.8,167862.2,164432.1,111491.5,159617.7,105304.3,0.0,28.4,24.7,0,24.6,36.1,961,5492,6850,8772,10929,11365,12122,8199,31081,1770
1782200275,2AC,12194839.0,11772572.0,1045409.8,928253.2,167141.6,163677.7,111155.0,159294.2,105280.6,0.0,28.4,24.8,0,24.6,36.2,960,5492,6852,8772,10928,11365,12121,8199,31076,1769
1782200576,2AC,12092127.0,11713444.0,1037359.2,922214.1,166639.0,163260.0,110948.0,158944.8,105256.2,0.0,28.4,24.9,0,24.6,36.2,961,5493,6853,8774,10928,11367,12124,8200,31079,1770
1782200874,2AC,12034807.0,11630573.0,1032684.6,920795.5,166271.6,163116.5,110735.4,158522.4,105232.7,0.0,28.4,24.9,0,24.6,36.3,960,5492,6852,8772,10926,11365,12121,8199,31073,1770
1782201175,2AC,11988652.0,11557775.0,1029384.8,916555.8,165650.4,162221.5,110597.9,158174.0,105209.1,0.0,28.4,25.0,0,24.6,36.4,960,5492,6852,8772,10928,11367,12122,8200,31077,1771
1782201476,2AC,11901840.0,11502036.0,1025187.4,913520.5,165099.5,161949.2,110214.1,158055.8,105185.0,0.0,28.4,25.0,0,24.6,36.4,960,5492,6851,8772,10928,11366,12122,8199,31076,1770
1782201774,2AC,11840528.0,11401147.0,1020369.5,907343.6,164535.9,161478.3,110115.5,158046.4,105162.1,0.0,28.4,25.1,0,24.6,36.5,960,5491,6851,8772,10925,11364,12120,8198,31077,1769
1782202075,2AC,11778228.0,11339908.0,1020442.7,907843.2,164164.5,161392.1,109972.6,157302.4,105138.3,0.0,28.4,25.1,0,24.6,36.6,960,5492,6852,8772,10923,11364,12118,8197,31069,1769
1782202376,2AC,11679095.0,11260269.0,1012897.2,901709.7,163816.4,160568.9,109593.3,157271.1,105115.4,0.0,28.4,25.2,0,24.6,36.7,960,5491,6850,8770,10926,11365,12119,8197,31072,1769
1782202674,2AC,11658284.0,11215984.0,1010840.9,898926.7,163486.8,160081.2,109305.5,157091.1,105091.9,0.0,28.4,25.2,0,24.6,36.7,960,5492,6851,8772,10926,11363,12121,8199,31073,1771
1782202975,2AC,11591457.0,11146145.0,1006730.2,896481.0,163069.3,160017.3,109341.2,156747.9,105068.8,0.0,28.4,25.3,0,24.6,36.8,961,5493,6853,8774,10928,11367,12121,8201,31075,1772
1782203276,2AC,11591957.0,11135839.0,1004498.5,893433.9,162786.0,159798.9,109183.2,156867.6,105045.0,0.0,28.4,25.3,0,24.6,36.8,960,5492,6852,8773,10928,11366,12122,8200,31079,1772
1782203574,2AC,11496751.0,11116699.0,1002553.0,891222.2,162310.5,159073.9,109037.6,156445.2,105022.1,0.0,28.4,25.4,0,24.6,36.9,961,5494,6853,8775,10929,11368,12124,8201,31081,1770
1782203875,2AC,11497684.0,11069655.0,998058.8,888671.9,162128.8,159152.1,108852.6,156141.8,104998.6,0.0,28.4,25.4,0,24.6,36.9,960,5491,6851,8771,10925,11362,12118,8197,31068,1770
1782204176,2AC,11448379.0,11016027.0,992895.8,886721.8,161545.5,158472.3,108564.6,156162.3,104975.0,0.0,28.4,25.5,0,24.6,37.0,960,5492,6850,8771,10925,11363,12118,8198,31070,1770
1782204475,2AC,11328584.0,10953496.0,991948.8,883824.3,161475.1,158547.3,108445.8,156123.1,104952.1,0.0,28.4,25.5,0,24.6,37.0,960,5492,6851,8773,10925,11363,12120,8199,31073,1769
1782204776,2AC,11306053.0,10939863.0,989001.5,881521.3,161208.9,158309.8,108504.5,156015.9,104929.2,0.0,28.4,25.5,0,24.6,37.1,960,5490,6850,8770,10926,11365,12119,8197,31070,1770
1782205074,2AC,11288183.0,10888539.0,988973.8,879607.4,161104.1,157833.8,108350.9,155490.7,104906.4,0.0,28.5,25.6,0,24.6,37.1,960,5492,6851,8770,10927,11364,12120,8198,31071,1771
1782205375,2AC,11269389.0,10858729.0,986143.6,876616.3,160701.0,157640.6,108189.7,155263.0,104882.9,0.0,28.4,25.6,0,24.6,37.2,961,5492,6852,8773,10927,11365,12123,8200,31077,1772
1782205676,2AC,11225791.0,10793468.0,981449.8,875154.7,160618.0,157336.8,108183.9,155385.6,104860.1,0.0,28.4,25.6,0,24.6,37.2,960,5493,6853,8774,10926,11365,12123,8200,31073,1769
1782205974,2AC,11180896.0,10784881.0,979947.3,873691.6,160212.8,157099.0,107875.9,154979.7,104838.3,0.0,28.5,25.7,0,24.6,37.3,960,5491,6852,8771,10925,11362,12122,8198,31071,1769
1782206275,2AC,11123096.0,10764249.0,977668.7,870235.8,159730.2,156870.4,107948.5,154969.0,104815.9,0.0,28.4,25.7,0,24.6,37.3,961,5493,6853,8773,10930,11367,12125,8200,31083,1772
1782206574,2AC,11152552.0,10739533.0,976159.1,871786.3,159497.1,156810.7,107655.7,154643.4,104794.4,0.0,28.4,25.7,0,24.6,37.3,960,5492,6852,8772,10927,11365,12122,8199,31076,1770
1782206875,2AC,11095711.0,10681638.0,973556.0,868124.9,159150.7,156565.8,107619.1,154638.1,104772.7,0.0,28.4,25.8,0,24.6,37.4,960,5493,6852,8773,10926,11366,12124,8200,31078,1769
1782207176,2AC,11062205.0,10661551.0,968859.3,864958.4,158992.4,156303.1,107431.4,154513.8,104752.0,0.0,28.4,25.8,0,24.6,37.4,960,5492,6852,8771,10926,11364,12122,8199,31081,1771
1782207474,2AC,11018340.0,10628791.0,969527.2,862984.3,158888.0,156265.2,107335.2,154289.9,104729.0,0.0,28.5,25.8,0,24.6,37.5,960,5491,6851,8772,10928,11365,12121,8199,31076,1769
1782207775,2AC,10984901.0,10596243.0,965777.4,862189.5,158719.2,155851.3,107229.6,154246.4,104707.1,0.0,28.5,25.9,0,24.6,37.5,961,5493,6854,8775,10930,11368,12126,8203,31085,1770
1782208076,2AC,10981979.0,10590883.0,965609.3,858848.1,158507.8,155927.6,107012.9,154003.9,104684.9,0.0,28.5,25.9,0,24.6,37.5,961,5492,6853,8773,10928,11367,12123,8201,31081,1770
1782208374,2AC,10944468.0,10516091.0,962483.2,858423.3,158399.3,155392.9,107010.8,153936.1,104663.5,0.0,28.4,25.9,0,24.6,37.6,961,5493,6853,8775,10929,11366,12124,8201,31080,1770
1782208675,2AC,10874284.0,10526725.0,963244.3,857645.9,158071.8,155498.0,106926.4,153957.9,104642.5,0.0,28.4,26.0,0,24.6,37.6,961,5493,6852,8774,10928,11366,12121,8199,31078,1771
1782208976,2AC,10880659.0,10504580.0,960861.7,856826.3,157893.5,155138.9,106821.6,153760.4,104621.8,0.0,28.4,26.0,0,24.6,37.7,961,5492,6851,8773,10926,11365,12121,8200,31075,1772
1782209274,2AC,10831396.0,10460575.0,958642.8,854620.4,157927.1,155243.0,106915.2,153698.7,104601.4,0.0,28.5,26.0,0,24.6,37.7,960,5492,6852,8773,10926,11365,12121,8199,31074,1771
1782209575,2AC,10850153.0,10468748.0,958828.1,853931.6,157715.0,154698.7,106631.6,153407.5,104580.6,0.0,28.5,26.1,0,24.6,37.7,960,5493,6852,8773,10929,11367,12124,8200,31080,1772
1782209874,2AC,10828168.0,10461320.0,954981.4,852354.5,157526.8,154689.3,106615.6,153287.6,104559.8,0.0,28.5,26.1,0,24.6,37.7,961,5493,6853,8773,10925,11365,12122,8199,31074,1769
1782210175,2AC,10778580.0,10419875.0,953082.3,850938.1,157592.7,154619.9,106471.8,153213.9,104539.2,0.0,28.5,26.1,0,24.6,37.8,960,5492,6853,8773,10929,11366,12123,8201,31081,1770
1782210476,2AC,10751976.0,10401533.0,953509.3,848636.3,156994.6,154504.6,106485.7,153241.8,104516.9,0.0,28.5,26.1,0,24.6,37.8,960,5492,6851,8772,10926,11364,12121,8198,31074,1769
1782210774,2AC,10728736.0,10365956.0,951180.3,850045.8,156916.9,154321.2,106576.6,153162.1,104497.4,0.0,28.4,26.2,0,24.6,37.8,960,5491,6850,8772,10923,11363,12119,8199,31069,1770
1782211075,2AC,10699276.0,10372953.0,949986.1,848425.4,156883.0,154148.8,106153.2,152872.5,104478.2,0.0,28.5,26.2,0,24.6,37.9,960,5490,6850,8770,10923,11363,12117,8197,31071,1769
1782211376,2AC,10687891.0,10326267.0,948840.1,845751.5,156714.8,153984.5,106306.5,152744.5,104459.9,0.0,28.5,26.2,0,24.6,37.9,960,5490,6850,8769,10923,11363,12118,8197,31071,1770
1782211674,2AC,10678355.0,10301192.0,946845.8,843430.6,156249.2,153879.3,106072.1,152653.4,104441.2,0.0,28.5,26.2,0,24.6,37.9,960,5492,6851,8773,10926,11364,12119,8198,31072,1772
1782211975,2AC,10654337.0,10322980.0,945906.0,843262.0,156326.9,153676.9,106077.1,152537.8,104421.8,0.0,28.5,26.2,0,24.6,37.9,960,5491,6851,8772,10925,11364,12120,8198,31075,1769
1782212276,2AC,10646726.0,10267613.0,945496.8,842827.9,156332.8,153791.6,106029.4,152787.4,104403.5,0.0,28.5,26.3,0,24.6,38.0,960,5493,6853,8774,10927,11366,12123,8200,31081,1770
1782212574,2AC,10628117.0,10273811.0,942712.8,842018.0,156345.6,153616.2,105889.0,152550.5,104384.8,0.0,28.5,26.3,0,24.6,38.0,961,5493,6853,8775,10928,11368,12123,8200,31086,1771
1782212876,2AC,10591388.0,10256867.0,944210.2,841300.3,156178.2,153217.9,105840.0,152370.7,104366.0,0.0,28.5,26.3,0,24.6,38.0,960,5491,6852,8773,10925,11363,12120,8198,31073,1770
1782213174,2AC,10562432.0,10222427.0,940841.1,840662.3,155893.4,153205.0,105604.8,152356.9,104347.2,0.0,28.5,26.3,0,24.6,38.1,960,5491,6852,8772,10925,11365,12121,8198,31078,1771
1782213475,2AC,10548825.0,10206989.0,940425.6,839307.7,155632.6,153197.0,105710.7,152219.9,104329.0,0.0,28.5,26.4,0,24.6,38.1,961,5492,6852,8774,10927,11364,12122,8200,31074,1770
1782213776,2AC,10538560.0,10211960.0,938289.2,837257.0,155369.6,153042.8,105680.6,151991.0,104311.5,0.0,28.5,26.4,0,24.6,38.1,961,5493,6852,8774,10928,11366,12123,8200,31083,1770
1782214074,2AC,10504703.0,10178335.0,936495.7,834905.6,155390.1,152814.7,105444.0,151827.8,104293.2,0.0,28.5,26.4,0,24.6,38.1,961,5492,6853,8773,10924,11365,12120,8199,31075,1770
1782214375,2AC,10467090.0,10158172.0,934600.8,834814.9,155441.5,152809.1,105500.9,151832.4,104275.3,0.0,28.5,26.4,0,24.6,38.1,960,5491,6851,8772,10922,11361,12117,8196,31070,1771
1782214674,2AC,10471137.0,10157784.0,933139.3,833606.4,155236.0,152768.8,105318.6,151834.1,104256.8,0.0,28.5,26.4,0,24.6,38.2,960,5493,6853,8775,10930,11369,12124,8201,31090,1770
1782214975,2AC,10482923.0,10136040.0,935420.8,833403.8,155213.3,152763.3,105364.3,151545.6,104237.9,0.0,28.5,26.4,0,24.6,38.2,961,5491,6851,8771,10924,11363,12120,8198,31071,1771
1782215276,2AC,10452467.0,10092600.0,932938.7,832142.8,155029.1,152243.1,105308.7,151567.1,104219.1,0.0,28.5,26.5,0,24.6,38.2,960,5493,6852,8772,10926,11364,12121,8200,31082,1769
1782215574,2AC,10404979.0,10077756.0,931195.9,831531.8,155024.3,152197.5,105268.4,151406.8,104200.6,0.0,28.5,26.5,0,24.6,38.3,960,5491,6852,8770,10924,11363,12120,8197,31069,1770
1782215875,2AC,10440709.0,10066851.0,930061.0,831515.5,154665.6,152187.5,105256.1,151299.5,104182.6,0.0,28.5,26.5,0,24.6,38.3,961,5492,6853,8773,10926,11363,12120,8198,31077,1771
1782216174,2AC,10435225.0,10063737.0,928803.2,830388.5,154664.2,152226.3,104950.7,151498.7,104163.8,0.0,28.5,26.5,0,24.6,38.3,960,5493,6853,8774,10926,11364,12121,8198,31075,1769
1782216475,2AC,10390883.0,10055311.0,929893.7,829303.8,154744.3,152287.2,104915.1,151403.8,104146.9,0.0,28.5,26.6,0,24.6,38.3,961,5493,6853,8774,10926,11366,12122,8199,31078,1770
1782216776,2AC,10381573.0,10042072.0,929087.2,830133.5,154470.8,152023.0,105189.4,151036.4,104128.5,0.0,28.5,26.6,0,24.6,38.3,961,5494,6853,8773,10928,11366,12122,8198,31077,1770
1782217074,2AC,10368403.0,10024920.0,926231.5,828830.2,154198.4,151884.1,104936.8,151166.8,104110.0,0.0,28.5,26.6,0,24.6,38.4,961,5493,6854,8775,10930,11368,12122,8200,31084,1770
1782217375,2AC,10338059.0,10011633.0,924552.0,827796.8,154469.3,151934.2,104966.6,151199.1,104092.1,0.0,28.5,26.6,0,24.6,38.4,961,5493,6853,8773,10926,11365,12122,8198,31080,1769
1782217675,2AC,10318377.0,9988469.0,925952.5,825505.8,154227.4,151777.8,104926.1,151112.4,104074.8,0.0,28.5,26.6,0,24.6,38.4,960,5491,6852,8771,10926,11365,12121,8198,31075,1772
1782217976,2AC,10332465.0,10004759.0,925862.8,824882.4,154171.9,151554.9,104791.4,150920.0,104058.0,0.0,28.5,26.6,0,24.6,38.4,960,5491,6852,8770,10926,11364,12121,8198,31075,1770
1782218274,2AC,10333651.0,9992453.0,924134.7,828060.8,154293.1,151556.4,104665.1,150948.7,104041.7,0.0,28.5,26.7,0,24.7,38.4,960,5490,6851,8770,10925,11363,12118,8196,31066,1771
1782218575,2AC,10308321.0,9956743.0,921397.0,824364.7,154014.6,151390.5,104696.6,150922.7,104026.2,0.0,28.5,26.7,0,24.6,38.5,960,5491,6851,8771,10927,11363,12121,8198,31076,1772
1782218876,2AC,10322691.0,9960863.0,922183.2,824178.1,154070.6,151672.3,104617.7,150975.2,104011.2,0.0,28.5,26.7,0,24.7,38.5,960,5492,6852,8772,10926,11364,12120,8198,31082,1771
1782219174,2AC,10261412.0,9938724.0,920518.7,823391.2,153666.8,151392.3,104559.3,150828.5,103994.3,0.0,28.5,26.7,0,24.7,38.5,960,5492,6853,8772,10924,11365,12121,8199,31079,1771
1782219475,2AC,10277219.0,9915586.0,920874.7,823813.5,153743.4,151100.0,104511.4,150930.3,103977.7,0.0,28.5,26.7,0,24.7,38.6,960,5491,6852,8771,10927,11366,12123,8200,31082,1771
1782219776,2AC,10240751.0,9900307.0,918152.8,821105.0,153682.7,151345.2,104562.8,150685.5,103960.7,0.0,28.5,26.8,0,24.7,38.5,961,5491,6852,8770,10924,11362,12119,8197,31075,1770
1782220074,2AC,10250849.0,9912040.0,919517.8,822829.2,153742.8,151078.7,104341.8,150617.4,103944.5,0.0,28.5,26.8,0,24.7,38.6,961,5494,6855,8776,10930,11371,12126,8202,31089,1772
1782220375,2AC,10223415.0,9912009.0,917228.9,819935.2,153519.0,150979.3,104588.7,150607.5,103928.4,0.0,28.5,26.8,0,24.7,38.6,960,5492,6852,8772,10927,11366,12122,8199,31080,1772
1782220673,2AC,10236532.0,9880785.0,918618.4,820697.4,153615.0,150878.7,104557.9,150576.0,103912.0,0.0,28.5,26.8,0,24.7,38.6,961,5493,6854,8774,10927,11365,12121,8199,31080,1771
1782220974,2AC,10224348.0,9876479.0,916478.9,820375.8,153517.8,151410.8,104463.3,150306.4,103895.4,0.0,28.5,26.8,0,24.7,38.6,960,5493,6853,8773,10927,11367,12122,8200,31085,1772
1782221275,2AC,10212820.0,9862123.0,916568.2,817680.5,153491.3,151114.4,104418.5,150638.0,103879.9,0.0,28.5,26.8,0,24.7,38.6,961,5492,6851,8771,10924,11364,12120,8197,31072,1771
1782221574,2AC,10182280.0,9835968.0,915916.2,818309.4,153340.4,150983.0,104398.6,150205.1,103864.3,0.0,28.5,26.8,0,24.7,38.7,961,5492,6852,8772,10927,11364,12121,8198,31077,1769
1782221875,2AC,10167295.0,9869589.0,915904.2,817581.3,153372.3,150910.5,104235.5,150334.2,103848.2,0.0,28.5,26.9,0,24.7,38.7,960,5493,6852,8773,10926,11364,12119,8198,31078,1769
1782222176,2AC,10169192.0,9860895.0,915141.6,817856.5,153315.5,150827.8,104096.6,150391.8,103831.8,0.0,28.5,26.9,0,24.7,38.7,960,5491,6851,8771,10923,11361,12116,8195,31068,1770
1782222474,2AC,10144433.0,9821337.0,915108.9,817895.3,153296.0,150668.9,104217.4,150325.1,103814.8,0.0,28.5,26.9,0,24.7,38.7,961,5492,6853,8773,10928,11366,12121,8199,31079,1770
1782222775,2AC,10171683.0,9816856.0,913192.7,817343.9,153373.7,150697.4,104327.9,150430.8,103799.0,0.0,28.5,26.9,0,24.7,38.7,960,5491,6850,8769,10925,11362,12119,8196,31065,1771
1782223076,2AC,10175816.0,9835507.0,914339.4,816963.7,153271.9,150795.6,104250.4,150472.8,103782.9,0.0,28.5,26.9,0,24.7,38.8,961,5493,6855,8773,10926,11365,12121,8199,31078,1772
1782223374,2AC,10161910.0,9839613.0,914070.5,816221.2,153328.6,150717.5,104149.1,150183.8,103767.3,0.0,28.5,26.9,0,24.7,38.8,961,5492,6852,8771,10926,11365,12120,8197,31073,1769
1782223675,2AC,10147705.0,9821063.0,912616.7,815920.0,153289.2,150647.1,104239.8,150055.9,103751.5,0.0,28.5,26.9,0,24.7,38.8,961,5493,6852,8773,10928,11365,12121,8197,31073,1769
1782223976,2AC,10145892.0,9823711.0,913264.0,816454.1,153111.0,150710.5,104063.8,150324.6,103733.7,0.0,28.5,27.0,0,24.7,38.8,961,5494,6853,8773,10927,11366,12120,8197,31079,1769
1782224274,2AC,10152793.0,9814183.0,912460.9,817412.2,153257.9,150543.2,104145.7,150304.0,103716.8,0.0,28.5,27.0,0,24.7,38.8,961,5493,6853,8774,10928,11366,12121,8199,31082,1770
1782224575,2AC,10165163.0,9815897.0,913529.1,815074.3,153373.1,150759.0,103901.1,149909.1,103700.1,0.0,28.5,27.0,0,24.7,38.9,960,5492,6851,8771,10925,11362,12119,8196,31072,1770
1782224876,2AC,10136679.0,9808300.0,910891.8,814640.7,152920.2,150695.6,104120.3,150127.1,103683.1,0.0,28.5,27.0,0,24.7,38.8,960,5492,6853,8772,10926,11363,12119,8197,31070,1771
1782225174,2AC,10114081.0,9804439.0,913232.7,815852.2,153184.9,150494.6,104307.0,149734.2,103665.8,0.0,28.5,27.0,0,24.6,38.9,960,5492,6851,8772,10926,11364,12119,8197,31069,1771
1782225475,2AC,10121327.0,9796257.0,912010.4,815011.9,153128.3,150797.1,104108.0,149863.9,103649.6,0.0,28.5,27.1,0,24.7,38.9,960,5493,6853,8772,10926,11365,12121,8197,31077,1772
1782225774,2AC,10133633.0,9818955.0,911855.2,815603.8,153139.5,150429.4,104059.6,149824.9,103633.9,0.0,28.5,27.1,0,24.6,38.9,960,5490,6849,8770,10922,11361,12115,8195,31067,1768
1782226075,2AC,10132881.0,9806844.0,911699.1,815786.9,153056.2,150723.6,104046.1,150124.9,103617.8,0.0,28.5,27.1,0,24.6,38.9,960,5491,6851,8770,10926,11363,12119,8197,31074,1769
1782226376,2AC,10125803.0,9803644.0,911774.0,814863.7,153450.0,150674.3,104222.2,150078.8,103601.8,0.0,28.5,27.1,0,24.6,38.9,961,5492,6851,8771,10925,11365,12120,8198,31074,1771
1782226674,2AC,10120764.0,9804480.0,911758.2,815577.8,153277.8,150778.4,104184.6,150018.9,103585.8,0.0,28.5,27.1,0,24.6,39.0,960,5491,6851,8771,10924,11361,12117,8196,31068,1769
1782226975,2AC,10142841.0,9783089.0,913026.9,817501.5,153327.8,150818.2,104147.0,150068.4,103569.7,0.0,28.5,27.1,0,24.6,39.0,961,5492,6851,8771,10925,11362,12118,8197,31068,1770
1782227273,2AC,10119416.0,9816499.0,911364.8,817292.8,153430.2,150770.6,104183.8,150143.7,103554.0,0.0,28.5,27.1,0,24.6,39.0,960,5492,6852,8772,10923,11361,12117,8196,31067,1771
1782227575,2AC,10093071.0,9770169.0,910012.8,814750.7,153435.3,150820.2,104222.1,149759.9,103539.2,0.0,28.5,27.2,0,24.6,39.0,961,5492,6852,8774,10927,11365,12120,8198,31072,1769
1782227876,2AC,10104661.0,9766941.0,910622.0,815290.8,152953.2,150662.0,104115.8,149893.8,103524.0,0.0,28.5,27.1,0,24.6,39.0,961,5494,6854,8776,10930,11369,12123,8200,31088,1769
1782228174,2AC,10126100.0,9775035.0,913134.2,815852.8,153201.2,150853.0,104105.8,149850.4,103509.0,0.0,28.5,27.2,0,24.6,39.0,960,5493,6852,8773,10928,11369,12123,8199,31080,1770
1782228474,2AC,10112899.0,9788463.0,912082.5,813270.6,153501.3,150938.8,104081.8,149698.9,103493.9,0.0,28.5,27.2,0,24.6,39.0,960,5492,6851,8772,10926,11365,12120,8197,31069,1771
1782228776,2AC,10097197.0,9765625.0,910597.6,814441.6,153504.4,150658.0,104092.5,150058.5,103479.1,0.0,28.5,27.2,0,24.6,39.1,961,5493,6853,8773,10927,11364,12121,8198,31074,1769
1782229074,2AC,10118055.0,9780921.0,913294.3,816047.0,153478.0,150777.1,104001.8,149852.3,103464.3,0.0,28.5,27.2,0,24.6,39.1,960,5491,6851,8771,10923,11363,12119,8196,31066,1769
1782229375,2AC,10111061.0,9796745.0,909089.8,815750.8,153288.3,150447.5,104107.9,149956.6,103449.9,0.0,28.5,27.2,0,24.6,39.1,961,5493,6853,8775,10926,11364,12121,8197,31070,1770
1782229676,2AC,10114392.0,9797335.0,913311.2,816172.1,153418.8,150685.9,104267.8,149831.1,103437.4,0.0,28.5,27.3,0,24.6,39.1,960,5492,6851,8772,10926,11366,12121,8198,31074,1771
1782229974,2AC,10086153.0,9775480.0,910735.5,815916.9,153189.3,150928.7,104186.5,149895.6,103423.4,0.0,28.5,27.3,0,24.6,39.1,960,5492,6852,8773,10926,11363,12119,8197,31070,1771
1782230275,2AC,10091252.0,9772471.0,910294.7,814807.2,153404.6,151035.0,104167.9,150155.2,103408.8,0.0,28.5,27.3,0,24.6,39.1,960,5492,6852,8773,10928,11365,12120,8198,31073,1772
1782230576,2AC,10117104.0,9750861.0,909839.2,814535.0,153434.2,151122.7,104184.0,149928.2,103394.3,0.0,28.5,27.3,0,24.6,39.2,961,5493,6853,8775,10929,11367,12122,8199,31073,1770
1782230874,2AC,10088144.0,9767089.0,908880.2,813697.8,153413.8,150636.3,104106.5,149751.0,103381.0,0.0,28.5,27.3,0,24.6,39.1,960,5491,6851,8771,10925,11365,12119,8196,31070,1769
1782231175,2AC,10089828.0,9733221.0,910071.4,814315.5,153158.8,150757.7,104219.4,150056.1,103367.2,0.0,28.5,27.3,0,24.6,39.1,960,5492,6851,8772,10924,11363,12119,8197,31071,1770
1782231474,2AC,10082669.0,9770739.0,911188.8,814808.7,153330.6,150995.7,104097.4,149837.0,103353.6,0.0,28.5,27.3,0,24.6,39.2,961,5494,6853,8773,10924,11362,12119,8197,31071,1770
1782231775,2AC,10110867.0,9758625.0,911258.4,814752.1,153354.3,150963.1,104161.0,149878.6,103340.4,0.0,28.5,27.3,0,24.6,39.2,960,5493,6851,8774,10928,11367,12122,8199,31078,1769
1782232076,2AC,10072627.0,9738076.0,912013.0,814699.5,153400.6,150900.2,103879.3,149984.2,103326.6,0.0,28.5,27.3,0,24.6,39.2,960,5491,6851,8772,10926,11363,12119,8197,31073,1770
1782232374,2AC,10093913.0,9745811.0,911642.8,816063.8,153401.6,150977.8,104192.5,149892.5,103313.1,0.0,28.5,27.3,0,24.6,39.2,960,5492,6851,8772,10926,11363,12120,8197,31079,1771
1782232675,2AC,10092548.0,9770354.0,910880.5,815293.8,153510.1,151035.5,104066.8,150065.9,103300.3,0.0,28.4,27.4,0,24.6,39.2,960,5492,6852,8772,10924,11363,12118,8197,31069,1771
1782232976,2AC,10096527.0,9775885.0,911167.0,816214.1,153376.0,150752.9,104086.7,149765.4,103287.1,0.0,28.4,27.4,0,24.6,39.3,960,5491,6850,8773,10929,11367,12124,8201,31085,1771
1782233274,2AC,10113774.0,9757940.0,912795.4,815697.2,153669.8,151009.8,104026.4,150329.7,103274.7,0.0,28.4,27.4,0,24.6,39.2,961,5493,6853,8775,10927,11365,12121,8199,31079,1770
1782233575,2AC,10081384.0,9749743.0,911004.7,815023.2,153459.3,151003.3,104088.0,149882.3,103261.6,0.0,28.5,27.4,0,24.6,39.3,961,5494,6854,8775,10931,11370,12125,8201,31089,1770
1782233876,2AC,10068901.0,9767067.0,910172.5,814688.9,153699.9,151002.5,104190.7,149947.8,103249.5,0.0,28.4,27.4,0,24.6,39.3,960,5492,6852,8773,10927,11366,12121,8198,31075,1771
1782234174,2AC,10078401.0,9743007.0,910190.0,815145.0,153513.6,151109.1,103955.8,149837.3,103237.2,0.0,28.5,27.4,0,24.6,39.3,960,5492,6851,8772,10924,11364,12117,8196,31069,1771
1782234475,2AC,10074557.0,9767395.0,911192.6,814065.9,153655.7,150979.7,104101.5,149986.0,103226.3,0.0,28.5,27.4,0,24.6,39.3,960,5492,6851,8772,10924,11364,12119,8197,31074,1772
1782234774,2AC,10055439.0,9762330.0,910698.3,814219.2,153567.0,151088.7,104037.6,149825.5,103214.0,0.0,28.5,27.5,0,24.6,39.3,961,5496,6854,8778,10932,11369,12126,8202,31088,1771
1782235075,2AC,10091400.0,9760605.0,909552.9,815857.7,153592.8,151067.8,104147.7,150071.8,103201.2,0.0,28.4,27.4,0,24.6,39.4,961,5493,6853,8773,10927,11365,12120,8197,31073,1769
1782235376,2AC,10101172.0,9748628.0,911349.8,817175.9,153585.8,150988.8,104082.3,149959.6,103190.8,0.0,28.5,27.5,0,24.6,39.3,961,5489,6850,8771,10925,11362,12119,8196,31071,1769
1782235674,2AC,10063923.0,9719592.0,910939.8,814595.0,153632.6,151162.7,104150.5,149981.8,103180.1,0.0,28.4,27.5,0,24.6,39.3,961,5495,6856,8777,10932,11370,12127,8201,31091,1770
1782235975,2AC,10057765.0,9722516.0,910030.4,815412.7,153635.2,151160.7,104053.9,149842.7,103169.6,0.0,28.5,27.5,0,24.6,39.4,961,5494,6853,8775,10931,11368,12124,8201,31086,1772
1782236276,2AC,10090892.0,9747837.0,909777.3,815294.8,153834.2,150894.9,104056.0,149882.8,103160.1,0.0,28.5,27.5,0,24.6,39.4,961,5493,6852,8774,10928,11365,12122,8198,31081,1770
1782236574,2AC,10063887.0,9739687.0,909557.9,816540.8,153433.3,150914.8,103951.6,149786.5,103151.6,0.0,28.5,27.5,0,24.6,39.4,961,5494,6853,8776,10928,11367,12123,8199,31083,1771
1782236875,2AC,10079029.0,9745432.0,911499.3,815113.6,153784.7,150999.9,103869.6,149721.7,103143.1,0.0,28.5,27.5,0,24.6,39.4,961,5493,6851,8773,10925,11363,12119,8197,31072,1770
1782237176,2AC,10045593.0,9725348.0,908496.6,813062.5,153297.4,151126.5,103921.2,149558.0,103137.8,0.0,28.5,27.5,0,24.6,39.4,960,5493,6851,8773,10926,11365,12119,8197,31073,1770
1782237474,2AC,10056001.0,9696836.0,908022.7,812179.3,153452.5,150848.6,103895.8,149876.9,103130.7,0.0,28.5,27.5,0,24.6,39.5,960,5493,6852,8773,10926,11365,12121,8198,31078,1771
1782237775,2AC,10037295.0,9706532.0,908632.1,812534.7,153154.2,151073.6,103762.6,149719.6,103124.2,0.0,28.5,27.5,0,24.6,39.5,960,5492,6851,8771,10922,11361,12116,8195,31076,1771
1782238076,2AC,10013353.0,9696619.0,908760.6,814411.2,153245.9,150458.6,103785.6,149379.6,103117.7,0.0,28.5,27.6,0,24.7,39.4,960,5492,6852,8771,10924,11362,12119,8197,31070,1769
1782238374,2AC,10028040.0,9717125.0,905745.9,812034.9,153240.8,150671.2,103634.5,149631.1,103109.8,0.0,28.5,27.6,0,24.7,39.5,960,5491,6851,8771,10924,11362,12117,8196,31076,1769
1782238675,2AC,10003661.0,9664879.0,906056.0,813317.6,153213.3,150619.8,103634.8,149335.1,103100.8,0.0,28.6,27.6,0,24.7,39.5,961,5494,6854,8774,10929,11367,12122,8199,31082,1770
1782238976,2AC,10002963.0,9661556.0,908045.9,810293.4,152847.8,150363.7,103687.4,149333.2,103091.7,0.0,28.6,27.6,0,24.7,39.5,960,5492,6853,8772,10926,11364,12122,8198,31079,1771
1782239274,2AC,9995348.0,9673059.0,904549.6,810953.7,152783.2,150518.7,103588.1,149510.4,103082.1,0.0,28.6,27.6,0,24.7,39.5,961,5492,6853,8772,10926,11363,12119,8197,31075,1771
1782239576,2AC,9998851.0,9642401.0,905877.8,811550.8,152983.3,150593.1,103546.6,149196.8,103071.8,0.0,28.6,27.6,0,24.7,39.5,961,5492,6854,8772,10925,11365,12120,8197,31078,1769
1782239874,2AC,9968715.0,9661507.0,904784.2,811058.0,153002.4,150632.1,103529.3,149371.8,103060.9,0.0,28.6,27.6,0,24.7,39.5,961,5494,6854,8773,10928,11367,12121,8199,31079,1772
1782240175,2AC,9990409.0,9652757.0,905338.4,811191.2,153054.1,150451.4,103493.0,149425.4,103049.1,0.0,28.6,27.6,0,24.7,39.5,961,5494,6854,8774,10929,11368,12124,8199,31085,1770
1782240476,2AC,9979283.0,9639096.0,904488.6,809336.1,152999.3,150079.7,103530.8,149327.5,103038.0,0.0,28.6,27.6,0,24.7,39.5,960,5492,6853,8772,10924,11363,12119,8197,31074,1769
1782240774,2AC,9959469.0,9643895.0,903796.7,809444.0,153293.8,150290.1,103390.4,149094.6,103026.0,0.0,28.6,27.6,0,24.7,39.6,961,5495,6855,8775,10928,11367,12123,8199,31081,1770
1782241075,2AC,9957860.0,9628701.0,905234.2,810777.5,153223.5,150383.8,103424.8,149362.4,103013.3,0.0,28.6,27.7,0,24.7,39.6,961,5494,6853,8773,10925,11363,12120,8197,31075,1769
1782241376,2AC,9980171.0,9612040.0,904134.7,809205.1,153028.6,150374.0,103411.9,149257.9,103000.4,0.0,28.6,27.7,0,24.7,39.6,961,5494,6856,8775,10930,11370,12123,8199,31082,1770
1782241674,2AC,9987379.0,9639275.0,902095.1,811134.8,153134.5,150702.6,103629.6,149318.1,102989.2,0.0,28.6,27.7,0,24.7,39.6,960,5493,6853,8774,10927,11365,12120,8197,31073,1770
1782241975,2AC,9991203.0,9661611.0,903574.4,811739.2,152963.6,150478.9,103519.6,149285.3,102976.4,0.0,28.6,27.7,0,24.7,39.6,961,5493,6852,8771,10925,11364,12120,8196,31074,1769
1782242276,2AC,9964499.0,9638393.0,905639.2,809920.7,153213.6,150669.7,103519.8,149179.1,102964.4,0.0,28.6,27.7,0,24.7,39.6,961,5494,6854,8774,10928,11367,12123,8199,31079,1769
1782242574,2AC,9991516.0,9643900.0,905564.8,809952.8,153361.7,150600.3,103785.6,149160.8,102951.7,0.0,28.6,27.7,0,24.7,39.6,960,5493,6854,8774,10927,11366,12123,8198,31082,1772
1782242875,2AC,10008989.0,9688015.0,904603.0,810331.5,153391.5,150648.1,103450.2,149334.3,102940.1,0.0,28.6,27.7,0,24.7,39.6,960,5493,6854,8773,10925,11363,12120,8197,31076,1772
1782243174,2AC,10000921.0,9642291.0,907016.7,812251.4,153384.7,150561.5,103678.6,149441.6,102927.7,0.0,28.6,27.7,0,24.7,39.7,960,5493,6854,8773,10928,11366,12121,8198,31083,1769
1782243475,2AC,9981661.0,9645619.0,905761.8,812670.5,153338.6,150635.6,103758.8,149624.8,102915.1,0.0,28.6,27.7,0,24.7,39.7,961,5495,6855,8775,10931,11368,12125,8200,31088,1771
1782243776,2AC,9973251.0,9651596.0,905285.7,811723.7,153663.4,150659.0,103625.7,149323.7,102903.0,0.0,28.6,27.8,0,24.7,39.7,960,5492,6852,8771,10926,11363,12120,8196,31074,1770
1782244074,2AC,9994315.0,9677749.0,906375.1,812364.0,153407.0,150726.9,103606.9,149132.9,102890.6,0.0,28.5,27.8,0,24.7,39.7,960,5493,6852,8772,10925,11364,12120,8198,31073,1770
1782244375,2AC,10028000.0,9669764.0,906014.1,810802.6,153616.8,150993.2,103513.1,149596.2,102878.7,0.0,28.5,27.8,0,24.7,39.7,960,5493,6853,8774,10927,11367,12121,8198,31084,1770
1782244676,2AC,10012736.0,9658061.0,905850.8,812694.0,153415.7,150801.3,103537.4,149213.1,102867.6,0.0,28.5,27.8,0,24.7,39.7,960,5492,6853,8772,10927,11365,12121,8198,31079,1771
1782244974,2AC,10006107.0,9670025.0,907231.3,812526.8,153650.6,151001.1,103546.2,149109.6,102855.7,0.0,28.5,27.8,0,24.7,39.7,960,5493,6854,8774,10924,11364,12121,8197,31076,1770
1782245275,2AC,10019597.0,9644427.0,908770.9,812275.2,153507.2,150881.7,103590.1,149263.2,102844.6,0.0,28.6,27.8,0,24.7,39.7,961,5493,6853,8773,10923,11362,12119,8195,31074,1769
1782245576,2AC,10005959.0,9663056.0,906889.6,814068.2,153925.8,151209.6,103646.6,149241.7,102833.6,0.0,28.5,27.8,0,24.7,39.7,960,5493,6852,8773,10927,11365,12121,8198,31077,1769
1782245873,2AC,10012845.0,9669928.0,907181.2,813629.8,154009.0,150981.4,103594.2,149515.9,102821.7,0.0,28.5,27.8,0,24.7,39.8,961,5493,6855,8774,10929,11367,12122,8198,31084,1772
1782246174,2AC,10032380.0,9690927.0,908836.7,815165.0,153831.7,151205.7,103593.7,149391.4,102810.4,0.0,28.5,27.8,0,24.7,39.7,960,5493,6855,8774,10927,11366,12119,8198,31077,1772
1782246475,2AC,10026929.0,9663197.0,908856.1,814484.6,154120.7,151167.6,103715.1,149560.8,102799.2,0.0,28.5,27.8,0,24.7,39.8,961,5493,6854,8774,10929,11367,12122,8199,31085,1771
1782246776,2AC,9996339.0,9672941.0,907563.2,814244.3,153892.0,151074.1,103747.8,149307.9,102787.6,0.0,28.5,27.8,0,24.7,39.8,961,5492,6853,8773,10927,11365,12121,8198,31078,1771
1782247074,2AC,10023376.0,9674135.0,910546.1,814964.3,154210.9,151504.8,103742.0,149403.3,102776.4,0.0,28.5,27.9,0,24.7,39.8,961,5492,6854,8773,10927,11365,12123,8198,31081,1772
1782247376,2AC,10003996.0,9696115.0,908495.6,814164.8,153928.1,151413.2,103814.4,149349.6,102766.6,0.0,28.5,27.8,0,24.7,39.8,960,5493,6853,8773,10926,11365,12119,8196,31075,1769
1782247674,2AC,10046229.0,9689149.0,911127.4,815159.4,154227.4,151686.4,103566.1,149509.4,102756.7,0.0,28.5,27.9,0,24.7,39.8,961,5493,6853,8772,10929,11367,12123,8199,31084,1771
1782247975,2AC,10025129.0,9656932.0,909977.1,815869.8,154151.9,151264.0,103710.8,149462.7,102745.5,0.0,28.5,27.9,0,24.7,39.8,960,5493,6854,8774,10928,11365,12121,8198,31080,1772
1782248276,2AC,10015761.0,9692175.0,910327.0,817129.4,154212.6,151565.0,103802.0,149478.2,102735.9,0.0,28.5,27.9,0,24.7,39.8,960,5492,6853,8771,10924,11363,12120,8197,31079,1771
1782248574,2AC,10050765.0,9679388.0,910330.2,815970.2,154289.7,151608.3,103796.6,149493.5,102727.4,0.0,28.5,27.9,0,24.7,39.8,961,5494,6854,8773,10928,11366,12123,8198,31084,1772
1782248875,2AC,10061407.0,9718147.0,910688.8,816696.0,154390.5,151820.5,103881.3,149292.8,102719.4,0.0,28.5,27.9,0,24.7,39.9,960,5494,6853,8775,10929,11368,12124,8200,31087,1771
1782249176,2AC,10024247.0,9674957.0,910089.7,815985.7,154221.9,151623.1,103881.5,149278.8,102712.2,0.0,28.5,27.9,0,24.7,39.9,961,5492,6852,8772,10924,11362,12116,8195,31070,1771
1782249474,2AC,10020156.0,9697703.0,910255.9,815378.3,154643.9,151486.1,103809.1,149661.9,102703.8,0.0,28.6,27.9,0,24.7,39.9,961,5494,6853,8774,10928,11366,12120,8198,31079,1772
1782249775,2AC,10025653.0,9673285.0,909682.8,816874.8,154283.3,151562.6,103736.1,149452.8,102696.2,0.0,28.6,27.9,0,24.7,39.9,961,5494,6855,8775,10929,11367,12123,8200,31084,1770
1782250076,2AC,10025941.0,9687723.0,908649.3,814861.3,154417.6,151790.0,103633.6,149324.7,102687.0,0.0,28.6,27.9,0,24.7,39.9,961,5495,6855,8776,10930,11367,12123,8200,31089,1770
1782250374,2AC,10044455.0,9691624.0,911490.2,816374.8,154292.9,151401.0,103906.1,149390.5,102678.7,0.0,28.6,27.9,0,24.7,39.9,961,5495,6856,8775,10930,11369,12124,8199,31085,1770
1782250674,2AC,10053375.0,9705292.0,909613.8,816432.2,154416.5,151457.9,103952.5,149190.3,102670.0,0.0,28.6,28.0,0,24.7,39.9,960,5493,6854,8774,10928,11365,12121,8197,31078,1771
1782250976,2AC,10043283.0,9690023.0,909587.7,813988.2,154113.3,151699.1,103719.8,149576.9,102660.4,0.0,28.6,28.0,0,24.7,39.9,961,5494,6856,8775,10933,11370,12126,8201,31093,1770
1782251274,2AC,10069075.0,9700135.0,909776.2,815578.3,154358.9,151500.1,103646.9,149781.1,102650.7,0.0,28.6,27.9,0,24.7,39.9,961,5492,6853,8772,10926,11362,12117,8196,31076,1769
1782251575,2AC,10031483.0,9696187.0,911281.9,815776.4,154412.4,151508.5,103703.5,149389.9,102642.5,0.0,28.6,28.0,0,24.7,39.9,961,5493,6853,8773,10926,11365,12120,8197,31076,1769
1782251876,2AC,10022652.0,9688916.0,910121.2,816530.2,154272.4,151554.0,103577.2,149430.6,102633.0,0.0,28.6,28.0,0,24.7,40.0,961,5493,6854,8773,10930,11367,12123,8200,31081,1769
1782252174,2AC,10050012.0,9674420.0,911581.8,816905.8,154491.9,151614.8,103797.3,149498.6,102623.6,0.0,28.6,28.0,0,24.7,40.0,961,5496,6856,8777,10933,11371,12126,8201,31091,1770
1782252475,2AC,10045109.0,9649558.0,909021.1,816318.1,154457.9,151871.1,104003.1,149297.0,102613.5,0.0,28.6,28.0,0,24.7,39.9,961,5495,6856,8778,10931,11367,12124,8200,31088,1769
1782252776,2AC,10047204.0,9681277.0,910326.1,817009.5,154573.6,151474.2,103888.5,149699.6,102604.9,0.0,28.6,28.0,0,24.7,40.0,961,5496,6857,8778,10931,11370,12125,8199,31091,1770
1782253074,2AC,10039249.0,9691551.0,911735.4,816952.8,154449.5,151855.1,103849.9,149430.8,102596.2,0.0,28.6,28.0,0,24.7,40.0,961,5496,6856,8776,10932,11372,12124,8200,31087,1770
1782253374,2AC,10031101.0,9690985.0,910312.2,817901.8,154607.9,151851.1,103760.0,149659.4,102587.7,0.0,28.6,28.0,0,24.7,40.0,961,5494,6856,8775,10930,11367,12124,8199,31085,1771
1782253675,2AC,10005745.0,9673520.0,910493.1,817157.8,154593.2,152180.2,103859.4,149481.4,102579.5,0.0,28.6,28.0,0,24.7,40.0,960,5494,6854,8772,10928,11366,12122,8197,31079,1770
1782253974,2AC,10030964.0,9699354.0,909599.8,816310.2,154730.3,151985.7,103965.9,149362.7,102569.4,0.0,28.6,28.0,0,24.7,40.0,961,5493,6854,8773,10927,11364,12121,8197,31076,1769
1782254275,2AC,10051341.0,9720911.0,912004.4,818453.0,154715.4,152042.8,103827.4,149649.5,102560.9,0.0,28.6,28.0,0,24.7,40.0,961,5494,6853,8775,10928,11367,12123,8199,31082,1769
1782254575,2AC,10060255.0,9704385.0,910751.0,817882.8,154801.3,151795.4,103742.7,149648.9,102552.0,0.0,28.6,28.1,0,24.7,40.0,961,5492,6854,8773,10928,11368,12122,8198,31085,1772
1782254876,2AC,10034349.0,9695973.0,912226.0,816853.1,154871.9,151892.4,103864.2,149388.8,102542.6,0.0,28.6,28.1,0,24.7,40.0,961,5494,6855,8775,10928,11367,12124,8199,31087,1772
1782255174,2AC,10042319.0,9719617.0,911407.7,818092.0,154897.9,151791.4,103885.4,149333.1,102534.2,0.0,28.6,28.1,0,24.7,40.0,961,5495,6856,8776,10930,11368,12125,8200,31089,1772
1782255475,2AC,10056461.0,9712268.0,912351.2,817764.6,154913.6,152078.1,103787.1,149531.0,102529.3,0.0,28.6,28.1,0,24.7,40.1,961,5494,6855,8774,10928,11367,12122,8198,31083,1771
1782255774,2AC,10056487.0,9699741.0,913921.4,819377.2,154953.8,152197.2,103880.2,149353.2,102523.4,0.0,28.6,28.1,0,24.7,40.1,961,5494,6856,8775,10928,11367,12123,8199,31085,1769
1782256074,2AC,10038213.0,9710420.0,913515.5,819475.1,154914.1,152198.5,103933.8,149638.1,102517.0,0.0,28.6,28.1,0,24.7,40.1,961,5493,6855,8774,10928,11367,12122,8199,31086,1772
1782256375,2AC,10064325.0,9704111.0,912473.3,818573.1,155239.0,152194.5,103951.4,149289.4,102508.5,0.0,28.6,28.1,0,24.8,40.1,961,5494,6855,8775,10929,11369,12123,8199,31087,1770
1782256676,2AC,10044459.0,9696875.0,912637.5,818444.2,154820.9,152228.2,103798.6,149509.4,102498.5,0.0,28.6,28.1,0,24.8,40.1,961,5494,6857,8775,10930,11369,12124,8200,31087,1770
1782256974,2AC,10075723.0,9710097.0,913187.0,818559.8,154917.9,152097.2,103818.4,149542.2,102492.4,0.0,28.6,28.1,0,24.8,40.1,961,5497,6857,8777,10932,11372,12128,8201,31095,1772
1782257275,2AC,10043253.0,9681281.0,911902.2,818912.7,155104.4,151970.4,103840.6,149287.6,102486.4,0.0,28.6,28.1,0,24.8,40.1,961,5496,6858,8777,10934,11372,12129,8203,31101,1772
1782257576,2AC,10047845.0,9695509.0,912703.2,820947.3,154905.1,152090.9,103810.8,149405.3,102480.0,0.0,28.7,28.1,0,24.8,40.1,961,5496,6858,8777,10930,11369,12125,8200,31090,1770
1782257874,2AC,10043681.0,9697613.0,912870.8,818684.8,154977.1,152065.3,103889.2,149235.9,102474.9,0.0,28.6,28.1,0,24.8,40.1,961,5496,6857,8778,10931,11372,12127,8201,31097,1770
1782258175,2AC,10056703.0,9698087.0,913091.8,819802.6,155086.1,152098.5,103559.0,149106.9,102468.8,0.0,28.6,28.2,0,24.8,40.1,961,5496,6857,8777,10929,11370,12125,8200,31096,1769
1782258476,2AC,10030060.0,9668871.0,911228.9,819507.8,155024.4,152002.7,103767.2,149152.4,102461.9,0.0,28.7,28.1,0,24.8,40.1,961,5496,6857,8775,10932,11369,12125,8200,31090,1772
1782258774,2AC,10023126.0,9698276.0,911892.6,817311.5,154895.0,152278.6,103771.2,149196.5,102454.9,0.0,28.7,28.2,0,24.8,40.2,961,5493,6855,8773,10927,11366,12122,8197,31085,1772
1782259075,2AC,10044531.0,9681288.0,911419.1,819147.8,154890.5,152472.8,103459.4,149201.3,102447.0,0.0,28.7,28.2,0,24.8,40.1,960,5494,6856,8773,10930,11368,12123,8199,31088,1772
1782259376,2AC,10027573.0,9699396.0,912546.7,818098.9,154875.2,152088.7,103703.2,149092.9,102439.7,0.0,28.7,28.2,0,24.8,40.2,962,5497,6859,8778,10932,11372,12129,8202,31103,1772
1782259674,2AC,10035913.0,9688065.0,912168.2,819506.9,155143.2,152243.5,103650.1,149185.2,102432.4,0.0,28.7,28.2,0,24.8,40.2,961,5496,6857,8776,10933,11371,12127,8200,31093,1772
1782259975,2AC,10038599.0,9682676.0,913498.6,817976.0,155094.3,152308.2,103603.4,149430.7,102423.5,0.0,28.7,28.2,0,24.8,40.2,961,5496,6859,8778,10932,11371,12127,8201,31094,1772
1782260276,2AC,10044512.0,9677486.0,911693.8,818061.2,155081.2,152408.0,103680.3,149167.1,102414.5,0.0,28.7,28.2,0,24.8,40.2,961,5495,6856,8775,10930,11370,12125,8200,31089,1772
1782260574,2AC,10060595.0,9698521.0,912380.7,819956.4,155271.4,152189.4,103589.2,149331.3,102406.0,0.0,28.7,28.2,0,24.8,40.2,961,5496,6858,8778,10932,11369,12125,8201,31097,1772
1782260875,2AC,10020084.0,9698959.0,912193.8,818694.9,155284.3,152109.2,103714.1,149367.1,102396.7,0.0,28.7,28.2,0,24.8,40.2,961,5496,6857,8776,10925,11365,12121,8197,31075,1771
1782261176,2AC,10044385.0,9694324.0,913714.2,819106.0,154987.8,152392.5,103575.1,149241.8,102387.5,0.0,28.7,28.2,0,24.8,40.2,961,5494,6857,8775,10928,11366,12123,8198,31082,1770
1782261474,2AC,10098656.0,9697464.0,913588.7,819180.3,155335.4,152387.5,103728.6,149168.0,102378.6,0.0,28.7,28.2,0,24.8,40.2,960,5492,6854,8771,10924,11365,12119,8197,31079,1770
1782261775,2AC,10044158.0,9690668.0,913471.2,818409.0,155425.2,152859.6,103763.6,149415.0,102370.3,0.0,28.7,28.2,0,24.8,40.2,961,5496,6857,8775,10930,11369,12125,8200,31091,1772
1782262074,2AC,10047753.0,9664916.0,913595.2,820508.9,155609.6,152587.8,103901.4,149247.4,102361.7,0.0,28.7,28.2,0,24.8,40.3,961,5495,6856,8773,10929,11368,12124,8199,31084,1769
1782262375,2AC,10066885.0,9696545.0,914619.2,820497.7,155593.7,152380.7,104016.8,149260.2,102353.8,0.0,28.7,28.2,0,24.8,40.3,961,5494,6856,8775,10925,11365,12121,8197,31080,1769
1782262676,2AC,10060219.0,9714377.0,916003.2,821594.2,155653.5,152924.3,103902.5,149484.0,102345.1,0.0,28.7,28.2,0,24.8,40.3,960,5493,6854,8772,10925,11365,12120,8197,31076,1769
1782262974,2AC,10067997.0,9705487.0,914580.2,821943.5,155470.5,152531.2,103837.5,149330.7,102333.6,0.0,28.7,28.3,0,24.8,40.3,961,5495,6856,8775,10927,11368,12124,8199,31083,1769
1782263275,2AC,10070381.0,9714100.0,915677.3,823324.3,155584.2,152737.6,103903.7,149601.3,102318.9,0.0,28.7,28.3,0,24.8,40.3,960,5493,6854,8771,10924,11365,12118,8195,31074,1769
1782263575,2AC,10083988.0,9713640.0,917754.2,822027.5,155996.8,152946.3,104052.2,149579.8,102305.0,0.0,28.7,28.3,0,24.8,40.3,961,5494,6855,8773,10928,11366,12123,8199,31081,1772
1782263876,2AC,10109996.0,9751551.0,918196.0,825171.5,156090.3,153304.8,104130.4,149720.7,102290.9,0.0,28.7,28.3,0,24.8,40.3,961,5493,6855,8774,10927,11367,12122,8197,31082,1770
1782264174,2AC,10120876.0,9785201.0,920823.9,824542.2,156463.6,153169.2,103957.3,149820.6,102275.7,0.0,28.6,28.3,0,24.8,40.3,960,5493,6854,8772,10928,11366,12122,8197,31078,1771
1782264475,2AC,10109311.0,9775363.0,919570.0,824447.2,156416.0,153286.9,104117.5,149903.4,102260.4,0.0,28.6,28.3,0,24.8,40.3,961,5493,6853,8773,10927,11366,12121,8195,31078,1771
1782264773,2AC,10133723.0,9782035.0,920783.8,826453.4,156564.6,153433.6,104307.8,149887.7,102245.4,0.0,28.6,28.3,0,24.7,40.3,960,5493,6855,8775,10927,11366,12123,8198,31085,1771
1782265075,2AC,10174401.0,9782431.0,923141.4,827940.2,156610.7,153603.4,104315.3,150289.0,102228.6,0.0,28.6,28.3,0,24.7,40.3,961,5495,6857,8776,10929,11370,12124,8200,31084,1769
1782265376,2AC,10168968.0,9814715.0,923700.8,828954.2,156719.7,153519.0,104414.7,150170.7,102211.5,0.0,28.6,28.3,0,24.7,40.3,961,5496,6856,8777,10929,11369,12125,8200,31088,1770
1782265674,2AC,10227171.0,9870225.0,926950.1,830425.8,157163.8,154310.0,104592.2,150470.9,102194.6,0.0,28.5,28.3,0,24.7,40.3,961,5495,6855,8777,10928,11367,12123,8199,31086,1770
1782265975,2AC,10230381.0,9846162.0,927170.6,832599.9,157295.1,154241.2,104513.3,150377.0,102178.6,0.0,28.5,28.3,0,24.6,40.4,961,5495,6855,8776,10929,11368,12124,8199,31085,1771
1782266276,2AC,10236148.0,9891055.0,926800.6,834450.3,157476.9,154620.2,104689.6,150390.2,102162.2,0.0,28.5,28.4,0,24.6,40.4,960,5494,6854,8776,10928,11367,12124,8200,31087,1772
1782266574,2AC,10290085.0,9907311.0,932731.2,835349.5,157864.1,154447.8,104919.9,150768.2,102147.0,0.0,28.5,28.4,0,24.6,40.4,961,5495,6855,8780,10932,11371,12127,8202,31090,1773
1782266875,2AC,10300449.0,9947704.0,931974.2,836574.0,158190.2,154983.6,104990.8,150998.9,102132.5,0.0,28.5,28.4,0,24.6,40.4,961,5495,6855,8779,10932,11370,12128,8202,31096,1770
1782267176,2AC,10301047.0,9952361.0,936815.2,837831.4,158173.5,155164.4,105055.6,151138.3,102117.4,0.0,28.4,28.4,0,24.6,40.4,961,5496,6855,8778,10934,11373,12128,8201,31095,1772
1782267474,2AC,10315427.0,9967352.0,936039.5,839417.5,158634.8,155284.0,105231.1,151091.4,102102.4,0.0,28.4,28.4,0,24.5,40.4,961,5493,6854,8777,10931,11369,12126,8201,31087,1772
1782267775,2AC,10340653.0,10003251.0,937552.3,839384.7,158917.8,155593.2,105369.5,151359.7,102088.0,0.0,28.4,28.4,0,24.5,40.4,960,5493,6851,8776,10927,11366,12120,8198,31076,1769
1782268076,2AC,10366544.0,9989073.0,938810.6,842442.8,159407.4,155843.1,105214.2,151561.7,102073.9,0.0,28.4,28.4,0,24.5,40.4,961,5494,6853,8778,10929,11369,12124,8200,31085,1770
1782268374,2AC,10334940.0,10002205.0,939874.4,843936.2,159175.5,156170.9,105557.7,151515.1,102060.5,0.0,28.4,28.4,0,24.5,40.4,960,5493,6851,8775,10925,11364,12120,8197,31073,1771
1782268676,2AC,10389837.0,10017875.0,943091.2,845277.9,159474.6,156171.6,105641.3,151673.2,102046.2,0.0,28.3,28.4,0,24.5,40.4,961,5493,6850,8776,10930,11367,12123,8198,31079,1770
1782268974,2AC,10420343.0,10050709.0,942941.1,846007.2,159578.3,156251.8,105613.5,151719.9,102033.1,0.0,28.3,28.4,0,24.4,40.4,961,5492,6850,8776,10929,11367,12123,8198,31081,1770
1782269275,2AC,10442049.0,10064564.0,945924.0,847724.3,159805.1,156441.5,105610.1,151867.8,102020.0,0.0,28.3,28.5,0,24.4,40.4,960,5492,6850,8775,10929,11366,12121,8198,31076,1771
1782269576,2AC,10463836.0,10070855.0,945572.2,850267.5,160192.2,156859.0,105987.1,151837.8,102007.7,0.0,28.3,28.4,0,24.4,40.4,960,5492,6850,8774,10930,11367,12122,8199,31082,1772
1782269874,2AC,10450071.0,10107871.0,945316.9,849798.4,160136.9,156886.5,106013.1,152104.1,101994.8,0.0,28.3,28.5,0,24.4,40.4,960,5492,6850,8776,10930,11369,12123,8200,31086,1772
1782270175,2AC,10482049.0,10129676.0,948176.7,851325.5,160440.0,157054.4,105930.5,152251.4,101982.2,0.0,28.2,28.5,0,24.4,40.5,961,5492,6851,8777,10930,11365,12122,8198,31082,1771
1782270476,2AC,10499453.0,10137655.0,949464.4,852651.2,160392.7,157217.9,106132.6,152381.4,101969.7,0.0,28.2,28.5,0,24.4,40.5,961,5493,6851,8777,10935,11373,12128,8201,31093,1772
1782270774,2AC,10522495.0,10134164.0,950738.2,853409.8,160670.9,157573.8,106293.8,152151.4,101957.7,0.0,28.2,28.5,0,24.3,40.5,960,5492,6850,8776,10929,11365,12122,8198,31077,1770
1782271075,2AC,10570792.0,10150875.0,953099.4,853965.0,160975.3,157570.9,106344.0,152605.9,101945.9,0.0,28.2,28.5,0,24.3,40.4,961,5492,6850,8777,10932,11368,12125,8199,31080,1770
1782271376,2AC,10540056.0,10170916.0,953713.9,855317.0,161029.8,157903.0,106360.4,152786.3,101935.1,0.0,28.2,28.5,0,24.3,40.5,960,5492,6849,8776,10929,11366,12123,8198,31078,1770
1782271674,2AC,10579350.0,10189939.0,957748.4,856801.8,161081.8,158005.8,106340.8,152961.2,101924.5,0.0,28.2,28.5,0,24.3,40.5,961,5493,6851,8778,10933,11369,12126,8200,31087,1770
1782271975,2AC,10600311.0,10205471.0,956119.0,857414.4,161318.3,158356.2,106517.6,152682.3,101913.5,0.0,28.2,28.5,0,24.3,40.5,960,5493,6848,8777,10935,11370,12127,8201,31087,1771
1782272276,2AC,10591491.0,10221387.0,955742.2,857724.7,161727.7,158378.4,106794.4,153015.3,101902.4,0.0,28.1,28.5,0,24.3,40.5,960,5492,6850,8777,10930,11367,12122,8198,31077,1770
1782272574,2AC,10623404.0,10267507.0,960734.6,861885.8,161663.3,158439.7,106787.6,153016.7,101891.3,0.0,28.1,28.5,0,24.3,40.5,960,5492,6850,8778,10932,11370,12124,8200,31084,1770
1782272875,2AC,10626781.0,10265856.0,961274.2,860701.9,161788.3,158248.1,106834.4,153000.5,101880.1,0.0,28.1,28.5,0,24.2,40.5,961,5493,6850,8780,10936,11371,12126,8200,31092,1771
1782273176,2AC,10626415.0,10284463.0,959056.2,861407.8,162285.9,158684.9,107008.8,153116.6,101869.4,0.0,28.1,28.5,0,24.2,40.5,961,5493,6850,8778,10934,11371,12127,8201,31087,1770
1782273474,2AC,10691465.0,10279648.0,962486.4,864133.9,162074.7,158903.0,107039.2,153411.1,101859.2,0.0,28.1,28.5,0,24.2,40.5,960,5491,6847,8776,10930,11366,12120,8197,31073,1770
1782273775,2AC,10689175.0,10316517.0,963639.8,864698.3,162424.5,159044.8,106843.3,153373.5,101850.1,0.0,28.1,28.5,0,24.2,40.5,961,5492,6849,8779,10935,11369,12126,8201,31085,1771
1782274076,2AC,10691511.0,10315595.0,964115.4,866000.9,162752.5,159108.6,107127.4,153407.1,101840.2,0.0,28.1,28.6,0,24.2,40.5,961,5492,6848,8779,10933,11367,12125,8199,31080,1771
1782274374,2AC,10666480.0,10296715.0,964731.4,866684.5,162667.7,159366.8,107306.0,153624.9,101831.1,0.0,28.0,28.6,0,24.2,40.6,960,5490,6848,8778,10933,11367,12125,8200,31077,1773
1782274675,2AC,10739281.0,10352169.0,967228.7,868294.7,162833.6,159418.5,107236.1,153581.4,101822.2,0.0,28.0,28.6,0,24.2,40.5,960,5493,6850,8779,10936,11370,12126,8202,31086,1773
1782274976,2AC,10766141.0,10383684.0,969383.8,868571.0,163057.8,159782.8,107282.4,153741.5,101813.5,0.0,28.0,28.6,0,24.2,40.5,961,5492,6848,8780,10933,11370,12125,8200,31089,1773
1782275274,2AC,10763699.0,10381905.0,969201.8,869286.8,163258.0,160005.8,107332.0,153859.3,101804.7,0.0,28.0,28.6,0,24.1,40.5,961,5492,6849,8779,10935,11371,12127,8201,31085,1771
1782275575,2AC,10817268.0,10414076.0,970345.8,870904.7,163299.7,159972.9,107405.8,154149.4,101796.5,0.0,28.0,28.6,0,24.1,40.6,960,5491,6848,8779,10935,11369,12127,8200,31083,1773
1782275876,2AC,10797227.0,10382979.0,970543.8,872518.8,163750.9,160016.1,107685.1,154012.8,101788.6,0.0,28.0,28.6,0,24.1,40.6,960,5489,6845,8775,10931,11364,12121,8198,31073,1773
1782276174,2AC,10835955.0,10408620.0,971457.8,874174.9,163809.1,160336.1,107701.5,154184.0,101781.1,0.0,28.0,28.6,0,24.1,40.6,960,5490,6845,8776,10930,11364,12121,8197,31073,1770
1782276475,2AC,10868691.0,10455836.0,972885.9,874199.2,163672.9,160131.1,107716.9,154335.5,101773.2,0.0,28.0,28.6,0,24.1,40.6,960,5490,6845,8774,10928,11364,12120,8196,31066,1770
1782276776,2AC,10843249.0,10435487.0,973980.2,874986.5,163802.5,160258.5,107794.4,154316.4,101765.1,0.0,27.9,28.6,0,24.1,40.6,961,5490,6846,8777,10931,11366,12123,8198,31077,1772
1782277074,2AC,10840439.0,10437551.0,976144.0,874794.2,164008.7,160605.8,107784.4,154344.6,101758.2,0.0,27.9,28.6,0,24.1,40.6,960,5491,6846,8776,10934,11369,12123,8200,31079,1773
1782277376,2AC,10862383.0,10463617.0,975576.2,874792.2,164357.7,160545.5,107857.4,154358.1,101751.3,0.0,27.9,28.6,0,24.1,40.6,960,5491,6847,8777,10934,11368,12125,8199,31081,1771
1782277674,2AC,10875221.0,10467812.0,976193.8,880246.3,164322.1,160887.3,107826.2,154352.3,101745.0,0.0,27.9,28.6,0,24.1,40.6,960,5489,6844,8773,10930,11364,12121,8197,31065,1771
1782277975,2AC,10891607.0,10476603.0,979416.9,876349.2,164524.8,160882.1,107787.6,154430.1,101739.0,0.0,27.9,28.6,0,24.1,40.6,960,5488,6844,8775,10929,11363,12119,8197,31069,1771
1782278276,2AC,10920268.0,10489960.0,979918.0,879012.8,164678.8,160858.3,108006.4,154969.0,101733.3,0.0,27.9,28.6,0,24.0,40.6,960,5490,6846,8777,10934,11369,12124,8200,31076,1771
1782278574,2AC,10896660.0,10461963.0,982039.8,880219.2,164812.4,160822.5,108129.1,154975.6,101727.0,0.0,27.9,28.6,0,24.1,40.6,960,5491,6845,8776,10932,11367,12124,8200,31078,1772
1782278875,2AC,10938372.0,10522623.0,980198.7,880464.6,164862.1,161207.5,108117.0,154914.9,101721.4,0.0,27.9,28.7,0,24.0,40.6,960,5490,6845,8777,10930,11365,12119,8197,31071,1772
1782279176,2AC,10960696.0,10533592.0,981316.3,880461.7,165160.0,161222.1,108363.6,154776.1,101716.0,0.0,27.9,28.7,0,24.0,40.6,960,5489,6845,8776,10930,11366,12122,8198,31071,1771
1782279474,2AC,10944069.0,10518757.0,981846.4,880703.5,165189.0,161253.5,108146.6,154920.0,101710.9,0.0,27.9,28.6,0,24.0,40.6,961,5492,6846,8779,10934,11369,12127,8200,31082,1771
1782279775,2AC,10970815.0,10529543.0,983089.3,880069.1,165251.8,161605.6,108361.0,154834.7,101705.6,0.0,27.9,28.7,0,24.0,40.6,960,5489,6844,8776,10931,11365,12120,8197,31071,1771
1782280076,2AC,10973896.0,10559269.0,981895.5,883337.9,165574.1,161735.1,108281.7,155059.0,101700.9,0.0,27.9,28.7,0,24.0,40.7,960,5489,6844,8777,10930,11368,12123,8198,31073,1771
1782280675,2AC,30055922.0,28694872.0,2213782.0,1949499.1,300849.7,282517.7,151029.6,211866.8,105643.8,0.0,27.7,17.7,0,23.8,29.0,960,5491,6844,8781,10938,11371,12129,8200,31089,1771
1782280975,2AC,26661386.0,25450366.0,1996422.9,1761297.4,279887.9,265377.1,147760.4,207227.6,105693.7,0.0,27.7,19.6,0,23.9,30.5,961,5493,6846,8782,10937,11371,12128,8201,31089,1773
1782281276,2AC,24543942.0,23533418.0,1872031.5,1642619.5,267297.1,253612.3,145100.5,204185.9,105708.0,0.0,27.8,20.7,0,23.9,31.5,960,5491,6845,8778,10933,11370,12127,8200,31082,1772
1782281574,2AC,23319600.0,22143174.0,1784666.0,1577060.0,258609.5,246381.6,142857.9,201920.2,105706.2,0.0,27.8,21.4,0,23.9,32.2,960,5491,6844,8778,10935,11370,12127,8199,31084,1771
1782281875,2AC,22257970.0,21297518.0,1723827.5,1525819.0,252522.4,241433.0,140705.1,199431.8,105695.7,0.0,27.8,21.9,0,23.9,32.8,960,5492,6847,8782,10934,11370,12127,8201,31087,1771
1782282176,2AC,21565352.0,20492096.0,1680061.6,1488606.5,248402.4,236610.1,139595.3,197714.3,105680.7,0.0,27.8,22.2,0,23.9,33.1,960,5491,6845,8779,10936,11368,12126,8200,31085,1772
1782282474,2AC,21014626.0,20090162.0,1645371.1,1463156.4,244945.1,233791.8,138446.0,196367.6,105661.9,0.0,27.8,22.5,0,23.9,33.5,960,5490,6844,8779,10932,11367,12124,8200,31080,1773
1782282776,2AC,20486326.0,19653976.0,1618090.6,1440658.9,241931.8,231214.7,137482.8,194952.9,105641.1,0.0,27.8,22.7,0,23.9,33.7,960,5493,6848,8783,10939,11373,12130,8203,31096,1772
1782283074,2AC,20235080.0,19383658.0,1594802.6,1416443.6,239448.4,228567.7,136628.7,193893.8,105619.8,0.0,27.8,23.0,0,23.9,34.0,960,5490,6845,8778,10933,11369,12124,8199,31081,1772
1782283375,2AC,19871898.0,19080366.0,1580071.4,1401860.9,237327.9,227070.8,135988.5,192543.5,105597.0,0.0,27.8,23.1,0,23.9,34.2,960,5490,6844,8778,10934,11370,12124,8199,31079,1771
1782283676,2AC,19656042.0,18801128.0,1561295.5,1382163.5,236126.7,225387.1,135279.3,191774.1,105573.3,0.0,27.8,23.3,0,23.9,34.3,960,5489,6843,8777,10931,11366,12123,8197,31076,1773
1782283975,2AC,19437600.0,18570874.0,1547826.6,1371799.1,234096.5,224055.0,134596.2,190827.5,105549.2,0.0,27.8,23.4,0,23.9,34.5,960,5490,6844,8778,10933,11369,12125,8198,31082,1771
1782284276,2AC,19281272.0,18431614.0,1534459.4,1356062.0,232659.7,222313.5,134226.1,190778.0,105524.7,0.0,27.8,23.6,0,23.9,34.6,960,5492,6846,8779,10935,11370,12127,8200,31086,1772
1782284574,2AC,19082806.0,18250632.0,1523763.5,1343988.6,231436.5,221691.6,133913.5,189632.9,105500.6,0.0,27.8,23.7,0,23.9,34.7,960,5491,6845,8781,10934,11370,12128,8200,31094,1774
1782284875,2AC,18918786.0,18112474.0,1512888.0,1338423.6,230284.7,220900.6,133336.6,189250.0,105476.0,0.0,27.8,23.8,0,23.9,34.9,960,5490,6844,8779,10933,11369,12124,8198,31083,1774
1782285176,2AC,18762358.0,17975210.0,1506745.6,1326890.4,229205.3,219787.6,133081.0,188631.7,105450.8,0.0,27.8,23.9,0,23.9,35.0,960,5490,6845,8780,10933,11370,12124,8198,31082,1771
1782285474,2AC,18592058.0,17824782.0,1494715.1,1319641.9,227869.0,218501.4,132611.1,187649.2,105426.9,0.0,27.8,23.9,0,23.9,35.0,960,5490,6845,8779,10931,11368,12126,8199,31080,1774
1782285775,2AC,18466170.0,17736406.0,1486292.9,1313128.0,227248.2,217927.4,132130.5,187347.0,105402.3,0.0,27.8,24.0,0,23.9,35.2,960,5491,6846,8781,10935,11371,12126,8201,31084,1773
1782286074,2AC,18383424.0,17573520.0,1477033.0,1306044.0,226391.8,216856.0,132058.3,187260.9,105377.3,0.0,27.8,24.1,0,23.9,35.3,960,5490,6844,8778,10930,11368,12124,8198,31083,1771
1782286375,2AC,18241320.0,17537826.0,1470136.1,1297403.1,225480.4,216530.2,131845.0,186784.5,105352.3,0.0,27.8,24.1,0,23.9,35.3,960,5491,6844,8779,10933,11369,12124,8199,31080,1772
1782286676,2AC,18129728.0,17409150.0,1468116.6,1292765.0,224932.6,215463.3,130760.6,186650.8,105327.6,0.0,27.8,24.2,0,23.9,35.4,959,5489,6843,8777,10929,11365,12119,8197,31072,1770
1782286974,2AC,18021902.0,17324728.0,1451951.6,1291710.9,223958.1,214843.3,130982.3,186146.6,105302.8,0.0,27.8,24.3,0,23.9,35.5,960,5489,6843,8777,10930,11366,12119,8197,31069,1772
1782287275,2AC,17884366.0,17175768.0,1448990.5,1282820.1,223331.5,213965.7,130683.9,185863.8,105278.6,0.0,27.8,24.3,0,23.9,35.5,960,5490,6845,8779,10934,11368,12124,8199,31083,1774
1782287574,2AC,17817290.0,17091402.0,1441913.6,1280243.6,222642.6,213441.2,130282.9,185243.5,105254.2,0.0,27.8,24.4,0,23.9,35.6,960,5491,6845,8779,10932,11368,12124,8198,31078,1772
1782287875,2AC,17761924.0,17050038.0,1439932.6,1273657.0,222056.6,212294.6,130222.6,185135.2,105229.1,0.0,27.8,24.4,0,23.9,35.7,961,5493,6846,8783,10936,11371,12127,8200,31081,1771
1782288176,2AC,17665368.0,16963296.0,1432429.4,1267186.4,221174.0,211657.0,129674.6,184897.8,105204.5,0.0,27.8,24.5,0,23.9,35.7,960,5493,6846,8782,10935,11369,12128,8201,31086,1772
1782288475,2AC,17606182.0,16824600.0,1427191.5,1261591.1,220771.5,211450.5,129414.6,184676.1,105180.3,0.0,27.8,24.5,0,23.9,35.8,960,5491,6845,8780,10933,11370,12125,8198,31080,1772
1782288775,2AC,17519274.0,16756963.0,1420100.4,1258961.6,220458.0,210551.3,129565.6,184336.8,105156.3,0.0,27.7,24.6,0,23.9,35.9,960,5490,6844,8778,10932,11367,12123,8198,31075,1773
1782289074,2AC,17426690.0,16713663.0,1417342.4,1256118.1,219855.8,210224.6,129284.0,184244.6,105132.0,0.0,27.8,24.6,0,23.9,35.9,960,5492,6847,8781,10934,11371,12127,8200,31083,1771
1782289375,2AC,17394330.0,16625707.0,1416538.6,1254014.6,219350.5,209296.9,128911.9,184212.9,105107.7,0.0,27.7,24.7,0,23.9,36.0,960,5490,6843,8778,10930,11366,12122,8198,31074,1772
1782289676,2AC,17288640.0,16608353.0,1405547.5,1249208.9,218953.4,208924.3,128909.3,183329.6,105083.9,0.0,27.8,24.7,0,23.9,36.0,960,5491,6846,8780,10936,11373,12128,8200,31085,1772
1782289974,2AC,17257326.0,16539932.0,1405217.0,1242598.0,218458.1,208572.9,128747.6,183410.9,105060.6,0.0,27.8,24.7,0,23.9,36.0,960,5492,6846,8781,10937,11370,12127,8201,31086,1774
1782290275,2AC,17174690.0,16460769.0,1398509.1,1241490.1,217839.3,207990.5,128070.2,183141.6,105037.7,0.0,27.8,24.8,0,23.9,36.1,960,5489,6843,8778,10933,11366,12123,8198,31076,1771
1782290576,2AC,17126686.0,16462749.0,1393540.8,1238750.1,217524.8,207650.5,128099.0,183173.8,105014.1,0.0,27.8,24.9,0,23.9,36.2,960,5490,6843,8777,10931,11365,12122,8197,31072,1771
1782290874,2AC,17044674.0,16354755.0,1388664.5,1235501.6,216333.3,207110.8,128327.6,182724.6,104990.9,0.0,27.8,24.9,0,23.9,36.2,960,5490,6843,8777,10929,11365,12121,8196,31074,1772
1782291175,2AC,17014048.0,16315421.0,1386897.0,1229998.6,216246.0,206749.3,127989.0,182117.9,104968.1,0.0,27.8,24.9,0,23.9,36.2,960,5490,6843,8778,10931,11365,12122,8197,31073,1773
1782291473,2AC,16923350.0,16277820.0,1382605.5,1230960.4,215685.2,206981.6,127530.1,182138.4,104944.8,0.0,27.8,25.0,0,23.9,36.3,960,5491,6844,8779,10934,11369,12124,8199,31080,1774
1782291774,2AC,16876984.0,16267040.0,1378996.8,1224772.4,215567.9,206356.5,127421.0,182092.8,104921.5,0.0,27.8,25.0,0,23.9,36.4,960,5491,6843,8779,10934,11370,12125,8199,31078,1773
1782292075,2AC,16850520.0,16170955.0,1372242.6,1220366.5,214175.2,206145.3,127315.3,181963.0,104898.9,0.0,27.7,25.0,0,23.9,36.3,960,5492,6845,8781,10932,11370,12124,8199,31077,1774
1782292374,2AC,16806844.0,16119787.0,1370606.6,1218128.5,214641.2,205694.4,127373.6,181564.4,104875.8,0.0,27.7,25.1,0,23.9,36.4,960,5491,6845,8779,10933,11369,12123,8198,31073,1771
1782292675,2AC,16730364.0,16055425.0,1367652.1,1218811.6,214428.1,205280.2,127392.0,181323.9,104853.5,0.0,27.8,25.1,0,23.9,36.5,960,5491,6844,8780,10934,11370,12125,8199,31078,1772
1782292976,2AC,16694337.0,16028532.0,1366204.0,1216758.4,214198.4,204824.2,127047.1,181335.4,104830.7,0.0,27.8,25.1,0,23.9,36.5,960,5490,6844,8780,10936,11371,12125,8201,31077,1773
1782293274,2AC,16624453.0,15968735.0,1363902.6,1211264.1,213715.8,204876.0,126975.1,181069.4,104808.5,0.0,27.7,25.2,0,23.9,36.5,960,5490,6845,8780,10934,11369,12125,8200,31079,1772
1782293575,2AC,16614365.0,15966865.0,1360260.5,1210220.9,213231.3,204193.6,126700.1,181001.5,104786.7,0.0,27.7,25.2,0,23.9,36.6,961,5494,6846,8783,10938,11373,12128,8203,31096,1773
1782293873,2AC,16583388.0,15878559.0,1356001.9,1206971.5,212707.7,204087.3,126669.2,180764.9,104764.6,0.0,27.7,25.2,0,23.9,36.6,960,5491,6845,8780,10933,11367,12124,8197,31077,1773
1782294175,2AC,16551035.0,15897457.0,1356699.6,1204524.0,212558.4,203890.9,126403.3,180666.8,104743.2,0.0,27.7,25.2,0,23.9,36.6,960,5490,6843,8778,10932,11369,12123,8198,31077,1771
1782294475,2AC,16517036.0,15828723.0,1350681.1,1202541.9,212058.8,203381.6,126280.4,180425.1,104722.2,0.0,27.8,25.2,0,23.9,36.7,960,5490,6843,8779,10934,11370,12124,8200,31082,1773
1782294774,2AC,16471039.0,15803817.0,1349497.5,1198772.4,211822.9,203296.2,126595.5,180644.4,104700.4,0.0,27.8,25.3,0,23.9,36.7,960,5491,6843,8779,10932,11368,12121,8197,31075,1771
1782295075,2AC,16376267.0,15738808.0,1349183.0,1195992.6,211448.8,203003.0,126186.5,179765.2,104679.0,0.0,27.8,25.3,0,23.9,36.7,960,5490,6843,8778,10931,11368,12122,8197,31073,1771
1782295376,2AC,16368964.0,15741060.0,1345470.9,1197259.1,211258.9,202821.0,126318.4,180204.4,104657.5,0.0,27.7,25.3,0,23.9,36.8,960,5489,6841,8777,10929,11365,12120,8196,31065,1771
1782295674,2AC,16363819.0,15686553.0,1344165.4,1191613.1,211212.0,202547.7,125944.2,180331.7,104636.6,0.0,27.8,25.4,0,23.9,36.8,960,5490,6843,8777,10932,11367,12121,8197,31071,1771
1782295975,2AC,16304996.0,15653237.0,1340637.5,1192385.1,210544.4,202276.9,125931.4,180140.0,104615.2,0.0,27.8,25.4,0,23.9,36.8,960,5491,6845,8781,10935,11373,12127,8200,31088,1772
1782296276,2AC,16272516.0,15606671.0,1336653.5,1190640.5,210480.5,202205.9,125645.8,178929.5,104594.0,0.0,27.7,25.4,0,23.9,36.9,960,5490,6842,8778,10932,11367,12123,8199,31078,1772
1782296574,2AC,16248953.0,15536724.0,1337837.0,1187425.9,210309.5,201865.9,125669.2,179559.3,104573.6,0.0,27.8,25.4,0,23.9,36.9,960,5491,6845,8780,10935,11369,12126,8200,31079,1773
1782296875,2AC,16187701.0,15552712.0,1332357.5,1185192.5,209796.0,201838.1,125753.4,179249.9,104552.7,0.0,27.7,25.5,0,23.9,36.9,960,5491,6845,8780,10935,11372,12125,8200,31083,1774
1782297176,2AC,16190379.0,15543704.0,1329741.6,1184046.1,209739.3,201286.2,125531.3,179298.0,104533.4,0.0,27.7,25.5,0,23.9,37.0,960,5491,6844,8780,10931,11369,12124,8199,31080,1771
1782297474,2AC,16110205.0,15476121.0,1329794.2,1181591.1,209441.8,201064.2,125535.8,179178.3,104512.7,0.0,27.7,25.5,0,23.9,37.0,960,5491,6845,8778,10935,11370,12125,8199,31078,1773
1782297775,2AC,16028667.0,15449629.0,1327707.6,1177611.5,209741.8,200962.3,124816.7,178393.6,104492.6,0.0,27.7,25.5,0,23.9,37.0,960,5490,6843,8780,10932,11368,12123,8199,31077,1774
1782298074,2AC,16075352.0,15427861.0,1326900.4,1182684.5,209163.9,201121.4,125069.2,178858.1,104472.5,0.0,27.8,25.6,0,23.9,37.0,960,5492,6845,8782,10935,11372,12126,8200,31087,1771
1782298375,2AC,16020677.0,15351495.0,1322398.6,1178755.4,208862.4,200795.0,124785.2,178622.1,104452.0,0.0,27.7,25.6,0,23.9,37.0,960,5492,6846,8782,10939,11373,12128,8203,31092,1773
1782298676,2AC,16011280.0,15370973.0,1322133.4,1177048.5,208714.1,200775.4,124860.9,178566.4,104432.0,0.0,27.8,25.6,0,23.9,37.1,960,5491,6844,8780,10934,11368,12123,8198,31078,1771
1782298974,2AC,15977777.0,15332695.0,1320143.9,1173932.0,208565.8,200413.6,124929.2,178307.7,104412.9,0.0,27.7,25.6,0,23.9,37.1,960,5492,6845,8780,10935,11370,12126,8199,31086,1773
1782299275,2AC,15936864.0,15291649.0,1313148.0,1175246.1,208427.1,200434.6,125000.2,178632.2,104393.3,0.0,27.7,25.6,0,23.9,37.2,960,5489,6843,8778,10930,11366,12122,8197,31069,1773
1782299574,2AC,15956491.0,15312909.0,1319894.0,1172867.5,208149.9,200101.2,124845.2,177735.4,104373.9,0.0,27.8,25.7,0,23.9,37.2,960,5491,6846,8781,10933,11369,12126,8199,31085,1773
1782299875,2AC,15880335.0,15250623.0,1309014.0,1173104.4,208194.7,200028.5,124589.9,177537.0,104354.6,0.0,27.8,25.7,0,23.9,37.2,960,5490,6844,8779,10934,11368,12124,8197,31078,1771
1782300176,2AC,15916019.0,15216681.0,1312002.9,1168390.6,207777.1,199748.2,124813.1,177463.8,104334.6,0.0,27.8,25.7,0,23.9,37.2,960,5492,6845,8781,10936,11371,12126,8200,31085,1772
1782300474,2AC,15816032.0,15251327.0,1308556.0,1168273.9,207703.2,199832.0,124876.1,177322.5,104315.0,0.0,27.7,25.7,0,23.9,37.2,960,5492,6845,8779,10936,11371,12129,8200,31080,1773
1782300775,2AC,15830141.0,15194801.0,1308861.4,1167658.5,207720.8,199689.0,124608.2,176953.0,104296.0,0.0,27.7,25.7,0,23.9,37.3,960,5492,6846,8779,10936,11373,12127,8200,31090,1772
1782301076,2AC,15786647.0,15143680.0,1307165.0,1165221.9,206811.8,199137.2,124357.8,176561.3,104277.8,0.0,27.7,25.8,0,23.9,37.3,961,5492,6845,8780,10935,11370,12125,8198,31078,1771
1782301374,2AC,15784805.0,15118788.0,1302109.1,1163553.9,206695.3,199144.6,124271.6,176953.2,104261.1,0.0,27.7,25.8,0,23.9,37.3,960,5492,6846,8781,10935,11370,12126,8199,31082,1772
1782301675,2AC,15729269.0,15076176.0,1300196.8,1161433.6,207177.5,198965.6,124361.8,177512.0,104243.7,0.0,27.7,25.8,0,23.9,37.3,960,5492,6846,8782,10936,11372,12126,8200,31081,1772
1782301976,2AC,15737125.0,15090764.0,1300406.1,1163987.5,206828.1,198867.8,124469.1,177016.8,104225.0,0.0,27.8,25.8,0,23.9,37.4,961,5492,6845,8781,10934,11372,12126,8199,31081,1772
1782302274,2AC,15704957.0,15044300.0,1299248.0,1161360.4,206434.5,198916.6,124083.2,177150.0,104206.4,0.0,27.8,25.8,0,23.9,37.4,960,5491,6846,8781,10936,11371,12127,8200,31085,1772
1782302575,2AC,15720340.0,15047260.0,1297810.8,1160360.1,206347.6,198481.6,124162.0,176636.1,104189.0,0.0,27.7,25.8,0,23.9,37.4,960,5491,6844,8779,10933,11369,12126,8200,31082,1771
1782302876,2AC,15679717.0,15039492.0,1297183.6,1159614.6,206033.0,198455.2,123915.1,176793.2,104171.4,0.0,27.8,25.9,0,23.9,37.4,960,5489,6843,8777,10928,11364,12121,8196,31070,1773
1782303174,2AC,15689700.0,15031260.0,1296366.9,1158415.1,205965.7,198475.1,123626.2,176913.6,104154.0,0.0,27.8,25.9,0,23.9,37.5,960,5489,6843,8776,10930,11367,12122,8196,31072,1771
1782303475,2AC,15592409.0,14971777.0,1294168.9,1153420.4,205991.0,197912.7,124070.7,176555.4,104136.5,0.0,27.8,25.9,0,23.9,37.5,960,5491,6844,8779,10931,11368,12123,8197,31071,1771
1782303776,2AC,15629755.0,14998337.0,1293743.6,1156224.1,205593.6,198231.5,123916.3,176620.2,104118.9,0.0,27.8,25.9,0,23.9,37.5,960,5490,6844,8778,10930,11365,12121,8196,31070,1771
1782304074,2AC,15634557.0,14978003.0,1292891.9,1155329.0,205251.3,197905.4,123760.0,176392.5,104101.8,0.0,27.7,25.9,0,23.9,37.5,960,5490,6845,8779,10934,11369,12125,8200,31078,1772
1782304375,2AC,15591328.0,14938620.0,1292325.0,1154652.4,205580.1,197867.5,123618.2,176245.2,104084.8,0.0,27.8,26.0,0,23.9,37.5,960,5489,6843,8778,10929,11365,12120,8194,31070,1772
1782304676,2AC,15569885.0,14944412.0,1289843.0,1154100.1,205202.3,197511.9,123774.6,176741.0,104068.3,0.0,27.8,26.0,0,23.9,37.6,960,5491,6845,8780,10933,11370,12125,8196,31083,1773
1782304975,2AC,15547275.0,14915336.0,1289371.1,1152584.6,205122.9,197455.7,123460.3,176113.4,104052.6,0.0,27.8,26.0,0,23.9,37.6,960,5491,6845,8779,10935,11370,12125,8199,31078,1771
1782305276,2AC,15520901.0,14889219.0,1288764.9,1152325.4,204825.3,197428.6,123619.6,175780.2,104036.4,0.0,27.8,26.0,0,23.9,37.6,960,5491,6845,8780,10935,11370,12127,8199,31082,1772
1782305574,2AC,15487681.0,14854288.0,1284878.6,1147617.9,204538.7,197598.5,123824.3,176032.3,104019.9,0.0,27.8,26.0,0,23.9,37.6,960,5490,6844,8779,10934,11369,12126,8199,31080,1773
1782305875,2AC,15459057.0,14846183.0,1284155.6,1145603.0,204743.9,197561.5,123577.1,175447.6,104002.7,0.0,27.8,26.0,0,23.9,37.6,960,5490,6844,8780,10930,11366,12121,8197,31072,1771
1782306176,2AC,15444645.0,14812875.0,1282098.5,1146933.5,204561.7,196877.9,123486.7,175432.1,103985.5,0.0,27.8,26.1,0,23.9,37.7,960,5492,6844,8780,10935,11371,12125,8199,31080,1771
1782306474,2AC,15468029.0,14818248.0,1283833.4,1146308.9,204618.2,196949.8,123341.2,175859.1,103968.4,0.0,27.8,26.1,0,23.9,37.7,960,5491,6844,8780,10933,11372,12126,8200,31082,1773
1782306776,2AC,15413968.0,14799412.0,1284126.1,1145413.1,204175.6,196719.6,123455.5,175417.6,103951.9,0.0,27.8,26.1,0,23.9,37.7,960,5491,6844,8780,10931,11369,12123,8196,31074,1771
1782307074,2AC,15423129.0,14776083.0,1280346.9,1145769.6,204410.7,196665.8,123027.5,175080.8,103935.1,0.0,27.8,26.1,0,23.9,37.7,960,5491,6843,8777,10930,11367,12122,8196,31072,1771
1782307375,2AC,15404540.0,14746904.0,1277522.4,1144027.9,204376.6,197054.8,123344.7,175389.6,103917.2,0.0,27.8,26.1,0,23.9,37.7,960,5490,6844,8778,10933,11367,12123,8197,31078,1772
1782307676,2AC,15385689.0,14718265.0,1281261.4,1141379.1,204193.3,196926.8,123004.3,175254.5,103900.8,0.0,27.8,26.1,0,23.9,37.8,960,5489,6843,8778,10930,11368,12120,8195,31066,1773
1782307974,2AC,15397959.0,14753212.0,1280463.6,1144034.9,204216.7,196876.2,123069.4,175127.1,103884.5,0.0,27.8,26.1,0,23.9,37.8,960,5491,6846,8780,10934,11369,12124,8198,31084,1771
1782308275,2AC,15370220.0,14756871.0,1275225.6,1143915.0,203911.7,196675.4,122804.5,175650.8,103867.7,0.0,27.7,26.2,0,23.9,37.8,960,5491,6845,8779,10935,11369,12126,8198,31080,1772
1782308576,2AC,15321731.0,14724320.0,1276749.9,1139546.4,204154.2,196315.4,123116.5,175301.9,103851.2,0.0,27.8,26.2,0,23.9,37.8,960,5491,6844,8779,10931,11367,12125,8197,31079,1772
1782308874,2AC,15345307.0,14730267.0,1276360.0,1139664.4,203767.2,196729.9,122934.4,175358.4,103835.3,0.0,27.8,26.2,0,23.9,37.8,960,5491,6846,8781,10935,11369,12126,8199,31080,1774
1782309175,2AC,15316932.0,14699212.0,1276825.4,1140431.0,203845.0,196448.4,123165.9,174935.2,103819.3,0.0,27.8,26.2,0,23.9,37.8,961,5492,6846,8783,10936,11372,12129,8201,31089,1774
1782309474,2AC,15327741.0,14656277.0,1275564.4,1142028.1,203876.8,196511.4,122960.8,175577.0,103803.8,0.0,27.7,26.2,0,23.9,37.9,960,5490,6843,8779,10931,11367,12124,8198,31078,1772
1782309775,2AC,15295440.0,14659577.0,1275793.9,1140322.0,203896.6,196335.5,123050.7,175109.6,103787.7,0.0,27.7,26.2,0,23.9,37.9,960,5490,6845,8780,10935,11369,12127,8198,31077,1774
1782310076,2AC,15285961.0,14694777.0,1275169.1,1141265.6,203468.3,196497.9,122951.9,174740.0,103769.5,0.0,27.7,26.3,0,23.9,37.9,960,5491,6844,8779,10935,11369,12126,8199,31079,1773
1782310374,2AC,15319875.0,14629053.0,1274127.0,1140870.4,203747.1,196507.2,122559.1,174897.0,103753.2,0.0,27.7,26.3,0,23.9,37.9,960,5491,6845,8780,10934,11368,12124,8199,31080,1774
1782310675,2AC,15289023.0,14648337.0,1270300.1,1135643.0,203753.8,196251.8,122902.6,174636.5,103736.3,0.0,27.7,26.3,0,23.9,37.9,960,5491,6846,8781,10934,11369,12125,8199,31079,1774
1782310976,2AC,15297909.0,14657484.0,1272659.5,1138572.4,203655.9,196157.2,122627.4,175132.5,103719.5,0.0,27.7,26.3,0,23.9,37.9,960,5491,6844,8780,10936,11372,12126,8200,31081,1774
1782311274,2AC,15310101.0,14628955.0,1274632.5,1139828.4,203512.4,196256.6,123125.8,175059.8,103702.7,0.0,27.7,26.3,0,23.9,37.9,960,5489,6844,8779,10933,11367,12124,8197,31077,1771
1782311575,2AC,15240592.0,14617055.0,1270548.6,1138202.9,203650.6,196447.7,122449.1,174893.2,103685.8,0.0,27.7,26.3,0,23.9,38.0,960,5488,6844,8778,10930,11366,12120,8196,31066,1771
1782311876,2AC,15249485.0,14605355.0,1272148.4,1137905.4,203590.8,196312.9,122592.5,174725.2,103669.3,0.0,27.7,26.3,0,23.9,38.0,960,5487,6842,8776,10931,11366,12123,8196,31072,1771
1782312174,2AC,15275991.0,14626875.0,1270978.6,1135676.0,203895.2,196174.0,122795.3,174697.5,103653.2,0.0,27.7,26.3,0,23.8,38.0,960,5490,6842,8778,10932,11367,12123,8196,31075,1771
1782312475,2AC,15235339.0,14589011.0,1269484.9,1136007.4,203765.3,196079.2,122728.5,174640.4,103637.3,0.0,27.7,26.4,0,23.8,38.0,960,5489,6843,8778,10930,11366,12121,8195,31071,1771
1782312776,2AC,15279605.0,14611693.0,1270698.1,1137969.5,203622.6,196222.8,122539.3,174836.9,103621.9,0.0,27.7,26.4,0,23.8,38.0,960,5489,6842,8776,10929,11365,12122,8195,31068,1771
1782313074,2AC,15245433.0,14574524.0,1273094.6,1138241.0,203929.4,196145.3,122807.4,174482.5,103606.6,0.0,27.7,26.4,0,23.8,38.1,960,5490,6845,8780,10936,11369,12125,8198,31083,1773
1782313375,2AC,15237575.0,14620496.0,1268720.4,1136609.0,203952.1,196026.1,122456.3,174674.5,103591.2,0.0,27.7,26.4,0,23.8,38.0,960,5490,6843,8778,10933,11367,12124,8197,31073,1774
1782313674,2AC,15224415.0,14619084.0,1272770.9,1138651.4,203685.9,195908.7,122670.8,174774.0,103574.6,0.0,27.7,26.4,0,23.8,38.1,960,5489,6843,8779,10933,11367,12123,8198,31072,1771
1782313975,2AC,15197677.0,14569948.0,1270741.4,1134450.4,203611.8,196140.0,122474.8,174958.0,103559.2,0.0,27.7,26.4,0,23.8,38.1,960,5489,6843,8778,10932,11367,12124,8197,31071,1772
1782314276,2AC,15247276.0,14595817.0,1270447.4,1135801.4,203502.0,196370.8,122556.9,174595.9,103542.8,0.0,27.7,26.5,0,23.8,38.1,960,5491,6843,8780,10931,11368,12124,8198,31074,1771
1782314574,2AC,15215119.0,14594296.0,1265468.1,1138306.1,203599.1,196241.8,122735.3,174522.9,103527.9,0.0,27.7,26.4,0,23.8,38.1,960,5489,6842,8778,10933,11367,12124,8197,31074,1772
1782314875,2AC,15259720.0,14588533.0,1271782.6,1136021.1,203749.7,196183.2,122951.8,174814.5,103512.6,0.0,27.7,26.5,0,23.8,38.1,960,5490,6843,8779,10934,11369,12124,8199,31072,1771
1782315176,2AC,15198956.0,14544881.0,1270681.9,1136045.8,203826.3,196209.2,122549.4,174830.5,103498.3,0.0,27.7,26.5,0,23.8,38.1,960,5489,6841,8777,10928,11364,12119,8194,31061,1771
1782315474,2AC,15201872.0,14514332.0,1268481.1,1134675.0,203578.0,195853.9,122541.7,174452.5,103483.4,0.0,27.7,26.5,0,23.8,38.2,960,5490,6842,8778,10933,11367,12122,8197,31074,1772
1782315775,2AC,15181357.0,14574652.0,1270639.1,1136927.1,203643.2,196199.6,122628.0,174428.0,103467.9,0.0,27.7,26.5,0,23.8,38.2,960,5490,6842,8780,10935,11371,12125,8199,31078,1774
1782316076,2AC,15187163.0,14546140.0,1267621.6,1133134.6,203963.0,196039.0,122613.3,175047.1,103454.0,0.0,27.7,26.5,0,23.8,38.2,960,5490,6842,8779,10934,11369,12125,8198,31078,1774
1782316374,2AC,15129085.0,14555075.0,1267560.4,1136535.2,203998.0,196137.7,122592.4,174804.4,103441.2,0.0,27.7,26.5,0,23.8,38.2,960,5489,6841,8779,10934,11367,12124,8198,31077,1771
1782316675,2AC,15221819.0,14598324.0,1268806.9,1135316.1,203930.9,196210.6,122328.2,174988.2,103426.9,0.0,27.7,26.5,0,23.8,38.2,960,5489,6840,8777,10931,11367,12121,8196,31067,1771
1782316976,2AC,15168139.0,14486943.0,1268307.4,1134723.0,203787.9,195769.0,122406.1,174480.5,103413.3,0.0,27.6,26.5,0,23.8,38.2,960,5489,6842,8779,10933,11368,12123,8197,31069,1771
1782317274,2AC,15178883.0,14516091.0,1266807.6,1132532.1,203696.2,196157.4,122408.4,174467.6,103400.4,0.0,27.6,26.5,0,23.8,38.3,960,5490,6842,8780,10934,11368,12124,8197,31074,1773
1782317575,2AC,15208872.0,14548783.0,1269127.4,1135122.1,203872.7,195883.8,122757.3,174813.9,103390.4,0.0,27.7,26.6,0,23.8,38.2,960,5489,6843,8779,10933,11367,12123,8197,31068,1774
1782317874,2AC,15130521.0,14490856.0,1268146.5,1132172.1,203290.6,196308.7,122452.2,174079.1,103384.3,0.0,27.7,26.6,0,23.8,38.3,960,5491,6844,8783,10935,11370,12125,8199,31075,1772
1782318175,2AC,15088047.0,14461401.0,1264959.6,1133142.1,203280.8,195786.9,122153.4,174494.4,103378.9,0.0,27.7,26.6,0,23.8,38.3,960,5489,6842,8779,10933,11367,12124,8197,31071,1773
1782318476,2AC,15135512.0,14468537.0,1264290.6,1133330.5,203094.0,195770.5,122042.7,174302.7,103374.7,0.0,27.7,26.6,0,23.8,38.3,960,5491,6844,8782,10933,11370,12126,8198,31078,1771
1782318774,2AC,15098647.0,14459212.0,1264240.5,1129837.0,203098.3,195391.2,122368.6,174042.1,103370.6,0.0,27.7,26.6,0,23.8,38.3,960,5489,6841,8777,10930,11367,12121,8196,31069,1773
1782319075,2AC,15085528.0,14460976.0,1263902.6,1126161.9,202681.0,195356.1,122349.2,174244.8,103367.6,0.0,27.8,26.6,0,23.9,38.3,960,5490,6844,8780,10934,11371,12125,8199,31083,1774
1782319374,2AC,15029532.0,14412084.0,1257805.5,1125638.9,202714.1,195103.6,121614.3,173682.0,103364.4,0.0,27.8,26.6,0,23.9,38.3,960,5489,6843,8778,10930,11367,12121,8196,31072,1771
1782319675,2AC,15023369.0,14340872.0,1256784.0,1125146.1,202532.5,195108.1,121701.8,173850.7,103361.3,0.0,27.8,26.6,0,23.9,38.3,960,5489,6843,8777,10929,11364,12120,8195,31070,1771
1782319976,2AC,15006725.0,14319872.0,1252532.5,1123369.1,202226.4,194444.8,122041.0,173570.1,103357.4,0.0,27.8,26.6,0,23.9,38.3,960,5490,6844,8777,10931,11367,12124,8197,31074,1771
1782320274,2AC,14967645.0,14289857.0,1253727.6,1123430.9,202047.9,194496.1,121833.7,173335.7,103354.5,0.0,27.8,26.7,0,24.0,38.4,960,5491,6847,8781,10935,11369,12126,8200,31085,1772
1782320575,2AC,14960631.0,14321629.0,1251294.5,1119823.0,201490.0,193960.1,121514.6,173005.6,103350.7,0.0,27.9,26.6,0,24.0,38.4,961,5492,6847,8781,10936,11372,12128,8201,31088,1773
1782320876,2AC,14912684.0,14241247.0,1250921.5,1116955.0,201253.5,193795.4,121380.1,173150.0,103347.1,0.0,27.9,26.7,0,24.0,38.4,960,5490,6845,8779,10931,11366,12123,8197,31078,1772
1782321174,2AC,14892635.0,14205236.0,1246426.0,1116501.5,201225.2,193646.0,121685.1,172621.2,103343.3,0.0,27.9,26.6,0,24.0,38.4,961,5491,6846,8780,10933,11370,12124,8199,31078,1773
1782321475,2AC,14828519.0,14176361.0,1244296.1,1113296.4,200344.3,193546.2,121224.9,172658.0,103339.1,0.0,27.9,26.7,0,24.1,38.4,960,5491,6846,8777,10930,11367,12121,8196,31075,1771
1782321776,2AC,14789448.0,14185849.0,1242041.0,1110394.9,200626.3,193000.1,120964.5,172725.1,103333.6,0.0,28.0,26.7,0,24.1,38.4,960,5492,6847,8778,10933,11368,12123,8197,31076,1771
1782322074,2AC,14764513.0,14148992.0,1240222.1,1113340.6,200070.0,193022.8,120916.7,172399.9,103329.7,0.0,28.0,26.7,0,24.1,38.4,960,5491,6847,8779,10932,11368,12124,8198,31077,1771
1782322375,2AC,14717937.0,14114808.0,1235682.6,1108693.5,200186.2,192949.5,120868.5,172643.2,103324.1,0.0,28.0,26.7,0,24.1,38.4,960,5492,6847,8777,10932,11367,12122,8196,31073,1771
1782322676,2AC,14707153.0,14026029.0,1238262.5,1106912.1,199495.2,192747.9,120872.0,172138.0,103320.2,0.0,28.0,26.7,0,24.1,38.5,960,5491,6847,8776,10932,11368,12122,8197,31079,1771
1782322974,2AC,14718760.0,14099351.0,1236664.1,1105076.4,199822.4,192574.0,120758.7,172122.7,103315.5,0.0,28.0,26.7,0,24.2,38.5,960,5492,6848,8778,10933,11369,12125,8198,31084,1771
1782323275,2AC,14683427.0,14027603.0,1233836.1,1105338.1,199552.5,192362.9,120697.6,171881.6,103311.3,0.0,28.1,26.7,0,24.2,38.5,960,5491,6847,8777,10930,11367,12122,8196,31071,1770
1782323576,2AC,14636309.0,14017399.0,1233411.4,1104255.1,199017.0,192250.6,120257.1,171554.0,103306.9,0.0,28.1,26.7,0,24.2,38.5,961,5492,6849,8779,10932,11368,12122,8197,31084,1771
1782323874,2AC,14611688.0,14034999.0,1231324.1,1101466.9,199069.8,191794.1,120266.8,171503.2,103302.3,0.0,28.1,26.8,0,24.2,38.5,961,5492,6848,8778,10932,11369,12124,8197,31079,1770
1782324175,2AC,14572949.0,13968825.0,1225881.4,1100686.5,198658.0,191712.2,119898.7,171433.3,103297.0,0.0,28.1,26.7,0,24.2,38.5,960,5493,6850,8780,10934,11369,12124,8199,31086,1770
1782324475,2AC,14502035.0,13904113.0,1225753.5,1097975.2,198577.7,191670.0,120048.7,171466.9,103291.6,0.0,28.1,26.8,0,24.3,38.5,960,5491,6849,8778,10931,11367,12124,8198,31079,1773
1782324776,2AC,14548973.0,13918296.0,1225470.5,1095420.0,198132.0,191533.7,119846.8,171029.7,103285.8,0.0,28.2,26.8,0,24.3,38.6,960,5493,6850,8779,10932,11370,12124,8199,31084,1771
1782325074,2AC,14528621.0,13888675.0,1226414.4,1096059.1,198162.2,191355.5,119769.8,171074.3,103279.8,0.0,28.2,26.8,0,24.3,38.6,961,5493,6851,8780,10933,11369,12125,8198,31086,1773
1782325375,2AC,14458040.0,13856236.0,1222245.9,1094817.9,197810.0,191411.9,119636.8,170790.8,103273.5,0.0,28.2,26.8,0,24.3,38.6,961,5494,6851,8780,10934,11371,12127,8201,31089,1773
1782325673,2AC,14469959.0,13809253.0,1219488.4,1094585.9,197841.4,191108.4,119447.8,170872.6,103266.0,0.0,28.2,26.8,0,24.3,38.6,961,5493,6850,8778,10930,11367,12122,8197,31076,1772
1782325974,2AC,14407419.0,13811307.0,1218340.8,1092823.0,197725.9,190542.6,119331.0,170571.4,103258.4,0.0,28.2,26.8,0,24.4,38.6,960,5492,6849,8777,10928,11367,12123,8197,31075,1773
1782326276,2AC,14419400.0,13800008.0,1220033.1,1089645.1,197658.8,190847.7,119578.8,170547.0,103248.9,0.0,28.2,26.8,0,24.4,38.6,960,5493,6851,8778,10931,11368,12123,8198,31079,1770
1782326574,2AC,14373480.0,13813491.0,1218184.1,1091697.6,197595.4,190505.8,119323.1,170709.8,103243.2,0.0,28.3,26.8,0,24.4,38.6,960,5493,6850,8778,10931,11369,12124,8197,31078,1770
1782326875,2AC,14370501.0,13781832.0,1214984.5,1089069.8,197293.2,190085.3,119417.7,170473.3,103235.2,0.0,28.3,26.8,0,24.4,38.6,961,5492,6850,8776,10928,11365,12120,8196,31067,1770
1782327176,2AC,14338409.0,13714011.0,1215551.6,1089383.6,197384.7,190163.6,119027.4,170285.8,103227.3,0.0,28.3,26.9,0,24.4,38.6,961,5494,6852,8780,10931,11370,12124,8198,31084,1770
1782327474,2AC,14352899.0,13731156.0,1214952.1,1087999.4,197149.5,190245.2,119223.9,170315.4,103220.8,0.0,28.3,26.9,0,24.4,38.7,961,5495,6853,8781,10933,11371,12126,8198,31087,1770
1782327775,2AC,14326608.0,13695444.0,1214818.0,1087086.5,197087.8,190130.8,118999.2,169860.8,103214.0,0.0,28.3,26.9,0,24.4,38.7,961,5495,6853,8781,10931,11368,12123,8198,31076,1770
1782328076,2AC,14318871.0,13699964.0,1210713.6,1085097.9,196896.6,190053.1,119018.6,169858.7,103207.1,0.0,28.3,26.9,0,24.5,38.7,961,5495,6855,8782,10935,11372,12129,8201,31096,1772
1782328374,2AC,14254767.0,13707705.0,1211835.0,1086968.1,197001.4,189942.4,119038.2,169676.6,103199.0,0.0,28.3,26.9,0,24.5,38.7,961,5494,6853,8779,10932,11371,12126,8199,31086,1771
1782328675,2AC,14279961.0,13699567.0,1211245.5,1085901.5,196653.0,189574.1,118862.1,169749.4,103191.5,0.0,28.3,26.9,0,24.5,38.7,961,5495,6854,8780,10933,11371,12126,8198,31084,1771
1782328976,2AC,14227755.0,13629351.0,1208946.0,1084534.4,196581.1,189411.0,118749.4,169587.5,103184.1,0.0,28.4,26.9,0,24.5,38.7,962,5495,6854,8780,10932,11373,12125,8199,31083,1770
1782329274,2AC,14215881.0,13624608.0,1209321.9,1083741.5,196357.2,189257.5,118725.5,169427.4,103176.6,0.0,28.4,26.9,0,24.5,38.7,960,5492,6852,8775,10928,11368,12122,8196,31074,1769
1782329575,2AC,14230784.0,13629060.0,1204817.1,1079769.9,196265.0,189252.2,118749.8,169314.5,103168.3,0.0,28.4,26.9,0,24.5,38.8,961,5493,6851,8777,10929,11367,12121,8196,31078,1770
1782329876,2AC,14202080.0,13586351.0,1206467.6,1081603.4,196191.3,189293.0,118595.2,169616.3,103159.2,0.0,28.4,26.9,0,24.5,38.8,961,5493,6853,8778,10931,11369,12124,8199,31081,1770
1782330174,2AC,14218597.0,13580163.0,1205094.0,1081012.9,196262.2,189144.8,118689.3,169217.0,103151.4,0.0,28.4,26.9,0,24.5,38.8,961,5495,6855,8780,10932,11370,12126,8199,31084,1770
1782330475,2AC,14156775.0,13527076.0,1204925.1,1078982.6,195908.9,189019.3,118491.9,169028.8,103142.9,0.0,28.4,27.0,0,24.6,38.8,961,5495,6854,8780,10930,11369,12124,8199,31082,1770
1782330776,2AC,14153204.0,13567509.0,1202566.1,1077972.8,195933.9,188980.9,118475.8,168961.6,103134.1,0.0,28.4,27.0,0,24.6,38.8,961,5496,6855,8781,10935,11374,12130,8202,31097,1770
1782331074,2AC,14095404.0,13530065.0,1203368.0,1077581.0,196040.9,188942.4,118359.1,169086.8,103123.7,0.0,28.4,27.0,0,24.6,38.8,961,5495,6855,8779,10932,11370,12125,8199,31086,1770
1782331375,2AC,14082897.0,13564429.0,1203930.6,1076382.6,195741.6,188394.4,118383.1,169137.1,103114.9,0.0,28.4,27.0,0,24.6,38.8,961,5496,6856,8780,10931,11372,12126,8199,31091,1770
1782331675,2AC,14099507.0,13513497.0,1201948.1,1076149.1,195817.2,189055.6,118310.4,168898.2,103104.5,0.0,28.4,27.0,0,24.6,38.8,961,5496,6853,8779,10931,11369,12125,8198,31082,1772
1782331973,2AC,14105951.0,13505273.0,1200173.9,1075339.9,195569.1,188831.1,118385.0,168872.6,103096.5,0.0,28.4,27.0,0,24.6,38.8,961,5496,6856,8781,10933,11373,12127,8200,31086,1773
1782332274,2AC,14092264.0,13523443.0,1200300.0,1075885.5,195689.3,188450.2,118261.6,168726.2,103088.0,0.0,28.4,27.0,0,24.6,38.8,961,5497,6858,8782,10934,11374,12129,8202,31100,1772
1782332575,2AC,14050711.0,13489517.0,1200628.6,1074371.5,195445.5,188418.6,118144.1,168488.7,103079.3,0.0,28.5,27.0,0,24.6,38.9,961,5497,6857,8781,10933,11373,12128,8201,31095,1772
1782332876,2AC,14072099.0,13465989.0,1197461.1,1075738.9,195427.6,188594.6,118046.6,168490.0,103069.8,0.0,28.5,27.1,0,24.6,38.9,961,5497,6858,8783,10935,11374,12132,8201,31098,1771
1782333174,2AC,14021593.0,13474376.0,1199657.9,1073932.9,195453.3,188291.4,118102.0,168467.2,103059.8,0.0,28.5,27.1,0,24.6,38.9,961,5495,6854,8777,10931,11368,12124,8197,31084,1771
1782333475,2AC,14070193.0,13476393.0,1199171.9,1075420.9,195257.7,188699.1,118369.3,168568.7,103049.4,0.0,28.5,27.0,0,24.6,38.9,961,5496,6855,8778,10934,11371,12125,8198,31086,1771
1782333776,2AC,14085276.0,13486399.0,1199144.2,1075371.6,195591.6,188926.4,117930.8,168528.0,103039.3,0.0,28.5,27.1,0,24.6,38.9,961,5495,6856,8779,10934,11372,12127,8199,31089,1770
1782334074,2AC,14051744.0,13479199.0,1197814.9,1074320.9,195607.2,188804.9,118035.4,168607.4,103030.5,0.0,28.5,27.1,0,24.6,38.9,961,5495,6855,8779,10932,11372,12125,8199,31085,1769
1782334375,2AC,14065032.0,13460509.0,1196979.0,1073586.8,195582.2,188403.1,118116.7,168303.8,103021.2,0.0,28.5,27.1,0,24.6,38.9,961,5496,6857,8781,10935,11373,12129,8201,31095,1771
1782334676,2AC,13967883.0,13476975.0,1197910.1,1073932.9,195623.4,188596.2,117813.5,168522.0,103012.4,0.0,28.5,27.1,0,24.6,38.9,962,5498,6857,8783,10937,11375,12130,8202,31099,1771
1782334974,2AC,14025323.0,13412625.0,1196951.9,1071534.4,195341.7,188379.5,118001.9,168573.7,103002.1,0.0,28.5,27.1,0,24.7,38.9,961,5496,6855,8779,10931,11369,12124,8197,31083,1771
1782335275,2AC,13981965.0,13404031.0,1196945.9,1075145.5,195322.5,188121.3,117760.3,168159.3,102993.4,0.0,28.5,27.1,0,24.6,39.0,961,5496,6856,8779,10933,11371,12126,8199,31088,1772
1782335573,2AC,13975060.0,13416641.0,1195315.9,1073000.5,195258.9,188459.9,118004.4,167920.3,102984.9,0.0,28.5,27.1,0,24.7,39.0,960,5494,6855,8778,10932,11369,12126,8199,31085,1772
1782335875,2AC,13985905.0,13440684.0,1194860.9,1070585.2,195457.6,188203.3,117832.6,167851.3,102976.7,0.0,28.5,27.1,0,24.7,39.0,961,5495,6856,8779,10929,11368,12124,8197,31084,1769
1782336176,2AC,13996705.0,13427572.0,1195308.4,1070561.6,195320.7,188722.7,117737.8,167958.8,102968.3,0.0,28.5,27.1,0,24.7,39.0,961,5495,6857,8778,10933,11372,12124,8198,31086,1771
1782336474,2AC,13982223.0,13402049.0,1195092.4,1070064.2,195185.8,187960.4,117793.6,167637.3,102958.9,0.0,28.5,27.2,0,24.7,39.0,961,5494,6855,8777,10930,11368,12125,8198,31081,1772
1782336775,2AC,13949920.0,13397537.0,1194848.5,1071293.8,195260.6,188123.8,117706.3,167563.1,102949.5,0.0,28.6,27.1,0,24.7,39.0,961,5496,6857,8780,10932,11371,12125,8198,31087,1769
1782337076,2AC,13943767.0,13372811.0,1193548.0,1069073.6,195099.8,188026.1,117895.6,167432.4,102940.1,0.0,28.6,27.2,0,24.7,39.0,961,5496,6856,8780,10931,11370,12123,8198,31084,1769
1782337374,2AC,13956007.0,13377532.0,1194503.2,1070941.6,194795.6,188365.4,117548.1,167722.3,102931.1,0.0,28.6,27.2,0,24.7,39.0,961,5496,6856,8778,10932,11371,12124,8199,31091,1769
1782337675,2AC,13945944.0,13422133.0,1192358.0,1070082.4,195112.3,188291.9,117623.3,167561.9,102921.5,0.0,28.6,27.2,0,24.7,39.1,961,5495,6856,8779,10932,11370,12125,8198,31084,1770
1782337976,2AC,13910300.0,13367456.0,1193396.5,1068091.9,195052.0,188304.8,117486.4,167689.9,102912.5,0.0,28.6,27.2,0,24.7,39.1,961,5497,6858,8779,10933,11372,12127,8198,31092,1770
1782338274,2AC,13955321.0,13385187.0,1190305.4,1068472.6,195255.6,188336.5,117713.1,166976.2,102902.4,0.0,28.6,27.2,0,24.7,39.1,961,5496,6855,8776,10931,11369,12125,8198,31082,1770
1782338575,2AC,13910708.0,13347761.0,1191596.6,1068795.9,194854.2,187787.9,117513.3,167496.1,102892.9,0.0,28.6,27.2,0,24.7,39.1,961,5497,6857,8778,10931,11373,12126,8198,31090,1772
1782338876,2AC,13895269.0,13319805.0,1194213.0,1068494.9,195337.4,187992.1,117463.0,167098.0,102883.6,0.0,28.6,27.2,0,24.7,39.1,961,5496,6857,8779,10931,11369,12125,8198,31085,1772
1782339175,2AC,13931468.0,13324315.0,1191529.5,1068625.8,194600.3,188277.8,117545.0,166957.6,102874.9,0.0,28.6,27.2,0,24.7,39.1,961,5495,6856,8778,10929,11369,12123,8197,31079,1770
1782339476,2AC,13922860.0,13331412.0,1191885.0,1069257.0,194852.3,188292.6,117528.2,167411.8,102864.5,0.0,28.6,27.2,0,24.8,39.1,961,5496,6857,8779,10933,11372,12125,8200,31084,1770
1782339774,2AC,13934336.0,13373056.0,1193533.1,1067990.6,194721.2,188287.2,117574.9,167322.4,102854.8,0.0,28.6,27.2,0,24.8,39.1,961,5496,6856,8779,10932,11371,12124,8199,31085,1770
1782340075,2AC,13896264.0,13326009.0,1191700.1,1067629.6,195132.1,187751.1,117385.3,167212.2,102845.6,0.0,28.6,27.2,0,24.8,39.1,961,5495,6856,8776,10931,11369,12125,8198,31086,1770
1782340376,2AC,13862829.0,13321385.0,1189116.5,1065575.5,194849.1,188080.6,117429.0,167134.7,102836.2,0.0,28.6,27.3,0,24.8,39.2,961,5495,6857,8778,10930,11369,12123,8198,31083,1771
1782340674,2AC,13918693.0,13336219.0,1189329.5,1067221.4,194856.3,187459.8,117430.1,166818.4,102826.7,0.0,28.6,27.2,0,24.8,39.2,962,5497,6858,8782,10933,11370,12126,8198,31087,1771
1782340975,2AC,13902441.0,13340985.0,1189387.1,1067649.1,194968.6,188012.9,117273.7,167209.7,102815.9,0.0,28.6,27.3,0,24.8,39.2,961,5495,6856,8777,10927,11367,12122,8196,31082,1770
1782341276,2AC,13872549.0,13299989.0,1187370.4,1068213.9,194923.1,188115.8,117500.4,167313.8,102805.1,0.0,28.6,27.3,0,24.8,39.2,961,5497,6859,8779,10932,11371,12126,8200,31093,1770
1782341574,2AC,13904373.0,13344672.0,1189080.1,1067464.9,195152.0,187408.8,117462.9,167222.5,102793.1,0.0,28.6,27.3,0,24.8,39.2,961,5495,6857,8779,10931,11369,12124,8199,31085,1770
1782341874,2AC,13925429.0,13314373.0,1189081.4,1068105.8,195331.2,187540.4,117478.3,167386.8,102780.9,0.0,28.6,27.3,0,24.8,39.2,961,5497,6858,8781,10933,11370,12125,8200,31090,1772
1782342175,2AC,13891181.0,13314169.0,1189991.6,1067796.1,194934.0,188325.4,117271.3,167039.1,102766.9,0.0,28.6,27.3,0,24.8,39.2,961,5497,6858,8780,10932,11372,12127,8200,31097,1770
1782342476,2AC,13907259.0,13348776.0,1191173.6,1068698.4,195215.4,187464.6,117396.2,167198.8,102751.3,0.0,28.6,27.3,0,24.8,39.2,962,5498,6858,8779,10934,11373,12128,8202,31096,1770
1782342774,2AC,13883541.0,13335729.0,1188487.6,1069089.2,195277.0,188204.4,117576.6,167406.4,102734.4,0.0,28.6,27.3,0,24.8,39.2,961,5497,6858,8780,10930,11367,12122,8196,31078,1770
1782343075,2AC,13948224.0,13342032.0,1192043.0,1069102.9,195357.9,188245.5,117728.0,167191.3,102717.9,0.0,28.6,27.3,0,24.7,39.2,961,5495,6855,8775,10929,11368,12122,8197,31084,1772
1782343376,2AC,13936021.0,13366549.0,1193298.1,1070892.6,195535.9,188112.3,117697.1,167024.4,102700.4,0.0,28.6,27.3,0,24.7,39.2,961,5496,6856,8778,10931,11369,12124,8196,31085,1772
1782343674,2AC,13964648.0,13372929.0,1195570.9,1071608.2,195922.8,188773.7,117659.2,167624.5,102682.8,0.0,28.6,27.3,0,24.7,39.2,961,5496,6856,8779,10931,11371,12125,8199,31087,1772
1782343975,2AC,13991953.0,13409783.0,1195840.0,1072383.4,196174.2,188837.6,117939.2,167134.9,102665.1,0.0,28.6,27.3,0,24.7,39.3,961,5495,6855,8778,10931,11370,12124,8198,31083,1771
1782344276,2AC,13978679.0,13371304.0,1195912.9,1073598.4,195806.5,189167.4,117829.5,168217.2,102646.9,0.0,28.5,27.4,0,24.7,39.3,961,5497,6857,8780,10934,11372,12127,8200,31091,1770
1782344574,2AC,14004641.0,13436132.0,1200165.4,1075242.9,196273.8,189326.5,117893.4,168385.3,102628.6,0.0,28.5,27.4,0,24.7,39.3,961,5495,6854,8778,10929,11370,12125,8199,31081,1770
1782344874,2AC,14063680.0,13502964.0,1199751.9,1079326.0,196610.7,189740.9,118096.8,168134.2,102611.5,0.0,28.5,27.4,0,24.6,39.3,961,5495,6856,8780,10934,11371,12127,8199,31084,1771
1782345175,2AC,14054077.0,13465745.0,1201356.6,1079412.1,196865.2,190261.7,117908.9,168386.5,102594.1,0.0,28.5,27.4,0,24.6,39.3,961,5496,6857,8782,10933,11371,12127,8201,31092,1773
1782345476,2AC,14096637.0,13516339.0,1205127.4,1079505.4,197138.2,189957.4,118191.3,168414.0,102576.9,0.0,28.5,27.4,0,24.6,39.3,961,5497,6855,8779,10932,11368,12125,8199,31088,1771
1782345774,2AC,14109555.0,13492787.0,1205575.1,1079800.5,197052.4,190613.6,118317.4,168160.7,102559.9,0.0,28.4,27.4,0,24.6,39.3,961,5494,6854,8778,10931,11370,12123,8197,31084,1770
1782346075,2AC,14143931.0,13528373.0,1204646.4,1081728.0,197418.7,190379.7,118621.3,168832.3,102542.1,0.0,28.4,27.4,0,24.6,39.3,961,5495,6854,8780,10930,11369,12124,8197,31084,1770
1782346376,2AC,14154615.0,13559312.0,1208069.6,1085235.5,197722.4,190263.8,118454.7,169324.5,102525.4,0.0,28.4,27.4,0,24.6,39.3,960,5493,6852,8776,10928,11367,12122,8195,31078,1770
1782346674,2AC,14139889.0,13554137.0,1210896.4,1085233.5,197691.9,190872.6,118553.8,169079.4,102509.9,0.0,28.4,27.4,0,24.5,39.4,960,5492,6851,8776,10929,11364,12120,8194,31069,1770
1782346975,2AC,14184839.0,13589581.0,1209338.4,1087474.9,198229.1,191041.3,118684.1,168938.5,102492.4,0.0,28.4,27.5,0,24.5,39.4,961,5493,6852,8776,10930,11368,12123,8196,31078,1770
1782347276,2AC,14173152.0,13630083.0,1212031.1,1086763.1,198308.2,190797.7,118847.2,169516.5,102476.6,0.0,28.4,27.5,0,24.5,39.3,961,5495,6854,8779,10934,11372,12127,8199,31088,1771
1782347574,2AC,14239585.0,13577156.0,1213539.6,1088623.8,198623.7,191440.5,118954.9,169238.9,102460.8,0.0,28.3,27.5,0,24.5,39.4,961,5496,6855,8782,10933,11372,12128,8199,31088,1771
1782347875,2AC,14270831.0,13661428.0,1216428.4,1092175.0,198896.0,191448.6,118782.1,169632.8,102445.4,0.0,28.3,27.5,0,24.4,39.3,961,5495,6852,8779,10933,11373,12127,8199,31089,1770
1782348176,2AC,14279007.0,13667884.0,1218531.9,1092881.4,199114.7,191299.0,118911.5,169690.4,102429.8,0.0,28.3,27.5,0,24.4,39.4,961,5496,6854,8781,10936,11372,12128,8199,31090,1770
1782348474,2AC,14319592.0,13694673.0,1221101.1,1094587.1,199203.2,191960.0,119038.8,169833.0,102414.3,0.0,28.3,27.5,0,24.4,39.4,961,5493,6852,8778,10932,11369,12122,8197,31075,1770
1782348775,2AC,14379819.0,13736421.0,1223622.4,1098845.4,199109.7,191760.0,119089.3,170142.7,102398.8,0.0,28.3,27.5,0,24.4,39.4,961,5496,6854,8782,10938,11376,12132,8202,31096,1773
1782349076,2AC,14342296.0,13695295.0,1224656.6,1096518.1,199644.6,192114.3,119194.1,170068.7,102384.9,0.0,28.2,27.5,0,24.4,39.4,961,5494,6852,8780,10933,11371,12124,8199,31081,1770
1782349374,2AC,14323548.0,13721893.0,1223215.6,1096640.8,199828.4,192790.8,119554.4,170319.0,102370.7,0.0,28.2,27.5,0,24.4,39.4,961,5494,6851,8780,10933,11369,12125,8197,31083,1770
1782349674,2AC,14380316.0,13738036.0,1224920.4,1100533.0,199618.3,192651.6,119570.1,170423.7,102357.1,0.0,28.2,27.5,0,24.4,39.4,961,5492,6850,8779,10933,11369,12123,8198,31075,1773
1782349975,2AC,14375901.0,13805872.0,1229103.1,1100111.5,200212.4,193018.7,119542.1,170126.1,102342.4,0.0,28.2,27.5,0,24.3,39.4,961,5495,6851,8780,10934,11369,12126,8198,31085,1771
1782350276,2AC,14398391.0,13768809.0,1227724.1,1102535.1,200593.1,192865.0,119702.8,170537.7,102328.5,0.0,28.2,27.6,0,24.3,39.4,960,5493,6850,8780,10931,11370,12126,8198,31084,1773
1782350574,2AC,14410943.0,13806343.0,1229514.8,1103290.5,200554.4,192719.6,119633.7,170453.4,102315.7,0.0,28.2,27.6,0,24.3,39.4,960,5493,6850,8778,10929,11368,12123,8197,31078,1772
1782350875,2AC,14420265.0,13865157.0,1229948.4,1104614.6,200717.4,193603.8,119889.4,170477.6,102302.2,0.0,28.2,27.6,0,24.3,39.4,960,5492,6849,8778,10931,11367,12123,8197,31074,1770
1782351175,2AC,14486073.0,13868192.0,1230204.6,1104625.6,201111.8,193511.6,119801.6,170464.6,102289.0,0.0,28.2,27.6,0,24.3,39.5,960,5492,6848,8777,10929,11366,12120,8196,31073,1772
1782351476,2AC,14482373.0,13839312.0,1231106.8,1106411.4,201163.0,193484.6,120037.5,170641.3,102275.6,0.0,28.1,27.6,0,24.3,39.5,960,5491,6847,8776,10930,11367,12121,8196,31071,1770
1782351774,2AC,14549247.0,13912671.0,1232388.4,1107124.2,201174.2,193435.8,119927.0,170766.6,102263.5,0.0,28.1,27.6,0,24.3,39.5,961,5492,6849,8779,10932,11369,12123,8198,31077,1771
1782352075,2AC,14542260.0,13887240.0,1235145.6,1111928.4,201525.2,194424.0,119895.7,171135.9,102252.0,0.0,28.1,27.6,0,24.2,39.5,961,5494,6851,8781,10934,11373,12126,8200,31085,1773
1782352376,2AC,14527737.0,13934644.0,1235398.2,1109594.5,201155.8,194227.5,120255.0,171097.5,102241.2,0.0,28.1,27.6,0,24.2,39.5,961,5493,6849,8780,10934,11370,12126,8198,31082,1772
1782352674,2AC,14551587.0,13938251.0,1237951.1,1111501.6,201936.8,194135.5,120338.4,170888.9,102229.6,0.0,28.1,27.6,0,24.3,39.5,960,5491,6848,8779,10931,11369,12123,8197,31073,1773
1782352975,2AC,14533823.0,13886049.0,1235086.5,1112828.5,201741.0,193743.7,120304.0,170783.0,102217.9,0.0,28.1,27.6,0,24.2,39.5,960,5492,6848,8780,10932,11368,12123,8198,31073,1770
1782353276,2AC,14528443.0,13963627.0,1240757.0,1113005.9,201843.9,194561.3,120202.1,171251.1,102204.5,0.0,28.1,27.6,0,24.2,39.5,960,5491,6847,8777,10931,11367,12123,8197,31074,1770
1782353574,2AC,14579637.0,13945949.0,1239295.9,1114553.1,202223.1,194686.2,120540.5,171140.0,102193.7,0.0,28.1,27.6,0,24.2,39.5,961,5490,6846,8776,10929,11366,12121,8195,31071,1772
1782353875,2AC,14597075.0,13974280.0,1241985.9,1114974.5,202286.5,194903.5,120388.1,171141.0,102181.6,0.0,28.0,27.6,0,24.2,39.5,960,5490,6845,8774,10926,11363,12118,8193,31065,1772
1782354176,2AC,14603881.0,13963729.0,1243248.6,1115139.9,202421.7,195006.8,120495.3,171465.2,102170.7,0.0,28.1,27.6,0,24.2,39.5,960,5490,6846,8775,10926,11364,12120,8193,31064,1771
1782354474,2AC,14638323.0,13995071.0,1244751.9,1116506.9,202940.7,195361.8,120338.5,171580.5,102158.8,0.0,28.0,27.7,0,24.2,39.5,960,5489,6845,8776,10931,11365,12121,8195,31070,1773
1782354776,2AC,14612321.0,14031873.0,1245267.5,1118476.4,203080.5,195290.8,120492.4,171541.5,102148.3,0.0,28.0,27.7,0,24.2,39.5,960,5492,6846,8777,10930,11367,12122,8195,31069,1770
1782355074,2AC,14648933.0,14034221.0,1248007.5,1119982.2,203033.2,195323.8,120791.4,171858.9,102138.2,0.0,28.0,27.7,0,24.2,39.6,960,5490,6846,8778,10927,11363,12119,8195,31066,1770
1782355375,2AC,14662559.0,14028627.0,1245732.4,1119245.0,203666.6,195204.3,120610.4,171599.7,102128.3,0.0,28.0,27.7,0,24.1,39.6,960,5490,6846,8777,10930,11366,12122,8195,31071,1770
1782355676,2AC,14681048.0,14059992.0,1247562.4,1120820.5,203298.8,195543.0,120798.3,171572.8,102118.5,0.0,28.0,27.7,0,24.1,39.5,960,5490,6846,8777,10928,11365,12122,8195,31073,1770
1782355974,2AC,14689804.0,14012160.0,1248745.6,1119235.5,203500.1,195780.1,120765.8,171899.1,102108.2,0.0,28.0,27.6,0,24.1,39.5,960,5491,6847,8779,10932,11368,12124,8197,31077,1772
1782356275,2AC,14710601.0,14089656.0,1252774.9,1122271.4,203347.1,196154.7,120929.5,171856.3,102098.2,0.0,28.0,27.7,0,24.1,39.6,960,5493,6849,8781,10932,11369,12125,8198,31076,1771
1782356576,2AC,14729492.0,14052527.0,1251268.0,1122726.5,203553.9,196195.4,120911.0,172130.0,102087.6,0.0,28.0,27.7,0,24.1,39.6,960,5492,6848,8779,10933,11368,12125,8197,31075,1772
1782356874,2AC,14746397.0,14102696.0,1255216.4,1124137.5,203711.2,195631.1,120969.6,172114.7,102077.1,0.0,28.0,27.7,0,24.1,39.6,960,5493,6848,8781,10934,11369,12125,8198,31079,1773
1782357175,2AC,14737917.0,14138451.0,1254648.4,1124930.9,204256.9,196338.9,121191.7,172159.7,102068.0,0.0,28.0,27.7,0,24.1,39.6,960,5491,6847,8781,10933,11368,12124,8198,31079,1772
1782357476,2AC,14778735.0,14143204.0,1255200.6,1126730.9,204261.8,196441.9,121260.1,171971.1,102058.9,0.0,28.0,27.7,0,24.1,39.6,961,5492,6848,8779,10933,11369,12124,8197,31078,1773
1782357774,2AC,14757253.0,14134809.0,1257728.9,1128629.6,204167.0,196393.1,121162.3,172198.0,102050.8,0.0,27.9,27.7,0,24.1,39.6,961,5494,6847,8783,10936,11371,12127,8200,31081,1773
1782358075,2AC,14807671.0,14152411.0,1256460.5,1126822.9,204680.6,196750.5,121110.4,172142.5,102041.5,0.0,27.9,27.7,0,24.1,39.6,960,5491,6846,8779,10932,11368,12125,8197,31075,1773
1782358373,2AC,14810647.0,14178075.0,1256200.4,1130435.0,204269.2,196586.1,121185.3,172245.5,102033.0,0.0,27.9,27.8,0,24.1,39.6,960,5491,6847,8780,10933,11368,12126,8197,31077,1773
1782358675,2AC,14807967.0,14157908.0,1257904.4,1129622.9,205143.9,196728.9,121092.4,172389.2,102024.4,0.0,27.9,27.8,0,24.1,39.6,961,5489,6844,8778,10930,11363,12121,8194,31062,1770
1782358975,2AC,14867103.0,14168900.0,1257336.4,1129864.6,204819.1,196724.1,121255.7,172417.8,102014.7,0.0,27.9,27.7,0,24.1,39.6,960,5490,6846,8778,10932,11366,12123,8196,31071,1773
1782359274,2AC,14813536.0,14236781.0,1257453.9,1132697.5,205191.5,197213.9,121471.8,172697.1,102005.2,0.0,27.9,27.7,0,24.0,39.6,960,5491,6847,8781,10934,11371,12125,8198,31076,1771
1782359575,2AC,14854229.0,14242095.0,1260784.1,1133122.1,205651.2,197553.8,121610.8,172520.2,101996.6,0.0,27.9,27.8,0,24.0,39.6,960,5490,6845,8778,10932,11365,12122,8195,31064,1772
1782359876,2AC,14858771.0,14217853.0,1261128.5,1133817.0,205493.4,197693.9,121761.4,172474.5,101988.0,0.0,27.9,27.8,0,24.0,39.6,961,5493,6846,8781,10934,11370,12124,8198,31075,1771
1782360174,2AC,14856588.0,14221621.0,1261736.8,1132870.0,206109.9,197418.8,121539.4,172696.1,101979.9,0.0,27.9,27.8,0,24.0,39.7,960,5489,6845,8778,10927,11366,12120,8194,31067,1770
1782360475,2AC,14833136.0,14234523.0,1264269.1,1135469.6,205829.8,197477.5,121335.6,172868.0,101972.1,0.0,27.9,27.8,0,24.0,39.7,961,5492,6847,8782,10933,11369,12125,8198,31084,1773
1782360776,2AC,14898013.0,14260396.0,1262979.9,1137299.2,206006.7,197466.7,121459.7,172749.8,101963.8,0.0,27.9,27.8,0,24.0,39.6,960,5490,6844,8778,10930,11365,12121,8195,31066,1771
1782361074,2AC,14925736.0,14240473.0,1264245.0,1136146.5,206269.8,197845.9,121721.0,172724.5,101955.8,0.0,27.9,27.8,0,24.0,39.7,960,5490,6846,8780,10934,11371,12126,8199,31076,1771
1782361375,2AC,14911861.0,14294277.0,1267069.6,1136116.5,206769.3,197867.9,121867.0,172896.8,101948.7,0.0,27.9,27.8,0,24.0,39.7,960,5491,6847,8782,10934,11373,12128,8200,31090,1773
1782361676,2AC,14981417.0,14290985.0,1270010.0,1137489.9,206425.9,197929.7,121687.6,173088.9,101940.9,0.0,27.9,27.8,0,24.0,39.7,960,5492,6846,8781,10934,11369,12124,8197,31076,1771
1782361974,2AC,14904339.0,14301617.0,1270063.0,1138313.4,207056.4,198114.8,121699.6,173165.1,101934.5,0.0,27.9,27.8,0,24.0,39.7,960,5491,6846,8781,10936,11372,12127,8199,31081,1771
1782362274,2AC,14937237.0,14292173.0,1270333.0,1138897.1,206698.8,198143.5,122146.6,173178.4,101928.4,0.0,27.9,27.8,0,24.0,39.7,961,5491,6845,8780,10933,11369,12124,8198,31069,1773
1782362575,2AC,14957564.0,14333137.0,1272035.9,1141507.4,206977.1,198276.8,121800.3,173306.1,101921.2,0.0,27.8,27.9,0,24.0,39.7,960,5491,6846,8781,10934,11369,12125,8197,31080,1773
1782362876,2AC,14930943.0,14299796.0,1268522.5,1141903.5,206747.4,198441.7,121788.6,172977.2,101914.3,0.0,27.8,27.8,0,24.0,39.7,961,5493,6848,8784,10938,11373,12127,8200,31085,1772
1782363174,2AC,15026912.0,14307920.0,1270940.1,1141928.9,206647.6,198585.3,121996.7,173464.1,101907.4,0.0,27.9,27.8,0,24.0,39.7,961,5492,6847,8781,10936,11372,12128,8199,31083,1772
1782363475,2AC,14961564.0,14345997.0,1273097.4,1144068.0,207499.4,198691.9,121919.5,173157.6,101900.9,0.0,27.9,27.8,0,24.0,39.7,960,5491,6845,8780,10933,11368,12124,8196,31069,1771
1782363776,2AC,15025433.0,14337555.0,1271500.4,1145309.4,207327.7,198884.0,121970.8,173170.5,101894.7,0.0,27.8,27.9,0,24.0,39.7,960,5492,6846,8782,10936,11372,12126,8198,31077,1771
1782364074,2AC,14986164.0,14353892.0,1273485.4,1143295.1,207470.9,198705.4,122119.3,173203.7,101887.3,0.0,27.8,27.9,0,24.0,39.7,960,5491,6845,8780,10932,11368,12124,8196,31072,1773
1782364375,2AC,15036964.0,14399031.0,1276942.6,1145337.6,207662.0,198744.2,122128.0,173291.1,101880.5,0.0,27.8,27.9,0,24.0,39.7,960,5491,6846,8782,10936,11371,12127,8199,31078,1774
1782364676,2AC,15032272.0,14375975.0,1273203.9,1145497.4,207769.5,199497.9,122030.2,173017.9,101874.7,0.0,27.8,27.8,0,23.9,39.7,960,5493,6847,8782,10933,11370,12126,8197,31075,1771
1782364974,2AC,15017008.0,14416196.0,1277549.9,1147072.5,207951.9,199211.5,122201.1,173848.2,101869.7,0.0,27.8,27.9,0,24.0,39.8,960,5491,6846,8780,10932,11367,12124,8196,31072,1771
1782365275,2AC,15057835.0,14435003.0,1277637.4,1145679.9,207827.1,199261.2,122367.0,173690.2,101864.4,0.0,27.8,27.9,0,23.9,39.8,961,5492,6846,8780,10935,11370,12125,8199,31077,1771
1782365576,2AC,15073995.0,14453069.0,1278522.2,1146882.4,208234.6,199378.8,122347.0,173525.6,101858.6,0.0,27.8,27.9,0,23.9,39.8,960,5490,6845,8780,10931,11365,12122,8196,31068,1772
1782365875,2AC,15075356.0,14376288.0,1278206.1,1146105.5,207925.8,199292.8,122254.4,173464.9,101853.9,0.0,27.8,27.9,0,23.9,39.8,960,5491,6845,8780,10934,11367,12124,8197,31070,1771
1782366176,2AC,15054991.0,14414549.0,1278804.6,1148112.6,208217.3,199788.0,121846.5,173808.4,101848.9,0.0,27.8,27.9,0,23.9,39.8,960,5490,6844,8780,10934,11368,12123,8196,31071,1771
1782366474,2AC,15084011.0,14388119.0,1277699.4,1147393.9,208217.8,199747.7,122331.5,173671.5,101843.9,0.0,27.8,27.9,0,23.9,39.8,960,5492,6846,8782,10937,11371,12127,8199,31083,1773
1782367076,2AC,38558980.0,36944896.0,2798117.2,2476779.8,373541.8,344048.8,170570.9,236424.6,105575.5,0.0,27.6,17.3,0,23.7,28.4,960,5495,6849,8790,10944,11378,12135,8203,31101,1774
1782367375,2AC,34883348.0,33309234.0,2536383.8,2251678.0,347348.0,322881.8,166804.8,232105.3,105623.7,0.0,27.7,19.1,0,23.8,30.0,961,5495,6848,8786,10943,11376,12134,8202,31097,1773
1782367676,2AC,32497122.0,30994640.0,2383001.0,2121431.8,330179.5,308981.3,163612.8,227895.5,105637.6,0.0,27.7,20.2,0,23.8,30.9,961,5495,6849,8788,10942,11378,12135,8202,31096,1772
1782367974,2AC,30794466.0,29502346.0,2284227.2,2024281.4,319566.8,300326.7,160860.2,224821.4,105636.5,0.0,27.7,20.8,0,23.8,31.6,960,5492,6847,8785,10940,11374,12130,8202,31091,1774
1782368276,2AC,29716358.0,28262890.0,2207134.8,1965897.6,312247.2,293680.2,158987.2,222060.8,105626.0,0.0,27.7,21.3,0,23.9,32.1,960,5493,6847,8787,10939,11376,12130,8201,31096,1772
1782368574,2AC,28809198.0,27420550.0,2155931.8,1923105.5,307126.9,288842.1,157442.9,220598.0,105610.7,0.0,27.7,21.7,0,23.8,32.5,960,5492,6845,8783,10936,11373,12126,8198,31083,1773
1782368875,2AC,28171216.0,26846038.0,2113508.8,1885708.5,302798.8,285263.1,156193.4,218914.9,105593.3,0.0,27.7,22.0,0,23.9,32.8,960,5494,6847,8786,10939,11376,12130,8201,31091,1773
1782369176,2AC,27552046.0,26458520.0,2077903.9,1849175.0,298796.0,281835.7,155010.9,217694.5,105572.9,0.0,27.7,22.2,0,23.9,33.1,960,5492,6846,8784,10938,11372,12129,8200,31085,1774
1782369474,2AC,27083518.0,25944754.0,2056755.5,1833034.5,296562.7,279561.5,153793.1,216494.6,105552.2,0.0,27.7,22.4,0,23.9,33.3,961,5492,6847,8784,10940,11373,12129,8200,31086,1772
1782369775,2AC,26684608.0,25536766.0,2028781.6,1810570.6,293576.3,277050.6,152170.5,215156.6,105529.5,0.0,27.7,22.6,0,23.9,33.5,961,5493,6847,8785,10941,11375,12130,8201,31092,1774
1782370074,2AC,26302154.0,25200114.0,2005874.5,1792799.6,292240.1,275395.5,152150.7,214486.7,105506.5,0.0,27.7,22.7,0,23.9,33.7,961,5494,6848,8786,10938,11374,12132,8201,31094,1773
1782370375,2AC,26117402.0,24933712.0,1991766.6,1774375.6,289349.7,273314.4,151864.1,213817.0,105484.4,0.0,27.7,22.8,0,23.9,33.8,960,5493,6848,8786,10940,11374,12130,8200,31091,1774
1782370676,2AC,25812464.0,24732514.0,1973467.0,1758886.0,287278.5,271765.7,150453.5,212682.8,105460.6,0.0,27.7,23.0,0,23.9,33.9,961,5492,6846,8783,10934,11372,12127,8198,31081,1772
1782370974,2AC,25523658.0,24412778.0,1959046.9,1748444.4,285837.4,270368.1,149467.7,211267.5,105436.3,0.0,27.7,23.1,0,23.9,34.1,960,5491,6846,8784,10937,11370,12127,8198,31083,1774
1782371276,2AC,25406406.0,24230230.0,1945266.6,1732894.0,284449.2,268993.8,149436.6,211637.5,105411.9,0.0,27.7,23.2,0,23.9,34.2,960,5491,6845,8781,10934,11369,12126,8198,31084,1772
1782371574,2AC,25178912.0,24059760.0,1933957.6,1720733.0,283673.5,267872.6,148615.8,210704.2,105388.0,0.0,27.7,23.3,0,23.9,34.3,960,5493,6847,8784,10938,11374,12130,8200,31086,1774
1782371875,2AC,25029590.0,23936086.0,1921241.5,1710815.4,281745.5,267190.9,148688.8,209777.6,105364.1,0.0,27.7,23.4,0,23.9,34.4,960,5491,6845,8782,10936,11370,12125,8197,31079,1771
1782372176,2AC,24745618.0,23678390.0,1911892.6,1704632.0,281216.6,265467.2,147802.7,209222.8,105339.0,0.0,27.7,23.5,0,23.9,34.5,960,5493,6846,8783,10937,11372,12129,8199,31086,1774
1782372475,2AC,24646802.0,23511562.0,1899114.0,1692565.5,279976.2,264649.7,147246.9,209358.0,105314.5,0.0,27.7,23.5,0,23.9,34.6,961,5492,6846,8783,10936,11372,12127,8199,31088,1772
1782372776,2AC,24497314.0,23495750.0,1890049.6,1681325.1,279140.7,263490.7,147554.9,208422.0,105291.0,0.0,27.7,23.6,0,23.9,34.6,960,5492,6847,8783,10938,11372,12128,8199,31087,1772
1782373074,2AC,24346826.0,23345066.0,1885344.5,1673797.6,277997.1,262856.5,146932.7,208263.5,105267.5,0.0,27.7,23.6,0,23.8,34.7,961,5492,6846,8784,10938,11372,12129,8199,31089,1774
1782373375,2AC,24217010.0,23196722.0,1875562.9,1665833.4,277315.7,262283.2,146450.9,207951.4,105242.6,0.0,27.8,23.7,0,23.9,34.8,961,5494,6848,8786,10940,11376,12131,8201,31092,1772
1782373676,2AC,24107054.0,23067886.0,1868288.6,1662879.9,276036.3,261381.7,146271.0,207123.6,105218.2,0.0,27.7,23.8,0,23.9,34.9,960,5492,6845,8784,10935,11372,12127,8199,31083,1771
1782373974,2AC,23949504.0,22960842.0,1859012.1,1651205.6,275562.2,260714.8,146411.0,206916.5,105194.6,0.0,27.7,23.8,0,23.9,34.9,961,5492,6846,8784,10937,11371,12128,8198,31079,1772
1782374275,2AC,23849074.0,22785250.0,1850800.9,1649057.1,274643.7,259978.8,144978.8,206571.1,105170.2,0.0,27.7,23.9,0,23.9,34.9,960,5493,6846,8784,10936,11372,12128,8199,31079,1774
1782374574,2AC,23832398.0,22711150.0,1842251.6,1641261.0,274023.3,259218.0,145687.0,205910.5,105145.9,0.0,27.7,23.9,0,23.9,35.0,960,5492,6847,8785,10938,11374,12131,8201,31092,1772
1782374875,2AC,23648090.0,22523914.0,1835650.6,1634155.1,273250.7,258433.1,145080.8,205741.8,105121.7,0.0,27.7,24.0,0,23.9,35.1,960,5493,6846,8783,10936,11374,12129,8199,31088,1774
1782375176,2AC,23528894.0,22459110.0,1832377.0,1627095.5,272439.5,257468.8,145317.0,205204.2,105097.3,0.0,27.7,24.0,0,23.9,35.1,961,5492,6846,8784,10940,11374,12131,8200,31091,1775
1782375474,2AC,23441686.0,22296990.0,1820584.6,1623053.4,271586.2,257576.8,144604.1,205213.0,105073.5,0.0,27.7,24.1,0,23.9,35.2,960,5492,6845,8783,10937,11372,12128,8197,31086,1771
1782375775,2AC,23351982.0,22194040.0,1820686.4,1616218.1,270933.0,257076.9,144388.9,204640.1,105050.4,0.0,27.8,24.1,0,23.9,35.3,961,5492,6846,8783,10936,11371,12127,8199,31084,1773
1782376073,2AC,23205478.0,22128640.0,1809166.9,1611505.1,270196.6,256220.0,143957.4,204507.8,105025.6,0.0,27.7,24.1,0,23.9,35.3,961,5492,6847,8785,10936,11373,12128,8199,31089,1774
1782376375,2AC,23132302.0,22038882.0,1804749.9,1610429.0,269583.2,255403.5,144134.2,203836.2,105001.3,0.0,27.7,24.2,0,23.9,35.3,961,5492,6845,8783,10934,11370,12125,8197,31077,1771
1782376676,2AC,23161902.0,21941656.0,1798358.1,1607233.0,269331.0,254987.0,143768.4,203784.1,104977.4,0.0,27.7,24.2,0,23.9,35.4,961,5493,6847,8784,10937,11373,12128,8198,31081,1772
1782376974,2AC,22939184.0,21987426.0,1791690.6,1600197.5,269264.4,254641.5,143935.5,203863.3,104953.5,0.0,27.7,24.3,0,23.9,35.5,961,5493,6847,8785,10938,11373,12128,8199,31090,1772
1782377275,2AC,22895266.0,21791260.0,1790697.9,1596352.1,268524.1,253708.9,143465.8,203346.7,104929.7,0.0,27.7,24.3,0,23.9,35.5,961,5493,6847,8786,10937,11372,12129,8200,31088,1773
1782377576,2AC,22751510.0,21737106.0,1783322.9,1592382.0,267502.5,253490.7,143296.9,203180.0,104907.3,0.0,27.7,24.3,0,23.9,35.5,960,5492,6845,8783,10936,11371,12127,8199,31083,1774
1782377874,2AC,22781832.0,21720104.0,1781930.4,1587440.1,267233.6,252831.0,143053.9,203263.2,104883.6,0.0,27.7,24.3,0,23.9,35.6,960,5492,6845,8784,10935,11370,12126,8199,31081,1772
1782378175,2AC,22639846.0,21518534.0,1775294.6,1583896.5,266921.0,252611.5,142811.9,203059.4,104860.7,0.0,27.7,24.4,0,23.9,35.6,960,5491,6845,8783,10935,11371,12126,8198,31083,1772
1782378476,2AC,22566814.0,21479234.0,1768975.6,1580604.0,266231.1,251988.5,142890.3,202822.1,104837.8,0.0,27.7,24.4,0,23.9,35.7,960,5490,6844,8781,10933,11368,12123,8196,31072,1771
1782378774,2AC,22426384.0,21429122.0,1771060.0,1575068.5,265653.3,251734.7,142453.7,202151.0,104814.5,0.0,27.8,24.4,0,23.9,35.7,961,5491,6845,8783,10935,11371,12123,8196,31078,1771
1782379075,2AC,22355598.0,21299806.0,1764561.0,1569711.6,265284.6,251576.8,142057.7,202268.2,104793.6,0.0,27.8,24.5,0,23.9,35.7,961,5494,6848,8786,10941,11376,12133,8201,31096,1775
1782379376,2AC,22286754.0,21344952.0,1757275.0,1569731.5,264971.2,250771.5,142269.8,202003.8,104771.1,0.0,27.7,24.5,0,23.9,35.8,960,5492,6846,8783,10935,11372,12128,8199,31086,1771
1782379674,2AC,22250698.0,21108706.0,1748276.6,1567363.5,264405.3,250460.6,141749.3,201230.1,104748.3,0.0,27.7,24.5,0,23.9,35.8,960,5493,6847,8784,10939,11374,12129,8200,31090,1772
1782379975,2AC,22192232.0,21094902.0,1754449.4,1558694.0,264089.0,249862.6,141392.3,201793.8,104726.0,0.0,27.7,24.6,0,23.9,35.8,961,5494,6848,8786,10937,11375,12129,8200,31094,1772
1782380273,2AC,22076826.0,21078592.0,1744241.5,1558789.5,263793.8,249588.8,141975.3,200736.7,104705.3,0.0,27.8,24.6,0,23.9,35.9,960,5492,6846,8784,10937,11373,12128,8199,31088,1774
1782380575,2AC,22106440.0,20982422.0,1745190.5,1557942.4,263092.9,249733.1,141316.0,201055.9,104684.3,0.0,27.8,24.6,0,23.9,35.9,960,5493,6848,8786,10939,11374,12129,8200,31088,1772
1782380876,2AC,22001106.0,21005664.0,1737915.1,1552454.5,262548.4,248918.5,141633.5,200640.3,104662.6,0.0,27.8,24.7,0,23.9,36.0,960,5492,6846,8783,10938,11372,12126,8198,31083,1774
1782381174,2AC,21892088.0,20970082.0,1729881.6,1549543.9,262834.5,248656.9,141114.4,200101.6,104640.2,0.0,27.8,24.7,0,23.9,36.0,961,5493,6848,8786,10941,11375,12131,8201,31095,1774
1782381476,2AC,21922198.0,20819906.0,1727570.6,1543962.0,261610.3,248333.8,141002.5,199974.1,104618.2,0.0,27.8,24.7,0,23.9,36.0,960,5492,6847,8784,10934,11369,12125,8196,31075,1771
1782381774,2AC,21871990.0,20728782.0,1723104.9,1544226.0,261211.2,247795.6,140943.6,200441.2,104595.5,0.0,27.8,24.8,0,23.9,36.0,960,5490,6844,8780,10934,11368,12123,8194,31079,1773
1782382075,2AC,21776640.0,20681016.0,1722239.4,1538020.4,260898.4,247817.2,140701.5,200092.1,104574.2,0.0,27.8,24.8,0,23.9,36.1,960,5494,6848,8787,10937,11373,12129,8199,31088,1772
1782382376,2AC,21766378.0,20668758.0,1721746.0,1539717.6,260925.8,247540.4,140682.5,199905.2,104554.0,0.0,27.8,24.8,0,23.9,36.1,960,5491,6845,8782,10935,11370,12126,8197,31081,1774
1782382675,2AC,21674840.0,20599994.0,1718311.5,1534869.5,260737.5,247456.3,140764.4,199652.4,104533.2,0.0,27.8,24.8,0,23.9,36.1,960,5492,6846,8784,10937,11372,12128,8199,31084,1772
1782382976,2AC,21620974.0,20537066.0,1714080.0,1531867.6,260585.5,246571.5,140106.2,199253.3,104511.4,0.0,27.8,24.8,0,23.9,36.2,961,5492,6847,8785,10936,11371,12128,8199,31085,1774
1782383274,2AC,21583328.0,20567890.0,1713515.6,1531258.9,259768.4,246592.7,139819.8,199052.4,104488.8,0.0,27.8,24.9,0,23.9,36.2,961,5492,6846,8784,10936,11372,12128,8199,31083,1772
1782383575,2AC,21510120.0,20513318.0,1707895.5,1524456.4,259722.1,246009.5,140208.9,198958.5,104467.0,0.0,27.8,24.9,0,23.9,36.2,961,5492,6846,8784,10934,11371,12127,8198,31076,1774
1782383874,2AC,21478482.0,20478946.0,1709168.5,1530340.4,259820.7,246313.2,140213.2,198691.2,104446.6,0.0,27.7,24.9,0,23.9,36.3,961,5492,6847,8785,10937,11373,12128,8199,31089,1774
1782384175,2AC,21369852.0,20396362.0,1700489.5,1523247.5,259157.0,246144.6,139473.2,198659.9,104425.6,0.0,27.8,24.9,0,23.9,36.3,960,5491,6846,8784,10935,11371,12128,8197,31085,1772
1782384476,2AC,21338866.0,20358982.0,1700686.0,1522044.1,258489.6,244996.3,139721.9,198889.0,104406.1,0.0,27.8,25.0,0,23.9,36.3,960,5492,6846,8782,10936,11371,12129,8198,31082,1774
1782384775,2AC,21277016.0,20233490.0,1701194.1,1516415.9,258849.6,245390.6,139906.5,198581.4,104385.9,0.0,27.8,25.0,0,23.9,36.4,960,5490,6845,8779,10931,11367,12124,8195,31072,1771
1782385076,2AC,21253066.0,20289056.0,1696570.9,1518024.9,258179.3,245064.8,139932.5,197872.5,104366.0,0.0,27.7,25.0,0,23.9,36.3,960,5490,6845,8782,10934,11369,12125,8197,31073,1771
1782385374,2AC,21205948.0,20178334.0,1694190.5,1513077.5,257854.4,244811.6,139387.8,197740.3,104346.8,0.0,27.8,25.0,0,23.9,36.4,960,5491,6845,8782,10934,11370,12125,8196,31079,1771
1782385675,2AC,21187450.0,20249770.0,1689632.1,1511244.0,257422.6,244754.2,139698.3,197860.9,104327.7,0.0,27.8,25.0,0,23.9,36.4,960,5492,6848,8785,10938,11371,12129,8199,31084,1774
1782385974,2AC,21095922.0,20146936.0,1687870.5,1508874.1,257250.5,243805.2,139141.5,197755.5,104308.5,0.0,27.8,25.1,0,23.9,36.4,960,5491,6845,8782,10933,11368,12125,8196,31077,1771
1782386275,2AC,21085498.0,20086720.0,1683878.1,1508176.5,256805.6,244261.5,138850.9,197812.9,104290.2,0.0,27.8,25.1,0,23.9,36.5,961,5492,6845,8783,10934,11371,12127,8198,31080,1774
1782386576,2AC,20998450.0,20063368.0,1684979.9,1506701.9,257169.9,243629.4,139218.1,197723.4,104271.4,0.0,27.8,25.1,0,23.9,36.5,961,5493,6847,8783,10936,11370,12127,8198,31082,1771
1782386874,2AC,20943858.0,20058800.0,1679539.0,1503527.5,257148.0,243488.8,139044.9,197265.8,104253.6,0.0,27.8,25.1,0,23.9,36.5,960,5491,6846,8782,10932,11370,12126,8196,31077,1773
1782387176,2AC,20971240.0,20029042.0,1680131.9,1500639.0,255781.0,243231.2,138664.1,196942.6,104235.4,0.0,27.8,25.1,0,23.9,36.5,961,5492,6845,8782,10933,11369,12125,8197,31075,1771
1782387474,2AC,20933666.0,19913752.0,1674823.4,1498194.1,255870.5,242924.3,138688.8,197138.7,104216.4,0.0,27.8,25.1,0,23.9,36.6,960,5490,6843,8781,10932,11366,12122,8194,31067,1771
1782387775,2AC,20865242.0,19885770.0,1673638.4,1498613.6,255724.8,242750.2,138669.1,196954.7,104197.5,0.0,27.8,25.2,0,23.9,36.6,960,5492,6845,8782,10933,11369,12124,8197,31078,1771
1782388076,2AC,20824050.0,19890568.0,1672756.1,1497141.6,255230.0,242518.3,138452.4,196572.0,104178.1,0.0,27.8,25.2,0,23.9,36.6,961,5492,6847,8782,10935,11369,12127,8197,31080,1772
1782388374,2AC,20842562.0,19800744.0,1671334.0,1491687.6,254887.9,242409.5,138187.7,196388.5,104159.2,0.0,27.8,25.2,0,23.9,36.6,960,5492,6845,8782,10935,11369,12125,8196,31076,1771
1782388675,2AC,20679320.0,19822666.0,1666342.4,1490638.6,254793.2,242072.4,138403.3,196869.2,104140.4,0.0,27.8,25.2,0,23.9,36.7,960,5493,6848,8784,10937,11373,12130,8199,31089,1772
1782388976,2AC,20677554.0,19782700.0,1663487.5,1490022.1,254857.2,242145.9,138215.3,196297.8,104121.2,0.0,27.8,25.2,0,23.9,36.7,961,5492,6846,8783,10936,11371,12128,8197,31082,1773
1782389274,2AC,20687534.0,19769630.0,1662966.4,1485380.5,254158.6,241801.7,138216.0,196616.1,104102.2,0.0,27.8,25.2,0,23.9,36.7,960,5492,6847,8784,10934,11371,12127,8197,31084,1774
1782389576,2AC,20636474.0,19786456.0,1658126.9,1487033.5,254308.7,241776.6,138070.9,196231.8,104083.5,0.0,27.8,25.3,0,23.9,36.7,961,5493,6847,8783,10934,11370,12127,8197,31083,1771
1782389874,2AC,20626624.0,19689536.0,1659043.9,1483750.6,253861.4,241171.5,137793.3,196280.4,104065.0,0.0,27.8,25.3,0,23.9,36.8,961,5491,6846,8782,10933,11371,12126,8197,31084,1773
1782390175,2AC,20585446.0,19671382.0,1650930.9,1481809.5,253665.2,241060.4,138155.7,196185.8,104046.4,0.0,27.8,25.3,0,23.9,36.8,961,5493,6847,8784,10934,11371,12126,8197,31077,1772
1782390476,2AC,20556394.0,19681814.0,1650981.0,1482335.6,253491.6,240827.8,137651.3,195298.1,104028.4,0.0,27.8,25.3,0,23.9,36.8,960,5492,6845,8782,10935,11371,12126,8196,31084,1774
1782390775,2AC,20545362.0,19591538.0,1652438.0,1473927.0,253420.7,240839.9,137864.4,195452.2,104009.9,0.0,27.8,25.4,0,23.9,36.8,960,5491,6845,8782,10932,11370,12126,8196,31080,1771
1782391076,2AC,20427266.0,19679706.0,1646577.6,1479335.1,253188.0,240800.6,137756.2,196217.2,103992.5,0.0,27.8,25.3,0,23.9,36.8,961,5493,6848,8785,10936,11372,12127,8198,31082,1773
1782391374,2AC,20420778.0,19579112.0,1647006.9,1477126.4,253067.6,240635.1,137594.9,195470.1,103974.8,0.0,27.8,25.4,0,23.9,36.8,960,5493,6847,8785,10936,11374,12129,8199,31087,1774
1782391675,2AC,20485040.0,19540288.0,1647709.5,1474300.1,252968.8,239908.0,137227.5,195462.2,103957.2,0.0,27.8,25.4,0,23.9,36.8,961,5494,6848,8785,10939,11374,12131,8200,31089,1772
1782391974,2AC,20364998.0,19514198.0,1645112.5,1471124.0,253134.5,239876.0,137754.3,195482.6,103938.9,0.0,27.8,25.4,0,23.9,36.9,961,5495,6849,8787,10940,11376,12131,8201,31092,1772
1782392275,2AC,20373410.0,19562850.0,1642472.1,1474085.6,252534.4,239989.2,137238.2,194448.8,103919.7,0.0,27.8,25.5,0,23.9,36.9,961,5494,6850,8788,10940,11376,12131,8201,31092,1772
1782392576,2AC,20350894.0,19483538.0,1645062.5,1471158.5,252346.3,239867.9,137486.0,195331.4,103902.0,0.0,27.8,25.5,0,23.9,36.9,961,5493,6847,8784,10935,11372,12126,8198,31083,1772
1782392874,2AC,20357100.0,19467390.0,1638446.5,1472351.9,252323.2,239779.7,137390.9,195292.8,103883.1,0.0,27.8,25.5,0,23.9,37.0,961,5494,6848,8786,10939,11374,12130,8199,31093,1774
1782393175,2AC,20331746.0,19457732.0,1642701.4,1472434.0,252481.3,240108.5,137384.6,195756.0,103864.4,0.0,27.8,25.5,0,23.9,37.0,960,5492,6846,8783,10937,11372,12129,8198,31090,1771
1782393476,2AC,20306526.0,19425730.0,1637323.6,1466228.9,251982.1,240111.2,137040.4,194957.7,103845.5,0.0,27.8,25.5,0,23.9,37.0,961,5490,6845,8781,10934,11368,12125,8196,31074,1772
1782393774,2AC,20270038.0,19396530.0,1635334.1,1470134.6,252091.1,239800.7,137469.8,194386.6,103827.9,0.0,27.8,25.5,0,23.9,37.0,961,5491,6845,8781,10934,11368,12124,8196,31073,1771
1782394075,2AC,20312808.0,19368482.0,1633624.9,1467758.4,252104.8,239322.2,137015.8,194892.1,103809.8,0.0,27.8,25.5,0,23.9,37.0,960,5492,6846,8783,10935,11370,12125,8197,31076,1773
1782394374,2AC,20245530.0,19402750.0,1635215.6,1466646.6,251891.1,239284.6,137148.8,194776.0,103792.5,0.0,27.8,25.6,0,23.9,37.0,960,5491,6847,8783,10936,11371,12128,8197,31085,1771
1782394675,2AC,20281190.0,19349990.0,1634744.1,1464540.0,251894.5,239234.6,137092.6,194756.4,103774.7,0.0,27.8,25.6,0,23.9,37.0,961,5493,6846,8783,10937,11372,12129,8198,31086,1771
1782394976,2AC,20173258.0,19290794.0,1631354.1,1460470.9,251239.7,239298.0,137129.0,194278.3,103756.3,0.0,27.8,25.6,0,23.9,37.1,960,5491,6846,8782,10933,11369,12125,8196,31074,1773
1782395274,2AC,20179908.0,19311422.0,1631078.1,1463710.5,251368.2,239087.4,137222.9,194478.7,103739.6,0.0,27.8,25.6,0,23.9,37.1,960,5492,6846,8784,10935,11370,12126,8197,31083,1771
1782395575,2AC,20171112.0,19314642.0,1632038.5,1464539.5,251567.8,238655.6,136924.8,194378.1,103721.7,0.0,27.8,25.6,0,23.9,37.1,960,5492,6846,8782,10934,11370,12127,8197,31082,1771
1782395876,2AC,20207336.0,19301006.0,1628790.5,1460915.0,251407.8,238933.8,136912.5,194414.0,103703.0,0.0,27.8,25.6,0,23.9,37.1,961,5493,6848,8784,10937,11373,12129,8199,31090,1772
1782396174,2AC,20158402.0,19242982.0,1627406.0,1463088.6,251204.0,238525.8,136575.1,194235.6,103686.9,0.0,27.8,25.6,0,23.9,37.1,961,5492,6847,8784,10935,11372,12129,8198,31089,1774
1782396476,2AC,20034278.0,19244870.0,1626219.0,1459966.4,251091.7,238842.9,136443.5,193593.8,103668.8,0.0,27.8,25.6,0,23.9,37.2,960,5493,6846,8782,10934,11369,12126,8197,31078,1771
1782396774,2AC,20138912.0,19223550.0,1627306.0,1459307.4,250836.1,238598.1,136846.5,193929.9,103651.6,0.0,27.8,25.7,0,23.9,37.2,960,5491,6845,8782,10933,11369,12125,8196,31078,1773
1782397075,2AC,20071378.0,19251154.0,1627431.0,1459667.0,250740.2,238087.9,136851.0,193931.4,103635.4,0.0,27.8,25.7,0,23.9,37.2,961,5493,6848,8786,10937,11374,12130,8199,31091,1772
1782397376,2AC,20072042.0,19244744.0,1625129.6,1454885.6,251400.2,238189.6,136775.5,193304.5,103619.3,0.0,27.8,25.7,0,23.9,37.2,961,5494,6847,8785,10938,11372,12130,8198,31091,1773
1782397674,2AC,20056718.0,19179772.0,1622115.5,1456705.9,250686.2,238298.4,136593.2,194194.8,103604.5,0.0,27.8,25.7,0,23.9,37.2,960,5491,6846,8783,10937,11373,12129,8199,31088,1774
1782397975,2AC,20078622.0,19185574.0,1625916.0,1451892.1,250868.8,238251.6,136409.0,193590.8,103587.7,0.0,27.8,25.7,0,23.9,37.2,961,5492,6847,8783,10935,11372,12127,8199,31085,1774
1782398274,2AC,20067034.0,19184944.0,1623249.5,1455601.9,250938.0,238150.7,136236.7,193450.8,103571.3,0.0,27.8,25.7,0,23.9,37.2,961,5493,6847,8785,10936,11372,12128,8198,31086,1772
1782398575,2AC,19998058.0,19077390.0,1621270.6,1452980.6,250789.7,237943.7,136686.9,194306.4,103555.4,0.0,27.8,25.7,0,23.9,37.3,961,5492,6847,8784,10939,11373,12130,8199,31090,1772
1782398876,2AC,20006218.0,19179894.0,1621928.1,1457067.1,250964.6,237899.1,136369.9,193826.2,103540.0,0.0,27.8,25.8,0,23.9,37.3,961,5493,6849,8787,10940,11376,12132,8201,31094,1773
1782399174,2AC,20022102.0,19142952.0,1620446.0,1454838.9,250820.2,238236.2,136550.4,193206.0,103523.2,0.0,27.8,25.7,0,23.9,37.3,960,5494,6848,8787,10939,11375,12131,8201,31091,1774
1782399475,2AC,19973306.0,19115832.0,1621177.9,1451445.9,250250.4,237862.5,136282.2,193674.2,103507.5,0.0,27.8,25.8,0,23.9,37.3,960,5492,6847,8784,10934,11371,12127,8198,31083,1771
1782399776,2AC,19919622.0,19075224.0,1619833.6,1451594.9,250503.4,237697.8,136437.7,192997.4,103492.1,0.0,27.8,25.8,0,23.9,37.3,961,5492,6847,8784,10938,11373,12129,8198,31087,1772
1782400074,2AC,19971206.0,19057896.0,1618892.1,1450384.1,250336.8,238051.8,136163.5,193133.4,103477.8,0.0,27.8,25.8,0,23.9,37.3,961,5493,6848,8785,10938,11375,12129,8199,31089,1773
1782400375,2AC,19954790.0,19059126.0,1618789.9,1451620.4,250703.5,237788.0,136406.5,193234.7,103463.3,0.0,27.8,25.8,0,23.9,37.4,960,5492,6846,8784,10936,11372,12128,8198,31083,1773
1782400676,2AC,19912812.0,19069386.0,1618084.9,1450680.9,250549.4,237317.0,136323.0,193078.4,103448.2,0.0,27.8,25.8,0,23.9,37.4,961,5491,6846,8785,10935,11372,12128,8198,31083,1772
1782400974,2AC,19871126.0,19060526.0,1616853.6,1449535.9,250058.2,237447.7,135820.4,192890.2,103432.6,0.0,27.8,25.8,0,23.9,37.4,960,5492,6847,8783,10936,11370,12126,8197,31079,1774
1782401276,2AC,19877770.0,19039214.0,1613704.6,1448639.1,249596.1,237527.8,136231.5,192409.2,103418.0,0.0,27.8,25.9,0,23.9,37.4,960,5493,6847,8785,10938,11375,12130,8199,31090,1772
1782401574,2AC,19881266.0,18980650.0,1614020.5,1449964.4,249900.1,237328.1,136191.5,193211.8,103403.0,0.0,27.8,25.9,0,23.9,37.4,961,5494,6849,8787,10939,11375,12131,8200,31090,1772
1782401875,2AC,19892358.0,19018096.0,1612840.0,1448921.5,249563.7,237153.5,135681.9,193041.5,103387.6,0.0,27.8,25.9,0,23.9,37.4,961,5494,6848,8786,10939,11374,12131,8200,31094,1774
1782402176,2AC,19857690.0,18986578.0,1609411.5,1445548.9,249950.6,237482.0,135656.7,192943.4,103372.9,0.0,27.8,25.9,0,23.9,37.4,961,5493,6848,8787,10942,11377,12133,8202,31094,1773
1782402475,2AC,19845394.0,18955968.0,1610105.6,1444036.4,249770.6,237157.7,136150.9,193162.6,103359.7,0.0,27.8,25.9,0,23.9,37.5,960,5492,6847,8784,10936,11373,12127,8198,31084,1771
1782402776,2AC,19878018.0,18963162.0,1612085.6,1440764.0,249304.3,237215.0,136062.3,192505.1,103346.5,0.0,27.8,25.9,0,23.9,37.5,961,5493,6848,8787,10938,11375,12131,8201,31090,1772
1782403074,2AC,19817656.0,18936398.0,1609386.4,1437411.6,249444.3,237282.6,135599.5,192135.2,103333.2,0.0,27.8,25.9,0,23.9,37.5,961,5493,6847,8786,10940,11374,12129,8199,31085,1772
1782403375,2AC,19787358.0,18903494.0,1607432.0,1438061.0,249160.0,237107.6,135981.9,192708.9,103320.1,0.0,27.8,25.9,0,23.9,37.5,961,5493,6847,8784,10938,11374,12129,8200,31088,1772
1782403674,2AC,19751736.0,18912450.0,1609303.0,1443149.0,249064.1,236845.5,136041.4,192390.9,103306.4,0.0,27.8,25.9,0,23.9,37.5,960,5492,6846,8784,10934,11371,12126,8198,31083,1771
1782403975,2AC,19781214.0,18898758.0,1609153.5,1442142.6,249332.7,236841.3,135581.9,192444.8,103293.1,0.0,27.8,25.9,0,23.9,37.6,961,5493,6848,8785,10936,11372,12130,8199,31082,1772
1782404276,2AC,19767758.0,18962898.0,1603817.4,1439994.6,248822.8,237262.1,135750.2,192559.5,103279.8,0.0,27.8,26.0,0,23.9,37.6,960,5491,6846,8782,10935,11371,12127,8197,31083,1773
1782404574,2AC,19748050.0,18889334.0,1603184.1,1441319.0,249002.7,236554.5,135687.4,192541.1,103265.6,0.0,27.8,25.9,0,23.9,37.6,960,5492,6847,8784,10935,11372,12128,8199,31087,1771
1782404875,2AC,19689026.0,18844340.0,1601867.9,1442508.5,248977.8,236574.0,135537.4,192252.8,103252.0,0.0,27.8,25.9,0,23.9,37.6,961,5491,6846,8784,10935,11372,12127,8198,31081,1773
1782405174,2AC,19708898.0,18876444.0,1604821.5,1438607.4,248821.9,236474.3,135603.4,191573.6,103239.4,0.0,27.8,26.0,0,23.9,37.6,960,5490,6845,8781,10932,11367,12125,8195,31074,1771
1782405475,2AC,19700530.0,18872638.0,1602423.6,1433905.4,248888.1,236551.2,135731.5,191450.4,103226.6,0.0,27.8,26.0,0,23.9,37.6,961,5491,6846,8782,10933,11370,12127,8198,31084,1774
1782405776,2AC,19705702.0,18894608.0,1605802.1,1441636.6,248718.6,236262.6,135613.3,191537.7,103213.1,0.0,27.8,26.0,0,23.9,37.7,961,5493,6847,8784,10938,11372,12130,8199,31088,1771
1782406075,2AC,19708690.0,18878098.0,1600695.0,1434950.0,248959.6,236206.8,135730.4,192483.5,103200.3,0.0,27.8,26.0,0,23.9,37.6,961,5492,6847,8785,10936,11370,12128,8198,31080,1771
1782406376,2AC,19605320.0,18813728.0,1601696.1,1434088.6,248707.4,236101.1,135501.1,192350.2,103186.5,0.0,27.8,26.0,0,23.9,37.7,961,5491,6846,8783,10934,11369,12125,8196,31080,1771
1782406674,2AC,19710664.0,18823806.0,1600369.5,1434699.6,248963.2,236482.7,135025.1,192166.5,103171.0,0.0,27.8,26.0,0,23.9,37.6,960,5491,6845,8782,10933,11371,12127,8197,31080,1774
1782406975,2AC,19641446.0,18780640.0,1599246.6,1433317.5,248567.0,236177.0,135570.5,191638.3,103152.4,0.0,27.8,26.1,0,23.9,37.7,961,5493,6848,8786,10939,11374,12131,8200,31091,1772
1782407276,2AC,19598056.0,18760384.0,1600953.4,1435922.6,249015.2,236376.9,135492.2,191489.6,103134.5,0.0,27.8,26.1,0,23.9,37.7,960,5492,6847,8784,10937,11374,12129,8199,31088,1772
1782407574,2AC,19626344.0,18824802.0,1603566.5,1432639.4,248392.9,236183.0,135463.4,192075.5,103116.0,0.0,27.8,26.1,0,23.9,37.7,960,5492,6847,8786,10936,11374,12129,8198,31086,1772
1782407875,2AC,19643640.0,18733574.0,1603129.5,1437443.5,249039.5,236175.8,135634.3,191916.2,103099.2,0.0,27.8,26.1,0,23.9,37.7,961,5492,6846,8785,10937,11373,12128,8198,31086,1772
1782408176,2AC,19720176.0,18787984.0,1605137.1,1437194.5,249114.7,236462.9,135292.9,191934.5,103082.3,0.0,27.8,26.1,0,23.9,37.7,960,5492,6846,8784,10936,11372,12129,8198,31084,1772
1782408474,2AC,19711144.0,18770834.0,1595845.1,1435318.1,249056.6,236694.2,135572.4,192190.7,103066.7,0.0,27.8,26.1,0,23.9,37.7,960,5491,6846,8784,10937,11371,12129,8198,31082,1772
1782408775,2AC,19663618.0,18787346.0,1604110.9,1436005.9,249557.6,236650.5,135702.8,191862.2,103051.6,0.0,27.7,26.1,0,23.9,37.7,961,5492,6846,8786,10937,11373,12129,8198,31085,1773
1782409076,2AC,19655552.0,18816002.0,1603739.4,1437758.1,248959.6,236567.4,135595.0,192394.3,103035.5,0.0,27.7,26.1,0,23.9,37.8,960,5492,6846,8784,10936,11372,12128,8198,31086,1774
1782409374,2AC,19604554.0,18839686.0,1600615.4,1435918.4,249332.5,236618.8,135600.4,192489.5,103022.4,0.0,27.7,26.1,0,23.9,37.8,960,5492,6846,8785,10939,11374,12129,8198,31086,1773
1782409675,2AC,19651402.0,18828966.0,1604726.6,1438351.4,249445.0,236640.0,135420.1,191655.2,103009.1,0.0,27.7,26.2,0,23.9,37.8,960,5493,6845,8785,10937,11374,12131,8199,31090,1774
1782409974,2AC,19667988.0,18795830.0,1604403.1,1434041.4,249432.1,236724.5,135401.4,191539.2,102994.9,0.0,27.7,26.2,0,23.9,37.8,961,5492,6846,8786,10937,11374,12130,8199,31086,1772
1782410275,2AC,19662354.0,18799722.0,1603468.0,1436223.5,249611.2,236998.2,135487.7,192557.2,102980.5,0.0,27.7,26.2,0,23.8,37.8,960,5492,6846,8784,10935,11371,12127,8197,31084,1773
1782410576,2AC,19672562.0,18823234.0,1606007.6,1434012.1,249118.4,236770.8,135406.2,191861.4,102969.2,0.0,27.7,26.2,0,23.8,37.8,960,5492,6846,8785,10937,11371,12129,8198,31086,1774
1782410874,2AC,19660520.0,18802366.0,1602558.0,1437031.1,249583.6,236382.1,135465.8,192115.0,102959.9,0.0,27.7,26.2,0,23.9,37.8,960,5491,6844,8783,10934,11370,12124,8197,31076,1772
1782411176,2AC,19654598.0,18800050.0,1601633.0,1435790.4,249314.8,237006.1,135747.9,191362.6,102951.1,0.0,27.7,26.2,0,23.9,37.9,960,5493,6846,8785,10937,11373,12128,8198,31082,1772
1782411474,2AC,19618582.0,18819720.0,1601920.6,1433062.1,249186.8,236534.3,136071.2,191398.7,102944.1,0.0,27.7,26.2,0,23.9,37.9,960,5490,6843,8783,10933,11369,12124,8196,31074,1773
1782411775,2AC,19694186.0,18773522.0,1599869.0,1437784.0,248855.0,236681.8,135544.5,192257.1,102940.5,0.0,27.7,26.2,0,23.9,37.9,960,5490,6844,8782,10934,11371,12127,8196,31084,1773
1782412076,2AC,19582248.0,18725178.0,1597099.0,1435873.9,249025.4,236186.9,135440.6,190933.0,102938.0,0.0,27.8,26.2,0,23.9,37.9,961,5493,6847,8784,10940,11377,12132,8200,31095,1774
1782412374,2AC,19563640.0,18688482.0,1593630.9,1426827.6,248470.8,235848.9,134902.7,191346.6,102937.0,0.0,27.8,26.2,0,23.9,37.9,960,5490,6845,8782,10933,11369,12124,8196,31077,1771
1782412675,2AC,19475618.0,18707474.0,1591541.0,1426978.4,247802.0,236051.9,134929.0,191166.2,102934.0,0.0,27.8,26.3,0,23.9,37.9,960,5491,6845,8781,10933,11369,12125,8196,31081,1773
1782412974,2AC,19465210.0,18627844.0,1591091.5,1423668.9,247943.7,235366.1,135013.4,190854.7,102932.0,0.0,27.9,26.3,0,24.0,37.9,960,5491,6847,8783,10935,11373,12127,8197,31087,1772
1782413275,2AC,19376134.0,18605402.0,1582776.9,1425370.9,247423.3,234656.8,134820.9,190855.6,102930.5,0.0,27.9,26.3,0,24.0,38.0,961,5493,6847,8784,10936,11374,12129,8198,31091,1772
1782413576,2AC,19380254.0,18585400.0,1585912.9,1417701.0,247165.8,234270.2,134990.3,190861.9,102929.0,0.0,27.9,26.3,0,24.0,38.0,961,5494,6849,8785,10938,11375,12130,8199,31094,1772
1782413874,2AC,19409474.0,18566106.0,1580179.0,1419236.5,246844.9,234048.0,134643.0,190617.1,102925.7,0.0,27.9,26.3,0,24.1,38.0,961,5493,6849,8783,10934,11372,12128,8198,31088,1773
1782414175,2AC,19306800.0,18435166.0,1579601.0,1414078.9,246155.2,234184.8,134343.9,190430.3,102922.2,0.0,28.0,26.3,0,24.1,38.0,961,5492,6849,8783,10935,11372,12128,8198,31088,1773
1782414476,2AC,19243306.0,18421672.0,1576956.4,1410818.6,246307.0,233563.7,134150.0,190161.2,102918.4,0.0,28.0,26.3,0,24.1,38.0,960,5493,6850,8784,10935,11372,12128,8197,31088,1774
1782414774,2AC,19258554.0,18366280.0,1573662.9,1411769.9,245619.7,234060.2,133842.9,189821.4,102915.2,0.0,28.0,26.3,0,24.1,38.0,961,5493,6849,8783,10933,11370,12125,8197,31080,1771
1782415075,2AC,19216504.0,18420874.0,1572662.0,1410254.5,245289.2,233459.1,134004.0,189442.4,102912.7,0.0,28.0,26.3,0,24.2,38.0,960,5493,6849,8782,10932,11370,12125,8196,31084,1771
1782415376,2AC,19144926.0,18290876.0,1569344.1,1405918.9,245336.9,232661.1,133893.6,189087.5,102908.7,0.0,28.1,26.3,0,24.2,38.1,960,5492,6849,8781,10932,11369,12125,8196,31084,1773
1782415674,2AC,19064294.0,18207934.0,1567040.0,1404099.6,244537.4,232642.5,133492.2,189457.6,102902.2,0.0,28.1,26.3,0,24.2,38.0,961,5494,6851,8783,10936,11373,12129,8198,31091,1773
1782415976,2AC,19058426.0,18306706.0,1567829.5,1403909.5,244918.2,232459.6,133609.4,189282.7,102896.7,0.0,28.1,26.3,0,24.2,38.1,961,5495,6853,8785,10937,11376,12131,8200,31096,1772
1782416274,2AC,19002176.0,18206512.0,1562994.4,1400886.1,244494.1,232300.2,133385.1,189117.8,102890.0,0.0,28.1,26.3,0,24.2,38.0,961,5494,6852,8784,10936,11371,12128,8197,31095,1770
1782416575,2AC,19078070.0,18196390.0,1561798.9,1393719.1,244007.4,232264.4,133282.6,188709.2,102882.9,0.0,28.1,26.3,0,24.3,38.1,961,5494,6851,8782,10935,11373,12128,8197,31089,1772
1782416876,2AC,18990554.0,18193966.0,1558442.0,1395892.9,243691.1,231534.2,133292.7,188574.9,102876.0,0.0,28.2,26.4,0,24.3,38.1,961,5494,6852,8784,10934,11371,12127,8197,31085,1774
1782417174,2AC,18953414.0,18123966.0,1556466.5,1392598.5,243723.5,231895.8,133101.9,188834.2,102869.8,0.0,28.2,26.4,0,24.3,38.1,961,5496,6854,8784,10938,11376,12131,8199,31095,1772
1782417475,2AC,18912518.0,18072528.0,1559117.4,1391574.0,243888.9,231170.7,132990.2,188934.0,102862.7,0.0,28.2,26.4,0,24.3,38.1,961,5496,6854,8785,10937,11374,12130,8198,31097,1772
1782417776,2AC,18920406.0,18055952.0,1556936.0,1387403.5,243499.5,231203.6,132817.2,188373.1,102856.4,0.0,28.2,26.3,0,24.3,38.1,961,5495,6853,8784,10938,11375,12131,8199,31092,1774
1782418074,2AC,18901042.0,18093898.0,1552313.0,1391492.5,243099.1,230819.6,132911.4,188476.3,102850.0,0.0,28.2,26.4,0,24.4,38.2,961,5494,6853,8783,10935,11374,12130,8199,31092,1773
1782418376,2AC,18871080.0,18052936.0,1549341.4,1387814.9,243022.2,230662.3,132674.3,188130.2,102845.1,0.0,28.2,26.4,0,24.4,38.2,961,5496,6855,8786,10939,11376,12131,8200,31092,1771
1782418674,2AC,18833944.0,18027216.0,1548001.4,1385915.6,242699.4,230455.4,132516.1,187810.5,102838.6,0.0,28.3,26.4,0,24.4,38.2,961,5495,6854,8784,10935,11375,12130,8199,31095,1771
1782418975,2AC,18771038.0,17961032.0,1548582.9,1385892.4,242345.4,229955.8,132405.7,187738.3,102832.3,0.0,28.3,26.4,0,24.4,38.1,961,5496,6856,8785,10937,11374,12130,8199,31092,1772
1782419276,2AC,18757284.0,17933686.0,1545131.9,1383913.1,242578.9,230153.4,132425.1,187697.0,102826.2,0.0,28.3,26.4,0,24.4,38.2,961,5496,6855,8784,10937,11375,12130,8199,31095,1773
1782419574,2AC,18763886.0,17954784.0,1542521.6,1381511.1,242431.8,230120.5,132554.1,187440.4,102820.9,0.0,28.3,26.4,0,24.4,38.2,961,5495,6854,8784,10934,11374,12128,8198,31092,1770
1782419875,2AC,18767816.0,17860240.0,1542284.6,1379478.8,242119.3,229804.0,132122.2,187527.9,102815.4,0.0,28.3,26.4,0,24.4,38.2,962,5497,6856,8785,10938,11374,12132,8200,31094,1772
1782420176,2AC,18666526.0,17854232.0,1538762.1,1377728.5,241652.0,229746.9,131963.9,187059.3,102809.3,0.0,28.3,26.4,0,24.5,38.2,961,5496,6856,8785,10938,11376,12132,8200,31101,1771
1782420474,2AC,18642334.0,17835402.0,1537480.4,1375933.9,241000.7,229496.5,131937.5,187081.1,102802.8,0.0,28.3,26.4,0,24.5,38.2,961,5495,6854,8782,10935,11372,12128,8198,31086,1771
1782420775,2AC,18651320.0,17818820.0,1536674.4,1376688.5,241402.3,228997.9,131727.0,186663.8,102796.5,0.0,28.4,26.4,0,24.5,38.2,961,5495,6856,8783,10936,11372,12128,8198,31098,1771
1782421076,2AC,18550802.0,17791644.0,1536413.9,1372356.1,241335.0,228939.0,131795.2,186699.4,102789.9,0.0,28.4,26.5,0,24.5,38.2,961,5496,6856,8784,10935,11374,12129,8199,31096,1772
1782421374,2AC,18534414.0,17753538.0,1532948.5,1369849.6,241314.8,228907.8,131662.5,186843.9,102783.2,0.0,28.4,26.5,0,24.5,38.3,961,5495,6855,8781,10932,11372,12128,8198,31089,1772
1782421676,2AC,18547154.0,17714120.0,1530745.5,1370686.6,240492.2,229045.7,131632.3,186440.1,102776.6,0.0,28.4,26.4,0,24.5,38.2,961,5496,6856,8782,10933,11371,12128,8197,31088,1770
1782421974,2AC,18465520.0,17732498.0,1529991.9,1367454.9,240489.0,228904.6,131268.8,186520.0,102769.6,0.0,28.4,26.5,0,24.6,38.3,962,5496,6856,8783,10935,11374,12130,8199,31097,1771
1782422275,2AC,18507984.0,17683382.0,1527039.0,1368887.4,240922.6,228594.2,131468.0,186197.3,102762.6,0.0,28.5,26.5,0,24.6,38.3,961,5497,6857,8783,10935,11374,12130,8200,31094,1771
1782422576,2AC,18474026.0,17685880.0,1522085.6,1366222.9,240419.7,228006.3,131026.9,186339.4,102755.0,0.0,28.5,26.5,0,24.6,38.3,962,5498,6858,8785,10938,11377,12134,8201,31106,1772
1782422874,2AC,18493282.0,17603360.0,1525929.6,1361736.1,239819.6,228418.8,131223.3,186177.5,102745.3,0.0,28.5,26.5,0,24.6,38.3,962,5498,6859,8786,10936,11376,12132,8200,31103,1773
1782423175,2AC,18380986.0,17624120.0,1523801.0,1364461.4,239866.4,228168.0,130983.3,186040.7,102734.7,0.0,28.5,26.5,0,24.6,38.3,961,5496,6856,8782,10931,11371,12125,8196,31090,1771
1782423476,2AC,18441800.0,17584600.0,1522876.1,1361206.9,240303.6,228046.5,131059.4,185898.9,102724.9,0.0,28.5,26.5,0,24.6,38.3,961,5497,6857,8783,10935,11374,12128,8198,31098,1772
1782423775,2AC,18361462.0,17609446.0,1523441.9,1363483.0,240167.9,227654.4,131099.9,185817.5,102713.3,0.0,28.5,26.5,0,24.6,38.3,961,5497,6858,8783,10936,11374,12130,8199,31093,1771
1782424076,2AC,18379358.0,17600038.0,1520566.6,1361817.6,240087.9,227795.7,130889.0,185741.0,102702.5,0.0,28.5,26.5,0,24.6,38.3,961,5496,6857,8783,10936,11374,12130,8199,31102,1771
1782424374,2AC,18342280.0,17575904.0,1521670.1,1363178.6,239523.4,227919.8,130943.8,185463.9,102691.5,0.0,28.5,26.5,0,24.6,38.4,961,5497,6858,8785,10937,11375,12131,8199,31097,1771
1782424675,2AC,18368832.0,17566748.0,1522785.4,1362564.1,239960.6,227849.1,130861.1,185841.1,102681.3,0.0,28.5,26.6,0,24.6,38.4,962,5498,6858,8786,10936,11375,12131,8200,31099,1771
1782424976,2AC,18373030.0,17593990.0,1520511.0,1359629.4,239413.6,227498.5,131082.4,185774.5,102672.7,0.0,28.5,26.6,0,24.7,38.4,962,5497,6858,8783,10937,11374,12131,8200,31099,1770
1782425274,2AC,18363550.0,17544760.0,1519326.5,1361252.8,239685.5,227181.9,130922.7,185785.7,102664.8,0.0,28.5,26.6,0,24.6,38.4,962,5498,6858,8784,10934,11375,12130,8198,31105,1771
1782425575,2AC,18335594.0,17537222.0,1519854.9,1357224.4,239432.6,227802.8,130849.9,185645.8,102658.6,0.0,28.5,26.6,0,24.7,38.4,962,5498,6858,8784,10937,11375,12132,8200,31103,1770
1782425876,2AC,18317454.0,17516330.0,1513369.1,1356700.8,238796.9,227450.9,130732.6,185420.6,102652.6,0.0,28.6,26.6,0,24.7,38.4,962,5498,6859,8785,10936,11378,12133,8201,31106,1771
1782426174,2AC,18322930.0,17536698.0,1516504.9,1357317.9,239036.0,227782.4,130825.3,185569.3,102645.9,0.0,28.6,26.6,0,24.7,38.4,961,5496,6858,8783,10933,11374,12128,8198,31098,1770
1782426475,2AC,18260496.0,17434008.0,1512932.6,1351819.0,238681.4,226871.5,130601.2,185038.7,102639.6,0.0,28.6,26.6,0,24.7,38.4,961,5495,6857,8781,10932,11372,12126,8196,31090,1770
1782426776,2AC,18262472.0,17455404.0,1514556.0,1349918.0,238953.7,226902.2,130359.0,184709.0,102632.3,0.0,28.6,26.6,0,24.7,38.4,962,5497,6858,8784,10932,11372,12129,8197,31091,1770
1782427073,2AC,18222768.0,17450266.0,1512743.5,1351084.5,239202.7,227231.8,130527.8,185087.5,102622.9,0.0,28.6,26.6,0,24.7,38.4,961,5497,6858,8782,10933,11373,12127,8197,31095,1772
1782427374,2AC,18251382.0,17460888.0,1512028.6,1349547.5,238705.8,227004.6,130353.8,184821.6,102613.7,0.0,28.6,26.7,0,24.7,38.4,962,5498,6860,8783,10936,11375,12130,8199,31096,1771
1782427675,2AC,18211624.0,17354660.0,1510851.1,1347806.1,238698.5,226431.9,130390.6,184609.9,102603.3,0.0,28.6,26.7,0,24.8,38.5,962,5499,6860,8785,10934,11375,12130,8199,31099,1770
1782427976,2AC,18162898.0,17407902.0,1511831.9,1347077.4,238136.7,226893.8,130385.0,184802.9,102593.0,0.0,28.6,26.7,0,24.8,38.5,962,5498,6859,8783,10935,11376,12130,8199,31103,1770
1782428274,2AC,18193688.0,17397430.0,1508517.6,1348691.1,238352.1,226527.0,130367.9,184811.2,102582.1,0.0,28.6,26.7,0,24.8,38.5,961,5498,6859,8783,10936,11374,12131,8199,31100,1770
1782428575,2AC,18150690.0,17374702.0,1510530.9,1347716.5,238650.3,226632.3,130290.3,184948.8,102572.2,0.0,28.6,26.7,0,24.8,38.5,962,5498,6859,8784,10934,11376,12131,8199,31106,1771
1782428876,2AC,18176838.0,17337180.0,1509662.6,1345511.0,238173.8,226603.1,129973.4,184454.6,102562.1,0.0,28.6,26.7,0,24.8,38.5,961,5498,6859,8783,10934,11374,12131,8199,31104,1771
1782429174,2AC,18114442.0,17369664.0,1508364.5,1343392.6,238409.7,226812.5,130387.6,184484.5,102551.6,0.0,28.7,26.7,0,24.8,38.5,962,5497,6859,8781,10932,11374,12127,8197,31092,1770
1782429475,2AC,18180398.0,17358702.0,1507964.1,1346146.0,238461.1,226545.5,129980.4,184191.4,102540.6,0.0,28.6,26.7,0,24.8,38.5,961,5497,6860,8784,10933,11372,12127,8197,31092,1770
1782429776,2AC,18136296.0,17350830.0,1508597.5,1346388.6,238132.0,226623.8,130241.6,184471.2,102529.2,0.0,28.7,26.7,0,24.8,38.6,962,5496,6858,8781,10930,11371,12125,8196,31092,1770
1782430074,2AC,18120514.0,17359680.0,1509563.1,1344971.4,238620.4,226804.3,130053.6,184398.0,102518.0,0.0,28.6,26.7,0,24.8,38.6,961,5496,6859,8781,10931,11371,12126,8198,31094,1771
1782430375,2AC,18127190.0,17353304.0,1508886.1,1347921.1,238415.2,226756.3,130206.5,184592.2,102506.1,0.0,28.6,26.7,0,24.8,38.5,961,5497,6859,8782,10931,11372,12128,8198,31095,1770
1782430676,2AC,18167242.0,17407438.0,1512294.9,1346240.9,238902.4,226581.4,130072.8,184434.8,102494.6,0.0,28.7,26.7,0,24.8,38.6,961,5496,6858,8779,10932,11371,12127,8197,31094,1770
1782430974,2AC,18190496.0,17369718.0,1510041.4,1348000.5,238279.4,226663.0,130140.7,184174.0,102483.5,0.0,28.6,26.7,0,24.8,38.6,961,5498,6859,8783,10931,11373,12127,8196,31095,1772
1782431275,2AC,18130502.0,17350200.0,1508395.9,1345335.0,238877.8,226624.3,130266.8,184535.2,102471.6,0.0,28.7,26.7,0,24.8,38.6,961,5497,6859,8782,10931,11374,12128,8197,31098,1772
1782431573,2AC,18191952.0,17358314.0,1506310.5,1346539.6,238840.4,226609.4,130123.5,184545.8,102460.8,0.0,28.7,26.7,0,24.8,38.6,961,5497,6858,8782,10934,11373,12129,8199,31098,1773
1782431874,2AC,18188642.0,17361142.0,1508482.6,1348696.4,239249.8,226514.2,130265.1,184494.5,102448.9,0.0,28.6,26.8,0,24.8,38.6,961,5496,6857,8780,10929,11370,12126,8195,31092,1772
1782432175,2AC,18134802.0,17329128.0,1507485.4,1345977.1,238866.8,226672.9,130173.1,184255.6,102438.8,0.0,28.6,26.7,0,24.8,38.6,961,5498,6859,8783,10933,11372,12129,8198,31100,1772
1782432474,2AC,18156242.0,17319862.0,1508419.0,1345381.4,238799.0,227493.7,130216.1,184291.0,102427.5,0.0,28.7,26.8,0,24.8,38.6,961,5496,6857,8779,10930,11369,12125,8196,31091,1770
1782432775,2AC,18088006.0,17346008.0,1507574.1,1347953.5,238710.3,226417.5,129880.9,184160.5,102416.5,0.0,28.6,26.8,0,24.8,38.6,961,5497,6858,8782,10933,11372,12127,8197,31095,1770
1782433076,2AC,18113050.0,17346592.0,1508453.9,1346860.6,239173.8,226996.0,130431.4,184212.9,102405.4,0.0,28.6,26.8,0,24.8,38.6,961,5495,6856,8779,10930,11369,12125,8195,31091,1769
1782433373,2AC,18122384.0,17311214.0,1507606.4,1347547.9,238774.4,226413.4,129937.9,184414.3,102395.2,0.0,28.6,26.8,0,24.8,38.7,961,5496,6858,8781,10930,11371,12125,8196,31092,1771
1782433674,2AC,18157582.0,17367186.0,1508913.1,1348756.2,239159.0,227499.3,130214.3,184368.3,102385.2,0.0,28.7,26.8,0,24.8,38.7,961,5495,6857,8780,10931,11369,12126,8195,31087,1771
1782433975,2AC,18136962.0,17379146.0,1509374.9,1344582.4,238983.6,227327.0,130185.6,184468.5,102375.2,0.0,28.7,26.8,0,24.8,38.7,961,5497,6859,8782,10934,11371,12128,8197,31099,1771
1782434276,2AC,18156278.0,17375352.0,1510523.9,1344169.4,239109.7,226871.3,130180.3,184634.0,102365.5,0.0,28.6,26.8,0,24.8,38.7,961,5498,6860,8783,10935,11374,12130,8199,31103,1771
1782434574,2AC,18128410.0,17359542.0,1509468.0,1349583.1,238759.5,226541.7,130012.8,184520.4,102355.5,0.0,28.7,26.9,0,24.8,38.7,961,5496,6859,8782,10932,11370,12126,8197,31095,1771
1782434875,2AC,18188242.0,17308470.0,1509743.6,1345501.9,238514.4,226951.9,130191.2,184415.9,102347.0,0.0,28.6,26.8,0,24.8,38.7,962,5499,6861,8784,10935,11376,12130,8199,31100,1772
1782435173,2AC,18116936.0,17327928.0,1510474.5,1348905.4,238947.6,227633.9,130044.7,184593.2,102338.0,0.0,28.6,26.9,0,24.8,38.7,961,5497,6858,8780,10931,11371,12126,8196,31095,1772
1782435474,2AC,18098176.0,17318450.0,1509389.5,1348585.9,238702.4,227848.3,130155.4,184315.3,102328.2,0.0,28.7,26.8,0,24.8,38.7,962,5498,6859,8784,10933,11374,12127,8198,31101,1771
1782435775,2AC,18155266.0,17333872.0,1510904.1,1348383.4,238808.2,226760.2,130276.1,184421.4,102319.3,0.0,28.7,26.8,0,24.8,38.7,962,5496,6858,8779,10928,11368,12125,8195,31085,1769
1782436076,2AC,18109234.0,17335654.0,1510114.6,1346007.1,238842.0,226891.6,130161.5,184235.5,102309.1,0.0,28.7,26.9,0,24.8,38.7,962,5496,6857,8781,10928,11371,12125,8195,31086,1772
1782436374,2AC,18111862.0,17339310.0,1510399.6,1348525.5,238661.2,227630.4,130122.0,184304.3,102299.0,0.0,28.7,26.9,0,24.8,38.8,962,5498,6862,8784,10936,11375,12131,8199,31105,1772
1782436675,2AC,18128642.0,17344134.0,1506780.9,1350331.0,238831.0,227167.7,129834.6,184282.6,102289.4,0.0,28.7,26.9,0,24.8,38.8,962,5500,6861,8783,10937,11375,12132,8200,31105,1771
1782436976,2AC,18121474.0,17290390.0,1509397.6,1351330.1,239154.9,226940.1,130099.8,184412.1,102280.0,0.0,28.7,26.9,0,24.8,38.7,962,5498,6860,8784,10935,11378,12131,8200,31104,1770
1782437274,2AC,18090976.0,17293936.0,1507219.6,1347667.1,239189.5,227403.6,130097.9,184081.3,102270.6,0.0,28.7,26.9,0,24.8,38.8,962,5497,6858,8780,10933,11371,12127,8197,31091,1770
1782437575,2AC,18092746.0,17301178.0,1511977.0,1351433.9,239154.3,226986.8,130029.1,184346.9,102260.9,0.0,28.7,26.9,0,24.8,38.8,961,5495,6857,8779,10930,11368,12124,8194,31080,1769
1782437875,2AC,18043838.0,17271880.0,1509905.9,1347937.8,239166.2,227379.1,129995.3,184217.4,102251.7,0.0,28.7,26.9,0,24.8,38.8,961,5497,6858,8781,10931,11371,12125,8196,31088,1772
1782438176,2AC,18121882.0,17337902.0,1508703.0,1348221.5,238935.6,227462.2,130062.9,184486.4,102242.5,0.0,28.7,26.9,0,24.8,38.8,962,5497,6859,8782,10933,11372,12128,8198,31099,1771
1782438474,2AC,18119502.0,17362574.0,1510383.5,1350955.0,239850.3,227052.3,130067.8,184419.0,102233.5,0.0,28.7,26.9,0,24.8,38.8,962,5497,6859,8781,10934,11371,12129,8198,31101,1770
1782438775,2AC,18102474.0,17282582.0,1507183.9,1345793.0,239653.8,227429.0,130138.7,184686.1,102224.6,0.0,28.7,27.0,0,24.8,38.8,961,5498,6859,8783,10934,11372,12130,8198,31098,1769
1782439076,2AC,18135298.0,17321682.0,1509384.6,1351853.9,239090.0,227265.8,130003.7,184597.1,102215.6,0.0,28.7,27.0,0,24.8,38.8,962,5497,6859,8783,10930,11371,12127,8197,31096,1771
1782439374,2AC,18086178.0,17352934.0,1512415.9,1347811.1,239811.8,227364.0,130066.2,184390.4,102208.0,0.0,28.7,27.0,0,24.8,38.8,962,5499,6861,8784,10935,11375,12130,8198,31104,1773
1782439675,2AC,18113270.0,17312094.0,1509823.9,1348730.0,239294.8,227284.3,129981.6,184151.1,102199.9,0.0,28.7,27.0,0,24.8,38.8,961,5498,6860,8783,10936,11376,12131,8199,31106,1773
1782439976,2AC,18096826.0,17285438.0,1509138.9,1348456.8,239391.6,227743.9,130078.4,183955.8,102191.6,0.0,28.7,26.9,0,24.8,38.8,961,5498,6860,8784,10934,11374,12128,8198,31102,1770
1782440274,2AC,18118934.0,17356542.0,1510312.9,1348488.5,239965.9,227338.5,130041.7,184044.0,102183.8,0.0,28.7,27.0,0,24.8,38.8,962,5499,6860,8785,10934,11373,12129,8198,31096,1770
1782440575,2AC,18112298.0,17268342.0,1510681.9,1351265.4,239402.6,227458.0,130058.1,184086.8,102175.6,0.0,28.7,27.0,0,24.8,38.9,962,5498,6859,8783,10935,11373,12128,8199,31097,1770
1782440876,2AC,18073446.0,17261000.0,1512178.5,1347797.5,239790.7,226869.9,130024.1,184141.3,102167.7,0.0,28.7,27.0,0,24.8,38.9,962,5498,6861,8784,10935,11373,12129,8198,31099,1770
1782441174,2AC,18134446.0,17316576.0,1508851.6,1348488.5,239744.8,227444.1,129944.4,183998.8,102157.9,0.0,28.7,27.0,0,24.8,38.9,962,5499,6862,8785,10935,11378,12133,8201,31110,1771
1782441475,2AC,18069038.0,17314848.0,1511246.4,1352150.0,239667.4,227571.9,129972.0,183831.0,102150.5,0.0,28.7,27.0,0,24.8,38.9,962,5498,6860,8783,10932,11372,12129,8198,31100,1770
1782441776,2AC,18092550.0,17298210.0,1507723.6,1348397.0,239490.9,227330.1,129943.5,184465.5,102142.7,0.0,28.7,27.0,0,24.8,38.9,962,5500,6862,8785,10936,11376,12132,8201,31110,1771
1782442074,2AC,18105122.0,17317866.0,1510728.0,1349063.9,239470.9,228104.2,129902.4,184148.5,102133.6,0.0,28.7,27.0,0,24.8,38.9,962,5498,6860,8782,10934,11374,12130,8198,31099,1771
1782442375,2AC,18114450.0,17294640.0,1507620.0,1348748.4,239437.4,227307.0,130193.3,184093.7,102125.4,0.0,28.7,27.0,0,24.8,38.9,961,5498,6859,8784,10935,11373,12128,8198,31097,1773
1782442674,2AC,18061750.0,17308066.0,1511088.0,1349573.6,239485.4,227516.3,130026.7,184466.2,102117.3,0.0,28.7,27.0,0,24.8,38.9,961,5498,6861,8783,10933,11375,12126,8199,31096,1770
1782442975,2AC,18110056.0,17327266.0,1511808.6,1352514.4,239741.8,227729.9,130049.3,184120.9,102108.5,0.0,28.7,27.0,0,24.8,38.9,961,5499,6860,8783,10932,11372,12128,8198,31095,1770
1782443275,2AC,18082776.0,17334556.0,1509183.6,1347444.9,239528.2,227413.2,129952.8,184048.6,102101.0,0.0,28.7,27.0,0,24.8,38.9,961,5498,6859,8783,10932,11371,12127,8199,31097,1772
1782443573,2AC,18102338.0,17309662.0,1510473.9,1353480.9,239720.5,228131.2,130040.7,184248.9,102093.9,0.0,28.7,27.1,0,24.8,38.9,962,5499,6861,8784,10934,11375,12129,8199,31102,1772
1782443874,2AC,18099112.0,17278542.0,1511021.9,1352165.4,240511.0,227634.7,130003.7,184015.4,102086.9,0.0,28.7,27.1,0,24.8,39.0,961,5498,6860,8783,10934,11373,12129,8198,31102,1772
1782444175,2AC,18107354.0,17262856.0,1510480.5,1347239.5,240077.7,227734.0,129969.9,184192.4,102080.8,0.0,28.7,27.1,0,24.8,39.0,961,5498,6861,8784,10934,11376,12130,8198,31097,1771
1782444476,2AC,18073314.0,17284208.0,1508126.4,1347827.6,239864.3,228036.1,129894.8,184109.6,102074.0,0.0,28.7,27.1,0,24.9,39.0,961,5498,6860,8783,10930,11373,12128,8198,31096,1772
1782444774,2AC,18058678.0,17262576.0,1512017.6,1352440.6,240243.8,228243.3,130122.8,183769.6,102067.4,0.0,28.7,27.1,0,24.8,39.0,962,5497,6860,8783,10933,11374,12127,8198,31099,1772
1782445076,2AC,18084792.0,17318974.0,1508774.5,1349431.5,239988.1,227985.4,129902.7,184103.8,102060.3,0.0,28.7,27.1,0,24.9,39.0,962,5498,6861,8785,10936,11376,12131,8199,31106,1770
1782445374,2AC,18043910.0,17225568.0,1511206.1,1348788.9,239523.9,227355.5,129967.4,183941.0,102053.8,0.0,28.7,27.1,0,24.9,39.0,962,5500,6863,8787,10936,11379,12132,8201,31111,1771
1782445675,2AC,18062332.0,17283706.0,1508737.5,1348796.6,239690.2,227447.9,129996.9,184217.8,102047.5,0.0,28.7,27.1,0,24.9,39.0,962,5500,6863,8786,10933,11375,12131,8200,31103,1770
1782445976,2AC,18135792.0,17307102.0,1511170.6,1349051.0,239818.4,228041.4,130079.1,183561.8,102042.1,0.0,28.7,27.1,0,24.9,39.0,962,5497,6860,8781,10930,11369,12126,8196,31092,1769
1782446273,2AC,18086218.0,17264784.0,1511814.0,1344889.5,240320.5,227847.4,129792.5,184066.0,102034.8,0.0,28.8,27.1,0,24.9,39.0,961,5497,6859,8782,10931,11372,12127,8197,31095,1773
1782446574,2AC,18095526.0,17244378.0,1511195.5,1348156.6,240958.6,228112.8,130006.7,184037.8,102028.7,0.0,28.7,27.1,0,24.9,39.1,961,5498,6861,8783,10930,11372,12126,8196,31091,1770
1782446875,2AC,18026210.0,17249568.0,1509245.1,1348123.1,240135.8,227856.0,130000.4,184012.7,102022.6,0.0,28.8,27.1,0,24.9,39.0,961,5497,6858,8781,10930,11369,12124,8196,31087,1769
1782447176,2AC,18079642.0,17230512.0,1510000.9,1352352.4,239973.2,228121.2,129981.4,184215.3,102016.6,0.0,28.8,27.1,0,24.9,39.0,961,5499,6861,8783,10932,11373,12126,8198,31091,1770
1782447474,2AC,18040566.0,17301990.0,1510528.5,1348781.1,240442.8,227667.4,129770.2,183915.0,102010.6,0.0,28.8,27.1,0,24.9,39.0,961,5498,6860,8781,10934,11373,12129,8198,31098,1769
1782447775,2AC,18084180.0,17268302.0,1512694.5,1351273.1,240570.0,228343.8,130003.0,183776.9,102004.5,0.0,28.8,27.1,0,24.9,39.0,962,5498,6861,8783,10934,11376,12130,8199,31101,1771
1782448076,2AC,18056136.0,17280266.0,1510315.1,1349614.0,240174.4,228161.4,129998.5,184231.1,101997.6,0.0,28.8,27.2,0,24.9,39.1,961,5499,6862,8784,10937,11376,12132,8200,31103,1771
1782448374,2AC,18020298.0,17233752.0,1509883.6,1352919.4,240011.1,228114.4,129904.9,184222.8,101990.7,0.0,28.8,27.2,0,24.9,39.1,962,5499,6862,8786,10935,11375,12131,8200,31106,1770
1782448675,2AC,18033702.0,17254770.0,1509049.0,1348806.5,240110.0,228779.8,129850.6,183779.5,101983.5,0.0,28.8,27.2,0,24.9,39.1,962,5499,6862,8784,10934,11374,12129,8199,31101,1773
1782448976,2AC,18068206.0,17240934.0,1509996.9,1350425.6,240789.6,228157.3,129914.6,184158.6,101977.5,0.0,28.8,27.2,0,24.9,39.1,962,5500,6862,8785,10936,11380,12136,8203,31114,1772
1782449274,2AC,18053064.0,17310088.0,1509077.1,1351884.5,239833.4,227696.3,130012.8,183910.1,101968.2,0.0,28.8,27.2,0,24.9,39.1,962,5500,6863,8786,10936,11377,12133,8201,31109,1770
1782449574,2AC,18057074.0,17272240.0,1510988.1,1349313.9,240242.5,228392.1,130142.0,184050.1,101956.7,0.0,28.8,27.2,0,24.9,39.1,962,5497,6860,8782,10929,11370,12126,8197,31089,1771
1782449875,2AC,18035214.0,17256432.0,1509366.9,1349581.4,240585.1,228351.5,129980.6,184037.2,101945.0,0.0,28.8,27.2,0,24.9,39.1,962,5498,6860,8783,10930,11372,12127,8198,31094,1769
1782450176,2AC,18108510.0,17277566.0,1511205.4,1352229.1,240673.7,228886.6,130114.9,184207.7,101932.2,0.0,28.8,27.2,0,24.9,39.1,961,5497,6860,8783,10929,11370,12125,8196,31087,1770
1782450474,2AC,18059594.0,17335688.0,1518152.0,1357565.9,240918.9,228699.8,130183.7,184558.0,101919.2,0.0,28.7,27.2,0,24.9,39.1,962,5497,6861,8784,10933,11372,12128,8198,31092,1770
1782450775,2AC,18141470.0,17321594.0,1516865.4,1358100.1,240475.0,229630.4,130020.3,184330.1,101905.8,0.0,28.7,27.2,0,24.9,39.1,962,5498,6860,8783,10935,11374,12128,8199,31097,1772
1782451076,2AC,18126394.0,17383062.0,1517671.6,1356067.9,240757.5,228577.1,130139.9,184439.8,101890.8,0.0,28.7,27.2,0,24.9,39.1,961,5497,6860,8783,10933,11373,12128,8198,31096,1770
1782451374,2AC,18205064.0,17345778.0,1520705.9,1363076.9,241574.4,229223.7,130474.2,184406.2,101876.9,0.0,28.7,27.2,0,24.8,39.1,961,5498,6862,8785,10932,11375,12130,8199,31103,1771
1782451675,2AC,18195654.0,17387302.0,1519834.9,1363729.6,241669.4,229863.0,130532.8,184804.5,101862.7,0.0,28.7,27.2,0,24.8,39.1,962,5499,6861,8785,10935,11376,12132,8200,31104,1772
1782451976,2AC,18230566.0,17404298.0,1522738.0,1366099.4,241845.9,229846.4,130532.9,184733.1,101847.0,0.0,28.7,27.3,0,24.8,39.2,962,5499,6859,8783,10933,11374,12128,8199,31095,1773
1782452274,2AC,18234006.0,17410410.0,1527575.4,1365642.6,242107.5,229883.6,130697.8,184714.8,101832.1,0.0,28.6,27.3,0,24.8,39.2,961,5496,6857,8781,10934,11375,12128,8197,31097,1771
1782452575,2AC,18252258.0,17461464.0,1524771.4,1367317.0,242820.9,230277.6,130797.4,184755.8,101816.3,0.0,28.6,27.3,0,24.8,39.2,961,5497,6859,8783,10930,11373,12126,8196,31088,1769
1782452875,2AC,18248816.0,17501816.0,1526449.5,1372672.5,242737.1,230394.9,130710.2,185006.7,101800.7,0.0,28.6,27.3,0,24.7,39.2,961,5498,6858,8783,10932,11375,12129,8198,31091,1772
1782453474,2AC,45287184.0,43245868.0,3276018.0,2943451.8,433393.5,398735.3,183806.4,252466.3,105199.8,0.0,28.4,16.8,0,24.5,28.0,961,5499,6859,8789,10940,11379,12134,8202,31117,1772
1782453775,2AC,41235312.0,39475036.0,3016257.2,2671838.5,406846.7,376713.5,179404.0,247092.3,105241.1,0.0,28.4,18.6,0,24.5,29.5,961,5498,6859,8789,10938,11380,12134,8202,31112,1771
1782454076,2AC,38608528.0,37001292.0,2823795.2,2511579.8,387987.7,358062.2,175573.2,243470.8,105247.4,0.0,28.4,19.6,0,24.5,30.4,962,5499,6859,8788,10939,11378,12132,8201,31110,1771
1782454374,2AC,36856432.0,35261580.0,2698448.0,2411405.8,376427.4,348526.5,173008.6,240769.6,105238.4,0.0,28.4,20.3,0,24.5,31.1,962,5499,6860,8789,10944,11382,12138,8203,31124,1774
1782454675,2AC,35591980.0,34047220.0,2618251.5,2346623.0,367329.4,339434.0,171111.1,238502.8,105221.8,0.0,28.4,20.8,0,24.5,31.6,961,5498,6858,8786,10937,11375,12130,8200,31102,1773
1782454973,2AC,34718996.0,33281030.0,2557521.8,2293382.2,360991.5,334086.2,169531.4,236407.0,105200.0,0.0,28.4,21.1,0,24.5,32.0,962,5499,6860,8792,10942,11382,12138,8204,31119,1774
1782455274,2AC,34012340.0,32521000.0,2513846.0,2256715.8,355692.2,329376.2,168340.5,234809.2,105175.5,0.0,28.3,21.4,0,24.5,32.3,962,5496,6857,8788,10937,11375,12131,8200,31103,1773
1782455575,2AC,33434654.0,32014208.0,2480745.8,2218480.2,350379.0,326650.8,166767.1,233182.6,105148.6,0.0,28.3,21.6,0,24.5,32.5,961,5496,6855,8785,10934,11376,12129,8198,31101,1771
1782455876,2AC,32927002.0,31494874.0,2449393.2,2197531.8,348005.2,323494.3,165750.2,232674.9,105121.1,0.0,28.3,21.9,0,24.5,32.7,961,5495,6854,8785,10934,11373,12127,8197,31100,1772
1782456174,2AC,32513934.0,31137550.0,2414899.8,2171145.0,343568.7,321737.1,165336.6,231568.4,105093.1,0.0,28.3,22.0,0,24.4,33.0,961,5495,6854,8784,10936,11374,12129,8198,31098,1773
1782456476,2AC,32170822.0,30814272.0,2401838.0,2150654.8,342267.3,319634.0,164676.2,230688.4,105063.9,0.0,28.3,22.2,0,24.4,33.1,961,5495,6854,8785,10936,11375,12130,8199,31100,1771
1782456774,2AC,31841986.0,30531746.0,2381928.0,2136200.5,340507.3,317520.9,164005.5,230145.4,105035.5,0.0,28.3,22.3,0,24.4,33.2,961,5495,6854,8785,10934,11372,12127,8196,31092,1770
1782457075,2AC,31628592.0,30305664.0,2364371.2,2124186.0,337901.9,315931.6,163347.3,229465.4,105005.1,0.0,28.3,22.4,0,24.4,33.3,961,5495,6852,8784,10936,11373,12128,8197,31093,1772
1782457376,2AC,31481498.0,30098946.0,2353562.2,2110152.0,337134.8,314975.9,163185.2,228009.8,104975.7,0.0,28.2,22.5,0,24.4,33.5,961,5494,6853,8784,10934,11372,12127,8196,31093,1770
1782457676,2AC,31234350.0,29857914.0,2339366.8,2098775.2,335608.4,313325.4,162458.1,227732.3,104945.4,0.0,28.2,22.6,0,24.4,33.6,961,5494,6852,8784,10934,11372,12127,8197,31096,1771
1782457974,2AC,30987640.0,29654144.0,2325338.0,2086689.9,334647.5,312067.4,162193.9,227393.8,104915.1,0.0,28.2,22.7,0,24.3,33.7,961,5495,6853,8786,10936,11373,12128,8198,31099,1772
1782458275,2AC,30796136.0,29439848.0,2310011.0,2079690.0,332975.1,310938.0,161764.0,226929.6,104886.0,0.0,28.2,22.8,0,24.3,33.8,961,5496,6855,8788,10939,11377,12132,8200,31109,1771
1782458576,2AC,30631400.0,29396778.0,2299140.8,2067625.1,331022.4,310251.4,161394.2,226082.1,104856.1,0.0,28.2,22.9,0,24.3,33.9,960,5493,6851,8782,10934,11372,12127,8196,31091,1773
1782458874,2AC,30548290.0,29220968.0,2293776.0,2057519.9,329580.2,309342.6,161265.2,226043.2,104827.0,0.0,28.2,22.9,0,24.3,33.9,961,5495,6852,8784,10933,11370,12125,8195,31089,1773
1782459175,2AC,30249386.0,28976678.0,2282576.8,2051388.9,329290.2,308315.0,160843.0,225819.6,104798.3,0.0,28.2,23.0,0,24.3,34.0,961,5496,6853,8786,10936,11376,12130,8199,31103,1772
1782459476,2AC,30174670.0,28823360.0,2272366.0,2043027.5,328427.0,307868.8,160489.9,225409.7,104770.0,0.0,28.1,23.1,0,24.3,34.1,960,5493,6850,8782,10932,11372,12127,8195,31092,1770
1782459774,2AC,30109816.0,28739626.0,2269408.0,2037118.9,326973.2,306346.9,160337.8,224848.8,104741.6,0.0,28.1,23.1,0,24.3,34.2,961,5493,6850,8783,10934,11371,12127,8197,31088,1771
1782460075,2AC,29931666.0,28649538.0,2257794.2,2030061.6,326074.9,306189.9,159679.4,224285.9,104713.4,0.0,28.1,23.2,0,24.2,34.2,961,5496,6851,8785,10935,11373,12129,8198,31100,1771
1782460376,2AC,29771438.0,28491134.0,2254980.0,2021507.6,325350.2,305007.2,160044.5,224163.6,104685.5,0.0,28.1,23.2,0,24.2,34.3,960,5493,6849,8784,10931,11369,12125,8195,31090,1771
1782460673,2AC,29677714.0,28398182.0,2243904.8,2020859.4,325434.2,304222.2,159287.4,223506.2,104657.8,0.0,28.1,23.3,0,24.2,34.4,961,5493,6850,8783,10932,11371,12126,8195,31089,1773
1782460974,2AC,29610082.0,28172664.0,2232781.8,2013384.0,324657.9,304442.5,158993.3,223409.9,104630.1,0.0,28.1,23.3,0,24.2,34.4,961,5494,6852,8785,10937,11375,12129,8197,31092,1773
1782461275,2AC,29519086.0,28106830.0,2230311.0,2005763.4,323216.2,304097.5,159192.5,223197.8,104603.3,0.0,28.1,23.4,0,24.2,34.5,961,5492,6850,8785,10936,11373,12128,8197,31096,1771
1782461576,2AC,29394104.0,28062294.0,2220359.2,2000021.9,322816.8,302728.3,158840.0,222731.2,104576.0,0.0,28.1,23.5,0,24.2,34.5,961,5493,6849,8783,10934,11369,12125,8195,31085,1771
1782461874,2AC,29264870.0,28000624.0,2226154.2,1995970.4,322283.3,302626.0,158593.6,222716.9,104549.2,0.0,28.1,23.5,0,24.2,34.6,960,5493,6848,8782,10932,11369,12124,8197,31091,1773
1782462175,2AC,29252286.0,27781882.0,2212227.8,1986766.6,320902.0,301675.9,158441.2,223020.9,104522.4,0.0,28.1,23.6,0,24.2,34.6,961,5494,6851,8786,10935,11374,12127,8198,31093,1772
1782462476,2AC,29012574.0,27791138.0,2207509.2,1986607.6,321301.8,301504.6,158155.5,222197.9,104496.8,0.0,28.1,23.6,0,24.2,34.7,961,5494,6851,8785,10934,11374,12127,8196,31086,1772
1782462774,2AC,29105258.0,27638462.0,2198748.2,1979774.6,320069.1,300356.5,157708.4,222041.3,104470.6,0.0,28.0,23.6,0,24.2,34.7,961,5493,6848,8783,10933,11370,12125,8197,31085,1771
1782463075,2AC,28827370.0,27541208.0,2197556.0,1974174.6,319872.7,300280.9,157813.6,221471.7,104444.4,0.0,28.0,23.7,0,24.2,34.8,961,5493,6848,8784,10932,11369,12123,8195,31083,1771
1782463375,2AC,28775678.0,27463246.0,2193168.2,1974339.6,318634.9,299423.7,157813.3,221484.0,104419.2,0.0,28.0,23.7,0,24.2,34.8,960,5494,6849,8784,10934,11371,12127,8198,31090,1774
1782463673,2AC,28725992.0,27374902.0,2186559.5,1964646.1,318374.2,299039.3,157556.2,221316.3,104394.9,0.0,28.0,23.7,0,24.2,34.9,960,5493,6849,8784,10935,11372,12127,8196,31087,1773
1782463974,2AC,28601422.0,27291174.0,2178748.2,1962444.0,317798.3,298539.2,157577.3,220917.4,104369.7,0.0,28.0,23.8,0,24.2,34.9,961,5494,6850,8785,10938,11376,12128,8198,31092,1773
1782464275,2AC,28594222.0,27243938.0,2177865.8,1959601.9,317305.4,298130.0,157298.5,220766.4,104344.5,0.0,28.0,23.8,0,24.2,35.0,960,5491,6848,8782,10932,11370,12125,8194,31083,1772
1782464576,2AC,28582422.0,27116014.0,2173138.5,1953303.4,316790.0,297766.4,156850.6,220602.9,104319.9,0.0,28.0,23.8,0,24.2,35.0,961,5494,6850,8784,10936,11372,12129,8197,31090,1773
1782464874,2AC,28369966.0,26958230.0,2164225.8,1946493.9,316252.7,296899.6,156690.8,220346.9,104295.6,0.0,28.0,23.9,0,24.1,35.0,961,5493,6850,8785,10935,11372,12129,8198,31096,1774
1782465175,2AC,28230382.0,26933634.0,2157798.0,1942280.9,316329.5,297260.8,156721.8,220012.6,104271.9,0.0,28.0,23.9,0,24.1,35.1,961,5492,6849,8784,10935,11372,12128,8196,31089,1774
1782465474,2AC,28202142.0,26889774.0,2154709.8,1934739.4,315782.2,296380.5,156672.5,220153.9,104247.2,0.0,28.0,23.9,0,24.1,35.1,961,5492,6848,8783,10932,11370,12125,8195,31078,1770
1782465775,2AC,28109056.0,26854118.0,2150681.0,1938875.9,315609.3,295924.7,156331.2,219151.0,104223.9,0.0,28.0,24.0,0,24.1,35.1,960,5491,6848,8782,10933,11370,12124,8194,31075,1772
1782466076,2AC,28050990.0,26723326.0,2150399.2,1931878.9,314251.6,294853.2,156212.7,219250.2,104200.9,0.0,28.0,24.0,0,24.1,35.2,961,5493,6849,8784,10934,11373,12127,8196,31090,1774
1782466374,2AC,27959638.0,26724784.0,2139905.2,1929699.9,313897.5,295522.0,155925.8,219351.8,104177.2,0.0,28.0,24.0,0,24.1,35.2,961,5492,6848,8783,10932,11370,12124,8194,31084,1771
1782466675,2AC,27948598.0,26727922.0,2142001.0,1922347.4,313739.0,295449.3,156175.1,218679.9,104153.7,0.0,28.0,24.0,0,24.1,35.2,961,5493,6849,8784,10935,11373,12127,8198,31093,1772
1782466976,2AC,27840982.0,26601562.0,2139550.8,1924515.9,313076.7,294544.6,155778.2,218842.3,104131.2,0.0,28.0,24.1,0,24.1,35.2,960,5491,6848,8784,10933,11371,12125,8194,31081,1771
1782467274,2AC,27758224.0,26464224.0,2133281.0,1917440.0,313057.0,294349.5,155673.9,218460.8,104108.1,0.0,28.0,24.1,0,24.1,35.3,961,5493,6849,8784,10932,11371,12126,8196,31088,1771
1782467575,2AC,27741214.0,26495040.0,2128997.2,1914738.0,312611.0,293977.8,155537.6,218357.6,104085.1,0.0,28.0,24.1,0,24.1,35.3,961,5492,6848,8784,10933,11370,12124,8195,31082,1771
1782467876,2AC,27771122.0,26390736.0,2123158.0,1912110.0,312298.7,293352.6,154998.8,218409.9,104062.6,0.0,28.0,24.1,0,24.1,35.4,961,5493,6849,8785,10936,11375,12129,8198,31092,1772
1782468174,2AC,27631232.0,26404614.0,2122647.0,1913232.0,311770.9,293463.7,155431.0,218634.4,104040.0,0.0,28.0,24.2,0,24.1,35.4,960,5492,6848,8782,10932,11370,12124,8195,31079,1772
1782468475,2AC,27606606.0,26395946.0,2115383.2,1902418.0,311328.7,292802.8,155183.8,218544.0,104017.0,0.0,28.0,24.2,0,24.1,35.4,961,5491,6847,8783,10932,11371,12124,8195,31086,1773
1782468773,2AC,27601458.0,26276098.0,2115532.8,1900434.9,311167.3,292830.2,154619.1,218212.7,103994.5,0.0,28.0,24.2,0,24.1,35.5,960,5491,6847,8783,10932,11369,12123,8194,31081,1773
1782469075,2AC,27429014.0,26235646.0,2111836.2,1901403.0,310196.7,292144.1,154637.8,217424.0,103972.3,0.0,28.0,24.2,0,24.1,35.5,961,5491,6849,8784,10937,11371,12126,8197,31090,1771
1782469376,2AC,27347368.0,26115430.0,2110435.2,1895922.4,310939.3,292374.0,154565.4,217296.3,103951.6,0.0,28.0,24.3,0,24.1,35.5,960,5493,6848,8784,10932,11367,12123,8194,31079,1771
1782469674,2AC,27258098.0,26118102.0,2104134.8,1895578.4,309966.2,291234.1,154550.6,217048.5,103930.1,0.0,28.0,24.3,0,24.1,35.5,961,5492,6847,8783,10935,11371,12125,8195,31084,1771
1782469975,2AC,27203546.0,26083240.0,2100417.2,1887524.0,309705.0,290743.1,154318.9,216989.4,103908.0,0.0,28.0,24.3,0,24.1,35.6,961,5494,6848,8784,10936,11372,12126,8196,31088,1771
1782470276,2AC,27066882.0,26000742.0,2099673.8,1886210.0,308905.5,290519.5,154237.6,216617.2,103886.9,0.0,28.0,24.3,0,24.1,35.6,961,5493,6848,8783,10934,11372,12127,8195,31086,1771
1782470574,2AC,27162464.0,25993440.0,2096428.1,1884020.6,309175.1,290543.9,154026.5,216856.4,103864.5,0.0,28.0,24.4,0,24.1,35.6,961,5493,6849,8786,10935,11371,12127,8197,31088,1771
1782470875,2AC,27022106.0,25880290.0,2090396.1,1882157.0,308218.6,289939.0,154415.1,216862.8,103842.9,0.0,28.0,24.4,0,24.1,35.6,961,5492,6848,8785,10934,11373,12127,8197,31089,1772
1782471176,2AC,27095296.0,25892496.0,2090471.1,1881594.6,308706.0,289910.8,154224.0,217220.4,103821.0,0.0,28.0,24.4,0,24.1,35.7,961,5493,6849,8784,10936,11374,12129,8197,31089,1772
1782471474,2AC,27006880.0,25818678.0,2090844.1,1874634.6,308545.9,290294.4,153853.0,216370.2,103799.3,0.0,28.0,24.4,0,24.1,35.7,961,5493,6848,8785,10935,11374,12127,8197,31090,1771
1782471775,2AC,26917390.0,25774264.0,2087214.0,1875091.4,307869.0,289460.1,153743.9,216054.7,103777.9,0.0,28.0,24.5,0,24.1,35.7,961,5494,6849,8787,10937,11375,12129,8198,31096,1772
1782472076,2AC,26872082.0,25772664.0,2079360.5,1870780.0,307691.7,289615.1,153731.4,216389.5,103757.0,0.0,27.9,24.5,0,24.1,35.7,961,5494,6849,8786,10938,11374,12129,8197,31092,1771
1782472374,2AC,26830616.0,25639862.0,2078597.4,1867919.6,307259.8,288537.2,153586.9,215973.4,103736.2,0.0,27.9,24.5,0,24.1,35.8,961,5492,6848,8783,10936,11373,12127,8196,31089,1771
1782472674,2AC,26776238.0,25638650.0,2073021.0,1867517.4,307193.0,288460.4,152759.6,215863.1,103715.4,0.0,27.9,24.5,0,24.1,35.8,961,5492,6848,8785,10935,11371,12126,8197,31087,1774
1782472975,2AC,26776184.0,25578002.0,2071863.4,1861770.4,306550.0,288363.3,153271.5,215520.6,103695.0,0.0,27.9,24.5,0,24.1,35.8,960,5492,6848,8784,10932,11370,12124,8194,31080,1773
1782473274,2AC,26725280.0,25585566.0,2075641.5,1863602.6,306661.8,288002.2,153681.6,215765.1,103673.9,0.0,27.9,24.5,0,24.1,35.8,961,5492,6847,8785,10933,11370,12126,8196,31081,1771
1782473575,2AC,26754646.0,25552346.0,2072055.5,1859627.9,306190.8,288227.0,152876.5,215831.5,103652.9,0.0,27.9,24.6,0,24.1,35.9,960,5491,6847,8783,10931,11369,12123,8194,31078,1771
1782473876,2AC,26677928.0,25403288.0,2067273.0,1859756.0,305604.4,287633.8,152744.1,215494.6,103632.4,0.0,27.9,24.6,0,24.1,35.9,960,5492,6846,8783,10932,11371,12123,8195,31082,1773
1782474174,2AC,26684050.0,25513986.0,2064651.0,1861002.5,304690.6,287517.9,152570.5,215278.4,103612.0,0.0,27.9,24.6,0,24.1,35.9,961,5492,6848,8784,10935,11371,12126,8196,31087,1774
1782474475,2AC,26587802.0,25425690.0,2057678.9,1854899.0,305984.7,287866.5,152216.0,215131.2,103592.5,0.0,27.9,24.6,0,24.1,35.9,961,5493,6848,8784,10934,11369,12125,8195,31081,1773
1782474776,2AC,26566842.0,25351110.0,2061300.9,1854471.0,305239.4,287425.6,152137.2,215367.6,103572.5,0.0,27.9,24.6,0,24.1,36.0,960,5491,6846,8784,10937,11373,12129,8196,31086,1774
1782475074,2AC,26499566.0,25388760.0,2052072.4,1850418.5,304665.8,287271.9,152034.9,214739.3,103553.7,0.0,27.9,24.6,0,24.1,36.0,960,5492,6848,8785,10936,11371,12127,8196,31086,1771
1782475375,2AC,26479886.0,25331792.0,2055756.4,1851469.4,305089.5,286495.8,151824.4,215035.0,103534.4,0.0,27.9,24.7,0,24.1,36.0,961,5492,6848,8784,10935,11371,12127,8196,31088,1772
1782475676,2AC,26436478.0,25194984.0,2052211.5,1845179.6,304659.3,286626.6,152235.2,215003.6,103515.2,0.0,27.9,24.7,0,24.0,36.0,961,5494,6849,8787,10938,11375,12128,8198,31093,1772
1782475974,2AC,26340894.0,25147258.0,2051497.6,1841522.0,304308.6,286422.7,152477.1,215064.2,103496.7,0.0,27.9,24.7,0,24.0,36.1,961,5493,6849,8785,10936,11372,12127,8197,31091,1773
1782476275,2AC,26348246.0,25208278.0,2047858.5,1844196.9,304405.9,286414.0,152086.1,214631.4,103477.9,0.0,27.9,24.7,0,24.1,36.0,960,5489,6845,8780,10931,11366,12120,8193,31075,1772
1782476574,2AC,26309162.0,25178534.0,2044949.9,1839886.5,303287.1,286186.9,152508.6,214332.9,103458.9,0.0,27.9,24.7,0,24.1,36.1,960,5492,6847,8783,10934,11372,12126,8195,31082,1771
1782476875,2AC,26303202.0,25133952.0,2047062.4,1838232.0,304305.1,285349.2,151555.6,214481.9,103440.1,0.0,27.9,24.8,0,24.0,36.1,960,5491,6846,8783,10934,11371,12125,8195,31087,1771
1782477176,2AC,26204386.0,25165674.0,2045920.0,1837746.5,303847.5,285861.9,151483.7,214147.9,103422.1,0.0,27.9,24.8,0,24.1,36.1,960,5493,6848,8783,10933,11372,12126,8194,31082,1771
1782477474,2AC,26263096.0,25155576.0,2042336.5,1834163.1,303122.7,285090.3,151408.2,214146.6,103404.4,0.0,27.9,24.8,0,24.1,36.2,960,5493,6848,8785,10936,11373,12129,8197,31093,1772
1782477775,2AC,26291422.0,25046736.0,2036725.5,1833844.6,302907.9,285065.6,150944.1,214179.4,103387.9,0.0,27.9,24.8,0,24.1,36.1,961,5493,6847,8783,10933,11370,12124,8194,31077,1771
1782478076,2AC,26140850.0,24962096.0,2033931.0,1837245.1,302973.8,284996.5,151036.1,213938.4,103372.0,0.0,27.9,24.8,0,24.1,36.2,960,5492,6848,8784,10933,11373,12126,8195,31086,1770
1782478374,2AC,26149766.0,24999614.0,2034957.5,1834103.4,302884.0,284091.9,151210.2,214042.5,103354.0,0.0,27.9,24.8,0,24.1,36.2,961,5492,6848,8784,10933,11371,12126,8194,31086,1773
1782478675,2AC,26048456.0,24926322.0,2033941.6,1826916.4,302505.9,284971.8,151210.6,213812.1,103335.4,0.0,27.9,24.8,0,24.1,36.2,961,5493,6849,8785,10936,11375,12127,8196,31097,1771
1782478976,2AC,26051392.0,24935802.0,2027171.0,1827985.6,302075.2,283935.0,151510.6,213812.5,103317.0,0.0,27.9,24.9,0,24.1,36.3,961,5493,6848,8785,10935,11374,12127,8196,31083,1771
1782479274,2AC,26047118.0,24908238.0,2031363.6,1824029.9,302122.8,283820.3,150858.0,213851.0,103299.1,0.0,27.9,24.9,0,24.1,36.2,961,5493,6848,8785,10936,11373,12129,8196,31090,1773
1782479575,2AC,25944626.0,24892168.0,2028930.1,1820687.6,302065.1,284094.4,151391.1,213566.8,103281.7,0.0,27.9,24.9,0,24.1,36.3,960,5492,6846,8782,10934,11371,12125,8194,31081,1773
1782479874,2AC,25987264.0,24863218.0,2023306.1,1820211.1,301869.1,283895.9,150625.3,213416.6,103265.3,0.0,27.9,24.9,0,24.0,36.3,960,5493,6847,8783,10933,11372,12126,8195,31084,1771
1782480175,2AC,25915110.0,24752158.0,2024381.5,1817190.0,301085.2,284228.9,150674.3,213176.6,103248.0,0.0,27.9,24.9,0,24.1,36.3,961,5491,6847,8783,10932,11370,12124,8194,31080,1771
1782480476,2AC,25938800.0,24770464.0,2021034.4,1816811.4,301146.9,282923.7,150661.3,213318.6,103231.0,0.0,27.9,25.0,0,24.1,36.3,960,5492,6848,8785,10933,11371,12126,8194,31086,1773
1782480774,2AC,25866706.0,24798010.0,2017911.9,1819815.4,301219.7,283328.9,150676.6,212768.6,103214.9,0.0,27.9,24.9,0,24.1,36.4,961,5493,6847,8786,10934,11372,12127,8196,31087,1771
1782481075,2AC,25853342.0,24712298.0,2018656.5,1815558.1,300904.5,282953.5,150265.3,213231.5,103198.5,0.0,27.9,25.0,0,24.1,36.4,961,5493,6848,8786,10935,11372,12126,8195,31083,1772
1782481373,2AC,25829936.0,24684054.0,2014495.5,1815196.5,300479.1,282817.8,150368.1,212207.6,103182.8,0.0,27.9,25.0,0,24.1,36.4,961,5495,6850,8787,10939,11375,12130,8198,31093,1774
1782481675,2AC,25865586.0,24679762.0,2013407.4,1813161.0,300548.4,282152.8,150191.3,212293.2,103166.0,0.0,27.9,25.0,0,24.1,36.4,960,5493,6848,8785,10933,11372,12126,8195,31083,1771
1782481976,2AC,25843522.0,24681048.0,2013375.0,1813232.6,300424.2,282287.7,150152.8,211878.4,103149.8,0.0,27.9,25.0,0,24.1,36.4,961,5493,6849,8786,10939,11374,12130,8199,31097,1773
1782482274,2AC,25772840.0,24632238.0,2013562.9,1808041.9,299903.7,282702.9,150515.0,212784.4,103132.9,0.0,27.9,25.0,0,24.1,36.4,961,5494,6849,8786,10937,11373,12128,8197,31088,1774
1782482575,2AC,25701450.0,24600984.0,2004194.0,1805116.0,300157.5,282648.1,150143.1,211827.1,103116.5,0.0,27.9,25.0,0,24.1,36.5,961,5493,6849,8786,10932,11371,12126,8195,31083,1773
1782482876,2AC,25735240.0,24583736.0,2010253.5,1808871.9,300316.7,282453.1,150039.3,211751.0,103099.6,0.0,27.9,25.1,0,24.0,36.5,961,5493,6849,8787,10937,11374,12130,8197,31094,1774
1782483174,2AC,25683166.0,24622802.0,2010584.5,1806191.9,299727.2,282355.1,149883.7,211833.7,103083.6,0.0,27.9,25.1,0,24.1,36.5,960,5491,6847,8784,10933,11370,12126,8195,31082,1774
1782483475,2AC,25670512.0,24541856.0,2010112.4,1808058.4,299720.5,281708.4,149995.2,211795.8,103066.4,0.0,27.9,25.1,0,24.0,36.5,961,5494,6849,8787,10936,11372,12127,8196,31089,1773
1782483776,2AC,25606438.0,24520062.0,2010001.5,1805669.6,299661.2,281547.9,150085.5,212200.8,103049.8,0.0,27.9,25.1,0,24.0,36.5,960,5492,6848,8785,10934,11371,12126,8195,31083,1773
1782484074,2AC,25666694.0,24502026.0,2004811.6,1804507.0,299324.1,281983.5,150297.9,211842.2,103032.5,0.0,27.9,25.1,0,24.1,36.5,961,5493,6848,8785,10935,11372,12127,8196,31086,1774
1782484375,2AC,25554938.0,24424208.0,1999762.1,1805355.4,299142.4,281480.9,149917.0,211634.0,103015.9,0.0,27.9,25.1,0,24.0,36.6,961,5492,6847,8785,10936,11371,12127,8195,31088,1771
1782484676,2AC,25627126.0,24493434.0,2001023.6,1803686.6,299260.5,281926.2,149718.7,211712.5,102999.7,0.0,27.9,25.1,0,24.0,36.6,960,5493,6847,8785,10935,11372,12125,8194,31081,1771
1782484974,2AC,25518224.0,24400114.0,1998406.0,1797951.4,299420.8,281917.1,150032.1,211365.9,102983.7,0.0,27.9,25.2,0,24.0,36.6,960,5492,6847,8784,10936,11374,12128,8197,31084,1771
1782485275,2AC,25515074.0,24325824.0,1999952.6,1801430.1,299090.4,281226.2,149642.0,211374.7,102967.9,0.0,27.9,25.2,0,24.0,36.5,961,5493,6848,8786,10934,11372,12127,8196,31084,1771
1782485576,2AC,25588034.0,24443792.0,1997121.9,1801709.1,298761.1,281057.8,149407.3,212149.6,102951.8,0.0,27.9,25.2,0,24.0,36.6,961,5492,6847,8784,10934,11371,12126,8194,31088,1774
1782485874,2AC,25510986.0,24451472.0,1998226.5,1794297.6,299074.2,281120.6,149716.6,211420.2,102936.2,0.0,27.9,25.2,0,24.0,36.6,960,5493,6848,8786,10939,11375,12129,8197,31089,1773
1782486175,2AC,25416830.0,24332050.0,1995123.6,1796013.9,299123.0,281148.9,149766.4,211023.8,102920.9,0.0,27.9,25.2,0,24.0,36.7,961,5494,6848,8787,10937,11374,12129,8197,31093,1772
1782486476,2AC,25427042.0,24322010.0,1995853.1,1793553.4,298715.3,281250.1,149828.3,211492.3,102905.3,0.0,27.9,25.2,0,24.0,36.7,961,5492,6847,8784,10934,11372,12127,8196,31084,1771
1782486774,2AC,25378370.0,24364816.0,1992476.1,1793168.1,298494.1,280789.6,149316.2,210789.5,102890.0,0.0,27.9,25.2,0,24.0,36.7,960,5492,6846,8786,10937,11373,12127,8196,31088,1772
1782487074,2AC,25468694.0,24352242.0,1990462.0,1795448.0,298610.4,280542.3,149458.3,210816.1,102874.5,0.0,27.9,25.2,0,24.0,36.7,961,5492,6847,8785,10934,11372,12127,8196,31088,1773
1782487375,2AC,25404928.0,24354674.0,1992128.4,1794604.4,298583.6,281221.5,149479.6,210958.0,102859.4,0.0,27.9,25.3,0,24.0,36.7,961,5494,6848,8787,10939,11377,12132,8198,31099,1772
1782487676,2AC,25281304.0,24248798.0,1987148.1,1785439.0,297817.2,280872.1,149437.5,210789.9,102843.6,0.0,27.9,25.3,0,24.0,36.7,961,5492,6847,8785,10933,11371,12126,8195,31079,1771
1782487974,2AC,25354112.0,24283976.0,1991213.6,1793943.6,298597.0,280876.7,149557.0,211022.0,102829.2,0.0,27.9,25.3,0,24.0,36.7,961,5494,6849,8788,10937,11374,12130,8198,31093,1774
1782488275,2AC,25368258.0,24227552.0,1989606.6,1793359.5,298201.5,280765.0,149574.0,210995.9,102814.8,0.0,27.9,25.3,0,24.0,36.7,961,5495,6850,8791,10941,11378,12133,8200,31102,1774
1782488576,2AC,25325558.0,24259814.0,1987636.1,1792291.6,298087.3,280372.1,149553.4,211569.3,102800.7,0.0,27.9,25.3,0,24.0,36.8,961,5492,6848,8786,10933,11371,12125,8195,31086,1773
1782488874,2AC,25303570.0,24223522.0,1985540.9,1795798.6,298008.5,280091.9,149348.8,211046.0,102786.9,0.0,27.9,25.3,0,24.0,36.8,961,5494,6849,8788,10937,11374,12128,8197,31088,1771
1782489175,2AC,25315206.0,24166726.0,1986776.4,1790870.4,297914.2,280510.7,149371.5,210879.3,102773.2,0.0,27.9,25.3,0,24.0,36.8,961,5493,6849,8787,10937,11373,12128,8197,31090,1772
1782489476,2AC,25253000.0,24178642.0,1988410.6,1787949.1,298126.8,280336.0,149375.7,210560.9,102759.3,0.0,27.9,25.3,0,24.0,36.8,961,5495,6849,8789,10939,11377,12132,8199,31099,1772
1782489774,2AC,25288970.0,24180934.0,1986964.5,1787504.0,298003.8,280377.7,149208.4,210504.1,102747.2,0.0,27.9,25.3,0,24.0,36.8,961,5493,6848,8785,10935,11373,12126,8197,31088,1773
1782490075,2AC,25340954.0,24151976.0,1984957.1,1788019.6,297717.3,280765.8,149092.0,210818.6,102738.6,0.0,27.9,25.4,0,24.0,36.8,961,5495,6849,8789,10939,11376,12130,8198,31099,1774
1782490374,2AC,25260442.0,24190090.0,1985336.6,1788063.1,297393.1,279766.5,149039.9,210831.1,102729.8,0.0,27.9,25.4,0,24.0,36.9,961,5493,6848,8786,10938,11375,12131,8199,31095,1772
1782490675,2AC,25118922.0,24033950.0,1981126.4,1780061.0,297667.5,280046.1,149035.6,210261.8,102721.4,0.0,27.9,25.4,0,24.0,36.9,961,5493,6849,8787,10939,11376,12129,8197,31094,1772
1782490976,2AC,25114000.0,24091786.0,1980061.1,1782549.4,297405.5,279663.2,148821.0,210716.3,102712.6,0.0,27.9,25.4,0,24.0,36.9,960,5492,6847,8785,10933,11372,12125,8195,31079,1773
1782491274,2AC,25215466.0,24066846.0,1978189.9,1785255.0,296523.5,279007.8,148875.2,209525.8,102706.7,0.0,27.9,25.4,0,24.1,36.9,961,5492,6848,8786,10936,11374,12128,8196,31092,1773
1782491575,2AC,25133234.0,24006094.0,1973556.0,1778723.4,296846.3,279253.1,148797.3,210036.4,102699.0,0.0,27.9,25.4,0,24.1,36.9,961,5494,6848,8787,10935,11373,12128,8196,31084,1773
1782491876,2AC,25050166.0,23992830.0,1972607.0,1772753.0,296199.2,278842.7,148431.4,210127.7,102693.0,0.0,28.0,25.4,0,24.1,36.9,961,5493,6849,8787,10936,11374,12128,8197,31096,1772
1782492174,2AC,24985056.0,23925878.0,1966773.1,1774894.4,295802.0,278866.7,148360.1,209081.9,102686.3,0.0,28.0,25.4,0,24.1,37.0,961,5494,6849,8785,10935,11373,12128,8196,31093,1772
1782492475,2AC,24995760.0,23909482.0,1967573.6,1770211.4,295387.0,277969.4,148157.6,209243.5,102680.4,0.0,28.0,25.4,0,24.1,37.0,961,5494,6849,8787,10936,11373,12129,8197,31092,1771
1782492775,2AC,24899248.0,23893328.0,1963587.5,1764677.1,295678.6,277588.7,148184.8,208959.1,102675.3,0.0,28.0,25.5,0,24.1,37.0,961,5494,6851,8787,10939,11375,12130,8198,31096,1773
1782493076,2AC,24876074.0,23805322.0,1962899.6,1761262.4,295381.8,277672.5,147972.7,209254.5,102671.7,0.0,28.0,25.5,0,24.2,37.0,961,5495,6851,8788,10940,11379,12133,8200,31105,1773
1782493374,2AC,24848840.0,23792086.0,1955657.5,1759817.9,294741.3,277288.2,147931.7,208815.2,102667.0,0.0,28.0,25.5,0,24.2,37.0,961,5494,6851,8786,10937,11374,12129,8197,31093,1773
1782493676,2AC,24757810.0,23682654.0,1951794.9,1756391.0,293907.6,276663.3,147782.0,209000.9,102662.7,0.0,28.1,25.5,0,24.2,37.0,961,5493,6850,8785,10936,11375,12129,8197,31094,1771
1782493974,2AC,24720680.0,23706746.0,1950666.4,1752789.4,294136.5,276415.1,147539.5,208425.6,102658.5,0.0,28.1,25.5,0,24.2,37.0,961,5495,6852,8787,10934,11376,12128,8198,31095,1773
1782494275,2AC,24672410.0,23592938.0,1947411.6,1753945.4,293255.0,276346.6,147331.6,208466.8,102651.5,0.0,28.1,25.5,0,24.2,37.0,961,5495,6853,8788,10937,11376,12131,8198,31105,1772
1782494576,2AC,24646618.0,23549294.0,1944935.1,1750419.4,293800.5,275954.6,147454.6,207823.2,102643.7,0.0,28.1,25.5,0,24.3,37.1,961,5496,6854,8788,10940,11377,12132,8199,31101,1772
1782494874,2AC,24600722.0,23540658.0,1937760.0,1743753.9,292914.2,275982.0,147356.2,207695.3,102637.0,0.0,28.1,25.5,0,24.3,37.1,961,5495,6851,8784,10935,11372,12128,8196,31093,1770
1782495175,2AC,24544238.0,23508190.0,1942753.1,1739938.1,293146.6,275245.5,147193.5,207684.1,102629.8,0.0,28.2,25.5,0,24.3,37.1,961,5495,6851,8785,10935,11375,12129,8198,31093,1771
1782495476,2AC,24466800.0,23428672.0,1940585.5,1743808.6,292063.6,275378.0,146761.8,207388.5,102624.0,0.0,28.2,25.6,0,24.3,37.1,961,5494,6852,8784,10935,11374,12129,8196,31092,1771
1782495774,2AC,24400016.0,23395190.0,1931650.4,1737017.5,292184.6,275143.5,146821.1,207541.5,102618.6,0.0,28.2,25.5,0,24.3,37.1,961,5496,6854,8788,10936,11374,12129,8198,31100,1771
1782496075,2AC,24368654.0,23331610.0,1933831.6,1736133.5,291740.6,274568.5,146555.7,207130.0,102612.9,0.0,28.2,25.5,0,24.3,37.1,961,5494,6852,8785,10932,11370,12125,8195,31085,1772
1782496374,2AC,24368026.0,23324866.0,1926848.6,1736929.5,291815.6,273903.2,146399.3,206998.8,102608.9,0.0,28.2,25.6,0,24.4,37.1,961,5495,6853,8787,10934,11373,12127,8196,31094,1771
1782496674,2AC,24323256.0,23282090.0,1924568.6,1733230.9,290924.1,273966.5,146536.4,206849.8,102603.7,0.0,28.3,25.6,0,24.4,37.1,961,5494,6853,8785,10934,11372,12127,8196,31091,1773
1782496976,2AC,24226902.0,23202560.0,1918678.6,1728210.1,290949.5,273704.1,145966.3,206862.3,102597.8,0.0,28.3,25.6,0,24.4,37.2,961,5495,6853,8786,10934,11372,12127,8195,31093,1771
1782497276,2AC,24239462.0,23221184.0,1920284.9,1729375.5,290284.2,273627.1,146429.1,206501.3,102591.3,0.0,28.3,25.6,0,24.4,37.2,961,5495,6853,8784,10933,11373,12127,8196,31096,1772
1782497574,2AC,24232078.0,23171512.0,1917759.1,1727150.5,289901.3,273236.2,145886.4,206389.4,102587.3,0.0,28.3,25.6,0,24.4,37.2,961,5494,6853,8785,10931,11372,12124,8195,31086,1773
1782497875,2AC,24128934.0,23004854.0,1914856.4,1719606.5,289666.0,272197.9,145947.1,206039.2,102581.4,0.0,28.3,25.6,0,24.4,37.2,961,5493,6852,8783,10933,11371,12126,8195,31093,1772
1782498174,2AC,24022032.0,22981696.0,1909241.9,1717257.0,289678.0,272292.5,145694.2,205910.3,102573.9,0.0,28.3,25.6,0,24.5,37.2,961,5494,6853,8784,10934,11373,12128,8195,31090,1770
1782498475,2AC,24076230.0,22961958.0,1909060.6,1716543.9,289008.3,271865.4,145323.3,205973.6,102567.1,0.0,28.3,25.6,0,24.5,37.2,961,5494,6853,8784,10933,11372,12126,8196,31094,1771
1782498775,2AC,23972314.0,22934526.0,1903469.9,1711056.4,288559.0,272179.7,145339.5,205840.8,102559.1,0.0,28.4,25.6,0,24.5,37.2,961,5494,6853,8782,10931,11372,12125,8194,31090,1772
1782499074,2AC,23995456.0,22950374.0,1906839.0,1715172.4,289067.9,271710.7,145351.4,205772.9,102552.7,0.0,28.4,25.7,0,24.5,37.2,961,5495,6853,8784,10933,11372,12126,8196,31090,1770
1782499375,2AC,23964454.0,22838498.0,1905251.0,1711846.0,288661.1,271679.2,144913.5,205560.1,102544.3,0.0,28.4,25.6,0,24.5,37.2,961,5495,6855,8784,10932,11374,12129,8196,31096,1770
1782499676,2AC,23930592.0,22789178.0,1900315.4,1710097.6,288309.1,270784.4,145010.8,205322.1,102537.5,0.0,28.4,25.7,0,24.5,37.3,961,5495,6854,8784,10934,11371,12126,8195,31096,1771
1782499974,2AC,23895840.0,22741942.0,1894459.0,1705161.4,288082.3,271483.0,145137.5,205291.4,102531.3,0.0,28.4,25.7,0,24.5,37.3,961,5494,6855,8785,10934,11372,12125,8196,31095,1772
1782500275,2AC,23909320.0,22751594.0,1895249.9,1700903.5,288545.9,272138.5,144712.6,204793.7,102525.1,0.0,28.4,25.7,0,24.6,37.3,961,5495,6856,8786,10934,11375,12130,8198,31097,1773
1782500576,2AC,23866718.0,22677682.0,1891274.1,1704381.9,286826.4,271183.9,144817.4,205076.8,102517.8,0.0,28.4,25.7,0,24.6,37.3,961,5496,6857,8785,10932,11374,12128,8196,31094,1770
1782500874,2AC,23825208.0,22724584.0,1887483.9,1701960.5,287604.0,270610.7,144617.2,204800.1,102509.7,0.0,28.4,25.7,0,24.6,37.3,961,5493,6854,8781,10931,11370,12124,8194,31085,1770
1782501175,2AC,23786694.0,22643456.0,1889057.5,1701178.5,287157.4,270728.2,144492.0,204759.7,102503.1,0.0,28.5,25.7,0,24.6,37.4,961,5495,6854,8784,10930,11371,12125,8195,31090,1770
1782501476,2AC,23772586.0,22624552.0,1889051.0,1698157.5,287759.5,270202.2,144517.1,204567.9,102495.2,0.0,28.5,25.7,0,24.6,37.4,961,5495,6855,8783,10933,11371,12125,8194,31093,1770
1782501774,2AC,23729248.0,22590138.0,1885749.1,1697859.6,286937.6,270135.0,144390.8,204051.4,102486.8,0.0,28.5,25.7,0,24.6,37.4,961,5495,6853,8782,10930,11369,12123,8194,31088,1770
1782502075,2AC,23697872.0,22565198.0,1880230.0,1700770.1,286390.2,269829.0,144499.0,204374.7,102478.1,0.0,28.5,25.7,0,24.6,37.4,961,5496,6857,8784,10936,11375,12129,8198,31102,1771
1782502376,2AC,23673534.0,22546744.0,1881478.1,1694660.0,286105.4,269811.5,144064.2,204132.4,102469.1,0.0,28.5,25.7,0,24.6,37.4,961,5494,6853,8781,10931,11369,12124,8194,31093,1770
1782502674,2AC,23618074.0,22407886.0,1881829.5,1692014.0,285975.5,269028.4,144170.1,203968.4,102460.6,0.0,28.5,25.8,0,24.6,37.4,961,5494,6854,8783,10930,11368,12123,8193,31084,1770
1782502975,2AC,23598456.0,22401534.0,1880811.9,1688192.4,285941.1,269748.8,144272.1,204076.8,102452.7,0.0,28.5,25.8,0,24.6,37.4,961,5496,6857,8786,10935,11376,12129,8197,31097,1771
1782503276,2AC,23582674.0,22399878.0,1880111.4,1688280.0,286249.3,269354.2,144004.2,204121.4,102443.4,0.0,28.5,25.8,0,24.6,37.4,961,5497,6857,8785,10934,11374,12129,8196,31099,1772
1782503574,2AC,23543030.0,22411146.0,1877339.5,1689092.5,285720.6,269121.0,143948.4,203496.2,102434.2,0.0,28.5,25.8,0,24.7,37.5,961,5497,6857,8786,10936,11375,12129,8197,31101,1773
1782503875,2AC,23481496.0,22310776.0,1871519.9,1688843.6,285713.6,269514.4,143741.1,203595.1,102425.4,0.0,28.5,25.8,0,24.7,37.5,961,5494,6854,8782,10928,11370,12122,8194,31089,1771
1782504176,2AC,23492286.0,22368968.0,1876120.4,1684271.6,285888.5,268992.9,143941.7,203540.9,102415.3,0.0,28.5,25.8,0,24.7,37.5,961,5493,6855,8781,10927,11368,12123,8193,31088,1770
1782504474,2AC,23491706.0,22280334.0,1872238.0,1681823.6,285430.5,268789.7,143883.8,203911.8,102405.0,0.0,28.5,25.8,0,24.7,37.5,961,5496,6857,8784,10933,11374,12127,8196,31101,1770
1782504775,2AC,23534888.0,22277154.0,1871631.6,1685757.4,285274.5,268796.8,143690.0,203610.7,102396.4,0.0,28.5,25.9,0,24.7,37.5,961,5495,6855,8782,10930,11371,12124,8194,31096,1770
1782505076,2AC,23510872.0,22308558.0,1870513.1,1683036.4,285172.0,268975.3,143623.4,203459.6,102386.8,0.0,28.5,25.8,0,24.7,37.5,961,5497,6857,8784,10934,11375,12128,8196,31103,1770
1782505374,2AC,23401818.0,22288866.0,1873148.5,1682790.5,285801.2,269060.7,143744.5,203431.7,102377.9,0.0,28.5,25.8,0,24.7,37.5,961,5496,6857,8782,10932,11372,12125,8196,31095,1770
1782505675,2AC,23445038.0,22280546.0,1868249.6,1678897.6,284951.4,268538.2,143391.1,203294.7,102368.5,0.0,28.5,25.9,0,24.7,37.5,961,5493,6855,8781,10929,11368,12123,8193,31090,1770
1782505976,2AC,23371618.0,22257368.0,1871456.9,1681192.5,285031.3,268212.2,143538.1,202732.8,102359.4,0.0,28.5,25.9,0,24.7,37.5,960,5494,6854,8780,10929,11369,12123,8193,31091,1769
1782506274,2AC,23351376.0,22187910.0,1865449.5,1677792.1,285198.5,267821.3,143283.3,203238.0,102353.5,0.0,28.6,25.9,0,24.7,37.5,961,5494,6854,8781,10930,11369,12122,8193,31088,1770
1782506575,2AC,23272294.0,22159758.0,1866500.6,1677296.4,285145.1,267985.5,143294.5,202840.6,102348.2,0.0,28.6,25.9,0,24.7,37.6,961,5495,6856,8783,10930,11370,12124,8194,31097,1770
1782506876,2AC,23387270.0,22201406.0,1865783.1,1675197.0,284372.1,268475.8,143523.5,202521.2,102338.6,0.0,28.6,25.9,0,24.7,37.6,961,5497,6858,8784,10933,11374,12128,8196,31107,1772
1782507174,2AC,23232456.0,22132326.0,1864525.9,1676363.6,284285.7,268291.8,143329.4,202719.5,102329.3,0.0,28.6,25.9,0,24.7,37.6,961,5494,6855,8781,10931,11370,12123,8194,31092,1772
1782507475,2AC,23322002.0,22148118.0,1866272.6,1676501.5,284285.9,267955.7,143334.5,202859.5,102320.7,0.0,28.6,25.9,0,24.7,37.6,961,5494,6856,8783,10932,11373,12126,8196,31101,1772
1782507776,2AC,23318642.0,22095364.0,1865200.0,1674609.0,284359.4,267640.8,143311.2,202706.8,102311.6,0.0,28.6,25.9,0,24.7,37.6,962,5498,6860,8787,10935,11377,12130,8198,31108,1773
1782508074,2AC,23317742.0,22137838.0,1857271.4,1676318.5,284316.9,267653.3,143340.8,202327.7,102304.3,0.0,28.6,26.0,0,24.7,37.7,962,5496,6858,8784,10932,11373,12127,8196,31101,1771
1782508375,2AC,23181862.0,22073904.0,1858390.6,1675220.5,283905.1,268300.9,143181.9,202204.9,102296.5,0.0,28.6,26.0,0,24.7,37.7,962,5498,6860,8787,10935,11375,12132,8198,31105,1772
1782508676,2AC,23232066.0,22073570.0,1857549.0,1668915.9,284219.2,267326.1,142974.2,202285.7,102289.2,0.0,28.6,25.9,0,24.7,37.6,961,5499,6858,8786,10934,11376,12130,8197,31106,1771
1782508974,2AC,23246894.0,22103306.0,1858273.0,1668866.5,283481.6,267558.9,142936.6,202197.5,102282.5,0.0,28.6,26.0,0,24.8,37.7,962,5498,6860,8788,10935,11377,12131,8198,31110,1772
1782509275,2AC,23138920.0,21987312.0,1857684.1,1668830.1,283839.3,268054.0,142613.0,202345.6,102276.1,0.0,28.6,26.0,0,24.8,37.7,962,5498,6860,8787,10936,11377,12129,8198,31106,1770
1782509576,2AC,23183850.0,22027232.0,1855480.5,1669267.9,283994.2,267328.8,142779.1,202157.9,102268.6,0.0,28.6,26.0,0,24.8,37.7,961,5497,6858,8784,10933,11373,12127,8196,31105,1770
1782509874,2AC,23125046.0,22012880.0,1851397.9,1667073.9,283956.3,266802.0,142873.4,201962.7,102261.8,0.0,28.6,26.0,0,24.8,37.7,962,5498,6859,8786,10935,11377,12130,8198,31108,1771
1782510175,2AC,23072474.0,22003032.0,1854746.0,1663961.0,283713.7,266661.3,143042.9,202357.8,102254.1,0.0,28.7,26.0,0,24.8,37.7,961,5497,6858,8784,10931,11373,12126,8195,31100,1770
1782510476,2AC,23045552.0,21937792.0,1853214.9,1664519.6,283284.7,266716.3,142694.9,201963.4,102245.9,0.0,28.7,26.0,0,24.8,37.7,961,5497,6857,8782,10931,11371,12126,8195,31095,1772
1782510774,2AC,23049832.0,21965506.0,1851233.5,1664785.6,283443.9,266878.7,142695.1,201915.9,102239.1,0.0,28.7,26.0,0,24.8,37.8,961,5498,6859,8786,10932,11373,12127,8196,31099,1770
1782511075,2AC,23053470.0,21909370.0,1848803.9,1662847.4,282818.2,267140.1,142792.0,201559.1,102230.0,0.0,28.7,26.0,0,24.8,37.7,961,5497,6858,8784,10932,11375,12128,8196,31102,1771
1782511373,2AC,22982358.0,21853318.0,1847309.6,1660342.0,283061.2,266211.2,142724.4,201723.9,102222.7,0.0,28.7,26.0,0,24.8,37.8,961,5497,6859,8785,10933,11374,12128,8196,31098,1772
1782511675,2AC,23016016.0,21939202.0,1846942.0,1661128.1,283219.0,266143.7,142716.0,201508.2,102217.2,0.0,28.7,26.0,0,24.8,37.8,962,5498,6859,8784,10931,11374,12126,8195,31096,1770
1782511976,2AC,22950032.0,21865986.0,1843274.5,1658968.6,283326.0,266533.2,142366.1,201470.2,102211.5,0.0,28.7,26.1,0,24.8,37.8,961,5497,6860,8784,10932,11374,12128,8195,31099,1769
1782512274,2AC,22858168.0,21872776.0,1842306.0,1657606.9,282844.0,265924.1,142456.0,201354.2,102203.1,0.0,28.7,26.1,0,24.8,37.8,962,5498,6860,8785,10934,11374,12127,8197,31103,1770
1782512575,2AC,22942422.0,21782490.0,1843097.5,1657711.5,282851.8,266290.5,142253.6,201291.8,102195.0,0.0,28.7,26.1,0,24.9,37.8,962,5498,6860,8785,10935,11377,12131,8197,31109,1771
1782512876,2AC,23000526.0,21839286.0,1845355.1,1654295.4,282722.6,265759.3,142514.2,201367.1,102185.5,0.0,28.7,26.1,0,24.9,37.9,962,5498,6860,8784,10934,11375,12127,8197,31099,1770
1782513174,2AC,22902478.0,21790310.0,1841988.9,1653746.0,282306.2,266051.0,142291.4,201231.0,102176.7,0.0,28.7,26.1,0,24.9,37.9,962,5497,6859,8784,10932,11373,12127,8196,31094,1770
1782513474,2AC,22904046.0,21736178.0,1842438.4,1651553.0,283238.3,266235.6,142219.4,201515.0,102167.3,0.0,28.7,26.1,0,24.9,37.9,961,5495,6856,8781,10927,11371,12123,8194,31093,1772
1782513775,2AC,22794568.0,21733496.0,1841847.9,1650676.0,282042.8,265370.5,142279.1,201324.1,102158.0,0.0,28.7,26.1,0,24.9,37.9,962,5496,6857,8782,10927,11371,12123,8193,31096,1770
1782514076,2AC,22901792.0,21696830.0,1838690.0,1653621.6,282647.8,266003.1,142379.7,201332.9,102148.3,0.0,28.7,26.1,0,24.9,37.9,961,5496,6858,8782,10927,11371,12122,8193,31093,1769
1782514374,2AC,22910382.0,21760606.0,1839308.9,1655511.4,282720.2,265762.5,142097.8,201198.4,102139.3,0.0,28.7,26.1,0,24.9,37.9,962,5499,6861,8786,10934,11375,12128,8197,31102,1770
1782514675,2AC,22816902.0,21762472.0,1839607.0,1652522.9,282211.6,265744.7,142191.0,201135.8,102128.7,0.0,28.7,26.1,0,24.9,37.9,961,5498,6859,8783,10931,11373,12127,8197,31100,1769
1782514976,2AC,22901304.0,21715680.0,1838894.9,1651337.4,282392.8,265288.0,142332.3,201132.5,102119.3,0.0,28.7,26.2,0,24.9,37.9,961,5497,6859,8781,10930,11373,12127,8196,31099,1770
1782515274,2AC,22820208.0,21681230.0,1841048.5,1651011.5,282480.4,266369.7,141983.4,201103.2,102109.8,0.0,28.7,26.1,0,24.9,38.0,961,5496,6857,8782,10929,11371,12123,8194,31097,1769
1782515575,2AC,22889622.0,21709570.0,1839832.6,1653100.4,282454.5,266221.2,142258.6,200873.1,102100.6,0.0,28.7,26.2,0,24.9,38.0,962,5498,6860,8784,10934,11376,12128,8198,31108,1771
1782515874,2AC,22828880.0,21662842.0,1839108.4,1651792.5,282434.5,266306.0,142366.8,201076.9,102091.2,0.0,28.7,26.2,0,24.9,37.9,961,5495,6856,8781,10930,11371,12123,8194,31095,1770
1782516175,2AC,22709946.0,21648010.0,1839475.9,1650406.4,281843.5,266381.7,142019.1,200965.4,102082.2,0.0,28.7,26.2,0,24.9,38.0,961,5496,6859,8782,10929,11370,12123,8193,31093,1769
1782516476,2AC,22767328.0,21683434.0,1840573.1,1653663.5,282212.4,266032.4,142057.8,200908.6,102073.5,0.0,28.7,26.2,0,24.9,37.9,961,5497,6859,8783,10933,11373,12126,8195,31102,1771
1782516774,2AC,22744288.0,21601082.0,1839264.6,1651581.0,282598.3,265961.6,142127.5,201241.1,102064.3,0.0,28.7,26.2,0,24.9,38.0,961,5498,6860,8785,10933,11373,12128,8196,31100,1770
1782517075,2AC,22689142.0,21671682.0,1835861.1,1652895.5,282010.8,265813.8,142398.2,200933.3,102054.4,0.0,28.7,26.2,0,24.9,38.0,961,5497,6859,8782,10933,11374,12127,8196,31101,1772
1782517373,2AC,22708592.0,21669178.0,1840659.1,1651303.6,282101.5,265957.6,142103.6,200513.6,102045.6,0.0,28.7,26.2,0,24.9,38.0,961,5498,6859,8784,10933,11374,12129,8196,31106,1772
1782517674,2AC,22661360.0,21731402.0,1836013.1,1649045.6,282719.1,265359.8,142008.8,200841.7,102037.0,0.0,28.7,26.2,0,24.9,38.0,961,5496,6857,8782,10930,11371,12124,8194,31096,1771
1782517975,2AC,22822102.0,21705006.0,1837730.6,1652378.9,282035.5,266065.4,142065.9,200990.8,102028.4,0.0,28.7,26.2,0,24.9,38.0,962,5496,6859,8783,10935,11374,12128,8196,31101,1770
1782518276,2AC,22814336.0,21724528.0,1840375.0,1654997.6,282408.0,266467.4,142163.4,200774.9,102020.0,0.0,28.7,26.3,0,24.9,38.1,961,5497,6860,8785,10933,11373,12128,8197,31102,1772
1782518574,2AC,22819768.0,21693526.0,1836175.5,1652403.0,282137.7,265905.9,141874.5,200902.2,102012.8,0.0,28.7,26.3,0,24.9,38.0,961,5496,6858,8783,10930,11370,12125,8195,31095,1769
1782518874,2AC,22735712.0,21714106.0,1838082.9,1649897.5,282126.1,266359.6,142077.7,201020.2,102006.5,0.0,28.7,26.3,0,24.9,38.1,961,5496,6859,8782,10930,11373,12125,8195,31096,1772
1782519175,2AC,22653994.0,21531888.0,1834161.5,1651985.5,282597.5,265399.2,141998.3,200628.9,101999.0,0.0,28.7,26.3,0,24.9,38.0,961,5496,6858,8782,10930,11372,12125,8194,31094,1770
1782519476,2AC,22663840.0,21655230.0,1835446.0,1648242.4,282629.1,266112.9,142031.1,201047.0,101990.9,0.0,28.7,26.3,0,24.9,38.1,961,5497,6859,8782,10931,11373,12127,8195,31096,1769
1782519774,2AC,22757666.0,21699306.0,1839214.0,1647780.0,282055.8,266216.1,141763.8,200430.0,101982.7,0.0,28.7,26.3,0,24.9,38.1,962,5499,6861,8788,10936,11376,12131,8199,31112,1771
1782520075,2AC,22758822.0,21583170.0,1834089.4,1648429.5,282297.2,265899.5,141851.7,200543.0,101974.9,0.0,28.7,26.3,0,24.9,38.1,962,5496,6858,8783,10929,11371,12125,8195,31089,1770
1782520376,2AC,22719902.0,21585384.0,1833028.4,1650740.9,282686.7,265417.2,141616.9,200499.8,101966.1,0.0,28.8,26.3,0,24.9,38.1,962,5498,6860,8786,10934,11376,12130,8197,31103,1770
1782520674,2AC,22696920.0,21572560.0,1838607.4,1648693.4,282402.2,265752.5,141980.8,200936.2,101956.5,0.0,28.8,26.4,0,24.9,38.1,961,5496,6859,8782,10933,11373,12128,8196,31102,1770
1782520975,2AC,22727450.0,21630526.0,1834436.6,1652306.0,281568.4,266263.5,141806.7,200633.1,101943.9,0.0,28.7,26.4,0,24.9,38.1,962,5496,6858,8783,10931,11373,12127,8196,31099,1769
1782521276,2AC,22708414.0,21573288.0,1835764.1,1650234.9,282815.7,265813.8,142038.7,200462.2,101930.2,0.0,28.7,26.3,0,24.9,38.1,962,5497,6860,8784,10930,11374,12126,8195,31096,1770
1782521574,2AC,22668858.0,21598826.0,1836412.1,1653694.0,282191.9,266820.2,141988.2,200851.4,101915.7,0.0,28.7,26.3,0,24.9,38.1,961,5497,6860,8785,10933,11375,12130,8197,31104,1770
1782521875,2AC,22734594.0,21621632.0,1836566.5,1650715.5,282496.4,266891.1,141829.6,200808.8,101900.7,0.0,28.7,26.4,0,24.8,38.2,961,5498,6860,8784,10933,11375,12128,8197,31105,1772
1782522176,2AC,22801182.0,21634098.0,1841716.1,1656628.6,282898.8,267087.0,142205.0,200657.2,101884.2,0.0,28.7,26.4,0,24.8,38.2,962,5499,6860,8787,10936,11379,12131,8199,31109,1772
1782522474,2AC,22798046.0,21776734.0,1842518.6,1657798.1,283092.7,266838.9,142214.4,201012.7,101868.0,0.0,28.7,26.4,0,24.8,38.2,962,5498,6860,8788,10936,11377,12131,8199,31113,1772
1782522775,2AC,22821290.0,21821154.0,1848288.9,1660012.6,283783.2,267110.2,142466.1,201437.3,101851.9,0.0,28.6,26.4,0,24.8,38.2,961,5497,6859,8783,10933,11375,12130,8196,31099,1773
1782523076,2AC,22849602.0,21712050.0,1844205.0,1658529.1,283161.8,266724.2,142256.3,201450.1,101836.1,0.0,28.6,26.4,0,24.8,38.2,961,5498,6860,8787,10937,11378,12132,8198,31113,1771
1782523374,2AC,22928734.0,21881520.0,1849775.5,1666508.9,284292.0,268345.7,142627.3,201678.9,101819.3,0.0,28.6,26.4,0,24.7,38.2,961,5497,6859,8786,10935,11376,12130,8198,31106,1771
1782523675,2AC,23003450.0,21879406.0,1854368.1,1666417.0,284943.6,267845.0,142877.0,201546.2,101802.9,0.0,28.6,26.4,0,24.7,38.2,961,5497,6859,8786,10936,11376,12131,8198,31106,1771
1782523975,2AC,22994790.0,21905650.0,1857328.4,1668354.9,285111.1,268066.8,142910.7,201868.5,101787.4,0.0,28.6,26.4,0,24.7,38.2,961,5496,6859,8785,10934,11373,12129,8196,31102,1772
1782524276,2AC,22979912.0,21920926.0,1855955.6,1675497.0,284709.6,268142.8,142864.9,202094.4,101771.2,0.0,28.5,26.4,0,24.7,38.2,961,5495,6857,8783,10933,11375,12129,8196,31103,1772
1782524574,2AC,23087166.0,21973682.0,1859033.9,1675716.4,285765.2,268718.2,143337.6,201995.8,101755.2,0.0,28.5,26.4,0,24.6,38.2,961,5496,6856,8784,10932,11375,12128,8195,31100,1772
1782524875,2AC,23121416.0,21997246.0,1861020.6,1675891.6,285598.0,268743.8,143215.9,202314.4,101739.8,0.0,28.5,26.4,0,24.6,38.2,961,5496,6856,8786,10932,11373,12126,8197,31100,1772
1782525174,2AC,23176910.0,22073738.0,1859304.4,1682887.4,286337.7,269738.8,143279.5,202534.2,101725.5,0.0,28.4,26.4,0,24.6,38.2,961,5495,6855,8784,10934,11372,12128,8195,31098,1770
1782525475,2AC,23235160.0,22086834.0,1867771.4,1683307.1,286660.9,269780.1,143321.8,202634.1,101710.9,0.0,28.4,26.4,0,24.6,38.3,961,5496,6856,8786,10938,11377,12131,8198,31103,1773
1782525776,2AC,23343486.0,22130822.0,1871169.6,1690180.4,286849.0,269749.8,143391.9,202996.4,101695.9,0.0,28.4,26.5,0,24.6,38.3,961,5496,6855,8785,10934,11372,12127,8195,31098,1770
1782526074,2AC,23276658.0,22149768.0,1871912.6,1692093.1,286951.5,270314.9,143624.0,202999.4,101683.0,0.0,28.4,26.5,0,24.5,38.3,961,5497,6856,8787,10937,11376,12130,8198,31105,1771
1782526375,2AC,23268664.0,22189766.0,1877330.9,1689732.4,287572.2,270976.2,143745.9,203087.5,101668.3,0.0,28.4,26.5,0,24.5,38.3,961,5495,6855,8786,10936,11375,12129,8197,31103,1772
1782526676,2AC,23422222.0,22214550.0,1876079.4,1691938.5,287662.6,271059.6,144281.1,203103.0,101655.2,0.0,28.3,26.5,0,24.5,38.3,962,5495,6855,8786,10935,11376,12128,8197,31101,1773
1782526975,2AC,23391176.0,22256586.0,1882064.0,1695908.1,287906.5,271287.4,143960.8,203520.6,101644.1,0.0,28.3,26.5,0,24.5,38.3,962,5496,6856,8787,10938,11377,12133,8198,31105,1771
1782527276,2AC,23502096.0,22265304.0,1881136.6,1694333.6,288756.7,271915.6,144228.3,203668.5,101631.2,0.0,28.3,26.5,0,24.4,38.3,961,5495,6853,8785,10933,11373,12126,8195,31091,1770
1782527574,2AC,23491222.0,22299078.0,1884017.5,1701563.0,289053.2,271893.4,144425.7,203663.8,101620.1,0.0,28.3,26.5,0,24.4,38.3,962,5495,6855,8787,10938,11375,12131,8198,31098,1771
1782527875,2AC,23353926.0,22297778.0,1884936.4,1698825.1,289208.8,272013.2,144617.6,203790.9,101608.2,0.0,28.3,26.5,0,24.4,38.3,962,5497,6857,8789,10940,11377,12132,8199,31106,1771
1782528176,2AC,23550792.0,22354666.0,1886703.5,1705775.6,289644.1,272368.8,144557.5,204102.7,101596.7,0.0,28.3,26.5,0,24.4,38.3,961,5496,6855,8789,10938,11379,12133,8199,31105,1771
1782528474,2AC,23598698.0,22488850.0,1893798.4,1704686.6,290268.4,273105.0,144656.8,204202.1,101584.9,0.0,28.3,26.6,0,24.4,38.4,961,5496,6854,8788,10938,11379,12132,8199,31109,1772
1782528775,2AC,23506160.0,22427584.0,1889859.0,1708025.9,289300.1,273003.0,144774.6,204109.5,101574.6,0.0,28.2,26.5,0,24.4,38.3,961,5498,6855,8791,10939,11379,12134,8200,31113,1771
1782529076,2AC,23520618.0,22394358.0,1896198.1,1704827.6,290398.6,273189.1,144892.8,204113.9,101563.9,0.0,28.2,26.6,0,24.4,38.3,961,5497,6856,8791,10939,11379,12135,8200,31113,1772
1782529374,2AC,23633510.0,22425030.0,1898008.0,1710555.1,290563.7,273272.6,145078.0,204672.2,101552.9,0.0,28.2,26.6,0,24.3,38.3,961,5495,6853,8787,10936,11375,12130,8197,31100,1771
1782529675,2AC,23714368.0,22468834.0,1897418.5,1714975.6,290166.3,273036.9,144756.4,204494.8,101542.9,0.0,28.2,26.6,0,24.3,38.3,961,5495,6854,8786,10935,11375,12130,8198,31099,1772
1782529976,2AC,23638354.0,22576072.0,1899273.4,1713252.4,290491.0,273429.6,145030.5,204375.6,101532.5,0.0,28.2,26.6,0,24.3,38.4,961,5495,6854,8787,10936,11375,12129,8198,31098,1772
1782530275,2AC,23636944.0,22451390.0,1903702.4,1716418.0,290914.2,273647.2,145127.7,204268.0,101522.5,0.0,28.2,26.6,0,24.3,38.4,961,5496,6854,8788,10937,11374,12130,8197,31096,1770
1782530576,2AC,23703048.0,22497498.0,1903779.6,1714034.0,291197.7,274229.8,145190.1,204980.1,101512.3,0.0,28.1,26.6,0,24.3,38.4,961,5496,6854,8790,10939,11378,12133,8200,31106,1772
1782530874,2AC,23718552.0,22597598.0,1909353.5,1717447.6,291577.0,274223.7,145186.4,204749.5,101502.6,0.0,28.1,26.6,0,24.3,38.4,961,5495,6852,8788,10937,11375,12129,8197,31100,1771
1782531175,2AC,23741402.0,22645766.0,1911380.4,1717516.6,291104.4,274469.5,145336.0,204836.0,101492.7,0.0,28.1,26.6,0,24.3,38.4,961,5494,6853,8788,10938,11375,12130,8198,31103,1772
1782531476,2AC,23811664.0,22713134.0,1909304.9,1726446.1,292131.8,275127.0,145444.6,205353.6,101483.3,0.0,28.1,26.6,0,24.2,38.4,961,5494,6852,8787,10937,11376,12129,8198,31097,1771
1782531774,2AC,23815778.0,22680248.0,1912082.5,1723777.4,292683.2,275209.4,145399.9,205151.0,101473.4,0.0,28.1,26.7,0,24.2,38.4,961,5494,6853,8788,10938,11378,12131,8199,31100,1772
1782532075,2AC,23814536.0,22710392.0,1914018.4,1726149.5,292099.9,275175.2,145476.8,204960.9,101463.6,0.0,28.1,26.6,0,24.2,38.4,961,5496,6854,8790,10941,11377,12133,8198,31103,1772
1782532376,2AC,23881894.0,22731994.0,1914444.5,1728978.9,293089.9,275753.6,145796.9,205099.8,101454.4,0.0,28.1,26.7,0,24.2,38.4,961,5495,6852,8788,10938,11374,12131,8197,31098,1772
1782532674,2AC,23836130.0,22675654.0,1913495.9,1727597.0,293049.7,275581.7,145595.0,205254.4,101445.7,0.0,28.1,26.6,0,24.2,38.4,961,5495,6851,8788,10937,11375,12131,8198,31098,1772
1782532975,2AC,23915094.0,22727666.0,1916760.9,1727252.5,293581.5,275968.4,146102.5,205528.2,101437.2,0.0,28.0,26.7,0,24.2,38.4,961,5494,6851,8788,10937,11374,12129,8197,31095,1773
1782533276,2AC,23894760.0,22763704.0,1918365.6,1733939.5,293430.8,276069.2,145907.7,206028.4,101428.3,0.0,28.0,26.7,0,24.2,38.4,961,5496,6852,8790,10940,11379,12134,8201,31103,1774
1782533574,2AC,23895954.0,22897416.0,1922322.9,1736675.0,294365.0,276306.2,146096.2,205534.4,101419.7,0.0,28.0,26.7,0,24.2,38.4,961,5495,6853,8790,10943,11381,12134,8201,31109,1773
1782533875,2AC,23815158.0,22871474.0,1921816.0,1738165.6,293511.7,276600.0,146103.9,205730.5,101412.0,0.0,28.0,26.7,0,24.1,38.5,961,5494,6850,8788,10938,11377,12130,8198,31101,1773
1782534176,2AC,24025816.0,22800982.0,1927417.4,1743092.6,294215.0,276003.1,146320.8,205935.4,101403.7,0.0,28.0,26.7,0,24.1,38.4,961,5493,6852,8788,10938,11375,12130,8198,31099,1773
1782534474,2AC,23989758.0,22865362.0,1925502.1,1737307.0,294292.9,276828.0,145978.8,205603.7,101396.4,0.0,28.0,26.7,0,24.1,38.5,961,5494,6851,8789,10940,11376,12133,8199,31101,1774
1782534775,2AC,23994838.0,22920518.0,1930697.6,1740955.0,294708.4,276731.2,146407.1,206173.2,101387.8,0.0,28.0,26.7,0,24.1,38.5,961,5494,6850,8789,10937,11375,12130,8197,31101,1774
1782535076,2AC,24025338.0,22997662.0,1929681.1,1743621.9,294753.0,277293.8,146337.8,206219.3,101380.5,0.0,28.0,26.7,0,24.1,38.5,961,5492,6849,8787,10938,11375,12130,8198,31096,1774
1782535374,2AC,23978376.0,22955078.0,1932002.5,1743766.5,294724.7,276547.9,146431.3,206483.8,101373.9,0.0,28.0,26.7,0,24.1,38.5,961,5493,6850,8787,10936,11374,12130,8197,31091,1771
1782535675,2AC,24083722.0,22930560.0,1930413.4,1742475.0,295654.7,277690.4,146181.4,206323.4,101367.2,0.0,27.9,26.7,0,24.1,38.5,961,5495,6851,8788,10941,11376,12132,8198,31099,1774
1782535976,2AC,24149968.0,22960454.0,1931083.9,1745716.1,294926.7,277463.9,146745.7,206334.1,101360.9,0.0,27.9,26.7,0,24.1,38.5,961,5496,6852,8791,10941,11378,12134,8199,31106,1774
1782536274,2AC,24132320.0,23054744.0,1935422.4,1751771.9,295293.9,277752.2,146691.8,206262.0,101354.9,0.0,27.9,26.7,0,24.0,38.5,961,5494,6850,8789,10940,11376,12132,8199,31101,1774
1782536575,2AC,24111584.0,23001850.0,1940232.0,1749817.9,295193.7,277825.4,146772.5,206512.9,101347.8,0.0,27.9,26.8,0,24.1,38.5,961,5491,6847,8785,10935,11372,12127,8195,31084,1771
1782536876,2AC,24119506.0,23025520.0,1937565.9,1752516.6,295455.1,277498.3,146718.4,206429.1,101340.7,0.0,27.9,26.7,0,24.0,38.5,961,5492,6848,8785,10937,11373,12128,8196,31089,1771
1782537174,2AC,24164058.0,23030352.0,1941095.1,1751651.9,296178.0,277944.7,146779.4,206616.5,101334.0,0.0,27.9,26.8,0,24.0,38.5,961,5494,6850,8789,10939,11376,12132,8198,31102,1773
1782537475,2AC,24229328.0,23144094.0,1940523.1,1753487.1,296766.9,278282.8,146611.2,206808.3,101327.6,0.0,27.9,26.8,0,24.0,38.5,961,5495,6851,8789,10940,11379,12133,8198,31100,1774
1782537776,2AC,24187514.0,23113008.0,1943513.6,1755205.9,296328.2,278365.8,147175.8,206713.1,101321.9,0.0,27.9,26.8,0,24.0,38.5,961,5495,6850,8789,10940,11378,12132,8198,31105,1774
1782538074,2AC,24128042.0,23093366.0,1944250.5,1754157.0,296316.2,278512.0,146892.8,206822.4,101315.5,0.0,27.9,26.8,0,24.0,38.5,961,5494,6850,8788,10940,11376,12130,8196,31090,1774
1782538375,2AC,24215802.0,23109006.0,1943235.4,1755266.6,296742.2,279192.8,147046.3,207188.9,101308.9,0.0,27.9,26.8,0,24.0,38.6,961,5494,6851,8790,10943,11377,12135,8199,31104,1774
1782538676,2AC,24268434.0,23184406.0,1941506.6,1754166.0,296755.1,278869.6,147222.2,206909.8,101301.5,0.0,27.9,26.8,0,24.0,38.5,961,5493,6849,8789,10941,11377,12132,8199,31094,1774
1782538974,2AC,24220438.0,23121634.0,1944382.1,1754787.9,296885.0,279398.0,146824.7,207207.3,101296.5,0.0,27.9,26.8,0,24.0,38.6,961,5491,6848,8787,10937,11375,12130,8197,31092,1772
1782539275,2AC,24247466.0,23203574.0,1948589.5,1758293.4,297190.7,279394.6,147311.1,207442.5,101290.2,0.0,27.8,26.8,0,24.0,38.6,961,5494,6849,8790,10940,11376,12132,8199,31102,1772
1782539874,2AC,56870756.0,54447264.0,4079150.2,3677318.0,526011.9,482857.1,205908.7,279028.2,105287.0,0.0,27.6,16.7,0,23.7,27.7,961,5495,6850,8795,10946,11385,12137,8202,31113,1774
1782540175,2AC,52592668.0,50482116.0,3773861.0,3391742.2,496789.3,457321.4,202346.7,274304.5,105328.6,0.0,27.7,18.4,0,23.8,29.1,961,5497,6851,8795,10945,11382,12138,8202,31113,1775
1782540474,2AC,49394304.0,47541012.0,3563080.8,3203943.0,475860.2,439603.0,197947.6,269942.5,105337.4,0.0,27.7,19.4,0,23.8,30.0,961,5497,6851,8793,10946,11381,12137,8201,31109,1773
1782540775,2AC,47487396.0,45198724.0,3426058.0,3077151.0,462606.0,426861.2,195270.7,266302.2,105331.6,0.0,27.7,20.0,0,23.8,30.7,961,5498,6852,8794,10944,11383,12139,8202,31112,1776
1782541076,2AC,45736468.0,43850352.0,3318954.0,2992566.8,452175.8,417808.4,192515.2,263720.0,105318.4,0.0,27.7,20.5,0,23.8,31.2,961,5496,6852,8795,10947,11384,12139,8202,31116,1773
1782541374,2AC,44596176.0,42480564.0,3236928.8,2920970.2,444259.5,410182.1,191305.1,261559.2,105299.4,0.0,27.7,20.8,0,23.8,31.6,961,5495,6850,8793,10945,11381,12139,8201,31116,1775
1782541676,2AC,43554240.0,41598756.0,3178697.8,2848116.8,438707.1,403877.5,189547.1,259620.6,105278.9,0.0,27.7,21.1,0,23.8,31.9,961,5496,6850,8793,10947,11382,12138,8201,31114,1773
1782541974,2AC,42735492.0,40788284.0,3133675.8,2808649.2,432924.5,399496.2,187827.2,258436.8,105256.1,0.0,27.7,21.3,0,23.8,32.1,961,5496,6850,8794,10946,11382,12137,8202,31114,1773
1782542275,2AC,41998252.0,40269124.0,3099287.8,2771660.2,429308.2,394920.5,186648.2,256389.2,105232.7,0.0,27.7,21.6,0,23.8,32.4,961,5495,6850,8792,10944,11380,12135,8200,31105,1775
1782542576,2AC,41513364.0,39666132.0,3055568.8,2726200.8,425534.3,392057.6,186171.4,255781.6,105207.1,0.0,27.7,21.7,0,23.8,32.5,961,5494,6849,8791,10944,11382,12137,8200,31113,1773
1782542874,2AC,41010908.0,39252468.0,3037936.2,2700149.2,422650.8,389392.3,184870.4,254677.3,105181.1,0.0,27.7,21.8,0,23.8,32.7,961,5493,6848,8790,10941,11376,12134,8198,31099,1774
1782543176,2AC,40643412.0,38915008.0,3011666.8,2681491.0,419238.5,386835.4,184155.2,254182.5,105154.1,0.0,27.7,22.0,0,23.8,32.8,961,5495,6849,8793,10944,11381,12136,8201,31105,1773
1782543474,2AC,40184148.0,38490548.0,2984925.8,2654631.8,417257.5,385318.4,184044.5,252665.3,105127.6,0.0,27.7,22.1,0,23.8,32.9,961,5495,6848,8792,10943,11378,12135,8200,31109,1775
1782543775,2AC,39886460.0,38305148.0,2957626.8,2640211.2,414696.2,383068.8,182899.1,251917.8,105102.6,0.0,27.7,22.2,0,23.8,33.1,961,5496,6850,8794,10945,11384,12139,8202,31115,1773
1782544076,2AC,39679888.0,37901908.0,2931126.2,2625077.2,412788.8,381245.0,182923.3,251628.7,105077.0,0.0,27.7,22.3,0,23.8,33.2,961,5495,6849,8794,10944,11379,12136,8200,31106,1774
1782544375,2AC,39431756.0,37792116.0,2922465.8,2606370.0,411156.0,379551.9,182049.7,251177.8,105050.5,0.0,27.7,22.4,0,23.8,33.3,961,5494,6849,8792,10944,11380,12135,8200,31109,1772
1782544676,2AC,39227300.0,37506908.0,2898013.8,2595008.2,408258.6,378238.3,181271.0,250708.0,105025.1,0.0,27.7,22.5,0,23.8,33.4,962,5496,6850,8795,10946,11382,12138,8201,31112,1773
1782544974,2AC,38916084.0,37126308.0,2891334.0,2580428.2,406831.3,376430.8,180727.0,249479.0,104998.0,0.0,27.6,22.5,0,23.8,33.5,961,5496,6850,8795,10945,11382,12137,8201,31111,1775
1782545275,2AC,38643948.0,36932084.0,2876307.2,2568916.8,405296.2,375304.1,179847.3,249377.3,104970.2,0.0,27.6,22.6,0,23.8,33.5,961,5495,6850,8795,10946,11380,12136,8201,31111,1773
1782545574,2AC,38448076.0,36867952.0,2858494.0,2553258.8,403847.3,374808.6,180090.3,248332.8,104943.6,0.0,27.6,22.7,0,23.8,33.6,961,5495,6849,8795,10943,11381,12136,8200,31106,1773
1782545875,2AC,38138836.0,36549996.0,2834852.0,2556645.2,402907.0,372086.8,179386.9,247884.2,104917.2,0.0,27.6,22.7,0,23.8,33.7,961,5492,6847,8789,10939,11375,12128,8196,31090,1772
1782546176,2AC,38216524.0,36536672.0,2825484.2,2537902.8,401601.5,370932.4,178790.1,247941.1,104892.7,0.0,27.6,22.8,0,23.8,33.8,961,5493,6848,8792,10942,11381,12134,8199,31107,1774
1782546474,2AC,37837856.0,36261168.0,2803231.2,2526355.0,400131.7,370356.0,178030.6,246620.9,104867.5,0.0,27.6,22.9,0,23.8,33.8,961,5494,6848,8792,10944,11380,12135,8200,31103,1775
1782546775,2AC,37806588.0,36143124.0,2795017.8,2519920.0,399140.8,368225.3,176693.6,246745.9,104841.3,0.0,27.6,22.9,0,23.8,33.9,961,5493,6847,8791,10944,11378,12134,8199,31105,1773
1782547076,2AC,37485428.0,35938756.0,2787621.8,2511749.0,398230.7,367116.9,177298.7,246697.1,104816.6,0.0,27.6,22.9,0,23.8,33.9,961,5496,6849,8794,10946,11381,12136,8201,31110,1773
1782547374,2AC,37350448.0,35711996.0,2777954.2,2501423.2,396567.4,365920.5,176628.5,245817.2,104790.7,0.0,27.6,23.0,0,23.8,34.0,962,5496,6849,8794,10944,11382,12137,8201,31111,1773
1782547675,2AC,37299964.0,35629996.0,2768078.8,2492026.0,396388.3,364921.2,175853.4,245555.1,104764.6,0.0,27.6,23.1,0,23.8,34.1,961,5494,6848,8793,10944,11380,12135,8201,31109,1774
1782547973,2AC,37173156.0,35534544.0,2762815.2,2483681.2,395023.2,364598.2,175340.1,245815.5,104739.1,0.0,27.6,23.1,0,23.8,34.1,961,5494,6849,8793,10947,11384,12137,8200,31117,1776
1782548275,2AC,37009632.0,35476612.0,2755561.8,2477403.0,394303.7,363205.9,176219.3,244665.9,104713.9,0.0,27.6,23.2,0,23.8,34.1,961,5495,6849,8794,10946,11382,12137,8202,31115,1773
1782548576,2AC,36938212.0,35360620.0,2751884.2,2471379.0,393702.6,362552.7,175213.8,243716.0,104691.0,0.0,27.6,23.2,0,23.7,34.2,961,5494,6848,8794,10948,11382,12138,8203,31116,1776
1782548874,2AC,36636624.0,35139108.0,2735617.8,2458828.8,392914.6,361853.1,175519.7,243479.9,104667.0,0.0,27.6,23.2,0,23.7,34.2,961,5494,6848,8793,10944,11380,12137,8201,31112,1773
1782549175,2AC,36626688.0,34935908.0,2732303.8,2450070.2,390860.6,361639.4,175177.9,244269.4,104643.0,0.0,27.6,23.3,0,23.7,34.3,961,5495,6850,8795,10948,11382,12138,8202,31115,1774
1782549474,2AC,36516316.0,34920564.0,2721102.8,2447116.8,389570.2,359648.2,174407.1,243499.2,104618.5,0.0,27.6,23.3,0,23.7,34.3,961,5493,6847,8793,10945,11380,12135,8201,31110,1773
1782549775,2AC,36415924.0,34758704.0,2717969.0,2441518.2,388611.9,358442.2,174725.1,243121.0,104593.0,0.0,27.6,23.4,0,23.7,34.4,961,5496,6850,8796,10946,11383,12138,8202,31117,1773
1782550076,2AC,36196580.0,34674992.0,2701440.2,2440474.0,388411.9,357890.3,174425.6,243150.3,104568.0,0.0,27.6,23.4,0,23.7,34.4,961,5494,6849,8793,10945,11382,12137,8201,31108,1773
1782550374,2AC,36157124.0,34581120.0,2696073.0,2432780.0,387739.8,357877.6,175036.8,242207.5,104545.0,0.0,27.6,23.4,0,23.7,34.5,961,5494,6848,8793,10946,11382,12138,8201,31112,1775
1782550675,2AC,36074708.0,34437172.0,2693032.0,2419984.0,386385.7,356834.9,173755.1,241729.1,104522.3,0.0,27.6,23.5,0,23.7,34.5,960,5493,6846,8791,10944,11379,12134,8199,31108,1773
1782550976,2AC,36063012.0,34357792.0,2681233.2,2417562.2,386175.2,356198.5,173479.9,242210.5,104498.7,0.0,27.6,23.5,0,23.7,34.5,961,5494,6849,8792,10946,11381,12138,8201,31109,1774
1782551274,2AC,35830156.0,34374636.0,2678226.8,2412062.8,385600.8,355689.9,173345.9,242037.1,104475.8,0.0,27.6,23.5,0,23.7,34.6,961,5493,6846,8791,10943,11380,12134,8200,31101,1775
1782551575,2AC,35853636.0,34204924.0,2662362.2,2408013.8,384806.0,355522.6,173600.6,241382.3,104453.6,0.0,27.6,23.6,0,23.7,34.6,961,5495,6847,8793,10943,11378,12135,8200,31108,1775
1782551876,2AC,35600752.0,34007324.0,2658298.8,2399577.0,384002.5,354353.1,172371.1,240892.2,104430.5,0.0,27.6,23.6,0,23.7,34.6,961,5494,6848,8795,10945,11381,12137,8202,31113,1776
1782552174,2AC,35395672.0,33935208.0,2647060.0,2389285.8,382999.8,353798.1,173276.4,240620.1,104406.5,0.0,27.6,23.6,0,23.7,34.7,961,5495,6849,8795,10948,11383,12139,8202,31116,1775
1782552475,2AC,35482680.0,33906416.0,2641221.2,2390248.8,382720.8,353372.9,172592.4,240695.2,104383.9,0.0,27.6,23.6,0,23.7,34.7,962,5497,6851,8797,10951,11388,12143,8205,31130,1777
1782552776,2AC,35353044.0,33868376.0,2633883.0,2384484.2,382242.5,352933.4,172420.1,240720.4,104362.0,0.0,27.6,23.7,0,23.7,34.7,961,5495,6850,8794,10947,11383,12140,8202,31116,1775
1782553074,2AC,35260192.0,33704476.0,2630605.2,2383091.2,382603.6,352772.7,172156.0,239998.9,104341.0,0.0,27.6,23.7,0,23.7,34.8,961,5497,6852,8797,10950,11385,12143,8204,31126,1774
1782553375,2AC,35068420.0,33543678.0,2621206.0,2372789.8,379686.7,351714.2,171843.9,240293.6,104319.7,0.0,27.6,23.7,0,23.7,34.8,962,5497,6850,8796,10948,11383,12140,8202,31118,1773
1782553676,2AC,35023936.0,33487762.0,2612081.2,2371754.2,379218.0,350246.6,172113.3,239350.3,104297.3,0.0,27.6,23.8,0,23.7,34.9,961,5495,6850,8795,10947,11384,12137,8202,31117,1773
1782553974,2AC,35042996.0,33455470.0,2619084.0,2369333.8,378566.2,350883.1,171469.0,239855.0,104276.1,0.0,27.6,23.8,0,23.7,34.9,961,5495,6848,8793,10944,11381,12135,8201,31108,1775
1782554275,2AC,34906428.0,33442730.0,2608387.2,2358835.0,378591.5,349856.1,171014.5,239863.8,104255.5,0.0,27.6,23.8,0,23.7,34.9,961,5495,6847,8793,10946,11380,12135,8201,31107,1774
1782554576,2AC,34818548.0,33285378.0,2598319.8,2356106.8,377647.5,348742.5,171553.5,239141.7,104233.9,0.0,27.6,23.8,0,23.7,35.0,961,5495,6849,8793,10945,11380,12133,8199,31103,1774
1782554874,2AC,34669100.0,33100576.0,2600631.0,2352618.8,376725.8,348833.6,171033.4,238950.4,104212.8,0.0,27.6,23.8,0,23.7,35.0,961,5495,6849,8795,10946,11382,12135,8201,31108,1775
1782555175,2AC,34581568.0,33129642.0,2595344.2,2342023.8,376418.4,347982.9,170923.5,238719.9,104190.4,0.0,27.6,23.9,0,23.7,35.0,961,5494,6847,8793,10945,11380,12134,8200,31104,1775
1782555476,2AC,34636756.0,33079722.0,2592424.0,2338159.0,376209.5,347562.5,170925.1,237490.4,104169.2,0.0,27.6,23.9,0,23.7,35.0,961,5493,6846,8792,10941,11374,12130,8196,31089,1773
1782555774,2AC,34559104.0,33143878.0,2587439.2,2339549.8,375589.2,347403.7,170524.4,238684.2,104148.3,0.0,27.6,23.9,0,23.7,35.0,961,5495,6848,8794,10943,11381,12136,8200,31108,1775
1782556075,2AC,34484532.0,32967206.0,2583387.8,2335195.2,375675.8,347230.5,171156.7,237950.5,104128.1,0.0,27.6,23.9,0,23.7,35.1,961,5493,6847,8791,10944,11380,12136,8200,31105,1775
1782556376,2AC,34387956.0,32922496.0,2576746.0,2332384.8,374694.2,346049.0,170130.2,237491.6,104107.3,0.0,27.6,24.0,0,23.7,35.1,961,5494,6847,8793,10945,11380,12135,8200,31107,1773
1782556674,2AC,34309928.0,32860848.0,2582007.0,2326682.0,374446.1,346122.0,169807.1,238402.5,104086.9,0.0,27.6,24.0,0,23.7,35.1,961,5495,6849,8793,10945,11383,12136,8200,31113,1774
1782556975,2AC,34351940.0,32834658.0,2576328.8,2321386.2,374272.7,345573.5,170208.1,236028.0,104065.8,0.0,27.6,24.0,0,23.7,35.1,961,5495,6848,8791,10943,11378,12133,8199,31107,1775
1782557274,2AC,34218872.0,32735954.0,2563442.2,2324624.2,373851.7,345297.9,169770.9,237718.4,104045.7,0.0,27.6,24.1,0,23.7,35.2,961,5492,6846,8790,10942,11377,12132,8198,31098,1773
1782557575,2AC,34130452.0,32672638.0,2569884.0,2322175.8,373223.3,344920.0,170047.4,236877.7,104024.6,0.0,27.6,24.1,0,23.7,35.2,961,5495,6849,8794,10946,11383,12139,8202,31109,1774
1782557876,2AC,34094452.0,32677306.0,2556613.0,2316348.8,373351.0,344818.3,169364.4,236856.0,104004.2,0.0,27.6,24.1,0,23.7,35.3,961,5495,6848,8794,10944,11382,12136,8200,31110,1775
1782558174,2AC,33987476.0,32538496.0,2553735.2,2311309.8,372563.4,344552.5,169720.6,236333.0,103984.4,0.0,27.6,24.1,0,23.7,35.2,961,5494,6849,8794,10947,11383,12137,8201,31113,1776
1782558475,2AC,33998024.0,32445694.0,2553485.2,2307049.2,372340.8,343532.2,169979.2,236759.3,103966.5,0.0,27.6,24.1,0,23.7,35.3,961,5498,6851,8796,10946,11383,12140,8202,31115,1774
1782558776,2AC,33863368.0,32274906.0,2547403.2,2305544.8,371191.8,343101.8,169195.9,236696.8,103947.1,0.0,27.6,24.1,0,23.7,35.3,961,5495,6849,8794,10946,11383,12136,8201,31107,1775
1782559074,2AC,33863544.0,32401792.0,2546937.8,2304510.2,371311.0,342724.4,169181.3,236330.2,103928.2,0.0,27.6,24.2,0,23.7,35.3,961,5495,6848,8794,10945,11381,12136,8201,31108,1775
1782559375,2AC,33818924.0,32385480.0,2537413.2,2300179.2,371102.0,342504.5,168593.5,236170.7,103908.8,0.0,27.6,24.2,0,23.7,35.3,961,5493,6847,8793,10944,11377,12132,8198,31101,1772
1782559676,2AC,33754992.0,32304410.0,2542724.8,2295217.0,370577.0,341790.6,168924.3,235714.9,103890.1,0.0,27.6,24.2,0,23.7,35.4,961,5494,6849,8795,10944,11380,12135,8199,31105,1773
1782559974,2AC,33660852.0,32107192.0,2532077.8,2288911.0,370280.1,342072.6,168796.1,235790.7,103871.3,0.0,27.6,24.2,0,23.7,35.4,962,5497,6850,8796,10948,11384,12141,8203,31118,1775
1782560275,2AC,33631948.0,32097918.0,2526837.8,2292092.2,370162.0,340942.5,168915.5,235822.9,103851.0,0.0,27.6,24.2,0,23.7,35.5,961,5494,6849,8794,10946,11384,12138,8202,31113,1775
1782560576,2AC,33623444.0,32154346.0,2532070.2,2289952.0,369287.2,340934.2,168456.4,235060.5,103831.7,0.0,27.6,24.3,0,23.7,35.5,961,5494,6849,8794,10945,11380,12135,8200,31105,1774
1782560874,2AC,33478238.0,31987290.0,2523434.5,2285131.8,367718.8,340684.4,168678.9,235741.6,103813.7,0.0,27.6,24.3,0,23.7,35.4,960,5493,6847,8792,10943,11377,12134,8199,31101,1773
1782561175,2AC,33430830.0,32001042.0,2525231.2,2277718.2,367998.9,340845.9,167907.7,235229.6,103794.5,0.0,27.6,24.3,0,23.7,35.5,961,5492,6846,8790,10940,11376,12133,8198,31099,1774
1782561473,2AC,33348386.0,31837478.0,2518414.8,2276698.8,367423.0,339970.9,167941.5,235191.8,103777.1,0.0,27.6,24.3,0,23.7,35.5,961,5493,6846,8791,10943,11380,12134,8198,31104,1775
1782561775,2AC,33395934.0,31851858.0,2512058.0,2277121.5,367017.8,340011.8,168396.0,235191.9,103759.1,0.0,27.6,24.3,0,23.7,35.6,961,5495,6848,8795,10944,11380,12136,8201,31107,1773
1782562076,2AC,33374216.0,31900766.0,2506506.8,2270941.2,366806.5,339748.2,167791.2,235223.0,103741.7,0.0,27.6,24.3,0,23.7,35.6,961,5493,6847,8793,10943,11380,12135,8200,31100,1773
1782562374,2AC,33338888.0,31864898.0,2506396.0,2267476.5,366942.9,339097.7,167903.3,234796.0,103724.1,0.0,27.6,24.4,0,23.7,35.6,961,5495,6849,8794,10944,11380,12136,8200,31107,1774
1782562675,2AC,33213070.0,31658726.0,2506000.0,2260901.8,366201.2,338688.4,167559.5,233886.8,103706.1,0.0,27.6,24.4,0,23.7,35.6,961,5495,6848,8794,10946,11381,12138,8200,31107,1773
1782562976,2AC,33185184.0,31683450.0,2510260.2,2267156.8,366225.2,338447.0,167939.3,234019.2,103687.8,0.0,27.6,24.4,0,23.7,35.6,961,5494,6847,8793,10943,11379,12136,8199,31106,1773
1782563274,2AC,33090358.0,31652154.0,2502670.0,2261869.2,365732.2,338280.4,167654.6,234598.3,103670.1,0.0,27.6,24.4,0,23.7,35.6,960,5492,6846,8791,10943,11379,12135,8198,31105,1773
1782563575,2AC,33063194.0,31673310.0,2497906.0,2260345.0,365724.9,338126.9,167722.7,233828.7,103653.0,0.0,27.6,24.4,0,23.7,35.7,961,5494,6848,8793,10946,11380,12137,8201,31108,1774
1782563876,2AC,33008302.0,31631326.0,2495359.8,2258328.2,365359.8,338042.9,167243.2,233853.8,103636.8,0.0,27.6,24.5,0,23.7,35.7,961,5494,6848,8793,10943,11378,12135,8199,31104,1773
1782564173,2AC,33049342.0,31528922.0,2497344.8,2254250.2,364873.2,337204.5,167517.0,233452.1,103618.7,0.0,27.6,24.5,0,23.7,35.7,961,5495,6849,8795,10945,11380,12135,8199,31105,1775
1782564475,2AC,32871328.0,31557808.0,2489218.2,2253817.8,364688.5,337246.1,167508.9,233616.3,103601.1,0.0,27.6,24.5,0,23.7,35.7,961,5495,6848,8794,10945,11381,12137,8201,31107,1774
1782564775,2AC,32897070.0,31509474.0,2488643.2,2253090.5,364490.4,337606.2,167212.6,234027.0,103584.7,0.0,27.6,24.5,0,23.7,35.8,961,5496,6851,8797,10949,11385,12140,8203,31119,1776
1782565076,2AC,32882694.0,31433032.0,2486513.8,2251851.0,364409.7,336048.7,166778.1,233022.2,103567.4,0.0,27.6,24.5,0,23.7,35.8,961,5496,6850,8796,10949,11383,12139,8201,31113,1775
1782565374,2AC,32810170.0,31335942.0,2482224.0,2240136.2,363931.6,336419.8,166872.6,232962.4,103550.9,0.0,27.5,24.5,0,23.7,35.8,961,5496,6849,8795,10945,11383,12139,8201,31113,1774
1782565675,2AC,32699490.0,31249958.0,2485903.8,2243057.8,363362.4,336691.2,166887.2,233013.3,103534.6,0.0,27.6,24.5,0,23.7,35.8,961,5495,6848,8794,10946,11381,12137,8200,31106,1773
1782565976,2AC,32714304.0,31254936.0,2473209.8,2238937.5,363571.4,335561.2,167108.9,232398.3,103519.2,0.0,27.6,24.6,0,23.7,35.8,961,5495,6849,8794,10947,11384,12137,8201,31110,1773
1782566274,2AC,32659400.0,31353530.0,2483121.8,2242867.8,363869.2,335523.0,166779.1,233310.8,103503.6,0.0,27.6,24.6,0,23.7,35.8,961,5494,6847,8793,10944,11381,12136,8200,31101,1773
1782566575,2AC,32710350.0,31124870.0,2479053.8,2235473.0,363454.5,335025.1,166664.5,232891.6,103486.6,0.0,27.6,24.6,0,23.7,35.9,961,5494,6848,8793,10946,11381,12137,8199,31111,1773
1782566876,2AC,32612850.0,31153160.0,2469063.2,2237637.2,362459.8,335011.8,166357.3,233339.4,103470.8,0.0,27.6,24.6,0,23.7,35.9,961,5496,6849,8795,10946,11382,12140,8201,31113,1773
1782567174,2AC,32612144.0,31139186.0,2469111.2,2238198.0,362476.5,334713.8,165901.8,232951.5,103454.5,0.0,27.6,24.6,0,23.7,35.9,961,5495,6849,8796,10947,11384,12139,8201,31113,1774
1782567475,2AC,32541638.0,31151934.0,2471826.8,2235261.2,362913.9,334629.6,166246.5,233196.0,103438.6,0.0,27.6,24.6,0,23.7,35.9,961,5494,6848,8793,10945,11380,12136,8200,31108,1773
1782567776,2AC,32547578.0,31081598.0,2471437.2,2235550.0,362353.4,334636.1,166292.2,232391.8,103422.4,0.0,27.5,24.6,0,23.7,35.9,961,5495,6847,8795,10946,11382,12136,8201,31108,1774
1782568074,2AC,32604248.0,31114342.0,2463486.8,2230914.2,362665.5,334301.5,166656.9,232572.4,103406.6,0.0,27.5,24.6,0,23.7,36.0,961,5494,6846,8792,10945,11381,12134,8199,31103,1774
1782568375,2AC,32467504.0,31075504.0,2463604.0,2229201.8,362205.2,334428.7,166581.0,232806.4,103391.5,0.0,27.6,24.7,0,23.7,35.9,961,5492,6847,8791,10945,11379,12135,8199,31103,1773
1782568676,2AC,32340448.0,30902176.0,2459030.0,2230224.0,361423.1,333930.6,166098.9,231585.5,103376.6,0.0,27.5,24.7,0,23.7,36.0,961,5497,6849,8796,10947,11383,12137,8201,31109,1775
1782568975,2AC,32315342.0,30909496.0,2453268.2,2221774.2,361288.2,333529.7,166417.0,232090.2,103360.6,0.0,27.5,24.7,0,23.7,36.0,961,5493,6847,8792,10945,11380,12136,8199,31107,1773
1782569276,2AC,32390312.0,31051086.0,2452568.0,2220110.2,361070.8,333453.7,165775.3,232478.6,103345.9,0.0,27.5,24.7,0,23.7,36.0,961,5495,6850,8796,10947,11382,12138,8199,31113,1774
1782569574,2AC,32223776.0,30872578.0,2460560.0,2221137.8,360689.9,333514.7,165838.1,232140.8,103331.6,0.0,27.5,24.7,0,23.7,36.0,961,5493,6846,8792,10944,11381,12134,8200,31103,1773
1782569875,2AC,32308886.0,30838122.0,2459759.2,2221347.8,360852.2,332915.2,165782.8,231913.9,103316.6,0.0,27.5,24.7,0,23.7,36.1,961,5495,6849,8794,10947,11382,12139,8202,31112,1773
1782570176,2AC,32268280.0,30759574.0,2441765.8,2218919.8,360778.5,333053.4,166072.7,231984.9,103302.5,0.0,27.6,24.8,0,23.7,36.1,961,5495,6849,8793,10948,11383,12140,8202,31114,1773
1782570474,2AC,32148962.0,30715688.0,2445133.0,2218487.8,360402.6,332822.5,165390.3,232209.3,103287.9,0.0,27.5,24.8,0,23.7,36.1,961,5495,6847,8794,10946,11381,12135,8200,31109,1774
1782570774,2AC,32103622.0,30757298.0,2445031.8,2214941.5,360067.8,332607.6,166283.0,231915.9,103273.6,0.0,27.5,24.8,0,23.7,36.1,961,5491,6844,8790,10942,11377,12133,8198,31094,1775
1782571075,2AC,32123802.0,30725086.0,2444863.0,2213720.2,359844.1,332800.2,165709.4,230819.6,103258.9,0.0,27.5,24.8,0,23.7,36.1,961,5494,6847,8793,10946,11383,12140,8200,31110,1776
1782571376,2AC,32124600.0,30644430.0,2446891.8,2211935.0,360023.5,332647.9,165448.3,231711.3,103244.8,0.0,27.6,24.8,0,23.7,36.1,961,5494,6848,8794,10945,11381,12135,8200,31104,1774
1782571674,2AC,32049510.0,30676704.0,2443514.0,2207281.2,359815.7,332071.5,164825.8,230739.3,103230.4,0.0,27.6,24.8,0,23.7,36.1,961,5493,6846,8791,10943,11380,12135,8199,31102,1774
1782571975,2AC,31914320.0,30627902.0,2442390.8,2203484.2,359699.9,332187.2,165275.9,231676.6,103215.7,0.0,27.5,24.8,0,23.7,36.1,961,5494,6848,8794,10947,11382,12136,8201,31109,1773
1782572276,2AC,32059530.0,30589678.0,2442043.0,2207515.2,359716.2,331872.3,165701.5,230898.2,103201.9,0.0,27.5,24.8,0,23.7,36.2,961,5495,6848,8795,10946,11381,12136,8200,31110,1773
1782572574,2AC,31887690.0,30566504.0,2438304.2,2205518.0,359875.5,331453.0,165553.4,231417.4,103187.1,0.0,27.5,24.9,0,23.7,36.2,961,5494,6847,8794,10946,11381,12135,8200,31107,1776
1782572875,2AC,31963130.0,30496598.0,2431166.8,2203088.8,358932.9,331728.7,165195.8,230663.5,103172.3,0.0,27.5,24.9,0,23.7,36.2,961,5493,6847,8792,10943,11377,12136,8197,31100,1773
1782573176,2AC,31866642.0,30529674.0,2435384.0,2204329.8,358477.7,331385.5,165036.3,231632.1,103158.1,0.0,27.5,24.9,0,23.7,36.3,962,5495,6849,8796,10949,11384,12139,8201,31115,1774
1782573474,2AC,31948560.0,30503366.0,2439623.5,2201480.2,358804.2,331193.4,165157.5,230922.2,103143.7,0.0,27.5,24.9,0,23.7,36.2,962,5496,6849,8797,10949,11385,12140,8202,31117,1773
1782573775,2AC,31939434.0,30490254.0,2431600.8,2199699.0,359110.7,331283.7,164907.2,230948.6,103129.2,0.0,27.5,24.9,0,23.7,36.3,961,5496,6849,8798,10949,11384,12138,8202,31112,1773
1782574076,2AC,31902658.0,30523494.0,2429155.5,2202342.5,359203.3,331543.9,165048.1,230247.4,103116.5,0.0,27.5,24.9,0,23.7,36.3,961,5495,6847,8794,10944,11381,12136,8199,31103,1773
1782574374,2AC,31783106.0,30287166.0,2425852.2,2197143.8,358621.2,331089.4,164675.2,231106.7,103103.2,0.0,27.5,24.9,0,23.6,36.3,961,5494,6848,8794,10945,11380,12135,8199,31106,1775
1782574675,2AC,31772366.0,30357078.0,2427648.2,2194968.0,358691.7,330496.6,165482.7,230276.9,103090.1,0.0,27.5,25.0,0,23.6,36.3,962,5496,6849,8796,10949,11383,12141,8202,31115,1775
1782574976,2AC,31711656.0,30255386.0,2424221.2,2198339.2,358044.0,330809.3,164672.7,230251.8,103077.4,0.0,27.5,25.0,0,23.6,36.3,962,5495,6848,8795,10948,11383,12139,8202,31112,1775
1782575274,2AC,31832374.0,30383594.0,2424281.8,2196032.0,358340.0,330880.8,164966.6,229542.0,103064.4,0.0,27.5,25.0,0,23.6,36.3,961,5494,6848,8794,10944,11381,12136,8200,31104,1774
1782575575,2AC,31826822.0,30254750.0,2429561.0,2200314.0,357837.9,330904.6,164394.0,230663.4,103053.0,0.0,27.5,25.0,0,23.7,36.4,961,5494,6847,8795,10949,11382,12138,8202,31112,1774
1782575875,2AC,31710290.0,30289250.0,2419622.0,2191926.0,358153.9,330454.8,164541.4,230612.4,103040.5,0.0,27.5,25.0,0,23.7,36.3,961,5492,6847,8792,10942,11377,12134,8197,31098,1775
1782576176,2AC,31774726.0,30355616.0,2419849.2,2192369.8,357879.4,330385.2,165098.1,229329.7,103027.2,0.0,27.5,25.0,0,23.7,36.4,961,5494,6848,8793,10945,11380,12135,8200,31106,1773
1782576474,2AC,31662762.0,30245856.0,2422110.2,2191795.2,357764.9,330321.1,164401.8,230210.0,103014.5,0.0,27.5,25.0,0,23.7,36.4,961,5496,6850,8796,10948,11383,12139,8201,31113,1774
1782576775,2AC,31636070.0,30132680.0,2421011.8,2192766.8,356810.5,329788.8,164784.2,230624.0,103001.1,0.0,27.5,25.0,0,23.6,36.4,961,5497,6849,8798,10949,11385,12141,8202,31114,1774
1782577076,2AC,31761728.0,30218658.0,2417524.2,2190743.8,357736.1,329976.7,164621.5,229052.4,102988.0,0.0,27.5,25.1,0,23.7,36.4,961,5497,6849,8798,10949,11385,12141,8203,31112,1774
1782577374,2AC,31582378.0,30168376.0,2413247.0,2187002.2,357083.2,330063.0,164352.8,230107.7,102975.4,0.0,27.5,25.1,0,23.7,36.4,961,5495,6849,8795,10947,11382,12139,8201,31112,1773
1782577674,2AC,31518600.0,30140282.0,2417322.2,2181904.2,357283.5,330034.8,164733.8,229629.5,102963.1,0.0,27.5,25.1,0,23.6,36.5,962,5495,6849,8796,10948,11383,12139,8201,31111,1776
1782577975,2AC,31604906.0,30153520.0,2412630.8,2181898.2,356445.4,329851.8,164374.6,230784.2,102951.4,0.0,27.5,25.1,0,23.6,36.5,961,5495,6849,8795,10946,11382,12137,8201,31110,1774
1782578276,2AC,31580646.0,30174034.0,2414275.8,2185839.8,357012.2,329687.0,164064.2,229135.7,102939.2,0.0,27.5,25.1,0,23.6,36.5,961,5494,6849,8795,10946,11381,12136,8200,31104,1773
1782578574,2AC,31492608.0,30098370.0,2404373.2,2184577.2,355763.2,329301.9,164065.7,229353.7,102927.2,0.0,27.5,25.1,0,23.7,36.5,962,5496,6848,8797,10949,11385,12140,8203,31119,1774
1782578875,2AC,31487880.0,30104152.0,2412047.2,2185969.0,356568.3,329247.8,165008.1,229306.2,102914.5,0.0,27.5,25.1,0,23.7,36.5,961,5496,6851,8797,10950,11385,12142,8203,31120,1774
1782579176,2AC,31459478.0,30077626.0,2407014.0,2179106.8,355453.1,329146.4,164021.2,229237.6,102901.9,0.0,27.5,25.1,0,23.6,36.5,961,5495,6850,8795,10949,11384,12139,8203,31115,1774
1782579474,2AC,31397688.0,29986426.0,2403234.0,2181049.0,355607.0,329037.5,164283.3,228807.1,102889.6,0.0,27.5,25.1,0,23.6,36.5,962,5497,6851,8798,10951,11387,12142,8204,31122,1776
1782579775,2AC,31373290.0,29995822.0,2404311.0,2172338.8,355523.5,328901.2,163834.0,228815.1,102877.3,0.0,27.5,25.1,0,23.6,36.5,961,5494,6847,8794,10944,11380,12134,8199,31104,1773
1782580076,2AC,31412298.0,29975410.0,2404089.2,2177619.2,355288.5,328399.0,164305.7,228827.4,102865.6,0.0,27.5,25.2,0,23.6,36.5,961,5494,6847,8794,10944,11379,12134,8198,31101,1772
1782580374,2AC,31413866.0,29993282.0,2404528.2,2177190.8,355720.2,329526.0,164081.1,229372.9,102853.6,0.0,27.5,25.2,0,23.6,36.6,961,5493,6845,8792,10942,11376,12134,8197,31098,1773
1782580675,2AC,31378026.0,29966482.0,2399804.2,2173353.2,356523.5,328914.4,164321.3,228282.7,102842.5,0.0,27.5,25.2,0,23.6,36.6,961,5495,6846,8794,10945,11380,12138,8199,31107,1773
1782580976,2AC,31338266.0,29924694.0,2398503.0,2175580.0,355242.8,329266.6,163565.7,229527.9,102831.0,0.0,27.5,25.2,0,23.6,36.6,961,5493,6846,8793,10944,11379,12136,8199,31104,1773
1782581274,2AC,31266938.0,29934112.0,2405365.8,2172429.8,355256.5,328754.5,164070.6,229276.4,102819.4,0.0,27.5,25.2,0,23.6,36.6,961,5495,6847,8794,10945,11378,12135,8199,31106,1773
1782581575,2AC,31319970.0,29914138.0,2400759.0,2174118.2,355465.8,328804.3,164285.5,228419.5,102808.9,0.0,27.5,25.2,0,23.6,36.6,961,5493,6846,8793,10947,11381,12138,8200,31106,1773
1782581876,2AC,31304354.0,29943026.0,2397024.8,2173365.8,355125.4,328679.3,163670.6,229406.5,102800.3,0.0,27.5,25.2,0,23.6,36.6,961,5494,6848,8795,10945,11380,12135,8200,31105,1775
1782582174,2AC,31358130.0,29985150.0,2396654.0,2171746.2,355236.8,328270.0,163811.7,229441.8,102794.3,0.0,27.5,25.2,0,23.6,36.7,961,5495,6848,8795,10945,11380,12135,8199,31105,1775
1782582475,2AC,31373542.0,29866472.0,2396617.8,2167251.0,354896.6,328438.2,163833.9,228617.7,102790.9,0.0,27.5,25.2,0,23.6,36.7,961,5492,6845,8791,10941,11377,12133,8197,31097,1774
1782582776,2AC,31151392.0,29780328.0,2392504.0,2167321.8,354331.7,328091.4,163618.0,228532.4,102789.7,0.0,27.5,25.3,0,23.7,36.7,961,5494,6847,8795,10945,11380,12137,8199,31103,1775
1782583074,2AC,31105394.0,29780976.0,2392874.2,2161929.5,354523.9,327353.8,163657.6,228095.5,102787.5,0.0,27.6,25.2,0,23.7,36.7,961,5493,6847,8792,10944,11379,12135,8199,31105,1774
1782583375,2AC,31115890.0,29788848.0,2389609.2,2160110.8,352479.8,327908.4,163174.2,228065.9,102784.5,0.0,27.6,25.2,0,23.7,36.7,961,5495,6848,8794,10945,11380,12136,8200,31103,1773
1782583676,2AC,31015320.0,29672230.0,2381034.2,2155477.2,352133.6,326589.4,163138.9,227792.2,102781.8,0.0,27.6,25.3,0,23.7,36.7,961,5496,6849,8795,10946,11384,12137,8200,31110,1774
1782583974,2AC,30915560.0,29611976.0,2370538.8,2149456.8,351089.6,326659.3,162892.9,227645.4,102779.9,0.0,27.6,25.3,0,23.8,36.7,961,5495,6851,8796,10947,11382,12137,8200,31107,1775
1782584275,2AC,30894378.0,29610194.0,2379611.8,2152980.2,351028.6,325827.3,162659.1,227107.0,102778.7,0.0,27.6,25.3,0,23.8,36.8,961,5495,6849,8793,10944,11380,12136,8200,31106,1775
1782584576,2AC,30908338.0,29553902.0,2369894.8,2146382.8,350540.4,325214.9,162687.0,227236.7,102775.9,0.0,27.7,25.3,0,23.8,36.7,961,5495,6850,8794,10945,11383,12139,8200,31111,1775
1782584874,2AC,30814650.0,29498294.0,2374762.0,2141985.8,349926.5,325087.6,162798.5,227045.5,102774.2,0.0,27.7,25.3,0,23.8,36.8,961,5495,6849,8793,10943,11379,12135,8198,31105,1773
1782585175,2AC,30792680.0,29355498.0,2367151.8,2141420.8,349543.8,324605.8,162005.0,226769.2,102772.4,0.0,27.7,25.3,0,23.8,36.8,961,5496,6850,8794,10947,11383,12138,8201,31113,1773
1782585476,2AC,30620686.0,29301502.0,2361154.2,2135483.5,349099.1,324297.0,162160.9,226714.4,102771.0,0.0,27.8,25.3,0,23.9,36.8,962,5496,6851,8795,10946,11383,12137,8200,31111,1775
1782585774,2AC,30565192.0,29239048.0,2355578.8,2128697.8,348049.2,323392.9,162399.2,225890.9,102772.3,0.0,27.8,25.3,0,23.9,36.8,961,5495,6851,8792,10942,11379,12134,8199,31106,1773
1782586075,2AC,30472242.0,29166856.0,2349977.0,2123903.8,348023.2,323157.4,162192.3,226154.1,102771.7,0.0,27.8,25.4,0,23.9,36.8,962,5496,6852,8794,10945,11383,12138,8201,31118,1773
1782586376,2AC,30533614.0,29173810.0,2351230.0,2126733.8,347627.2,322645.9,161490.6,225934.0,102771.0,0.0,27.8,25.3,0,24.0,36.9,961,5497,6852,8795,10945,11382,12138,8200,31118,1775
1782586674,2AC,30356158.0,29009110.0,2346110.2,2121369.8,346084.9,322423.5,161665.2,225320.0,102769.4,0.0,27.8,25.4,0,24.0,36.8,962,5498,6853,8796,10945,11385,12139,8202,31120,1776
1782586975,2AC,30304450.0,29034158.0,2337494.0,2121582.8,345666.7,321268.5,161279.7,225649.3,102769.0,0.0,27.9,25.3,0,24.0,36.9,961,5498,6855,8796,10945,11384,12137,8201,31117,1774
1782587276,2AC,30241698.0,28911008.0,2332130.0,2112693.0,345784.0,321992.2,161205.6,225142.3,102769.9,0.0,27.9,25.4,0,24.0,36.9,962,5497,6854,8794,10943,11382,12136,8200,31113,1772
1782587574,2AC,30163686.0,28903622.0,2327788.8,2110039.8,344307.5,320879.7,160869.7,224815.9,102771.6,0.0,27.9,25.4,0,24.1,36.9,962,5497,6853,8793,10944,11381,12136,8201,31111,1772
1782587875,2AC,29979304.0,28820360.0,2326646.8,2105853.2,343422.2,320427.2,160779.7,224353.2,102775.0,0.0,28.0,25.4,0,24.1,36.9,962,5497,6854,8793,10943,11379,12135,8199,31104,1772
1782588175,2AC,29995090.0,28758826.0,2319034.0,2098769.5,343471.7,320468.2,160594.8,224089.4,102777.4,0.0,28.0,25.4,0,24.1,36.9,961,5497,6855,8794,10944,11381,12138,8201,31114,1774
1782588473,2AC,29931786.0,28602066.0,2312486.8,2095955.6,342603.2,318808.8,160200.7,224066.6,102779.5,0.0,28.0,25.4,0,24.2,37.0,961,5496,6854,8791,10944,11382,12137,8199,31119,1775
1782588775,2AC,29806982.0,28469554.0,2302457.8,2089401.0,342123.5,318683.9,160276.5,223805.3,102780.1,0.0,28.1,25.4,0,24.2,36.9,961,5499,6856,8795,10945,11386,12140,8202,31128,1773
1782589076,2AC,29769322.0,28435498.0,2301806.5,2083493.4,341776.0,318232.8,159936.0,223152.4,102780.8,0.0,28.1,25.4,0,24.2,36.9,962,5499,6857,8795,10944,11384,12139,8202,31119,1773
1782589374,2AC,29657976.0,28288730.0,2299015.2,2084557.5,340514.8,317630.8,159957.0,223369.0,102779.3,0.0,28.1,25.4,0,24.3,37.0,962,5498,6855,8792,10943,11383,12134,8200,31119,1775
1782589675,2AC,29548464.0,28318682.0,2291620.8,2077071.5,340545.3,316473.2,159385.1,222713.6,102775.6,0.0,28.1,25.4,0,24.3,37.0,962,5499,6858,8794,10948,11385,12140,8203,31125,1775
1782589976,2AC,29454474.0,28145446.0,2291801.8,2071857.5,339525.5,316092.0,159078.4,222526.5,102771.9,0.0,28.2,25.4,0,24.3,37.0,961,5499,6858,8794,10942,11382,12139,8202,31119,1772
1782590274,2AC,29386106.0,28061504.0,2283138.0,2069808.6,339034.7,316589.7,158851.5,222431.9,102767.4,0.0,28.2,25.4,0,24.3,37.0,962,5498,6856,8792,10942,11381,12136,8198,31110,1771
1782590575,2AC,29353176.0,28044890.0,2280549.0,2063174.1,339039.0,315842.1,159039.1,222355.7,102762.3,0.0,28.2,25.5,0,24.3,37.0,962,5497,6856,8792,10940,11381,12135,8199,31114,1773
1782590876,2AC,29331006.0,28043610.0,2275019.2,2063087.6,338566.2,316041.1,158898.6,221839.9,102757.5,0.0,28.2,25.5,0,24.4,37.0,961,5497,6855,8790,10938,11376,12131,8196,31100,1773
1782591175,2AC,29319510.0,27956442.0,2275516.0,2057973.9,338298.2,314784.7,158526.2,221431.6,102751.5,0.0,28.2,25.5,0,24.4,37.1,961,5496,6855,8790,10938,11378,12133,8198,31104,1771
1782591476,2AC,29228618.0,27842126.0,2273520.2,2059133.9,338247.2,315139.0,158351.9,221954.3,102745.7,0.0,28.2,25.5,0,24.4,37.1,962,5496,6856,8790,10939,11378,12131,8197,31105,1771
1782591774,2AC,29271954.0,27964454.0,2266601.8,2055232.4,338026.6,315002.3,158355.0,221426.6,102740.1,0.0,28.2,25.5,0,24.4,37.1,961,5495,6853,8788,10935,11375,12130,8196,31096,1773
1782592075,2AC,29140232.0,27756062.0,2265130.0,2052959.0,337372.6,313532.1,158187.9,221119.2,102734.2,0.0,28.3,25.5,0,24.4,37.1,961,5496,6855,8789,10936,11375,12130,8195,31101,1771
1782592376,2AC,29123594.0,27807806.0,2262701.2,2055617.4,337335.8,314022.8,158020.6,221311.9,102728.6,0.0,28.3,25.5,0,24.4,37.1,962,5498,6856,8791,10941,11381,12135,8200,31114,1772
1782592674,2AC,29136902.0,27703152.0,2259250.0,2050823.9,337234.3,314005.8,158124.6,220995.0,102723.6,0.0,28.3,25.5,0,24.4,37.1,961,5498,6856,8791,10940,11378,12133,8198,31111,1771
1782592975,2AC,29068858.0,27692216.0,2259858.2,2044700.4,336847.4,313352.4,157594.9,220791.6,102716.9,0.0,28.3,25.6,0,24.4,37.1,962,5497,6856,8790,10936,11377,12130,8198,31105,1771
1782593276,2AC,28980570.0,27636080.0,2263155.8,2046243.6,336293.1,313294.2,157908.4,220571.3,102709.3,0.0,28.3,25.6,0,24.4,37.2,962,5498,6857,8790,10940,11380,12133,8197,31109,1771
1782593574,2AC,28931448.0,27645680.0,2249818.8,2046335.1,335779.2,313709.5,157588.8,220595.5,102703.5,0.0,28.3,25.6,0,24.4,37.2,962,5498,6858,8791,10941,11382,12136,8199,31112,1771
1782593875,2AC,28920352.0,27626382.0,2255958.0,2038954.6,336004.1,313073.0,157833.7,220884.8,102696.4,0.0,28.3,25.6,0,24.4,37.2,961,5498,6858,8791,10940,11381,12134,8199,31113,1773
1782594174,2AC,28898096.0,27524458.0,2252725.0,2044344.6,335333.3,312895.3,157530.8,220490.5,102690.9,0.0,28.3,25.6,0,24.5,37.2,962,5498,6857,8792,10940,11380,12134,8199,31108,1771
1782594475,2AC,28859486.0,27511018.0,2244502.0,2035684.5,335771.3,312420.8,157860.9,220102.5,102685.5,0.0,28.3,25.6,0,24.5,37.2,962,5499,6857,8791,10939,11380,12134,8198,31111,1773
1782594776,2AC,28928058.0,27437570.0,2248213.8,2036520.5,334664.5,313211.5,157170.6,220144.5,102679.4,0.0,28.3,25.6,0,24.5,37.2,962,5500,6860,8795,10944,11383,12139,8202,31120,1774
1782595074,2AC,28904800.0,27430816.0,2246246.2,2035054.0,334033.0,312631.0,157128.4,220056.4,102672.9,0.0,28.4,25.6,0,24.5,37.2,962,5499,6858,8792,10942,11381,12134,8199,31111,1771
1782595375,2AC,28775626.0,27343546.0,2246484.8,2034616.6,335334.2,312177.5,157142.9,219826.7,102665.8,0.0,28.4,25.6,0,24.5,37.2,962,5500,6861,8793,10945,11385,12140,8203,31125,1774
1782595676,2AC,28746640.0,27305398.0,2236537.8,2029386.6,334186.8,311476.8,157097.4,219590.4,102660.8,0.0,28.4,25.6,0,24.5,37.3,962,5499,6859,8790,10940,11381,12136,8198,31110,1774
1782595974,2AC,28660848.0,27311370.0,2236312.8,2028031.9,334435.6,311814.6,157136.8,219239.6,102653.4,0.0,28.4,25.6,0,24.5,37.3,962,5499,6859,8791,10941,11383,12135,8200,31113,1772
1782596275,2AC,28619898.0,27372384.0,2236433.2,2026371.0,334265.3,312071.1,156755.2,219667.6,102648.1,0.0,28.4,25.6,0,24.5,37.3,961,5499,6858,8790,10940,11378,12133,8197,31113,1771
1782596576,2AC,28624518.0,27289750.0,2237248.2,2028659.1,334196.9,311918.0,157013.2,219419.6,102641.6,0.0,28.4,25.6,0,24.5,37.3,962,5499,6858,8792,10940,11382,12135,8200,31117,1772
1782596874,2AC,28623720.0,27293200.0,2231212.5,2027529.4,333631.2,311584.2,156755.4,219180.4,102636.4,0.0,28.4,25.7,0,24.5,37.3,962,5498,6857,8790,10938,11379,12131,8196,31108,1772
1782597175,2AC,28521826.0,27201698.0,2232776.2,2025090.6,333860.4,311394.5,156638.0,219368.3,102630.5,0.0,28.4,25.7,0,24.5,37.3,962,5498,6859,8790,10942,11380,12136,8199,31117,1772
1782597476,2AC,28467880.0,27184224.0,2231036.2,2025762.1,332756.9,310950.1,156753.8,218867.3,102620.6,0.0,28.4,25.7,0,24.6,37.3,962,5498,6858,8789,10941,11381,12134,8200,31111,1771
1782597774,2AC,28554438.0,27211176.0,2230500.2,2021188.6,333190.4,311579.3,156634.6,219231.2,102608.7,0.0,28.4,25.7,0,24.6,37.3,962,5498,6859,8792,10940,11380,12135,8198,31109,1771
1782598075,2AC,28571618.0,27227986.0,2235470.2,2028188.5,332911.4,310957.3,156637.5,218978.8,102596.7,0.0,28.4,25.7,0,24.5,37.3,962,5499,6860,8792,10940,11380,12135,8198,31112,1771
1782598376,2AC,28461264.0,27158584.0,2231826.0,2025611.1,333186.2,311710.8,156492.5,219389.7,102583.6,0.0,28.4,25.7,0,24.5,37.3,961,5498,6859,8791,10938,11379,12133,8198,31110,1772
1782598674,2AC,28475354.0,27187704.0,2227433.0,2017799.4,334297.4,310885.3,156784.6,218991.9,102571.4,0.0,28.4,25.7,0,24.5,37.3,962,5497,6857,8790,10937,11376,12132,8197,31106,1772
1782598975,2AC,28563286.0,27296776.0,2229774.8,2027013.4,332540.5,311719.2,156913.2,219093.3,102559.0,0.0,28.4,25.7,0,24.5,37.4,962,5498,6857,8790,10940,11380,12134,8197,31110,1771
1782599276,2AC,28347454.0,27115336.0,2233761.8,2026846.0,334461.6,311397.0,156874.9,219016.9,102545.8,0.0,28.4,25.8,0,24.5,37.4,962,5497,6856,8789,10937,11376,12130,8196,31103,1772
1782599574,2AC,28550016.0,27190346.0,2233954.2,2023244.1,333665.7,312116.3,156536.2,219283.1,102531.9,0.0,28.4,25.8,0,24.5,37.4,961,5497,6857,8791,10940,11381,12134,8199,31110,1774
1782599876,2AC,28499530.0,27207022.0,2239730.0,2027949.0,333085.2,312134.1,156915.7,219102.7,102518.6,0.0,28.3,25.7,0,24.5,37.4,962,5497,6858,8791,10939,11380,12134,8198,31107,1771
1782600174,2AC,28641210.0,27249170.0,2233737.8,2024669.9,334895.9,312481.6,156902.7,219204.0,102504.2,0.0,28.3,25.8,0,24.5,37.4,962,5497,6858,8790,10940,11378,12132,8197,31104,1771
1782600475,2AC,28631822.0,27281674.0,2236511.0,2026821.9,334080.2,311855.5,157166.2,219343.1,102490.6,0.0,28.3,25.8,0,24.5,37.4,962,5499,6857,8790,10941,11379,12134,8198,31108,1772
1782600776,2AC,28625944.0,27343218.0,2241478.8,2034218.1,334963.2,312482.2,157001.6,219378.3,102477.1,0.0,28.3,25.8,0,24.4,37.4,962,5498,6857,8791,10941,11380,12135,8199,31114,1774
1782601074,2AC,28702776.0,27208912.0,2236190.0,2036576.1,335682.2,312766.7,157131.5,219902.8,102464.2,0.0,28.3,25.8,0,24.4,37.5,962,5499,6857,8792,10942,11381,12138,8199,31113,1772
1782601375,2AC,28732456.0,27393616.0,2243892.2,2034015.5,334358.7,313213.1,157394.2,220016.5,102450.6,0.0,28.3,25.8,0,24.4,37.5,962,5497,6857,8790,10939,11380,12133,8199,31112,1771
1782601676,2AC,28755158.0,27258358.0,2243399.8,2037233.6,335927.8,312623.1,157472.5,219922.1,102438.2,0.0,28.3,25.8,0,24.4,37.5,962,5497,6856,8790,10939,11376,12131,8195,31106,1771
1782601974,2AC,28772154.0,27327946.0,2246972.0,2040182.0,336402.7,313091.7,157506.0,219934.3,102424.9,0.0,28.2,25.8,0,24.4,37.5,962,5498,6857,8792,10941,11378,12134,8199,31113,1772
1782602275,2AC,28882770.0,27370536.0,2246260.2,2043271.5,336410.7,313148.3,157451.3,219993.9,102411.6,0.0,28.2,25.8,0,24.4,37.5,962,5498,6857,8792,10943,11383,12136,8199,31116,1772
1782602576,2AC,28758048.0,27399006.0,2252409.2,2044286.5,336794.5,313305.7,157464.7,220368.8,102398.5,0.0,28.2,25.8,0,24.4,37.5,962,5499,6858,8794,10945,11383,12138,8201,31121,1772
1782602874,2AC,28854574.0,27441088.0,2251725.0,2044478.0,336872.0,313911.8,157877.3,220213.8,102385.2,0.0,28.2,25.9,0,24.3,37.5,962,5499,6859,8796,10943,11384,12139,8201,31122,1775
1782603175,2AC,28806730.0,27443194.0,2256333.0,2040359.9,337072.0,314322.7,157620.2,220285.2,102372.5,0.0,28.2,25.9,0,24.3,37.5,961,5497,6855,8790,10938,11376,12131,8196,31101,1773
1782603476,2AC,28869174.0,27489506.0,2252456.8,2044713.4,337489.5,314433.6,157907.7,220403.1,102360.2,0.0,28.2,25.9,0,24.3,37.6,962,5497,6855,8792,10942,11381,12135,8199,31114,1774
1782603774,2AC,28806066.0,27440662.0,2255206.8,2049004.5,337358.2,314521.7,157992.4,220764.7,102347.5,0.0,28.1,25.9,0,24.3,37.5,962,5497,6855,8792,10943,11383,12137,8199,31112,1773
1782604075,2AC,28882370.0,27489598.0,2255407.0,2054139.6,337518.5,314634.8,157937.2,220838.8,102336.2,0.0,28.1,25.9,0,24.3,37.6,962,5498,6856,8794,10944,11384,12139,8202,31122,1775
1782604374,2AC,28853350.0,27529954.0,2257285.0,2052739.6,337704.1,314918.7,158343.4,220110.6,102323.0,0.0,28.1,25.9,0,24.2,37.6,962,5498,6857,8795,10946,11382,12140,8202,31122,1772
1782604675,2AC,28958774.0,27560434.0,2262763.2,2049314.4,338152.5,315110.8,158386.7,220889.7,102310.7,0.0,28.1,25.9,0,24.2,37.6,962,5497,6855,8792,10942,11378,12133,8198,31113,1773
1782604976,2AC,28990038.0,27645480.0,2268872.2,2056860.4,338553.5,314760.8,158409.6,220920.1,102297.6,0.0,28.1,25.9,0,24.2,37.6,962,5499,6857,8796,10946,11384,12139,8202,31117,1775
1782605274,2AC,28986122.0,27736802.0,2266786.2,2056638.0,339020.6,315739.9,158318.2,220860.4,102284.8,0.0,28.1,26.0,0,24.2,37.6,962,5498,6857,8796,10947,11387,12140,8203,31121,1775
1782605575,2AC,28979894.0,27739698.0,2267785.8,2056924.1,339296.7,315969.8,158334.9,221004.0,102272.9,0.0,28.1,25.9,0,24.2,37.6,962,5498,6856,8795,10945,11383,12138,8200,31116,1775
1782605876,2AC,28996768.0,27661218.0,2272103.0,2061479.6,339092.2,316058.3,158570.2,221422.2,102262.0,0.0,28.0,26.0,0,24.2,37.6,962,5498,6857,8797,10945,11383,12138,8201,31119,1773
1782606174,2AC,29025322.0,27741506.0,2270811.0,2058221.6,339678.2,316344.7,158508.2,221293.2,102251.4,0.0,28.0,26.0,0,24.2,37.6,962,5499,6857,8796,10950,11387,12142,8203,31129,1775
1782606475,2AC,29108186.0,27717686.0,2275087.8,2066884.4,339650.0,316251.9,158781.1,221528.4,102240.7,0.0,28.0,26.0,0,24.2,37.6,962,5499,6857,8796,10948,11387,12142,8203,31125,1775
1782606776,2AC,29071050.0,27746138.0,2271771.2,2066620.4,339807.5,317181.2,158737.4,221081.1,102230.0,0.0,28.0,26.0,0,24.1,37.7,962,5497,6855,8796,10948,11386,12140,8203,31123,1773
1782607074,2AC,29079378.0,27796630.0,2280018.2,2064664.5,340607.9,317082.2,158582.0,221742.2,102220.4,0.0,28.0,26.0,0,24.1,37.7,962,5497,6854,8794,10944,11383,12139,8201,31113,1773
1782607375,2AC,29179910.0,27713424.0,2275307.5,2067667.5,340934.3,317769.4,158956.0,222068.6,102210.0,0.0,28.0,26.0,0,24.1,37.7,961,5497,6853,8793,10944,11382,12138,8200,31111,1772
1782607676,2AC,29214680.0,27799720.0,2278344.2,2069375.6,341003.3,317891.5,159224.2,221751.5,102197.2,0.0,28.0,26.0,0,24.1,37.7,962,5500,6857,8798,10947,11386,12143,8203,31129,1773
1782607974,2AC,29146362.0,27876536.0,2279689.8,2067164.9,340651.7,318212.2,159053.0,221793.5,102185.9,0.0,28.0,26.0,0,24.1,37.7,962,5498,6855,8796,10946,11385,12141,8202,31120,1773
1782608275,2AC,29214242.0,27803520.0,2287035.8,2069435.4,341321.5,317845.2,159039.9,222021.0,102175.3,0.0,27.9,26.0,0,24.1,37.7,961,5496,6853,8793,10943,11381,12136,8199,31109,1773
1782608573,2AC,29257152.0,27884874.0,2290392.8,2074289.0,341849.2,318271.8,159290.6,221868.0,102164.8,0.0,27.9,26.0,0,24.0,37.7,961,5498,6854,8796,10946,11383,12139,8202,31122,1775
1782608875,2AC,29282042.0,28039854.0,2285910.0,2075940.9,341805.5,318120.9,159316.2,222205.1,102155.2,0.0,27.9,26.1,0,24.1,37.7,962,5498,6855,8797,10948,11385,12140,8202,31121,1773
1782609176,2AC,29219456.0,28011376.0,2289518.2,2075208.9,342066.9,318295.2,159367.5,222258.0,102144.8,0.0,27.9,26.1,0,24.0,37.7,962,5498,6856,8798,10949,11387,12143,8203,31128,1774
1782609474,2AC,29329802.0,27960766.0,2288627.8,2080911.6,341660.3,318946.2,159380.5,222714.8,102134.7,0.0,27.9,26.1,0,24.0,37.7,962,5497,6855,8796,10948,11383,12139,8202,31116,1773
1782609775,2AC,29284870.0,27952088.0,2294288.8,2084010.1,343151.7,318527.4,159601.7,222373.4,102126.1,0.0,27.9,26.1,0,24.0,37.7,961,5496,6852,8794,10943,11382,12137,8201,31114,1772
1782610076,2AC,29389382.0,28103470.0,2296923.2,2078323.6,342850.5,319233.6,159672.3,222388.3,102117.7,0.0,27.9,26.1,0,24.0,37.7,962,5497,6853,8796,10947,11385,12141,8202,31117,1773
1782610374,2AC,29337278.0,27988086.0,2293533.0,2082072.4,342891.4,319604.0,159756.7,222187.0,102109.7,0.0,27.9,26.1,0,24.0,37.8,962,5496,6852,8793,10945,11382,12138,8201,31113,1773
1782610674,2AC,29370566.0,28038458.0,2297989.8,2081384.5,342613.7,319442.3,159966.5,222540.0,102100.9,0.0,27.9,26.1,0,24.0,37.8,962,5498,6854,8797,10951,11388,12143,8205,31128,1776
1782610975,2AC,29394880.0,28100088.0,2298256.2,2078741.6,342975.5,319628.4,159819.6,222671.4,102091.5,0.0,27.8,26.1,0,24.0,37.8,962,5497,6853,8797,10949,11386,12141,8202,31122,1776
1782611276,2AC,29467414.0,28147752.0,2294518.8,2090574.0,343043.8,320306.5,159881.6,222699.4,102083.1,0.0,27.8,26.1,0,24.0,37.8,962,5498,6854,8796,10949,11386,12142,8204,31122,1775
1782611575,2AC,29403840.0,28052984.0,2301722.0,2082792.6,343771.6,319789.9,160038.0,222762.8,102074.6,0.0,27.8,26.1,0,24.0,37.8,962,5497,6852,8795,10945,11383,12138,8201,31113,1773
1782611876,2AC,29438442.0,28032096.0,2296791.8,2089680.1,343088.4,320711.8,159945.7,222759.1,102066.2,0.0,27.8,26.1,0,24.0,37.8,962,5498,6854,8798,10949,11386,12142,8202,31121,1774
1782612174,2AC,29459598.0,28094282.0,2306925.8,2081781.9,343632.4,319464.6,160016.6,222639.4,102057.9,0.0,27.8,26.1,0,23.9,37.8,962,5496,6852,8795,10944,11383,12137,8199,31107,1773
1782612475,2AC,29506128.0,28073574.0,2308683.0,2094505.0,344200.1,320689.8,159521.6,222808.1,102049.9,0.0,27.8,26.2,0,23.9,37.8,961,5497,6854,8797,10945,11382,12139,8200,31111,1773
1782612774,2AC,29524062.0,28143218.0,2307953.8,2098168.2,344133.0,320969.1,160073.4,222663.1,102042.0,0.0,27.8,26.1,0,23.9,37.8,962,5498,6854,8798,10949,11387,12143,8203,31123,1774
1782613075,2AC,29535072.0,28295992.0,2306975.8,2096502.0,344411.6,320989.2,159988.8,222971.2,102033.5,0.0,27.8,26.2,0,23.9,37.8,962,5496,6851,8795,10946,11383,12139,8200,31113,1774
1782613376,2AC,29570798.0,28266256.0,2310110.5,2093370.5,346214.6,321295.5,160164.6,223188.1,102025.4,0.0,27.8,26.1,0,23.9,37.8,961,5494,6849,8792,10943,11379,12134,8198,31105,1772
1782613674,2AC,29566400.0,28280034.0,2309867.8,2097471.0,344525.2,321394.1,160409.4,223170.5,102017.7,0.0,27.7,26.1,0,23.9,37.8,962,5499,6854,8799,10950,11388,12144,8204,31128,1775
1782613976,2AC,29630664.0,28338926.0,2311783.2,2099480.8,345658.6,321226.7,160397.3,223067.5,102010.7,0.0,27.7,26.2,0,23.9,37.9,961,5495,6850,8794,10943,11381,12135,8198,31103,1773
1782614274,2AC,29588902.0,28226496.0,2314155.8,2101751.5,346491.7,321800.2,159936.3,222924.2,102003.1,0.0,27.7,26.2,0,23.9,37.8,961,5497,6852,8796,10947,11386,12140,8202,31120,1775
1782614575,2AC,29604080.0,28282768.0,2313681.8,2103001.8,346890.4,321806.2,160727.9,223224.1,101996.2,0.0,27.7,26.2,0,23.9,37.8,962,5497,6852,8796,10946,11384,12138,8200,31113,1775
1782614876,2AC,29611672.0,28243478.0,2314971.2,2100723.8,345149.0,321887.2,160665.1,223766.6,101989.9,0.0,27.7,26.2,0,23.8,37.9,962,5497,6852,8797,10945,11384,12139,8201,31114,1775
1782615174,2AC,29707526.0,28360474.0,2314197.8,2104626.2,346671.8,321972.2,160373.2,223493.7,101983.0,0.0,27.7,26.2,0,23.8,37.9,961,5498,6852,8798,10949,11386,12141,8203,31121,1774
1782615475,2AC,29676958.0,28324000.0,2311957.2,2098368.2,346818.3,321667.4,160916.3,223666.1,101976.0,0.0,27.7,26.2,0,23.8,37.9,962,5497,6852,8797,10947,11384,12142,8203,31116,1775
1782615774,2AC,29640790.0,28398986.0,2316125.0,2102955.8,347211.0,322782.5,160208.2,223188.5,101969.3,0.0,27.7,26.2,0,23.8,37.9,962,5498,6853,8798,10948,11385,12141,8202,31120,1774
1782616075,2AC,29675974.0,28374490.0,2317524.0,2106970.8,347270.4,321831.3,161117.1,223497.0,101962.8,0.0,27.7,26.2,0,23.8,37.9,962,5497,6852,8797,10949,11386,12143,8202,31123,1774
1782616376,2AC,29681706.0,28436034.0,2323239.2,2103630.8,347270.2,322335.2,160645.4,223632.8,101956.7,0.0,27.7,26.2,0,23.8,37.9,962,5499,6854,8799,10950,11386,12142,8203,31128,1774
1782616674,2AC,29660424.0,28428368.0,2320338.0,2107528.8,347662.3,322464.2,160613.2,223524.6,101950.9,0.0,27.7,26.2,0,23.8,37.9,962,5496,6852,8796,10947,11384,12140,8201,31118,1775
1782616975,2AC,29810622.0,28422758.0,2318349.0,2110601.8,347352.8,322345.1,160881.7,223477.2,101945.2,0.0,27.7,26.2,0,23.8,37.9,961,5496,6850,8795,10946,11383,12139,8200,31111,1776
1782617274,2AC,29705288.0,28408138.0,2319766.0,2106182.5,347383.2,323057.9,160955.8,223923.4,101939.5,0.0,27.7,26.2,0,23.8,37.9,962,5498,6853,8798,10950,11386,12141,8203,31119,1774
1782617575,2AC,29784690.0,28443374.0,2324940.2,2108803.5,347740.2,322685.7,160717.0,224435.0,101933.6,0.0,27.7,26.2,0,23.8,37.9,961,5497,6850,8795,10946,11382,12138,8200,31111,1774
1782617876,2AC,29746898.0,28453094.0,2327930.8,2117938.5,348286.8,323321.3,160939.8,223877.8,101927.3,0.0,27.6,26.2,0,23.8,37.9,962,5497,6852,8796,10949,11385,12142,8202,31118,1775
1782618174,2AC,29782990.0,28488118.0,2328995.8,2114128.5,348118.8,323230.8,160690.7,223915.3,101923.0,0.0,27.6,26.3,0,23.8,37.9,961,5497,6852,8799,10949,11385,12141,8203,31115,1773
1782618475,2AC,29792544.0,28469760.0,2329256.5,2109284.0,349051.3,323415.6,161338.0,223609.8,101918.1,0.0,27.6,26.3,0,23.8,38.0,961,5496,6851,8797,10946,11385,12140,8202,31120,1774
1782618776,2AC,29787782.0,28533822.0,2334437.8,2116240.8,348669.2,323603.6,161239.9,223661.8,101914.1,0.0,27.6,26.3,0,23.8,38.0,962,5497,6851,8797,10951,11385,12143,8203,31116,1775
1782619074,2AC,29746160.0,28514872.0,2333380.8,2115143.5,348802.3,323690.2,161048.6,224235.4,101908.8,0.0,27.6,26.3,0,23.8,38.0,961,5494,6849,8794,10946,11380,12137,8198,31106,1774
1782619375,2AC,29768542.0,28515496.0,2329222.8,2115942.0,348783.5,323321.6,160742.1,224349.0,101903.9,0.0,27.6,26.3,0,23.7,37.9,962,5497,6852,8798,10950,11385,12141,8203,31122,1774
1782619676,2AC,29724818.0,28495602.0,2329458.8,2117390.2,349049.9,323537.9,160995.4,224495.3,101898.9,0.0,27.6,26.3,0,23.7,38.0,961,5496,6850,8795,10948,11383,12139,8199,31113,1775
1782619975,2AC,29816358.0,28603096.0,2334752.8,2115274.5,349215.3,323647.5,161098.3,224186.2,101893.7,0.0,27.6,26.3,0,23.7,38.0,961,5494,6849,8794,10945,11379,12135,8199,31104,1772
1782620276,2AC,29777312.0,28550528.0,2331654.5,2113549.8,349155.8,323890.0,160910.5,224413.4,101889.1,0.0,27.6,26.3,0,23.7,38.0,962,5495,6848,8796,10946,11384,12138,8201,31110,1774
1782620574,2AC,29850326.0,28523730.0,2332187.2,2116931.8,349225.0,324100.4,160994.4,224208.0,101884.4,0.0,27.6,26.3,0,23.7,38.0,962,5494,6849,8794,10946,11384,12137,8199,31108,1775
1782620875,2AC,29791634.0,28485376.0,2330520.8,2117024.0,349433.3,324130.4,161130.1,223861.6,101879.9,0.0,27.6,26.3,0,23.7,38.0,962,5496,6850,8796,10949,11386,12140,8202,31114,1774
1782621176,2AC,29861074.0,28556064.0,2342587.2,2117202.8,349789.0,324591.5,161408.6,224871.0,101876.0,0.0,27.6,26.3,0,23.7,38.0,961,5497,6851,8797,10951,11386,12141,8203,31123,1774
1782621474,2AC,29916798.0,28667634.0,2336798.0,2120810.2,349623.4,324442.9,161281.5,224780.3,101871.1,0.0,27.6,26.3,0,23.7,38.0,962,5496,6849,8796,10944,11383,12138,8200,31111,1773
1782621775,2AC,29854610.0,28549698.0,2340327.0,2119610.8,349845.7,324741.2,161051.4,224711.1,101866.7,0.0,27.6,26.3,0,23.7,38.0,962,5496,6851,8797,10947,11383,12138,8200,31117,1773
1782622076,2AC,29900342.0,28593122.0,2334097.8,2123119.5,349406.4,324808.7,160964.5,224482.7,101862.3,0.0,27.6,26.4,0,23.7,38.0,961,5496,6850,8796,10950,11384,12142,8201,31121,1774
1782622374,2AC,29814882.0,28640016.0,2338310.2,2123409.8,349963.7,324723.1,161152.2,223994.9,101858.3,0.0,27.6,26.4,0,23.7,38.0,961,5494,6848,8794,10946,11381,12136,8200,31106,1773
1782622675,2AC,29824320.0,28472198.0,2333768.0,2121201.8,349978.6,324294.5,161214.4,224316.3,101853.9,0.0,27.6,26.4,0,23.7,38.0,962,5496,6850,8798,10949,11384,12139,8202,31115,1775
1782622973,2AC,29881368.0,28600734.0,2340752.8,2125949.2,349961.6,324841.1,161273.0,224116.2,101850.0,0.0,27.6,26.4,0,23.7,38.0,962,5497,6850,8798,10949,11384,12141,8202,31117,1776
1782623274,2AC,29822912.0,28608512.0,2336376.2,2119959.0,350044.5,324859.2,161506.8,224060.1,101846.0,0.0,27.6,26.4,0,23.7,38.1,962,5496,6850,8798,10951,11385,12142,8203,31123,1776
1782623575,2AC,29895016.0,28625618.0,2344574.0,2123139.5,350308.5,325552.4,160992.7,224544.0,101841.7,0.0,27.6,26.4,0,23.7,38.0,961,5496,6851,8798,10949,11386,12141,8202,31117,1776
1782623874,2AC,29968538.0,28643838.0,2341439.0,2125853.5,350516.2,324422.8,161594.4,224556.3,101838.7,0.0,27.6,26.4,0,23.7,38.1,961,5495,6849,8796,10947,11382,12138,8200,31107,1774
1782624174,2AC,29914846.0,28672272.0,2334499.8,2131132.0,351266.2,325500.5,161090.4,224340.6,101834.6,0.0,27.5,26.4,0,23.7,38.1,962,5496,6851,8799,10949,11384,12140,8202,31116,1776
1782624475,2AC,29966874.0,28597002.0,2346012.2,2125799.2,351210.2,325603.2,161638.9,224782.9,101831.8,0.0,27.5,26.4,0,23.7,38.1,961,5496,6850,8797,10949,11384,12139,8202,31117,1775
1782624776,2AC,29923006.0,28631494.0,2337872.2,2127187.8,350500.5,325232.0,161311.0,224650.2,101828.7,0.0,27.6,26.4,0,23.7,38.1,962,5495,6849,8795,10948,11384,12139,8200,31110,1774
1782625074,2AC,29960294.0,28758734.0,2345202.0,2131743.2,351164.1,325273.3,160871.0,224785.4,101825.7,0.0,27.5,26.4,0,23.7,38.1,961,5495,6850,8797,10949,11385,12141,8201,31117,1775
1782625376,2AC,29897246.0,28686114.0,2350210.0,2132410.2,350843.9,325355.7,161436.5,224814.9,101822.4,0.0,27.5,26.4,0,23.7,38.1,962,5497,6851,8799,10948,11383,12139,8202,31112,1774
1782625674,2AC,29912872.0,28604688.0,2342838.8,2130909.8,351340.7,325151.1,161877.5,224707.2,101818.9,0.0,27.5,26.4,0,23.7,38.1,962,5496,6850,8798,10947,11384,12140,8202,31112,1774
1782626276,2AC,67293912.0,64628236.0,4748925.0,4341789.5,610205.8,557839.5,225300.4,300273.3,105877.8,0.0,27.3,16.5,0,23.5,27.5,962,5498,6850,8803,10949,11384,12141,8201,31122,1776
1782626574,2AC,62980416.0,60299020.0,4442190.0,4045516.2,579570.6,531655.1,220674.2,294237.6,105920.2,0.0,27.4,18.2,0,23.5,28.9,961,5496,6848,8799,10951,11385,12140,8201,31120,1774
1782626875,2AC,59564148.0,56563680.0,4220275.5,3841030.8,555453.4,509675.4,215870.8,290543.5,105930.6,0.0,27.4,19.2,0,23.5,29.8,961,5495,6848,8798,10949,11384,12140,8201,31119,1776
1782627174,2AC,56987360.0,54273892.0,4068574.0,3705489.2,539935.8,495498.0,212943.5,286265.2,105926.3,0.0,27.4,19.8,0,23.5,30.4,961,5495,6847,8796,10949,11381,12137,8200,31109,1774
1782627475,2AC,55043904.0,52782676.0,3941606.8,3579544.0,527977.2,485153.8,209968.4,283313.2,105914.0,0.0,27.4,20.3,0,23.6,30.9,961,5495,6849,8799,10949,11385,12140,8201,31114,1774
1782627774,2AC,53562676.0,51351264.0,3854826.0,3495781.0,518964.5,477648.1,207421.7,281066.7,105896.9,0.0,27.4,20.6,0,23.6,31.3,961,5495,6847,8796,10948,11384,12140,8201,31113,1773
1782628075,2AC,52641228.0,50320016.0,3799796.8,3435162.8,512060.8,470859.8,205711.3,280101.7,105876.5,0.0,27.4,20.9,0,23.6,31.6,961,5494,6848,8797,10950,11385,12140,8200,31115,1775
1782628376,2AC,51868116.0,49720020.0,3740190.8,3374793.0,506753.7,466225.0,204637.3,277247.1,105855.2,0.0,27.4,21.1,0,23.6,31.8,961,5495,6847,8797,10948,11385,12138,8200,31114,1774
1782628674,2AC,51153788.0,48897996.0,3695400.0,3343785.2,501479.6,461336.5,203299.0,276010.5,105832.3,0.0,27.4,21.3,0,23.6,32.0,961,5496,6847,8797,10947,11382,12138,8199,31111,1775
1782628976,2AC,50469620.0,48260620.0,3654402.0,3298272.2,498006.1,457994.2,201856.1,274880.7,105809.0,0.0,27.4,21.4,0,23.6,32.2,961,5496,6849,8798,10949,11386,12141,8200,31115,1774
1782629274,2AC,49800052.0,47756028.0,3601501.2,3268969.2,493274.0,454988.0,201179.9,273366.2,105784.6,0.0,27.4,21.6,0,23.6,32.4,961,5497,6850,8798,10951,11386,12143,8201,31121,1776
1782629575,2AC,49287580.0,46992788.0,3576571.2,3244117.8,490697.4,451802.4,199737.7,272333.4,105760.0,0.0,27.4,21.8,0,23.6,32.5,961,5496,6847,8797,10947,11386,12139,8200,31114,1774
1782629876,2AC,48926156.0,46600880.0,3543441.0,3210995.0,487212.8,449081.4,199347.7,271020.0,105735.4,0.0,27.4,21.8,0,23.6,32.6,961,5493,6846,8794,10945,11381,12135,8197,31107,1775
1782630175,2AC,48488564.0,46067988.0,3515441.2,3190166.8,484955.6,447308.2,198864.6,269966.6,105710.0,0.0,27.4,21.9,0,23.6,32.8,961,5494,6846,8794,10945,11382,12136,8198,31105,1773
1782630476,2AC,48123156.0,45822604.0,3498677.0,3171584.0,482339.5,444970.0,198444.3,270049.4,105684.0,0.0,27.4,22.0,0,23.6,32.8,961,5494,6846,8795,10945,11381,12134,8197,31102,1775
1782630774,2AC,47681632.0,45390112.0,3469663.0,3152950.2,479622.5,442968.2,197831.5,270261.1,105658.6,0.0,27.4,22.1,0,23.6,33.0,961,5495,6846,8795,10945,11382,12136,8198,31104,1774
1782631075,2AC,47315652.0,45044044.0,3448882.0,3133506.8,478965.9,440491.4,197696.7,267992.9,105633.8,0.0,27.4,22.2,0,23.6,33.0,961,5493,6845,8793,10941,11376,12133,8196,31101,1774
1782631374,2AC,47022688.0,44940960.0,3440409.2,3120730.8,476443.5,439106.1,196121.9,267918.2,105608.9,0.0,27.4,22.3,0,23.6,33.1,960,5492,6844,8792,10942,11376,12131,8195,31094,1772
1782631675,2AC,46809428.0,44575504.0,3425581.0,3104934.0,474793.7,437691.3,195551.0,266329.7,105583.2,0.0,27.4,22.3,0,23.6,33.2,961,5494,6845,8795,10944,11378,12133,8196,31101,1773
1782631976,2AC,46686368.0,44462636.0,3405446.8,3092442.8,473369.9,436294.1,195429.4,266866.2,105557.7,0.0,27.4,22.4,0,23.6,33.3,961,5491,6844,8793,10941,11376,12133,8194,31099,1774
1782632274,2AC,46270268.0,44175604.0,3394539.0,3071108.0,471608.2,434184.9,194936.0,265431.7,105531.8,0.0,27.4,22.4,0,23.6,33.3,961,5494,6846,8796,10947,11382,12138,8199,31110,1773
1782632575,2AC,45922912.0,43666140.0,3380521.2,3059887.8,469611.1,433689.7,194193.0,266123.6,105506.3,0.0,27.4,22.5,0,23.6,33.4,961,5493,6844,8794,10946,11380,12134,8198,31104,1773
1782632874,2AC,45676780.0,43438304.0,3359642.0,3046454.2,468664.9,432170.7,193304.3,264588.4,105480.7,0.0,27.4,22.6,0,23.6,33.5,961,5493,6845,8794,10942,11379,12135,8196,31103,1773
1782633175,2AC,45565520.0,43408364.0,3340231.2,3036298.2,466696.8,430733.9,193528.5,265251.5,105455.6,0.0,27.4,22.7,0,23.6,33.5,961,5493,6845,8794,10945,11380,12134,8197,31102,1775
1782633476,2AC,45254112.0,43062692.0,3348432.2,3030610.2,465619.5,430210.6,193152.3,264715.4,105430.1,0.0,27.4,22.7,0,23.5,33.6,961,5495,6846,8795,10943,11378,12136,8198,31104,1774
1782633775,2AC,45168164.0,42992688.0,3325682.8,3011644.2,464373.8,428544.0,193285.6,263241.1,105405.5,0.0,27.4,22.7,0,23.5,33.6,961,5493,6845,8794,10945,11380,12136,8196,31105,1773
1782634076,2AC,44997360.0,42790932.0,3303741.2,3009386.2,463728.0,427473.9,192078.7,263709.0,105380.4,0.0,27.4,22.8,0,23.5,33.7,961,5495,6847,8797,10948,11384,12140,8201,31114,1776
1782634374,2AC,44763676.0,42600480.0,3298963.2,2992513.8,462309.6,426234.2,192625.8,263070.2,105355.9,0.0,27.4,22.8,0,23.5,33.7,961,5493,6845,8794,10945,11381,12134,8198,31102,1775
1782634675,2AC,44524672.0,42323396.0,3277848.0,2979311.0,460604.9,425469.8,191398.9,262441.1,105331.8,0.0,27.4,22.9,0,23.5,33.8,961,5493,6846,8793,10943,11379,12134,8197,31101,1773
1782634976,2AC,44474772.0,42251420.0,3263914.2,2976512.0,460029.5,424303.9,191287.4,261944.4,105307.3,0.0,27.4,22.9,0,23.5,33.8,961,5494,6847,8795,10942,11379,12136,8197,31102,1773
1782635274,2AC,44050732.0,42041820.0,3265819.0,2970522.2,458873.2,423592.8,190965.1,261172.8,105282.6,0.0,27.4,23.0,0,23.5,33.9,961,5493,6846,8794,10945,11380,12135,8198,31104,1774
1782635575,2AC,44063372.0,41963652.0,3261325.2,2958812.8,457619.4,423344.0,190988.8,262517.6,105258.4,0.0,27.4,23.0,0,23.5,33.9,961,5493,6845,8795,10945,11381,12135,8196,31108,1774
1782635876,2AC,43962288.0,41880052.0,3260823.0,2958799.8,456360.1,422218.5,190537.0,260518.8,105234.7,0.0,27.4,23.0,0,23.5,34.0,961,5493,6845,8794,10946,11381,12135,8197,31110,1775
1782636175,2AC,43858772.0,41724352.0,3246586.2,2931050.0,456066.9,421100.8,190922.0,261051.2,105211.2,0.0,27.4,23.0,0,23.5,34.0,961,5493,6844,8793,10946,11379,12135,8197,31107,1774
1782636476,2AC,43562484.0,41533300.0,3237261.8,2929449.0,454977.5,420643.1,190067.0,260414.3,105187.4,0.0,27.4,23.1,0,23.5,34.1,961,5493,6847,8796,10945,11381,12135,8197,31103,1776
1782636774,2AC,43602012.0,41483616.0,3220885.8,2916283.8,454436.4,419388.3,190275.3,260093.7,105163.6,0.0,27.4,23.1,0,23.5,34.1,961,5493,6845,8794,10944,11378,12135,8196,31098,1774
1782637075,2AC,43180116.0,41394444.0,3216419.2,2909821.8,453222.6,418633.4,189763.5,259608.9,105139.8,0.0,27.4,23.2,0,23.5,34.1,961,5495,6848,8798,10949,11383,12139,8199,31115,1776
1782637374,2AC,43104836.0,41040708.0,3206575.2,2899687.8,452518.7,417647.3,189416.1,260341.6,105116.3,0.0,27.4,23.2,0,23.5,34.2,961,5495,6847,8798,10947,11381,12138,8199,31107,1774
1782637675,2AC,43053984.0,40925692.0,3201363.8,2897809.0,451959.1,416857.8,189454.4,259148.1,105092.8,0.0,27.4,23.2,0,23.6,34.2,961,5494,6846,8794,10944,11381,12136,8197,31104,1774
1782637976,2AC,42898764.0,40887756.0,3183269.8,2898570.0,450863.8,416598.6,188726.2,259057.5,105070.2,0.0,27.4,23.3,0,23.5,34.3,961,5494,6847,8795,10947,11383,12139,8199,31115,1776
1782638275,2AC,42759764.0,40894360.0,3184114.0,2881470.2,450122.5,415679.7,188577.0,258382.5,105047.4,0.0,27.4,23.3,0,23.5,34.3,961,5492,6844,8793,10944,11379,12133,8196,31101,1774
1782638576,2AC,42694756.0,40684576.0,3178950.8,2872594.8,449977.5,415024.0,188126.8,259661.9,105024.3,0.0,27.4,23.3,0,23.5,34.3,961,5491,6843,8792,10940,11376,12130,8194,31096,1773
1782638874,2AC,42685244.0,40741068.0,3171869.0,2865577.2,448536.7,413784.5,188487.3,258499.9,105002.8,0.0,27.4,23.4,0,23.5,34.3,961,5492,6845,8793,10944,11379,12135,8194,31099,1776
1782639176,2AC,42513844.0,40599584.0,3162485.0,2859838.2,447271.4,412790.6,188192.8,257744.8,104981.5,0.0,27.4,23.4,0,23.5,34.4,961,5493,6846,8795,10945,11380,12135,8196,31104,1773
1782639474,2AC,42471280.0,40405764.0,3158236.0,2853597.0,447382.6,413256.8,188118.1,257744.0,104959.5,0.0,27.4,23.4,0,23.5,34.4,961,5494,6847,8796,10946,11382,12137,8199,31108,1776
1782639775,2AC,42205724.0,40227460.0,3154499.0,2847494.0,446059.1,411684.6,187524.2,257801.8,104937.6,0.0,27.4,23.4,0,23.5,34.5,961,5495,6848,8797,10948,11383,12138,8199,31112,1774
1782640074,2AC,42204184.0,40153260.0,3134013.2,2828366.0,445381.6,410936.1,187517.9,256972.7,104916.6,0.0,27.4,23.5,0,23.5,34.5,961,5493,6846,8795,10947,11382,12138,8199,31107,1773
1782640375,2AC,41800000.0,40046436.0,3135883.2,2824818.2,444577.3,410014.8,187183.2,255986.6,104895.2,0.0,27.4,23.5,0,23.5,34.5,961,5496,6848,8798,10950,11387,12142,8200,31119,1776
1782640676,2AC,41857676.0,39949476.0,3123395.0,2813983.0,443884.4,409016.9,186962.0,256593.2,104873.8,0.0,27.4,23.5,0,23.5,34.6,961,5494,6847,8795,10948,11384,12138,8200,31114,1774
1782640974,2AC,41741364.0,39817188.0,3126349.2,2817280.0,443681.0,409169.6,186626.8,257288.7,104852.6,0.0,27.4,23.6,0,23.5,34.6,961,5493,6846,8795,10948,11383,12136,8198,31106,1776
1782641276,2AC,41814940.0,39779996.0,3111755.8,2805628.8,442636.2,408668.7,187141.0,255575.3,104831.6,0.0,27.4,23.6,0,23.5,34.6,961,5494,6846,8796,10945,11380,12136,8198,31104,1775
1782641574,2AC,41502964.0,39652284.0,3116150.2,2804090.0,441887.3,407908.3,186114.8,255401.2,104811.2,0.0,27.4,23.6,0,23.5,34.6,961,5495,6847,8797,10947,11384,12138,8199,31110,1775
1782641876,2AC,41529888.0,39708116.0,3101636.8,2803491.0,441758.7,407537.3,185819.2,255606.3,104790.3,0.0,27.4,23.6,0,23.5,34.6,961,5493,6845,8794,10946,11380,12136,8198,31110,1774
1782642174,2AC,41411888.0,39599452.0,3097641.8,2797196.8,441261.7,406228.3,185917.2,255707.0,104769.8,0.0,27.4,23.7,0,23.5,34.7,961,5495,6847,8796,10947,11382,12138,8198,31110,1776
1782642475,2AC,41284304.0,39531612.0,3098782.8,2784170.8,440356.5,405484.8,185942.1,254938.5,104749.4,0.0,27.4,23.7,0,23.6,34.7,961,5495,6848,8798,10949,11383,12139,8200,31119,1774
1782642774,2AC,41135628.0,39330496.0,3090864.0,2784504.8,439449.1,404697.4,185589.7,255607.6,104728.8,0.0,27.4,23.7,0,23.5,34.8,961,5495,6848,8798,10949,11383,12139,8199,31113,1774
1782643075,2AC,41195580.0,39324324.0,3085743.8,2779125.8,439586.9,404114.0,185518.1,254938.8,104707.8,0.0,27.4,23.7,0,23.6,34.8,961,5493,6845,8794,10945,11378,12135,8197,31103,1774
1782643376,2AC,40972032.0,39198444.0,3076477.2,2772241.0,438333.0,403712.5,185200.1,255156.6,104687.1,0.0,27.4,23.8,0,23.6,34.8,961,5495,6848,8797,10949,11384,12139,8200,31116,1774
1782643674,2AC,40957268.0,39179180.0,3080630.8,2764798.2,437673.8,403084.4,184705.2,254180.7,104666.4,0.0,27.4,23.8,0,23.6,34.8,961,5495,6846,8796,10947,11383,12141,8199,31115,1774
1782643975,2AC,40822100.0,38964460.0,3067480.8,2749281.0,437574.6,403216.4,185407.1,254516.1,104645.6,0.0,27.4,23.8,0,23.5,34.9,961,5494,6846,8796,10946,11380,12136,8197,31103,1775
1782644274,2AC,40741196.0,38961324.0,3059026.0,2745188.8,437292.6,402239.2,184730.5,253894.5,104624.9,0.0,27.4,23.8,0,23.5,34.9,961,5494,6846,8796,10943,11378,12135,8197,31105,1773
1782644575,2AC,40628688.0,38921296.0,3058274.8,2747557.0,436306.8,402151.4,184812.8,253648.7,104604.6,0.0,27.4,23.8,0,23.5,34.9,961,5492,6843,8792,10942,11378,12132,8194,31093,1775
1782644876,2AC,40637824.0,38720708.0,3058670.8,2741075.2,436346.8,401880.2,184469.8,253986.6,104584.4,0.0,27.4,23.8,0,23.5,34.9,961,5495,6847,8796,10946,11382,12137,8198,31104,1774
1782645174,2AC,40455300.0,38684356.0,3051844.8,2742724.2,435689.6,400802.4,184291.3,254131.0,104564.5,0.0,27.4,23.9,0,23.5,34.9,961,5493,6845,8794,10944,11378,12134,8197,31099,1774
1782645476,2AC,40467184.0,38755056.0,3046972.0,2745996.8,435848.2,401104.6,184525.7,253211.8,104545.1,0.0,27.4,23.9,0,23.5,35.0,961,5493,6845,8794,10946,11380,12135,8196,31102,1773
1782645774,2AC,40295068.0,38595972.0,3042235.8,2721406.2,433929.2,400529.5,184000.9,252940.6,104525.4,0.0,27.4,23.9,0,23.5,35.0,961,5494,6846,8796,10947,11382,12137,8199,31108,1776
1782646075,2AC,40370124.0,38534496.0,3040143.0,2721249.8,434158.8,399893.0,184490.6,252646.0,104505.5,0.0,27.4,23.9,0,23.5,35.0,961,5493,6846,8795,10944,11380,12135,8196,31103,1774
1782646374,2AC,40245312.0,38512252.0,3039865.0,2720850.2,433749.5,399490.1,183841.9,252741.1,104485.0,0.0,27.4,23.9,0,23.5,35.0,961,5494,6847,8797,10946,11382,12137,8198,31109,1774
1782646675,2AC,40245136.0,38410848.0,3035026.2,2721992.2,433672.0,399445.4,183440.0,252626.9,104465.0,0.0,27.4,23.9,0,23.5,35.0,961,5494,6846,8796,10946,11381,12137,8199,31109,1776
1782646976,2AC,40267360.0,38433908.0,3026555.8,2711849.8,433438.5,399125.2,183648.3,252748.5,104445.4,0.0,27.4,24.0,0,23.5,35.1,961,5495,6847,8797,10945,11380,12135,8198,31109,1774
1782647275,2AC,40030064.0,38246388.0,3028468.0,2711086.0,433303.3,399340.1,183152.2,252507.8,104425.8,0.0,27.4,24.0,0,23.5,35.1,961,5493,6845,8794,10945,11380,12135,8197,31104,1773
1782647576,2AC,39952336.0,38215812.0,3015023.0,2706848.0,432562.1,397852.3,183162.0,251473.5,104407.2,0.0,27.4,24.0,0,23.5,35.1,961,5495,6847,8796,10948,11383,12138,8199,31114,1775
1782647874,2AC,39891168.0,38203444.0,3014193.8,2704316.2,431922.6,398235.1,183781.6,252364.6,104388.0,0.0,27.4,24.0,0,23.5,35.2,962,5494,6846,8797,10948,11382,12138,8198,31113,1774
1782648175,2AC,39932684.0,38069964.0,3011859.8,2704595.0,432479.5,397623.7,182998.1,251781.7,104369.1,0.0,27.4,24.1,0,23.5,35.2,961,5495,6848,8796,10947,11383,12139,8198,31114,1774
1782648474,2AC,39871884.0,38153636.0,3012045.0,2699419.8,431208.5,397195.0,183187.0,251872.6,104350.4,0.0,27.4,24.1,0,23.5,35.2,961,5494,6846,8796,10947,11383,12139,8198,31108,1774
1782648775,2AC,39842652.0,38073872.0,3006467.8,2690804.2,431327.0,396201.9,182642.9,251258.5,104330.6,0.0,27.4,24.1,0,23.5,35.2,961,5495,6847,8798,10949,11384,12141,8200,31112,1774
1782649076,2AC,39693812.0,37920032.0,2994761.2,2689802.5,431007.8,396122.0,182102.2,250802.6,104312.4,0.0,27.4,24.1,0,23.5,35.2,961,5494,6847,8796,10947,11380,12138,8197,31107,1776
1782649374,2AC,39702284.0,37720276.0,3000809.8,2684155.0,429953.9,395525.8,183280.2,251156.9,104294.9,0.0,27.4,24.1,0,23.5,35.2,961,5493,6846,8796,10946,11381,12137,8198,31106,1773
1782649675,2AC,39636004.0,37746764.0,2995985.0,2686504.8,430451.2,395130.4,182351.9,250638.9,104277.1,0.0,27.4,24.1,0,23.5,35.3,961,5492,6844,8794,10947,11379,12136,8197,31105,1775
1782649974,2AC,39507456.0,37808972.0,2988088.8,2678188.8,430032.5,394399.9,181815.5,250262.3,104259.1,0.0,27.4,24.1,0,23.5,35.3,961,5493,6846,8795,10943,11379,12135,8197,31107,1773
1782650275,2AC,39502268.0,37832572.0,2995811.2,2678901.2,428900.8,394323.2,182203.9,250967.7,104241.5,0.0,27.4,24.1,0,23.5,35.3,961,5495,6847,8796,10948,11382,12138,8199,31115,1774
1782650576,2AC,39440556.0,37769164.0,2984686.8,2683774.2,429167.0,394701.5,181843.1,250812.2,104222.7,0.0,27.4,24.2,0,23.5,35.3,961,5495,6847,8798,10948,11383,12139,8199,31114,1773
1782650874,2AC,39303212.0,37625088.0,2978347.2,2678557.8,428507.1,394017.5,181742.5,250218.0,104205.4,0.0,27.4,24.2,0,23.5,35.3,961,5494,6846,8797,10944,11381,12137,8198,31109,1775
1782651175,2AC,39437900.0,37579708.0,2967102.0,2670671.8,428265.0,393586.7,181993.6,250934.8,104188.1,0.0,27.4,24.2,0,23.5,35.3,961,5495,6847,8797,10950,11384,12139,8199,31115,1776
1782651474,2AC,39226188.0,37570552.0,2980752.2,2674670.8,428733.0,393440.5,181417.5,249893.0,104171.3,0.0,27.4,24.2,0,23.5,35.4,961,5494,6847,8797,10948,11383,12139,8200,31108,1773
1782651775,2AC,39286892.0,37430460.0,2966632.2,2669074.8,427760.8,393156.8,182413.8,250731.4,104155.2,0.0,27.4,24.2,0,23.5,35.4,962,5495,6848,8796,10950,11383,12139,8199,31113,1774
1782652076,2AC,39099132.0,37544040.0,2981167.0,2667196.5,428090.5,392885.1,181574.9,251006.6,104139.4,0.0,27.4,24.2,0,23.5,35.4,961,5494,6846,8797,10947,11383,12140,8200,31112,1775
1782652374,2AC,39164972.0,37509472.0,2976746.8,2665204.0,427350.8,392423.1,180834.6,249962.4,104123.0,0.0,27.4,24.2,0,23.5,35.4,961,5493,6846,8795,10947,11383,12138,8199,31110,1775
1782652676,2AC,39203584.0,37423768.0,2968190.8,2665184.0,426781.8,392974.9,181712.6,249203.3,104106.6,0.0,27.4,24.3,0,23.5,35.4,962,5495,6848,8798,10948,11382,12139,8199,31111,1774
1782652974,2AC,39045852.0,37298880.0,2950289.0,2657606.2,426234.6,392665.0,180656.2,249833.9,104090.2,0.0,27.4,24.3,0,23.5,35.5,962,5495,6847,8796,10950,11383,12139,8199,31116,1775
1782653275,2AC,39087328.0,37444968.0,2944927.8,2658075.2,425878.2,392184.8,180578.3,249093.8,104073.4,0.0,27.4,24.3,0,23.5,35.5,961,5493,6846,8794,10947,11379,12135,8196,31106,1774
1782653576,2AC,38906624.0,37252252.0,2951470.0,2651328.0,426037.1,391536.1,181313.0,250199.6,104056.6,0.0,27.4,24.3,0,23.5,35.5,961,5495,6847,8796,10947,11382,12139,8199,31107,1775
1782653874,2AC,38967028.0,37259148.0,2940099.0,2650154.0,425903.2,391079.8,180499.9,250010.0,104040.7,0.0,27.4,24.3,0,23.5,35.5,961,5494,6847,8797,10951,11385,12141,8200,31116,1776
1782654176,2AC,38903156.0,37122844.0,2938031.2,2643209.8,425207.5,390873.7,180258.4,249905.4,104025.0,0.0,27.4,24.3,0,23.5,35.6,961,5492,6845,8793,10941,11377,12131,8195,31094,1774
1782654474,2AC,38850644.0,37075852.0,2931806.2,2646089.5,424991.4,390780.0,180891.0,249363.2,104009.4,0.0,27.4,24.4,0,23.5,35.6,961,5494,6845,8795,10946,11379,12136,8197,31105,1773
1782654775,2AC,38901904.0,37149628.0,2932243.0,2638196.2,424511.6,390784.6,180655.4,248512.7,103993.2,0.0,27.4,24.4,0,23.5,35.6,961,5495,6846,8796,10947,11382,12138,8199,31111,1776
1782655074,2AC,38752804.0,37040028.0,2934503.2,2640334.2,424805.8,390366.7,180310.4,248681.8,103977.6,0.0,27.4,24.4,0,23.5,35.6,961,5493,6844,8794,10944,11378,12134,8196,31104,1773
1782655375,2AC,38722816.0,37050448.0,2926536.2,2634782.0,423901.6,390236.3,180507.3,247862.8,103962.2,0.0,27.4,24.4,0,23.5,35.6,961,5492,6845,8794,10946,11380,12137,8197,31110,1776
1782655676,2AC,38663508.0,36953836.0,2922669.2,2632895.2,424809.5,389464.2,180114.4,248761.3,103947.4,0.0,27.4,24.4,0,23.5,35.7,961,5494,6847,8795,10948,11382,12139,8199,31112,1774
1782655974,2AC,38539616.0,36872800.0,2912876.0,2630789.0,423632.2,389294.5,180066.8,249050.5,103932.0,0.0,27.4,24.4,0,23.5,35.6,961,5493,6845,8794,10946,11381,12135,8198,31103,1775
1782656276,2AC,38660624.0,36917344.0,2923802.0,2630609.8,423537.7,389281.3,180247.5,248113.4,103916.9,0.0,27.4,24.4,0,23.5,35.7,961,5495,6845,8796,10948,11381,12137,8199,31107,1774
1782656574,2AC,38436564.0,36825924.0,2915384.0,2625584.2,423563.4,389421.4,180111.8,248355.8,103902.2,0.0,27.4,24.5,0,23.5,35.7,961,5494,6847,8797,10947,11381,12136,8196,31107,1774
1782656875,2AC,38479956.0,36614268.0,2911836.8,2631763.8,423125.0,388895.7,179883.8,247835.4,103886.7,0.0,27.4,24.5,0,23.5,35.7,961,5493,6845,8794,10944,11379,12134,8196,31103,1773
1782657176,2AC,38585020.0,36810016.0,2913624.2,2625610.2,423210.2,388779.3,180020.8,248365.1,103872.2,0.0,27.4,24.4,0,23.5,35.7,961,5494,6846,8797,10945,11379,12134,8197,31103,1773
1782657475,2AC,38414884.0,36777972.0,2913367.2,2629908.2,422327.5,388512.2,179695.5,247695.8,103857.9,0.0,27.4,24.5,0,23.5,35.7,961,5494,6846,8797,10949,11384,12139,8199,31119,1774
1782657776,2AC,38355920.0,36765676.0,2909172.8,2617641.2,422029.2,388313.7,179511.7,248320.1,103844.0,0.0,27.4,24.5,0,23.5,35.7,961,5494,6846,8797,10947,11383,12138,8200,31109,1775
1782658074,2AC,38286672.0,36686064.0,2908548.8,2610104.8,422296.6,387758.5,179560.0,247133.2,103830.4,0.0,27.4,24.5,0,23.5,35.7,961,5495,6847,8798,10947,11383,12139,8198,31107,1774
1782658375,2AC,38329692.0,36673376.0,2909967.0,2612851.8,422429.2,387435.5,179309.8,247531.0,103816.9,0.0,27.4,24.5,0,23.5,35.8,962,5494,6847,8797,10948,11384,12139,8199,31110,1774
1782658676,2AC,38263404.0,36488140.0,2900170.8,2612404.0,420661.3,387357.5,179377.2,247180.8,103803.6,0.0,27.4,24.5,0,23.5,35.8,961,5493,6844,8795,10949,11381,12137,8199,31104,1775
1782658974,2AC,38212908.0,36467948.0,2891059.8,2607996.2,420288.1,387229.6,179389.4,246943.5,103790.3,0.0,27.4,24.5,0,23.5,35.8,961,5494,6845,8794,10945,11381,12136,8198,31105,1774
1782659275,2AC,38168704.0,36553980.0,2894863.2,2604666.2,421128.8,386976.0,179227.3,247256.0,103775.8,0.0,27.4,24.5,0,23.5,35.8,961,5493,6845,8794,10945,11381,12136,8196,31100,1776
1782659574,2AC,38147360.0,36455428.0,2889258.8,2599879.2,418945.2,387278.2,179592.0,246782.9,103762.4,0.0,27.4,24.6,0,23.5,35.8,961,5495,6848,8798,10950,11384,12140,8200,31114,1774
1782659875,2AC,38129892.0,36406148.0,2893078.2,2607459.8,421106.3,386976.4,179342.0,247247.8,103748.5,0.0,27.4,24.6,0,23.5,35.8,961,5496,6849,8799,10951,11385,12144,8201,31119,1776
1782660176,2AC,38063196.0,36462400.0,2894106.2,2605916.2,420154.4,386796.8,178787.4,247450.3,103735.5,0.0,27.4,24.6,0,23.5,35.9,962,5494,6846,8798,10948,11382,12139,8200,31113,1774
1782660474,2AC,38155244.0,36379460.0,2885251.0,2602410.2,419754.8,386467.8,179013.9,246419.8,103721.2,0.0,27.4,24.6,0,23.5,35.9,961,5494,6846,8795,10947,11380,12136,8198,31104,1775
1782660776,2AC,38041956.0,36343260.0,2894036.8,2602207.0,418911.2,386342.4,179199.4,247375.4,103707.2,0.0,27.4,24.6,0,23.5,35.9,961,5493,6846,8796,10945,11380,12135,8197,31104,1773
1782661074,2AC,38009724.0,36347776.0,2878838.8,2600387.0,419130.4,385972.9,179258.2,247439.8,103693.4,0.0,27.4,24.6,0,23.5,35.9,961,5493,6844,8794,10945,11377,12135,8195,31101,1773
1782661375,2AC,37893460.0,36232868.0,2882983.2,2600073.2,418796.2,386112.0,179096.4,246058.6,103680.3,0.0,27.4,24.7,0,23.5,35.9,961,5495,6845,8796,10948,11382,12135,8197,31109,1773
1782661676,2AC,37891224.0,36192204.0,2874467.0,2597936.8,418690.3,385027.4,178415.2,246531.1,103667.6,0.0,27.4,24.7,0,23.5,35.9,961,5495,6846,8798,10948,11382,12138,8200,31109,1776
1782661974,2AC,37902988.0,36152108.0,2884673.0,2589816.5,418258.8,385554.7,178181.8,245853.5,103655.7,0.0,27.4,24.7,0,23.5,36.0,961,5495,6846,8796,10947,11382,12138,8198,31107,1774
1782662275,2AC,37753124.0,36177756.0,2874391.2,2591480.8,418183.2,385321.4,178603.5,246521.5,103642.4,0.0,27.4,24.7,0,23.5,36.0,961,5495,6846,8795,10944,11379,12136,8197,31097,1774
1782662576,2AC,37793024.0,36155252.0,2868133.0,2588568.8,417957.7,384599.5,177412.0,246485.0,103629.4,0.0,27.4,24.7,0,23.5,36.0,961,5494,6846,8795,10948,11384,12138,8199,31110,1776
1782662874,2AC,37733580.0,36019916.0,2870995.2,2587677.8,417252.4,385322.6,178003.8,246421.0,103616.3,0.0,27.4,24.7,0,23.5,36.0,961,5493,6846,8795,10947,11380,12136,8197,31101,1776
1782663176,2AC,37723808.0,36008940.0,2871489.0,2585889.2,417672.2,384881.2,178722.4,245905.0,103603.0,0.0,27.4,24.7,0,23.5,36.0,961,5494,6846,8796,10944,11381,12135,8196,31103,1773
1782663474,2AC,37657548.0,35985248.0,2864853.2,2583704.2,417189.1,384739.2,177902.4,245319.9,103590.0,0.0,27.4,24.7,0,23.5,36.1,961,5494,6847,8798,10950,11385,12140,8200,31115,1774
1782663775,2AC,37720864.0,35952128.0,2863917.2,2581875.0,417089.7,384519.8,177368.2,245932.5,103576.6,0.0,27.4,24.7,0,23.5,36.1,961,5497,6848,8799,10950,11385,12141,8201,31117,1776
1782664076,2AC,37659356.0,35929840.0,2864820.2,2582158.0,416950.8,384276.6,178583.2,246006.0,103563.1,0.0,27.4,24.8,0,23.5,36.1,961,5492,6845,8793,10944,11379,12135,8196,31098,1773
1782664374,2AC,37653972.0,36085760.0,2859163.0,2585843.5,417302.0,384476.1,176755.0,245492.5,103550.0,0.0,27.4,24.8,0,23.5,36.1,961,5492,6844,8792,10944,11377,12133,8195,31090,1775
1782664676,2AC,37476928.0,35758800.0,2861313.2,2576657.0,416577.0,383731.2,177528.5,245325.6,103537.9,0.0,27.4,24.8,0,23.5,36.1,961,5494,6846,8795,10946,11381,12137,8198,31107,1773
1782664974,2AC,37518948.0,35915060.0,2856887.8,2582983.0,417183.3,383875.4,178152.1,245091.8,103524.8,0.0,27.4,24.8,0,23.5,36.1,961,5494,6846,8794,10947,11382,12137,8197,31102,1774
1782665275,2AC,37577472.0,35848896.0,2857630.2,2579542.0,416507.8,383785.2,177766.8,245725.6,103512.5,0.0,27.4,24.8,0,23.5,36.1,961,5494,6846,8795,10946,11380,12136,8197,31104,1773
1782665576,2AC,37491140.0,35842412.0,2863623.8,2572476.2,416150.2,383479.4,177646.1,245695.9,103500.3,0.0,27.4,24.8,0,23.5,36.1,961,5493,6846,8796,10946,11382,12138,8198,31111,1775
1782665874,2AC,37474636.0,35842436.0,2859879.0,2573062.5,416471.9,383418.5,177514.8,245589.6,103487.0,0.0,27.4,24.8,0,23.5,36.2,961,5492,6843,8793,10944,11381,12134,8196,31098,1774
1782666175,2AC,37442572.0,35767516.0,2853903.2,2575509.0,416143.3,382943.3,177016.4,245622.6,103474.5,0.0,27.4,24.8,0,23.5,36.2,962,5495,6847,8798,10948,11385,12140,8200,31111,1775
1782666476,2AC,37388124.0,35852416.0,2840577.8,2569234.2,415811.1,383409.4,177967.4,245980.8,103461.6,0.0,27.4,24.8,0,23.5,36.1,961,5494,6847,8796,10949,11384,12140,8199,31109,1775
1782666775,2AC,37351300.0,35777476.0,2838888.0,2569229.8,416160.5,383079.5,177309.2,244841.1,103449.5,0.0,27.4,24.9,0,23.5,36.2,961,5494,6847,8797,10950,11385,12139,8200,31117,1774
1782667076,2AC,37311936.0,35687056.0,2842769.2,2570868.8,416051.6,382924.7,177481.1,245428.9,103438.0,0.0,27.4,24.9,0,23.5,36.2,961,5493,6845,8796,10945,11382,12135,8197,31103,1774
1782667374,2AC,37390636.0,35692192.0,2855249.8,2566510.2,415747.8,383365.9,176556.2,245469.4,103425.8,0.0,27.4,24.9,0,23.5,36.2,961,5494,6846,8796,10947,11381,12137,8198,31102,1775
1782667675,2AC,37497956.0,35688000.0,2838606.8,2568884.8,415666.0,383017.4,178271.9,245141.6,103414.0,0.0,27.4,24.9,0,23.5,36.2,961,5495,6847,8797,10950,11386,12139,8201,31117,1774
1782667976,2AC,37370592.0,35685676.0,2828193.2,2558524.0,415691.2,383028.0,177778.3,244677.8,103402.1,0.0,27.4,24.9,0,23.5,36.2,961,5494,6845,8796,10946,11382,12137,8198,31110,1773
1782668274,2AC,37318960.0,35638540.0,2837866.0,2567611.8,415719.8,382892.0,177718.6,245081.4,103390.1,0.0,27.4,24.9,0,23.5,36.2,961,5494,6847,8796,10946,11380,12137,8198,31103,1774
1782668575,2AC,37326412.0,35677360.0,2837102.2,2561592.8,415643.0,382756.0,177145.4,245197.1,103378.5,0.0,27.4,24.9,0,23.5,36.3,961,5494,6847,8796,10945,11379,12133,8196,31104,1774
1782668876,2AC,37355260.0,35699296.0,2829961.2,2564048.2,415418.6,382822.7,177320.8,245079.6,103367.1,0.0,27.4,24.9,0,23.5,36.3,961,5493,6845,8795,10947,11379,12135,8197,31106,1774
1782669174,2AC,37230900.0,35623104.0,2832819.8,2560491.8,415537.4,382999.3,176445.8,245681.8,103356.0,0.0,27.4,24.9,0,23.5,36.3,961,5494,6846,8796,10949,11384,12138,8198,31107,1776
1782669475,2AC,37357188.0,35682628.0,2844470.2,2561827.5,414744.6,382454.8,176481.7,244650.1,103344.2,0.0,27.4,25.0,0,23.5,36.3,961,5492,6844,8793,10942,11380,12134,8196,31098,1775
1782669773,2AC,37258704.0,35539892.0,2839862.0,2558865.2,415233.0,382252.4,176665.8,244433.0,103332.4,0.0,27.4,25.0,0,23.5,36.3,961,5494,6847,8796,10947,11381,12136,8197,31106,1776
1782670074,2AC,37178924.0,35472524.0,2822058.0,2550923.8,414398.8,381642.5,176722.5,245285.9,103322.0,0.0,27.4,25.0,0,23.5,36.3,961,5494,6846,8795,10949,11384,12140,8200,31114,1776
1782670375,2AC,37145468.0,35492716.0,2821817.2,2563761.0,415092.6,382157.5,176447.4,244436.2,103310.9,0.0,27.4,25.0,0,23.5,36.3,961,5495,6847,8798,10948,11384,12138,8198,31111,1776
1782670673,2AC,37159012.0,35539920.0,2826886.8,2561541.8,414869.0,382104.2,176947.2,243918.7,103299.8,0.0,27.4,25.0,0,23.5,36.3,961,5495,6847,8797,10947,11384,12138,8198,31105,1776
1782670974,2AC,37088964.0,35488480.0,2816317.2,2550628.2,413783.7,381628.1,176825.4,245283.5,103287.8,0.0,27.4,25.0,0,23.5,36.4,961,5493,6844,8795,10948,11381,12136,8198,31109,1776
1782671276,2AC,37127948.0,35556252.0,2829892.0,2561015.2,414654.6,382680.2,176241.5,244321.3,103276.9,0.0,27.4,25.0,0,23.5,36.4,961,5494,6845,8795,10945,11381,12134,8197,31109,1773
1782671574,2AC,37147228.0,35538528.0,2826023.2,2554306.0,414721.9,381891.8,176319.7,244478.3,103267.1,0.0,27.3,25.0,0,23.5,36.4,961,5492,6844,8793,10944,11376,12134,8195,31097,1775
1782671875,2AC,37046512.0,35329104.0,2825170.0,2559899.8,414592.1,382174.4,176354.3,244672.8,103257.0,0.0,27.4,25.0,0,23.5,36.4,961,5495,6846,8797,10951,11385,12140,8200,31116,1774
1782672176,2AC,37105452.0,35453988.0,2819862.8,2556729.0,413991.4,381796.6,176302.5,243797.5,103246.4,0.0,27.4,25.1,0,23.5,36.4,961,5494,6846,8795,10945,11381,12137,8197,31099,1774
1782672474,2AC,37008192.0,35354660.0,2814712.8,2547351.0,413818.4,381880.0,176142.7,244378.3,103235.9,0.0,27.4,25.1,0,23.5,36.4,961,5496,6848,8800,10951,11385,12141,8201,31116,1776
1782672776,2AC,36945360.0,35393212.0,2816362.8,2548508.0,413891.2,381334.0,176227.2,244291.9,103224.8,0.0,27.4,25.1,0,23.5,36.4,961,5492,6845,8795,10946,11380,12134,8196,31100,1773
1782673074,2AC,36872032.0,35271888.0,2811817.0,2548628.0,413816.1,381081.5,176901.5,244347.8,103213.7,0.0,27.4,25.1,0,23.5,36.4,961,5494,6845,8795,10945,11380,12135,8196,31104,1775
1782673375,2AC,36943620.0,35280608.0,2821797.8,2552012.2,413776.1,381249.0,176226.6,243593.5,103203.8,0.0,27.4,25.1,0,23.5,36.5,961,5493,6845,8795,10946,11381,12135,8198,31102,1776
1782673676,2AC,37110316.0,35346508.0,2819641.8,2553672.2,414481.5,382168.2,176635.2,244466.0,103193.7,0.0,27.4,25.1,0,23.5,36.5,961,5495,6846,8795,10945,11381,12136,8197,31108,1773
1782673974,2AC,37027084.0,35363412.0,2823022.0,2553121.2,414015.0,381880.0,176208.1,243891.3,103184.0,0.0,27.4,25.1,0,23.5,36.5,961,5494,6845,8795,10946,11379,12136,8196,31105,1773
1782674275,2AC,36942244.0,35279340.0,2811076.8,2548063.8,413975.8,381111.8,175630.2,244217.7,103174.8,0.0,27.4,25.1,0,23.5,36.5,961,5494,6845,8796,10945,11380,12136,8196,31101,1773
1782674576,2AC,36992144.0,35279532.0,2820169.8,2553912.2,414113.2,381449.3,176010.1,244110.7,103168.8,0.0,27.3,25.1,0,23.5,36.5,960,5493,6844,8796,10946,11380,12136,8197,31106,1773
1782674874,2AC,36942124.0,35303084.0,2815873.2,2543594.2,413017.7,380653.8,175594.9,244232.9,103166.5,0.0,27.4,25.1,0,23.5,36.5,961,5493,6844,8795,10944,11377,12133,8196,31102,1773
1782675175,2AC,36788976.0,35176804.0,2803268.0,2540508.2,413539.9,380397.9,176093.0,243045.1,103164.9,0.0,27.4,25.1,0,23.5,36.5,961,5494,6847,8797,10948,11383,12137,8199,31112,1776
1782675474,2AC,36806340.0,35185648.0,2808229.2,2539981.5,412130.8,380329.8,176058.8,243617.8,103163.2,0.0,27.4,25.1,0,23.5,36.5,960,5492,6844,8793,10943,11379,12133,8195,31101,1773
1782675774,2AC,36755020.0,35103492.0,2804504.0,2539747.8,411758.4,380478.4,176351.1,243169.1,103161.4,0.0,27.4,25.1,0,23.5,36.5,961,5493,6846,8796,10945,11381,12136,8197,31106,1776
1782676076,2AC,36607644.0,35110460.0,2791364.8,2532344.8,411353.3,379427.5,175847.4,243187.1,103159.4,0.0,27.4,25.1,0,23.6,36.5,960,5491,6843,8791,10942,11375,12130,8194,31094,1773
1782676374,2AC,36534396.0,35032012.0,2795098.0,2537048.2,410994.3,378571.8,175022.2,243324.8,103157.4,0.0,27.4,25.2,0,23.6,36.6,961,5494,6847,8798,10946,11380,12136,8197,31109,1775
1782676675,2AC,36469796.0,34821652.0,2783181.2,2521739.8,410055.4,378465.1,175267.6,243066.4,103156.1,0.0,27.5,25.2,0,23.6,36.6,961,5493,6845,8793,10942,11379,12134,8195,31101,1774
1782676976,2AC,36436052.0,34890740.0,2781744.0,2524900.0,409817.2,377829.7,175267.0,242330.0,103158.3,0.0,27.5,25.2,0,23.6,36.6,961,5493,6845,8793,10943,11378,12132,8196,31099,1774
1782677274,2AC,36275164.0,34656832.0,2785045.2,2515703.8,409021.8,376023.9,175786.3,242156.8,103158.3,0.0,27.5,25.2,0,23.7,36.6,961,5493,6845,8793,10943,11378,12133,8195,31099,1774
1782677576,2AC,36231364.0,34607948.0,2768349.5,2510591.8,408193.7,375491.5,174477.5,242271.8,103158.6,0.0,27.5,25.2,0,23.7,36.7,961,5494,6848,8796,10946,11380,12135,8196,31102,1773
1782677874,2AC,36170784.0,34757168.0,2773702.2,2511180.8,408176.8,376499.2,174211.8,241722.9,103158.0,0.0,27.6,25.2,0,23.7,36.6,961,5494,6847,8794,10944,11380,12135,8196,31108,1775
1782678175,2AC,36084756.0,34570804.0,2772422.0,2514504.2,407180.1,374590.6,174088.2,242209.3,103156.3,0.0,27.6,25.2,0,23.7,36.6,961,5494,6848,8795,10944,11379,12133,8197,31105,1773
1782678474,2AC,35950836.0,34452768.0,2765867.8,2503871.8,406794.9,373542.2,174024.1,241250.6,103155.7,0.0,27.6,25.2,0,23.7,36.6,961,5496,6848,8797,10948,11383,12137,8198,31110,1773
1782678775,2AC,35830592.0,34436548.0,2760039.0,2496556.2,404563.7,373223.7,173873.9,240944.7,103154.6,0.0,27.6,25.2,0,23.8,36.7,962,5498,6851,8798,10948,11385,12140,8200,31117,1774
1782679076,2AC,35946164.0,34464940.0,2752490.0,2493555.8,405043.0,372797.5,174028.3,241048.4,103154.2,0.0,27.7,25.2,0,23.8,36.7,962,5496,6851,8797,10945,11381,12137,8197,31110,1774
1782679374,2AC,35793056.0,34325056.0,2749859.2,2491562.8,403971.8,372292.7,173541.2,241112.1,103155.1,0.0,27.7,25.2,0,23.8,36.7,961,5497,6853,8798,10948,11384,12138,8199,31117,1775
1782679675,2AC,35737600.0,34248800.0,2744939.2,2481631.0,404905.4,372615.8,173920.2,240652.7,103154.6,0.0,27.7,25.2,0,23.8,36.7,961,5497,6851,8797,10947,11384,12139,8199,31117,1773
1782679976,2AC,35660884.0,34175880.0,2740022.0,2481102.2,402948.3,371730.2,172986.4,240370.2,103153.1,0.0,27.8,25.2,0,23.9,36.7,961,5495,6850,8793,10943,11378,12133,8195,31099,1772
1782680274,2AC,35529892.0,34089308.0,2735565.8,2477479.0,403139.4,371141.7,173257.6,239640.2,103152.1,0.0,27.8,25.2,0,23.9,36.8,961,5497,6851,8796,10945,11381,12137,8198,31112,1773
1782680575,2AC,35595428.0,34166132.0,2730289.2,2472722.8,401424.2,370390.7,172572.3,239665.3,103151.3,0.0,27.8,25.3,0,23.9,36.7,962,5498,6852,8796,10947,11383,12139,8199,31117,1773
1782680876,2AC,35441500.0,33918176.0,2721990.8,2473971.0,401253.8,370532.5,172287.9,239751.9,103152.3,0.0,27.8,25.3,0,23.9,36.8,961,5496,6852,8795,10944,11382,12138,8199,31118,1775
1782681174,2AC,35354800.0,33856192.0,2713268.2,2464735.2,400237.3,370185.4,172551.0,239346.8,103151.4,0.0,27.9,25.3,0,24.0,36.8,962,5497,6852,8794,10944,11382,12137,8196,31114,1774
1782681475,2AC,35236404.0,33757764.0,2706385.8,2462138.8,399435.2,369621.8,172219.0,239397.7,103151.8,0.0,27.9,25.3,0,24.0,36.8,961,5497,6852,8794,10943,11381,12136,8198,31112,1775
1782681776,2AC,35184036.0,33827144.0,2694266.8,2458262.2,399444.4,368633.8,172540.6,238659.9,103151.5,0.0,27.9,25.3,0,24.0,36.8,962,5496,6852,8793,10939,11379,12134,8196,31107,1775
1782682074,2AC,35066124.0,33610932.0,2689073.2,2450404.0,398252.9,368726.0,172123.5,238786.9,103152.3,0.0,27.9,25.3,0,24.1,36.8,962,5496,6854,8794,10942,11380,12134,8196,31109,1772
1782682375,2AC,34970764.0,33628372.0,2686873.0,2443209.2,398120.4,366990.5,172162.8,238352.3,103151.1,0.0,27.9,25.3,0,24.1,36.8,962,5498,6856,8797,10947,11384,12137,8199,31122,1774
1782682673,2AC,34944796.0,33526010.0,2676397.0,2444148.2,397586.8,366052.6,171458.8,237723.2,103149.2,0.0,28.0,25.3,0,24.1,36.9,962,5499,6856,8797,10947,11383,12141,8200,31116,1775
1782682975,2AC,34863952.0,33381832.0,2678554.8,2437790.8,396768.3,365745.3,171351.3,237250.5,103146.6,0.0,28.0,25.3,0,24.1,36.8,962,5497,6856,8795,10944,11381,12136,8198,31119,1772
1782683276,2AC,34695024.0,33319762.0,2670840.8,2434124.2,396407.0,365433.5,171415.5,237172.8,103146.0,0.0,28.0,25.3,0,24.2,36.8,962,5498,6855,8794,10944,11382,12135,8197,31111,1772
1782683574,2AC,34627340.0,33336200.0,2670083.8,2432631.8,396220.7,364458.1,170970.8,237246.6,103145.2,0.0,28.0,25.3,0,24.2,36.9,962,5499,6856,8796,10945,11382,12137,8197,31118,1772
1782683875,2AC,34668544.0,33189758.0,2664742.2,2423185.8,395604.8,364321.8,170897.0,237038.1,103144.8,0.0,28.1,25.3,0,24.2,36.9,962,5499,6856,8797,10946,11384,12138,8199,31117,1772
1782684175,2AC,34637372.0,33219998.0,2662535.8,2426338.8,394997.4,364058.5,170537.0,236672.1,103142.3,0.0,28.1,25.3,0,24.2,36.9,962,5500,6859,8798,10952,11388,12144,8203,31132,1775
1782684474,2AC,34491360.0,33034920.0,2658294.0,2417303.0,394202.4,363490.2,170492.5,236857.2,103139.8,0.0,28.1,25.3,0,24.2,36.9,962,5500,6857,8797,10947,11384,12139,8200,31127,1772
1782684774,2AC,34438876.0,33030334.0,2654015.2,2419326.0,394062.7,362754.8,170270.2,236269.5,103137.4,0.0,28.1,25.4,0,24.3,36.9,963,5500,6859,8797,10947,11386,12141,8200,31129,1775
1782685075,2AC,34365924.0,32896754.0,2646106.0,2417080.2,393571.1,362567.3,170034.1,236373.9,103134.2,0.0,28.2,25.4,0,24.3,36.9,962,5501,6859,8798,10947,11385,12138,8200,31123,1773
1782685376,2AC,34306356.0,32781920.0,2640320.8,2406522.8,393461.2,361247.5,170136.1,236159.8,103131.3,0.0,28.2,25.3,0,24.3,37.0,962,5498,6857,8794,10947,11386,12140,8200,31129,1773
1782685674,2AC,34153828.0,32733006.0,2638520.2,2400184.0,392063.7,361672.2,169814.6,235626.7,103126.9,0.0,28.2,25.4,0,24.3,37.0,962,5499,6857,8794,10944,11384,12136,8198,31122,1773
1782685975,2AC,34187660.0,32774406.0,2631276.8,2402264.0,392271.4,361632.6,169414.5,235604.4,103123.8,0.0,28.2,25.4,0,24.3,37.0,962,5499,6858,8795,10946,11383,12138,8198,31126,1775
1782686274,2AC,34172520.0,32692600.0,2629688.8,2396117.8,391319.1,359742.9,169540.2,235263.4,103118.3,0.0,28.2,25.4,0,24.3,37.0,962,5500,6858,8795,10946,11384,12139,8199,31119,1773
1782686575,2AC,34053012.0,32664934.0,2622982.0,2390788.2,390779.6,360562.9,169377.8,235029.8,103114.1,0.0,28.2,25.4,0,24.4,37.0,962,5499,6856,8794,10942,11380,12135,8198,31116,1774
1782686876,2AC,34057800.0,32636626.0,2622942.2,2395058.0,390140.6,359200.0,169107.4,235348.7,103109.2,0.0,28.2,25.4,0,24.4,37.0,962,5499,6858,8794,10941,11379,12134,8196,31115,1774
1782687174,2AC,33990540.0,32569144.0,2618244.2,2388249.0,391071.1,360284.3,169166.2,234771.6,103104.8,0.0,28.2,25.4,0,24.4,37.0,962,5498,6857,8792,10941,11381,12136,8197,31118,1772
1782687475,2AC,33943004.0,32538290.0,2619780.8,2388454.5,389022.8,360157.3,169304.8,234230.1,103099.5,0.0,28.3,25.4,0,24.4,37.0,962,5498,6857,8792,10941,11381,12134,8196,31109,1773
1782687773,2AC,33935916.0,32481182.0,2612211.8,2382335.0,389288.0,359132.2,169002.1,234612.3,103094.5,0.0,28.3,25.4,0,24.4,37.0,962,5498,6857,8793,10940,11379,12132,8195,31109,1774
1782688075,2AC,33772140.0,32427498.0,2610653.8,2384771.0,388672.0,358863.4,168899.3,234391.7,103089.8,0.0,28.3,25.4,0,24.4,37.0,962,5498,6856,8790,10938,11377,12129,8193,31105,1771
1782688376,2AC,33889476.0,32488838.0,2610503.0,2376427.8,388373.3,357646.0,168769.2,234563.8,103084.7,0.0,28.3,25.4,0,24.4,37.1,962,5499,6857,8792,10941,11379,12134,8197,31110,1772
1782688674,2AC,33839072.0,32357680.0,2603547.8,2374051.8,388208.2,357806.3,168697.2,234010.6,103080.0,0.0,28.3,25.5,0,24.5,37.1,962,5501,6859,8794,10943,11381,12137,8197,31119,1774
1782688975,2AC,33696712.0,32285074.0,2607237.2,2375918.2,387590.3,357534.1,168424.4,233817.2,103075.9,0.0,28.3,25.5,0,24.5,37.1,962,5500,6861,8795,10943,11383,12138,8199,31123,1772
1782689276,2AC,33568740.0,32314856.0,2602226.2,2372577.5,388078.2,356813.5,168309.4,233762.1,103070.8,0.0,28.4,25.5,0,24.5,37.1,962,5499,6859,8794,10944,11382,12136,8197,31115,1772
1782689574,2AC,33686508.0,32257544.0,2604520.0,2368355.2,387854.4,357223.8,168385.5,233550.6,103064.4,0.0,28.4,25.5,0,24.5,37.1,962,5501,6860,8795,10947,11386,12139,8200,31127,1774
1782689875,2AC,33550138.0,32166006.0,2593348.2,2367347.8,386610.8,356502.9,168216.6,233644.9,103056.1,0.0,28.4,25.5,0,24.5,37.1,962,5501,6862,8795,10944,11384,12136,8199,31124,1774
1782690176,2AC,33569020.0,32179678.0,2589648.0,2363852.0,386597.0,355859.5,168183.9,233351.6,103043.7,0.0,28.4,25.5,0,24.5,37.1,962,5500,6859,8793,10942,11382,12136,8197,31124,1773
1782690474,2AC,33456786.0,32148090.0,2593808.8,2366903.8,387142.9,356260.5,167940.5,233483.7,103031.7,0.0,28.4,25.5,0,24.5,37.1,962,5501,6860,8794,10942,11383,12139,8198,31119,1775
1782690775,2AC,33456418.0,32099846.0,2589459.0,2364174.8,386868.4,357693.2,168050.5,233198.3,103019.1,0.0,28.4,25.5,0,24.5,37.1,963,5502,6862,8795,10946,11386,12140,8199,31121,1774
1782691074,2AC,33443906.0,32064720.0,2589219.2,2362862.5,386108.9,356461.4,167927.2,233537.6,103005.1,0.0,28.4,25.6,0,24.5,37.1,962,5500,6859,8794,10944,11383,12135,8197,31121,1772
1782691375,2AC,33553478.0,32084426.0,2591358.5,2361245.2,387122.9,356087.8,168117.0,233960.6,102989.7,0.0,28.4,25.5,0,24.5,37.2,962,5501,6861,8795,10945,11383,12138,8199,31126,1772
1782691676,2AC,33467958.0,32128800.0,2595921.8,2365904.8,387044.3,355728.9,168382.2,233212.1,102975.9,0.0,28.3,25.5,0,24.5,37.2,962,5500,6860,8795,10944,11384,12139,8199,31120,1771
1782691974,2AC,33559684.0,32199880.0,2596581.8,2364276.2,386760.8,356973.3,168382.9,233099.8,102960.8,0.0,28.3,25.6,0,24.5,37.2,962,5500,6860,8796,10944,11383,12137,8199,31122,1772
1782692274,2AC,33581864.0,32157106.0,2594540.8,2365000.2,387095.0,357138.9,168240.9,233784.1,102946.1,0.0,28.3,25.6,0,24.5,37.2,962,5500,6860,8795,10943,11383,12137,8199,31127,1774
1782692575,2AC,33601560.0,32184046.0,2601005.2,2370517.2,387403.0,357329.4,168393.0,233222.4,102930.9,0.0,28.3,25.6,0,24.4,37.2,962,5501,6859,8795,10944,11384,12140,8200,31124,1775
1782692874,2AC,33579508.0,32237560.0,2600450.0,2373881.2,387606.0,356898.9,168105.9,233420.4,102915.8,0.0,28.3,25.6,0,24.4,37.2,962,5498,6857,8792,10941,11380,12134,8195,31115,1771
1782693175,2AC,33565832.0,32161034.0,2594828.8,2374000.2,388037.4,357489.9,168283.4,233766.8,102900.1,0.0,28.3,25.6,0,24.4,37.2,962,5498,6857,8793,10942,11381,12135,8195,31112,1771
1782693476,2AC,33620756.0,32283502.0,2601503.0,2371688.8,388286.6,357523.0,168651.7,234000.1,102885.7,0.0,28.3,25.6,0,24.4,37.2,962,5499,6858,8794,10944,11383,12137,8197,31118,1772
1782693774,2AC,33514008.0,32204502.0,2607014.8,2372574.2,388700.1,358103.7,168887.2,234100.3,102871.0,0.0,28.3,25.7,0,24.4,37.2,962,5499,6858,8794,10946,11385,12139,8199,31123,1774
1782694075,2AC,33590452.0,32263914.0,2608614.0,2377533.0,389413.9,360288.2,168401.5,233962.4,102857.0,0.0,28.2,25.6,0,24.3,37.3,962,5500,6859,8796,10943,11381,12136,8198,31122,1774
1782694376,2AC,33708360.0,32329814.0,2607720.2,2374872.2,388845.2,358143.7,168939.7,234010.0,102842.7,0.0,28.2,25.7,0,24.3,37.3,962,5501,6860,8796,10946,11383,12137,8198,31121,1775
1782694674,2AC,33668756.0,32315130.0,2610094.8,2380561.0,390469.9,358881.3,168841.9,234372.2,102828.9,0.0,28.2,25.7,0,24.3,37.3,962,5500,6857,8794,10945,11384,12137,8198,31116,1773
1782694975,2AC,33765040.0,32381714.0,2611058.2,2388040.0,388943.9,358669.0,168943.3,234323.5,102816.1,0.0,28.2,25.7,0,24.3,37.3,962,5499,6858,8795,10944,11382,12137,8197,31118,1772
1782695276,2AC,33769820.0,32356448.0,2615241.0,2386760.2,390903.9,360494.1,169160.5,234018.7,102802.1,0.0,28.2,25.7,0,24.3,37.3,962,5501,6858,8795,10946,11384,12138,8198,31119,1773
1782695574,2AC,33768568.0,32413902.0,2615481.2,2384399.8,391206.7,360288.2,169072.4,234683.1,102787.6,0.0,28.2,25.7,0,24.3,37.3,962,5498,6857,8795,10946,11383,12137,8199,31120,1774
1782695876,2AC,33738252.0,32342786.0,2628307.0,2388125.8,391330.0,359597.5,169463.7,234707.0,102773.8,0.0,28.1,25.7,0,24.3,37.3,962,5499,6858,8797,10945,11384,12137,8198,31122,1773
1782696174,2AC,33895808.0,32555824.0,2615088.2,2386457.2,392252.1,360292.8,169278.7,234689.1,102760.0,0.0,28.1,25.7,0,24.3,37.3,962,5499,6857,8796,10944,11385,12139,8200,31125,1773
1782696475,2AC,33883304.0,32521122.0,2623680.0,2398466.0,391611.4,361046.6,169344.5,234378.7,102746.3,0.0,28.1,25.7,0,24.2,37.3,962,5498,6856,8794,10945,11384,12139,8199,31119,1773
1782696776,2AC,33923620.0,32538346.0,2626769.8,2393219.0,392305.2,361599.4,169269.6,235120.9,102733.2,0.0,28.1,25.7,0,24.2,37.3,962,5498,6856,8794,10944,11380,12136,8196,31118,1774
1782697074,2AC,33874444.0,32508802.0,2626558.2,2400321.8,392363.3,361565.4,169682.0,234741.0,102719.1,0.0,28.1,25.7,0,24.2,37.4,962,5498,6856,8794,10943,11381,12134,8197,31110,1774
1782697375,2AC,33938460.0,32530602.0,2625995.0,2399434.2,392730.3,362194.6,169414.1,235015.6,102705.6,0.0,28.1,25.7,0,24.2,37.4,962,5498,6857,8797,10943,11382,12137,8198,31119,1773
1782697676,2AC,33957532.0,32609150.0,2633988.0,2401556.0,393403.8,362502.6,169764.4,234891.4,102693.3,0.0,28.0,25.8,0,24.2,37.4,962,5496,6853,8792,10942,11380,12135,8197,31104,1775
1782697974,2AC,34017440.0,32623146.0,2634830.0,2403545.2,393445.5,362697.0,169786.8,234891.4,102680.3,0.0,28.0,25.8,0,24.2,37.4,962,5497,6854,8795,10943,11381,12135,8198,31110,1772
1782698275,2AC,34051052.0,32562144.0,2638164.2,2403994.2,393920.8,362584.1,169896.4,235136.7,102666.4,0.0,28.0,25.8,0,24.2,37.4,962,5498,6856,8796,10946,11383,12138,8198,31118,1774
1782698574,2AC,33999612.0,32579656.0,2633828.8,2412393.2,393602.7,363190.0,170053.7,235736.0,102654.1,0.0,28.0,25.8,0,24.1,37.4,962,5497,6854,8794,10944,11384,12137,8197,31114,1773
1782698874,2AC,34031644.0,32602448.0,2635627.2,2402122.2,393868.4,363412.4,169853.5,235674.2,102640.8,0.0,28.0,25.8,0,24.1,37.4,962,5499,6856,8797,10943,11380,12138,8197,31115,1775
1782699176,2AC,34048068.0,32783024.0,2641219.0,2407418.8,394087.3,363609.0,170210.7,235418.5,102627.6,0.0,28.0,25.8,0,24.1,37.5,962,5498,6854,8796,10946,11382,12139,8198,31113,1773
1782699474,2AC,34085904.0,32720690.0,2648802.2,2407876.2,395094.4,364605.9,170460.2,235694.0,102613.3,0.0,27.9,25.8,0,24.1,37.4,962,5498,6854,8795,10946,11382,12138,8198,31115,1774
1782699775,2AC,34190752.0,32772414.0,2645793.0,2416726.8,395249.9,363929.8,170461.5,235838.0,102599.5,0.0,27.9,25.8,0,24.1,37.4,962,5497,6854,8796,10947,11384,12139,8201,31118,1773
1782700076,2AC,34126976.0,32772016.0,2645064.8,2419304.2,395599.9,364688.2,170142.4,235972.0,102586.0,0.0,27.9,25.8,0,24.0,37.4,962,5497,6852,8794,10946,11382,12138,8198,31115,1773
1782700374,2AC,34158048.0,32778344.0,2649601.2,2418555.2,396247.5,364145.3,170671.2,235974.6,102574.4,0.0,27.9,25.8,0,24.0,37.5,962,5498,6853,8796,10946,11384,12139,8197,31116,1773
1782700675,2AC,34322788.0,32896702.0,2655003.8,2423452.0,396353.8,365449.5,171212.3,236226.9,102561.0,0.0,27.9,25.8,0,24.0,37.5,962,5499,6855,8799,10948,11384,12140,8200,31121,1774
1782700976,2AC,34332200.0,32972040.0,2658261.8,2423045.2,396613.7,365362.5,170352.9,236234.1,102548.4,0.0,27.9,25.9,0,24.0,37.5,962,5498,6855,8799,10947,11385,12139,8200,31126,1775
1782701274,2AC,34395904.0,32989078.0,2661458.2,2424981.0,397211.5,365465.6,171138.4,236319.1,102536.8,0.0,27.9,25.9,0,24.0,37.5,962,5497,6853,8797,10946,11383,12139,8198,31120,1773
1782701575,2AC,34416944.0,32916050.0,2660025.0,2425974.2,397271.1,365894.0,170788.4,237147.2,102524.4,0.0,27.8,25.9,0,24.0,37.5,962,5498,6854,8798,10948,11385,12139,8199,31118,1775
1782701874,2AC,34531564.0,33090514.0,2662020.0,2434038.8,397652.9,366526.0,171036.2,237008.7,102513.5,0.0,27.8,25.9,0,24.0,37.5,962,5499,6855,8799,10948,11386,12138,8199,31116,1773
1782702175,2AC,34456496.0,32911656.0,2670772.0,2433545.8,398398.7,366481.2,170907.1,237142.6,102501.3,0.0,27.8,25.9,0,24.0,37.5,961,5496,6852,8796,10946,11384,12137,8198,31111,1773
1782702476,2AC,34496244.0,33036770.0,2669054.2,2432815.2,398745.8,367732.6,171464.1,236872.9,102489.2,0.0,27.8,25.9,0,23.9,37.5,962,5498,6853,8797,10947,11383,12140,8199,31118,1774
1782702774,2AC,34494656.0,33045336.0,2674161.8,2435311.8,398300.4,367109.3,171308.1,237010.7,102478.9,0.0,27.8,25.9,0,23.9,37.5,962,5498,6853,8799,10949,11386,12142,8201,31120,1776
1782703075,2AC,34580512.0,33100688.0,2669978.8,2438460.8,398664.8,367220.6,171445.2,237168.7,102467.7,0.0,27.8,25.9,0,23.9,37.5,962,5496,6852,8795,10944,11381,12135,8196,31105,1775
1782703376,2AC,34591712.0,33142198.0,2675888.0,2442085.2,399609.2,368707.1,171430.3,237346.7,102456.9,0.0,27.8,25.9,0,23.9,37.5,961,5496,6850,8795,10945,11381,12135,8197,31109,1773
1782703674,2AC,34615280.0,33244520.0,2680827.8,2438127.0,399566.0,368222.0,171470.5,237253.5,102446.7,0.0,27.7,26.0,0,23.9,37.6,961,5494,6848,8792,10942,11377,12132,8194,31098,1774
1782703975,2AC,34650660.0,33284326.0,2687109.2,2445568.8,400000.2,368612.2,171321.9,237220.6,102436.2,0.0,27.7,25.9,0,23.9,37.6,961,5495,6850,8795,10945,11382,12137,8198,31109,1775
1782704274,2AC,34692932.0,33259338.0,2684050.8,2443996.0,399765.2,369408.8,171732.3,237818.3,102426.3,0.0,27.7,25.9,0,23.8,37.6,961,5496,6851,8797,10947,11382,12137,8198,31113,1773
1782704575,2AC,34720668.0,33252586.0,2684535.8,2450904.8,400255.5,370072.1,171795.9,237814.7,102415.5,0.0,27.7,25.9,0,23.8,37.6,962,5495,6850,8796,10947,11382,12137,8199,31112,1773
1782704876,2AC,34698252.0,33222486.0,2682714.8,2449044.8,400977.2,368493.8,171572.5,237644.6,102405.4,0.0,27.7,26.0,0,23.8,37.6,961,5496,6850,8796,10947,11384,12139,8199,31114,1773
1782705176,2AC,34705504.0,33370288.0,2689103.2,2454677.2,400722.6,369976.2,171996.9,237890.4,102396.1,0.0,27.7,26.0,0,23.8,37.6,961,5497,6852,8798,10949,11385,12140,8201,31120,1775
1782705474,2AC,34840748.0,33358754.0,2696871.8,2460328.2,401310.9,369821.6,172077.3,237424.1,102386.5,0.0,27.7,26.0,0,23.8,37.6,961,5497,6850,8797,10947,11385,12138,8199,31114,1774
1782705775,2AC,34766980.0,33260016.0,2686710.8,2454274.2,401673.5,370387.7,172054.8,237594.1,102377.1,0.0,27.7,26.0,0,23.8,37.6,961,5494,6848,8792,10939,11376,12131,8193,31094,1774
1782706076,2AC,34803936.0,33377734.0,2692031.2,2457114.8,401640.1,371037.0,172266.8,237550.2,102368.3,0.0,27.6,26.0,0,23.8,37.6,962,5495,6850,8796,10948,11384,12139,8200,31114,1775
1782706374,2AC,34757972.0,33406158.0,2701742.0,2454901.2,401769.5,371183.5,171750.6,238358.2,102359.8,0.0,27.6,26.0,0,23.8,37.6,961,5495,6849,8795,10945,11382,12134,8196,31105,1776
1782706675,2AC,34777916.0,33408086.0,2697893.8,2460900.2,402398.2,370688.0,172210.8,238204.7,102351.1,0.0,27.6,26.0,0,23.8,37.6,961,5498,6852,8800,10950,11386,12141,8200,31117,1776
1782706976,2AC,34782684.0,33364966.0,2693864.5,2460637.2,402931.4,371496.0,172492.0,237828.2,102343.6,0.0,27.6,26.0,0,23.7,37.6,961,5497,6851,8799,10950,11384,12139,8200,31119,1776
1782707274,2AC,34858660.0,33449982.0,2696525.2,2464291.8,403318.4,371814.2,172073.1,238959.7,102335.8,0.0,27.6,26.0,0,23.7,37.7,962,5497,6852,8799,10949,11385,12142,8200,31124,1774
1782707575,2AC,34822228.0,33399694.0,2703077.8,2464761.8,403061.5,371801.9,172716.9,237982.2,102328.0,0.0,27.6,26.0,0,23.7,37.7,962,5497,6850,8798,10949,11385,12140,8199,31114,1774
1782707876,2AC,34891280.0,33442600.0,2697914.2,2461332.2,403793.0,371943.3,172141.9,238876.1,102320.3,0.0,27.6,26.0,0,23.7,37.7,962,5496,6849,8797,10947,11384,12138,8198,31112,1773
1782708174,2AC,34896340.0,33544504.0,2709209.8,2463031.8,403499.5,372047.4,172094.8,238558.5,102313.2,0.0,27.6,26.0,0,23.7,37.7,962,5497,6850,8799,10950,11386,12142,8200,31125,1774
1782708475,2AC,34843196.0,33399056.0,2700271.8,2469456.2,403526.1,372460.3,172193.6,238125.1,102306.1,0.0,27.6,26.1,0,23.7,37.7,962,5496,6850,8797,10949,11384,12140,8200,31120,1774
1782708776,2AC,34927332.0,33526830.0,2703632.8,2473002.8,404015.7,372436.3,172451.3,238006.9,102298.5,0.0,27.6,26.0,0,23.7,37.7,962,5497,6850,8800,10949,11385,12139,8200,31122,1774
1782709074,2AC,34971612.0,33430302.0,2706577.2,2465772.2,403857.8,372403.0,172171.5,238186.0,102291.6,0.0,27.6,26.1,0,23.7,37.7,961,5496,6850,8797,10948,11384,12138,8199,31116,1774
1782709375,2AC,34976172.0,33555984.0,2715952.0,2470445.0,403758.1,372640.5,172705.9,238529.2,102284.9,0.0,27.5,26.1,0,23.7,37.7,961,5494,6848,8796,10947,11381,12137,8198,31109,1774
1782709676,2AC,34967788.0,33543126.0,2707502.8,2468664.8,404721.4,372714.3,172492.1,239056.4,102277.9,0.0,27.5,26.1,0,23.7,37.7,961,5494,6848,8794,10945,11379,12135,8197,31108,1774
1782709974,2AC,35085660.0,33579776.0,2726992.8,2475731.8,404957.5,372709.2,172842.3,239111.4,102271.6,0.0,27.5,26.1,0,23.7,37.7,961,5494,6849,8797,10948,11384,12139,8199,31114,1776
1782710276,2AC,35060020.0,33651504.0,2721379.2,2473095.2,404911.5,372934.7,172506.7,238612.6,102265.3,0.0,27.5,26.1,0,23.7,37.7,962,5495,6848,8797,10948,11381,12138,8198,31114,1773
1782710574,2AC,34971804.0,33550382.0,2715390.8,2475594.2,405148.0,373488.9,172954.6,238575.0,102259.2,0.0,27.5,26.1,0,23.7,37.7,961,5495,6848,8796,10947,11385,12140,8199,31120,1774
1782710875,2AC,35014200.0,33510664.0,2718929.2,2473775.8,404949.9,373191.8,172701.6,238564.2,102252.6,0.0,27.5,26.1,0,23.7,37.8,961,5495,6849,8797,10948,11383,12138,8199,31116,1775
1782711176,2AC,35057916.0,33587124.0,2711534.2,2474609.8,406270.0,373829.2,172984.8,238536.6,102245.8,0.0,27.5,26.1,0,23.7,37.7,961,5495,6846,8796,10944,11380,12137,8197,31109,1775
1782711474,2AC,35048300.0,33488934.0,2718369.2,2475324.0,406543.8,373699.0,173249.7,239049.0,102239.0,0.0,27.5,26.1,0,23.7,37.8,961,5494,6845,8793,10943,11379,12134,8196,31101,1775
1782711775,2AC,35088980.0,33589780.0,2721243.2,2483272.0,405603.4,373476.4,173303.1,238740.2,102233.4,0.0,27.5,26.1,0,23.6,37.8,961,5495,6848,8797,10946,11382,12138,8198,31109,1775
1782712076,2AC,35183444.0,33520664.0,2722133.0,2474617.8,406031.9,373789.2,172733.0,239312.6,102228.2,0.0,27.5,26.1,0,23.6,37.8,961,5495,6848,8797,10946,11384,12139,8199,31114,1774
1782712675,2AC,76279160.0,73227368.0,5384614.0,4960615.5,690143.7,631316.8,240877.8,318953.5,106023.1,0.0,27.3,16.3,0,23.4,27.3,961,5496,6848,8800,10950,11385,12142,8200,31120,1776
1782712976,2AC,72283008.0,69322152.0,5076688.0,4656344.0,660137.5,602937.4,236699.1,312774.6,106063.8,0.0,27.4,18.0,0,23.5,28.7,962,5495,6848,8800,10951,11385,12142,8200,31115,1774
1782713274,2AC,68795256.0,65878484.0,4827491.5,4451336.5,634406.9,580383.6,232967.4,308482.7,106072.2,0.0,27.4,19.0,0,23.5,29.6,961,5497,6850,8801,10954,11386,12144,8202,31122,1776
1782713576,2AC,66126448.0,63303520.0,4676200.5,4281043.5,617327.2,565251.2,229432.5,305616.3,106065.8,0.0,27.4,19.6,0,23.5,30.2,962,5498,6850,8801,10952,11385,12145,8201,31120,1773
1782713874,2AC,64090096.0,61525632.0,4542518.0,4176165.2,602384.2,553291.5,226629.9,300750.4,106052.2,0.0,27.4,20.0,0,23.5,30.6,961,5496,6849,8799,10950,11384,12141,8200,31119,1775
1782714175,2AC,62682816.0,60140684.0,4447303.5,4066784.8,592940.1,544606.6,224245.3,299277.7,106033.9,0.0,27.4,20.4,0,23.5,31.0,961,5496,6849,8800,10953,11389,12144,8202,31120,1776
1782714476,2AC,61523856.0,59017644.0,4373810.5,4010282.2,585031.6,537227.2,221707.1,296917.9,106013.2,0.0,27.4,20.7,0,23.5,31.3,961,5494,6846,8798,10949,11383,12140,8199,31113,1773
1782714774,2AC,60449068.0,58078496.0,4314014.5,3965806.0,579189.2,531796.6,220513.9,295989.2,105990.3,0.0,27.4,20.9,0,23.5,31.6,961,5497,6849,8800,10949,11385,12142,8200,31114,1774
1782715075,2AC,59631680.0,56968988.0,4270408.5,3911737.2,573467.6,526782.9,219715.1,292897.8,105965.9,0.0,27.4,21.1,0,23.5,31.8,961,5495,6847,8798,10949,11383,12141,8200,31118,1775
1782715376,2AC,59114656.0,56367820.0,4231675.5,3867571.2,568602.1,523037.5,217893.7,291963.8,105941.0,0.0,27.4,21.2,0,23.5,31.9,961,5495,6848,8798,10948,11383,12140,8199,31114,1775
1782715675,2AC,58110908.0,55431232.0,4177417.8,3826261.8,564667.2,518773.9,217336.0,291295.8,105916.1,0.0,27.4,21.3,0,23.5,32.1,961,5494,6847,8797,10948,11382,12141,8198,31109,1773
1782715976,2AC,57894740.0,55186832.0,4157157.0,3806212.8,561654.0,516417.9,215694.5,289844.2,105890.4,0.0,27.4,21.5,0,23.5,32.2,961,5493,6846,8796,10946,11381,12140,8198,31109,1774
1782716274,2AC,57242084.0,54726720.0,4126440.8,3782712.2,558429.9,512713.0,214748.3,288555.2,105864.1,0.0,27.4,21.6,0,23.5,32.3,961,5496,6849,8801,10950,11386,12142,8201,31121,1776
1782716575,2AC,56547572.0,53988012.0,4087655.8,3750127.0,554987.9,509529.5,213613.6,288232.9,105837.5,0.0,27.4,21.7,0,23.5,32.5,961,5494,6846,8798,10945,11381,12138,8198,31101,1775
1782716876,2AC,56085316.0,53785964.0,4062704.8,3730652.8,552241.3,507702.0,213631.7,286619.8,105811.5,0.0,27.4,21.8,0,23.5,32.6,961,5494,6847,8797,10946,11381,12138,8198,31100,1773
1782717174,2AC,55603956.0,53490880.0,4048951.2,3696928.8,550379.8,505535.0,212931.0,287752.9,105785.0,0.0,27.4,21.9,0,23.5,32.6,961,5493,6846,8795,10946,11379,12139,8197,31103,1774
1782717475,2AC,55403716.0,53118004.0,4036858.2,3678012.0,547746.5,503473.8,212180.6,285957.3,105758.6,0.0,27.4,22.0,0,23.5,32.7,961,5493,6846,8794,10946,11380,12138,8197,31104,1775
1782717774,2AC,55224860.0,52747364.0,3989845.2,3662237.0,545496.8,502014.3,211410.5,284490.9,105732.1,0.0,27.4,22.0,0,23.5,32.8,961,5495,6847,8798,10949,11383,12141,8199,31112,1774
1782718075,2AC,54857460.0,52428436.0,3992065.0,3648054.0,543329.4,499684.8,210880.1,284607.8,105705.8,0.0,27.4,22.1,0,23.5,32.9,961,5495,6848,8799,10950,11383,12140,8199,31108,1774
1782718376,2AC,54716704.0,52315004.0,3963512.0,3634009.0,542018.9,497291.0,210640.5,283989.5,105679.5,0.0,27.4,22.1,0,23.5,33.0,960,5492,6845,8794,10943,11378,12137,8197,31099,1774
1782718674,2AC,54191952.0,51956096.0,3947670.2,3616613.8,540344.7,496572.1,209753.9,283518.6,105653.2,0.0,27.4,22.2,0,23.5,33.1,961,5493,6846,8796,10945,11379,12136,8196,31100,1772
1782718975,2AC,53946908.0,51721060.0,3938708.0,3596633.2,538612.8,495635.3,209736.1,282839.0,105625.9,0.0,27.4,22.3,0,23.5,33.1,961,5493,6845,8796,10946,11379,12137,8197,31102,1773
1782719276,2AC,53698220.0,51625492.0,3926223.8,3578233.8,536951.9,493837.0,209180.7,281695.8,105599.8,0.0,27.4,22.3,0,23.5,33.2,961,5495,6847,8798,10949,11382,12139,8199,31104,1774
1782719574,2AC,53485388.0,51462220.0,3906360.0,3582894.0,534990.1,492115.0,208160.6,281132.9,105573.7,0.0,27.3,22.4,0,23.5,33.3,961,5493,6846,8796,10945,11379,12137,8197,31099,1775
1782719876,2AC,53329920.0,51118932.0,3897583.8,3549239.8,533750.5,491277.7,208006.5,281276.0,105547.6,0.0,27.3,22.4,0,23.5,33.3,961,5493,6845,8797,10948,11379,12139,8198,31102,1773
1782720174,2AC,53138176.0,50732772.0,3872142.0,3540758.0,532672.8,490450.1,207331.8,281087.0,105521.7,0.0,27.3,22.5,0,23.5,33.3,961,5494,6847,8797,10948,11383,12140,8198,31103,1775
1782720475,2AC,52841116.0,50584112.0,3860146.2,3529917.2,530907.4,488993.1,207087.1,280711.1,105496.8,0.0,27.3,22.5,0,23.5,33.4,961,5494,6846,8796,10947,11383,12138,8197,31103,1776
1782720776,2AC,52657116.0,50462628.0,3856219.2,3512370.0,530715.6,487244.5,206380.7,280741.5,105472.7,0.0,27.3,22.6,0,23.5,33.5,961,5494,6847,8798,10949,11381,12141,8198,31103,1774
1782721074,2AC,52657744.0,50330492.0,3845006.0,3493755.8,528545.9,486564.3,206148.3,279405.7,105447.5,0.0,27.3,22.6,0,23.5,33.5,961,5495,6847,8797,10947,11382,12140,8199,31111,1776
1782721376,2AC,52433540.0,50293084.0,3832016.2,3489248.8,527175.6,485055.2,205811.1,279030.4,105422.2,0.0,27.3,22.6,0,23.5,33.5,961,5494,6846,8796,10945,11381,12137,8197,31098,1774
1782721673,2AC,52055824.0,50005708.0,3809001.2,3476988.2,526238.6,483810.2,205921.7,279335.5,105397.3,0.0,27.3,22.7,0,23.5,33.6,961,5492,6844,8795,10943,11377,12134,8195,31098,1775
1782721975,2AC,51975060.0,49796160.0,3801461.2,3474043.2,524112.3,483278.7,205498.3,278348.0,105371.5,0.0,27.4,22.7,0,23.5,33.6,961,5495,6848,8799,10949,11382,12139,8198,31107,1775
1782722276,2AC,51946368.0,49682932.0,3807484.0,3458787.8,524181.9,482548.3,205370.5,277365.5,105347.0,0.0,27.3,22.7,0,23.5,33.6,961,5494,6847,8798,10949,11384,12142,8199,31113,1773
1782722574,2AC,51597564.0,49352124.0,3778382.0,3440412.2,522276.2,481530.2,205145.8,278175.6,105322.7,0.0,27.3,22.8,0,23.5,33.7,961,5494,6846,8797,10951,11383,12143,8200,31109,1774
1782722875,2AC,51567532.0,49352000.0,3777153.8,3438838.8,522112.2,480069.6,204678.6,277381.0,105298.0,0.0,27.3,22.8,0,23.5,33.7,961,5494,6846,8797,10947,11381,12138,8197,31103,1774
1782723176,2AC,51244508.0,48984620.0,3753842.8,3427991.2,520660.2,478604.7,204118.6,276917.2,105274.7,0.0,27.3,22.9,0,23.5,33.8,961,5494,6846,8798,10946,11382,12138,8198,31102,1774
1782723474,2AC,51151108.0,48999484.0,3747027.8,3419454.0,519386.2,478057.6,203943.6,276766.9,105250.1,0.0,27.3,22.9,0,23.5,33.8,961,5494,6846,8797,10949,11382,12139,8199,31106,1775
1782723776,2AC,51072100.0,48848576.0,3752675.2,3403812.8,518428.2,477018.2,203457.9,276639.6,105226.1,0.0,27.3,22.9,0,23.5,33.9,961,5496,6848,8800,10950,11385,12142,8200,31115,1774
1782724073,2AC,50798656.0,48702900.0,3732438.8,3394547.8,517836.2,475796.9,203527.4,275030.0,105201.9,0.0,27.3,23.0,0,23.5,33.9,961,5494,6846,8797,10949,11381,12140,8198,31106,1775
1782724374,2AC,50636208.0,48428332.0,3724879.0,3394052.0,516301.7,476247.6,202967.4,275575.7,105177.9,0.0,27.3,23.0,0,23.5,33.9,961,5493,6845,8797,10945,11379,12138,8197,31102,1775
1782724676,2AC,50725652.0,48518672.0,3721431.0,3384751.8,515774.8,475060.2,203212.6,275695.1,105153.6,0.0,27.3,23.0,0,23.5,34.0,961,5494,6846,8797,10947,11381,12139,8198,31104,1773
1782724973,2AC,50483584.0,48281388.0,3715683.0,3382045.2,515177.0,474450.2,202312.6,275302.2,105129.5,0.0,27.3,23.1,0,23.5,34.0,961,5495,6847,8799,10948,11381,12138,8198,31104,1773
1782725274,2AC,50385744.0,48205168.0,3708451.2,3368588.2,514318.0,472684.6,202397.1,274169.7,105104.8,0.0,27.3,23.1,0,23.5,34.1,961,5494,6846,8797,10945,11380,12137,8197,31101,1773
1782725576,2AC,50340768.0,48228244.0,3704030.0,3367834.2,513834.8,472554.8,202847.3,274450.9,105081.8,0.0,27.3,23.1,0,23.5,34.1,961,5495,6846,8798,10949,11380,12138,8199,31106,1773
1782725873,2AC,50150108.0,47950768.0,3688688.2,3349255.2,512803.3,471644.9,202659.0,273814.7,105058.4,0.0,27.3,23.1,0,23.4,34.1,961,5494,6846,8799,10948,11382,12140,8199,31109,1773
1782726175,2AC,49861116.0,47941724.0,3676456.2,3335363.2,511173.6,470624.5,201661.3,274235.2,105035.6,0.0,27.3,23.1,0,23.4,34.2,961,5494,6846,8798,10949,11382,12139,8199,31104,1774
1782726476,2AC,49763792.0,47709364.0,3675082.0,3334574.2,510473.5,470457.8,201783.8,273559.8,105012.9,0.0,27.3,23.2,0,23.4,34.2,961,5496,6848,8802,10951,11386,12142,8200,31110,1775
1782726773,2AC,49631312.0,47510732.0,3663111.2,3332622.2,509970.3,470045.0,202051.8,273141.0,104990.4,0.0,27.3,23.2,0,23.5,34.2,961,5493,6846,8798,10946,11378,12137,8196,31098,1774
1782727074,2AC,49600960.0,47525532.0,3667155.0,3326453.8,509480.3,469734.6,201483.8,273111.2,104968.1,0.0,27.3,23.3,0,23.4,34.3,961,5495,6847,8799,10948,11383,12139,8199,31103,1774
1782727376,2AC,49496188.0,47272860.0,3655707.0,3323656.0,508714.0,468409.0,201595.4,272594.6,104945.6,0.0,27.3,23.3,0,23.4,34.2,961,5493,6844,8796,10945,11379,12134,8195,31091,1772
1782727673,2AC,49470156.0,47276768.0,3650680.8,3317441.8,507705.0,468133.2,201156.6,271990.0,104923.0,0.0,27.3,23.3,0,23.5,34.3,961,5494,6846,8798,10947,11381,12139,8199,31101,1773
1782727974,2AC,49354704.0,46890740.0,3634230.0,3304119.8,506724.4,467283.1,200319.0,272175.6,104900.8,0.0,27.3,23.4,0,23.4,34.3,961,5496,6847,8800,10950,11384,12142,8200,31108,1774
1782728276,2AC,49074592.0,46698620.0,3627665.8,3311168.0,506861.4,466734.2,199994.3,271602.0,104879.3,0.0,27.3,23.4,0,23.4,34.4,962,5495,6846,8800,10947,11381,12139,8197,31100,1775
1782728574,2AC,49064160.0,46813964.0,3615857.2,3294758.0,506410.5,466274.5,200607.0,271681.3,104857.2,0.0,27.3,23.4,0,23.4,34.3,961,5494,6846,8798,10947,11382,12138,8198,31106,1773
1782728875,2AC,49077484.0,46795716.0,3617113.8,3290298.8,505814.0,465731.4,199736.4,271765.5,104835.2,0.0,27.3,23.4,0,23.4,34.4,961,5494,6845,8797,10948,11383,12139,8198,31106,1773
1782729176,2AC,48794204.0,46449860.0,3614585.0,3279057.2,504548.2,464781.2,199664.5,271874.9,104813.5,0.0,27.3,23.5,0,23.4,34.4,961,5495,6847,8800,10950,11384,12142,8199,31110,1774
1782729474,2AC,48709876.0,46391104.0,3602878.2,3286714.2,504947.3,464628.2,199709.6,271138.2,104792.1,0.0,27.3,23.5,0,23.4,34.5,961,5493,6845,8796,10947,11380,12136,8197,31101,1775
1782729776,2AC,48642196.0,46381876.0,3589584.8,3272331.2,503287.8,463735.5,199385.8,270352.0,104769.5,0.0,27.3,23.5,0,23.4,34.5,961,5495,6845,8797,10946,11380,12136,8197,31103,1773
1782730073,2AC,48653588.0,46098684.0,3579659.2,3269492.2,503138.3,463762.3,199436.9,270502.0,104748.0,0.0,27.3,23.5,0,23.4,34.5,961,5494,6845,8795,10947,11382,12138,8198,31103,1774
1782730374,2AC,48645364.0,46261700.0,3592576.2,3266302.2,502430.2,463235.9,199223.7,270692.0,104727.9,0.0,27.3,23.5,0,23.4,34.5,961,5493,6844,8796,10945,11378,12135,8196,31096,1775
1782730676,2AC,48514252.0,46210324.0,3572945.8,3263438.0,501505.9,461711.8,199127.7,270342.1,104707.9,0.0,27.3,23.5,0,23.4,34.6,961,5492,6843,8795,10946,11379,12135,8195,31096,1773
1782730974,2AC,48361036.0,45949856.0,3573914.8,3250097.0,500771.2,461795.8,198625.7,270505.8,104686.8,0.0,27.3,23.5,0,23.4,34.6,961,5496,6848,8801,10952,11385,12143,8200,31111,1774
1782731275,2AC,48397184.0,46059620.0,3582078.2,3255247.0,500273.0,461658.8,198851.1,269968.8,104665.9,0.0,27.3,23.6,0,23.4,34.6,961,5495,6848,8800,10951,11385,12144,8201,31117,1775
1782731576,2AC,48108684.0,45722812.0,3566239.2,3244050.2,499697.8,460753.5,198724.6,269240.7,104644.9,0.0,27.3,23.6,0,23.4,34.6,961,5495,6846,8799,10949,11384,12141,8199,31113,1776
1782731874,2AC,48081964.0,45691148.0,3552619.2,3238501.8,499598.3,460064.4,198293.9,270165.2,104624.8,0.0,27.3,23.6,0,23.4,34.7,961,5493,6844,8796,10950,11381,12139,8198,31103,1775
1782732175,2AC,47845008.0,45671420.0,3561797.8,3232682.8,498929.8,460459.7,197782.1,269209.4,104603.7,0.0,27.3,23.6,0,23.4,34.7,961,5492,6845,8796,10944,11376,12135,8195,31094,1774
1782732476,2AC,47894756.0,45599324.0,3557350.8,3236452.8,499016.4,459371.4,197993.9,269078.6,104582.7,0.0,27.3,23.7,0,23.4,34.7,961,5495,6847,8800,10951,11386,12141,8200,31116,1776
1782732774,2AC,47722860.0,45458208.0,3538771.8,3230647.0,498513.1,459142.2,198614.0,268937.1,104562.1,0.0,27.3,23.7,0,23.4,34.7,961,5494,6846,8798,10951,11384,12142,8199,31108,1774
1782733075,2AC,47571360.0,45500516.0,3530361.0,3221019.2,497444.9,458605.5,197845.5,269314.4,104542.0,0.0,27.3,23.7,0,23.4,34.7,961,5493,6844,8797,10946,11381,12138,8197,31096,1773
1782733375,2AC,47572948.0,45344896.0,3523569.2,3211707.0,496858.8,457946.4,197757.4,268685.5,104522.3,0.0,27.3,23.7,0,23.4,34.7,961,5492,6843,8795,10945,11380,12135,8197,31092,1775
1782733674,2AC,47643584.0,45282012.0,3526054.2,3216341.8,497196.0,457604.7,197293.1,268804.1,104502.6,0.0,27.3,23.7,0,23.4,34.8,961,5493,6845,8797,10950,11381,12138,8198,31099,1773
1782733974,2AC,47554228.0,45336396.0,3528013.2,3214777.0,496362.2,457147.8,197622.0,267659.8,104483.2,0.0,27.3,23.7,0,23.4,34.8,961,5494,6846,8799,10949,11381,12140,8198,31103,1776
1782734275,2AC,47207396.0,45185728.0,3512989.0,3204097.0,495528.8,456984.4,197165.1,268408.4,104463.8,0.0,27.3,23.7,0,23.4,34.8,961,5493,6845,8796,10946,11378,12135,8196,31096,1775
1782734573,2AC,47239312.0,45108700.0,3503215.8,3202478.2,495563.9,456224.2,197347.1,268093.1,104445.3,0.0,27.3,23.8,0,23.4,34.8,960,5493,6844,8796,10946,11381,12136,8197,31097,1774
1782734874,2AC,47232084.0,44903876.0,3511999.2,3191536.2,495434.8,455712.0,197062.6,267865.8,104426.9,0.0,27.3,23.8,0,23.4,34.9,961,5493,6845,8797,10947,11381,12137,8197,31097,1773
1782735175,2AC,46985836.0,44883348.0,3518999.2,3189784.8,494533.1,455580.8,196720.3,267666.0,104408.1,0.0,27.3,23.8,0,23.4,34.9,961,5492,6844,8797,10947,11381,12138,8198,31103,1774
1782735473,2AC,47294980.0,44992116.0,3513801.2,3187489.8,494292.0,455247.0,197097.2,266956.9,104389.7,0.0,27.3,23.8,0,23.4,34.9,961,5494,6845,8797,10948,11381,12138,8198,31106,1774
1782735774,2AC,46797056.0,44761716.0,3490668.8,3179479.8,493178.8,454358.1,196693.4,267067.1,104371.4,0.0,27.3,23.8,0,23.4,34.9,961,5494,6845,8799,10948,11382,12140,8198,31104,1775
1782736076,2AC,47027684.0,44859492.0,3491713.0,3185935.8,493498.6,454648.8,196505.2,267088.9,104352.9,0.0,27.3,23.9,0,23.4,34.9,961,5495,6846,8798,10948,11381,12139,8198,31104,1773
1782736374,2AC,46721804.0,44642432.0,3479160.0,3174940.2,493416.5,453766.0,196542.4,267077.3,104334.5,0.0,27.3,23.9,0,23.4,35.0,961,5494,6846,8800,10950,11382,12141,8198,31106,1774
1782736675,2AC,46631904.0,44475756.0,3476755.0,3166875.0,492526.2,453639.3,195962.0,266726.3,104317.0,0.0,27.3,23.9,0,23.4,35.0,961,5494,6845,8798,10948,11382,12139,8198,31106,1773
1782736973,2AC,46775620.0,44734036.0,3459890.8,3166455.8,492288.5,453283.7,195863.1,267020.6,104299.4,0.0,27.3,23.9,0,23.4,35.0,961,5493,6845,8796,10949,11383,12139,8200,31104,1776
1782737275,2AC,46557148.0,44644808.0,3485366.0,3171251.8,491080.1,452606.0,196227.9,266538.4,104281.4,0.0,27.3,23.9,0,23.4,35.0,961,5493,6843,8797,10947,11380,12137,8198,31098,1774
1782737576,2AC,46515428.0,44345500.0,3461281.0,3161503.2,490697.8,451979.2,195986.0,266449.9,104263.2,0.0,27.3,23.9,0,23.4,35.0,961,5494,6844,8798,10949,11383,12139,8198,31109,1774
1782737874,2AC,46352352.0,44291660.0,3460271.2,3154938.2,490164.8,451739.7,195535.4,266562.7,104245.6,0.0,27.3,23.9,0,23.4,35.1,961,5493,6845,8799,10950,11381,12140,8199,31102,1774
1782738175,2AC,46369780.0,44317376.0,3457274.2,3151661.2,489918.7,452203.7,195567.3,266979.5,104227.8,0.0,27.3,24.0,0,23.4,35.1,961,5492,6844,8797,10949,11384,12137,8199,31103,1776
1782738473,2AC,46339916.0,44283184.0,3455823.8,3145691.0,489748.6,451718.4,195899.0,265878.2,104209.4,0.0,27.3,24.0,0,23.4,35.1,961,5492,6845,8796,10950,11383,12140,8199,31107,1774
1782738774,2AC,46305180.0,44228300.0,3455824.8,3152379.0,489549.7,451152.7,195514.3,265910.7,104192.4,0.0,27.3,24.0,0,23.4,35.1,961,5493,6845,8797,10946,11379,12135,8196,31094,1774
1782739075,2AC,46233548.0,44174796.0,3439687.2,3148629.2,488851.8,450883.0,195426.6,265201.8,104175.7,0.0,27.3,24.0,0,23.4,35.1,961,5493,6844,8796,10945,11379,12135,8196,31094,1775
1782739374,2AC,46179732.0,44092132.0,3433780.0,3146065.0,488710.6,450173.4,195028.1,266292.1,104158.9,0.0,27.3,24.0,0,23.4,35.1,961,5493,6845,8796,10946,11381,12137,8197,31097,1773
1782739675,2AC,45994112.0,44052124.0,3436301.8,3138540.8,487852.9,450206.7,194785.0,265379.4,104142.4,0.0,27.3,24.0,0,23.4,35.2,961,5492,6844,8796,10946,11379,12138,8197,31095,1774
1782739973,2AC,45943040.0,43937500.0,3432279.0,3131129.0,487585.7,449869.8,195540.1,265230.8,104126.3,0.0,27.3,24.1,0,23.4,35.2,961,5493,6845,8796,10947,11380,12137,8197,31097,1773
1782740274,2AC,45905360.0,43901456.0,3422121.0,3129302.0,487160.3,449508.3,194627.7,265132.2,104109.3,0.0,27.3,24.1,0,23.4,35.2,960,5492,6842,8795,10944,11377,12134,8194,31093,1773
1782740575,2AC,45764560.0,43801668.0,3424924.2,3125088.0,486754.9,449541.9,195018.3,264936.0,104092.4,0.0,27.3,24.1,0,23.4,35.2,961,5492,6843,8794,10945,11379,12135,8195,31095,1775
1782740874,2AC,45659868.0,43858504.0,3423999.0,3128402.8,486332.5,448853.8,195039.8,265086.8,104076.4,0.0,27.3,24.1,0,23.4,35.2,961,5492,6843,8795,10948,11381,12137,8196,31098,1773
1782741175,2AC,45708428.0,43717580.0,3423645.2,3131033.2,486381.0,448409.0,194317.2,264590.3,104060.5,0.0,27.3,24.1,0,23.4,35.3,961,5494,6845,8799,10948,11381,12139,8198,31102,1774
1782741476,2AC,45713568.0,43605620.0,3417325.0,3123407.0,486416.6,448250.8,194762.7,263696.5,104044.6,0.0,27.3,24.1,0,23.4,35.3,961,5493,6843,8795,10946,11379,12137,8197,31100,1774
1782741774,2AC,45494928.0,43576976.0,3427170.0,3116583.0,485859.1,447620.5,194400.2,264417.0,104029.3,0.0,27.3,24.1,0,23.4,35.3,961,5494,6846,8797,10950,11382,12139,8199,31108,1776
1782742075,2AC,45487324.0,43462656.0,3409170.0,3120900.0,484991.2,447180.7,194175.1,264767.3,104014.4,0.0,27.3,24.1,0,23.4,35.3,961,5495,6848,8800,10950,11383,12141,8200,31106,1776
1782742373,2AC,45535888.0,43668468.0,3410944.8,3114942.0,484724.5,447151.9,193973.0,264446.5,103998.9,0.0,27.3,24.2,0,23.4,35.3,961,5494,6846,8798,10948,11384,12139,8198,31106,1774
1782742674,2AC,45312288.0,43346896.0,3411551.8,3106534.2,485177.5,446487.3,193816.2,263825.3,103982.5,0.0,27.3,24.2,0,23.4,35.3,961,5493,6845,8797,10946,11382,12136,8197,31094,1773
1782742975,2AC,45281104.0,43326224.0,3417123.8,3105472.2,483687.2,446403.1,194595.7,263154.0,103966.7,0.0,27.3,24.2,0,23.4,35.3,961,5494,6846,8797,10948,11382,12139,8198,31101,1774
1782743273,2AC,45224864.0,43266816.0,3400030.0,3103034.0,483915.5,446639.8,194167.1,263529.2,103951.0,0.0,27.3,24.2,0,23.4,35.4,961,5492,6843,8795,10945,11378,12133,8196,31092,1773
1782743574,2AC,45052544.0,43100704.0,3393913.0,3102043.2,483573.2,445787.5,193687.7,264216.4,103936.0,0.0,27.3,24.2,0,23.4,35.4,961,5494,6845,8796,10947,11380,12137,8198,31096,1774
1782743875,2AC,45243100.0,43260300.0,3401513.8,3103072.8,483793.0,446095.3,194291.3,264361.4,103920.8,0.0,27.3,24.2,0,23.5,35.4,961,5493,6845,8797,10950,11381,12138,8197,31102,1775
1782744173,2AC,45105232.0,43073864.0,3395226.8,3095988.0,483262.6,444991.1,193429.8,263518.6,103906.3,0.0,27.3,24.2,0,23.4,35.4,961,5495,6846,8799,10948,11382,12138,8198,31104,1775
1782744474,2AC,45045072.0,43107548.0,3397196.0,3100541.8,483067.7,444850.7,193451.6,262980.2,103891.4,0.0,27.3,24.2,0,23.5,35.4,961,5494,6846,8798,10950,11382,12141,8199,31109,1776
1782744776,2AC,45060736.0,43224436.0,3386883.2,3084199.2,482019.0,445374.6,193007.9,263629.2,103877.6,0.0,27.3,24.3,0,23.5,35.4,961,5494,6846,8799,10950,11382,12139,8199,31101,1773
1782745074,2AC,44978916.0,42818228.0,3394860.2,3086931.0,482258.0,445096.0,193481.1,262810.5,103863.4,0.0,27.3,24.3,0,23.5,35.5,961,5495,6848,8800,10951,11385,12141,8200,31111,1774
1782745375,2AC,45037568.0,42808412.0,3382219.8,3088843.8,482164.3,444847.3,193223.4,263100.8,103849.4,0.0,27.3,24.3,0,23.4,35.5,961,5494,6846,8799,10951,11384,12140,8199,31108,1776
1782745676,2AC,44845968.0,42910512.0,3382442.8,3081307.0,480897.3,443747.1,192643.4,262772.7,103834.9,0.0,27.3,24.3,0,23.4,35.5,961,5495,6846,8799,10947,11383,12140,8199,31108,1776
1782745974,2AC,44829036.0,42692420.0,3370170.8,3074413.0,481108.0,443521.3,192869.6,262394.9,103820.2,0.0,27.3,24.3,0,23.5,35.5,961,5495,6846,8799,10949,11383,12140,8200,31106,1773
1782746275,2AC,44698548.0,42589004.0,3378216.2,3077155.0,480986.8,443260.9,192506.1,262346.1,103806.3,0.0,27.3,24.3,0,23.5,35.5,961,5496,6847,8802,10952,11386,12140,8201,31115,1774
1782746573,2AC,44775508.0,42489140.0,3362732.0,3075041.2,480264.2,443379.2,193081.7,262375.7,103792.4,0.0,27.3,24.4,0,23.5,35.5,961,5495,6847,8800,10951,11384,12141,8200,31108,1774
1782746874,2AC,44670748.0,42437136.0,3358081.0,3071180.8,480444.1,442477.5,192408.7,262175.2,103778.7,0.0,27.3,24.3,0,23.5,35.6,961,5496,6847,8801,10953,11387,12144,8201,31117,1774
1782747175,2AC,44662132.0,42561972.0,3360981.0,3068381.0,479960.9,442804.8,192369.2,261890.0,103764.9,0.0,27.3,24.4,0,23.5,35.6,961,5495,6847,8801,10951,11385,12142,8200,31114,1776
1782747474,2AC,44720652.0,42452796.0,3346444.0,3075532.0,479896.5,441991.6,192333.1,261821.3,103751.6,0.0,27.3,24.3,0,23.5,35.6,961,5495,6846,8799,10948,11382,12138,8197,31103,1773
1782747775,2AC,44543732.0,42464212.0,3341114.2,3069408.8,478989.0,441826.0,192402.2,262838.6,103737.1,0.0,27.3,24.4,0,23.5,35.6,961,5495,6847,8801,10953,11386,12144,8201,31114,1775
1782748073,2AC,44493536.0,42331300.0,3346699.0,3056510.8,479014.2,441200.9,192507.9,262233.7,103724.1,0.0,27.3,24.4,0,23.5,35.6,961,5494,6846,8798,10948,11383,12138,8199,31105,1776
1782748374,2AC,44441108.0,42344068.0,3341620.8,3066190.0,479208.5,441613.0,192742.0,262511.0,103711.0,0.0,27.3,24.4,0,23.5,35.6,961,5492,6844,8795,10944,11377,12133,8195,31095,1773
1782748675,2AC,44438944.0,42344240.0,3342246.0,3057074.0,478431.2,441639.3,191789.6,261263.5,103698.3,0.0,27.3,24.4,0,23.5,35.7,961,5493,6845,8796,10946,11378,12137,8196,31098,1774
1782748973,2AC,44346060.0,42171340.0,3333018.0,3057086.8,477726.0,440788.8,191980.2,261132.6,103685.3,0.0,27.4,24.4,0,23.5,35.6,961,5494,6846,8797,10948,11382,12139,8197,31105,1776
1782749275,2AC,44375104.0,42189104.0,3326260.0,3044315.8,478240.0,440172.9,191525.5,262296.1,103672.8,0.0,27.3,24.4,0,23.5,35.7,961,5495,6846,8799,10948,11381,12139,8199,31105,1774
1782749576,2AC,44230004.0,42114988.0,3326629.8,3046142.8,477477.7,440632.9,192164.9,261006.8,103660.4,0.0,27.4,24.4,0,23.5,35.7,961,5495,6846,8799,10950,11383,12142,8201,31110,1774
1782749874,2AC,44214180.0,41953696.0,3324431.8,3045235.8,477385.2,440180.8,191563.7,261679.2,103648.2,0.0,27.4,24.5,0,23.5,35.7,961,5494,6845,8798,10948,11382,12139,8198,31097,1774
1782750175,2AC,44118188.0,42051924.0,3320965.0,3038873.2,476789.0,439547.7,191960.7,261067.3,103635.7,0.0,27.4,24.4,0,23.5,35.7,961,5494,6846,8797,10949,11381,12138,8198,31102,1774
1782750476,2AC,44216396.0,41937600.0,3331891.8,3041232.2,475994.1,439024.1,191903.3,260768.8,103623.6,0.0,27.4,24.5,0,23.5,35.7,962,5494,6847,8800,10951,11384,12140,8199,31111,1774
1782750774,2AC,44219900.0,41908476.0,3322541.0,3037995.2,476647.0,439355.5,191520.1,260741.1,103611.6,0.0,27.4,24.5,0,23.5,35.8,961,5495,6847,8800,10949,11382,12139,8199,31106,1776
1782751075,2AC,43988516.0,41903036.0,3320609.0,3038956.2,476668.1,439310.7,191876.1,261000.9,103599.5,0.0,27.4,24.5,0,23.5,35.8,961,5494,6847,8799,10949,11382,12139,8198,31100,1776
1782751373,2AC,43839696.0,41858720.0,3309606.0,3033066.8,476422.3,439017.4,191402.4,260358.8,103587.2,0.0,27.4,24.5,0,23.5,35.8,961,5494,6847,8799,10949,11382,12138,8199,31101,1774
1782751674,2AC,43845396.0,41741584.0,3310891.8,3035611.2,475769.2,438314.6,190703.7,260358.6,103574.9,0.0,27.4,24.5,0,23.5,35.8,961,5495,6847,8799,10950,11384,12141,8198,31110,1774
1782751975,2AC,43771844.0,41645364.0,3304152.8,3037191.8,475515.3,438381.1,191289.9,260369.0,103562.5,0.0,27.4,24.5,0,23.5,35.8,961,5496,6848,8801,10951,11386,12141,8200,31111,1774
1782752273,2AC,43697844.0,41646256.0,3305393.0,3028028.8,474763.0,437245.7,190986.1,260122.2,103549.6,0.0,27.4,24.6,0,23.5,35.8,961,5497,6849,8802,10954,11388,12143,8202,31118,1774
1782752574,2AC,43765668.0,41526244.0,3296450.2,3017775.0,474779.3,437939.9,190930.3,259943.4,103536.7,0.0,27.4,24.6,0,23.5,35.8,961,5495,6844,8798,10948,11382,12139,8199,31106,1774
1782752875,2AC,43637788.0,41548020.0,3294915.0,3018714.0,474519.0,437955.7,190801.9,259791.0,103527.4,0.0,27.4,24.6,0,23.5,35.9,961,5495,6846,8798,10948,11383,12139,8200,31109,1775
1782753173,2AC,43642784.0,41587076.0,3297157.0,3022409.2,473328.4,437447.4,190786.6,259958.8,103519.3,0.0,27.4,24.6,0,23.5,35.9,961,5495,6847,8797,10948,11381,12139,8198,31105,1776
1782753474,2AC,43550484.0,41560052.0,3303595.2,3021695.2,473587.7,436871.5,190244.0,260052.8,103512.9,0.0,27.4,24.6,0,23.5,35.9,961,5495,6847,8800,10949,11385,12140,8199,31112,1776
1782753775,2AC,43389080.0,41531156.0,3291994.8,3012448.2,473147.7,436655.6,190869.5,259782.1,103506.7,0.0,27.4,24.6,0,23.6,35.9,961,5495,6846,8799,10948,11382,12137,8198,31101,1775
1782754074,2AC,43466112.0,41426420.0,3293243.8,3016526.8,472648.6,435905.1,190405.4,259636.4,103501.7,0.0,27.4,24.6,0,23.6,35.9,961,5495,6849,8799,10950,11385,12143,8200,31113,1774
1782754375,2AC,43281100.0,41391092.0,3284664.2,3000876.8,471543.3,435003.9,190234.9,258596.4,103497.5,0.0,27.4,24.6,0,23.6,35.9,961,5494,6847,8797,10945,11379,12134,8196,31095,1773
1782754676,2AC,43136336.0,41198480.0,3277408.8,2999241.0,470920.2,434513.1,189914.5,258243.2,103493.4,0.0,27.5,24.6,0,23.6,35.9,961,5495,6848,8797,10948,11381,12138,8198,31105,1774
1782754974,2AC,43087232.0,41246812.0,3275835.0,2996923.2,470632.1,433530.2,189811.3,259179.3,103490.0,0.0,27.5,24.6,0,23.6,35.9,961,5494,6846,8796,10945,11381,12137,8197,31107,1774
1782755275,2AC,43048084.0,41105388.0,3267652.2,2987027.2,469840.5,432889.2,190206.5,259019.5,103486.9,0.0,27.5,24.7,0,23.6,35.9,961,5494,6847,8797,10946,11381,12136,8197,31103,1775
1782755573,2AC,42819728.0,41099088.0,3261421.2,2985387.8,468626.9,432598.0,190162.4,257735.2,103485.1,0.0,27.5,24.6,0,23.7,36.0,962,5497,6852,8801,10951,11386,12141,8201,31115,1773
1782755874,2AC,42666484.0,40888716.0,3252865.2,2982356.2,467890.2,431798.7,189152.4,258072.8,103484.0,0.0,27.6,24.6,0,23.7,36.0,962,5497,6850,8800,10948,11384,12141,8198,31110,1774
1782756175,2AC,42570452.0,40769524.0,3250480.2,2972704.2,467167.1,432327.1,189041.8,257896.8,103480.6,0.0,27.6,24.7,0,23.7,36.0,961,5497,6850,8798,10950,11385,12140,8199,31114,1775
1782756473,2AC,42575344.0,40872924.0,3254971.8,2965022.8,466307.0,431186.9,188980.6,257843.6,103479.5,0.0,27.6,24.6,0,23.8,36.0,962,5499,6852,8801,10951,11386,12141,8200,31112,1775
1782756775,2AC,42369124.0,40697988.0,3231649.2,2967441.8,465531.9,429993.1,188996.8,257728.6,103478.9,0.0,27.7,24.7,0,23.8,36.0,962,5497,6851,8799,10949,11385,12142,8200,31112,1773
1782757076,2AC,42258572.0,40664252.0,3231735.2,2957203.8,465338.7,429667.2,188788.3,256222.6,103479.2,0.0,27.7,24.7,0,23.8,36.0,962,5497,6852,8799,10948,11384,12141,8199,31109,1773
1782757374,2AC,42248320.0,40384940.0,3220425.8,2950219.8,463743.1,428191.1,188551.9,256528.9,103477.8,0.0,27.7,24.7,0,23.8,36.0,962,5498,6852,8800,10950,11385,12141,8201,31119,1773
1782757675,2AC,41970880.0,40237180.0,3209274.8,2940696.8,462725.0,427699.6,188039.3,256549.4,103478.3,0.0,27.7,24.7,0,23.9,36.0,962,5498,6852,8800,10949,11384,12141,8199,31120,1775
1782757973,2AC,41902364.0,40140384.0,3207971.0,2921201.2,461509.8,426944.0,188064.8,256148.3,103477.9,0.0,27.8,24.7,0,23.9,36.1,962,5498,6853,8799,10946,11384,12140,8199,31112,1773
1782758274,2AC,41673516.0,40035456.0,3202442.2,2915114.0,460778.0,426408.8,187168.9,255830.4,103476.6,0.0,27.8,24.7,0,23.9,36.1,962,5497,6853,8798,10947,11383,12138,8198,31112,1773
1782758575,2AC,41627708.0,40035292.0,3198076.2,2914035.2,460398.6,425367.6,187107.0,255540.0,103475.5,0.0,27.9,24.7,0,24.0,36.1,961,5498,6853,8797,10947,11383,12141,8199,31120,1773
1782758873,2AC,41466572.0,39840948.0,3178698.0,2899409.0,458985.0,424756.6,187268.5,255202.9,103473.7,0.0,27.9,24.7,0,24.0,36.1,962,5499,6855,8800,10948,11386,12140,8199,31114,1773
1782759174,2AC,41430308.0,39775600.0,3178549.8,2892390.8,457984.2,424255.3,186663.4,254283.0,103471.7,0.0,27.9,24.7,0,24.0,36.1,962,5499,6855,8799,10947,11384,12141,8200,31119,1775
1782759476,2AC,41318976.0,39645332.0,3169849.2,2892638.0,457219.5,422820.5,186131.1,254732.2,103469.6,0.0,27.9,24.7,0,24.1,36.1,962,5499,6854,8798,10949,11387,12141,8200,31121,1772
1782759774,2AC,41115136.0,39627140.0,3163560.8,2884336.0,456676.2,422966.2,186093.6,254115.4,103467.7,0.0,28.0,24.7,0,24.1,36.2,962,5500,6857,8800,10948,11385,12140,8199,31124,1773
1782760075,2AC,41076532.0,39438448.0,3157791.2,2876776.8,455819.5,422285.0,185542.9,253334.4,103464.8,0.0,28.0,24.8,0,24.1,36.2,962,5499,6857,8798,10948,11386,12139,8200,31122,1774
1782760373,2AC,40950868.0,39297364.0,3150553.0,2873242.0,455494.1,421107.2,185627.9,253250.0,103460.6,0.0,28.0,24.8,0,24.1,36.2,962,5500,6857,8800,10949,11386,12143,8201,31124,1772
1782760674,2AC,40881372.0,39311396.0,3150454.0,2865109.0,454308.2,420821.2,185253.9,252989.8,103456.2,0.0,28.0,24.8,0,24.2,36.2,962,5500,6856,8798,10945,11384,12138,8198,31114,1774
1782760975,2AC,40735148.0,39199500.0,3136373.0,2860542.2,453952.2,419671.5,185067.7,253073.8,103451.5,0.0,28.1,24.8,0,24.2,36.2,962,5497,6856,8796,10945,11383,12138,8197,31114,1774
1782761274,2AC,40756336.0,39141236.0,3132390.0,2829866.0,453318.9,419520.8,185054.8,252784.0,103445.9,0.0,28.1,24.8,0,24.2,36.2,962,5499,6858,8798,10948,11384,12141,8199,31119,1773
1782761575,2AC,40575012.0,38998912.0,3132787.8,2849222.2,452731.8,419080.3,184999.7,252222.3,103440.2,0.0,28.1,24.8,0,24.2,36.3,962,5498,6857,8796,10943,11381,12135,8197,31105,1772
1782761876,2AC,40593420.0,39009936.0,3124999.8,2831891.8,451846.9,418981.2,184379.0,252314.7,103434.5,0.0,28.1,24.8,0,24.3,36.3,962,5501,6857,8799,10947,11386,12141,8200,31121,1772
1782762174,2AC,40493076.0,38827936.0,3119665.0,2827780.2,451435.1,418562.1,184261.0,251747.7,103428.2,0.0,28.1,24.8,0,24.2,36.3,962,5499,6857,8798,10946,11384,12139,8198,31113,1771
1782762475,2AC,40331404.0,38761020.0,3106912.0,2825210.2,450754.5,417633.5,184392.8,251567.6,103421.4,0.0,28.1,24.8,0,24.3,36.3,963,5501,6859,8799,10949,11387,12143,8201,31124,1773
1782762776,2AC,40356596.0,38715172.0,3107326.0,2812441.8,450646.4,416907.2,184106.8,251658.9,103414.3,0.0,28.2,24.8,0,24.3,36.3,962,5500,6857,8797,10945,11384,12138,8199,31118,1772
1782763074,2AC,40332896.0,38764112.0,3099543.2,2817528.2,450654.2,416117.0,183840.1,251093.4,103405.4,0.0,28.2,24.9,0,24.3,36.3,962,5499,6858,8796,10946,11384,12138,8199,31116,1772
1782763375,2AC,40088220.0,38492240.0,3099131.0,2813546.2,448912.5,416592.3,183814.1,251070.3,103396.4,0.0,28.2,24.9,0,24.3,36.3,962,5500,6858,8798,10949,11387,12141,8200,31122,1773
1782763676,2AC,40208332.0,38531580.0,3095516.0,2807787.8,449694.0,415876.4,183759.9,250533.5,103388.8,0.0,28.2,24.9,0,24.3,36.3,962,5499,6857,8795,10945,11383,12137,8200,31112,1772
1782763974,2AC,39943292.0,38391052.0,3083739.0,2804677.8,448686.3,415012.8,183047.6,250763.1,103381.6,0.0,28.2,24.9,0,24.3,36.3,962,5502,6860,8799,10949,11387,12142,8201,31126,1774
1782764275,2AC,40010328.0,38404860.0,3086973.2,2808072.0,448680.2,414922.0,183368.8,250749.7,103374.0,0.0,28.2,24.9,0,24.3,36.4,962,5501,6860,8800,10950,11387,12144,8201,31128,1775
1782764573,2AC,39940760.0,38219136.0,3083451.2,2794005.2,447458.2,414192.5,182957.1,250266.8,103364.3,0.0,28.2,24.9,0,24.4,36.4,962,5501,6860,8798,10945,11384,12140,8199,31118,1772
1782764874,2AC,39929076.0,38277404.0,3075671.2,2786437.8,447704.2,414261.5,182892.5,250091.5,103355.3,0.0,28.2,24.9,0,24.4,36.4,962,5500,6858,8797,10947,11385,12140,8199,31118,1772
1782765175,2AC,39849084.0,38315880.0,3074036.0,2779699.2,447429.4,412852.3,182652.2,249630.4,103346.0,0.0,28.2,24.9,0,24.4,36.4,962,5499,6859,8797,10944,11383,12138,8198,31113,1772
1782765473,2AC,39690180.0,38201320.0,3067908.2,2784473.2,446961.5,413752.5,182849.8,250243.0,103336.9,0.0,28.2,24.9,0,24.4,36.4,962,5500,6859,8797,10950,11387,12142,8201,31120,1774
1782765775,2AC,39757712.0,38163420.0,3074278.8,2792669.2,446519.8,414511.4,182339.9,249686.4,103328.7,0.0,28.3,24.9,0,24.4,36.4,962,5500,6860,8797,10947,11385,12139,8200,31117,1772
1782766076,2AC,39612960.0,38112724.0,3071383.2,2782286.2,446753.6,413400.1,181855.4,249353.6,103318.9,0.0,28.3,25.0,0,24.4,36.4,962,5499,6858,8796,10943,11381,12137,8197,31112,1771
1782766374,2AC,39562264.0,37975900.0,3066121.0,2777311.0,446457.1,413985.2,182036.8,249506.0,103311.6,0.0,28.3,25.0,0,24.4,36.5,962,5500,6858,8797,10945,11384,12139,8199,31119,1772
1782766675,2AC,39629196.0,38045372.0,3063261.8,2775671.8,445121.1,412269.5,182369.2,249588.6,103302.2,0.0,28.3,25.0,0,24.4,36.5,962,5498,6858,8796,10943,11381,12137,8198,31112,1772
1782766976,2AC,39444764.0,38031044.0,3059577.0,2780131.2,445660.7,411344.1,181839.9,249456.6,103293.7,0.0,28.3,25.0,0,24.4,36.5,962,5498,6857,8794,10942,11380,12135,8196,31108,1772
1782767274,2AC,39438004.0,37916772.0,3051342.2,2769858.2,445124.3,411716.4,182277.0,249566.1,103286.6,0.0,28.3,25.0,0,24.4,36.5,962,5499,6858,8795,10945,11384,12140,8198,31119,1772
1782767575,2AC,39376400.0,37844124.0,3051028.8,2759037.8,445426.0,412322.3,181553.5,249123.5,103277.0,0.0,28.3,25.0,0,24.4,36.5,962,5502,6860,8798,10944,11385,12140,8199,31117,1772
1782767876,2AC,39425948.0,37935804.0,3048308.2,2766136.0,444585.9,411171.7,181210.7,249112.5,103268.9,0.0,28.3,25.0,0,24.5,36.5,962,5500,6859,8796,10943,11382,12137,8198,31112,1771
1782768173,2AC,39383060.0,37705764.0,3049079.2,2752095.8,445383.1,409723.2,181443.7,248753.2,103259.6,0.0,28.3,25.0,0,24.5,36.5,962,5501,6861,8797,10944,11384,12138,8198,31116,1772
1782768474,2AC,39300624.0,37775092.0,3046096.2,2747077.0,444644.5,410797.3,181201.6,248676.9,103249.7,0.0,28.3,25.0,0,24.5,36.5,962,5499,6859,8795,10942,11380,12136,8197,31110,1771
1782768775,2AC,39146052.0,37634484.0,3043168.0,2754383.8,443618.9,409689.5,181506.0,248515.1,103240.7,0.0,28.3,25.0,0,24.5,36.6,963,5502,6861,8800,10945,11385,12142,8200,31121,1772
1782769073,2AC,39265660.0,37616876.0,3035260.0,2747440.0,443517.3,409990.0,181094.4,248622.2,103231.8,0.0,28.3,25.0,0,24.5,36.5,962,5499,6859,8795,10941,11382,12137,8197,31110,1771
1782769374,2AC,39174772.0,37739808.0,3039030.2,2749988.2,443291.9,409395.8,180924.0,248076.4,103223.7,0.0,28.3,25.0,0,24.5,36.6,962,5499,6859,8796,10945,11383,12136,8198,31118,1772
1782769675,2AC,39171344.0,37642572.0,3035270.0,2747728.0,442956.4,409287.5,181632.2,248093.4,103214.4,0.0,28.3,25.1,0,24.5,36.6,962,5500,6859,8795,10941,11379,12135,8197,31108,1774
1782769973,2AC,39100780.0,37652240.0,3035758.2,2735682.2,443146.6,409154.1,181492.1,247916.2,103206.1,0.0,28.4,25.1,0,24.5,36.6,962,5500,6860,8796,10944,11383,12139,8198,31117,1771
1782770274,2AC,39157580.0,37561564.0,3036079.2,2738120.8,442416.6,408649.4,181295.7,247759.9,103197.8,0.0,28.4,25.1,0,24.5,36.6,962,5500,6861,8796,10944,11381,12139,8198,31116,1774
1782770575,2AC,39174688.0,37506272.0,3033600.2,2738827.0,442414.0,408273.0,181012.3,248002.3,103189.4,0.0,28.4,25.1,0,24.5,36.6,962,5500,6860,8795,10944,11383,12138,8198,31116,1774
1782770876,2AC,38960948.0,37485148.0,3028213.8,2734037.0,441310.3,408633.7,180917.3,247728.2,103181.4,0.0,28.4,25.1,0,24.5,36.7,962,5500,6859,8795,10943,11383,12137,8197,31116,1773
1782771174,2AC,39076212.0,37459248.0,3031306.0,2731818.8,443028.5,408467.0,180992.6,247509.9,103174.1,0.0,28.4,25.1,0,24.5,36.6,962,5501,6861,8797,10945,11385,12141,8199,31120,1774
1782771475,2AC,38933344.0,37439364.0,3020502.0,2732609.0,441399.2,407568.2,180649.8,247355.8,103166.5,0.0,28.4,25.1,0,24.5,36.6,962,5500,6861,8796,10946,11386,12141,8200,31124,1774
1782771776,2AC,38936304.0,37316176.0,3018539.2,2726730.2,442134.5,407593.9,180524.4,247312.6,103159.0,0.0,28.4,25.2,0,24.5,36.7,963,5501,6862,8798,10947,11385,12143,8201,31133,1774
1782772074,2AC,38935452.0,37406940.0,3026035.2,2723023.2,441848.7,407708.5,180517.0,247453.3,103150.4,0.0,28.4,25.1,0,24.6,36.7,963,5501,6862,8797,10946,11384,12139,8199,31120,1774
1782772375,2AC,38813236.0,37229812.0,3021818.0,2722269.0,441903.8,407295.2,180615.9,247211.0,103142.5,0.0,28.4,25.1,0,24.6,36.7,962,5501,6862,8797,10945,11384,12141,8199,31120,1772
1782772676,2AC,38864260.0,37249308.0,3017299.2,2726682.0,440477.0,407541.0,179963.3,246841.6,103134.6,0.0,28.4,25.1,0,24.6,36.7,962,5501,6862,8797,10947,11384,12143,8201,31129,1773
1782772974,2AC,38850216.0,37192240.0,3007772.8,2722663.0,439684.6,406904.1,180182.6,246908.0,103126.4,0.0,28.4,25.2,0,24.6,36.7,962,5501,6862,8797,10947,11384,12141,8201,31125,1772
1782773275,2AC,38634572.0,37135212.0,3016013.2,2721032.8,440179.6,406792.6,180146.3,246706.9,103116.9,0.0,28.4,25.2,0,24.6,36.7,963,5502,6863,8797,10946,11385,12140,8200,31122,1772
1782773576,2AC,38724208.0,37205852.0,3008464.2,2713996.2,441107.2,407117.7,180173.2,246930.5,103108.3,0.0,28.4,25.2,0,24.6,36.7,963,5504,6864,8799,10947,11386,12142,8201,31121,1773
1782773874,2AC,38635252.0,37148700.0,3003736.2,2720395.2,440051.5,406639.9,180163.0,246652.6,103100.6,0.0,28.5,25.2,0,24.6,36.7,963,5502,6863,8799,10945,11384,12140,8200,31127,1772
1782774175,2AC,38690800.0,37138740.0,3011529.2,2714829.8,440097.9,406772.1,180016.5,246770.5,103094.2,0.0,28.5,25.2,0,24.6,36.8,963,5502,6864,8798,10945,11385,12140,8199,31125,1771
1782774476,2AC,38626812.0,37122400.0,3007020.0,2713587.2,439488.1,406339.3,180068.5,246289.5,103086.3,0.0,28.5,25.2,0,24.6,36.8,962,5503,6863,8798,10945,11386,12141,8202,31120,1771
1782774774,2AC,38590620.0,37058660.0,3011721.2,2710783.8,440687.7,406057.4,179346.6,246656.8,103078.8,0.0,28.5,25.2,0,24.6,36.8,962,5501,6861,8794,10944,11383,12139,8200,31121,1771
1782775075,2AC,38532132.0,36967548.0,2997340.8,2704006.2,439178.8,405116.0,179282.1,246128.1,103071.1,0.0,28.5,25.2,0,24.6,36.8,963,5504,6865,8799,10946,11388,12143,8201,31128,1772
1782775376,2AC,38550896.0,37018992.0,3000995.2,2707830.5,438696.7,404962.9,179471.8,246052.3,103061.9,0.0,28.5,25.2,0,24.6,36.8,962,5502,6864,8797,10946,11384,12141,8201,31132,1772
1782775674,2AC,38529488.0,36957316.0,2991557.0,2705200.0,438659.8,405890.4,179303.1,245816.2,103052.3,0.0,28.5,25.2,0,24.6,36.8,962,5502,6862,8798,10945,11385,12141,8200,31124,1772
1782775975,2AC,38361636.0,36882180.0,2996556.0,2705992.8,438667.5,405372.9,179393.2,246293.5,103044.5,0.0,28.5,25.2,0,24.6,36.8,962,5502,6863,8796,10943,11383,12139,8199,31120,1772
1782776276,2AC,38455600.0,36906128.0,2996020.0,2703249.2,438658.6,405787.3,179047.5,245968.2,103034.8,0.0,28.5,25.3,0,24.6,36.8,962,5499,6861,8794,10940,11379,12135,8196,31108,1771
1782776574,2AC,38479228.0,36735408.0,2993766.2,2699719.0,439075.8,403942.5,179360.8,245967.0,103024.7,0.0,28.5,25.3,0,24.6,36.8,962,5501,6863,8797,10945,11385,12141,8199,31130,1771
1782776874,2AC,38356180.0,36846864.0,2997797.0,2701804.2,438256.9,404657.2,179665.4,245626.0,103015.1,0.0,28.5,25.3,0,24.6,36.9,962,5500,6861,8795,10942,11382,12137,8196,31115,1773
1782777175,2AC,38284160.0,36778852.0,2990503.2,2700612.8,437772.5,405046.6,178929.9,245479.4,103005.2,0.0,28.5,25.3,0,24.6,36.9,963,5503,6863,8798,10945,11385,12140,8200,31124,1773
1782777473,2AC,38255924.0,36821360.0,2987523.0,2695220.8,438501.8,403753.8,178903.6,245406.1,102995.4,0.0,28.5,25.3,0,24.6,36.9,963,5503,6864,8798,10946,11386,12142,8201,31127,1774
1782777774,2AC,38304404.0,36714148.0,2984426.2,2693281.2,438106.0,404329.1,178655.4,245550.3,102986.0,0.0,28.5,25.3,0,24.6,36.9,963,5503,6864,8800,10947,11386,12143,8201,31132,1775
1782778075,2AC,38187924.0,36678444.0,2978353.2,2694124.0,438014.9,404448.6,178454.5,245517.8,102976.4,0.0,28.5,25.3,0,24.6,36.9,963,5503,6865,8799,10943,11384,12140,8200,31127,1773
1782778373,2AC,38246308.0,36675716.0,2984648.8,2699572.8,438159.8,403865.8,178630.5,245151.7,102967.1,0.0,28.5,25.3,0,24.6,36.9,962,5502,6863,8797,10944,11385,12140,8200,31126,1772
1782778674,2AC,38179696.0,36692064.0,2973613.2,2694303.8,437747.1,403350.8,178557.1,245742.8,102957.3,0.0,28.5,25.3,0,24.6,36.9,962,5502,6861,8796,10942,11382,12137,8198,31123,1771
1782778975,2AC,38288740.0,36617580.0,2981679.8,2697631.8,436950.9,403698.0,178808.3,245339.5,102948.1,0.0,28.5,25.3,0,24.6,36.9,962,5502,6863,8795,10944,11382,12139,8198,31126,1773
1782779276,2AC,38191124.0,36733700.0,2982442.2,2692865.8,437568.2,403179.5,178623.8,245835.1,102938.8,0.0,28.5,25.4,0,24.6,36.9,962,5501,6862,8795,10943,11383,12141,8198,31122,1772
1782779574,2AC,38167600.0,36718708.0,2967874.2,2687378.8,437632.4,403952.1,178284.8,244990.1,102929.7,0.0,28.5,25.3,0,24.6,36.9,962,5500,6862,8795,10940,11381,12137,8197,31118,1772
1782779875,2AC,38192764.0,36707268.0,2987811.8,2700260.2,437985.6,403390.7,178464.7,245163.0,102919.8,0.0,28.5,25.4,0,24.7,37.0,962,5501,6861,8797,10943,11383,12140,8199,31125,1772
1782780176,2AC,38151952.0,36584572.0,2966280.8,2691258.2,437864.7,404681.9,178624.1,244944.3,102909.7,0.0,28.5,25.4,0,24.6,37.0,962,5502,6864,8796,10943,11383,12138,8200,31121,1772
1782780474,2AC,38220284.0,36638788.0,2975374.8,2693038.8,437743.1,403280.2,178757.5,244966.0,102900.2,0.0,28.5,25.4,0,24.7,37.0,962,5502,6861,8796,10944,11382,12137,8198,31118,1773
1782780775,2AC,38073968.0,36630000.0,2972182.8,2696002.5,437663.8,403013.9,178792.0,245469.9,102891.5,0.0,28.5,25.4,0,24.6,37.0,962,5503,6865,8798,10943,11383,12141,8199,31125,1774
1782781073,2AC,38047132.0,36630320.0,2985347.2,2690608.8,437720.8,404456.3,178447.6,244739.0,102882.2,0.0,28.5,25.4,0,24.7,37.0,962,5502,6863,8797,10944,11385,12141,8199,31122,1772
1782781374,2AC,38126740.0,36627452.0,2978798.8,2686231.0,436916.2,403209.4,178618.1,244774.2,102872.9,0.0,28.5,25.4,0,24.6,37.0,962,5501,6862,8795,10944,11383,12137,8199,31122,1771
1782781675,2AC,38064340.0,36581044.0,2957429.2,2689711.2,437098.1,403080.2,178591.3,244915.6,102863.6,0.0,28.5,25.4,0,24.6,37.0,962,5501,6863,8796,10945,11384,12140,8199,31123,1774
1782781973,2AC,38014352.0,36681552.0,2972341.0,2688733.2,437684.0,404452.0,178331.1,245656.0,102854.5,0.0,28.5,25.4,0,24.7,37.0,962,5502,6864,8797,10944,11384,12139,8198,31121,1773
1782782274,2AC,38016944.0,36431148.0,2970901.0,2687196.2,437088.8,402441.2,178442.0,244839.5,102844.9,0.0,28.5,25.5,0,24.6,37.1,962,5500,6862,8795,10943,11382,12138,8197,31119,1774
1782782575,2AC,38092420.0,36521552.0,2971743.8,2693998.0,437346.5,404248.3,178899.2,245126.5,102836.2,0.0,28.5,25.4,0,24.6,37.1,962,5498,6860,8792,10941,11379,12135,8197,31109,1773
1782782873,2AC,38025396.0,36511264.0,2967982.8,2690171.2,437276.7,404010.1,178455.2,244805.6,102826.8,0.0,28.5,25.4,0,24.6,37.1,962,5500,6861,8795,10942,11380,12136,8197,31114,1773
1782783174,2AC,38010452.0,36573824.0,2964754.2,2686057.2,437466.6,402643.6,178320.2,244889.0,102816.9,0.0,28.5,25.4,0,24.6,37.1,962,5502,6864,8797,10945,11384,12140,8199,31122,1773
1782783475,2AC,38063808.0,36522116.0,2960319.8,2687381.8,437130.2,403037.2,178428.0,244704.5,102807.1,0.0,28.5,25.5,0,24.6,37.1,962,5503,6864,8798,10947,11385,12142,8201,31128,1773
1782783773,2AC,38070224.0,36393156.0,2966345.0,2688724.2,436723.3,402670.7,177624.0,245183.3,102797.9,0.0,28.5,25.5,0,24.7,37.1,962,5502,6863,8797,10944,11382,12138,8198,31117,1773
1782784075,2AC,37994204.0,36456932.0,2974405.2,2686061.2,437195.6,402261.0,178270.7,244989.4,102788.8,0.0,28.5,25.5,0,24.6,37.1,963,5504,6865,8800,10948,11388,12144,8202,31135,1772
1782784376,2AC,37813184.0,36460900.0,2971097.0,2685929.2,437429.7,402556.2,178230.4,244865.0,102779.8,0.0,28.5,25.5,0,24.7,37.2,962,5501,6863,8797,10945,11383,12140,8201,31125,1772
1782784674,2AC,37963840.0,36381488.0,2968614.8,2687106.0,437248.0,403924.7,178478.0,244998.6,102772.1,0.0,28.5,25.5,0,24.7,37.1,963,5502,6864,8799,10946,11386,12142,8201,31131,1772
1782784975,2AC,37982676.0,36444528.0,2954758.8,2685084.0,437605.1,402830.1,178233.3,244762.3,102763.3,0.0,28.5,25.5,0,24.7,37.1,963,5503,6865,8798,10947,11385,12143,8201,31127,1773
1782785273,2AC,37964028.0,36483100.0,2973050.2,2688341.0,437341.3,402995.2,178444.0,244876.7,102753.9,0.0,28.5,25.5,0,24.6,37.1,962,5502,6863,8797,10943,11384,12139,8199,31121,1771
1782785574,2AC,38008452.0,36408108.0,2955626.8,2687608.0,436671.3,402439.3,178477.0,244956.5,102746.1,0.0,28.5,25.5,0,24.6,37.1,963,5502,6864,8799,10948,11386,12142,8200,31133,1772
1782785875,2AC,37924288.0,36365180.0,2968775.8,2681281.2,437205.2,404339.8,178312.3,244910.9,102737.4,0.0,28.5,25.5,0,24.6,37.2,962,5501,6863,8798,10945,11384,12141,8200,31124,1772
1782786173,2AC,37827068.0,36337860.0,2967797.2,2688482.0,436933.2,403095.7,178300.2,244950.7,102729.4,0.0,28.5,25.5,0,24.6,37.2,962,5502,6864,8798,10945,11385,12141,8200,31122,1773
1782786474,2AC,37900100.0,36379308.0,2955153.0,2685636.8,437861.2,402902.4,178298.0,244529.1,102721.3,0.0,28.5,25.5,0,24.6,37.2,963,5502,6865,8799,10948,11389,12145,8203,31134,1773
1782786775,2AC,37903892.0,36402780.0,2964548.8,2680894.2,436919.5,402765.5,178492.2,244800.6,102713.6,0.0,28.5,25.6,0,24.6,37.2,963,5501,6864,8797,10945,11385,12141,8200,31126,1773
1782787074,2AC,38019828.0,36421780.0,2968852.0,2688455.0,437120.5,403481.0,178502.4,245129.1,102705.4,0.0,28.5,25.5,0,24.6,37.2,963,5503,6866,8800,10947,11387,12143,8202,31128,1772
1782787375,2AC,37910604.0,36387748.0,2959978.8,2686199.2,437727.3,402926.0,178120.6,244515.0,102696.7,0.0,28.5,25.6,0,24.7,37.2,963,5503,6865,8799,10948,11389,12145,8203,31137,1772
1782787676,2AC,37836140.0,36455996.0,2975191.8,2682245.0,437814.2,402714.8,178279.0,244721.9,102688.7,0.0,28.5,25.6,0,24.6,37.2,963,5504,6865,8799,10947,11385,12142,8201,31129,1772
1782787973,2AC,37820996.0,36331948.0,2955764.8,2685767.8,437134.3,402935.0,177970.4,244560.1,102680.4,0.0,28.5,25.6,0,24.6,37.2,962,5504,6866,8800,10950,11389,12146,8203,31139,1775
1782788274,2AC,37789356.0,36267228.0,2971581.0,2685336.0,437010.0,402761.5,178095.8,245084.4,102671.3,0.0,28.5,25.6,0,24.6,37.2,962,5504,6865,8800,10949,11387,12144,8203,31136,1774
1782788575,2AC,37891124.0,36400608.0,2952572.8,2684312.0,437467.6,403867.8,178476.3,244699.0,102663.5,0.0,28.5,25.6,0,24.6,37.2,963,5503,6865,8799,10948,11389,12145,8201,31134,1774
1782788873,2AC,37819644.0,36403352.0,2955825.0,2681190.2,437698.7,404100.3,178334.5,244401.9,102655.4,0.0,28.5,25.6,0,24.6,37.2,962,5502,6864,8797,10945,11384,12142,8200,31126,1774
1782789174,2AC,37871072.0,36353924.0,2954292.0,2687966.8,437295.6,403058.4,178418.3,244848.4,102647.8,0.0,28.5,25.6,0,24.6,37.3,963,5503,6864,8797,10946,11386,12142,8200,31126,1773
1782789475,2AC,37794940.0,36355876.0,2974872.2,2679427.0,437359.5,404297.5,178345.1,244684.7,102639.7,0.0,28.5,25.6,0,24.6,37.3,962,5501,6862,8796,10943,11382,12139,8198,31121,1772
1782789773,2AC,37802084.0,36375008.0,2961831.2,2680657.0,437106.7,404595.8,178316.6,244685.4,102631.5,0.0,28.5,25.6,0,24.6,37.3,963,5503,6864,8798,10945,11384,12142,8199,31130,1773
1782790074,2AC,37837460.0,36321172.0,2961035.8,2683775.2,438055.1,403112.9,178366.7,244765.5,102623.7,0.0,28.5,25.6,0,24.6,37.2,962,5503,6864,8798,10948,11386,12143,8201,31135,1773
1782790375,2AC,37724784.0,36248340.0,2954244.8,2681425.8,436934.6,403295.0,178382.6,244622.8,102616.2,0.0,28.5,25.6,0,24.6,37.3,963,5503,6864,8799,10948,11386,12141,8201,31130,1773
1782790673,2AC,37823908.0,36362188.0,2951898.0,2686761.8,437108.3,402559.3,178196.8,244192.7,102608.4,0.0,28.5,25.6,0,24.6,37.3,963,5504,6865,8800,10950,11389,12145,8202,31133,1774
1782790975,2AC,37832132.0,36286768.0,2962087.8,2678367.0,437401.7,404862.8,178307.9,244452.8,102600.5,0.0,28.5,25.6,0,24.6,37.3,963,5503,6864,8800,10948,11388,12142,8202,31133,1771
1782791276,2AC,37854112.0,36310612.0,2958194.8,2678868.8,437214.7,402658.8,178369.0,244377.7,102593.0,0.0,28.5,25.7,0,24.6,37.3,962,5500,6862,8795,10943,11382,12138,8198,31118,1773
1782791574,2AC,37824544.0,36349164.0,2971325.8,2682636.5,437860.1,404379.4,178427.3,244301.5,102585.1,0.0,28.5,25.6,0,24.6,37.3,963,5503,6864,8799,10947,11386,12142,8201,31128,1771
1782791875,2AC,37842912.0,36326096.0,2961951.2,2682493.2,437957.4,403306.0,178468.2,244403.8,102577.7,0.0,28.5,25.7,0,24.6,37.4,962,5502,6864,8799,10945,11384,12141,8200,31125,1772
1782792173,2AC,37789716.0,36399380.0,2952458.0,2683339.0,436966.4,403738.8,178001.0,244541.7,102569.9,0.0,28.5,25.7,0,24.6,37.4,962,5500,6862,8796,10944,11383,12139,8198,31122,1772
1782792474,2AC,37849180.0,36334204.0,2958569.8,2680652.0,437156.7,402505.2,178050.9,244384.3,102562.8,0.0,28.5,25.7,0,24.6,37.4,962,5501,6862,8797,10944,11383,12139,8198,31121,1773
1782792775,2AC,37824772.0,36343812.0,2951750.0,2683566.2,437149.5,403075.9,178170.3,244597.6,102555.4,0.0,28.5,25.7,0,24.6,37.4,962,5502,6864,8798,10948,11387,12143,8200,31134,1774
1782793073,2AC,37819908.0,36367396.0,2957681.2,2685062.2,437301.0,403545.8,178685.5,244446.2,102548.5,0.0,28.5,25.7,0,24.6,37.4,962,5503,6864,8799,10948,11388,12142,8200,31129,1772
1782793374,2AC,37781516.0,36335688.0,2975149.2,2685248.2,437835.4,404905.0,178253.7,244883.0,102541.8,0.0,28.5,25.7,0,24.6,37.4,963,5502,6863,8798,10945,11384,12141,8200,31124,1772
1782793675,2AC,37850496.0,36316792.0,2967364.8,2682126.0,437878.0,404511.0,178378.5,244266.2,102534.8,0.0,28.5,25.7,0,24.6,37.4,963,5502,6863,8799,10945,11384,12142,8200,31124,1771
1782793973,2AC,37787348.0,36212412.0,2961954.0,2678815.0,436929.7,405319.1,178322.2,244150.2,102527.5,0.0,28.5,25.7,0,24.6,37.4,962,5502,6863,8797,10947,11387,12142,8201,31131,1771
1782794274,2AC,37865468.0,36421964.0,2962604.2,2684077.8,437439.7,403710.4,178203.0,244359.7,102520.3,0.0,28.5,25.7,0,24.6,37.4,963,5501,6863,8799,10945,11382,12141,8198,31122,1771
1782794575,2AC,37772276.0,36202492.0,2963110.8,2685718.8,438246.1,404900.3,178106.4,244539.0,102513.7,0.0,28.5,25.8,0,24.6,37.4,962,5502,6863,8797,10944,11382,12139,8198,31122,1774
1782794873,2AC,37766700.0,36272608.0,2973754.2,2682453.0,438749.6,403005.7,178473.6,244211.5,102507.1,0.0,28.5,25.8,0,24.6,37.4,963,5503,6865,8800,10949,11389,12146,8202,31132,1775
1782795174,2AC,37866924.0,36326444.0,2974093.0,2679536.2,438283.8,404703.2,178478.6,244502.9,102500.1,0.0,28.5,25.7,0,24.6,37.4,963,5505,6867,8802,10951,11390,12148,8204,31138,1773
1782795475,2AC,37885684.0,36286524.0,2965779.0,2686791.2,437927.5,405405.8,178189.1,244612.5,102494.5,0.0,28.5,25.7,0,24.6,37.5,963,5504,6866,8800,10951,11389,12146,8203,31140,1773
1782795776,2AC,37764556.0,36235316.0,2952222.0,2688028.2,438344.7,405061.7,178470.9,244387.2,102488.2,0.0,28.5,25.8,0,24.6,37.5,963,5505,6866,8799,10950,11388,12144,8202,31136,1773
1782796074,2AC,37795100.0,36258992.0,2961125.2,2687001.2,437807.1,404335.8,178518.3,244451.0,102478.8,0.0,28.5,25.8,0,24.6,37.5,962,5502,6863,8798,10947,11384,12142,8201,31129,1772
1782796375,2AC,37757616.0,36212572.0,2971419.8,2683440.8,437399.6,403530.6,178151.9,244563.0,102470.6,0.0,28.5,25.8,0,24.6,37.5,963,5502,6863,8798,10948,11388,12142,8201,31131,1772
1782796676,2AC,37733468.0,36259500.0,2958345.2,2681266.2,437981.2,404565.1,178068.8,244368.4,102463.0,0.0,28.5,25.8,0,24.6,37.5,962,5500,6861,8797,10948,11386,12142,8202,31125,1772
1782796974,2AC,37641572.0,36116668.0,2952649.2,2688729.8,437958.4,404378.5,178555.5,244420.0,102455.7,0.0,28.4,25.8,0,24.6,37.5,963,5501,6863,8797,10947,11385,12143,8199,31126,1772
1782797275,2AC,37762556.0,36327224.0,2967206.8,2689361.8,438201.6,404917.5,178553.5,244594.7,102448.8,0.0,28.5,25.8,0,24.6,37.5,963,5502,6863,8798,10948,11387,12142,8200,31123,1773
1782797573,2AC,37842796.0,36288160.0,2963559.2,2691765.8,438841.3,403458.6,178699.2,244748.9,102442.2,0.0,28.5,25.8,0,24.6,37.5,963,5501,6863,8798,10947,11385,12142,8200,31128,1772
1782797874,2AC,37750484.0,36321536.0,2973384.8,2681766.8,438116.2,404886.4,178375.6,244670.2,102435.1,0.0,28.4,25.8,0,24.6,37.5,962,5501,6863,8795,10946,11385,12142,8199,31122,1774
1782798175,2AC,37694524.0,36159712.0,2963355.8,2686758.8,438699.2,405460.0,178337.9,244402.9,102428.7,0.0,28.4,25.8,0,24.6,37.5,962,5501,6862,8797,10946,11385,12141,8200,31132,1772
1782798476,2AC,37778468.0,36315028.0,2964011.2,2685187.8,438028.0,405365.5,178382.3,244290.1,102421.5,0.0,28.5,25.8,0,24.6,37.6,962,5502,6864,8799,10945,11383,12141,8198,31124,1771
1782799075,2AC,80219016.0,77827880.0,5763209.5,5275913.5,734161.4,674381.2,249234.1,325949.5,106009.1,0.0,28.3,16.0,0,24.4,27.0,963,5503,6863,8802,10950,11388,12145,8201,31139,1772
1782799376,2AC,76432152.0,73767240.0,5446684.0,4997941.5,703917.5,648088.6,244575.2,320596.0,106052.4,0.0,28.3,17.7,0,24.4,28.4,962,5503,6863,8801,10949,11388,12145,8201,31139,1774
1782799674,2AC,72947384.0,70419320.0,5170477.5,4766590.0,678471.7,624261.0,240421.4,316089.4,106063.3,0.0,28.3,18.7,0,24.5,29.3,963,5502,6864,8799,10949,11387,12143,8201,31134,1772
1782799975,2AC,70481280.0,67905504.0,5015402.5,4615794.5,660599.5,607427.1,236851.5,311236.7,106059.5,0.0,28.3,19.3,0,24.5,29.9,963,5503,6863,8801,10949,11388,12144,8201,31131,1772
1782800273,2AC,68480296.0,65989600.0,4875921.5,4493059.5,645561.7,593427.4,233475.1,308296.1,106048.1,0.0,28.3,19.7,0,24.5,30.4,963,5504,6865,8801,10950,11388,12143,8203,31137,1772
1782800574,2AC,66704332.0,64208012.0,4780839.5,4402592.5,634604.1,583804.8,231201.0,306046.2,106032.4,0.0,28.4,20.1,0,24.5,30.8,962,5503,6864,8799,10948,11385,12143,8200,31129,1772
1782800875,2AC,65423892.0,63052660.0,4688666.5,4320552.0,626408.2,577576.4,229440.5,303878.1,106012.6,0.0,28.4,20.3,0,24.5,31.1,962,5502,6862,8798,10948,11385,12142,8199,31127,1772
1782801173,2AC,64483724.0,61864236.0,4630095.5,4255557.5,619848.0,571281.7,227796.6,301897.7,105990.7,0.0,28.4,20.6,0,24.5,31.3,963,5503,6862,8800,10951,11388,12144,8202,31134,1773
1782801474,2AC,63400812.0,61167136.0,4566788.0,4215832.5,614100.9,563782.2,225785.5,299767.5,105967.9,0.0,28.4,20.7,0,24.5,31.5,963,5503,6863,8801,10950,11389,12144,8201,31140,1772
1782801775,2AC,62731348.0,60453072.0,4523118.5,4162226.8,608449.4,560899.3,224596.4,299080.0,105944.8,0.0,28.4,20.9,0,24.5,31.7,962,5502,6862,8799,10949,11389,12144,8202,31136,1774
1782802076,2AC,62013364.0,59865152.0,4497681.5,4126218.2,603497.6,557080.1,223971.6,296530.2,105921.7,0.0,28.4,21.0,0,24.5,31.9,963,5504,6866,8802,10951,11389,12145,8204,31140,1774
1782802374,2AC,61344204.0,59148416.0,4444875.0,4100001.8,599536.4,553109.8,223006.9,295943.5,105898.1,0.0,28.3,21.2,0,24.5,32.0,963,5503,6864,8801,10950,11388,12145,8202,31137,1774
1782802675,2AC,60792060.0,58584736.0,4407618.0,4051551.8,595826.2,549948.1,221890.9,294777.1,105874.3,0.0,28.4,21.3,0,24.5,32.1,963,5504,6865,8804,10951,11391,12147,8203,31143,1775
1782802976,2AC,60339636.0,58208564.0,4380139.5,4037882.2,593691.9,545428.2,220852.1,294153.4,105850.3,0.0,28.4,21.4,0,24.5,32.2,963,5502,6863,8799,10949,11388,12144,8201,31137,1774
1782803274,2AC,59942228.0,57663092.0,4350988.5,4010984.0,589552.5,543194.8,220278.2,293527.2,105824.9,0.0,28.4,21.5,0,24.5,32.3,962,5502,6862,8799,10948,11388,12143,8201,31127,1774
1782803575,2AC,59603472.0,57217452.0,4315882.5,3973130.2,587031.1,540946.1,219511.6,292384.4,105800.1,0.0,28.4,21.5,0,24.5,32.4,963,5504,6865,8802,10951,11391,12147,8204,31140,1774
1782803876,2AC,59270944.0,56807700.0,4297942.0,3956106.2,583991.9,539242.9,218948.8,291791.8,105774.9,0.0,28.4,21.6,0,24.5,32.5,963,5504,6864,8803,10951,11391,12147,8204,31140,1774
1782804174,2AC,58853628.0,56311200.0,4271816.0,3939411.2,582350.6,536800.0,218027.3,291195.7,105749.9,0.0,28.4,21.7,0,24.5,32.6,962,5503,6864,8800,10950,11389,12144,8201,31140,1772
1782804475,2AC,58398508.0,55941124.0,4253779.0,3923474.0,580226.7,534415.4,217301.3,290171.3,105724.2,0.0,28.4,21.7,0,24.5,32.7,962,5502,6863,8799,10946,11384,12139,8198,31123,1772
1782804776,2AC,58121844.0,55528540.0,4231813.5,3897165.0,577499.6,532460.1,216928.1,289980.3,105698.4,0.0,28.4,21.8,0,24.5,32.8,963,5503,6863,8800,10950,11388,12145,8203,31136,1772
1782805074,2AC,57747744.0,55145284.0,4215587.5,3886018.8,575197.5,530520.2,216112.2,288488.5,105672.9,0.0,28.4,21.9,0,24.5,32.8,962,5501,6861,8798,10947,11384,12138,8199,31124,1773
1782805375,2AC,57437524.0,55018500.0,4191707.0,3870287.8,574580.1,529630.4,215704.3,288285.9,105647.6,0.0,28.4,21.9,0,24.5,32.9,963,5502,6861,8799,10948,11386,12142,8200,31127,1774
1782805673,2AC,56981292.0,54768224.0,4179659.0,3844077.8,571060.1,528122.4,215144.2,287272.5,105623.1,0.0,28.4,22.0,0,24.5,33.0,962,5503,6864,8800,10949,11387,12142,8201,31131,1772
1782805974,2AC,56847812.0,54430516.0,4161814.2,3834170.0,570292.1,525549.4,214098.1,287349.2,105598.0,0.0,28.4,22.0,0,24.5,33.0,963,5503,6864,8800,10949,11388,12142,8201,31132,1774
1782806275,2AC,56423236.0,54114048.0,4153227.8,3813277.0,568225.8,523772.5,213986.0,286588.8,105572.9,0.0,28.4,22.1,0,24.5,33.1,962,5501,6862,8799,10947,11386,12141,8199,31129,1774
1782806573,2AC,56083040.0,54044224.0,4132054.0,3796006.8,566822.8,522423.9,214212.0,286439.7,105547.5,0.0,28.4,22.2,0,24.5,33.1,963,5502,6862,8800,10949,11386,12143,8202,31131,1772
1782806874,2AC,55939948.0,53757772.0,4122298.0,3794413.0,564658.4,521492.7,213179.1,285453.9,105523.1,0.0,28.4,22.2,0,24.5,33.2,963,5503,6864,8800,10950,11388,12147,8202,31136,1774
1782807175,2AC,55934896.0,53604688.0,4110138.8,3777454.8,563638.8,519618.4,212616.6,285443.0,105498.5,0.0,28.4,22.2,0,24.5,33.2,963,5503,6864,8802,10950,11387,12144,8203,31134,1774
1782807473,2AC,55408876.0,53428652.0,4093626.8,3767610.2,562567.3,518186.5,212549.8,284785.7,105473.7,0.0,28.4,22.3,0,24.5,33.3,963,5505,6865,8805,10954,11393,12148,8205,31144,1775
1782807774,2AC,55292164.0,53293836.0,4078924.8,3749215.0,560725.6,516815.0,211266.2,284570.3,105449.2,0.0,28.4,22.3,0,24.5,33.3,963,5504,6865,8802,10952,11389,12146,8204,31148,1775
1782808076,2AC,55169664.0,52922828.0,4072141.2,3740708.0,559553.0,514526.1,211724.5,283480.6,105423.9,0.0,28.4,22.4,0,24.5,33.4,963,5504,6865,8803,10952,11389,12146,8203,31144,1772
1782808374,2AC,54824176.0,52808764.0,4056727.2,3728799.8,558366.2,514354.2,211035.8,283525.5,105399.2,0.0,28.4,22.4,0,24.5,33.4,963,5504,6864,8800,10950,11388,12144,8201,31140,1773
1782808675,2AC,54585060.0,52624140.0,4038297.8,3720267.0,557182.7,513519.3,210493.2,282689.7,105374.9,0.0,28.4,22.4,0,24.5,33.5,963,5503,6865,8801,10950,11388,12145,8202,31134,1773
1782808976,2AC,54712044.0,52553940.0,4037092.0,3713895.2,556190.7,512704.8,210594.1,282799.7,105350.5,0.0,28.4,22.5,0,24.5,33.5,963,5503,6864,8802,10951,11389,12145,8203,31135,1773
1782809274,2AC,54322276.0,52325212.0,4016117.0,3701602.2,554359.7,510769.5,210159.4,282264.5,105325.8,0.0,28.4,22.5,0,24.5,33.6,963,5504,6865,8803,10951,11391,12146,8203,31142,1772
1782809575,2AC,54157060.0,52213756.0,4005297.8,3682496.0,553195.2,510457.4,209567.7,282160.9,105301.0,0.0,28.4,22.6,0,24.5,33.5,963,5503,6863,8800,10948,11389,12143,8202,31136,1772
1782809875,2AC,53955500.0,51783172.0,3992968.8,3676585.8,551452.6,509668.3,209631.1,281499.0,105277.1,0.0,28.4,22.6,0,24.5,33.6,963,5503,6865,8801,10950,11390,12145,8202,31141,1775
1782810174,2AC,53771484.0,51837756.0,3981150.2,3663184.8,550873.8,507706.5,209260.0,281215.1,105253.9,0.0,28.4,22.6,0,24.5,33.6,963,5503,6864,8802,10949,11389,12144,8202,31132,1772
1782810475,2AC,53575972.0,51642716.0,3977090.0,3656476.2,550042.3,506910.8,208939.2,280299.2,105230.1,0.0,28.4,22.7,0,24.5,33.7,962,5502,6863,8799,10948,11385,12142,8200,31132,1771
1782810776,2AC,53530620.0,51608688.0,3971560.8,3653894.2,549737.9,506502.5,208652.7,279979.9,105206.9,0.0,28.4,22.7,0,24.5,33.7,962,5502,6862,8800,10947,11386,12142,8201,31128,1772
1782811074,2AC,53312672.0,51361252.0,3951737.2,3638156.0,547345.5,505299.6,208129.9,279953.2,105183.3,0.0,28.4,22.7,0,24.5,33.7,963,5502,6863,8800,10948,11387,12142,8201,31129,1772
1782811375,2AC,53218596.0,51273580.0,3961995.0,3634986.0,547299.6,504523.8,208434.6,279879.6,105160.4,0.0,28.4,22.8,0,24.5,33.8,963,5502,6864,8801,10950,11388,12145,8202,31135,1772
1782811676,2AC,52947348.0,51091552.0,3937807.8,3630031.0,546743.0,504216.9,207696.1,279617.9,105137.3,0.0,28.4,22.8,0,24.5,33.8,963,5504,6864,8801,10948,11388,12146,8202,31137,1772
1782811974,2AC,52850240.0,50833060.0,3934025.0,3615654.0,545462.9,503084.9,207742.3,279319.4,105114.5,0.0,28.4,22.8,0,24.5,33.9,963,5503,6865,8800,10951,11389,12147,8203,31137,1772
1782812275,2AC,52770608.0,50873068.0,3926588.8,3607899.0,544658.3,502044.3,207573.2,278822.7,105091.5,0.0,28.4,22.8,0,24.5,33.9,963,5505,6866,8803,10949,11391,12147,8203,31141,1772
1782812576,2AC,52789856.0,50650480.0,3916065.2,3595897.2,543573.3,501403.1,207195.2,278471.0,105068.4,0.0,28.4,22.9,0,24.5,33.9,962,5502,6863,8799,10946,11385,12141,8200,31127,1772
1782812874,2AC,52589408.0,50415252.0,3912019.2,3598371.8,542762.0,500914.1,206485.8,277805.1,105046.1,0.0,28.4,22.9,0,24.5,34.0,962,5504,6865,8802,10951,11389,12147,8203,31140,1773
1782813175,2AC,52241644.0,50433360.0,3901829.8,3574315.0,541266.3,500476.2,206155.8,278468.0,105023.6,0.0,28.4,22.9,0,24.5,34.0,962,5502,6864,8800,10949,11388,12143,8200,31130,1773
1782813476,2AC,52224916.0,50194196.0,3885876.2,3571170.8,540148.2,499232.6,206643.9,277578.2,105002.0,0.0,28.4,22.9,0,24.5,34.0,963,5504,6864,8802,10950,11388,12144,8202,31135,1774
1782813774,2AC,52115808.0,50287692.0,3869842.2,3564035.2,539373.4,498197.7,205710.7,277427.8,104979.4,0.0,28.4,23.0,0,24.6,34.1,963,5504,6866,8805,10955,11395,12151,8206,31151,1775
1782814075,2AC,51977340.0,49969540.0,3871760.8,3558835.8,538309.5,498124.0,205615.8,276910.5,104956.6,0.0,28.4,23.0,0,24.6,34.1,963,5505,6865,8802,10951,11393,12147,8203,31142,1774
1782814376,2AC,51784100.0,49869108.0,3863272.2,3537051.0,538143.2,496663.3,204745.1,276280.1,104933.7,0.0,28.4,23.0,0,24.6,34.1,963,5503,6865,8802,10950,11389,12144,8202,31135,1773
1782814674,2AC,51842772.0,49909084.0,3852219.0,3547376.8,537340.5,496381.8,205417.1,276740.8,104912.3,0.0,28.4,23.0,0,24.6,34.2,963,5504,6864,8802,10949,11388,12144,8202,31134,1773
1782814975,2AC,51696580.0,49553024.0,3845283.2,3529839.2,536520.1,494937.6,204957.1,276225.1,104890.7,0.0,28.4,23.1,0,24.6,34.2,963,5506,6865,8803,10950,11392,12146,8204,31143,1775
1782815276,2AC,51502032.0,49652052.0,3851862.2,3528310.8,535655.3,494742.8,204514.7,275499.2,104869.9,0.0,28.4,23.1,0,24.6,34.2,963,5503,6865,8801,10952,11391,12148,8204,31141,1775
1782815574,2AC,51336972.0,49537876.0,3835838.0,3519554.0,535534.8,493426.2,204708.6,275834.2,104848.4,0.0,28.4,23.1,0,24.6,34.2,963,5503,6865,8801,10949,11389,12146,8203,31137,1773
1782815875,2AC,51281184.0,49479796.0,3838442.2,3509344.0,534914.9,492809.2,204020.2,275791.8,104827.6,0.0,28.4,23.2,0,24.6,34.3,963,5503,6865,8802,10951,11388,12145,8203,31134,1773
1782816173,2AC,51187244.0,49143180.0,3821052.8,3508911.2,533142.8,493034.2,204494.0,275388.2,104806.8,0.0,28.4,23.2,0,24.6,34.3,963,5505,6867,8803,10952,11390,12146,8204,31141,1774
1782816474,2AC,51229284.0,49278800.0,3819901.2,3502460.8,532439.3,491760.6,204062.5,274953.4,104785.9,0.0,28.4,23.2,0,24.6,34.3,963,5503,6865,8801,10950,11387,12144,8202,31134,1774
1782816775,2AC,50998624.0,49201604.0,3804589.0,3487724.2,533061.7,491770.0,203693.8,274934.5,104765.4,0.0,28.4,23.2,0,24.6,34.3,963,5503,6864,8800,10951,11387,12144,8202,31134,1774
1782817073,2AC,50819124.0,48920756.0,3803336.2,3494173.2,531861.9,491669.3,203637.1,274565.6,104744.9,0.0,28.4,23.2,0,24.6,34.3,963,5503,6864,8801,10951,11389,12146,8203,31141,1775
1782817374,2AC,50948560.0,48837308.0,3793298.0,3488371.2,530521.9,488965.8,203259.0,274469.5,104723.6,0.0,28.4,23.2,0,24.6,34.4,962,5503,6864,8800,10950,11389,12146,8203,31137,1774
1782817675,2AC,50839260.0,48783680.0,3797955.2,3473296.8,530444.6,490189.3,202950.9,274071.5,104703.9,0.0,28.4,23.3,0,24.6,34.4,962,5502,6864,8799,10947,11386,12143,8200,31133,1772
1782817973,2AC,50523004.0,48650580.0,3783436.2,3479126.8,529844.1,488591.4,202928.4,274029.8,104683.3,0.0,28.4,23.3,0,24.6,34.4,963,5504,6864,8801,10951,11388,12145,8201,31135,1774
1782818274,2AC,50579036.0,48534684.0,3777496.2,3460454.0,529005.2,488604.0,202823.7,274108.2,104662.9,0.0,28.4,23.3,0,24.6,34.5,962,5502,6863,8799,10946,11384,12140,8199,31124,1774
1782818576,2AC,50399888.0,48494012.0,3772910.2,3455637.2,528128.9,488240.4,202450.4,273454.6,104642.1,0.0,28.4,23.4,0,24.6,34.5,963,5504,6866,8802,10951,11390,12146,8202,31140,1772
1782818874,2AC,50247268.0,48519600.0,3758873.8,3448591.8,527920.5,488068.2,202480.5,273214.5,104621.5,0.0,28.4,23.4,0,24.6,34.5,962,5503,6864,8799,10946,11386,12141,8200,31128,1773
1782819175,2AC,50096372.0,48320788.0,3761235.2,3443727.2,526918.4,486833.2,202054.9,273081.2,104601.7,0.0,28.4,23.4,0,24.6,34.5,962,5504,6865,8801,10947,11387,12144,8201,31129,1772
1782819476,2AC,50029484.0,48168460.0,3756009.0,3438004.2,525783.2,486038.4,202256.6,272898.4,104581.7,0.0,28.4,23.4,0,24.6,34.6,962,5503,6864,8800,10949,11389,12144,8201,31134,1772
1782819773,2AC,50044016.0,48219516.0,3750827.8,3433444.0,526431.8,486149.1,202245.2,272852.6,104562.2,0.0,28.4,23.5,0,24.6,34.6,962,5504,6865,8801,10951,11389,12145,8203,31140,1774
1782820074,2AC,49947036.0,48023468.0,3749354.0,3425555.2,525120.9,485198.0,201736.0,273091.8,104543.0,0.0,28.4,23.4,0,24.6,34.6,962,5503,6863,8799,10948,11386,12144,8201,31135,1774
1782820375,2AC,49802084.0,47859180.0,3734682.8,3429051.0,524118.0,483906.9,201706.5,272536.3,104524.1,0.0,28.4,23.5,0,24.6,34.6,963,5504,6865,8801,10948,11388,12144,8201,31133,1775
1782820673,2AC,49846412.0,47857604.0,3739186.0,3419356.8,525130.7,484059.3,201694.9,272131.8,104506.0,0.0,28.5,23.5,0,24.6,34.7,963,5505,6865,8801,10949,11387,12145,8202,31137,1774
1782820974,2AC,49739316.0,47864864.0,3725520.2,3419091.2,524078.3,483256.5,201162.7,271897.5,104487.7,0.0,28.4,23.5,0,24.6,34.7,963,5504,6866,8802,10951,11390,12148,8203,31140,1774
1782821276,2AC,49641396.0,47686236.0,3731386.0,3415027.8,523547.4,484170.3,201437.4,271395.7,104469.6,0.0,28.5,23.5,0,24.6,34.7,963,5504,6865,8801,10950,11388,12145,8202,31136,1772
1782821574,2AC,49483156.0,47683168.0,3722262.8,3409258.8,523702.8,482518.2,201201.3,271691.8,104451.0,0.0,28.4,23.5,0,24.6,34.7,963,5505,6867,8802,10950,11390,12146,8203,31145,1772
1782821875,2AC,49406420.0,47630956.0,3713871.2,3399349.2,521396.2,482720.4,200928.1,271281.4,104432.8,0.0,28.4,23.5,0,24.6,34.7,963,5503,6865,8802,10949,11387,12144,8200,31136,1772
1782822176,2AC,49353380.0,47439492.0,3707292.8,3401357.0,522537.9,482373.4,200813.8,271040.9,104415.2,0.0,28.4,23.6,0,24.6,34.8,962,5503,6864,8800,10949,11389,12145,8201,31135,1772
1782822474,2AC,49261876.0,47278076.0,3703008.2,3392477.2,521240.3,480940.6,200454.7,270868.8,104397.7,0.0,28.5,23.6,0,24.6,34.8,963,5504,6866,8803,10951,11392,12147,8205,31144,1775
1782822775,2AC,49134604.0,47274608.0,3704307.2,3387420.2,520481.8,480883.7,200313.6,270450.6,104379.7,0.0,28.4,23.6,0,24.6,34.8,963,5504,6865,8802,10950,11388,12143,8201,31134,1772
1782823073,2AC,49140844.0,47215796.0,3691295.8,3379571.2,520190.8,479398.8,200375.1,270665.3,104361.9,0.0,28.4,23.6,0,24.6,34.8,963,5504,6864,8801,10950,11388,12144,8200,31133,1773
1782823374,2AC,49030340.0,47243820.0,3681585.8,3376254.0,518710.0,479773.2,200043.0,270796.0,104343.5,0.0,28.5,23.7,0,24.6,34.9,963,5503,6864,8800,10951,11388,12145,8202,31139,1775
1782823675,2AC,48915124.0,47016512.0,3682656.0,3360764.2,519725.2,479389.2,200437.3,270648.1,104324.8,0.0,28.5,23.7,0,24.6,34.9,962,5503,6863,8801,10947,11386,12140,8199,31131,1774
1782823974,2AC,48797504.0,47050768.0,3676485.0,3359365.0,519032.5,479303.4,200041.4,270304.3,104307.5,0.0,28.5,23.7,0,24.6,34.9,963,5503,6865,8801,10949,11388,12144,8200,31135,1772
1782824275,2AC,48892876.0,46884324.0,3678159.0,3358880.8,517414.9,479560.1,199598.9,270191.8,104290.1,0.0,28.5,23.7,0,24.6,34.9,963,5504,6865,8802,10951,11389,12144,8202,31136,1773
1782824576,2AC,48792208.0,46809724.0,3675395.0,3357330.2,517359.0,478086.4,199605.6,269717.1,104273.4,0.0,28.5,23.7,0,24.6,34.9,963,5504,6866,8802,10947,11387,12143,8201,31133,1772
1782824874,2AC,48677244.0,46560580.0,3668077.8,3349408.8,517584.3,477831.5,199706.1,269792.6,104257.6,0.0,28.5,23.7,0,24.6,34.9,963,5505,6865,8803,10950,11387,12144,8202,31136,1773
1782825175,2AC,48562300.0,46487756.0,3662459.2,3342969.0,516646.8,477781.8,199622.8,269570.1,104240.8,0.0,28.5,23.7,0,24.6,34.9,963,5504,6865,8802,10950,11390,12146,8202,31137,1772
1782825476,2AC,48482404.0,46414060.0,3667441.8,3338938.8,516019.5,476817.2,198985.4,269169.5,104224.5,0.0,28.5,23.7,0,24.6,35.0,963,5505,6867,8801,10949,11389,12145,8201,31134,1773
1782825774,2AC,48530420.0,46446676.0,3651632.0,3338395.2,515631.8,476473.5,199017.3,268948.3,104207.9,0.0,28.5,23.8,0,24.6,35.0,963,5503,6865,8801,10947,11386,12144,8201,31134,1774
1782826075,2AC,48383732.0,46445980.0,3639921.0,3338041.8,516107.6,476646.6,199063.3,269245.8,104191.6,0.0,28.5,23.8,0,24.6,35.0,963,5503,6864,8800,10947,11385,12143,8201,31135,1773
1782826376,2AC,48315836.0,46195612.0,3638161.8,3333208.2,514803.4,475307.0,198980.8,268911.0,104174.8,0.0,28.5,23.8,0,24.6,35.1,963,5504,6865,8801,10949,11389,12145,8202,31135,1773
1782826674,2AC,48182740.0,46149468.0,3639595.2,3322824.0,515031.1,475606.8,198578.4,268515.5,104158.1,0.0,28.5,23.8,0,24.6,35.0,963,5504,6866,8802,10950,11388,12146,8201,31137,1773
1782826975,2AC,48132124.0,46137380.0,3635295.0,3315978.8,513741.5,474879.0,198672.2,268456.0,104141.0,0.0,28.5,23.8,0,24.6,35.1,962,5503,6864,8798,10948,11386,12144,8200,31132,1773
1782827276,2AC,48074084.0,46117740.0,3629819.2,3319585.2,514077.3,474588.0,198131.2,267811.2,104124.4,0.0,28.5,23.8,0,24.6,35.1,963,5502,6864,8799,10946,11386,12141,8200,31129,1773
1782827574,2AC,48023056.0,45922176.0,3622158.0,3314553.2,513446.0,474551.8,198569.4,268152.2,104107.2,0.0,28.5,23.8,0,24.6,35.1,963,5503,6865,8799,10945,11384,12142,8199,31128,1774
1782827875,2AC,48053116.0,45830092.0,3624790.8,3309765.0,512716.3,473806.2,198230.2,267418.8,104089.5,0.0,28.5,23.8,0,24.6,35.1,962,5503,6862,8798,10944,11384,12140,8198,31125,1774
1782828176,2AC,47967840.0,45859980.0,3618367.2,3314398.2,513212.6,473935.2,198395.2,267553.8,104072.4,0.0,28.5,23.9,0,24.6,35.1,962,5503,6864,8799,10948,11387,12144,8200,31134,1774
1782828474,2AC,47744100.0,45649460.0,3622669.2,3309305.2,511463.1,473612.3,198000.4,267905.0,104055.3,0.0,28.5,23.9,0,24.6,35.2,963,5503,6864,8800,10948,11386,12142,8200,31128,1774
1782828775,2AC,47859972.0,45721376.0,3609263.8,3302252.0,511724.6,472448.8,197704.8,267449.3,104039.3,0.0,28.5,23.9,0,24.6,35.1,963,5504,6866,8800,10950,11389,12146,8202,31138,1773
1782829076,2AC,47890500.0,45678044.0,3610462.2,3304864.2,511906.0,472355.8,197973.7,267909.5,104023.4,0.0,28.5,23.9,0,24.6,35.2,962,5502,6864,8798,10948,11387,12143,8200,31131,1772
1782829374,2AC,47707428.0,45541588.0,3602236.2,3295473.0,511928.1,472656.8,197728.9,267957.3,104007.2,0.0,28.5,23.9,0,24.6,35.1,963,5503,6866,8801,10949,11389,12146,8202,31142,1772
1782829674,2AC,47549184.0,45622144.0,3605684.0,3298573.0,510308.2,472205.1,197880.5,267524.0,103991.6,0.0,28.5,23.9,0,24.6,35.2,963,5503,6865,8800,10947,11387,12142,8200,31130,1775
1782829975,2AC,47652748.0,45526740.0,3603011.2,3295478.0,511193.5,471944.3,197759.8,267080.1,103975.2,0.0,28.5,24.0,0,24.6,35.2,962,5503,6864,8800,10951,11391,12147,8203,31143,1775
1782830274,2AC,47561568.0,45556048.0,3593292.0,3289966.8,510961.7,471588.1,197371.5,266922.3,103959.3,0.0,28.5,24.0,0,24.6,35.2,963,5504,6866,8801,10952,11391,12146,8202,31137,1772
1782830575,2AC,47493068.0,45444252.0,3596238.8,3288310.8,509774.3,470718.5,197507.7,267179.9,103943.8,0.0,28.5,24.0,0,24.6,35.3,963,5502,6863,8798,10947,11385,12142,8199,31130,1772
1782830876,2AC,47473812.0,45380448.0,3593731.2,3285912.0,509364.5,470977.3,197307.9,266702.5,103927.4,0.0,28.5,24.0,0,24.6,35.3,962,5501,6864,8798,10947,11385,12141,8199,31127,1771
1782831173,2AC,47318732.0,45256004.0,3583558.0,3272110.0,509244.9,470378.2,197156.1,266253.2,103911.1,0.0,28.5,24.0,0,24.6,35.3,962,5502,6863,8799,10948,11385,12144,8200,31132,1774
1782831474,2AC,47087312.0,45183340.0,3590812.8,3275061.0,508492.0,471084.5,197473.7,266777.9,103895.9,0.0,28.5,24.0,0,24.6,35.3,963,5503,6864,8798,10946,11386,12141,8199,31127,1774
1782831776,2AC,47113872.0,45217548.0,3584005.2,3272265.8,508964.8,470326.8,196849.8,265994.6,103879.8,0.0,28.5,24.0,0,24.6,35.3,963,5502,6864,8800,10947,11386,12143,8200,31127,1771
1782832074,2AC,47046756.0,45188592.0,3574359.8,3278013.2,508425.0,470457.2,196996.4,266044.3,103864.2,0.0,28.5,24.0,0,24.6,35.3,962,5502,6862,8796,10944,11381,12136,8197,31117,1771
1782832375,2AC,47144772.0,45120368.0,3574742.8,3268112.0,508549.0,469958.6,196997.2,266166.7,103848.8,0.0,28.5,24.0,0,24.6,35.4,963,5502,6864,8799,10946,11383,12139,8198,31120,1772
1782832676,2AC,47170412.0,45092688.0,3571042.2,3265267.8,508754.2,469027.4,197263.4,266166.5,103834.0,0.0,28.5,24.1,0,24.6,35.4,962,5502,6864,8800,10947,11387,12143,8200,31128,1773
1782832974,2AC,46895296.0,45063116.0,3565722.0,3270380.0,507684.6,468836.0,196832.2,266247.1,103818.8,0.0,28.5,24.1,0,24.6,35.3,963,5505,6866,8802,10950,11390,12146,8203,31137,1774
1782833275,2AC,46856048.0,45104448.0,3569827.8,3269452.2,507338.7,468924.7,196627.0,266076.7,103804.0,0.0,28.5,24.1,0,24.6,35.4,962,5502,6863,8799,10948,11386,12144,8201,31135,1773
1782833576,2AC,46961524.0,44961220.0,3559657.2,3256057.2,507402.7,468916.8,196621.5,265741.3,103789.9,0.0,28.5,24.1,0,24.6,35.4,963,5504,6866,8802,10951,11389,12145,8202,31135,1774
1782833874,2AC,46911088.0,45029792.0,3562743.0,3263036.8,506867.8,469880.1,196968.4,265683.8,103776.0,0.0,28.5,24.1,0,24.6,35.4,962,5502,6864,8798,10947,11387,12141,8200,31124,1773
1782834175,2AC,46704128.0,44797108.0,3554257.8,3257807.2,506480.9,468039.6,196380.0,265739.7,103761.2,0.0,28.5,24.2,0,24.6,35.4,963,5502,6863,8800,10948,11385,12141,8199,31125,1773
1782834476,2AC,46797164.0,44750820.0,3547454.8,3257966.2,506309.0,467414.0,196445.1,265649.3,103747.8,0.0,28.5,24.2,0,24.6,35.5,963,5501,6864,8797,10946,11384,12142,8198,31125,1772
1782834774,2AC,46666524.0,44853588.0,3553041.2,3250771.2,506475.8,467946.9,196189.5,265820.8,103734.4,0.0,28.5,24.2,0,24.6,35.5,963,5504,6865,8801,10949,11388,12144,8201,31131,1772
1782835074,2AC,46552036.0,44778496.0,3545332.2,3249988.2,505936.8,467562.9,196284.1,265130.0,103720.4,0.0,28.5,24.2,0,24.6,35.5,963,5504,6865,8801,10948,11386,12141,8200,31128,1774
1782835375,2AC,46563712.0,44715836.0,3550906.8,3243300.2,506522.4,467194.9,196214.6,265221.2,103706.5,0.0,28.5,24.2,0,24.6,35.5,962,5503,6864,8799,10947,11385,12142,8200,31128,1774
1782835673,2AC,46454948.0,44583240.0,3544228.8,3241196.8,504829.9,466681.0,196179.1,265382.2,103692.0,0.0,28.5,24.2,0,24.6,35.5,963,5504,6865,8801,10950,11389,12146,8202,31138,1774
1782835974,2AC,46509008.0,44660128.0,3539928.8,3239515.0,504863.1,466819.1,196152.8,265641.3,103678.6,0.0,28.5,24.2,0,24.6,35.5,963,5504,6865,8801,10950,11390,12145,8203,31137,1773
1782836275,2AC,46510512.0,44655364.0,3537631.2,3245000.0,505076.6,465867.5,195878.1,265065.5,103664.1,0.0,28.5,24.2,0,24.6,35.5,962,5502,6862,8797,10945,11385,12141,8198,31124,1773
1782836573,2AC,46381788.0,44567516.0,3529604.2,3240606.8,505100.6,467074.1,196277.1,264585.4,103649.3,0.0,28.5,24.2,0,24.6,35.5,962,5502,6864,8799,10947,11385,12142,8199,31128,1772
1782836874,2AC,46263540.0,44454492.0,3532383.2,3236120.2,503579.9,466258.5,195729.3,264615.2,103635.2,0.0,28.5,24.2,0,24.6,35.6,962,5501,6863,8797,10946,11386,12144,8201,31133,1774
1782837175,2AC,46411244.0,44472368.0,3530063.8,3239110.8,503707.2,465912.2,196214.6,265154.4,103621.5,0.0,28.5,24.2,0,24.6,35.6,963,5503,6865,8801,10949,11387,12144,8202,31135,1772
1782837475,2AC,46152400.0,44490620.0,3526209.2,3237584.8,504255.5,465402.4,195603.3,264955.2,103607.9,0.0,28.5,24.3,0,24.6,35.6,963,5503,6864,8801,10949,11387,12145,8201,31136,1774
1782837773,2AC,46260004.0,44393460.0,3535025.2,3231552.8,504538.4,466455.2,195524.8,264704.8,103593.0,0.0,28.5,24.3,0,24.6,35.6,963,5502,6863,8798,10946,11386,12141,8200,31125,1774
1782838074,2AC,46210964.0,44492384.0,3529366.8,3233678.2,503491.0,465626.4,195840.4,264408.5,103578.5,0.0,28.5,24.3,0,24.6,35.6,963,5503,6865,8800,10946,11386,12142,8201,31128,1774
1782838375,2AC,46226924.0,44404220.0,3525438.0,3233335.2,503180.7,465402.2,195659.2,264219.8,103563.5,0.0,28.5,24.3,0,24.6,35.6,962,5502,6862,8798,10947,11384,12141,8200,31128,1773
1782838673,2AC,46178476.0,44415808.0,3523076.8,3227241.2,503954.5,465010.6,195377.5,264551.6,103549.4,0.0,28.5,24.3,0,24.6,35.6,963,5502,6862,8799,10946,11384,12140,8197,31124,1772
1782838974,2AC,45916988.0,44261124.0,3517947.8,3227400.0,503884.7,464965.8,195468.8,264003.8,103535.4,0.0,28.5,24.3,0,24.6,35.7,962,5503,6864,8799,10947,11385,12140,8199,31123,1771
1782839275,2AC,46115788.0,44326352.0,3521231.0,3228827.0,503434.7,465058.7,195476.6,264695.1,103522.4,0.0,28.4,24.4,0,24.6,35.7,963,5503,6864,8800,10948,11386,12143,8200,31130,1772
1782839573,2AC,45856316.0,44366896.0,3520233.0,3224617.2,502202.0,465261.4,195412.4,264424.3,103509.8,0.0,28.5,24.3,0,24.6,35.7,963,5505,6865,8801,10952,11390,12146,8203,31139,1773
1782839874,2AC,45986860.0,44135076.0,3517706.2,3220854.0,502913.4,464549.7,195272.4,263592.5,103496.7,0.0,28.5,24.3,0,24.6,35.7,962,5502,6862,8798,10943,11383,12139,8198,31119,1771
1782840175,2AC,45870372.0,44053468.0,3502798.8,3211507.0,502372.5,464443.3,195391.7,264293.0,103483.9,0.0,28.5,24.3,0,24.6,35.7,962,5504,6864,8801,10951,11390,12145,8203,31140,1774
1782840476,2AC,45878204.0,43998416.0,3504435.8,3216725.8,501675.5,464161.8,195306.9,264014.7,103472.2,0.0,28.5,24.4,0,24.6,35.7,963,5504,6866,8803,10952,11391,12149,8203,31142,1772
1782840774,2AC,46087892.0,44170540.0,3506922.8,3213727.8,502642.2,463639.4,195470.7,264119.0,103459.7,0.0,28.5,24.4,0,24.6,35.7,963,5504,6864,8800,10951,11389,12146,8203,31137,1772
1782841075,2AC,45881972.0,43965652.0,3510541.2,3220501.2,501966.3,465409.6,194858.2,263612.7,103448.0,0.0,28.5,24.4,0,24.6,35.8,963,5505,6866,8803,10949,11390,12146,8201,31137,1772
1782841376,2AC,45773776.0,44173412.0,3498837.0,3215923.0,502120.0,463811.3,195122.3,263511.7,103435.7,0.0,28.5,24.4,0,24.6,35.8,963,5503,6865,8801,10947,11386,12143,8200,31131,1771
1782841674,2AC,45767696.0,43868420.0,3500182.0,3213819.2,501182.6,462642.2,194623.4,263774.0,103423.2,0.0,28.5,24.4,0,24.6,35.8,963,5503,6863,8801,10949,11388,12144,8201,31130,1772
1782841975,2AC,45778316.0,43919744.0,3499971.0,3212711.8,500438.8,463541.3,195214.8,263696.8,103410.5,0.0,28.4,24.4,0,24.6,35.8,962,5503,6865,8801,10948,11390,12144,8201,31142,1773
1782842276,2AC,45659604.0,43753844.0,3497775.8,3202387.8,500683.2,462656.0,194651.5,264069.3,103397.4,0.0,28.5,24.4,0,24.6,35.8,963,5506,6865,8802,10951,11390,12146,8202,31140,1773
1782842574,2AC,45629820.0,43778612.0,3495855.0,3205670.2,500152.4,463667.7,194820.2,263332.6,103384.3,0.0,28.5,24.4,0,24.6,35.8,962,5501,6862,8797,10944,11382,12138,8198,31122,1773
1782842875,2AC,45615988.0,43787780.0,3486491.8,3203728.0,500989.7,462745.1,194921.9,263283.0,103372.9,0.0,28.5,24.4,0,24.6,35.8,963,5504,6865,8802,10950,11390,12145,8203,31138,1774
1782843173,2AC,45607212.0,43788076.0,3489600.0,3211211.8,500661.1,462886.8,194623.1,263505.6,103361.8,0.0,28.5,24.5,0,24.6,35.8,962,5501,6862,8798,10946,11384,12138,8198,31122,1771
1782843474,2AC,45535564.0,43650196.0,3505557.0,3204095.0,500859.7,462366.0,194617.5,263492.4,103350.9,0.0,28.5,24.5,0,24.6,35.9,962,5501,6861,8795,10944,11381,12138,8197,31119,1771
1782843775,2AC,45475948.0,43759676.0,3490532.2,3197308.0,500427.9,462459.4,194727.0,262952.4,103341.2,0.0,28.5,24.5,0,24.6,35.9,963,5503,6864,8800,10951,11389,12145,8202,31137,1772
1782844073,2AC,45423540.0,43539316.0,3478795.2,3198838.8,500009.7,462014.3,194379.0,262884.8,103330.1,0.0,28.5,24.5,0,24.6,35.9,962,5503,6864,8799,10947,11386,12141,8200,31126,1771
1782844374,2AC,45466404.0,43634320.0,3483883.8,3198076.0,499605.1,461714.1,194642.2,263167.9,103318.6,0.0,28.5,24.5,0,24.6,35.9,963,5504,6865,8802,10949,11386,12143,8200,31129,1772
1782844675,2AC,45402700.0,43607960.0,3483518.2,3195914.0,501131.2,462304.9,194709.7,262501.6,103306.8,0.0,28.5,24.5,0,24.6,35.9,963,5503,6864,8801,10949,11387,12143,8201,31129,1774
1782844973,2AC,45280148.0,43641932.0,3469473.0,3189458.0,498950.5,461154.6,194189.5,262742.2,103295.5,0.0,28.5,24.5,0,24.6,35.9,962,5502,6863,8798,10949,11386,12144,8201,31131,1774
1782845275,2AC,45275756.0,43467056.0,3476172.0,3191967.0,499672.5,462137.8,194060.3,262970.2,103284.3,0.0,28.5,24.5,0,24.6,35.9,962,5503,6864,8799,10949,11386,12141,8200,31136,1771
1782845576,2AC,45303724.0,43513020.0,3470316.8,3187157.2,498889.5,461909.8,194376.4,262501.2,103274.0,0.0,28.5,24.5,0,24.6,35.9,963,5502,6863,8798,10946,11385,12140,8198,31128,1772
1782845874,2AC,45288624.0,43445036.0,3478039.0,3187064.0,499106.8,462140.1,194181.3,262892.1,103262.9,0.0,28.5,24.5,0,24.6,36.0,963,5505,6865,8802,10950,11390,12145,8202,31137,1772
1782846175,2AC,45252004.0,43300228.0,3474795.8,3185593.2,499365.1,461405.3,194332.5,262725.3,103252.8,0.0,28.5,24.5,0,24.6,36.0,963,5502,6863,8800,10947,11386,12142,8200,31133,1772
1782846475,2AC,45160012.0,43322572.0,3463419.0,3179235.8,498577.6,460817.0,194251.5,262104.5,103242.9,0.0,28.5,24.6,0,24.6,36.0,963,5501,6862,8798,10947,11386,12141,8200,31127,1774
1782846774,2AC,45082384.0,43333500.0,3470076.8,3187651.2,498646.9,460760.2,193878.4,262263.5,103233.3,0.0,28.5,24.6,0,24.6,36.0,963,5502,6865,8800,10948,11388,12145,8201,31132,1772
1782847075,2AC,45090356.0,43105232.0,3463647.2,3176512.8,498236.8,459959.8,193848.6,262171.5,103222.8,0.0,28.5,24.6,0,24.6,36.0,962,5501,6864,8798,10944,11385,12142,8199,31123,1771
1782847376,2AC,45139408.0,43278608.0,3465652.2,3176897.0,497815.8,460721.5,193799.4,262174.5,103212.2,0.0,28.5,24.6,0,24.6,36.0,962,5502,6865,8799,10947,11387,12143,8200,31134,1773
1782847674,2AC,45147716.0,43364220.0,3459874.2,3179667.0,497966.3,460159.5,193851.8,262115.4,103202.3,0.0,28.5,24.6,0,24.6,36.0,963,5502,6863,8798,10945,11384,12139,8198,31124,1773
1782847975,2AC,45218060.0,43158112.0,3451391.0,3178767.0,497065.3,460192.9,194121.2,261865.8,103192.5,0.0,28.5,24.6,0,24.6,36.0,962,5502,6864,8800,10946,11386,12144,8199,31130,1774
1782848276,2AC,44953776.0,43098788.0,3459240.8,3171817.0,497209.5,460933.2,193636.6,261967.2,103184.0,0.0,28.5,24.6,0,24.6,36.1,962,5503,6863,8799,10944,11382,12139,8197,31121,1773
1782848574,2AC,45053900.0,43138848.0,3450650.0,3174247.2,498227.0,459146.2,193728.1,261892.6,103174.7,0.0,28.5,24.6,0,24.6,36.1,962,5502,6864,8798,10947,11386,12142,8200,31133,1774
1782848875,2AC,45040868.0,43095284.0,3447350.2,3164582.8,497037.8,458794.4,193328.6,261763.7,103165.8,0.0,28.5,24.6,0,24.6,36.1,963,5501,6863,8798,10945,11386,12142,8201,31128,1774
1782849173,2AC,44904116.0,42961056.0,3452553.8,3163990.0,496666.4,459666.2,193554.0,261670.9,103156.3,0.0,28.5,24.6,0,24.6,36.1,962,5502,6864,8798,10948,11387,12144,8200,31134,1772
1782849474,2AC,45020684.0,43065260.0,3447060.0,3167235.2,496738.0,459258.7,193479.6,261487.0,103145.9,0.0,28.5,24.6,0,24.6,36.1,963,5504,6863,8799,10947,11387,12141,8200,31126,1772
1782849775,2AC,44787008.0,42861468.0,3446222.8,3163618.8,496368.5,458790.7,193477.8,261209.6,103136.4,0.0,28.5,24.7,0,24.6,36.1,963,5504,6866,8801,10949,11388,12144,8202,31136,1774
1782850074,2AC,44918644.0,42771572.0,3437156.0,3160237.2,495834.6,459320.6,193128.3,261703.2,103126.2,0.0,28.5,24.6,0,24.6,36.1,962,5501,6862,8796,10944,11385,12140,8199,31126,1771
1782850375,2AC,44635232.0,42725276.0,3433536.0,3151327.2,495217.2,457955.8,192827.8,261435.0,103116.1,0.0,28.5,24.7,0,24.6,36.1,962,5504,6865,8798,10948,11387,12143,8199,31134,1772
1782850676,2AC,44920404.0,42956096.0,3442334.0,3155296.2,495723.0,458655.5,193231.4,261025.7,103106.3,0.0,28.5,24.7,0,24.6,36.1,962,5502,6863,8797,10944,11383,12138,8197,31123,1772
1782850974,2AC,44782944.0,42864320.0,3445986.8,3158321.2,496312.8,458658.0,193034.6,260851.9,103096.7,0.0,28.5,24.7,0,24.6,36.2,962,5501,6862,8798,10944,11381,12139,8197,31119,1772
1782851275,2AC,44595708.0,42848144.0,3434316.0,3152073.2,495501.4,458472.5,193083.1,261047.5,103087.6,0.0,28.5,24.7,0,24.6,36.2,963,5502,6864,8798,10946,11385,12141,8199,31127,1773
1782851576,2AC,44672576.0,42706736.0,3428221.2,3152428.0,495351.6,457600.3,193006.9,261508.6,103077.9,0.0,28.5,24.7,0,24.6,36.2,963,5501,6862,8796,10945,11383,12139,8198,31121,1773
1782851874,2AC,44610240.0,42553024.0,3434600.0,3150903.2,494986.3,457784.7,192456.5,261341.1,103067.8,0.0,28.5,24.7,0,24.6,36.2,962,5501,6863,8798,10947,11385,12142,8199,31129,1774
1782852175,2AC,44553648.0,42756428.0,3433659.8,3148482.0,495408.8,457854.0,192993.4,260797.2,103057.7,0.0,28.5,24.7,0,24.6,36.2,963,5503,6863,8799,10945,11386,12141,8200,31126,1771
1782852473,2AC,44628672.0,42585468.0,3432715.0,3147926.8,494801.7,457543.2,192965.6,261201.5,103047.4,0.0,28.5,24.7,0,24.6,36.2,962,5502,6864,8799,10948,11387,12141,8198,31128,1772
1782852774,2AC,44627380.0,42604196.0,3433619.2,3147810.8,494786.9,457699.3,193007.6,261313.1,103036.1,0.0,28.5,24.8,0,24.6,36.2,962,5502,6862,8798,10945,11385,12139,8198,31125,1772
1782853075,2AC,44469952.0,42608636.0,3423359.8,3150967.0,494604.1,456973.6,192819.2,260209.2,103026.0,0.0,28.5,24.7,0,24.6,36.2,963,5501,6862,8797,10945,11383,12140,8197,31126,1772
1782853373,2AC,44569444.0,42641984.0,3428508.2,3151417.2,494701.1,457246.9,192709.4,260918.2,103016.4,0.0,28.5,24.8,0,24.6,36.2,963,5501,6862,8797,10946,11383,12139,8198,31124,1772
1782853674,2AC,44558908.0,42538976.0,3430007.0,3145458.8,494802.1,457590.1,192790.1,260219.5,103006.2,0.0,28.5,24.7,0,24.6,36.3,962,5503,6864,8798,10946,11384,12141,8200,31129,1772
1782853975,2AC,44353616.0,42599508.0,3420259.8,3151211.2,494164.6,457437.4,193003.5,260417.5,102996.3,0.0,28.5,24.8,0,24.6,36.2,962,5502,6863,8798,10944,11385,12141,8199,31127,1772
1782854273,2AC,44472608.0,42505540.0,3429416.2,3149942.2,494133.4,457301.5,192754.0,260624.3,102986.6,0.0,28.5,24.8,0,24.6,36.3,962,5504,6865,8800,10948,11389,12143,8202,31135,1774
1782854574,2AC,44485764.0,42572028.0,3420407.8,3146656.2,494308.8,457496.6,192808.2,260163.3,102977.5,0.0,28.5,24.8,0,24.6,36.3,963,5504,6863,8800,10945,11386,12142,8199,31128,1772
1782854875,2AC,44462400.0,42493056.0,3424836.2,3146948.0,494621.6,457157.2,192445.2,260403.8,102969.7,0.0,28.5,24.8,0,24.6,36.3,963,5503,6863,8799,10948,11387,12143,8200,31131,1772
1782855173,2AC,44360788.0,42398700.0,3426687.2,3147542.0,494148.9,456324.7,192961.2,260428.8,102962.1,0.0,28.5,24.8,0,24.6,36.3,963,5503,6864,8801,10946,11385,12143,8199,31130,1772
1782855474,2AC,44407048.0,42336788.0,3418694.8,3137467.2,493004.2,456248.4,192660.3,260232.7,102955.2,0.0,28.5,24.8,0,24.6,36.3,962,5502,6863,8798,10946,11385,12142,8198,31124,1772
1782855775,2AC,44202592.0,42396708.0,3408922.0,3137549.8,493861.3,456778.0,192359.4,259856.4,102948.4,0.0,28.5,24.8,0,24.6,36.3,963,5502,6863,8797,10946,11385,12141,8199,31128,1772
1782856073,2AC,44260480.0,42313884.0,3414991.0,3139314.8,493353.9,456288.9,192468.1,260643.0,102939.8,0.0,28.5,24.8,0,24.6,36.3,963,5501,6863,8797,10945,11384,12140,8198,31122,1772
1782856374,2AC,44197484.0,42309780.0,3406779.2,3132192.0,493219.5,455789.3,192342.4,259976.9,102931.5,0.0,28.5,24.8,0,24.7,36.4,963,5503,6864,8799,10946,11386,12142,8200,31129,1772
1782856675,2AC,44168300.0,42215888.0,3417915.8,3129852.0,492971.3,456624.5,192327.6,259661.3,102921.8,0.0,28.5,24.8,0,24.7,36.4,963,5503,6864,8799,10944,11384,12139,8198,31120,1771
1782856973,2AC,43975984.0,42221572.0,3416868.2,3132805.0,492978.1,456368.0,191940.1,260060.3,102912.4,0.0,28.5,24.8,0,24.7,36.4,962,5502,6863,8797,10943,11383,12138,8198,31120,1771
1782857274,2AC,44049292.0,42231780.0,3408437.8,3124330.0,492210.5,456341.3,192242.6,260169.9,102902.0,0.0,28.5,24.9,0,24.7,36.4,962,5501,6862,8796,10942,11383,12137,8196,31117,1771
1782857575,2AC,44175744.0,42169924.0,3408567.0,3130196.8,492617.8,455752.4,192138.4,259833.3,102892.2,0.0,28.5,24.9,0,24.7,36.4,963,5504,6866,8801,10948,11388,12143,8200,31131,1772
1782857873,2AC,44202320.0,42249024.0,3404274.0,3132483.2,492631.7,454969.5,191948.5,259785.1,102883.2,0.0,28.5,24.9,0,24.7,36.4,962,5504,6863,8799,10947,11387,12143,8201,31131,1774
1782858174,2AC,44064188.0,42067488.0,3405067.8,3127621.0,492091.8,455573.5,192173.5,259807.2,102874.1,0.0,28.5,24.9,0,24.7,36.4,962,5502,6864,8798,10945,11385,12139,8199,31126,1774
1782858476,2AC,44052512.0,42205204.0,3405998.0,3124192.2,492700.2,455115.8,192063.1,259354.7,102865.7,0.0,28.5,24.9,0,24.7,36.4,962,5503,6864,8799,10945,11386,12140,8198,31123,1772
1782858774,2AC,44067996.0,42189924.0,3409619.2,3127861.8,492161.6,455215.5,192124.4,259389.5,102858.4,0.0,28.5,24.9,0,24.7,36.4,962,5502,6863,8797,10947,11386,12142,8199,31128,1774
1782859075,2AC,43928960.0,42046192.0,3404998.2,3124145.8,491739.0,455556.4,191670.6,259476.0,102849.4,0.0,28.5,24.9,0,24.7,36.4,962,5501,6863,8797,10944,11385,12140,8197,31125,1771
1782859373,2AC,43801760.0,42104508.0,3395564.8,3124008.0,492484.5,455600.5,192074.4,259756.5,102840.8,0.0,28.5,24.9,0,24.7,36.5,963,5502,6863,8798,10945,11384,12141,8198,31130,1772
1782859674,2AC,43955292.0,42012556.0,3408003.2,3124489.8,492095.7,456045.2,191709.4,259369.4,102831.5,0.0,28.5,25.0,0,24.7,36.4,963,5503,6865,8799,10946,11386,12140,8198,31126,1771
1782859975,2AC,43908804.0,42012596.0,3393346.2,3119769.2,491536.7,455312.6,192138.8,259279.4,102822.8,0.0,28.5,24.9,0,24.7,36.5,963,5505,6865,8801,10948,11388,12142,8200,31128,1772
1782860273,2AC,43885876.0,42098492.0,3401265.0,3126121.0,491797.0,454830.5,191667.0,259720.0,102813.9,0.0,28.5,25.0,0,24.7,36.5,963,5503,6865,8800,10948,11388,12143,8201,31134,1773
1782860574,2AC,43887276.0,42097940.0,3403007.8,3125569.2,492884.3,456512.0,191815.0,259467.6,102803.9,0.0,28.5,25.0,0,24.7,36.5,963,5505,6868,8803,10953,11390,12148,8200,31139,1774
1782860876,2AC,43823748.0,42076048.0,3404525.2,3115487.0,491547.1,454641.4,191813.2,259059.3,102795.3,0.0,28.5,24.9,0,24.6,36.5,963,5504,6866,8803,10949,11390,12143,8201,31132,1772
1782861174,2AC,43919428.0,42036980.0,3396864.2,3118357.0,491935.6,455282.0,191883.1,258814.9,102786.5,0.0,28.5,25.0,0,24.6,36.5,962,5503,6866,8800,10948,11387,12145,8199,31132,1772
1782861475,2AC,43912852.0,41923684.0,3402107.2,3113917.8,492158.2,454495.1,191789.6,259172.5,102777.0,0.0,28.5,25.0,0,24.7,36.5,963,5503,6863,8798,10945,11386,12141,8198,31126,1772
1782861776,2AC,43800512.0,41995020.0,3397454.0,3118464.2,491832.5,454901.0,192049.9,259374.3,102768.9,0.0,28.5,25.0,0,24.6,36.5,963,5502,6863,8797,10946,11384,12141,8198,31127,1771
1782862074,2AC,43745740.0,42005556.0,3391522.8,3124646.8,492361.0,455415.8,191746.1,259098.2,102760.0,0.0,28.5,25.0,0,24.7,36.5,962,5503,6864,8800,10948,11386,12141,8200,31131,1772
1782862375,2AC,43778628.0,41945844.0,3400116.8,3118665.0,491793.5,454166.0,192381.2,259299.9,102751.6,0.0,28.5,25.0,0,24.6,36.5,963,5504,6865,8800,10950,11388,12145,8202,31137,1772
1782862675,2AC,43862700.0,42098096.0,3396697.2,3126538.0,491560.8,455347.6,191830.9,259549.4,102742.9,0.0,28.5,25.0,0,24.6,36.5,963,5502,6864,8799,10946,11385,12142,8200,31131,1774
1782862973,2AC,43742256.0,41964012.0,3386462.2,3115909.2,491291.5,454590.8,191620.3,259277.5,102735.5,0.0,28.5,25.0,0,24.6,36.6,963,5503,6865,8802,10949,11388,12143,8201,31133,1773
1782863274,2AC,43786304.0,41919904.0,3406801.8,3114062.8,492491.9,454870.5,191645.0,259339.6,102726.8,0.0,28.5,25.0,0,24.6,36.6,963,5506,6867,8803,10951,11390,12145,8202,31140,1772
1782863575,2AC,43807636.0,41901184.0,3392795.2,3118026.8,492113.2,455186.7,191877.4,259061.1,102718.3,0.0,28.5,25.1,0,24.6,36.6,963,5505,6866,8802,10951,11390,12146,8202,31140,1772
1782863873,2AC,43713644.0,41909540.0,3393704.0,3114950.2,491752.7,455544.5,191944.5,259440.5,102709.8,0.0,28.5,25.0,0,24.6,36.6,962,5503,6863,8799,10948,11387,12145,8200,31135,1772
1782864174,2AC,43735340.0,41829804.0,3394549.8,3113941.0,491243.6,454109.2,191577.4,259108.8,102702.1,0.0,28.5,25.0,0,24.6,36.6,963,5504,6865,8802,10946,11387,12143,8199,31130,1772
1782864475,2AC,43643148.0,41821044.0,3391750.2,3113770.0,491934.9,454572.7,191596.7,259027.8,102701.2,0.0,28.5,25.1,0,24.6,36.6,963,5504,6866,8801,10949,11386,12142,8200,31129,1772
1782864773,2AC,43609988.0,41894508.0,3376762.2,3108435.2,491807.7,454209.9,191700.4,258819.1,102702.0,0.0,28.5,25.1,0,24.7,36.6,962,5503,6865,8799,10946,11387,12141,8199,31128,1772
1782865074,2AC,43636156.0,41775308.0,3383893.0,3107433.8,491921.6,453489.0,191655.0,258998.3,102703.2,0.0,28.5,25.1,0,24.7,36.6,962,5502,6865,8800,10948,11387,12143,8200,31133,1772
1782865375,2AC,43605320.0,41783964.0,3380261.2,3112877.8,490491.3,454498.2,191328.2,258793.0,102704.1,0.0,28.6,25.1,0,24.7,36.6,963,5505,6867,8802,10951,11391,12146,8202,31142,1774
1782865673,2AC,43523008.0,41595464.0,3378400.0,3108507.2,490037.8,453123.5,191099.3,258573.7,102705.1,0.0,28.6,25.1,0,24.7,36.7,963,5505,6865,8802,10951,11390,12147,8201,31141,1774
1782865974,2AC,43226384.0,41611232.0,3376191.0,3092849.0,489308.8,452089.3,190942.9,258162.4,102706.9,0.0,28.6,25.1,0,24.7,36.7,962,5503,6866,8799,10948,11385,12142,8199,31128,1774
1782866275,2AC,43238028.0,41549772.0,3368896.8,3090730.2,488755.0,453003.2,190657.3,257833.7,102708.7,0.0,28.6,25.1,0,24.8,36.6,963,5504,6866,8799,10948,11388,12142,8201,31137,1774
1782866574,2AC,43249244.0,41474980.0,3360846.2,3087455.0,489403.9,452537.4,190496.8,257738.7,102710.2,0.0,28.7,25.1,0,24.8,36.7,963,5505,6868,8803,10948,11390,12146,8202,31141,1772
1782866875,2AC,43159392.0,41317444.0,3356670.0,3083600.2,488427.8,450979.7,190217.2,257127.2,102712.5,0.0,28.7,25.1,0,24.8,36.7,963,5503,6866,8799,10946,11384,12140,8198,31129,1771
1782867176,2AC,43043548.0,41211532.0,3341040.0,3078834.2,488545.0,451039.8,189853.7,256987.2,102714.8,0.0,28.7,25.1,0,24.8,36.7,963,5503,6867,8799,10944,11384,12139,8198,31126,1771
1782867474,2AC,42989388.0,41179276.0,3337497.8,3069921.2,487711.7,449640.2,189711.2,256406.2,102716.6,0.0,28.7,25.1,0,24.9,36.7,963,5503,6866,8798,10946,11386,12140,8199,31131,1771
1782867775,2AC,42935284.0,41123052.0,3335093.8,3069117.0,485834.5,450514.0,189673.4,256441.6,102718.8,0.0,28.7,25.1,0,24.9,36.7,963,5504,6867,8798,10947,11389,12142,8200,31137,1773
1782868073,2AC,42749260.0,40901132.0,3321420.2,3057254.0,485437.0,450050.8,188902.1,256498.6,102720.7,0.0,28.8,25.1,0,24.9,36.7,963,5505,6868,8799,10946,11387,12141,8199,31134,1771
1782868374,2AC,42616540.0,40909612.0,3315266.0,3050584.2,484666.8,448674.5,189141.8,255723.5,102722.4,0.0,28.8,25.1,0,24.9,36.8,963,5504,6869,8798,10946,11385,12141,8200,31133,1771
1782868675,2AC,42465588.0,40817812.0,3317092.2,3045013.8,483245.6,446995.0,189007.7,256201.0,102723.8,0.0,28.8,25.1,0,25.0,36.7,963,5505,6869,8799,10944,11385,12142,8198,31128,1771
1782868973,2AC,42485664.0,40710796.0,3311585.2,3038777.8,483773.1,447062.4,188777.6,255403.2,102724.8,0.0,28.9,25.1,0,25.0,36.7,963,5504,6867,8798,10942,11385,12138,8198,31124,1770
1782869274,2AC,42283236.0,40619344.0,3301952.2,3038112.8,483114.4,448706.5,188280.2,254932.8,102715.7,0.0,28.9,25.1,0,25.0,36.7,963,5505,6869,8800,10945,11387,12142,8199,31138,1771
1782869575,2AC,42223148.0,40514656.0,3297558.0,3028734.0,483205.7,447957.5,188375.1,254952.0,102705.6,0.0,28.9,25.1,0,25.0,36.7,963,5504,6868,8799,10942,11383,12139,8198,31129,1772
1782869876,2AC,42278880.0,40540316.0,3289534.8,3029661.0,482460.8,447056.3,188631.0,254929.8,102694.4,0.0,28.9,25.1,0,25.0,36.8,963,5505,6869,8798,10945,11386,12141,8198,31134,1771
1782870174,2AC,42152236.0,40625580.0,3298235.2,3033764.0,482814.3,446237.9,188515.5,254916.3,102683.1,0.0,28.9,25.2,0,25.0,36.8,963,5504,6868,8798,10946,11386,12143,8199,31132,1771
1782870475,2AC,42215724.0,40603028.0,3293042.0,3034011.0,483087.0,447545.9,188293.4,254642.3,102670.6,0.0,28.9,25.2,0,25.0,36.8,963,5505,6870,8800,10948,11388,12143,8202,31140,1773
1782870776,2AC,42263664.0,40540200.0,3302675.8,3037020.2,482801.4,447475.4,188469.7,254851.7,102659.0,0.0,28.9,25.2,0,25.0,36.8,963,5504,6868,8797,10946,11385,12141,8199,31131,1772
1782871074,2AC,42140640.0,40530396.0,3297973.8,3040522.8,482307.0,447133.3,188088.5,255476.3,102646.7,0.0,28.8,25.2,0,25.0,36.8,963,5504,6866,8798,10947,11386,12141,8199,31134,1773
1782871375,2AC,42189712.0,40578772.0,3295188.2,3041091.0,483366.1,446678.9,188476.9,255097.0,102634.8,0.0,28.8,25.2,0,25.0,36.8,963,5505,6869,8801,10948,11388,12143,8200,31139,1774
1782871673,2AC,42049520.0,40487004.0,3297894.0,3030481.0,483899.2,446676.2,189166.1,255110.4,102622.9,0.0,28.8,25.2,0,24.9,36.8,963,5506,6869,8800,10948,11390,12144,8201,31144,1771
1782871974,2AC,42205788.0,40520620.0,3300982.8,3039369.2,482244.9,447829.6,188431.9,255619.9,102610.5,0.0,28.8,25.2,0,24.9,36.9,963,5503,6869,8799,10947,11387,12143,8199,31134,1772
1782872275,2AC,42224724.0,40589292.0,3303913.0,3035592.2,482317.7,448173.5,188709.6,255404.4,102598.6,0.0,28.8,25.2,0,24.9,36.8,963,5504,6868,8800,10948,11386,12142,8200,31133,1771
1782872573,2AC,42329440.0,40582876.0,3302854.2,3041486.0,483581.2,448081.2,188965.0,255469.3,102586.1,0.0,28.8,25.2,0,24.9,36.9,963,5505,6867,8798,10947,11387,12141,8200,31137,1772
1782872874,2AC,42225372.0,40571404.0,3303197.0,3039547.0,483146.0,446949.4,188659.5,255527.8,102573.9,0.0,28.8,25.3,0,24.9,36.9,963,5505,6869,8800,10946,11386,12143,8200,31133,1771
1782873175,2AC,42235256.0,40667968.0,3315565.8,3047644.0,482967.0,447435.8,188843.2,255520.0,102562.0,0.0,28.7,25.3,0,24.9,36.9,963,5505,6869,8801,10948,11387,12144,8200,31135,1772
1782873473,2AC,42432452.0,40640700.0,3301060.2,3049230.0,483440.0,448433.3,188666.5,255731.9,102550.7,0.0,28.7,25.3,0,24.9,36.9,963,5504,6866,8799,10946,11387,12145,8201,31136,1772
1782873774,2AC,42494604.0,40684544.0,3308891.8,3055224.0,484784.2,448537.0,189135.1,255617.0,102541.1,0.0,28.7,25.3,0,24.8,36.9,963,5504,6867,8800,10949,11386,12143,8199,31136,1772
1782874075,2AC,42450736.0,40684048.0,3310496.2,3051431.2,484940.8,447754.2,189071.8,255905.7,102530.6,0.0,28.7,25.3,0,24.9,36.9,962,5503,6866,8797,10945,11384,12139,8198,31126,1771
1782874373,2AC,42459324.0,40682164.0,3316194.0,3055587.8,485163.2,449508.7,189525.5,255887.8,102520.4,0.0,28.7,25.3,0,24.8,36.9,963,5504,6866,8799,10947,11387,12142,8200,31134,1771
1782874674,2AC,42299864.0,40718368.0,3312183.2,3055247.8,485705.9,450124.1,189280.8,255776.7,102510.1,0.0,28.7,25.3,0,24.8,36.9,962,5502,6865,8797,10944,11385,12140,8197,31127,1772
1782874975,2AC,42540436.0,40766412.0,3319789.2,3060791.0,485976.3,449979.6,189238.3,256104.5,102499.9,0.0,28.7,25.3,0,24.8,36.9,962,5502,6865,8798,10942,11383,12138,8197,31119,1770
1782875273,2AC,42418708.0,40770708.0,3322335.2,3061201.0,485474.8,449085.6,189587.1,256662.3,102489.8,0.0,28.7,25.3,0,24.8,36.9,963,5503,6866,8800,10947,11386,12141,8200,31130,1771
1782875574,2AC,42414024.0,40802544.0,3320221.2,3061177.8,485006.4,449189.0,189545.4,256118.1,102479.5,0.0,28.6,25.3,0,24.8,37.0,962,5504,6866,8800,10947,11388,12144,8200,31133,1772
1782875875,2AC,42522096.0,40836224.0,3327887.2,3066758.0,485869.6,449781.4,189235.2,256274.5,102469.7,0.0,28.6,25.3,0,24.8,36.9,963,5504,6866,8799,10945,11386,12140,8198,31127,1771
1782876173,2AC,42465196.0,40817812.0,3324330.0,3065508.8,485934.0,449420.8,189555.0,256154.3,102460.5,0.0,28.6,25.3,0,24.8,37.0,962,5502,6863,8797,10941,11381,12137,8197,31121,1771
1782876474,2AC,42432460.0,40774260.0,3326943.8,3060618.8,486582.6,450091.7,189711.7,256444.3,102451.3,0.0,28.6,25.4,0,24.8,37.0,963,5504,6866,8800,10947,11388,12144,8200,31139,1771
1782876775,2AC,42373216.0,40828100.0,3329951.0,3069704.8,486133.6,450323.0,189799.8,256469.6,102442.3,0.0,28.6,25.3,0,24.8,37.0,962,5501,6863,8796,10946,11385,12140,8199,31124,1771
1782877073,2AC,42549260.0,40836996.0,3329314.0,3069630.8,486462.8,450498.6,190027.9,256718.0,102434.1,0.0,28.6,25.3,0,24.8,37.0,963,5503,6865,8798,10946,11386,12139,8198,31123,1771
1782877374,2AC,42645084.0,40929792.0,3344869.0,3069370.2,487424.5,450285.4,189967.8,256360.4,102427.4,0.0,28.6,25.4,0,24.7,37.0,963,5504,6865,8800,10946,11386,12141,8199,31131,1772
1782877675,2AC,42610428.0,40965760.0,3331332.8,3071004.0,486260.2,450636.8,190010.2,256750.0,102421.1,0.0,28.6,25.4,0,24.7,37.0,963,5504,6866,8799,10948,11387,12142,8199,31135,1772
1782877973,2AC,42576060.0,40968308.0,3340749.2,3069681.2,486949.1,449829.8,190064.6,256750.0,102413.6,0.0,28.6,25.4,0,24.7,37.0,963,5502,6864,8796,10946,11383,12140,8196,31125,1771
1782878274,2AC,42747520.0,40987580.0,3342938.0,3072409.0,487438.2,450862.5,189905.7,256946.2,102406.3,0.0,28.6,25.4,0,24.7,37.0,962,5503,6864,8796,10946,11383,12140,8198,31121,1772
1782878575,2AC,42707236.0,40986692.0,3339415.8,3073234.2,487428.9,451911.3,190200.1,256801.9,102398.4,0.0,28.6,25.4,0,24.7,37.1,963,5503,6864,8798,10945,11383,12138,8198,31118,1773
1782878873,2AC,42723292.0,41011276.0,3340616.0,3075150.8,487048.1,451045.5,190106.5,257074.3,102386.6,0.0,28.6,25.4,0,24.7,37.1,962,5502,6864,8798,10946,11384,12140,8197,31124,1771
1782879174,2AC,42679648.0,40940580.0,3333321.8,3072648.0,488732.7,451554.8,190175.7,256422.0,102374.5,0.0,28.6,25.4,0,24.7,37.1,962,5501,6863,8797,10944,11383,12141,8198,31127,1773
1782879475,2AC,42586004.0,41044496.0,3347958.0,3076892.0,488891.2,451624.8,190088.4,256868.8,102361.4,0.0,28.5,25.4,0,24.7,37.0,962,5502,6864,8797,10947,11385,12140,8198,31126,1773
1782879773,2AC,42834996.0,41097032.0,3343708.2,3082396.8,488298.3,451898.0,190386.5,257097.7,102349.5,0.0,28.5,25.4,0,24.7,37.1,963,5503,6865,8801,10949,11387,12143,8201,31131,1771
1782880074,2AC,42706852.0,41083036.0,3351029.2,3081464.0,489132.9,452064.0,190577.0,257188.5,102336.2,0.0,28.5,25.4,0,24.6,37.1,963,5503,6864,8800,10948,11386,12142,8199,31133,1774
1782880376,2AC,42744052.0,41077904.0,3366090.8,3084398.8,489613.7,452164.1,190502.4,257431.1,102325.2,0.0,28.5,25.4,0,24.6,37.1,962,5500,6860,8795,10942,11382,12136,8196,31113,1771
1782880674,2AC,42958980.0,41249228.0,3359156.0,3094273.0,489394.0,452635.0,190553.0,257856.5,102313.9,0.0,28.5,25.4,0,24.6,37.1,962,5501,6861,8797,10943,11383,12137,8197,31114,1773
1782880975,2AC,42981068.0,41246512.0,3354921.2,3093879.0,490802.9,452337.2,191098.9,257771.1,102300.9,0.0,28.5,25.4,0,24.6,37.1,963,5502,6863,8798,10945,11384,12141,8198,31123,1771
1782881273,2AC,42881684.0,41175180.0,3365251.0,3091338.8,492182.8,452959.1,191178.4,258089.8,102289.4,0.0,28.4,25.5,0,24.6,37.1,962,5502,6862,8798,10947,11385,12140,8198,31127,1772
1782881575,2AC,43081492.0,41267840.0,3369728.8,3101086.8,492079.5,454036.7,191176.9,258370.5,102276.6,0.0,28.4,25.4,0,24.5,37.1,962,5500,6860,8797,10946,11385,12142,8198,31122,1772
1782881876,2AC,43109660.0,41346592.0,3364261.2,3105581.0,491056.2,454368.9,191120.7,258478.1,102263.2,0.0,28.4,25.4,0,24.5,37.1,962,5501,6861,8797,10946,11383,12138,8198,31121,1773
1782882174,2AC,43065168.0,41324428.0,3367851.2,3104195.2,491216.0,454750.6,191401.0,258666.1,102250.2,0.0,28.4,25.5,0,24.5,37.1,962,5501,6860,8798,10944,11384,12138,8197,31117,1771
1782882475,2AC,43327644.0,41516064.0,3381947.0,3111365.0,492578.5,455953.6,191754.5,259042.3,102237.1,0.0,28.3,25.5,0,24.5,37.1,962,5501,6860,8799,10944,11383,12138,8197,31121,1773
1782882774,2AC,43222316.0,41529500.0,3393986.0,3118607.0,493100.0,455913.1,191717.0,258900.6,102224.5,0.0,28.3,25.5,0,24.5,37.1,962,5500,6860,8797,10944,11381,12138,8196,31114,1771
1782883075,2AC,43256528.0,41600364.0,3391465.8,3122049.8,493758.8,455902.9,191771.8,259423.2,102211.3,0.0,28.3,25.5,0,24.4,37.1,962,5499,6859,8798,10948,11383,12140,8199,31125,1772
1782883373,2AC,43310140.0,41604396.0,3392832.8,3125956.8,494946.0,456458.5,192086.2,259535.4,102199.2,0.0,28.3,25.5,0,24.4,37.2,963,5501,6860,8799,10949,11386,12142,8200,31126,1772
1782883674,2AC,43460348.0,41655920.0,3392823.0,3123533.0,494252.6,457466.8,192355.5,259649.0,102187.1,0.0,28.3,25.5,0,24.4,37.1,962,5500,6858,8797,10947,11384,12139,8198,31120,1772
1782883975,2AC,43521196.0,41615872.0,3395349.0,3125827.2,495510.2,457872.0,192395.6,259847.8,102175.1,0.0,28.2,25.5,0,24.4,37.1,962,5498,6857,8797,10945,11382,12139,8197,31113,1774
1782884274,2AC,43365888.0,41682272.0,3399704.0,3128393.8,494750.9,458202.6,192364.4,259998.8,102163.9,0.0,28.2,25.5,0,24.3,37.2,962,5499,6857,8798,10946,11383,12138,8198,31119,1772
1782884575,2AC,43697456.0,41841064.0,3409855.0,3145002.0,496438.3,458950.2,192646.7,260213.5,102153.1,0.0,28.2,25.5,0,24.3,37.2,963,5501,6861,8801,10949,11387,12142,8200,31131,1774
1782884873,2AC,43807264.0,41825164.0,3406651.8,3134753.0,496755.5,458902.1,192676.9,260605.9,102143.0,0.0,28.2,25.5,0,24.3,37.2,962,5500,6858,8800,10946,11384,12139,8198,31115,1772
1782885475,2AC,90815424.0,87872360.0,6507557.5,6052857.5,826033.3,758853.4,267989.4,348517.4,105984.6,0.0,28.0,15.9,0,24.1,26.8,963,5503,6861,8808,10959,11395,12153,8206,31157,1776
1782885774,2AC,87037840.0,84499200.0,6213305.5,5770928.5,795805.9,730965.6,264190.2,343751.2,106021.0,0.0,28.0,17.6,0,24.1,28.2,962,5504,6861,8806,10957,11392,12148,8203,31149,1774
1782886075,2AC,83538304.0,80905784.0,5983844.5,5514564.0,770172.5,707662.6,260007.3,338790.8,106025.6,0.0,28.0,18.5,0,24.1,29.1,962,5502,6858,8802,10950,11386,12143,8199,31130,1775
1782886373,2AC,80624992.0,77930248.0,5753624.0,5304114.5,746910.8,690379.0,255610.6,332628.4,106016.4,0.0,28.0,19.1,0,24.1,29.7,962,5503,6859,8804,10953,11390,12146,8202,31136,1774
1782886674,2AC,78653224.0,76216128.0,5621376.0,5187646.0,734137.3,676729.8,253505.3,329633.2,105998.5,0.0,28.0,19.6,0,24.1,30.1,962,5498,6856,8800,10946,11383,12141,8198,31120,1772
1782886975,2AC,76989384.0,74528768.0,5510991.0,5083787.5,722245.0,667325.9,250465.1,327179.0,105976.5,0.0,28.0,19.8,0,24.1,30.5,962,5499,6857,8801,10948,11385,12141,8198,31125,1773
1782887273,2AC,75646048.0,73185480.0,5404668.0,5003561.5,715725.1,658889.4,248056.5,324438.2,105952.1,0.0,28.0,20.1,0,24.1,30.8,963,5500,6858,8803,10950,11385,12142,8198,31123,1773
1782887574,2AC,74481976.0,72142920.0,5337923.5,4948434.5,705371.6,652652.8,247238.8,323573.5,105926.0,0.0,28.0,20.4,0,24.1,31.1,962,5498,6854,8798,10947,11382,12139,8197,31119,1772
1782887875,2AC,73858944.0,71323136.0,5265524.5,4893769.5,700847.9,645435.2,245497.8,321241.4,105898.7,0.0,28.0,20.5,0,24.1,31.3,962,5499,6856,8800,10948,11384,12140,8198,31124,1775
1782888174,2AC,73243648.0,70525752.0,5223961.5,4849662.5,695472.8,642219.5,244987.6,319970.5,105870.2,0.0,27.9,20.7,0,24.1,31.4,962,5498,6853,8799,10945,11382,12138,8197,31110,1772
1782888475,2AC,72434392.0,69984904.0,5186178.5,4816604.5,691775.8,637385.2,242761.2,318704.7,105841.3,0.0,27.9,20.8,0,24.1,31.6,962,5500,6857,8800,10947,11383,12141,8199,31119,1773
1782888773,2AC,71931744.0,69283128.0,5154678.0,4773695.5,688992.8,634128.2,242139.4,317882.3,105812.1,0.0,27.9,20.9,0,24.0,31.7,962,5499,6857,8801,10952,11388,12143,8200,31131,1773
1782889074,2AC,71303144.0,68905000.0,5123356.0,4748318.5,684365.2,632783.2,241426.2,317002.8,105782.8,0.0,27.9,21.1,0,24.0,31.8,962,5499,6856,8804,10951,11387,12144,8199,31126,1775
1782889376,2AC,70692104.0,68385120.0,5081420.5,4714569.5,679479.5,627873.5,240797.2,315967.7,105753.2,0.0,27.9,21.1,0,24.0,31.9,962,5499,6855,8800,10949,11386,12140,8200,31127,1773
1782889674,2AC,70068360.0,67732936.0,5061998.5,4691524.0,677458.4,626205.4,240309.8,315741.1,105724.1,0.0,27.9,21.3,0,24.0,32.0,962,5499,6856,8802,10949,11385,12141,8198,31125,1773
1782889975,2AC,69909424.0,67520744.0,5043241.5,4664663.5,675591.2,622744.9,239762.1,314320.2,105695.1,0.0,27.9,21.3,0,24.0,32.1,962,5498,6854,8800,10946,11384,12138,8197,31113,1773
1782890276,2AC,69578664.0,67320008.0,5010718.5,4647877.5,672958.7,620980.6,238957.4,313693.1,105666.0,0.0,27.9,21.4,0,24.0,32.2,962,5499,6855,8802,10950,11387,12144,8200,31125,1774
1782890574,2AC,69214872.0,66833328.0,4995136.0,4629879.5,672139.1,618593.8,237868.7,313705.5,105636.5,0.0,27.9,21.4,0,24.0,32.3,962,5497,6853,8799,10946,11382,12137,8196,31109,1775
1782890875,2AC,68917632.0,66611732.0,4965979.5,4608573.5,669161.8,617024.4,237005.8,312687.8,105606.2,0.0,27.9,21.5,0,24.0,32.3,962,5500,6855,8802,10948,11386,12143,8199,31120,1773
1782891173,2AC,68678136.0,66065796.0,4962780.0,4592291.5,668086.9,614918.6,237466.5,312112.0,105577.8,0.0,27.8,21.6,0,24.0,32.4,962,5500,6855,8801,10949,11387,12140,8199,31121,1775
1782891474,2AC,68214040.0,66144116.0,4935117.5,4573526.5,665633.1,613145.3,236713.3,311253.4,105549.2,0.0,27.8,21.6,0,24.0,32.5,962,5497,6852,8798,10946,11383,12138,8197,31117,1774
1782891775,2AC,68061256.0,65500292.0,4912729.5,4552921.5,663424.2,610892.9,236286.9,310847.3,105521.1,0.0,27.8,21.7,0,23.9,32.5,961,5497,6852,8798,10945,11380,12137,8196,31115,1774
1782892074,2AC,67793240.0,65241804.0,4904488.0,4542400.0,662886.7,610417.5,235285.5,310607.2,105492.6,0.0,27.8,21.7,0,23.9,32.6,962,5498,6854,8800,10950,11385,12142,8198,31126,1773
1782892375,2AC,67552248.0,65299264.0,4886878.0,4533596.0,659621.4,609061.7,235470.1,310411.9,105464.2,0.0,27.8,21.8,0,23.9,32.7,962,5499,6854,8801,10946,11384,12141,8197,31120,1773
1782892676,2AC,67217032.0,64805988.0,4879460.5,4526977.5,659073.1,608515.5,234411.6,309926.5,105436.6,0.0,27.8,21.8,0,23.9,32.7,962,5499,6855,8801,10950,11385,12141,8200,31123,1774
1782892974,2AC,67043348.0,64741188.0,4859940.5,4505529.5,657141.7,605190.6,234626.3,309463.2,105409.4,0.0,27.8,21.9,0,23.9,32.8,962,5498,6853,8800,10948,11385,12140,8198,31128,1773
1782893275,2AC,66843868.0,64602720.0,4853362.5,4492366.0,656578.3,603525.3,234197.8,308572.4,105381.9,0.0,27.8,21.9,0,23.9,32.8,962,5499,6853,8802,10948,11384,12141,8198,31124,1774
1782893573,2AC,66628564.0,64092180.0,4830149.5,4480461.5,654270.2,602563.0,233381.0,308556.0,105354.6,0.0,27.8,22.0,0,23.9,32.9,962,5498,6853,8800,10950,11385,12140,8198,31117,1775
1782893874,2AC,66276060.0,64292928.0,4815865.5,4466706.5,653634.7,601498.7,233537.8,307624.8,105327.8,0.0,27.8,22.0,0,23.9,32.9,962,5499,6855,8802,10950,11387,12142,8200,31124,1776
1782894175,2AC,66073444.0,63767796.0,4801910.5,4456512.5,651882.4,602066.9,232766.2,307394.2,105300.8,0.0,27.8,22.0,0,23.9,33.0,962,5499,6854,8803,10953,11389,12144,8201,31129,1776
1782894474,2AC,65915108.0,63651648.0,4799395.5,4437538.0,650875.8,600156.6,233532.3,306712.4,105274.0,0.0,27.8,22.1,0,23.9,33.0,962,5499,6854,8804,10949,11385,12140,8199,31118,1772
1782894775,2AC,65842736.0,63472596.0,4778860.5,4429084.0,649774.6,598342.0,232397.4,306880.8,105247.7,0.0,27.7,22.1,0,23.9,33.0,962,5500,6855,8805,10951,11387,12145,8200,31126,1773
1782895076,2AC,65531356.0,63305948.0,4773893.5,4437405.5,648161.8,597617.3,231836.6,305980.0,105221.6,0.0,27.7,22.2,0,23.9,33.1,962,5499,6855,8804,10950,11385,12143,8200,31123,1773
1782895374,2AC,65410256.0,63002684.0,4763078.5,4422469.5,646797.3,595872.2,231997.2,305864.0,105195.7,0.0,27.7,22.2,0,23.8,33.1,962,5499,6854,8803,10951,11386,12142,8199,31124,1774
1782895675,2AC,65219676.0,62921376.0,4750119.5,4403749.5,646527.7,595946.3,231979.6,305789.9,105169.7,0.0,27.7,22.2,0,23.9,33.1,962,5498,6853,8802,10951,11384,12142,8199,31127,1774
1782895976,2AC,65191900.0,62894804.0,4734018.0,4380288.0,644846.1,595242.9,231611.0,305553.2,105143.6,0.0,27.7,22.3,0,23.8,33.2,962,5499,6853,8802,10950,11386,12143,8200,31122,1774
1782896274,2AC,64791164.0,62649356.0,4736540.5,4382050.5,643417.0,593830.8,231365.0,305212.7,105117.9,0.0,27.7,22.3,0,23.8,33.2,962,5499,6853,8802,10952,11388,12144,8201,31128,1774
1782896575,2AC,64756068.0,62461380.0,4715448.5,4367872.0,642901.9,593424.8,230902.3,304738.4,105092.9,0.0,27.7,22.3,0,23.8,33.3,962,5501,6855,8805,10956,11392,12148,8201,31136,1776
1782896873,2AC,64461812.0,62464624.0,4717354.5,4367985.5,641872.5,592137.8,231266.6,304434.6,105068.0,0.0,27.7,22.4,0,23.8,33.3,962,5498,6853,8800,10951,11385,12142,8199,31124,1776
1782897174,2AC,64464416.0,62335440.0,4707212.5,4361202.0,640179.4,590615.8,230265.2,303883.4,105043.2,0.0,27.7,22.4,0,23.8,33.3,962,5497,6852,8801,10949,11384,12140,8198,31118,1772
1782897475,2AC,64260700.0,61958992.0,4690080.0,4353475.5,640253.7,590128.1,230028.2,303739.8,105018.4,0.0,27.7,22.4,0,23.8,33.4,961,5497,6853,8801,10950,11384,12141,8199,31123,1773
1782897773,2AC,64216676.0,61888372.0,4680244.5,4339456.5,639962.8,588310.8,229962.5,303097.0,104994.1,0.0,27.7,22.5,0,23.8,33.4,961,5499,6853,8803,10953,11389,12145,8202,31133,1776
1782898075,2AC,64087308.0,61623044.0,4667336.0,4329109.5,638266.8,588436.4,229786.3,303671.6,104970.0,0.0,27.7,22.5,0,23.8,33.5,962,5498,6852,8802,10949,11384,12141,8198,31116,1773
1782898376,2AC,63903020.0,61566332.0,4677128.5,4327468.0,637480.9,587620.0,229930.3,302987.0,104946.0,0.0,27.7,22.5,0,23.8,33.4,961,5496,6851,8799,10950,11385,12141,8197,31117,1774
1782898674,2AC,63831884.0,61646540.0,4656881.5,4325157.5,637468.2,586858.0,228993.7,303205.2,104922.6,0.0,27.7,22.5,0,23.8,33.5,962,5498,6852,8802,10949,11387,12143,8199,31124,1774
1782898975,2AC,63621644.0,61547876.0,4655072.0,4306845.5,635055.5,585263.2,228287.2,303140.7,104899.5,0.0,27.7,22.6,0,23.8,33.5,962,5497,6852,8801,10949,11383,12142,8199,31123,1773
1782899276,2AC,63573088.0,61169168.0,4646863.5,4298058.0,634519.0,584628.8,228593.5,302262.7,104876.3,0.0,27.7,22.6,0,23.8,33.5,962,5499,6853,8802,10951,11389,12145,8200,31124,1774
1782899574,2AC,63265524.0,61118748.0,4631685.5,4288869.5,633929.8,584454.2,228338.5,302231.7,104853.0,0.0,27.7,22.6,0,23.8,33.6,962,5498,6854,8802,10951,11385,12143,8199,31119,1774
1782899875,2AC,63307676.0,60955952.0,4617326.0,4281750.5,633091.8,583101.8,228682.0,302167.9,104830.0,0.0,27.7,22.6,0,23.8,33.6,961,5497,6852,8800,10947,11383,12140,8196,31117,1774
1782900176,2AC,63237428.0,60938740.0,4618806.0,4276606.0,632481.1,582060.8,228544.8,301142.4,104807.0,0.0,27.7,22.7,0,23.8,33.6,962,5499,6852,8801,10951,11387,12143,8199,31127,1775
1782900474,2AC,62866300.0,60658836.0,4608248.0,4276520.0,631479.1,581617.8,228307.1,301154.8,104784.1,0.0,27.6,22.7,0,23.8,33.7,961,5495,6850,8798,10946,11381,12140,8195,31111,1774
1782900775,2AC,62944892.0,60739516.0,4607501.5,4261898.5,630277.8,579876.7,227397.9,301793.8,104762.2,0.0,27.7,22.7,0,23.8,33.7,961,5497,6850,8800,10950,11385,12139,8197,31118,1774
1782901076,2AC,62781028.0,60530016.0,4603070.5,4261893.0,630706.2,580595.2,227991.4,300593.3,104740.2,0.0,27.6,22.7,0,23.8,33.7,962,5498,6851,8803,10949,11386,12142,8198,31123,1774
1782901374,2AC,62530556.0,60296412.0,4590735.5,4250164.0,628584.7,578891.1,226885.3,300457.9,104718.5,0.0,27.6,22.8,0,23.8,33.7,962,5498,6852,8802,10950,11386,12143,8198,31124,1774
1782901675,2AC,62548380.0,60128000.0,4580595.5,4242254.0,628633.8,578252.9,226759.1,300180.7,104696.7,0.0,27.6,22.8,0,23.8,33.8,962,5498,6851,8801,10950,11386,12142,8198,31127,1774
1782901976,2AC,62473312.0,59971932.0,4575057.5,4239348.5,627345.5,578640.9,227031.2,299821.8,104675.3,0.0,27.6,22.8,0,23.8,33.8,962,5499,6853,8801,10951,11386,12141,8199,31120,1775
1782902274,2AC,62251676.0,59918772.0,4574708.5,4228322.5,626239.8,578304.0,226994.1,299712.4,104654.3,0.0,27.7,22.8,0,23.8,33.8,962,5498,6851,8802,10949,11384,12141,8198,31117,1773
1782902575,2AC,62240668.0,59929292.0,4567352.5,4228182.0,626138.2,576930.3,226607.2,300314.4,104633.4,0.0,27.6,22.8,0,23.8,33.8,962,5499,6854,8804,10954,11388,12145,8199,31131,1774
1782902873,2AC,62000820.0,59776620.0,4546725.5,4217912.5,625083.2,575697.8,226496.0,298811.6,104612.2,0.0,27.6,22.9,0,23.8,33.9,962,5498,6852,8803,10951,11386,12143,8199,31120,1774
1782903174,2AC,61796180.0,59637952.0,4537898.0,4207709.0,624886.6,575425.1,226440.7,299291.8,104591.5,0.0,27.6,22.9,0,23.8,33.9,962,5499,6853,8803,10953,11389,12145,8200,31125,1775
1782903475,2AC,61970524.0,59629108.0,4542466.5,4206678.5,623305.8,575509.0,226097.9,299400.0,104570.8,0.0,27.6,22.9,0,23.8,33.9,962,5500,6853,8802,10953,11387,12145,8200,31123,1775
1782903773,2AC,61663872.0,59487552.0,4537555.5,4197315.5,622780.8,574166.7,226139.0,298369.3,104550.4,0.0,27.6,22.9,0,23.8,33.9,962,5498,6852,8803,10951,11387,12143,8199,31122,1775
1782904074,2AC,61516980.0,59425248.0,4522028.0,4191717.0,622197.7,574405.1,226160.6,298400.7,104529.8,0.0,27.6,22.9,0,23.8,34.0,961,5497,6851,8800,10945,11381,12138,8195,31113,1775
1782904375,2AC,61397360.0,59218960.0,4519606.5,4184669.2,621353.2,572601.1,225444.8,298304.9,104508.9,0.0,27.6,23.0,0,23.8,33.9,962,5498,6852,8802,10951,11387,12144,8200,31125,1776
1782904674,2AC,61395148.0,59144240.0,4514912.0,4181514.2,621491.6,572244.5,225132.8,297234.8,104488.3,0.0,27.6,23.0,0,23.7,34.0,962,5498,6852,8802,10950,11386,12143,8200,31132,1773
1782904974,2AC,61372532.0,59217584.0,4512207.5,4172941.2,619717.4,572278.2,224826.1,298091.2,104468.4,0.0,27.6,23.0,0,23.7,34.0,962,5500,6854,8806,10956,11391,12147,8201,31138,1777
1782905275,2AC,61243952.0,58910596.0,4499142.5,4173145.0,619130.1,571557.6,224811.2,297118.5,104448.5,0.0,27.6,23.0,0,23.8,34.0,962,5499,6852,8804,10953,11389,12144,8200,31128,1776
1782905574,2AC,61241824.0,58861696.0,4500536.0,4159202.2,618884.2,570508.2,223909.1,298302.3,104428.9,0.0,27.6,23.0,0,23.8,34.1,962,5498,6853,8803,10953,11388,12145,8200,31126,1774
1782905875,2AC,60947452.0,58748828.0,4492898.0,4152513.8,619013.8,569692.9,224039.5,298008.4,104409.3,0.0,27.6,23.1,0,23.8,34.1,962,5498,6852,8803,10951,11386,12142,8198,31119,1773
1782906176,2AC,60995988.0,58621744.0,4486643.5,4147976.0,617907.7,569325.4,224739.4,297305.2,104389.1,0.0,27.6,23.1,0,23.8,34.1,962,5499,6854,8803,10953,11389,12146,8200,31127,1774
1782906474,2AC,60778052.0,58693376.0,4482581.5,4152432.0,617805.7,569294.8,223783.8,296942.5,104369.7,0.0,27.6,23.1,0,23.7,34.2,962,5498,6852,8802,10951,11388,12144,8199,31124,1774
1782906775,2AC,60725652.0,58670876.0,4475090.0,4141093.0,617083.3,567561.4,223466.9,296583.9,104350.9,0.0,27.6,23.1,0,23.7,34.1,961,5496,6850,8799,10948,11385,12141,8198,31115,1774
1782907076,2AC,60582688.0,58586372.0,4472832.5,4138236.0,616212.2,567388.0,223974.7,296404.3,104331.6,0.0,27.6,23.1,0,23.7,34.2,962,5499,6853,8803,10951,11386,12143,8199,31121,1773
1782907374,2AC,60571908.0,58342036.0,4462934.5,4128842.2,615539.7,567156.7,223511.2,296704.0,104313.1,0.0,27.6,23.1,0,23.7,34.2,961,5496,6850,8801,10947,11383,12139,8197,31117,1774
1782907675,2AC,60323268.0,58377660.0,4458286.5,4134593.0,615081.8,567139.0,223343.5,296717.1,104294.5,0.0,27.6,23.1,0,23.7,34.2,962,5497,6852,8800,10948,11385,12141,8196,31121,1774
1782907976,2AC,60422244.0,58186092.0,4438946.5,4120032.0,614828.7,566323.4,224091.7,295938.2,104275.5,0.0,27.6,23.2,0,23.7,34.2,961,5495,6849,8797,10946,11382,12137,8196,31109,1775
1782908274,2AC,60265508.0,57906592.0,4438311.5,4117741.0,613633.4,565121.1,222970.6,295592.6,104257.8,0.0,27.6,23.2,0,23.7,34.2,962,5498,6852,8803,10952,11387,12143,8201,31125,1774
1782908575,2AC,60056628.0,57972672.0,4430263.5,4104000.2,613434.6,566247.8,222890.7,295420.1,104239.4,0.0,27.6,23.2,0,23.7,34.3,962,5495,6850,8800,10948,11384,12138,8195,31112,1774
1782908873,2AC,59978928.0,57937892.0,4424808.5,4101197.2,613056.0,565194.1,223035.9,295123.7,104220.9,0.0,27.6,23.2,0,23.7,34.3,962,5497,6851,8800,10950,11386,12143,8197,31118,1776
1782909175,2AC,59914276.0,57755788.0,4426314.0,4101921.2,611840.7,564105.6,223028.1,295921.7,104202.5,0.0,27.6,23.2,0,23.7,34.3,962,5497,6852,8801,10952,11387,12142,8198,31122,1773
1782909476,2AC,59829796.0,57758528.0,4431238.0,4108619.2,611137.5,563527.9,222379.8,294652.5,104185.6,0.0,27.6,23.3,0,23.7,34.3,962,5499,6853,8802,10953,11388,12143,8199,31126,1774
1782909774,2AC,59702640.0,57289696.0,4414436.0,4096850.8,611906.6,562905.6,222329.6,295245.0,104168.8,0.0,27.6,23.3,0,23.7,34.3,962,5497,6851,8803,10952,11386,12143,8198,31126,1775
1782910075,2AC,59934916.0,57464836.0,4418755.5,4083738.8,611117.4,562975.6,221997.3,295143.2,104150.5,0.0,27.6,23.3,0,23.7,34.4,961,5496,6849,8799,10945,11382,12138,8195,31108,1773
1782910376,2AC,59607444.0,57465584.0,4415520.0,4089395.8,609886.3,562031.5,222380.0,294743.1,104131.0,0.0,27.6,23.3,0,23.7,34.4,961,5497,6850,8801,10949,11385,12138,8196,31114,1775
1782910674,2AC,59617472.0,57363908.0,4408189.5,4078700.8,611276.2,561980.3,222724.9,294636.2,104111.1,0.0,27.6,23.3,0,23.7,34.4,961,5497,6850,8801,10948,11384,12140,8198,31115,1775
1782910975,2AC,59600076.0,57328964.0,4401435.5,4078412.2,609762.3,561054.4,222103.7,294936.0,104092.0,0.0,27.6,23.3,0,23.7,34.4,961,5497,6852,8803,10951,11386,12142,8199,31120,1774
1782911273,2AC,59553428.0,57276636.0,4413876.5,4073572.2,609181.8,561785.4,222579.2,294061.5,104072.0,0.0,27.6,23.4,0,23.7,34.4,961,5497,6851,8801,10951,11386,12140,8197,31123,1775
1782911574,2AC,59455184.0,57164932.0,4392195.5,4060529.0,608693.6,561232.5,222260.5,294317.0,104053.0,0.0,27.6,23.4,0,23.7,34.4,962,5499,6853,8806,10955,11389,12145,8202,31127,1776
1782911875,2AC,59370356.0,57135516.0,4394402.5,4069128.2,608613.2,561041.8,222343.0,295100.2,104034.0,0.0,27.6,23.4,0,23.7,34.4,961,5496,6849,8801,10951,11386,12141,8198,31119,1776
1782912174,2AC,59496800.0,56969232.0,4392691.0,4066904.0,608152.1,560275.3,221893.8,294013.3,104015.5,0.0,27.6,23.4,0,23.7,34.5,962,5496,6850,8801,10951,11385,12142,8198,31119,1774
1782912475,2AC,59329472.0,57036412.0,4385046.5,4069524.8,608761.8,560852.2,221768.2,293901.4,103996.5,0.0,27.6,23.5,0,23.7,34.5,961,5496,6849,8800,10949,11385,12140,8198,31117,1775
1782912773,2AC,59332212.0,56765836.0,4377738.5,4058692.8,608232.0,561222.1,221450.1,294124.8,103977.9,0.0,27.5,23.4,0,23.7,34.5,961,5496,6849,8799,10947,11382,12138,8196,31110,1773
1782913074,2AC,59242388.0,56741164.0,4378438.0,4055037.2,607943.8,559623.2,221398.7,293933.2,103960.2,0.0,27.5,23.5,0,23.7,34.5,962,5497,6848,8801,10951,11386,12140,8198,31120,1776
1782913376,2AC,59123020.0,56824204.0,4391344.0,4051076.0,607686.8,559849.6,221773.1,293891.7,103942.2,0.0,27.5,23.5,0,23.7,34.5,961,5496,6850,8801,10949,11385,12139,8198,31119,1773
1782913674,2AC,59204212.0,56849232.0,4374636.0,4049698.2,607605.9,559721.7,221331.6,293566.1,103925.0,0.0,27.5,23.5,0,23.7,34.5,962,5497,6850,8803,10951,11387,12141,8198,31120,1774
1782913975,2AC,59051044.0,56838100.0,4366386.5,4046034.0,606064.5,558696.2,220990.0,293617.4,103907.1,0.0,27.5,23.5,0,23.7,34.5,961,5496,6849,8799,10947,11383,12139,8197,31107,1775
1782914273,2AC,58951900.0,56395020.0,4361663.5,4048347.8,606365.2,559045.8,221646.3,293542.7,103889.7,0.0,27.5,23.5,0,23.7,34.6,961,5496,6848,8800,10949,11382,12141,8197,31109,1773
1782914574,2AC,59092044.0,56676668.0,4370442.0,4042270.0,605960.8,558264.3,220926.0,292713.6,103873.3,0.0,27.5,23.5,0,23.6,34.6,961,5495,6849,8800,10947,11383,12140,8197,31110,1773
1782914875,2AC,58973932.0,56581552.0,4360178.0,4052573.8,607134.4,557941.9,221371.8,293325.9,103856.5,0.0,27.5,23.5,0,23.6,34.6,962,5498,6851,8804,10954,11389,12146,8200,31130,1774
1782915173,2AC,58778288.0,56263584.0,4358507.5,4036259.2,606853.8,558302.2,220864.8,293488.2,103839.4,0.0,27.5,23.5,0,23.6,34.7,962,5498,6850,8803,10949,11386,12141,8197,31115,1773
1782915474,2AC,58818604.0,56159680.0,4354431.5,4049821.2,606159.3,558448.1,221146.6,293464.8,103821.9,0.0,27.5,23.6,0,23.6,34.6,962,5495,6849,8801,10951,11387,12140,8198,31121,1774
1782915775,2AC,58841540.0,56275004.0,4355643.5,4040199.8,605032.8,557676.8,220862.1,292247.8,103805.4,0.0,27.5,23.6,0,23.6,34.6,961,5495,6847,8801,10947,11383,12138,8196,31114,1774
1782916073,2AC,58775724.0,56193056.0,4352790.5,4033027.2,604739.1,557055.8,220828.4,291366.1,103788.7,0.0,27.5,23.6,0,23.6,34.7,961,5496,6848,8801,10948,11383,12137,8197,31115,1775
1782916375,2AC,58553820.0,55991436.0,4342018.5,4027409.2,604043.6,557268.5,221083.4,292638.2,103772.6,0.0,27.5,23.6,0,23.6,34.6,961,5496,6848,8800,10949,11383,12140,8195,31111,1774
1782916676,2AC,58615260.0,56037932.0,4333692.0,4020971.2,605264.5,557694.6,220471.1,292116.1,103756.5,0.0,27.5,23.6,0,23.6,34.7,962,5498,6850,8804,10953,11386,12142,8200,31122,1774
1782916974,2AC,58722036.0,55995852.0,4345977.5,4027910.0,605191.2,556550.1,220813.0,292500.5,103740.4,0.0,27.5,23.6,0,23.6,34.7,961,5496,6849,8802,10954,11387,12144,8200,31125,1774
1782917275,2AC,58613060.0,55871684.0,4351818.0,4029577.2,603965.6,556978.6,220181.5,292212.9,103724.6,0.0,27.5,23.6,0,23.6,34.7,961,5495,6848,8800,10948,11384,12139,8196,31112,1774
1782917576,2AC,58564556.0,56024212.0,4335126.0,4015920.8,605323.1,556918.9,220541.9,291856.4,103708.7,0.0,27.5,23.7,0,23.6,34.7,961,5496,6849,8802,10948,11382,12140,8196,31115,1774
1782917874,2AC,58420716.0,55875356.0,4341947.5,4017512.8,604227.1,556554.9,220157.9,292413.1,103693.1,0.0,27.5,23.6,0,23.6,34.8,961,5494,6847,8798,10949,11383,12141,8198,31118,1774
1782918175,2AC,58356768.0,55959164.0,4336557.5,4015539.2,603706.7,555739.1,220689.5,291853.5,103677.2,0.0,27.5,23.6,0,23.6,34.8,961,5495,6847,8799,10947,11381,12138,8195,31113,1774
1782918473,2AC,58438704.0,55799124.0,4329320.0,4007432.0,603496.6,556067.0,220992.3,291352.0,103662.0,0.0,27.4,23.7,0,23.6,34.8,961,5496,6848,8803,10950,11385,12140,8197,31115,1773
1782918774,2AC,58413652.0,55781060.0,4314084.5,4016489.0,604149.8,555578.2,220268.0,292012.1,103647.0,0.0,27.5,23.7,0,23.6,34.8,962,5497,6849,8803,10952,11384,12142,8198,31122,1774
1782919075,2AC,58300800.0,55732796.0,4336615.5,4013052.2,604584.6,555483.2,220689.5,291965.3,103632.1,0.0,27.5,23.7,0,23.6,34.8,961,5495,6847,8801,10948,11383,12139,8196,31115,1773
1782919373,2AC,58351052.0,55762292.0,4327070.5,4016753.2,603268.1,555812.3,220309.6,292557.9,103616.2,0.0,27.4,23.7,0,23.6,34.8,961,5496,6848,8803,10950,11382,12139,8197,31111,1775
1782919674,2AC,58188620.0,55702020.0,4329039.0,3997356.2,603072.4,555432.9,220442.8,291632.9,103601.6,0.0,27.4,23.7,0,23.6,34.9,961,5497,6849,8803,10951,11387,12144,8198,31124,1776
1782919976,2AC,58098348.0,55454244.0,4318678.5,4001782.0,602354.3,555497.2,219764.5,291692.2,103587.1,0.0,27.4,23.7,0,23.6,34.8,961,5496,6849,8804,10951,11385,12141,8198,31117,1774
1782920274,2AC,57972012.0,55621952.0,4310441.0,4002608.0,602283.9,554744.7,219616.9,290647.4,103572.2,0.0,27.4,23.7,0,23.6,34.9,962,5497,6848,8803,10952,11386,12143,8198,31122,1774
1782920575,2AC,58055748.0,55619984.0,4321212.5,3997099.8,602100.2,554560.7,219555.7,291377.3,103558.1,0.0,27.4,23.8,0,23.6,34.9,962,5498,6849,8806,10953,11386,12142,8198,31124,1774
1782920873,2AC,58019884.0,55562624.0,4315914.5,3983685.8,601547.7,554527.0,220238.7,291008.5,103545.0,0.0,27.4,23.8,0,23.5,34.9,961,5497,6851,8804,10953,11387,12144,8199,31126,1777
1782921175,2AC,57950240.0,55409780.0,4320440.5,3993532.8,601754.8,553959.7,219705.2,290884.0,103535.5,0.0,27.4,23.8,0,23.6,34.9,961,5497,6848,8802,10949,11382,12139,8196,31112,1773
1782921476,2AC,57915948.0,55342576.0,4309348.5,3989361.2,601568.2,554232.9,219536.5,291749.5,103526.1,0.0,27.4,23.8,0,23.5,34.9,961,5497,6849,8802,10951,11387,12142,8199,31119,1774
1782921774,2AC,57739488.0,55338268.0,4298815.5,3988156.0,600203.2,553232.3,219154.4,290482.4,103518.8,0.0,27.4,23.8,0,23.6,34.9,962,5496,6848,8802,10950,11386,12140,8197,31120,1774
1782922075,2AC,57610852.0,55230336.0,4297759.0,3983156.8,600625.3,552557.0,219198.8,290108.7,103513.1,0.0,27.5,23.8,0,23.6,34.9,962,5497,6851,8803,10949,11386,12144,8198,31121,1774
1782922375,2AC,57725556.0,55203588.0,4290725.0,3981526.0,599524.2,552275.9,219002.6,290501.6,103508.2,0.0,27.5,23.8,0,23.6,35.0,962,5497,6849,8803,10952,11386,12142,8198,31120,1776
1782922674,2AC,57404772.0,55045504.0,4287565.5,3962887.2,597676.4,550251.6,218716.2,289829.0,103503.7,0.0,27.5,23.8,0,23.6,35.0,962,5498,6850,8802,10953,11388,12143,8199,31124,1775
1782922975,2AC,57229724.0,54928544.0,4267689.0,3960883.2,597543.1,549526.5,218905.2,289227.2,103500.6,0.0,27.5,23.8,0,23.6,35.0,962,5498,6852,8804,10955,11389,12145,8201,31131,1775
1782923276,2AC,57251020.0,54852384.0,4281606.5,3950504.8,596803.9,549735.8,218268.3,289985.2,103497.4,0.0,27.5,23.8,0,23.7,35.0,962,5499,6853,8805,10954,11388,12146,8200,31126,1776
1782923574,2AC,57089484.0,54514516.0,4261744.5,3947758.8,594841.6,548396.4,218211.8,289703.0,103495.2,0.0,27.6,23.8,0,23.7,35.0,962,5499,6854,8806,10956,11393,12149,8201,31134,1777
1782923875,2AC,56740688.0,54558976.0,4251415.5,3936935.0,594200.3,547253.3,218233.6,288844.0,103492.4,0.0,27.6,23.9,0,23.7,35.0,962,5499,6852,8805,10953,11389,12144,8198,31123,1773
1782924173,2AC,56784444.0,54460384.0,4236842.5,3922717.0,592886.6,546832.2,217441.7,289043.2,103490.2,0.0,27.6,23.9,0,23.7,35.0,962,5499,6853,8804,10950,11387,12142,8197,31118,1776
1782924475,2AC,56517532.0,54329228.0,4229332.5,3916012.8,592909.2,546134.7,217249.4,288825.1,103487.7,0.0,27.6,23.8,0,23.8,35.0,962,5498,6852,8801,10951,11385,12142,8197,31122,1773
1782924776,2AC,56349652.0,54254116.0,4242468.5,3916836.0,591440.3,544371.9,216681.4,288385.9,103485.7,0.0,27.7,23.9,0,23.8,35.1,962,5499,6853,8802,10952,11387,12144,8199,31126,1775
1782925074,2AC,56125056.0,53993524.0,4221085.0,3901841.8,589379.2,543856.1,215795.9,287661.2,103483.0,0.0,27.7,23.9,0,23.8,35.1,962,5501,6856,8804,10955,11389,12146,8201,31133,1774
1782925375,2AC,56233788.0,53929412.0,4209581.0,3906568.2,588283.1,542047.6,216012.6,287757.0,103480.8,0.0,27.7,23.9,0,23.8,35.1,962,5499,6854,8803,10950,11388,12144,8198,31128,1775
1782925674,2AC,55809664.0,53747476.0,4204261.0,3881251.0,587016.7,542521.7,216645.4,287281.0,103478.8,0.0,27.7,23.9,0,23.9,35.1,962,5499,6853,8802,10949,11386,12142,8197,31119,1773
1782925975,2AC,55820480.0,53530816.0,4189510.2,3874761.8,586539.6,541113.3,215720.5,286939.0,103475.8,0.0,27.8,23.9,0,23.9,35.1,962,5499,6854,8801,10948,11384,12139,8197,31114,1774
1782926276,2AC,55712348.0,53559092.0,4181419.8,3866880.0,584875.7,539314.2,215204.5,286561.2,103472.5,0.0,27.8,23.9,0,23.9,35.1,962,5498,6853,8799,10949,11386,12143,8197,31119,1774
1782926574,2AC,55377632.0,53364876.0,4175421.8,3867540.0,583905.9,540063.2,213853.9,285591.9,103468.4,0.0,27.8,23.9,0,23.9,35.1,962,5500,6855,8802,10951,11388,12144,8200,31126,1776
1782926875,2AC,55126636.0,53038972.0,4153011.2,3852122.0,583156.1,538200.0,214816.5,286059.2,103464.8,0.0,27.8,23.9,0,24.0,35.2,962,5499,6856,8802,10951,11387,12143,8198,31123,1775
1782927173,2AC,55212548.0,53326864.0,4160423.8,3841422.8,582386.0,538238.5,214134.4,286541.5,103461.3,0.0,27.9,23.9,0,24.0,35.2,962,5498,6854,8799,10948,11386,12140,8198,31118,1775
1782927474,2AC,55079744.0,53093644.0,4141113.8,3846227.8,581899.8,536600.6,214633.9,285290.0,103458.0,0.0,27.9,24.0,0,24.0,35.2,962,5500,6857,8803,10951,11387,12143,8199,31130,1776
1782927775,2AC,54929652.0,52845412.0,4133873.0,3829413.8,580582.5,536101.0,214139.2,285758.8,103454.1,0.0,27.9,24.0,0,24.0,35.2,962,5501,6857,8804,10951,11387,12145,8199,31128,1774
1782928073,2AC,54749120.0,52818660.0,4129474.2,3824511.0,579568.6,534334.2,213978.8,284610.8,103449.6,0.0,27.9,24.0,0,24.1,35.2,962,5499,6857,8801,10949,11386,12142,8197,31124,1775
1782928374,2AC,54530596.0,52551020.0,4116586.2,3808043.0,578211.4,534117.7,213541.5,284130.2,103445.5,0.0,28.0,24.0,0,24.1,35.2,962,5500,6856,8802,10945,11385,12140,8195,31118,1776
1782928675,2AC,54411772.0,52519804.0,4113242.0,3813516.8,577452.6,533270.5,213649.5,284454.8,103440.8,0.0,28.0,24.0,0,24.1,35.2,963,5501,6857,8802,10949,11388,12143,8198,31129,1775
1782928974,2AC,54544976.0,52578668.0,4101040.8,3797669.0,576880.2,532164.2,213218.4,284116.7,103435.5,0.0,28.0,24.0,0,24.1,35.2,962,5500,6857,8802,10947,11385,12140,8198,31124,1772
1782929275,2AC,54131292.0,52288300.0,4097643.2,3797498.8,576121.1,531463.6,212668.4,283381.3,103430.2,0.0,28.0,24.0,0,24.1,35.3,962,5501,6858,8804,10950,11389,12144,8199,31126,1775
1782929573,2AC,53827376.0,52142716.0,4093234.8,3782183.2,576192.8,530975.1,212016.6,282675.0,103425.3,0.0,28.0,24.0,0,24.1,35.3,962,5502,6859,8804,10953,11389,12146,8200,31132,1773
1782929874,2AC,53865116.0,52063108.0,4076309.8,3787708.0,573900.4,530525.1,212056.1,282814.4,103419.1,0.0,28.0,24.0,0,24.2,35.3,962,5500,6856,8801,10949,11387,12143,8200,31126,1773
1782930175,2AC,54024284.0,52107504.0,4079030.8,3773468.8,573948.5,529840.4,211996.9,282731.8,103412.9,0.0,28.1,24.0,0,24.2,35.3,962,5501,6858,8803,10948,11388,12143,8199,31131,1773
1782930473,2AC,53731508.0,51802916.0,4072998.2,3770591.0,573498.2,528813.7,211490.1,282743.3,103406.2,0.0,28.1,24.0,0,24.2,35.3,962,5500,6857,8802,10948,11386,12140,8198,31123,1773
1782930774,2AC,53753076.0,51729984.0,4066254.2,3760798.8,572458.3,528330.4,211193.6,282402.5,103400.0,0.0,28.1,24.1,0,24.2,35.3,962,5500,6856,8800,10948,11386,12140,8197,31125,1773
1782931075,2AC,53550640.0,51722228.0,4061477.8,3759472.0,571618.6,527188.6,210856.8,281944.1,103393.6,0.0,28.1,24.1,0,24.2,35.3,962,5499,6857,8798,10947,11383,12138,8197,31119,1773
1782931373,2AC,53515876.0,51588716.0,4053930.8,3747550.0,570476.4,527720.5,210980.6,281270.3,103387.0,0.0,28.1,24.1,0,24.2,35.4,962,5500,6857,8800,10945,11383,12136,8194,31116,1772
1782931674,2AC,53676176.0,51716476.0,4050972.0,3752454.0,569749.5,526548.3,211005.6,281483.3,103382.0,0.0,28.1,24.1,0,24.3,35.4,962,5499,6856,8799,10946,11384,12138,8197,31118,1772
1782931975,2AC,53158336.0,51415476.0,4044595.2,3744875.0,569481.3,526308.4,210610.7,280954.8,103374.4,0.0,28.2,24.1,0,24.3,35.4,962,5501,6858,8802,10947,11384,12140,8198,31126,1774
1782932273,2AC,53151924.0,51169908.0,4028098.0,3736254.0,569789.1,525468.9,210477.8,281189.9,103368.5,0.0,28.2,24.1,0,24.3,35.4,962,5501,6859,8801,10949,11388,12143,8199,31130,1775
