1773089267,1,8934733.0,8564916.0,1278121.4,1221488.0,265334.3,257683.7,116521.6,164497.8,95923.5,455.3,28.1,24.4,720,22.8,23.1,1007,2622,3309,3897,13654,12965,17562,4295,19999,1618
1773089567,1,6595302.5,6445938.5,917878.8,887384.3,205433.7,203785.8,103890.2,153371.2,95931.0,434.7,26.4,26.8,738,20.7,30.5,1008,2627,3313,3860,13683,12911,17487,4294,20205,1664
1773089866,1,6933276.5,6771747.5,945427.2,911224.8,210126.5,207930.1,105917.8,154984.0,95919.6,444.0,25.6,27.9,742,20.1,32.9,1003,2623,3271,3804,13600,12661,17421,4258,20087,1646
1773090166,1,7404680.5,7220341.5,994045.6,957611.8,218726.7,216082.5,108492.7,157951.0,95911.4,451.3,25.6,27.8,746,20.0,33.8,1003,2617,3275,3801,13612,12670,17421,4259,20124,1652
1773090466,1,7931356.0,7704143.5,1043910.2,1006051.2,228250.3,226171.3,111721.7,161609.6,95908.1,447.3,25.4,28.0,743,19.9,34.3,1004,2630,3273,3798,13607,12659,17417,4259,20135,1653
1773090767,1,8447385.0,8216942.5,1105062.6,1058877.6,236444.7,233600.2,114540.2,164944.2,95903.6,443.9,25.5,27.9,748,19.7,34.9,1003,2620,3271,3796,13606,12653,17414,4257,20122,1652
1773091067,1,8935150.0,8705989.0,1160695.1,1113452.0,245010.6,241271.0,117246.0,168114.2,95898.9,446.6,25.3,28.1,770,19.8,35.0,1002,2617,3269,3793,13594,12641,17403,4254,20107,1651
1773091367,1,9418634.0,9191080.0,1200174.5,1153753.1,252746.7,248286.9,118991.5,170331.4,95893.3,457.2,25.4,28.1,758,19.7,35.4,999,2605,3266,3788,13581,12632,17379,4250,20105,1654
1773091667,1,9808813.0,9567651.0,1241417.0,1187796.4,258467.5,253958.0,120729.3,172562.2,95888.1,460.9,25.4,28.0,770,19.8,35.4,998,2607,3264,3788,13574,12631,17371,4249,20092,1652
1773091967,1,10244475.0,9990692.0,1280200.5,1223127.1,265598.1,260203.3,122866.3,175157.8,95887.3,449.5,25.5,27.8,775,19.8,35.4,1001,2614,3268,3790,13588,12642,17391,4254,20112,1655
1773092265,1,10704215.0,10420647.0,1321621.9,1264664.1,273367.1,266430.7,124727.7,177049.4,95883.4,455.0,25.5,27.8,775,19.6,35.7,1002,2622,3269,3791,13595,12645,17401,4256,20121,1654
1773092565,1,11184391.0,10846167.0,1360384.0,1308179.6,280539.4,274765.8,126555.7,179273.1,95884.1,448.6,25.4,27.9,793,19.7,35.6,1000,2617,3267,3788,13586,12634,17384,4251,20101,1653
1773092865,1,11616388.0,11321084.0,1397408.0,1339868.9,286504.1,279715.3,128395.3,181430.6,95876.8,448.4,25.3,27.9,784,19.7,35.7,1001,2618,3269,3791,13600,12645,17397,4254,20123,1654
1773093166,1,12076127.0,11765488.0,1442027.5,1379240.0,292143.7,285867.9,130624.5,183727.4,95868.5,438.8,25.4,27.8,765,19.6,35.7,1001,2620,3270,3791,13599,12643,17400,4255,20127,1655
1773093466,1,12502571.0,12220425.0,1480685.4,1413467.5,298464.3,291060.9,132709.4,185550.0,95869.8,442.0,25.2,28.0,764,19.6,35.8,1001,2617,3269,3791,13600,12644,17399,4254,20127,1654
1773093766,1,13051749.0,12700688.0,1525033.5,1453110.5,304079.0,297573.8,134311.3,187992.0,95864.9,444.6,25.2,27.8,747,19.6,35.8,1001,2621,3268,3791,13596,12640,17398,4254,20121,1654
1773094066,1,13488777.0,13139735.0,1558967.0,1487343.6,310257.4,303512.4,136150.7,189837.2,95859.3,442.4,25.3,27.7,786,19.5,35.9,1002,2621,3269,3792,13600,12642,17403,4255,20127,1654
1773094366,1,13966587.0,13612380.0,1598516.5,1524704.5,315951.4,308351.8,137748.3,191744.6,95847.9,444.6,25.3,27.8,730,19.5,35.9,1001,2621,3268,3790,13595,12637,17396,4254,20121,1654
1773094666,1,14350237.0,13981864.0,1632191.4,1556873.1,321468.1,312326.3,138959.0,193528.1,95851.2,449.8,25.2,27.8,755,19.5,35.8,1001,2624,3269,3791,13597,12640,17399,4255,20125,1655
1773094966,1,14753244.0,14380728.0,1670201.6,1588420.4,326208.1,316889.9,140238.7,195099.5,95850.8,454.6,25.2,27.8,782,19.3,36.1,1001,2623,3268,3790,13596,12638,17399,4253,20127,1655
1773095266,1,15179865.0,14767231.0,1702289.5,1618097.9,331010.2,320932.6,142029.0,197110.8,95855.1,455.3,25.1,27.9,753,19.4,36.1,1000,2617,3266,3789,13590,12632,17391,4252,20118,1654
1773095566,1,15578560.0,15161619.0,1739081.1,1648190.4,335186.8,325935.4,143375.9,199032.4,95856.4,454.3,25.1,27.8,764,19.4,36.0,1000,2621,3268,3790,13592,12636,17396,4253,20124,1655
1773095866,1,16016073.0,15618728.0,1774389.1,1685078.5,340553.5,330594.9,144720.1,200401.8,95858.1,448.2,25.2,27.7,756,19.4,36.0,1001,2627,3268,3789,13592,12636,17396,4253,20126,1655
1773096166,1,16394997.0,15991053.0,1808618.0,1713581.0,345257.7,334199.8,146339.5,202410.3,95868.5,443.8,25.1,27.7,790,19.4,35.9,1001,2618,3267,3790,13594,12635,17397,4253,20122,1654
1773096466,1,16776023.0,16429833.0,1840232.0,1750875.0,349659.6,338638.8,147434.0,203511.0,95865.3,441.5,25.1,27.7,766,19.3,36.0,1001,2621,3267,3789,13594,12634,17397,4253,20126,1655
1773096766,1,17250080.0,16826608.0,1873977.5,1779731.4,354390.1,343012.5,148951.2,204502.4,95866.5,444.8,25.1,27.6,756,19.4,35.9,1000,2620,3267,3789,13593,12630,17392,4253,20120,1654
1773097066,1,17636550.0,17237826.0,1909628.4,1814678.1,359211.3,347124.1,150319.4,206407.5,95866.5,445.7,25.1,27.6,749,19.4,35.9,1001,2623,3267,3789,13591,12632,17393,4254,20127,1655
1773097366,1,18077152.0,17612582.0,1941873.5,1849999.9,362975.1,350579.4,151395.5,208288.1,95860.5,446.6,25.1,27.6,742,19.4,35.9,1002,2625,3269,3791,13600,12638,17406,4255,20130,1655
1773097666,1,18534632.0,18035142.0,1978410.0,1874104.4,368172.9,355710.2,152559.8,210080.1,95856.2,436.0,25.1,27.5,731,19.3,35.9,1000,2619,3266,3788,13590,12629,17392,4253,20120,1654
1773097967,1,18907864.0,18513776.0,2012053.0,1907841.4,372800.5,360007.5,153627.7,211576.3,95854.6,442.2,25.0,27.6,750,19.2,36.0,1001,2627,3267,3790,13592,12634,17397,4254,20132,1655
1773098267,1,19460760.0,18968504.0,2054675.4,1941881.6,377425.4,365155.5,155007.8,213077.2,95853.8,440.7,25.0,27.5,748,19.3,35.9,1002,2632,3268,3791,13597,12636,17402,4255,20136,1656
1773098567,1,19863618.0,19355928.0,2087968.5,1975794.4,382095.2,368222.3,156016.5,214736.0,95851.6,440.3,25.0,27.5,760,19.3,35.9,1000,2624,3266,3789,13592,12630,17396,4253,20123,1654
1773098867,1,20212726.0,19728504.0,2111722.5,1999025.4,386472.3,371868.2,156942.3,215702.2,95855.3,429.0,25.1,27.4,754,19.2,35.9,1000,2622,3266,3788,13587,12626,17391,4252,20116,1654
1773099165,1,20652246.0,20169238.0,2152683.8,2027860.5,389991.9,375221.2,158335.6,217022.8,95851.8,429.6,25.0,27.4,750,19.3,35.8,1000,2626,3267,3789,13593,12630,17396,4253,20127,1655
1773099465,1,21089674.0,20538622.0,2179336.8,2065733.4,393833.9,378531.6,159194.6,217674.2,95852.8,425.9,25.0,27.5,732,19.3,35.8,1000,2622,3265,3788,13585,12625,17387,4250,20116,1654
1773099766,1,21418498.0,20873938.0,2215917.0,2080975.5,397421.7,382539.1,159984.4,218995.8,95844.1,434.6,25.1,27.3,746,19.4,35.6,1000,2625,3266,3787,13586,12625,17392,4252,20125,1655
1773100066,1,21757538.0,21220886.0,2243731.8,2104235.8,400553.0,385372.6,161044.8,220197.8,95842.4,432.5,25.1,27.3,733,19.3,35.7,999,2622,3265,3786,13586,12623,17388,4251,20121,1654
1773100366,1,22187008.0,21652288.0,2275760.5,2139879.0,403974.2,388560.0,161400.7,221367.8,95839.2,433.9,25.0,27.4,720,19.3,35.7,999,2623,3265,3787,13585,12622,17390,4251,20116,1654
1773100666,1,22701922.0,22026234.0,2300714.8,2165122.2,407930.8,391793.6,162276.2,222337.2,95839.2,423.0,25.1,27.2,745,19.4,35.5,1001,2629,3267,3788,13595,12629,17399,4254,20130,1655
1773100966,1,23216888.0,22523978.0,2327428.8,2198442.0,411213.0,394349.0,163289.5,223051.1,95836.8,432.8,25.0,27.3,717,19.2,35.7,999,2625,3265,3788,13588,12624,17392,4252,20123,1654
1773101266,1,23643808.0,23087282.0,2357676.0,2233105.5,414728.6,397389.8,164199.3,224448.5,95834.6,426.9,25.1,27.1,758,19.2,35.6,1000,2625,3267,3789,13598,12631,17404,4254,20132,1655
1773101566,1,24047096.0,23484352.0,2389317.2,2248826.2,417814.4,401013.1,165178.1,225577.8,95836.2,425.3,25.0,27.1,757,19.4,35.3,1000,2622,3267,3788,13595,12627,17399,4253,20126,1654
1773101866,1,24367894.0,23817528.0,2409323.2,2279704.2,421478.8,404143.9,165667.9,226234.3,95835.3,423.9,25.1,27.1,735,19.3,35.4,1000,2622,3266,3788,13593,12627,17396,4253,20126,1654
1773102166,1,24853720.0,24215422.0,2442340.0,2309706.2,425609.9,407401.8,167014.0,227153.7,95843.2,424.4,25.1,27.1,711,19.3,35.6,1000,2620,3265,3787,13590,12624,17394,4252,20123,1654
1773102466,1,25109862.0,24634418.0,2464890.8,2328651.8,429182.8,410403.1,167407.7,228521.9,95842.3,428.1,25.0,27.2,729,19.3,35.5,1000,2624,3266,3788,13592,12626,17398,4253,20126,1654
1773102766,1,25633374.0,24942794.0,2486604.2,2350751.2,432275.4,413272.1,168179.9,229816.3,95846.0,421.1,25.0,27.2,694,19.4,35.4,1001,2624,3266,3787,13590,12626,17397,4252,20124,1654
1773103066,1,25908888.0,25289224.0,2513705.2,2367224.2,435915.2,415482.6,169412.1,230358.0,95839.3,420.3,25.1,27.0,712,19.3,35.4,1000,2623,3266,3787,13593,12624,17393,4252,20123,1654
1773103367,1,26379352.0,25711170.0,2549607.0,2408317.2,440262.1,418135.9,170129.4,231096.6,95842.8,428.6,25.1,27.1,751,19.3,35.4,1000,2621,3265,3786,13587,12622,17391,4252,20113,1653
1773103667,1,26806294.0,26017488.0,2564284.8,2415754.0,443560.3,420161.9,170671.7,231690.6,95844.9,428.4,25.1,27.1,744,19.3,35.5,999,2618,3264,3785,13582,12616,17383,4251,20109,1653
1773103966,1,27230066.0,26517858.0,2591476.2,2442107.2,447495.8,425388.5,171415.2,232844.5,95841.9,420.2,25.0,27.1,726,19.2,35.6,999,2619,3263,3784,13581,12615,17385,4250,20112,1653
1773104266,1,27623114.0,26981872.0,2629590.2,2474700.0,451990.5,428987.0,172304.3,233922.4,95842.6,419.5,25.1,27.1,709,19.3,35.4,999,2620,3263,3784,13582,12615,17385,4250,20108,1653
1773104567,1,28028488.0,27329962.0,2651731.2,2499696.8,454115.8,431288.1,173244.2,234544.4,95844.1,416.8,25.0,27.1,738,19.3,35.4,1000,2623,3265,3786,13586,12618,17391,4251,20113,1654
1773104867,1,28409198.0,27743206.0,2676223.5,2520800.2,457763.8,435368.0,173805.9,235660.7,95853.0,422.8,25.0,27.1,728,19.3,35.5,999,2618,3264,3785,13582,12614,17383,4250,20107,1652
1773105167,1,28748454.0,28096382.0,2692162.8,2541781.2,459814.6,437456.5,174851.8,236303.2,95851.9,418.7,25.0,27.1,718,19.3,35.4,1000,2623,3264,3786,13583,12616,17386,4251,20107,1652
1773105467,1,29057694.0,28376150.0,2714018.0,2563876.5,462617.6,441334.7,175103.8,236955.4,95847.8,416.1,25.0,27.1,732,19.4,35.4,1000,2621,3264,3785,13582,12616,17385,4252,20106,1652
1773105767,1,29322928.0,28730290.0,2735087.0,2585251.2,464391.7,443280.2,175359.7,237232.6,95844.5,416.9,25.1,27.1,746,19.3,35.6,1000,2617,3264,3784,13583,12615,17386,4251,20102,1652
1773106067,1,29640498.0,29050650.0,2752670.8,2599539.0,468245.6,445206.3,176375.8,237710.0,95843.2,422.9,25.0,27.2,732,19.3,35.6,1000,2623,3265,3786,13586,12619,17389,4252,20112,1653
1773106365,1,29977114.0,29278696.0,2775587.8,2615312.0,468873.0,447055.7,176373.6,238208.8,95844.0,422.9,25.0,27.3,728,19.3,35.7,1000,2619,3263,3784,13580,12612,17381,4250,20105,1652
1773106666,1,30247614.0,29583782.0,2788499.8,2629339.2,471156.9,448438.5,176753.1,238489.6,95843.7,427.1,25.1,27.3,739,19.4,35.6,999,2618,3264,3785,13584,12614,17383,4251,20107,1652
1773106966,1,30468998.0,29816224.0,2799491.8,2634238.8,470896.3,449435.6,176908.8,238784.4,95839.2,422.7,25.1,27.3,722,19.3,35.7,999,2616,3263,3783,13577,12609,17377,4249,20094,1651
1773107266,1,30787210.0,30077326.0,2817383.8,2654593.0,474026.8,451707.7,177274.9,239386.0,95845.5,418.4,25.1,27.2,717,19.4,35.7,999,2618,3264,3784,13579,12610,17377,4250,20102,1652
1773107566,1,31054600.0,30424506.0,2846401.2,2674240.0,477327.6,453341.7,178109.5,239809.0,95842.5,413.1,25.1,27.3,720,19.4,35.6,1000,2625,3265,3785,13583,12613,17386,4252,20108,1652
1773107866,1,31436008.0,30725666.0,2865316.0,2699862.2,479558.2,456573.0,178470.5,240892.6,95840.7,415.4,25.0,27.3,710,19.4,35.6,1000,2621,3264,3784,13580,12613,17380,4250,20100,1651
1773108166,1,31845938.0,31115834.0,2885973.0,2725696.8,483640.7,459215.0,179379.0,241260.9,95839.2,408.1,25.1,27.3,704,19.4,35.5,999,2620,3263,3783,13576,12607,17376,4250,20092,1651
1773108466,1,32026544.0,31378874.0,2907355.0,2730680.2,484709.4,460749.9,179839.8,241858.4,95839.0,413.1,25.1,27.2,728,19.4,35.6,1000,2617,3263,3783,13575,12607,17374,4249,20090,1651
1773108766,1,32408312.0,31767418.0,2929129.0,2754564.0,489575.5,463559.2,180256.7,242620.5,95835.6,412.8,25.1,27.3,724,19.4,35.6,1000,2621,3264,3782,13577,12609,17378,4251,20094,1651
1773109066,1,32777952.0,32166480.0,2952399.8,2779723.8,491510.9,466144.4,181136.5,243041.1,95837.0,411.2,25.0,27.4,710,19.3,35.7,1000,2624,3265,3784,13579,12611,17380,4251,20093,1651
1773109367,1,33129806.0,32340422.0,2972417.2,2796283.0,493916.6,468753.8,181036.3,244039.6,95844.7,410.0,25.0,27.4,700,19.3,35.8,1000,2619,3264,3782,13576,12608,17375,4250,20088,1650
1773109667,1,33359202.0,32692976.0,2992712.2,2814668.0,498618.1,469661.8,182022.0,244408.6,95852.0,411.0,25.0,27.5,683,19.3,35.9,1000,2623,3263,3783,13574,12606,17373,4250,20095,1651
1773109967,1,33751960.0,32981946.0,3014491.2,2832133.0,499026.1,472732.0,182571.2,245008.0,95860.3,405.6,25.1,27.4,715,19.2,36.0,999,2619,3263,3782,13572,12605,17370,4249,20089,1650
1773110267,1,34077624.0,33316168.0,3035106.8,2855532.0,502898.9,474972.7,183067.9,245988.7,95863.2,405.4,25.1,27.4,706,19.3,36.0,999,2619,3263,3782,13575,12605,17372,4250,20086,1650
1773110565,1,34343748.0,33570884.0,3056712.0,2867750.2,505400.9,477943.8,183358.3,246956.2,95867.5,400.3,25.0,27.5,689,19.3,36.0,1000,2617,3263,3782,13572,12605,17369,4251,20085,1650
1773110865,1,34632780.0,33835484.0,3074127.2,2886452.0,507370.3,479084.4,184162.5,247289.0,95870.5,406.8,25.1,27.4,714,19.3,36.1,999,2614,3261,3780,13568,12599,17362,4249,20079,1649
1773111165,1,34958548.0,34172132.0,3091584.0,2910395.0,510681.9,481854.6,184502.4,247426.7,95879.2,406.8,25.1,27.4,688,19.3,36.0,999,2620,3263,3782,13571,12606,17370,4250,20085,1650
1773111465,1,35270396.0,34556124.0,3110275.2,2926591.8,512280.9,482973.2,185027.6,248901.1,95883.1,403.7,25.1,27.5,699,19.2,36.2,999,2620,3263,3782,13569,12604,17365,4250,20081,1650
1773111766,1,35545060.0,34771204.0,3136235.2,2949465.8,515213.6,487163.7,185554.9,248864.6,95882.6,401.7,25.1,27.5,717,19.3,36.2,999,2619,3263,3782,13574,12603,17369,4250,20081,1650
1773112066,1,35832908.0,35128724.0,3150846.2,2963934.8,517421.8,488548.9,185705.8,249860.6,95883.0,392.8,25.0,27.5,701,19.2,36.2,1000,2619,3263,3781,13570,12604,17368,4250,20077,1649
1773112366,1,36245932.0,35412272.0,3183062.2,2984091.2,521209.7,490280.6,187268.1,250404.9,95883.8,402.5,25.0,27.5,682,19.2,36.2,1000,2619,3263,3781,13571,12603,17368,4250,20084,1650
1773112667,1,36423788.0,35696320.0,3197867.8,3000805.8,522005.5,494120.9,187363.3,250318.0,95884.9,407.8,25.0,27.6,687,19.3,36.2,999,2615,3262,3779,13567,12596,17360,4249,20071,1649
1773112967,1,36689220.0,35859636.0,3207792.8,3006974.0,524202.5,495902.0,187746.4,251467.8,95889.2,395.4,25.0,27.5,683,19.3,36.2,999,2618,3263,3781,13572,12603,17366,4251,20076,1649
1773113265,1,36973300.0,36142204.0,3224500.2,3028621.0,525671.9,497663.5,188272.6,252028.0,95887.6,399.5,25.1,27.5,692,19.4,36.0,1000,2616,3263,3780,13571,12601,17369,4250,20074,1649
1773113566,1,37300740.0,36558404.0,3251367.2,3053720.2,529332.6,499120.0,189230.7,252356.0,95889.0,401.9,25.1,27.5,716,19.3,36.2,1000,2616,3263,3781,13569,12600,17367,4249,20076,1649
1773113866,1,37627056.0,36867092.0,3271788.2,3071669.8,531728.0,503234.2,190242.6,253608.0,95892.7,400.1,25.1,27.5,674,19.3,36.1,999,2619,3264,3781,13571,12602,17364,4250,20075,1649
1773114166,1,37987168.0,37208268.0,3287866.0,3087025.2,533969.9,506361.2,189998.8,253675.4,95897.1,397.4,25.0,27.5,690,19.4,36.1,999,2618,3263,3780,13567,12597,17359,4249,20068,1647
1773114466,1,38191312.0,37476268.0,3303651.2,3110555.2,535493.2,507882.2,190676.9,253986.3,95897.5,393.0,25.0,27.6,680,19.3,36.2,1000,2621,3263,3781,13568,12600,17363,4250,20070,1648
1773114767,1,38508188.0,37798340.0,3322232.8,3125187.8,538163.8,509396.3,190940.8,254771.7,95903.6,389.6,25.1,27.5,687,19.4,36.1,1000,2622,3263,3780,13566,12599,17358,4249,20068,1648
1773115067,1,38744444.0,37961964.0,3338703.0,3141872.2,541682.2,511550.0,191303.8,255197.5,95906.2,392.3,25.0,27.6,686,19.4,36.0,1000,2617,3263,3780,13567,12598,17359,4250,20065,1647
1773115365,1,39085988.0,38191716.0,3368706.0,3152504.0,542241.9,513234.2,191857.8,255340.0,95909.4,400.7,25.1,27.6,699,19.4,36.1,995,2596,3227,3783,13435,12631,17379,4189,20139,1624
1773115665,1,39278572.0,38542180.0,3382327.8,3169946.2,544392.8,514992.2,192539.0,256167.5,95907.2,396.8,25.0,27.6,692,19.3,36.2,994,2593,3226,3781,13432,12625,17375,4187,20132,1623
1773115966,1,39631888.0,38724532.0,3396608.8,3182312.8,547242.8,518279.1,192734.8,257475.4,95911.9,391.2,25.1,27.5,682,19.3,36.1,993,2589,3225,3779,13425,12620,17365,4185,20122,1622
1773116266,1,39898692.0,39109124.0,3414320.2,3205952.0,549360.6,520538.5,193405.4,257411.1,95916.4,387.0,25.1,27.6,664,19.3,36.2,994,2591,3226,3781,13431,12622,17373,4187,20129,1623
1773116566,1,40215220.0,39428692.0,3439104.2,3231783.2,552333.0,521401.0,193963.6,257812.6,95921.9,397.9,25.1,27.6,698,19.4,36.2,904,2566,3150,3744,13332,12379,17250,4142,19960,1601
1773116867,1,40421828.0,39505860.0,3446585.8,3231841.0,552521.0,521345.0,193646.2,258348.0,95927.8,393.6,25.1,27.6,681,19.3,36.3,903,2566,3150,3744,13331,12382,17249,4143,19959,1601
1773117167,1,40599524.0,39800076.0,3466381.2,3249935.0,554652.5,524050.7,194341.3,258704.4,95934.8,387.9,25.0,27.7,699,19.3,36.3,904,2566,3149,3744,13332,12379,17246,4141,19960,1601
1773117467,1,40963764.0,40134380.0,3488593.0,3273492.2,556885.1,527094.4,195277.8,259593.2,95938.2,385.0,25.0,27.7,685,19.3,36.2,903,2560,3149,3743,13331,12377,17244,4141,19952,1600
1773117767,1,41268140.0,40430912.0,3516936.8,3286937.8,560545.3,530545.1,195625.1,260239.8,95940.8,386.0,25.0,27.7,679,19.3,36.4,904,2564,3150,3743,13331,12378,17246,4142,19959,1600
1773118067,1,41727924.0,40832624.0,3539544.0,3319192.0,564786.9,531601.4,196522.2,261475.7,95944.0,378.9,25.0,27.6,672,19.3,36.4,903,2562,3149,3743,13329,12376,17242,4141,19953,1600
1773118367,1,41949276.0,41045588.0,3551722.2,3334566.0,565987.1,534857.3,196666.5,261709.4,95940.8,382.0,25.0,27.7,682,19.3,36.3,903,2563,3149,3743,13331,12376,17244,4141,19954,1600
1773118665,1,42260604.0,41364996.0,3598315.8,3355004.0,568704.2,537467.8,197425.7,262646.2,95936.5,383.9,25.0,27.7,673,19.3,36.3,903,2565,3151,3743,13345,12373,17239,4140,19950,1599
1773118965,1,42414084.0,41530796.0,3599770.8,3360139.2,569442.6,538492.2,198072.5,262976.9,95933.0,379.1,25.0,27.7,669,19.3,36.4,903,2560,3150,3743,13344,12372,17236,4138,19942,1599
1773119265,1,42728336.0,41959900.0,3636410.0,3386440.0,573699.0,540976.7,198259.5,262742.3,95933.9,383.0,25.0,27.7,704,19.3,36.5,903,2556,3150,3742,13341,12370,17236,4138,19941,1599
1773119566,1,42871004.0,41969952.0,3630729.2,3405965.0,573966.1,542322.5,198691.6,263500.9,95936.8,371.6,25.1,27.7,670,19.3,36.5,902,2553,3149,3741,13337,12365,17229,4136,19933,1598
1773119866,1,43017344.0,42197468.0,3637405.8,3395557.0,575398.8,543308.2,199210.0,263708.7,95936.3,374.0,25.0,27.8,672,19.3,36.5,902,2552,3148,3740,13335,12365,17227,4136,19937,1598
1773120166,1,43135044.0,42246384.0,3661513.8,3414852.0,576156.6,543913.9,199583.1,264541.1,95946.2,368.2,25.1,27.8,677,19.3,36.6,902,2554,3148,3740,13335,12365,17229,4136,19935,1598
1773120466,1,43257392.0,42451312.0,3658994.8,3426507.2,579097.1,545942.5,199438.6,264549.1,95954.0,372.2,25.1,27.7,666,19.3,36.6,902,2556,3148,3740,13336,12365,17226,4136,19932,1598
1773120766,1,43553556.0,42622352.0,3677785.0,3437805.0,579714.1,547256.9,199484.2,265380.0,95952.8,367.4,25.1,27.8,651,19.4,36.5,903,2556,3149,3741,13338,12368,17228,4137,19941,1599
1773121066,1,43909372.0,42877292.0,3690434.2,3452704.2,582443.2,549265.6,200692.1,265671.1,95957.6,362.6,25.1,27.8,684,19.3,36.5,902,2554,3148,3740,13335,12366,17228,4137,19932,1598
1773121366,1,44037760.0,43115932.0,3708522.8,3464284.2,583706.2,549250.7,200456.6,266448.0,95955.6,363.2,25.1,27.8,671,19.3,36.6,903,2557,3149,3741,13337,12366,17231,4138,19934,1597
1773121666,1,44281812.0,43415008.0,3730514.8,3481907.0,586038.5,552440.0,201278.4,266635.7,95957.0,368.1,25.1,27.8,653,19.3,36.7,902,2556,3148,3739,13335,12363,17222,4137,19927,1597
1773121965,1,44488736.0,43468940.0,3733124.0,3495040.0,587013.1,552886.9,201288.6,267079.9,95961.5,371.4,25.1,27.8,663,19.4,36.5,902,2552,3148,3739,13333,12361,17221,4136,19923,1597
1773122265,1,44688212.0,43776836.0,3749015.0,3506927.8,587888.1,555152.5,201591.9,267437.0,95960.0,365.6,25.0,27.9,662,19.3,36.7,901,2549,3146,3738,13328,12357,17216,4135,19921,1596
1773122565,1,44902492.0,43918336.0,3756931.2,3518298.2,590202.1,556387.8,202175.0,268536.2,95954.6,363.8,25.0,27.9,649,19.3,36.7,902,2553,3147,3739,13331,12360,17221,4135,19925,1597
1773122865,1,45233940.0,44145196.0,3763351.2,3537036.0,592859.3,557953.4,202552.2,267607.7,95952.5,356.1,25.0,27.9,677,19.3,36.8,902,2554,3148,3740,13331,12362,17222,4136,19926,1597
1773123165,1,45363540.0,44411056.0,3795432.8,3569838.0,594398.5,559812.1,203216.4,268996.8,95951.6,364.8,25.0,28.0,645,19.3,36.8,902,2552,3148,3739,13333,12360,17221,4136,19931,1597
1773123465,1,45428420.0,44462628.0,3805850.8,3567457.0,596017.6,562022.0,203602.0,269169.6,95956.5,367.7,25.0,28.0,670,19.3,36.8,902,2551,3147,3738,13329,12357,17218,4135,19917,1596
1773123765,1,45765628.0,44848256.0,3826768.8,3594610.0,597806.9,563774.8,204359.4,270187.1,95962.0,367.6,25.0,28.0,656,19.3,36.8,902,2548,3146,3737,13327,12353,17214,4135,19914,1595
1773124067,1,45846636.0,44962884.0,3839045.8,3606475.0,599580.2,566369.2,205033.2,270698.7,95966.7,369.4,25.0,27.9,637,19.3,36.7,901,2548,3146,3738,13327,12355,17215,4135,19916,1596
1773124367,1,46159936.0,45244980.0,3856239.0,3608477.8,600990.0,567277.9,205258.8,271892.5,95972.3,366.8,25.0,28.0,643,19.3,36.8,902,2551,3147,3738,13328,12358,17217,4135,19918,1596
1773124667,1,46362372.0,45334428.0,3885486.0,3635568.0,604404.7,569471.9,205828.1,271567.8,95971.2,367.7,25.0,28.0,652,19.3,36.8,902,2547,3147,3736,13323,12353,17211,4133,19907,1595
1773124967,1,46597524.0,45611932.0,3890742.2,3653187.8,605286.0,570921.6,205909.4,272316.7,95968.2,368.5,25.0,27.9,651,19.3,36.8,902,2550,3146,3736,13323,12350,17211,4134,19912,1595
1773125267,1,46891996.0,45927104.0,3918506.0,3674827.2,607690.2,572799.7,206551.1,271884.1,95970.1,368.9,25.0,28.0,676,19.2,36.9,902,2550,3146,3736,13324,12353,17212,4134,19913,1595
1773125567,1,47128512.0,46070404.0,3925307.8,3682093.0,610798.2,576361.5,207110.1,272901.5,95969.5,363.4,25.0,28.0,649,19.3,36.8,902,2554,3147,3737,13326,12353,17211,4135,19911,1595
1773125867,1,47472748.0,46384256.0,3941098.8,3698764.8,611370.6,576184.8,207109.5,273016.1,95967.3,365.7,25.0,28.0,654,19.3,36.9,901,2549,3146,3736,13321,12350,17210,4134,19909,1594
1773126167,1,47646912.0,46567532.0,3953187.0,3706002.2,613361.5,577706.8,207325.0,273810.5,95968.3,366.9,25.0,28.0,655,19.3,36.9,901,2548,3146,3735,13321,12349,17206,4133,19901,1594
1773126467,1,47978252.0,46841444.0,3981112.0,3713716.2,616995.6,580788.9,208436.2,274593.2,95967.9,369.0,25.0,28.0,653,19.3,36.9,902,2548,3146,3736,13322,12350,17209,4134,19906,1594
1773126767,1,48060464.0,46954112.0,3991803.8,3745323.8,617304.1,583046.3,208245.5,275734.1,95964.4,366.3,25.0,28.0,651,19.2,36.9,902,2553,3147,3737,13325,12353,17212,4134,19906,1594
1773127067,1,48567360.0,47270896.0,3998521.2,3749766.0,620212.1,583404.0,208843.6,276337.8,95963.1,366.5,25.0,28.0,669,19.2,37.0,902,2552,3147,3737,13326,12354,17212,4135,19909,1595
1773127367,1,48773492.0,47619024.0,4027825.0,3775009.2,622146.1,586623.7,208826.4,276763.0,95955.8,374.4,25.0,28.0,647,19.3,36.9,902,2549,3147,3736,13323,12352,17207,4134,19903,1594
1773127665,1,49055280.0,47809104.0,4055239.0,3782101.2,623517.5,587997.1,209533.1,276838.5,95950.8,362.6,25.0,28.0,632,19.3,36.9,902,2553,3147,3737,13327,12352,17213,4135,19907,1594
1773127965,1,49238844.0,48141424.0,4056800.8,3791704.8,624087.9,589134.4,209643.3,277727.3,95948.0,369.7,25.0,28.0,677,19.3,36.9,902,2553,3147,3736,13323,12351,17207,4134,19904,1594
1773128265,1,49397052.0,48357988.0,4079942.0,3810407.8,626966.2,591127.4,210146.3,278340.2,95944.0,367.7,25.0,28.0,673,19.3,36.9,902,2551,3146,3735,13320,12349,17204,4133,19903,1594
1773128565,1,49716612.0,48769424.0,4093973.2,3822186.0,628517.2,593550.2,210800.3,278645.2,95946.3,359.7,25.0,28.0,660,19.2,37.0,902,2552,3147,3736,13323,12351,17207,4134,19906,1593
1773128865,1,49980780.0,48969580.0,4110277.2,3843200.0,630245.0,593432.9,211007.2,278897.7,95943.2,359.1,25.0,28.0,613,19.3,36.9,901,2548,3145,3734,13316,12345,17199,4133,19897,1593
1773129165,1,50191268.0,49158044.0,4128327.8,3871345.0,632109.5,595303.7,211718.8,279324.8,95941.9,361.9,25.0,28.0,643,19.3,36.9,902,2555,3147,3737,13324,12354,17209,4135,19905,1593
1773129465,1,50367092.0,49454480.0,4147266.2,3883723.0,635515.4,597349.8,212258.6,279572.4,95943.3,362.2,25.0,28.0,651,19.3,36.9,902,2553,3147,3735,13322,12349,17204,4134,19899,1593
1773129766,1,50724556.0,49598588.0,4159448.2,3895043.2,637231.7,598647.8,212628.4,280627.8,95943.6,360.0,25.0,28.1,658,19.2,37.0,902,2551,3145,3734,13316,12346,17197,4132,19897,1593
1773130066,1,50909268.0,50012132.0,4178913.0,3907972.0,639662.8,601996.2,213440.8,280849.9,95941.8,362.8,25.0,28.0,655,19.3,36.9,902,2551,3146,3735,13318,12346,17202,4133,19900,1593
1773130366,1,51146320.0,50037236.0,4185794.2,3924709.0,640505.6,603442.7,213199.2,280888.0,95944.0,359.6,25.0,28.0,691,19.3,36.9,901,2548,3145,3734,13315,12343,17196,4132,19892,1592
1773130666,1,51462564.0,50419940.0,4215332.5,3938221.2,644341.2,605016.1,214280.2,281450.2,95947.3,352.6,25.0,28.1,655,19.2,37.0,902,2552,3146,3735,13315,12346,17200,4133,19895,1593
1773130966,1,51746852.0,50724268.0,4236464.5,3970936.8,645214.2,607472.7,214488.2,282385.9,95948.8,357.3,25.0,28.0,661,19.2,37.0,902,2553,3146,3735,13319,12347,17202,4134,19896,1592
1773131266,1,51951948.0,50985520.0,4255523.5,3985341.0,648146.1,610693.6,215083.4,282511.0,95958.6,355.9,25.0,28.1,623,19.3,37.0,902,2551,3146,3734,13318,12345,17198,4134,19896,1593
1773131566,1,52394500.0,51252124.0,4270939.5,4001012.8,648799.0,610938.7,215769.6,283511.4,95963.7,360.7,25.0,28.0,679,19.2,37.0,902,2552,3146,3734,13317,12345,17200,4134,19896,1593
1773131866,1,52624204.0,51538372.0,4282907.5,4019292.8,653272.1,613148.9,215879.1,283274.6,95962.7,361.7,25.0,28.0,622,19.2,37.0,902,2552,3146,3734,13320,12345,17201,4134,19886,1592
1773132166,1,52831724.0,51523116.0,4294736.5,4045870.2,654757.7,616762.3,216366.8,284623.7,95956.7,363.3,25.0,28.0,626,19.2,37.1,901,2551,3145,3734,13313,12344,17196,4133,19888,1592
1773132466,1,53013908.0,52064416.0,4322498.5,4064892.0,657410.0,617824.1,217262.2,285402.5,95954.0,356.0,25.0,28.0,638,19.2,37.1,902,2555,3146,3735,13314,12345,17199,4133,19897,1592
1773132766,1,53415660.0,52153804.0,4338298.5,4078825.2,659460.2,619823.1,216955.2,285376.8,95960.0,353.4,25.0,28.0,650,19.3,37.0,902,2551,3146,3734,13314,12344,17196,4133,19893,1592
1773133066,1,53688524.0,52390196.0,4355965.5,4078590.2,660262.2,621976.9,217953.1,285642.5,95965.6,352.0,25.0,28.0,643,19.2,37.1,901,2549,3145,3733,13311,12339,17191,4132,19884,1591
1773133367,1,53839200.0,52707732.0,4388974.5,4104390.8,662389.0,623395.2,218263.9,286488.5,95967.8,353.4,24.9,28.1,653,19.2,37.1,901,2550,3145,3734,13313,12342,17194,4133,19888,1591
1773133667,1,54288276.0,52978884.0,4414090.5,4124427.2,665565.8,626431.7,218733.2,287244.6,95971.7,354.2,24.9,28.1,637,19.2,37.1,902,2552,3145,3734,13313,12343,17195,4132,19885,1591
1773133965,1,54566476.0,53299184.0,4417503.5,4135985.2,667470.1,627184.3,219127.2,287467.6,95973.9,354.4,25.0,28.0,647,19.2,37.0,901,2550,3145,3733,13309,12340,17191,4131,19880,1591
1773134265,1,54874032.0,53510268.0,4439550.5,4157661.2,669782.4,629063.3,219836.2,287816.8,95979.5,349.7,25.0,28.0,636,19.2,37.0,902,2550,3146,3733,13313,12340,17193,4133,19880,1590
1773134567,1,55144716.0,53758132.0,4450389.5,4173536.2,673438.8,632110.9,220779.9,288665.5,95979.5,356.3,25.0,28.1,627,19.3,37.0,902,2549,3144,3733,13308,12340,17188,4131,19882,1590
1773134865,1,55465652.0,54106852.0,4467786.5,4196620.5,676565.7,634437.9,219715.4,289598.3,95988.8,352.8,24.9,28.1,629,19.2,37.0,901,2550,3145,3733,13309,12339,17190,4132,19882,1591
1773135165,1,55682828.0,54299188.0,4504156.5,4204171.0,676634.0,636519.3,221212.3,289630.9,95994.4,353.8,25.0,28.1,637,19.2,37.1,902,2554,3146,3733,13311,12342,17190,4133,19888,1591
1773135466,1,55957532.0,54597760.0,4520627.5,4223769.0,678111.2,637992.2,221395.0,290045.7,95990.7,354.3,25.0,28.1,625,19.2,37.1,901,2550,3145,3732,13309,12338,17187,4132,19881,1590
1773135766,1,56309908.0,54984612.0,4540668.5,4242998.0,681449.8,640781.1,221861.5,290545.7,95989.9,358.1,24.9,28.1,608,19.2,37.1,901,2549,3144,3731,13304,12335,17182,4131,19875,1590
1773136066,1,56585280.0,55222292.0,4563801.5,4267190.0,684262.2,642961.2,222533.8,291586.6,96000.4,355.5,25.0,28.1,629,19.2,37.1,901,2548,3144,3731,13302,12335,17182,4130,19875,1589
1773136366,1,56835292.0,55531908.0,4569924.5,4272440.0,685581.0,644458.8,222767.0,293254.3,96001.8,354.0,24.9,28.1,627,19.2,37.2,901,2548,3143,3731,13304,12333,17181,4131,19874,1589
1773136666,1,57206384.0,55763516.0,4609140.5,4297604.5,687919.2,646971.9,223669.0,293420.3,95997.4,349.4,24.9,28.1,645,19.3,37.0,902,2551,3145,3732,13310,12337,17186,4132,19875,1589
1773136966,1,57467520.0,55980620.0,4635580.5,4322248.5,690240.4,650017.4,223815.4,294316.5,96000.4,350.1,25.0,28.1,614,19.2,37.1,902,2549,3144,3732,13308,12336,17185,4132,19874,1589
1773137266,1,57635120.0,56348096.0,4650753.5,4334795.5,691246.4,651655.8,224612.4,294655.0,95997.2,358.5,24.9,28.1,637,19.2,37.1,901,2546,3143,3731,13302,12333,17181,4131,19870,1589
1773137566,1,57793316.0,56624132.0,4663645.5,4345860.5,693727.8,654697.4,224835.5,294984.3,95988.9,350.0,24.9,28.1,628,19.2,37.1,901,2549,3144,3732,13305,12335,17180,4131,19873,1589
1773137866,1,58187856.0,56974956.0,4679671.5,4380282.0,697764.7,656318.8,225090.1,295728.8,95990.9,352.8,25.0,28.1,625,19.2,37.1,901,2548,3144,3731,13306,12335,17182,4131,19874,1590
1773138166,1,58517940.0,57139212.0,4702530.5,4384686.0,700164.8,657213.4,225954.7,296524.2,95990.9,349.4,24.9,28.1,622,19.2,37.2,901,2551,3145,3732,13309,12337,17185,4132,19877,1590
1773138466,1,58803536.0,57592412.0,4730723.5,4424454.0,702932.8,660977.9,226143.4,297167.6,95996.7,348.5,24.9,28.1,612,19.2,37.1,902,2552,3144,3732,13305,12336,17181,4132,19870,1589
1773138766,1,59138188.0,57709328.0,4754176.5,4434684.5,704202.0,662939.7,226545.0,297739.6,96002.4,348.6,25.0,28.1,645,19.3,37.1,901,2553,3145,3733,13306,12336,17182,4132,19872,1589
1773139066,1,59543088.0,57991984.0,4757231.5,4464279.5,705662.6,664581.2,227211.5,298216.6,95999.5,343.9,25.0,28.1,638,19.2,37.1,901,2549,3143,3731,13303,12333,17176,4131,19866,1588
1773139366,1,59723152.0,58150564.0,4780372.5,4472099.5,708755.5,665231.9,227739.5,298735.1,96002.8,345.3,24.9,28.1,644,19.2,37.1,901,2546,3143,3730,13299,12330,17174,4129,19863,1588
1773139666,1,60011684.0,58595988.0,4802595.0,4508314.5,712190.5,669744.3,228408.0,299788.8,95998.3,342.8,25.0,28.1,637,19.2,37.2,901,2553,3145,3731,13306,12336,17180,4131,19871,1588
1773139966,1,60272804.0,58902692.0,4829898.0,4529577.5,714643.2,672525.7,228796.9,299420.8,95999.5,344.5,25.0,28.1,622,19.1,37.3,901,2552,3144,3731,13302,12333,17176,4131,19867,1588
1773140266,1,60546940.0,59263616.0,4851552.5,4545842.0,716828.3,673201.2,229449.3,299879.2,95992.7,342.2,24.9,28.1,618,19.2,37.1,902,2555,3145,3731,13305,12337,17178,4132,19871,1588
1773140566,1,60993312.0,59380060.0,4864350.0,4575327.5,719743.6,676206.8,229848.7,301008.4,95997.3,348.0,25.0,28.1,623,19.2,37.1,901,2549,3143,3730,13300,12330,17175,4130,19869,1588
1773140866,1,61118128.0,59632804.0,4881837.5,4591896.5,721899.5,678122.2,230488.6,300865.4,96000.6,348.5,25.0,28.1,624,19.2,37.0,901,2553,3145,3730,13301,12332,17175,4131,19866,1588
1773141166,1,61370540.0,59945260.0,4899927.5,4599209.5,722440.8,681106.6,231739.5,301890.1,95998.9,345.1,24.9,28.1,636,19.2,37.1,901,2551,3144,3731,13302,12331,17175,4130,19870,1588
1773141466,1,61861184.0,60185904.0,4915751.5,4621098.0,725529.9,681802.8,231417.4,302969.5,95996.7,348.2,24.9,28.1,660,19.2,37.1,901,2549,3143,3730,13300,12331,17172,4129,19861,1587
1773141765,1,62197172.0,60495756.0,4947343.5,4646295.5,727769.4,686097.2,231920.7,303191.4,95990.7,348.5,24.9,28.1,644,19.2,37.1,901,2548,3143,3730,13298,12326,17169,4129,19861,1587
1773142065,1,62366980.0,61009248.0,4961166.0,4665529.5,730878.8,688336.2,232692.0,303761.3,95990.9,345.3,24.9,28.1,635,19.2,37.1,901,2553,3145,3730,13303,12333,17175,4130,19869,1587
1773142365,1,62532276.0,61262284.0,4979344.5,4687427.5,733526.4,689274.9,233597.8,304228.3,95994.8,351.6,24.9,28.1,612,19.3,37.0,901,2547,3143,3729,13297,12327,17169,4129,19860,1587
1773142667,1,63184852.0,61538996.0,4999806.5,4694689.5,736503.6,691315.3,233286.0,304384.1,95995.5,345.0,24.9,28.1,668,19.2,37.1,901,2552,3144,3730,13302,12331,17173,4130,19861,1587
1773142967,1,63346396.0,61753940.0,5016661.5,4725608.0,739025.1,694845.3,234262.6,305493.0,96003.2,341.2,25.0,28.1,634,19.2,37.1,901,2552,3144,3730,13300,12330,17173,4130,19864,1587
1773143267,1,63621348.0,62161328.0,5050558.5,4734040.5,740356.8,696179.8,234806.1,305792.2,96003.4,340.1,25.0,28.1,630,19.2,37.1,901,2549,3143,3729,13299,12327,17170,4128,19859,1587
1773143567,1,63993124.0,62354140.0,5070458.0,4764152.0,742585.5,697821.9,235316.0,306701.1,96001.8,348.6,24.9,28.1,628,19.2,37.1,901,2551,3144,3731,13300,12329,17173,4130,19865,1587
1773143867,1,64118772.0,62688592.0,5093680.5,4781556.0,744897.6,701345.7,235794.4,307170.8,96006.4,343.4,25.0,28.0,643,19.2,37.2,901,2551,3144,3730,13299,12330,17172,4130,19858,1586
1773144167,1,64641452.0,62934556.0,5104645.0,4793160.5,747018.2,705464.6,236052.7,307595.1,96001.1,341.7,24.9,28.1,636,19.2,37.1,901,2549,3143,3728,13296,12324,17164,4128,19856,1586
1773144466,1,64839104.0,63136656.0,5120946.5,4820600.5,750408.9,707565.1,236785.0,308317.6,96003.6,344.4,25.0,28.0,613,19.2,37.1,900,2547,3142,3729,13293,12324,17163,4128,19852,1586
1773144766,1,65389068.0,63683412.0,5167956.0,4843068.0,753335.0,708752.2,237429.1,309108.8,96004.1,345.1,25.0,28.0,634,19.3,37.0,900,2545,3142,3728,13292,12320,17162,4127,19849,1586
1773145066,1,65352736.0,63610300.0,5152166.5,4863146.5,755280.7,710241.2,237509.0,310473.4,96008.9,347.0,24.9,28.1,642,19.2,37.1,900,2548,3142,3728,13293,12325,17161,4128,19850,1586
1773145366,1,65832532.0,64127172.0,5178766.5,4875887.0,758719.2,715212.2,238213.6,309380.5,96009.9,344.7,25.0,28.0,632,19.2,37.1,901,2549,3143,3729,13298,12326,17166,4130,19856,1586
1773145666,1,66175076.0,64522652.0,5207443.0,4900479.5,760256.8,716123.0,238707.3,311692.1,96018.1,337.8,24.9,28.1,646,19.2,37.0,901,2549,3143,3728,13298,12325,17166,4129,19855,1586
1773145965,1,66343632.0,64693228.0,5216099.5,4913292.0,764059.8,717046.5,239380.4,312188.9,96022.0,345.0,25.0,28.0,652,19.2,37.0,901,2546,3141,3727,13293,12321,17160,4128,19845,1585
1773146267,1,66698596.0,65004724.0,5253950.5,4944864.5,766624.4,721680.0,240478.9,312861.9,96025.4,343.6,24.9,27.9,621,19.3,36.8,901,2554,3143,3729,13296,12327,17165,4130,19859,1586
1773146567,1,67259544.0,65626592.0,5285139.5,4973188.5,771177.5,724169.7,241165.5,313934.0,96028.4,345.3,25.0,27.8,658,19.2,36.7,901,2555,3144,3730,13300,12329,17169,4130,19860,1586
1773146867,1,68039520.0,66315140.0,5331382.0,5015652.5,775713.7,729240.1,241847.5,314879.2,96035.7,348.7,24.9,27.8,645,19.2,36.8,902,2559,3145,3731,13302,12331,17172,4132,19863,1587
1773147167,1,68240248.0,66655020.0,5364760.0,5038774.5,779485.2,731075.8,242732.0,316159.5,96044.6,346.8,25.0,27.8,639,19.1,36.9,902,2558,3145,3732,13304,12334,17175,4132,19869,1587
1773147466,1,68878840.0,67068844.0,5390286.0,5076633.5,783443.8,737126.1,243724.1,316888.8,96042.6,344.3,24.9,27.8,626,19.1,36.9,902,2558,3144,3730,13299,12330,17166,4130,19862,1586
1773147766,1,69256680.0,67481816.0,5404950.5,5094623.5,785367.9,738470.5,243538.1,316990.2,96047.0,339.8,24.9,27.9,613,19.1,37.0,902,2558,3144,3730,13299,12330,17169,4131,19857,1586
1773148066,1,69409512.0,67777432.0,5430931.5,5126646.0,787012.9,741872.8,243985.2,317511.1,96050.1,348.4,24.9,27.8,634,19.1,36.9,902,2562,3145,3730,13302,12332,17174,4131,19863,1586
1773148366,1,69852928.0,68032536.0,5448812.0,5138321.5,793217.0,742706.2,244552.0,318056.0,96051.7,345.1,24.9,27.8,602,19.1,37.0,902,2560,3145,3731,13301,12332,17174,4131,19861,1586
1773148666,1,70061888.0,68270616.0,5470014.5,5148900.5,792642.2,743992.8,244571.5,319109.8,96057.4,344.0,24.9,27.9,613,19.1,36.9,902,2560,3145,3730,13301,12332,17173,4131,19858,1586
1773148966,1,70445224.0,68690992.0,5497027.5,5179241.5,794068.3,748047.4,245650.0,319389.2,96060.9,346.3,24.9,27.9,645,19.1,37.0,902,2564,3145,3731,13302,12334,17175,4132,19873,1587
1773149266,1,70866872.0,68965000.0,5521520.5,5191175.5,797700.5,750713.7,245961.6,319552.8,96070.5,342.5,25.0,27.9,630,19.1,37.0,903,2562,3146,3730,13304,12333,17173,4132,19869,1586
1773149566,1,71010688.0,69090144.0,5533722.5,5196426.5,798395.3,750046.7,246548.8,319683.0,96077.8,347.1,24.9,27.9,637,19.1,37.0,903,2565,3146,3730,13306,12335,17175,4132,19865,1586
1773149865,1,71168248.0,69433688.0,5529848.0,5208159.5,798820.8,751989.6,246598.8,320639.9,96081.0,346.3,24.9,27.9,648,19.2,36.9,903,2565,3146,3731,13302,12333,17174,4131,19867,1586
1773150165,1,71180728.0,69334848.0,5534848.5,5220276.0,803422.8,752950.9,246999.2,320945.9,96081.7,345.3,25.0,27.9,643,19.2,36.9,902,2561,3145,3729,13300,12329,17168,4131,19857,1585
1773150465,1,71678208.0,69742552.0,5554363.5,5237368.5,802259.2,757719.3,247125.9,321161.8,96077.2,345.3,25.0,27.9,616,19.2,36.9,902,2563,3146,3730,13303,12332,17173,4132,19861,1586
1773150767,1,71795528.0,69802432.0,5574497.5,5248139.5,803963.6,756782.3,247807.9,321193.5,96087.5,346.7,24.9,27.9,618,19.1,37.0,903,2565,3147,3731,13304,12334,17173,4133,19868,1586
1773151067,1,71983960.0,70237512.0,5582702.5,5274862.0,806387.5,759072.1,248387.1,322133.8,96077.0,350.1,24.9,27.9,655,19.1,37.1,902,2561,3145,3729,13297,12328,17166,4130,19854,1585
1773151367,1,72083496.0,70436280.0,5608882.5,5286688.0,808212.7,762222.2,248850.0,321834.9,96079.4,350.0,24.9,28.0,642,19.1,37.1,902,2561,3145,3729,13298,12331,17169,4131,19859,1585
1773151667,1,72584952.0,70747128.0,5627097.5,5303850.5,811155.3,762156.8,248887.2,322752.1,96082.8,349.2,24.9,28.0,643,19.1,37.1,902,2564,3146,3730,13300,12331,17170,4132,19865,1586
1773151967,1,72947864.0,70989240.0,5652888.5,5335056.5,813126.5,763863.2,249290.9,323459.0,96082.3,345.3,24.9,28.0,625,19.1,37.1,902,2566,3145,3730,13298,12330,17169,4131,19862,1586
1773152267,1,73118728.0,71330616.0,5653378.0,5345561.5,813979.8,766883.5,249617.6,323660.7,96079.4,344.9,24.9,27.9,622,19.0,37.2,903,2568,3146,3730,13299,12331,17169,4132,19864,1586
1773152567,1,73403176.0,71513216.0,5681355.5,5365675.5,815721.8,768951.2,250169.0,323207.9,96096.4,336.1,24.9,28.0,624,19.1,37.1,902,2562,3145,3729,13298,12330,17166,4131,19858,1586
1773152866,1,73673160.0,71806792.0,5691614.5,5364505.5,817911.7,768548.5,250813.9,325030.7,96099.8,346.9,24.9,27.9,639,19.1,37.1,902,2566,3145,3730,13300,12331,17169,4132,19862,1586
1773153166,1,74052088.0,72030784.0,5717592.0,5371158.5,819295.2,771329.0,250848.5,324339.9,96090.9,344.9,24.9,28.0,652,19.0,37.2,902,2564,3145,3729,13296,12329,17165,4131,19859,1585
1773153467,1,73894312.0,72370336.0,5722925.5,5411579.0,824392.0,773241.7,251220.3,324539.5,96092.5,338.8,24.9,27.9,628,19.0,37.2,902,2563,3145,3730,13297,12328,17166,4130,19860,1586
1773153767,1,74475880.0,72402024.0,5749648.0,5421918.5,823063.3,774798.5,251507.6,324694.5,96096.1,339.7,24.8,28.0,627,19.0,37.2,902,2564,3145,3729,13296,12327,17165,4131,19858,1585
1773154067,1,74365752.0,72389480.0,5757437.5,5424542.5,824612.5,777537.6,251934.0,325761.2,96109.2,341.4,24.9,27.9,618,19.1,37.1,902,2566,3145,3729,13297,12329,17166,4130,19857,1585
1773154367,1,74537576.0,72692456.0,5770936.5,5439702.0,827571.8,777725.2,252398.1,326189.0,96111.8,336.3,24.9,27.9,640,19.0,37.2,902,2564,3145,3730,13299,12329,17165,4131,19859,1585
1773154667,1,74856280.0,73199584.0,5795268.0,5470644.5,829837.0,780375.2,252843.3,326413.0,96119.4,352.5,24.9,28.0,630,19.0,37.2,902,2564,3146,3730,13299,12328,17167,4131,19857,1585
1773154967,1,75138288.0,73356208.0,5802344.0,5478002.5,830431.0,781727.2,252751.4,327506.2,96123.0,341.8,24.8,28.0,636,19.1,37.1,903,2566,3147,3730,13302,12332,17171,4133,19859,1585
1773155267,1,75499072.0,73869208.0,5821411.5,5493091.5,833389.7,785863.9,253473.9,328141.7,96130.2,342.3,24.9,27.9,648,19.1,37.1,902,2564,3145,3729,13298,12329,17164,4131,19855,1584
1773155567,1,75991712.0,74108304.0,5856126.5,5522248.0,837384.9,789032.2,254142.8,327703.1,96137.5,345.8,24.9,27.9,619,19.1,37.0,902,2567,3146,3729,13297,12328,17166,4131,19851,1584
1773155867,1,76149408.0,74302720.0,5876707.5,5533854.0,839280.1,789821.0,253973.8,328013.1,96137.9,342.3,24.9,28.0,647,19.0,37.1,902,2566,3146,3730,13295,12328,17164,4131,19857,1585
1773156167,1,76721240.0,74692032.0,5896597.5,5571258.5,842859.4,793432.7,254766.7,328545.0,96136.4,342.7,24.9,28.0,613,19.1,37.1,903,2563,3145,3729,13297,12328,17164,4131,19853,1584
1773156466,1,76874024.0,75113952.0,5918310.5,5584908.5,846773.9,794282.7,255710.5,329419.4,96142.9,339.6,24.8,28.0,621,19.0,37.2,902,2564,3145,3729,13294,12325,17161,4130,19851,1584
1773156766,1,77372440.0,75470648.0,5949409.5,5624365.5,848275.9,798689.7,256296.5,329550.5,96155.1,342.0,24.8,28.0,638,19.0,37.2,902,2565,3145,3729,13296,12326,17163,4131,19853,1584
1773157066,1,77928392.0,75932464.0,5982615.5,5647621.5,852339.9,800931.6,256679.5,330784.8,96156.6,351.3,24.9,28.0,651,19.1,37.2,903,2562,3146,3730,13297,12330,17165,4131,19855,1584
1773157366,1,78097336.0,76388768.0,6000919.5,5668430.5,852355.4,803400.8,257513.3,331507.9,96163.7,349.7,24.8,28.0,640,19.0,37.2,902,2567,3145,3729,13295,12326,17164,4130,19858,1585
1773157666,1,78502760.0,76755272.0,6039056.0,5699340.5,858036.0,808929.2,257612.9,331766.5,96169.4,349.1,24.9,28.0,645,19.1,37.2,903,2568,3146,3729,13297,12327,17163,4132,19857,1584
1773157967,1,78753312.0,77028296.0,6050311.5,5715365.5,859438.6,808524.0,258085.3,332129.9,96170.0,348.6,24.8,28.0,669,19.0,37.3,902,2561,3144,3728,13294,12326,17160,4130,19852,1584
1773158267,1,79173760.0,77413568.0,6083154.5,5730559.5,862269.0,809631.0,258314.0,332488.2,96173.1,353.5,24.9,28.0,642,19.1,37.1,902,2563,3145,3728,13295,12326,17160,4130,19846,1583
1773158567,1,79434200.0,77588872.0,6080918.0,5746822.5,861200.8,812128.0,260108.7,332913.5,96173.6,350.2,24.9,28.0,625,19.1,37.1,902,2564,3144,3728,13294,12322,17156,4129,19846,1583
1773158865,1,79759432.0,77707104.0,6112538.0,5762628.0,862551.2,813179.2,260440.4,332960.8,96180.4,350.2,24.8,28.0,664,19.0,37.3,902,2565,3146,3729,13296,12327,17163,4130,19856,1584
1773159165,1,79659936.0,78159096.0,6113638.0,5770252.5,868744.8,816591.4,260892.0,333703.8,96181.5,348.7,24.9,28.1,655,19.0,37.4,903,2568,3146,3728,13295,12325,17162,4131,19855,1584
1773159465,1,80350752.0,78307976.0,6148258.0,5800268.5,870934.0,818361.3,261194.6,333988.0,96189.0,356.1,24.9,28.1,674,19.1,37.3,902,2565,3145,3729,13296,12326,17159,4130,19853,1583
1773159765,1,80605096.0,78742496.0,6164678.0,5816581.5,870869.3,818807.2,261251.5,333920.0,96193.5,364.4,24.9,28.1,658,19.0,37.4,902,2563,3144,3727,13292,12319,17154,4128,19849,1583
1773160067,1,80559256.0,78631936.0,6168164.5,5822334.5,873501.5,819610.7,261466.1,333279.1,96199.4,363.2,24.9,28.1,683,19.0,37.5,901,2561,3143,3727,13288,12318,17151,4128,19842,1583
1773160367,1,80979608.0,78833808.0,6193160.5,5842515.5,871999.8,821433.4,261761.2,334363.2,96205.9,368.6,24.8,28.2,662,19.0,37.5,903,2568,3146,3729,13296,12326,17160,4130,19852,1584
1773160667,1,81100936.0,79415464.0,6193241.5,5850084.5,875014.6,822582.6,260272.6,334758.0,96220.5,371.8,24.8,28.2,671,19.0,37.5,902,2565,3145,3728,13291,12322,17154,4130,19847,1583
1773160967,1,81220672.0,79406264.0,6196822.5,5850852.0,877540.1,825088.4,262041.1,335152.6,96219.4,378.0,24.9,28.1,692,19.0,37.4,902,2565,3145,3728,13291,12324,17155,4130,19846,1583
1773161267,1,81166776.0,79223288.0,6198377.5,5856067.5,878106.8,824332.6,261379.9,334749.2,96225.1,377.2,24.9,28.2,699,19.1,37.4,902,2565,3145,3728,13293,12322,17157,4130,19842,1583
1773161567,1,81040128.0,79135080.0,6185017.5,5840042.5,876559.5,822928.6,261859.7,333934.4,96221.1,380.2,24.9,28.2,675,19.0,37.6,903,2569,3146,3729,13296,12327,17160,4130,19851,1583
1773161867,1,81322080.0,79338392.0,6202090.0,5862714.5,877171.2,824957.8,261712.1,334943.0,96209.9,380.4,24.9,28.3,690,19.1,37.5,902,2566,3145,3728,13291,12323,17155,4130,19848,1583
1773162167,1,81082472.0,79333240.0,6197398.5,5855710.0,877532.4,825532.7,261403.1,333404.8,96222.7,383.2,24.8,28.4,702,19.0,37.7,902,2565,3144,3727,13291,12323,17154,4129,19844,1583
1773162467,1,81168504.0,79099032.0,6187110.0,5830090.0,874417.8,822023.0,261446.2,333331.2,96223.9,389.7,24.9,28.3,685,19.0,37.7,902,2565,3144,3728,13291,12325,17158,4130,19844,1583
1773162767,1,81029120.0,78969568.0,6196431.5,5843799.5,874481.4,822287.8,259805.0,333391.3,96228.7,390.3,24.9,28.3,723,19.1,37.7,902,2561,3144,3727,13287,12319,17151,4128,19838,1582
1773163067,1,80981816.0,79027488.0,6178852.5,5829004.0,871823.1,820542.8,261302.9,332256.8,96227.9,391.2,24.9,28.3,721,19.1,37.6,902,2562,3145,3728,13291,12321,17157,4129,19841,1582
1773163367,1,81289024.0,79098600.0,6173968.0,5848157.5,872929.9,819857.3,259079.3,333273.2,96223.9,397.6,24.9,28.3,708,19.0,37.7,903,2568,3146,3727,13296,12324,17161,4130,19850,1583
1773163667,1,81048608.0,79169088.0,6172815.5,5833650.0,875560.9,819632.8,260521.2,332459.8,96223.4,407.8,24.9,28.4,722,19.1,37.7,903,2565,3145,3728,13295,12321,17159,4130,19844,1583
1773163967,1,81307128.0,79264792.0,6185516.0,5829949.5,873114.0,822187.0,260385.9,332518.5,96236.0,408.0,24.8,28.4,715,19.1,37.8,902,2564,3145,3728,13294,12323,17161,4131,19841,1582
1773164267,1,80878904.0,78980472.0,6190338.5,5845404.5,873706.1,821248.2,260228.0,332127.7,96229.9,411.9,24.9,28.4,753,19.1,37.7,902,2561,3144,3727,13288,12319,17150,4128,19835,1581
1773164567,1,80968352.0,79345960.0,6180538.5,5837542.5,872181.5,820861.0,259648.5,332161.7,96229.0,418.5,24.8,28.5,727,19.0,37.8,902,2560,3144,3726,13291,12319,17154,4129,19839,1582
1773164867,1,81236128.0,79623672.0,6205462.0,5866500.0,876397.3,822428.7,259367.5,332179.3,96228.0,416.8,24.8,28.5,732,19.0,37.9,902,2559,3143,3726,13289,12316,17149,4127,19833,1582
1773165167,1,81298904.0,79225176.0,6194369.5,5861255.5,876853.5,824225.7,259941.1,332478.7,96221.7,415.9,24.9,28.5,755,19.0,37.9,902,2561,3145,3727,13291,12319,17156,4128,19841,1582
1773165467,1,81605064.0,79823640.0,6216724.5,5878247.5,879449.1,826423.8,259960.3,333633.9,96227.1,419.4,24.9,28.5,728,19.1,37.8,903,2568,3145,3728,13294,12323,17157,4130,19847,1583
1773165767,1,81870744.0,79913952.0,6216592.5,5892000.0,880646.2,827242.6,261263.3,333143.3,96233.5,413.7,24.9,28.4,740,19.1,37.7,902,2562,3144,3727,13289,12319,17151,4128,19834,1581
1773166067,1,81660352.0,79978536.0,6235901.5,5901626.5,880341.0,827649.7,261991.2,333838.3,96239.1,417.5,24.9,28.6,739,19.2,37.6,902,2560,3142,3723,13286,12305,17144,4127,19838,1582
1773166367,1,81972056.0,79776952.0,6245900.0,5909965.5,881441.8,831274.8,261862.9,333486.8,96230.2,420.9,24.9,28.4,784,19.2,37.5,902,2562,3144,3724,13291,12308,17149,4128,19838,1582
1773166667,1,82447784.0,80342904.0,6276315.5,5920350.5,885718.2,832782.8,262041.8,334474.9,96235.6,414.1,25.0,28.3,757,19.2,37.5,902,2561,3143,3723,13285,12306,17143,4127,19833,1582
1773166967,1,82751304.0,80697624.0,6291938.5,5954620.5,887730.3,834817.6,263020.7,335667.4,96236.0,422.4,24.9,28.3,738,19.2,37.6,902,2564,3143,3724,13286,12307,17146,4128,19838,1582
1773167267,1,83048712.0,81275360.0,6323876.5,5984558.0,892095.3,836023.8,263804.1,336474.5,96239.4,425.8,24.9,28.3,752,19.2,37.5,902,2565,3144,3724,13288,12309,17148,4128,19840,1582
1773167567,1,83684664.0,81391680.0,6376599.5,6009506.0,895005.2,840245.6,264878.3,336826.1,96243.5,420.2,25.0,28.3,758,19.2,37.5,901,2561,3143,3723,13284,12305,17143,4126,19835,1582
1773167867,1,83855880.0,81902312.0,6395466.0,6028848.0,899485.1,844550.7,264799.8,337015.6,96238.3,417.7,25.0,28.3,755,19.2,37.6,901,2557,3143,3723,13283,12303,17142,4126,19830,1581
1773168167,1,84396648.0,82553672.0,6411414.5,6045364.0,903145.1,848881.7,265892.3,339065.7,96236.9,427.2,25.0,28.3,738,19.2,37.6,902,2568,3143,3724,13289,12308,17150,4127,19841,1582
1773168467,1,84647232.0,82482496.0,6437297.5,6056098.5,903639.5,851634.5,266716.8,339017.8,96238.9,429.6,25.0,28.3,751,19.2,37.4,902,2561,3143,3722,13286,12306,17142,4127,19831,1581
1773168766,1,85098952.0,83040320.0,6476753.5,6104202.5,909488.8,852917.0,268299.4,338708.3,96239.0,425.1,24.9,28.3,765,19.2,37.4,902,2559,3142,3722,13283,12304,17140,4126,19828,1581
1773169066,1,85703048.0,83897608.0,6517201.5,6133158.0,913549.9,854216.5,268561.8,340917.3,96239.0,417.4,24.9,28.2,747,19.2,37.4,902,2567,3144,3723,13287,12309,17149,4128,19842,1582
1773169366,1,86152312.0,84225952.0,6559423.5,6183534.5,915861.8,860956.5,268802.8,341549.9,96246.8,410.7,24.9,28.2,736,19.1,37.5,902,2564,3144,3723,13286,12305,17145,4127,19835,1581
1773169666,1,86928448.0,84750496.0,6576661.5,6195974.5,918430.5,861152.0,269395.6,341635.8,96248.4,425.4,24.9,28.3,753,19.1,37.5,902,2562,3143,3722,13283,12303,17143,4126,19831,1581
1773169966,1,86772104.0,84632352.0,6590682.0,6213890.0,918416.0,862356.8,269870.5,341358.7,96255.3,434.9,24.9,28.4,749,19.1,37.6,902,2559,3142,3722,13282,12302,17141,4126,19828,1581
1773170266,1,87164120.0,85209736.0,6596118.5,6218872.5,920983.8,862492.6,269619.7,342675.0,96251.9,440.3,24.9,28.3,790,19.1,37.6,902,2562,3143,3722,13284,12302,17141,4126,19827,1581
1773170566,1,87402216.0,85388704.0,6628841.5,6235450.5,925983.2,866025.2,270404.9,342815.9,96261.0,433.4,24.9,28.2,758,19.0,37.7,902,2559,3142,3721,13283,12302,17140,4126,19828,1581
1773170866,1,87600120.0,85628680.0,6673622.5,6263194.0,929497.2,870662.5,271098.4,343437.9,96264.8,430.5,24.9,28.3,764,19.0,37.7,902,2562,3144,3722,13287,12304,17144,4126,19833,1581
1773171166,1,88295480.0,86181376.0,6705385.5,6282302.5,931708.8,875993.8,271901.6,344542.2,96271.0,428.7,24.9,28.3,756,19.1,37.6,902,2565,3145,3724,13290,12309,17151,4128,19841,1582
1773171466,1,88477528.0,86431816.0,6717194.0,6311022.5,931709.5,877883.4,272425.3,345069.5,96273.3,420.4,24.9,28.2,741,19.1,37.5,902,2564,3143,3722,13284,12303,17142,4126,19831,1581
1773171766,1,88633024.0,86612744.0,6730744.5,6333332.5,934394.4,877581.6,272965.7,345690.0,96266.6,425.7,24.9,28.2,722,19.1,37.5,901,2560,3142,3721,13282,12300,17139,4126,19827,1581
1773172066,1,88769000.0,87093696.0,6744504.0,6367420.0,937102.6,881570.4,273456.7,346764.7,96260.9,422.6,24.9,28.2,766,19.1,37.5,902,2560,3143,3722,13286,12302,17142,4127,19831,1581
1773172366,1,89205416.0,87070712.0,6750568.5,6353060.5,940709.1,881864.1,273406.0,346396.9,96263.1,424.3,24.9,28.1,776,19.1,37.5,902,2561,3143,3722,13284,12303,17142,4127,19838,1582
1773172666,1,89432864.0,87513176.0,6784771.5,6381128.5,940226.9,884258.8,273466.5,346471.8,96260.1,417.2,24.9,28.1,743,19.1,37.4,902,2562,3143,3723,13288,12305,17146,4127,19831,1581
1773172966,1,89615800.0,87795128.0,6789854.5,6399468.5,942703.2,887231.3,274472.0,347553.5,96262.4,417.7,24.9,28.1,732,19.0,37.6,902,2564,3143,3722,13285,12302,17143,4127,19832,1581
1773173266,1,89963304.0,87900816.0,6825746.5,6431614.5,944701.0,887570.8,274048.0,346833.0,96259.7,423.3,24.9,28.2,758,19.0,37.5,902,2561,3143,3722,13282,12301,17139,4126,19826,1580
1773173566,1,90111936.0,88084416.0,6822952.0,6425940.5,944217.7,887142.8,274645.3,347322.4,96259.4,422.6,24.8,28.2,734,19.0,37.5,902,2565,3143,3722,13286,12304,17145,4127,19833,1581
1773173865,1,90364776.0,88335832.0,6841176.5,6446980.0,947983.8,888905.2,274890.1,347531.8,96252.1,424.5,24.9,28.2,741,19.0,37.6,902,2564,3143,3722,13284,12304,17142,4127,19832,1581
1773174165,1,90453920.0,88567616.0,6839564.0,6459030.5,949324.6,889546.8,274470.5,348591.5,96256.7,423.2,24.9,28.2,765,19.0,37.6,902,2564,3143,3722,13284,12305,17142,4127,19832,1581
1773174466,1,90318264.0,88517120.0,6855510.5,6468148.5,949470.7,893900.2,275101.0,348840.9,96279.9,425.0,24.9,28.2,734,19.0,37.6,901,2562,3143,3721,13284,12301,17140,4126,19823,1580
1773174765,1,90963736.0,88677592.0,6858212.5,6478125.5,950585.0,894210.0,275854.3,348288.2,96286.9,425.0,24.8,28.3,753,19.0,37.6,902,2566,3143,3722,13266,12286,17127,4115,19785,1577
1773175065,1,91024024.0,88859968.0,6881749.5,6477474.0,953558.3,894147.8,275360.4,349369.3,96285.1,422.4,24.9,28.2,729,19.1,37.5,902,2562,3143,3721,13283,12301,17141,4126,19826,1580
1773175365,1,91229920.0,89415080.0,6880888.0,6495696.0,953163.7,894800.2,276657.4,348341.6,96283.3,425.3,24.9,28.3,769,19.0,37.6,902,2564,3143,3721,13284,12300,17140,4126,19827,1580
1773175665,1,91199592.0,89368960.0,6878923.5,6499446.5,955472.4,896194.6,276311.0,349503.1,96280.7,424.8,24.8,28.3,747,19.0,37.8,902,2565,3142,3721,13283,12299,17140,4126,19826,1580
1773175965,1,91117472.0,89158280.0,6887456.0,6491884.5,954560.7,896339.5,276292.6,348330.6,96271.5,426.0,24.9,28.4,765,19.1,37.7,902,2563,3142,3721,13279,12297,17134,4124,19822,1580
1773176265,1,91277376.0,89424952.0,6875928.5,6519706.5,952559.7,895269.8,276037.2,348631.3,96264.6,421.7,24.8,28.4,781,19.0,37.8,902,2566,3142,3722,13282,12300,17139,4126,19831,1581
1773176567,1,91219520.0,89251576.0,6896860.5,6536484.0,956148.6,895811.2,276149.3,349252.2,96255.7,430.0,24.9,28.4,773,19.0,37.9,902,2563,3143,3720,13283,12301,17139,4126,19827,1581
1773176867,1,91239960.0,89507560.0,6909356.0,6522274.5,955343.7,896813.8,275985.3,347899.5,96254.2,434.8,24.9,28.6,783,19.0,37.9,902,2560,3141,3721,13278,12297,17132,4124,19820,1580
1773177167,1,91262920.0,89185832.0,6892367.5,6532777.5,955905.9,896729.2,276016.4,347919.2,96246.8,442.5,24.9,28.6,769,19.1,37.9,901,2558,3142,3720,13279,12297,17135,4124,19820,1579
1773177467,1,91422176.0,89276632.0,6883249.5,6511360.0,954564.9,897058.7,275775.5,348068.8,96241.6,447.6,24.9,28.7,799,19.1,38.1,902,2562,3142,3721,13281,12299,17140,4126,19826,1580
1773177766,1,91199712.0,89237880.0,6891166.0,6511326.5,953469.4,895307.5,275544.9,347992.4,96233.2,448.9,24.9,28.7,788,19.0,38.2,902,2566,3144,3723,13289,12307,17147,4128,19834,1581
1773178066,1,91226784.0,89576248.0,6907807.5,6522171.5,955620.8,895604.4,275669.7,349136.5,96225.7,444.0,24.9,28.8,774,19.0,38.3,902,2563,3143,3721,13281,12301,17138,4126,19831,1580
1773178366,1,91513816.0,89281144.0,6919422.0,6530161.5,956177.1,898948.5,275775.6,348212.7,96229.1,438.3,24.9,28.8,783,19.0,38.3,901,2565,3142,3721,13281,12298,17137,4126,19827,1580
1773178666,1,91383360.0,89529576.0,6892914.5,6515735.5,951602.3,893966.2,275515.2,346984.6,96231.5,446.6,24.9,28.9,815,19.0,38.4,900,2555,3139,3718,13267,12289,17119,4122,19809,1579
1773178966,1,90850296.0,89076408.0,6857446.0,6494549.5,950440.5,893114.3,275008.1,347136.4,96238.7,454.4,24.9,28.9,793,19.0,38.4,899,2558,3138,3718,13264,12289,17119,4121,19820,1580
1773179266,1,91080968.0,89166232.0,6889110.0,6500490.5,951409.6,893189.2,274865.8,346814.9,96240.0,453.2,24.8,29.1,812,19.1,38.4,901,2561,3142,3720,13279,12299,17132,4126,19821,1579
1773179566,1,91139480.0,89307512.0,6891002.5,6483412.5,951167.3,895107.1,275404.4,346987.5,96235.9,453.8,24.8,29.1,807,19.0,38.5,902,2569,3144,3722,13285,12303,17144,4127,19830,1580
1773179866,1,90903192.0,89072440.0,6879569.5,6478281.5,954323.1,894320.1,275531.5,347379.1,96230.0,464.7,24.9,29.1,824,19.0,38.7,902,2558,3142,3720,13284,12296,17139,4124,19817,1579
1773180166,1,91110208.0,89406312.0,6887189.5,6525008.0,953934.4,895289.5,275472.6,346963.9,96236.9,461.7,24.9,29.1,804,19.1,38.7,902,2561,3143,3720,13287,12299,17141,4126,19818,1579
1773180466,1,91274056.0,89342088.0,6886216.5,6510642.5,951341.5,895886.0,275412.3,347544.8,96234.7,468.1,24.8,29.2,824,19.0,38.8,903,2566,3144,3722,13285,12301,17141,4126,19826,1580
1773180765,1,91459136.0,89232320.0,6904047.5,6518747.5,955448.1,898981.8,275252.8,347641.2,96228.2,466.6,24.9,29.2,805,19.0,38.9,902,2563,3144,3722,13290,12303,17146,4126,19827,1580
1773181065,1,91719872.0,89870912.0,6915699.5,6543403.5,954774.8,897838.4,276077.0,347400.2,96228.8,468.3,24.8,29.2,832,19.0,38.9,903,2567,3144,3721,13285,12301,17144,4126,19828,1580
1773181367,1,91839272.0,89692104.0,6918971.5,6554113.5,955531.2,901743.9,276047.0,347917.8,96225.1,469.9,24.8,29.3,839,19.0,38.9,902,2561,3142,3720,13283,12301,17137,4126,19820,1579
1773181667,1,92008024.0,89906528.0,6932155.5,6583820.0,959051.0,900217.0,275769.8,348421.0,96228.0,459.0,24.8,29.4,816,19.0,39.0,902,2560,3143,3721,13283,12301,17137,4126,19821,1579
1773181967,1,92055144.0,90131136.0,6957431.5,6575023.5,961920.8,900134.2,276469.6,348331.4,96227.6,459.5,24.9,29.3,793,19.1,38.9,903,2566,3142,3721,13282,12301,17139,4126,19822,1579
1773182267,1,92436768.0,90437032.0,6950938.0,6582189.5,959634.8,901940.8,276348.4,348637.7,96228.8,466.3,24.9,29.3,808,19.1,38.9,903,2566,3144,3722,13287,12303,17144,4127,19824,1579
1773182567,1,92314504.0,90210080.0,6962567.5,6584250.0,963522.5,903655.9,276839.0,347966.8,96232.5,463.6,24.9,29.4,793,19.1,39.0,902,2562,3143,3721,13281,12299,17139,4125,19818,1579
1773182866,1,92420504.0,90294208.0,6969884.5,6583336.5,963614.4,902233.1,276486.2,348451.2,96242.2,464.3,24.8,29.4,811,19.0,39.1,902,2563,3143,3720,13283,12300,17139,4126,19819,1579
1773183166,1,92255488.0,90391968.0,6964205.5,6597425.5,962884.5,905931.9,277015.3,348415.1,96250.2,464.4,24.9,29.5,820,19.0,39.3,902,2562,3142,3720,13280,12297,17137,4124,19817,1579
1773183466,1,92545312.0,90345280.0,6971027.5,6612903.5,966494.5,905405.6,276660.6,348909.5,96253.3,460.8,24.9,29.5,821,19.0,39.3,902,2562,3143,3720,13284,12298,17139,4125,19816,1578
1773183766,1,92631840.0,90579864.0,6988840.0,6622509.5,965947.8,905927.6,277044.8,348422.4,96256.4,465.7,24.9,29.5,808,19.0,39.3,902,2563,3144,3721,13286,12300,17143,4126,19820,1579
1773184066,1,92460536.0,90777112.0,6979728.5,6617056.5,965529.6,905333.2,276873.3,348290.5,96254.0,465.6,24.8,29.6,809,19.0,39.4,902,2563,3143,3720,13284,12301,17140,4125,19814,1578
1773184366,1,92900680.0,90974968.0,7000293.5,6630849.5,964289.8,906736.6,277021.2,349104.6,96247.8,461.9,24.9,29.5,788,19.1,39.3,903,2562,3144,3721,13287,12300,17144,4126,19822,1579
1773184665,1,92835064.0,91173720.0,6986309.5,6626884.0,964343.9,908233.2,277917.0,348814.4,96250.7,460.1,24.9,29.5,801,19.1,39.3,902,2563,3143,3719,13283,12296,17138,4124,19811,1578
1773184965,1,93174528.0,90972248.0,7018241.5,6628332.5,966797.0,907245.8,277833.4,349529.8,96252.4,448.3,24.9,29.6,805,19.0,39.4,902,2562,3142,3720,13282,12295,17134,4124,19812,1578
1773185267,1,93010952.0,90992992.0,7010603.5,6661408.0,966939.1,910101.6,277646.9,349152.0,96247.4,452.9,24.8,29.6,784,19.0,39.5,902,2560,3142,3720,13280,12295,17136,4124,19815,1578
1773185567,1,93150072.0,91293568.0,7013140.5,6653736.0,970858.9,909335.2,277600.5,349389.1,96246.5,455.9,24.9,29.7,772,19.0,39.4,903,2565,3143,3720,13282,12299,17140,4125,19813,1578
1773185867,1,93557312.0,91697736.0,7034963.5,6666782.5,972244.1,911909.3,277632.6,349442.6,96240.7,455.2,24.9,29.7,793,19.0,39.5,902,2557,3142,3718,13278,12293,17131,4124,19802,1577
1773186167,1,93267976.0,91698528.0,7052048.0,6674054.0,971347.8,909688.7,277701.5,349437.6,96247.3,453.8,24.9,29.6,804,19.0,39.6,901,2558,3141,3718,13277,12290,17128,4122,19802,1577
1773186467,1,93362840.0,91521656.0,7035340.5,6655160.0,968138.4,911960.3,277390.0,349161.2,96254.7,461.1,24.8,29.7,800,19.0,39.5,902,2562,3142,3719,13278,12296,17135,4124,19818,1579
1773186767,1,93864904.0,91902440.0,7053022.0,6689432.5,969292.6,911876.5,277938.8,349021.1,96257.4,462.2,24.9,29.7,829,19.0,39.5,902,2562,3142,3718,13279,12295,17134,4124,19806,1578
1773187067,1,93612120.0,91563320.0,7037536.5,6684025.5,972724.6,912034.2,277821.2,349401.8,96265.8,456.4,24.9,29.7,783,19.1,39.5,903,2568,3143,3721,13282,12297,17138,4125,19816,1578
1773187367,1,93782688.0,91716808.0,7049990.0,6668294.0,972059.2,911803.4,277735.2,348364.4,96277.8,450.5,24.9,29.7,767,19.1,39.4,902,2561,3143,3720,13282,12296,17135,4125,19811,1578
1773187667,1,93415144.0,91913192.0,7048440.0,6684197.5,971117.6,913112.7,277314.7,348996.8,96285.6,449.2,24.9,29.7,786,19.1,39.5,903,2565,3144,3720,13287,12299,17142,4126,19814,1578
1773187967,1,94003640.0,92057312.0,7058819.5,6701998.0,975153.0,915431.9,278067.2,348594.4,96304.3,447.8,24.9,29.7,766,19.1,39.5,902,2563,3143,3719,13283,12296,17136,4124,19810,1578
1773188267,1,94097480.0,92193880.0,7079538.5,6718906.5,973558.5,914098.8,277479.8,349523.3,96305.6,444.0,24.9,29.7,789,19.1,39.4,903,2564,3143,3720,13286,12296,17138,4125,19811,1578
1773188566,1,94133976.0,92104744.0,7080626.5,6705051.5,975950.8,915406.8,278401.0,348567.0,96308.6,429.6,24.9,29.6,794,19.1,39.5,902,2566,3143,3719,13281,12293,17138,4125,19815,1578
1773188866,1,94182632.0,92662440.0,7115736.5,6718484.5,975108.3,915126.6,278281.6,349424.5,96313.6,430.7,24.9,29.7,770,19.1,39.5,902,2562,3142,3718,13276,12291,17131,4122,19811,1578
1773189166,1,94245768.0,92258280.0,7093185.5,6719936.0,976395.5,917056.2,278240.0,348738.6,96312.6,433.1,24.9,29.7,768,19.1,39.4,902,2565,3143,3719,13281,12296,17135,4125,19811,1578
1773189466,1,94137984.0,92466168.0,7099140.0,6709452.5,976579.7,915558.0,278459.5,349137.6,96308.1,436.9,24.9,29.7,770,19.1,39.5,902,2560,3143,3719,13281,12294,17134,4124,19807,1577
1773189766,1,94076072.0,92647304.0,7108386.0,6727342.0,977819.3,917595.4,278729.0,347954.2,96306.5,441.1,25.0,29.6,767,19.2,39.4,902,2566,3142,3719,13278,12293,17131,4123,19806,1577
1773190066,1,94196648.0,92358888.0,7076329.5,6728642.5,975299.0,914610.6,278159.3,348409.3,96313.2,443.3,24.9,29.7,753,19.1,39.5,902,2564,3142,3718,13276,12291,17129,4123,19807,1578
1773190366,1,94227368.0,92473984.0,7109779.5,6719637.5,977612.0,915668.5,278182.3,347983.3,96315.6,438.3,24.9,29.7,752,19.1,39.6,901,2560,3141,3718,13276,12291,17127,4123,19801,1576
1773190666,1,93700896.0,92100424.0,7081276.5,6713446.0,974266.0,912767.2,277453.7,347834.3,96315.6,440.4,24.9,29.8,742,19.0,39.8,902,2562,3142,3718,13277,12292,17132,4124,19805,1577
1773190966,1,93570248.0,92324192.0,7081182.5,6708438.0,976702.7,914424.0,278072.7,347644.3,96317.1,438.2,24.9,29.9,754,19.0,39.8,902,2564,3143,3719,13282,12295,17137,4125,19809,1577
1773191266,1,93698592.0,91871296.0,7096560.0,6711101.5,977283.8,914908.3,277959.1,347453.8,96318.4,444.1,24.9,29.8,762,19.1,39.7,903,2565,3141,3718,13279,12293,17132,4124,19807,1577
1773191565,1,93780936.0,92307672.0,7097768.0,6696076.0,975446.9,913011.0,277628.9,347584.8,96316.3,440.3,24.9,29.8,771,19.1,39.6,902,2560,3142,3718,13278,12289,17128,4123,19804,1577
1773191866,1,93844096.0,92290056.0,7088749.5,6710470.5,977495.6,913057.4,277773.2,347581.9,96317.7,439.0,24.9,29.8,750,19.1,39.7,902,2564,3142,3719,13279,12293,17133,4124,19811,1578
1773192165,1,94032416.0,92245216.0,7109552.5,6718666.5,974820.1,915903.8,278365.1,348146.8,96321.0,435.0,24.9,29.9,761,19.1,39.7,902,2564,3142,3719,13279,12292,17133,4124,19810,1578
1773192465,1,93971240.0,92381208.0,7116004.0,6723438.5,975722.5,916884.4,278391.2,347530.3,96330.9,429.6,24.9,29.9,766,19.0,39.8,902,2561,3142,3718,13278,12291,17134,4124,19803,1577
1773192767,1,93624968.0,92573792.0,7097856.5,6739301.5,975411.2,916044.2,278100.7,348505.2,96331.9,430.6,24.9,29.9,731,19.0,39.8,902,2565,3142,3718,13278,12290,17130,4123,19802,1577
1773193067,1,94065208.0,92829736.0,7141822.5,6755502.5,981019.4,918119.8,278914.6,348590.5,96335.1,427.9,24.9,29.9,740,19.0,39.8,901,2560,3141,3717,13273,12289,17126,4122,19798,1576
1773193367,1,94276328.0,92892040.0,7141241.5,6768316.0,982537.7,921727.6,279291.5,349473.9,96331.4,431.4,24.9,29.9,767,19.0,39.9,902,2565,3142,3718,13276,12290,17129,4124,19806,1577
1773193666,1,94219720.0,92919928.0,7157432.5,6809382.5,982900.5,923468.7,279302.5,349503.1,96328.2,423.2,24.8,29.9,746,19.0,39.8,902,2563,3141,3718,13275,12287,17127,4122,19799,1577
1773193966,1,94965928.0,93470648.0,7174294.0,6801703.5,983345.5,924957.8,280106.6,350054.6,96327.9,424.1,24.9,29.9,755,19.0,39.9,902,2562,3141,3718,13275,12288,17127,4123,19802,1576
1773194265,1,95014392.0,93525480.0,7199365.5,6822868.0,989076.2,927659.0,280187.4,350052.7,96330.8,427.7,24.9,29.9,751,19.0,39.8,902,2561,3142,3719,13280,12292,17133,4124,19805,1577
1773194567,1,95107592.0,93467424.0,7203237.5,6837806.0,989449.7,928714.0,280419.8,350673.2,96341.7,424.8,24.9,29.9,765,19.1,39.8,902,2567,3143,3719,13278,12291,17134,4123,19806,1577
1773194867,1,95195448.0,93482464.0,7223364.0,6842137.5,990127.9,929248.9,281659.7,351662.5,96341.2,431.5,24.9,29.9,760,19.1,39.8,901,2562,3141,3718,13272,12286,17124,4122,19800,1577
1773195167,1,95626440.0,93831384.0,7234804.0,6860696.5,994126.7,929785.0,281735.2,351108.5,96339.4,432.8,24.9,29.9,761,19.2,39.7,902,2560,3141,3717,13276,12286,17126,4123,19798,1576
1773195467,1,95434360.0,93846664.0,7249950.0,6847300.5,992335.7,931319.2,281775.0,351561.9,96342.8,428.6,24.9,30.0,781,19.1,39.8,902,2566,3143,3719,13279,12292,17133,4123,19806,1577
1773195767,1,95425088.0,93925600.0,7269662.0,6888664.5,992182.6,933226.8,281560.8,352226.3,96356.4,419.5,24.9,30.0,744,19.2,39.7,902,2561,3141,3718,13274,12286,17125,4122,19795,1576
1773196067,1,96140568.0,94602328.0,7289040.0,6893624.5,996012.2,934305.0,282175.7,352728.1,96360.7,424.3,24.9,30.0,748,19.1,39.9,902,2562,3141,3717,13275,12286,17126,4123,19802,1576
1773196367,1,95933376.0,94467368.0,7294097.5,6892445.5,1001309.8,935948.7,283246.0,352751.1,96369.0,426.3,24.9,30.0,767,19.0,39.9,902,2564,3142,3717,13274,12287,17128,4123,19802,1577
1773196667,1,96382336.0,94494304.0,7326414.5,6933783.5,1003361.9,939876.3,283182.4,353600.5,96365.0,420.3,24.9,30.0,772,19.1,39.8,901,2561,3140,3717,13271,12284,17121,4121,19795,1575
1773196967,1,96375416.0,94748600.0,7328264.5,6942150.5,1003884.9,940375.1,283115.2,353349.8,96362.5,417.1,24.9,29.9,751,19.1,39.8,902,2567,3142,3718,13277,12290,17129,4123,19806,1577
1773197266,1,96581304.0,95148576.0,7350562.0,6964244.0,1005547.2,942182.8,283677.1,353978.0,96369.0,418.2,24.9,30.0,754,19.2,39.8,901,2560,3141,3717,13273,12284,17123,4122,19788,1575
1773197566,1,96477976.0,95253128.0,7336670.5,6960690.0,1008152.5,943615.2,283852.0,354813.1,96375.0,421.9,24.9,30.0,748,19.1,39.9,902,2564,3142,3718,13277,12287,17128,4123,19798,1577
1773197867,1,97288320.0,95669624.0,7397399.5,6984964.0,1009705.8,943594.4,285151.2,355202.9,96379.0,425.5,24.9,30.0,749,19.1,40.0,901,2555,3140,3716,13271,12280,17122,4120,19785,1575
1773198167,1,97497464.0,96113896.0,7408804.0,6990500.0,1011183.7,948725.1,285462.0,355470.1,96378.5,429.5,24.9,30.1,726,19.1,39.9,901,2558,3140,3716,13270,12282,17121,4121,19787,1575
1773198466,1,97314216.0,95893688.0,7419310.5,7008407.5,1013704.3,948699.7,285649.0,356474.6,96381.3,430.6,24.9,30.1,754,19.0,40.1,901,2560,3141,3716,13269,12281,17122,4121,19790,1576
1773198766,1,97987616.0,96484128.0,7444732.0,7053016.0,1017206.5,952205.9,286350.1,356428.1,96375.9,425.0,24.9,30.1,765,19.0,40.0,901,2559,3140,3716,13269,12282,17119,4120,19791,1575
1773199066,1,98160952.0,96688728.0,7453331.5,7058040.5,1019596.8,955521.9,287496.8,357184.0,96383.5,426.3,24.9,30.1,756,19.1,40.0,902,2561,3141,3717,13276,12285,17127,4122,19799,1576
1773199366,1,98365224.0,97088712.0,7505568.5,7099557.5,1022087.8,957114.8,287437.4,358433.5,96389.6,422.1,24.9,30.2,771,19.0,40.1,901,2560,3141,3717,13273,12283,17121,4121,19792,1576
1773199666,1,98716672.0,97236632.0,7529158.0,7119968.0,1022483.1,959985.3,287516.7,358980.5,96397.4,420.2,24.9,30.1,751,19.1,40.0,901,2560,3141,3717,13273,12285,17126,4122,19791,1575
1773199966,1,98825696.0,97781560.0,7544038.5,7150420.5,1027143.5,962383.6,289100.6,359196.6,96392.3,415.9,24.8,30.2,744,19.0,40.2,901,2559,3140,3716,13270,12282,17120,4121,19784,1575
1773200266,1,99273704.0,97969056.0,7556036.0,7162760.5,1032025.2,966622.5,289086.3,361244.8,96391.5,424.3,24.8,30.3,754,19.0,40.2,902,2564,3142,3717,13276,12287,17129,4123,19796,1576
1773200566,1,99454824.0,98465504.0,7594575.5,7185584.0,1032726.5,969705.0,290725.7,360912.1,96388.5,422.2,24.9,30.2,768,19.0,40.2,902,2564,3141,3716,13274,12281,17128,4122,19796,1576
1773200866,1,99769560.0,98795688.0,7629904.0,7226848.5,1037380.1,974391.8,291019.2,361296.5,96384.8,421.0,24.9,30.2,744,19.0,40.2,902,2563,3140,3716,13271,12281,17122,4120,19795,1576
1773201166,1,99855928.0,99099512.0,7647385.5,7234652.0,1037469.7,975252.7,291966.7,362250.6,96372.6,424.7,24.9,30.2,761,19.0,40.2,901,2558,3139,3716,13269,12279,17118,4120,19787,1575
1773201466,1,100043224.0,98959928.0,7652675.5,7262941.5,1042236.2,977605.1,291966.9,362963.8,96376.4,418.1,24.9,30.2,760,19.0,40.2,901,2561,3141,3717,13272,12284,17122,4121,19790,1575
1773201766,1,100311288.0,99537096.0,7660717.5,7289486.5,1043809.4,979567.6,293085.1,363462.9,96375.3,414.1,24.9,30.2,745,19.1,40.0,901,2561,3141,3717,13270,12284,17119,4121,19790,1575
1773202066,1,100561176.0,99763416.0,7715074.0,7336222.0,1051461.9,985381.6,293651.0,364440.3,96374.9,413.6,24.9,30.2,787,19.1,40.1,901,2562,3141,3716,13270,12280,17120,4120,19793,1575
1773202366,1,100883480.0,99909496.0,7740285.5,7365818.0,1049885.4,985718.1,293605.7,365210.2,96384.2,410.3,24.9,30.2,762,19.0,40.2,901,2562,3141,3717,13271,12283,17120,4120,19794,1576
1773202666,1,100840128.0,100120680.0,7747018.0,7357142.5,1054441.6,988041.6,294964.5,366797.3,96379.3,413.0,24.9,30.2,765,19.0,40.3,901,2562,3141,3717,13272,12284,17123,4122,19797,1576
1773202966,1,100860384.0,100404616.0,7777170.5,7405769.5,1056995.6,992794.5,296025.6,367064.7,96392.3,410.5,24.9,30.2,747,19.1,40.2,902,2562,3141,3716,13272,12284,17125,4122,19789,1576
1773203266,1,101045096.0,100594240.0,7820866.5,7418058.0,1060036.6,993842.0,296380.9,367308.3,96392.0,406.6,24.8,30.2,770,19.0,40.3,901,2562,3140,3716,13268,12279,17117,4120,19786,1575
1773203566,1,101519992.0,100560328.0,7812454.5,7454627.5,1064055.9,1000224.2,296596.5,368155.2,96394.3,402.5,24.8,30.3,758,19.0,40.3,900,2556,3139,3714,13265,12276,17111,4118,19777,1574
1773203866,1,101254368.0,100679320.0,7855066.0,7460967.5,1065106.6,996978.9,297609.2,368533.9,96405.9,407.3,24.9,30.2,731,19.1,40.2,901,2562,3140,3715,13269,12281,17119,4120,19788,1574
1773204167,1,101582368.0,100654616.0,7853535.5,7486024.5,1066578.9,1002422.8,297708.1,369972.0,96407.6,406.0,24.8,30.3,722,19.0,40.3,901,2562,3140,3716,13268,12279,17119,4119,19788,1575
1773204467,1,101380184.0,100871840.0,7882234.5,7494098.5,1069686.5,1005139.8,297330.2,369065.2,96402.1,405.7,24.9,30.2,733,19.0,40.2,900,2552,3139,3715,13266,12274,17113,4118,19776,1573
1773204767,1,101434080.0,100836608.0,7874488.5,7502503.5,1070823.4,1002934.8,297723.9,369776.2,96405.6,409.9,24.9,30.2,744,19.1,40.1,900,2549,3139,3714,13266,12271,17111,4119,19769,1573
1773205067,1,101772248.0,101092472.0,7902989.5,7535530.0,1071511.4,1005289.6,298992.7,370141.8,96411.4,408.2,24.9,30.2,745,19.1,40.0,900,2547,3138,3713,13262,12269,17107,4117,19768,1573
1773205367,1,102019640.0,101254368.0,7928504.0,7520048.5,1076502.1,1011213.1,298892.4,370557.8,96418.5,407.9,24.9,30.2,731,19.1,40.0,899,2546,3137,3712,13258,12267,17106,4116,19769,1573
1773205666,1,101721544.0,101055272.0,7906836.5,7505979.5,1069827.6,1001229.4,296875.8,367161.0,96426.1,406.8,24.9,30.2,717,19.2,39.9,898,2549,3133,3710,13238,12254,17080,4112,19764,1574
1773205966,1,101316056.0,100642680.0,7832366.5,7437067.5,1060936.9,995180.7,296976.0,367687.7,96426.3,404.7,24.9,30.1,727,19.2,39.9,895,2551,3128,3708,13216,12243,17057,4108,19758,1575
1773206266,1,101279840.0,100506952.0,7850724.5,7473180.0,1066397.6,1000442.1,297114.0,369204.9,96428.1,408.2,24.9,30.2,731,19.2,39.9,977,2579,3197,3741,13299,12460,17163,4148,19919,1597
1773206566,1,101544424.0,100817824.0,7856463.5,7489071.5,1067067.6,1006708.9,297705.2,369353.0,96426.2,404.9,24.9,30.2,733,19.2,39.8,984,2570,3203,3744,13311,12481,17174,4152,19920,1594
1773206866,1,101657600.0,101056608.0,7902448.0,7504625.5,1070197.8,1004622.9,297814.0,370494.8,96423.7,402.3,24.9,30.1,717,19.2,39.8,988,2571,3208,3747,13333,12498,17201,4156,19931,1594
1773207166,1,101851208.0,101069736.0,7915805.5,7545006.5,1078093.4,1012302.8,298948.5,371090.6,96424.5,395.9,24.9,30.1,726,19.2,39.7,990,2569,3210,3749,13345,12504,17213,4158,19936,1595
1773207466,1,102045792.0,101531104.0,7960796.0,7557152.0,1078682.5,1014732.9,300453.1,372092.3,96423.7,391.3,24.9,30.1,711,19.2,39.9,989,2568,3211,3748,13348,12504,17216,4159,19930,1594
1773207766,1,102136544.0,101606344.0,7973229.5,7609190.0,1086405.9,1017906.2,300931.8,373607.8,96425.1,384.8,24.9,30.1,723,19.2,39.8,990,2570,3211,3748,13348,12504,17216,4158,19931,1594
1773208066,1,102294328.0,101683320.0,7993460.0,7590958.5,1084959.6,1018889.7,300796.0,372195.3,96425.4,395.3,24.9,30.4,771,19.3,40.0,988,2563,3215,3749,13345,12529,17199,4159,19941,1601
1773209491,1,75219544.0,73897608.0,5847140.0,5577716.5,838206.4,794130.7,249229.6,324031.8,102286.2,311.8,23.1,33.2,753,18.5,41.9,1115,2164,2443,2560,9080,10370,15749,3707,10110,733
1773209788,1,87432456.0,85958336.0,6673184.5,6342871.5,935298.5,883445.7,268794.4,340922.9,102290.4,302.1,23.7,32.2,724,18.9,40.9,1116,2172,2447,2564,9089,10396,15760,3712,10137,733
1773210090,1,92686880.0,91473088.0,7067896.0,6688484.0,976597.2,919670.3,277038.8,348819.1,102289.8,298.2,24.0,31.8,752,18.9,40.8,1118,2179,2454,2568,9099,10431,15770,3718,10147,735
1773210392,1,95599080.0,94164792.0,7312733.5,6951532.0,1005060.2,945906.8,282998.5,355351.0,102285.9,295.2,23.9,31.9,737,19.1,40.4,1118,2178,2455,2568,9100,10436,15765,3719,10143,735
1773210688,1,97487008.0,96131840.0,7492724.0,7112217.5,1028771.9,966062.7,287995.5,360154.1,102293.4,299.9,24.0,31.6,739,19.1,40.3,1118,2177,2455,2567,9097,10437,15759,3718,10142,734
1773210989,1,99038144.0,97811360.0,7623053.5,7259896.0,1045719.4,980995.2,290640.1,363297.3,102297.4,296.3,23.9,31.7,728,19.1,40.2,3764,4924,6876,2941,9101,10447,15761,3721,10144,735
1773211291,1,100287616.0,99173504.0,7718752.0,7390433.5,1057279.0,996116.3,294994.4,366647.0,102295.4,287.5,23.9,31.7,714,19.1,40.0,1119,2180,2456,2567,9099,10446,15755,3719,10143,735
1773211587,1,101394296.0,100249048.0,7820714.0,7443412.5,1070510.4,1005179.4,297428.9,368874.2,102297.5,290.9,24.0,31.6,725,19.1,40.1,1118,2179,2456,2567,9097,10447,15756,3719,10142,734
1773211890,1,101849640.0,101293400.0,7919083.5,7525982.5,1077493.4,1013276.0,299667.8,371983.9,102303.4,293.5,24.0,31.6,700,19.0,40.3,1119,2180,2457,2567,9099,10449,15755,3720,10142,735
1773212191,1,102149528.0,101580072.0,7974567.5,7605284.0,1084999.0,1021198.4,300912.5,372812.0,102293.8,290.9,23.9,31.8,714,19.1,40.2,1118,2181,2457,2567,9096,10453,15751,3719,10145,735
1773212492,1,102400000.0,102096344.0,8021668.5,7660133.5,1091264.4,1030863.8,302468.8,375201.2,102294.6,286.3,23.9,31.7,719,19.1,40.1,1118,2179,2458,2567,9098,10454,15751,3720,10147,734
1773212788,1,102400000.0,102241144.0,8095768.0,7721877.5,1099795.4,1034190.5,303933.1,376920.9,102295.7,288.2,23.9,31.7,716,19.1,40.1,1119,2181,2457,2568,9099,10458,15756,3721,10147,734
1773213091,1,102400000.0,102307112.0,8135700.0,7749332.0,1103054.0,1038339.7,305152.9,377646.0,102293.2,285.5,24.0,31.5,688,19.1,40.1,1119,2184,2458,2568,9100,10460,15756,3721,10148,734
1773213392,1,102400000.0,102400000.0,8192570.0,7795042.5,1109211.9,1045310.4,306105.2,378864.8,102296.1,284.5,23.9,31.7,692,19.1,40.0,1119,2183,2459,2568,9100,10463,15757,3722,10153,735
1773213689,1,102400000.0,102400000.0,8220785.5,7843782.0,1114296.1,1050010.5,306880.3,380229.9,102310.8,282.4,24.0,31.5,680,19.1,39.9,1120,2189,2460,2570,9105,10469,15764,3724,10157,735
1773213990,1,102400000.0,102400000.0,8258209.5,7848993.5,1117546.4,1050491.4,307934.8,380283.6,102305.8,283.6,23.9,31.7,691,19.2,39.9,1120,2187,2460,2570,9102,10470,15761,3723,10155,735
1773214291,1,102400000.0,102400000.0,8283269.5,7884542.0,1121370.1,1054919.2,308439.2,382281.8,102316.2,283.1,24.0,31.6,690,19.1,39.9,1118,2181,2459,2569,9100,10467,15754,3722,10154,734
1773214589,1,102400000.0,102400000.0,8326552.0,7938218.5,1129141.1,1060080.6,310283.9,383278.0,102325.3,283.0,23.9,31.7,695,19.0,40.2,1119,2182,2460,2570,9102,10471,15759,3723,10154,735
1773214890,1,102400000.0,102400000.0,8379444.5,7968346.0,1132498.0,1068240.4,310246.5,386362.8,102316.8,280.0,23.8,31.8,703,19.0,40.1,1119,2180,2460,2569,9101,10470,15756,3722,10157,735
1773215191,1,102400000.0,102400000.0,8402003.0,7994366.5,1136507.8,1068194.4,311392.0,384586.0,96435.3,278.7,23.9,31.7,701,19.0,40.1,1119,2181,2460,2570,9101,10472,15757,3723,10155,734
1773215492,1,102400000.0,102400000.0,8462828.0,8029619.5,1140742.9,1071195.5,311835.4,386010.4,96425.4,284.1,23.8,31.7,679,19.0,40.1,1119,2184,2461,2569,9104,10476,15759,3724,10159,735
1773215789,1,102400000.0,102400000.0,8421114.0,8072694.0,1140373.6,1072697.4,312869.1,387172.1,96429.5,279.4,24.1,31.5,696,18.9,40.3,1119,2181,2461,2570,9104,10478,15761,3723,10164,735
1773216090,1,102400000.0,102400000.0,8510191.0,8094590.0,1147890.9,1080902.6,313273.0,388890.0,96430.7,280.2,24.0,31.4,691,19.2,39.9,1119,2182,2461,2569,9101,10476,15757,3723,10159,734
1773216391,1,102400000.0,102400000.0,8496727.0,8087368.5,1147209.6,1077981.1,313818.5,389490.5,96429.9,277.3,23.9,31.7,719,19.1,40.0,1119,2184,2462,2570,9103,10481,15762,3724,10163,734
1773216689,1,102400000.0,102400000.0,8522546.0,8115231.5,1152420.5,1083848.9,314010.4,389329.7,96419.7,269.7,24.1,31.3,677,19.1,40.0,1119,2184,2462,2571,9104,10482,15765,3724,10164,735
1773216990,1,102400000.0,102400000.0,8569855.0,8139886.5,1154190.1,1087191.4,314542.6,390207.2,96421.0,275.7,24.0,31.5,679,19.0,40.1,1120,2189,2463,2572,9107,10487,15771,3726,10166,735
1773217291,1,102400000.0,102400000.0,8581869.0,8188259.5,1160084.1,1087764.0,315310.1,390729.2,96419.6,270.5,24.0,31.5,681,19.0,40.2,1120,2186,2463,2571,9105,10485,15762,3725,10164,734
1773217589,1,102400000.0,102400000.0,8576880.0,8226770.0,1164817.8,1090327.5,315702.9,391282.7,96420.2,267.9,24.0,31.5,669,19.1,39.9,1119,2183,2462,2571,9106,10484,15760,3724,10167,735
1773217890,1,102400000.0,102400000.0,8602367.0,8198375.5,1161218.4,1093406.0,316532.8,392145.8,96420.4,268.2,23.9,31.6,704,19.2,39.7,1119,2182,2463,2570,9104,10483,15758,3724,10168,734
1773218191,1,102400000.0,102400000.0,8631364.0,8229836.5,1162779.9,1096044.1,317110.1,392652.9,96429.5,267.8,23.9,31.6,676,19.1,40.0,1120,2184,2463,2571,9106,10488,15762,3725,10169,735
1773218489,1,102400000.0,102400000.0,8647020.0,8255396.0,1168788.9,1098541.0,317661.9,392612.2,96423.2,268.8,23.9,31.7,666,19.1,39.9,1120,2183,2462,2570,9105,10486,15758,3724,10166,735
1773218790,1,102400000.0,102400000.0,8675855.0,8258906.0,1168516.1,1099652.9,317343.1,393653.8,96412.3,264.8,24.0,31.6,667,19.2,39.8,1119,2182,2462,2570,9104,10484,15753,3724,10167,734
1773219091,1,102400000.0,102400000.0,8690100.0,8275939.5,1173020.6,1099705.6,318244.5,394130.1,96406.7,269.2,24.1,31.4,673,19.1,40.0,1120,2184,2463,2571,9106,10489,15762,3725,10170,735
1773219389,1,102400000.0,102400000.0,8713088.0,8288333.5,1177023.6,1103184.9,318938.8,394665.0,96419.9,275.3,24.0,31.5,683,19.2,39.8,1120,2184,2463,2571,9105,10489,15760,3726,10167,734
1773219690,1,102400000.0,102400000.0,8732829.0,8307974.0,1178024.4,1107783.0,319854.9,395481.6,96425.5,263.4,24.0,31.6,663,19.2,39.9,1120,2185,2464,2571,9108,10493,15764,3726,10168,735
1773219991,1,102400000.0,102400000.0,8753577.0,8336844.0,1181292.0,1110443.1,320128.6,395750.8,96429.8,268.7,24.0,31.6,676,19.1,39.9,1119,2184,2464,2571,9106,10493,15761,3726,10173,735
1773220289,1,102400000.0,102400000.0,8769369.0,8359448.5,1181513.5,1112898.1,320072.3,396092.0,96428.5,266.6,24.0,31.6,650,19.1,40.0,1120,2184,2463,2571,9108,10493,15761,3725,10171,735
1773220590,1,102400000.0,102400000.0,8760893.0,8371340.0,1185963.1,1111183.6,321014.1,396791.4,96426.5,267.2,24.0,31.5,691,19.1,40.1,1120,2187,2465,2572,9109,10498,15766,3727,10173,735
1773220891,1,102400000.0,102400000.0,8799988.0,8395025.0,1189817.6,1114692.5,320859.0,398287.0,96423.4,269.6,24.1,31.4,676,19.0,40.2,1120,2185,2464,2571,9106,10494,15761,3726,10171,735
1773221189,1,102400000.0,102400000.0,8818543.0,8394631.0,1187832.4,1117281.4,321551.2,397683.6,96423.5,274.0,24.1,31.5,681,19.2,39.8,1120,2185,2464,2571,9107,10496,15758,3726,10174,735
1773221490,1,102400000.0,102400000.0,8814114.0,8396691.0,1189834.1,1118534.0,321391.5,397649.2,96418.5,273.3,23.9,31.7,669,19.3,39.8,1120,2185,2465,2572,9110,10498,15763,3727,10177,735
1773221792,1,102400000.0,102400000.0,8819271.0,8405177.0,1189551.5,1120910.4,321835.6,398724.8,96421.7,283.2,24.0,31.7,662,19.1,40.0,1120,2188,2465,2572,9109,10500,15762,3727,10175,735
1773222089,1,102400000.0,102400000.0,8841437.0,8445125.0,1193335.0,1121379.9,322378.0,398777.8,96414.6,274.3,24.1,31.6,657,19.1,40.2,1120,2187,2465,2572,9108,10499,15762,3727,10176,735
1773222390,1,102400000.0,102400000.0,8897951.0,8487048.0,1199959.1,1123726.8,323125.0,399267.5,96420.0,273.7,24.1,31.4,667,19.1,40.1,1120,2182,2464,2571,9104,10493,15755,3725,10170,735
1773222691,1,102400000.0,102400000.0,8885799.0,8485739.0,1200888.5,1128077.9,322734.4,399861.8,96413.1,273.6,24.1,31.4,653,19.3,39.8,1120,2187,2466,2572,9108,10501,15761,3727,10180,735
1773222989,1,102400000.0,102400000.0,8881104.0,8483217.0,1197323.6,1128391.8,323213.4,400736.2,96410.0,271.9,24.0,31.6,673,19.1,40.1,1120,2186,2465,2572,9107,10500,15759,3727,10175,735
1773223291,1,102400000.0,102400000.0,8911989.0,8514226.0,1206039.0,1133924.4,324632.2,401260.0,96404.5,273.0,24.1,31.5,689,19.1,40.1,1120,2186,2465,2572,9107,10501,15759,3727,10176,734
1773223588,1,102400000.0,102400000.0,8923743.0,8532617.0,1203758.0,1129362.8,324159.4,401295.9,96407.9,273.6,23.9,31.9,673,19.1,40.2,1120,2188,2465,2573,9109,10502,15764,3728,10178,735
1773223890,1,102400000.0,102400000.0,8951933.0,8540133.0,1209788.2,1133831.8,324317.8,401943.5,96409.2,270.0,24.0,31.7,649,19.2,40.1,1120,2188,2466,2573,9109,10503,15762,3728,10179,735
1773224191,1,102400000.0,102400000.0,8958702.0,8542263.0,1209445.5,1136096.9,325578.5,402277.3,96408.6,274.2,24.0,31.6,670,19.1,40.2,1120,2186,2465,2572,9107,10503,15759,3728,10178,735
1773224489,1,102400000.0,102400000.0,9011142.0,8588597.0,1209593.6,1137963.5,324620.9,401690.7,96400.7,268.8,24.1,31.6,679,19.1,40.2,1120,2187,2466,2573,9110,10503,15763,3728,10180,735
1773224790,1,102400000.0,102400000.0,8991636.0,8590609.0,1216049.1,1138091.6,325491.1,402752.5,96401.3,274.0,24.1,31.6,647,19.1,40.2,1120,2185,2465,2572,9107,10502,15757,3726,10178,735
1773225088,1,102400000.0,102400000.0,9011725.0,8608301.0,1213267.6,1140315.8,325995.4,403371.7,96392.5,266.9,24.0,31.7,674,19.2,40.0,1120,2186,2465,2572,9110,10505,15761,3727,10180,735
1773225390,1,102400000.0,102400000.0,9043969.0,8625268.0,1216263.4,1146655.4,326400.3,403086.3,96389.4,271.4,24.0,31.8,659,19.2,40.0,1120,2189,2466,2573,9109,10507,15764,3728,10181,735
1773225691,1,102400000.0,102400000.0,9023492.0,8636359.0,1217112.6,1144874.4,327530.0,406008.3,96385.0,264.4,24.0,31.7,654,19.2,40.0,1120,2187,2467,2573,9110,10510,15761,3728,10183,735
1773225989,1,102400000.0,102400000.0,9057594.0,8631277.0,1219970.4,1148670.1,328548.4,404259.7,96386.5,265.3,24.0,31.9,675,19.1,40.2,1120,2185,2466,2573,9108,10507,15759,3728,10179,734
1773226290,1,102400000.0,102400000.0,9079999.0,8696061.0,1223601.0,1152947.1,328636.5,404346.6,96372.1,264.1,24.2,31.5,655,19.2,40.1,1120,2184,2465,2572,9109,10505,15759,3727,10184,735
1773226588,1,102400000.0,102400000.0,9084513.0,8680473.0,1220765.4,1152839.0,328523.1,404825.4,96371.2,265.7,24.1,31.5,665,19.0,40.5,1120,2186,2466,2573,9109,10508,15761,3728,10178,734
1773226890,1,102400000.0,102400000.0,9103003.0,8689916.0,1226712.5,1154475.9,329441.7,404978.0,96363.1,265.7,24.1,31.7,658,19.0,40.5,1120,2189,2466,2573,9110,10511,15762,3729,10182,735
1773227192,1,102400000.0,102400000.0,9126657.0,8713807.0,1228430.2,1155451.4,329501.5,406444.5,96358.6,264.0,24.0,31.9,652,19.1,40.4,1120,2187,2466,2573,9109,10507,15764,3728,10178,735
1773227490,1,102400000.0,102400000.0,9135089.0,8727901.0,1230869.0,1157439.0,329333.8,407271.4,96352.2,264.7,24.1,31.6,669,19.1,40.3,1121,2188,2467,2573,9109,10509,15759,3728,10179,735
1773227791,1,102400000.0,102400000.0,9146888.0,8741429.0,1231118.4,1158449.5,329729.0,407546.9,96342.8,263.8,24.0,31.9,642,19.0,40.6,1121,2196,2468,2574,9115,10518,15768,3731,10185,735
1773228089,1,102400000.0,102400000.0,9150384.0,8762587.0,1233340.9,1158658.1,330322.1,408043.8,96343.2,263.6,23.9,32.1,643,19.1,40.4,1121,2194,2468,2574,9113,10516,15768,3730,10185,735
1773228391,1,102400000.0,102400000.0,9191345.0,8751921.0,1234910.5,1162334.4,330427.4,408131.4,96336.8,261.2,24.0,31.8,646,19.1,40.5,1121,2192,2468,2574,9114,10517,15770,3730,10185,735
1773228689,1,102400000.0,102400000.0,9169705.0,8776517.0,1232807.9,1159318.5,330616.9,407372.2,96334.4,260.8,24.0,31.9,649,19.1,40.5,1121,2190,2467,2573,9111,10512,15760,3729,10184,735
1773228990,1,102400000.0,102400000.0,9189000.0,8792029.0,1237133.9,1166523.4,330929.3,408252.9,96331.4,261.9,24.1,31.8,665,19.1,40.4,1120,2190,2467,2573,9110,10512,15760,3729,10183,735
1773229291,1,102400000.0,102400000.0,9230420.0,8808309.0,1239286.9,1163605.6,332082.7,408814.8,96325.9,262.7,24.0,31.9,651,19.2,40.3,1120,2187,2466,2572,9108,10511,15756,3728,10183,735
1773229589,1,102400000.0,102400000.0,9222833.0,8812207.0,1240329.9,1166933.6,331700.2,409425.9,96329.7,260.2,24.1,31.8,653,19.1,40.4,1120,2183,2466,2572,9106,10506,15751,3726,10178,734
1773229890,1,102400000.0,102400000.0,9238871.0,8826783.0,1242750.1,1165133.0,332096.3,409486.0,96330.3,258.2,24.0,31.9,640,19.2,40.3,1120,2187,2467,2572,9110,10513,15758,3729,10183,735
1773230192,1,102400000.0,102400000.0,9253460.0,8836989.0,1246515.1,1171593.9,332474.9,410397.8,96326.1,254.3,24.2,31.6,661,19.2,40.2,1120,2186,2468,2572,9110,10515,15755,3729,10187,734
1773230490,1,102400000.0,102400000.0,9253372.0,8839221.0,1240811.4,1172729.9,332544.9,410210.0,96324.4,255.1,24.2,31.5,651,19.2,40.3,1120,2187,2468,2572,9112,10516,15755,3730,10192,735
1773230791,1,102400000.0,102400000.0,9276907.0,8866169.0,1246222.5,1172325.4,332362.3,410672.1,96312.8,260.9,24.2,31.4,665,19.2,40.1,1121,2186,2468,2574,9112,10517,15764,3730,10191,735
1773231088,1,102400000.0,102400000.0,9289588.0,8868488.0,1248076.5,1178078.1,332974.1,411338.3,96305.8,256.7,24.2,31.6,638,19.3,40.1,1121,2186,2468,2574,9112,10518,15762,3729,10190,735
1773231390,1,102400000.0,102400000.0,9298067.0,8879917.0,1248719.1,1179308.5,333172.8,411575.5,96306.6,254.7,24.2,31.5,642,19.3,40.0,1120,2185,2468,2574,9112,10516,15765,3729,10189,735
1773231691,1,102400000.0,102400000.0,9338617.0,8914613.0,1250313.0,1181808.4,333629.6,411818.4,96314.2,254.4,24.1,31.7,638,19.2,40.2,1120,2187,2468,2575,9113,10518,15770,3730,10188,735
1773231989,1,102400000.0,102400000.0,9324821.0,8921205.0,1252758.8,1184320.1,333884.1,412126.3,96311.7,255.3,24.2,31.5,647,19.2,40.2,1120,2184,2467,2574,9109,10513,15764,3728,10183,735
1773232290,1,102400000.0,102400000.0,9385451.0,8952961.0,1257078.9,1184614.2,334290.2,413631.6,96308.9,256.3,24.1,31.7,649,19.1,40.3,1121,2187,2468,2575,9114,10520,15770,3730,10188,735
1773232591,1,102400000.0,102400000.0,9395252.0,8970399.0,1257758.8,1191712.9,334592.0,413863.5,96309.3,258.8,24.1,31.9,664,19.1,40.6,1120,2184,2467,2575,9111,10518,15771,3729,10190,735
1773232892,1,102400000.0,102400000.0,9396051.0,8974272.0,1261665.1,1189175.4,334691.1,413637.0,96309.6,255.5,24.2,31.6,620,19.3,40.1,1121,2189,2469,2576,9114,10522,15771,3731,10196,735
1773233189,1,102400000.0,102400000.0,9377863.0,8943973.0,1254261.6,1186826.6,334191.7,412534.0,96299.3,254.8,24.3,31.5,643,19.3,40.1,1122,2194,2469,2576,9114,10524,15772,3731,10198,735
1773233490,1,102400000.0,102400000.0,9355615.0,8973348.0,1255295.8,1182849.1,334607.0,412384.4,96296.8,254.7,24.2,31.7,612,19.4,40.1,1122,2195,2470,2577,9118,10527,15776,3732,10202,735
1773233792,1,102400000.0,102400000.0,9358800.0,8939320.0,1255647.0,1183144.5,334100.3,414554.9,96296.3,261.5,24.2,31.8,633,19.2,40.4,1122,2193,2470,2576,9116,10526,15776,3732,10200,736
1773234089,1,102400000.0,102400000.0,9368687.0,8962905.0,1260854.0,1188494.4,334856.7,413954.6,96294.2,253.7,24.2,31.9,657,19.2,40.5,1122,2194,2471,2576,9117,10531,15777,3733,10199,736
1773234390,1,102400000.0,102400000.0,9375996.0,8971329.0,1259809.4,1186504.1,335268.0,412700.1,96294.6,254.4,24.1,32.1,623,19.2,40.6,1121,2189,2469,2575,9113,10524,15767,3731,10194,735
1773234692,1,102400000.0,102400000.0,9381873.0,8965633.0,1261599.8,1187252.6,334575.4,413545.1,96293.5,251.7,24.1,32.1,655,19.2,40.5,1121,2191,2469,2575,9113,10523,15766,3731,10193,735
1773234989,1,102400000.0,102400000.0,9412403.0,8965238.0,1259387.6,1192464.0,335201.9,414606.8,96299.1,252.6,24.2,31.7,634,19.3,40.4,1122,2195,2471,2576,9116,10528,15771,3732,10200,735
1773235290,1,102400000.0,102400000.0,9406141.0,8992856.0,1262906.4,1189815.5,334641.5,414943.7,96301.7,254.4,24.0,32.2,652,19.3,40.5,1122,2198,2470,2576,9116,10528,15771,3732,10201,735
1773235591,1,102400000.0,102400000.0,9397651.0,8989931.0,1261932.4,1194330.4,335278.3,413348.2,96293.6,249.2,24.1,32.1,644,19.3,40.5,1122,2196,2471,2576,9117,10528,15770,3732,10199,735
1773235889,1,102400000.0,102400000.0,9437529.0,9003751.0,1259615.5,1194090.0,335466.2,413183.6,96291.7,252.7,24.2,32.0,625,19.3,40.5,1122,2199,2472,2577,9118,10531,15777,3733,10203,736
1773236190,1,102400000.0,102400000.0,9428431.0,8993589.0,1265244.0,1195039.1,334673.9,413100.4,96284.9,250.0,24.3,31.9,652,19.2,40.7,1122,2202,2472,2578,9118,10535,15780,3734,10207,736
1773236491,1,102400000.0,102400000.0,9440641.0,9017049.0,1266707.9,1191515.1,335078.6,415484.2,96281.5,250.4,24.2,32.1,649,19.2,40.8,1123,2203,2472,2578,9120,10536,15779,3735,10208,736
1773236789,1,102400000.0,102400000.0,9424000.0,9032191.0,1264369.8,1193583.0,335441.1,413794.2,96280.4,248.0,24.3,32.0,640,19.3,40.7,1122,2201,2472,2577,9119,10533,15773,3733,10204,736
1773237090,1,102400000.0,102400000.0,9425392.0,9011881.0,1264891.8,1198316.1,336055.6,413039.3,96281.0,248.3,24.2,32.1,638,19.4,40.4,1122,2201,2472,2577,9118,10535,15776,3734,10207,736
1773237391,1,102400000.0,102400000.0,9447395.0,9020428.0,1263644.6,1194604.1,335561.8,413585.5,96283.8,248.9,24.3,32.1,635,19.3,40.6,1123,2202,2472,2576,9118,10536,15772,3734,10206,736
1773237689,1,102400000.0,102400000.0,9422496.0,9028519.0,1267422.6,1195404.9,335667.7,414688.5,96278.2,251.6,24.2,32.1,651,19.3,40.6,1123,2201,2472,2576,9117,10537,15771,3734,10205,735
1773237990,1,102400000.0,102400000.0,9420913.0,9021551.0,1266650.5,1196981.1,336304.4,414765.4,96278.5,253.9,24.0,32.5,616,19.5,40.3,1123,2201,2472,2576,9118,10536,15767,3734,10207,736
1773238291,1,102400000.0,102400000.0,9453125.0,9033385.0,1266244.2,1198402.0,335241.2,414264.9,96274.6,257.0,24.2,32.2,651,19.4,40.6,1123,2203,2472,2576,9118,10537,15764,3733,10207,736
1773238589,1,102400000.0,102400000.0,9434240.0,9039464.0,1270684.1,1195857.0,336024.1,413100.3,96272.4,256.0,24.2,32.3,637,19.3,40.8,1122,2200,2471,2575,9117,10534,15766,3733,10206,735
1773238890,1,102400000.0,102400000.0,9444561.0,9022868.0,1268950.4,1195619.9,335864.8,414059.9,96265.0,252.9,24.1,32.5,621,19.3,40.8,1122,2198,2472,2575,9117,10533,15765,3734,10203,735
1773239191,1,102400000.0,102400000.0,9463495.0,9027355.0,1268916.6,1200909.9,336292.3,415757.0,96264.5,253.4,24.0,32.6,626,19.5,40.6,1123,2203,2473,2576,9120,10539,15768,3735,10207,736
1773239488,1,102400000.0,102400000.0,9434524.0,9040096.0,1264570.6,1204178.2,335814.3,415142.8,96262.5,250.3,24.1,32.4,644,19.4,40.6,1123,2203,2473,2577,9121,10540,15770,3734,10204,735
1773239790,1,102400000.0,102400000.0,9455692.0,9038697.0,1263439.4,1193761.1,335209.8,413371.1,96256.6,259.1,24.2,32.4,633,19.5,40.5,1123,2202,2473,2576,9118,10537,15762,3734,10202,736
1773240091,1,102400000.0,102400000.0,9443084.0,9020727.0,1265130.6,1195093.5,335568.0,413934.8,96252.3,254.2,24.2,32.4,617,19.4,40.7,1123,2201,2473,2575,9118,10538,15767,3734,10203,735
1773240388,1,102400000.0,102400000.0,9438443.0,9041013.0,1265778.6,1195674.5,336235.0,414594.7,96248.5,255.9,24.1,32.6,648,19.3,40.9,1123,2202,2473,2576,9120,10539,15768,3735,10206,736
1773240690,1,102400000.0,102400000.0,9450479.0,9020267.0,1269758.5,1196919.9,336641.1,414086.3,96242.6,257.5,24.1,32.6,632,19.4,40.8,1122,2202,2473,2576,9118,10539,15765,3735,10203,735
1773240991,1,102400000.0,102400000.0,9470857.0,9032017.0,1269787.1,1200179.1,335963.3,416225.8,96241.3,257.7,24.0,32.8,648,19.4,40.7,1123,2205,2474,2577,9119,10542,15767,3735,10209,736
1773241289,1,102400000.0,102400000.0,9463735.0,9049676.0,1268416.1,1194503.5,336170.8,413166.3,96241.4,257.4,24.1,32.7,652,19.4,40.9,1123,2202,2473,2575,9117,10538,15760,3733,10202,735
1773241590,1,102400000.0,102400000.0,9433000.0,9040416.0,1268199.0,1198038.1,335942.9,415444.2,96244.2,253.9,24.1,32.6,636,19.3,41.0,1122,2199,2472,2574,9116,10536,15757,3733,10199,735
1773241891,1,102400000.0,102400000.0,9455475.0,9034769.0,1272235.5,1199091.9,336253.8,414093.0,96236.6,258.3,24.2,32.5,669,19.4,40.9,1123,2202,2473,2575,9117,10540,15759,3734,10205,735
1773242189,1,102400000.0,102400000.0,9455944.0,9064304.0,1272051.0,1206621.1,335957.7,415858.9,96235.0,262.9,24.0,32.9,631,19.5,40.7,1123,2204,2473,2576,9119,10541,15765,3735,10208,736
1773242491,1,102400000.0,102400000.0,9454460.0,9070207.0,1268699.0,1202392.6,336075.8,415194.3,96220.5,256.8,24.1,32.7,643,19.4,40.9,1123,2207,2474,2577,9121,10546,15768,3735,10209,736
1773242789,1,102400000.0,102400000.0,9465216.0,9035180.0,1270433.0,1201064.1,336159.2,413934.0,96213.5,249.7,24.1,32.7,636,19.4,40.9,1123,2205,2474,2576,9120,10544,15769,3734,10211,736
1773243090,1,102400000.0,102400000.0,9470516.0,9065149.0,1266951.0,1201404.4,336155.6,414171.2,96212.1,255.8,24.1,32.8,637,19.5,40.8,1123,2203,2474,2576,9120,10545,15766,3735,10209,736
1773243391,1,102400000.0,102400000.0,9477419.0,9053051.0,1274100.6,1197258.1,336038.8,413768.2,96214.0,255.2,24.0,32.9,645,19.4,41.0,1123,2204,2474,2576,9118,10542,15762,3734,10208,736
1773243689,1,102400000.0,102400000.0,9463420.0,9057087.0,1270202.1,1197117.5,335428.0,414176.5,96213.8,255.4,24.3,32.6,622,19.4,40.9,1123,2208,2474,2577,9120,10543,15767,3735,10208,735
1773243990,1,102400000.0,102400000.0,9474373.0,9048211.0,1266595.5,1206413.4,335935.7,414789.4,96212.0,253.8,24.2,32.7,619,19.4,41.1,1123,2203,2474,2577,9120,10546,15769,3737,10210,735
1773244291,1,102400000.0,102400000.0,9465631.0,9080124.0,1271043.9,1200174.9,336429.1,414974.0,96209.5,249.1,24.2,32.8,647,19.4,41.1,1123,2207,2474,2577,9121,10546,15768,3736,10213,736
1773244589,1,102400000.0,102400000.0,9460233.0,9070763.0,1270776.9,1206243.0,335866.4,414590.4,96217.4,250.1,24.1,32.8,647,19.3,41.3,1123,2204,2474,2576,9119,10544,15764,3736,10210,736
1773244891,1,102400000.0,102400000.0,9478001.0,9068189.0,1272309.4,1200661.9,336336.6,415341.1,96222.6,251.7,24.2,32.8,635,19.4,41.2,1123,2204,2475,2577,9121,10547,15769,3736,10213,736
1773245189,1,102400000.0,102400000.0,9455869.0,9053075.0,1271987.6,1199654.5,336386.0,414058.4,96229.9,256.4,24.2,32.8,625,19.4,41.2,1123,2207,2475,2578,9123,10551,15772,3737,10214,736
1773245490,1,102400000.0,102400000.0,9451224.0,9043100.0,1272109.5,1201086.4,336483.6,414195.0,96231.3,258.9,24.1,32.9,660,19.5,41.1,1123,2203,2474,2577,9119,10546,15767,3735,10211,736
1773245791,1,102400000.0,102400000.0,9468943.0,9043831.0,1270044.6,1197800.6,336065.7,413546.8,96235.5,262.0,24.1,32.9,635,19.4,41.4,1123,2205,2475,2577,9122,10549,15768,3737,10214,736
1773246089,1,102400000.0,102400000.0,9443555.0,9064719.0,1270935.6,1201777.0,335344.6,414302.7,96226.6,257.3,24.2,32.9,646,19.5,41.2,1124,2207,2475,2578,9122,10548,15770,3736,10213,736
1773246390,1,102400000.0,102400000.0,9492725.0,9068337.0,1270121.4,1202356.4,335971.3,412958.5,96227.0,259.5,24.1,33.0,626,19.4,41.2,1123,2202,2474,2576,9119,10545,15762,3735,10206,735
1773246691,1,102400000.0,102400000.0,9451533.0,9054621.0,1272630.6,1200753.5,336547.4,413497.9,96224.1,263.4,24.2,32.9,652,19.4,41.3,1123,2205,2475,2577,9121,10549,15768,3736,10210,736
1773246989,1,102400000.0,102400000.0,9455073.0,9072819.0,1273041.1,1204544.4,335690.4,414527.2,96228.2,265.4,24.2,32.8,655,19.4,41.3,1124,2205,2475,2577,9121,10547,15765,3736,10211,735
1773247290,1,102400000.0,102400000.0,9396521.0,9023055.0,1264258.1,1189663.9,333201.2,408747.7,96223.8,298.5,24.2,33.8,731,19.2,42.5,1123,2202,2473,2577,9120,10545,15770,3735,10210,735
1773247591,1,102400000.0,102400000.0,9283796.0,8898054.0,1248369.4,1179388.1,331571.5,409452.5,96230.1,293.8,24.1,33.4,687,19.4,41.8,1124,2206,2475,2577,9122,10550,15768,3736,10213,736
1773247889,1,102400000.0,102400000.0,9327357.0,8928535.0,1257227.6,1181963.9,331876.9,409032.6,96228.4,287.7,24.0,33.5,682,19.4,41.7,1123,2206,2475,2577,9120,10549,15765,3736,10210,736
1773248191,1,102400000.0,102400000.0,9337785.0,8944628.0,1257742.9,1190251.9,332858.8,410137.0,96221.5,287.4,24.0,33.5,674,19.5,41.5,1123,2206,2476,2577,9121,10550,15767,3737,10211,735
1773248488,1,102400000.0,102400000.0,9353632.0,8952233.0,1261485.4,1190464.4,333516.8,410760.3,96225.3,290.0,24.0,33.7,679,19.5,41.6,1124,2207,2476,2577,9121,10550,15768,3736,10213,736
1773248790,1,102400000.0,102400000.0,9334401.0,8951548.0,1262412.6,1186501.0,333862.1,410236.5,96232.1,291.3,24.0,33.6,693,19.5,41.6,1123,2205,2475,2577,9120,10550,15767,3736,10211,736
1773249091,1,102400000.0,102400000.0,9357347.0,8963053.0,1261282.5,1189677.5,333030.6,409460.8,96236.0,290.0,24.0,33.6,721,19.5,41.6,1123,2206,2476,2578,9122,10550,15769,3737,10212,736
1773249389,1,102400000.0,102400000.0,9366968.0,8949399.0,1262181.9,1184488.6,332863.9,410273.6,96227.1,289.2,24.0,33.8,735,19.5,41.8,1123,2209,2476,2579,9122,10555,15772,3737,10214,736
1773249690,1,102400000.0,102400000.0,9358479.0,8961081.0,1263792.4,1191966.1,332858.5,409629.6,96234.0,296.7,24.1,33.6,718,19.5,41.8,1123,2205,2476,2577,9121,10552,15768,3737,10212,736
1773249991,1,102400000.0,102400000.0,9333312.0,8918554.0,1255242.1,1184961.9,332905.5,409242.0,96237.8,303.7,24.0,33.8,747,19.5,41.9,1123,2202,2474,2576,9118,10546,15762,3735,10208,735
1773250292,1,102400000.0,102400000.0,9329892.0,8918605.0,1253981.2,1183481.5,333781.3,409398.0,96228.5,299.2,24.2,33.5,724,19.4,42.1,1123,2205,2475,2577,9120,10552,15765,3736,10216,735
1773250589,1,102400000.0,102400000.0,9333256.0,8932447.0,1254948.4,1188887.1,332894.3,408667.8,96244.3,304.7,24.2,33.6,720,19.4,42.2,1123,2202,2475,2577,9120,10553,15765,3736,10214,736
1773250890,1,102400000.0,102400000.0,9328812.0,8935389.0,1254036.5,1182844.0,333010.3,409242.4,96230.5,312.5,24.1,33.8,724,19.4,42.3,1123,2204,2476,2578,9120,10551,15767,3736,10212,735
1773251192,1,102400000.0,102400000.0,9274533.0,8930249.0,1253170.9,1185544.9,332056.2,408075.2,96232.6,310.0,24.2,33.7,721,19.4,42.4,1123,2206,2476,2580,9124,10556,15787,3737,10217,736
1773251489,1,102400000.0,102400000.0,9266137.0,8886653.0,1249218.5,1179391.9,329664.1,405822.2,96227.6,329.3,24.3,33.9,781,19.5,42.4,1124,2209,2476,2579,9121,10555,15769,3737,10207,735
1773251790,1,102400000.0,102400000.0,9178209.0,8785947.0,1238834.8,1163506.1,326968.6,402718.0,96235.0,337.8,24.2,34.3,792,19.4,43.0,1124,2206,2476,2577,9120,10552,15768,3736,10211,735
1773252091,1,102400000.0,102400000.0,9092625.0,8708648.0,1233151.5,1156243.6,326056.4,401396.0,96226.4,338.1,24.1,34.5,770,19.4,43.0,1123,2208,2476,2578,9121,10554,15774,3737,10213,735
1773252389,1,102400000.0,102400000.0,9081555.0,8679801.0,1227691.1,1152150.4,325621.2,400759.8,96239.2,333.7,24.2,34.2,750,19.4,43.2,1123,2206,2475,2578,9122,10554,15769,3737,10212,735
1773252690,1,102400000.0,102400000.0,9071243.0,8703520.0,1226654.1,1158820.0,325993.4,400837.1,96233.2,323.4,24.3,34.1,768,19.4,43.1,1123,2205,2476,2578,9120,10556,15771,3736,10209,735
1773252991,1,102400000.0,102400000.0,9072751.0,8720059.0,1226838.2,1156460.4,325447.8,401237.4,96219.2,321.6,24.2,34.4,761,19.4,43.2,1123,2204,2475,2577,9119,10553,15766,3735,10213,735
1773253289,1,102400000.0,102400000.0,9083920.0,8710103.0,1228720.1,1157670.6,325804.8,400586.8,96212.0,320.8,24.2,34.4,766,19.5,43.0,1123,2205,2476,2577,9121,10553,15768,3736,10214,735
1773253590,1,102400000.0,102400000.0,9075241.0,8704961.0,1228031.1,1157940.1,325446.9,401024.2,96216.1,323.9,24.2,34.4,753,19.5,42.9,1124,2206,2476,2577,9120,10555,15765,3736,10214,735
1773253891,1,102400000.0,102400000.0,9064984.0,8684341.0,1225897.6,1152101.9,323794.0,397989.0,96218.2,322.6,24.3,34.3,731,19.4,43.2,1123,2207,2474,2572,9112,10544,15730,3734,10197,735
1773254189,1,102400000.0,102400000.0,8989495.0,8626403.0,1213309.6,1145523.1,322716.9,398278.4,96215.5,324.8,24.4,34.1,753,19.3,43.5,1123,2209,2475,2572,9114,10546,15735,3734,10190,736
1773254490,1,102400000.0,102400000.0,9003103.0,8636243.0,1217495.5,1146634.6,323558.4,398317.1,96216.4,314.6,24.2,34.3,726,19.4,43.2,1123,2203,2474,2574,9114,10547,15745,3734,10194,735
1773254791,1,102400000.0,102400000.0,9049259.0,8641557.0,1222155.0,1149414.6,324119.1,399035.6,96207.9,315.1,24.3,34.2,711,19.3,43.4,1123,2202,2475,2577,9118,10551,15766,3736,10208,735
1773255092,1,102400000.0,102400000.0,9055934.0,8672008.0,1228448.0,1151909.4,324231.5,399592.7,96206.2,314.1,24.1,34.6,748,19.5,43.1,1123,2200,2475,2578,9120,10553,15765,3735,10208,735
1773255389,1,102400000.0,102400000.0,9068159.0,8696563.0,1224597.1,1155452.6,324961.8,400304.2,96206.4,312.3,24.2,34.5,747,19.5,43.1,1123,2202,2476,2578,9120,10557,15767,3737,10212,735
1773255691,1,102400000.0,102400000.0,9090407.0,8717388.0,1231423.5,1152653.9,325887.8,400392.9,96207.3,309.2,24.2,34.5,761,19.3,43.4,1123,2201,2475,2578,9120,10555,15768,3735,10210,735
1773255989,1,102400000.0,102400000.0,9115617.0,8725260.0,1233976.0,1157550.1,325704.1,401332.7,96200.5,304.8,24.2,34.3,733,19.4,43.5,1123,2202,2475,2579,9121,10557,15772,3737,10212,735
1773256290,1,102400000.0,102400000.0,9124116.0,8728656.0,1231838.9,1156319.0,325915.4,400617.7,96197.4,300.8,24.2,34.4,721,19.3,43.6,1123,2201,2476,2578,9121,10558,15769,3736,10213,735
1773256591,1,102400000.0,102400000.0,9144019.0,8761765.0,1231983.4,1161861.1,326548.5,400007.5,96199.8,299.7,24.1,34.7,743,19.5,43.4,1111,2182,2454,2554,9048,10445,15673,3702,9978,705
1773256889,1,102400000.0,102400000.0,9120240.0,8743228.0,1229272.5,1159016.1,324981.2,400403.3,96204.3,315.2,24.3,34.6,752,19.3,43.8,1125,2207,2477,2582,9130,10564,15791,3739,10221,736
1773257190,1,102400000.0,102400000.0,9109225.0,8725640.0,1228302.9,1157656.0,324425.2,399762.7,96201.5,313.8,24.2,34.8,779,19.4,43.8,1123,2202,2475,2578,9123,10556,15772,3736,10213,736
1773257491,1,102400000.0,102400000.0,9083723.0,8701431.0,1222272.4,1158497.5,324243.0,398296.8,96203.3,314.8,24.3,34.7,779,19.4,43.7,1124,2201,2475,2578,9122,10557,15772,3737,10211,736
1773257789,1,102400000.0,102400000.0,9075277.0,8703759.0,1224483.9,1155358.4,324693.8,398749.5,96202.2,327.7,24.3,34.7,768,19.6,43.6,1123,2200,2475,2579,9121,10555,15775,3736,10209,736
1773258091,1,102400000.0,102400000.0,9035383.0,8678165.0,1221528.9,1148419.9,324074.0,398936.4,96212.5,334.4,24.2,34.9,772,19.5,43.7,1123,2199,2474,2578,9121,10554,15771,3736,10208,735
1773258389,1,102400000.0,102400000.0,9039472.0,8680973.0,1218820.2,1153126.4,324127.0,399005.7,96221.9,331.0,24.2,35.1,793,19.4,44.0,1122,2198,2474,2578,9120,10554,15773,3736,10208,735
1773258690,1,102400000.0,102400000.0,9051542.0,8669403.0,1225457.1,1148924.0,324061.7,398967.3,96225.6,338.1,24.2,35.0,785,19.5,43.9,1123,2199,2474,2578,9121,10556,15774,3736,10208,735
1773258991,1,102400000.0,102400000.0,9057853.0,8688768.0,1224288.1,1154489.9,323870.8,398422.1,96225.5,337.1,24.2,35.1,783,19.3,44.2,1124,2202,2475,2579,9125,10557,15778,3737,10211,735
1773259292,1,102400000.0,102400000.0,9066385.0,8671957.0,1227656.0,1154359.5,325009.5,399025.2,96223.1,335.9,24.2,35.2,791,19.4,44.1,1123,2202,2474,2578,9120,10556,15771,3736,10200,734
1773259589,1,102400000.0,102400000.0,9037311.0,8693599.0,1221824.0,1153431.1,324352.5,397102.0,96227.0,341.9,24.2,35.4,776,19.4,44.2,1123,2196,2474,2579,9121,10555,15772,3735,10210,735
1773259890,1,102400000.0,102400000.0,9004895.0,8662463.0,1219013.6,1144697.9,322422.0,397584.3,96224.9,353.4,24.2,35.3,785,19.4,44.6,1124,2205,2475,2579,9122,10559,15776,3737,10206,735
1773260191,1,102400000.0,102400000.0,8978159.0,8610964.0,1212977.0,1145544.4,322113.2,395991.5,96226.5,368.9,24.2,35.4,814,19.3,45.0,1123,2201,2474,2578,9124,10559,15776,3737,10212,736
1773260488,1,102400000.0,102400000.0,8948744.0,8589955.0,1209088.6,1140806.5,320596.0,394946.7,96232.5,372.2,24.3,35.4,832,19.4,44.9,1123,2204,2476,2580,9126,10560,15778,3738,10214,736
1773260790,1,102400000.0,102400000.0,8921173.0,8557095.0,1207717.4,1136887.4,320086.3,394120.0,96226.3,365.8,24.3,35.3,806,19.3,45.0,1123,2197,2474,2578,9121,10555,15770,3736,10213,736
1773261091,1,102400000.0,102400000.0,8922485.0,8549743.0,1208340.4,1140527.0,320758.2,394454.1,96232.6,368.3,24.2,35.7,834,19.4,45.0,1124,2207,2476,2580,9125,10562,15779,3739,10215,736
1773261391,1,102400000.0,102400000.0,8940555.0,8560859.0,1207625.0,1135553.5,320630.0,394763.5,96237.4,376.0,24.4,35.3,825,19.4,45.0,1123,2200,2475,2579,9123,10559,15775,3737,10216,736
1773261689,1,102400000.0,102400000.0,8919411.0,8548208.0,1208323.9,1140387.4,320661.0,395073.8,96231.0,361.0,24.2,35.7,814,19.4,44.9,1124,2205,2476,2579,9125,10564,15778,3738,10218,736
1773261990,1,102400000.0,102400000.0,8924912.0,8546972.0,1205770.1,1141301.0,320875.2,395551.4,96213.3,363.2,24.2,35.6,806,19.3,45.1,1122,2197,2475,2578,9121,10558,15764,3737,10213,736
1773262291,1,102400000.0,102400000.0,8948924.0,8583689.0,1212615.1,1141091.6,321829.3,395713.8,96203.8,362.4,24.4,35.4,846,19.4,45.0,1123,2199,2474,2578,9120,10556,15766,3736,10210,736
1773262592,1,102400000.0,102400000.0,8954893.0,8581839.0,1214403.9,1144990.5,321924.9,395655.8,96211.6,367.4,24.2,35.9,825,19.4,45.1,1122,2196,2475,2578,9120,10556,15767,3735,10209,735
1773262889,1,102400000.0,102400000.0,8962161.0,8615301.0,1211223.9,1150551.6,322389.8,395227.0,96218.6,366.7,24.3,35.7,829,19.2,45.6,1123,2199,2475,2579,9122,10559,15771,3736,10214,736
1773263190,1,102400000.0,102400000.0,8989929.0,8601673.0,1216008.4,1143768.5,322274.5,396031.8,96220.5,374.7,24.3,35.9,815,19.4,45.3,1123,2200,2475,2579,9123,10561,15777,3738,10213,735
1773263492,1,102400000.0,102400000.0,8946335.0,8595739.0,1213532.4,1146244.0,321811.5,396865.5,96219.7,370.3,24.2,35.9,816,19.4,45.3,1123,2200,2476,2579,9123,10560,15775,3737,10213,736
1773263789,1,102400000.0,102400000.0,8969926.0,8582725.0,1213539.6,1146383.5,321242.6,397172.1,96211.5,365.4,24.3,35.9,813,19.5,45.3,1123,2199,2476,2579,9123,10559,15775,3738,10212,736
1773264090,1,102400000.0,102400000.0,8973863.0,8608892.0,1213771.1,1146378.1,322223.1,396490.5,96217.0,369.2,24.3,36.1,833,19.3,45.6,1124,2203,2476,2580,9124,10563,15780,3738,10214,736
1773264391,1,102400000.0,102400000.0,8983719.0,8623801.0,1216984.4,1147955.5,322300.8,395835.3,96214.1,371.7,24.3,36.1,826,19.3,45.8,1124,2201,2476,2580,9126,10565,15782,3738,10216,736
1773264689,1,102400000.0,102400000.0,8987183.0,8610283.0,1218508.9,1147782.9,322645.5,396562.6,96203.6,371.5,24.2,36.2,839,19.5,45.4,1124,2202,2476,2580,9124,10563,15775,3738,10217,736
1773264990,1,102400000.0,102400000.0,8958208.0,8598665.0,1213246.4,1145695.0,321244.7,395425.0,96199.4,367.6,24.4,35.9,856,19.4,45.8,1123,2204,2476,2577,9123,10561,15765,3738,10213,736
1773265291,1,102400000.0,102400000.0,8949025.0,8560815.0,1209539.6,1142655.6,321282.6,395862.8,96189.0,364.1,24.2,36.1,826,19.2,46.0,1123,2205,2476,2578,9121,10562,15770,3737,10205,736
1773265589,1,102400000.0,102400000.0,8927944.0,8552428.0,1207216.6,1137735.6,319701.1,393833.7,96175.8,359.1,24.3,36.0,821,19.3,46.1,1124,2209,2477,2577,9122,10562,15766,3738,10207,736
1773265890,1,102400000.0,102400000.0,8875007.0,8523629.0,1203383.4,1138336.1,320900.4,393496.8,96177.3,360.7,24.4,36.1,842,19.3,46.2,1124,2210,2476,2576,9122,10561,15755,3738,10201,736
1773266191,1,102400000.0,102400000.0,8869383.0,8489901.0,1198163.6,1133159.0,319492.0,394048.6,96171.4,373.1,24.2,36.4,830,19.3,46.3,1123,2203,2476,2578,9122,10560,15770,3737,10203,736
1773266492,1,102400000.0,102400000.0,8862174.0,8491764.0,1203241.1,1132929.5,318954.0,392130.2,96157.0,374.9,24.3,36.3,854,19.5,46.0,1124,2207,2478,2583,9129,10570,15792,3740,10221,736
1773266789,1,102400000.0,102400000.0,8824361.0,8457271.0,1195407.9,1128222.6,317756.7,390327.6,96159.6,377.9,24.3,36.5,852,19.5,46.1,1123,2198,2476,2581,9123,10563,15785,3737,10218,736
1773267090,1,102400000.0,102400000.0,8754124.0,8391692.0,1188623.6,1119770.4,316831.4,389040.4,96160.2,383.0,24.3,36.5,868,19.4,46.2,1123,2200,2476,2581,9125,10564,15785,3737,10221,736
1773267392,1,102400000.0,102400000.0,8689330.0,8366367.5,1187856.9,1116201.5,316359.7,387546.6,96162.8,377.8,24.4,36.6,859,19.5,46.2,1124,2203,2477,2582,9126,10566,15792,3739,10223,736
1773267689,1,102400000.0,102400000.0,8698380.0,8356098.5,1181014.5,1119051.4,316427.2,388040.7,96170.7,383.1,24.4,36.5,845,19.5,46.2,1124,2201,2477,2581,9126,10566,15790,3738,10220,736
1773267990,1,102400000.0,102400000.0,8698908.0,8343486.0,1184007.5,1122083.4,316002.4,388534.2,96182.7,386.4,24.3,36.7,853,19.5,46.2,1124,2202,2477,2581,9126,10567,15787,3739,10222,736
1773268291,1,102400000.0,102400000.0,8721787.0,8355659.5,1184468.5,1117670.4,316842.3,389192.5,96167.0,385.4,24.4,36.7,872,19.5,46.3,1123,2198,2476,2580,9123,10562,15782,3737,10217,735
1773268589,1,102400000.0,102400000.0,8736206.0,8368812.5,1186541.5,1116990.4,317117.8,389295.9,96160.5,392.3,24.2,36.8,864,19.5,46.4,1124,2198,2476,2580,9124,10564,15780,3738,10220,736
1773268890,1,102400000.0,102400000.0,8725847.0,8366608.0,1185661.0,1120007.9,317303.8,388071.0,96162.3,390.6,24.3,36.7,857,19.5,46.5,1125,2207,2478,2583,9130,10571,15795,3741,10228,736
1773269191,1,102400000.0,102400000.0,8747603.0,8388170.5,1189861.0,1125685.6,316807.8,389007.0,96166.7,389.9,24.4,36.6,845,19.6,46.3,1124,2207,2478,2583,9128,10570,15795,3739,10219,736
1773269489,1,102400000.0,102400000.0,8751567.0,8391681.0,1190321.0,1122786.0,316977.4,389616.4,96150.9,385.2,24.4,36.8,873,19.5,46.5,1124,2205,2478,2582,9127,10570,15789,3739,10224,736
1773269790,1,102400000.0,102400000.0,8738136.0,8389904.0,1187310.0,1119928.4,317151.3,389953.5,96151.9,382.9,24.2,37.0,857,19.6,46.4,1123,2200,2477,2582,9127,10568,15791,3738,10222,736
1773270091,1,102400000.0,102400000.0,8772727.0,8407192.0,1191484.1,1123244.5,317667.5,389723.9,96142.0,380.6,24.3,36.9,828,19.5,46.6,1123,2200,2477,2582,9126,10567,15790,3739,10225,736
1773270389,1,102400000.0,102400000.0,8756001.0,8436053.0,1189967.4,1125934.6,318427.7,390187.1,96139.1,388.2,24.3,37.0,850,19.4,46.8,1123,2200,2477,2582,9126,10568,15789,3739,10221,736
1773270690,1,102400000.0,102400000.0,8794371.0,8448341.0,1196865.9,1128833.5,318595.6,391500.9,96129.5,382.3,24.4,36.8,834,19.4,46.9,1124,2204,2477,2582,9126,10571,15790,3739,10224,736
1773270991,1,102400000.0,102400000.0,8807788.0,8468331.0,1195333.4,1128716.0,319502.5,391881.5,96119.7,381.6,24.2,37.2,847,19.5,46.8,1124,2200,2477,2581,9126,10569,15784,3739,10223,736
1773271289,1,102400000.0,102400000.0,8823607.0,8463302.0,1198204.6,1129744.4,319100.8,391794.8,96127.8,383.7,24.3,37.0,853,19.6,46.7,1124,2203,2477,2582,9127,10571,15787,3740,10223,736
1773271590,1,102400000.0,102400000.0,8862695.0,8484044.0,1199133.4,1135707.6,319694.9,391628.4,96108.3,383.7,24.3,37.0,866,19.4,47.2,1123,2199,2476,2581,9125,10568,15784,3739,10225,736
1773271891,1,102400000.0,102400000.0,8849791.0,8494201.0,1200847.5,1134849.5,319969.5,394047.8,96114.4,383.0,24.3,37.2,835,19.4,47.1,1123,2200,2476,2581,9124,10568,15784,3738,10223,736
1773272189,1,102400000.0,102400000.0,8898241.0,8501301.0,1202934.1,1136159.4,319690.2,393430.5,96096.9,380.2,24.3,37.2,835,19.6,46.9,1124,2203,2478,2582,9128,10572,15787,3739,10225,736
1773272490,1,102400000.0,102400000.0,8855053.0,8501363.0,1202346.1,1137636.5,320512.7,393155.9,96099.9,383.6,24.2,37.3,874,19.6,46.9,1124,2204,2479,2583,9130,10576,15791,3741,10226,736
1773272791,1,102400000.0,102400000.0,8873800.0,8505652.0,1199956.9,1140072.9,319560.9,393169.2,96087.7,386.3,24.2,37.4,825,19.5,47.1,1123,2203,2478,2582,9127,10572,15789,3740,10225,736
1773273088,1,102400000.0,102400000.0,8850224.0,8513299.0,1206845.9,1138049.8,320195.8,393560.2,96087.4,381.2,24.4,37.2,841,19.5,47.2,1124,2208,2479,2582,9129,10576,15793,3741,10229,736
1773273390,1,102400000.0,102400000.0,8879112.0,8527619.0,1204355.1,1139445.1,320260.5,393406.1,96092.2,377.3,24.4,37.1,834,19.6,47.0,1125,2211,2479,2584,9132,10579,15799,3742,10230,736
1773273691,1,102400000.0,102400000.0,8888385.0,8514217.0,1202535.4,1139160.0,320304.1,393646.8,96086.1,367.6,24.4,37.3,843,19.6,47.0,1125,2208,2479,2583,9131,10576,15794,3741,10228,736
1773273992,1,102400000.0,102400000.0,8894879.0,8512631.0,1206465.6,1139878.2,320681.0,393449.6,96073.8,372.1,24.4,37.2,835,19.5,47.2,1124,2206,2478,2581,9128,10574,15786,3740,10225,736
1773274289,1,102400000.0,102400000.0,8893360.0,8525502.0,1205911.0,1140426.6,320531.0,392971.5,96061.1,377.7,24.3,37.6,864,19.4,47.6,1124,2201,2477,2581,9127,10571,15784,3740,10226,736
1773274590,1,102400000.0,102400000.0,8904568.0,8519585.0,1206759.4,1140261.6,320448.9,393465.3,96067.8,381.2,24.4,37.3,848,19.6,47.3,1124,2205,2479,2582,9129,10576,15790,3741,10231,736
1773274891,1,102400000.0,102400000.0,8882969.0,8521175.0,1205508.4,1138260.9,319930.0,392675.8,96072.6,388.3,24.4,37.5,862,19.5,47.6,1124,2206,2479,2582,9130,10576,15788,3741,10229,736
1773275189,1,102400000.0,102400000.0,8895238.0,8515935.0,1202270.4,1137792.4,319408.6,393762.5,96064.8,395.7,24.4,37.4,863,19.6,47.4,1124,2209,2479,2583,9129,10579,15790,3741,10229,736
1773275490,1,102400000.0,102400000.0,8840275.0,8508663.0,1205834.6,1138906.0,320020.6,391953.2,96063.5,399.2,24.2,38.0,881,19.5,47.6,1124,2206,2478,2580,9125,10574,15779,3740,10215,735
1773275791,1,102400000.0,102400000.0,8829673.0,8485639.0,1199820.4,1131526.9,318789.6,392496.1,96067.6,397.3,24.3,37.7,847,19.6,47.6,1124,2206,2479,2583,9131,10578,15788,3741,10228,736
1773276088,1,102400000.0,102400000.0,8831956.0,8483613.0,1203186.0,1136195.9,319461.5,392811.2,96059.1,392.9,24.2,37.9,869,19.6,47.4,1125,2210,2480,2584,9133,10580,15796,3742,10230,737
1773276389,1,102400000.0,102400000.0,8861360.0,8504443.0,1202578.9,1139362.5,319524.7,393185.0,96052.7,384.5,24.4,37.6,839,19.5,47.6,1124,2205,2479,2584,9131,10578,15794,3741,10228,737
1773276690,1,102400000.0,102400000.0,8872773.0,8503520.0,1206296.5,1139183.1,320167.3,393244.1,96047.0,386.3,24.4,37.5,829,19.7,47.3,1124,2207,2480,2583,9131,10579,15790,3741,10228,737
1773276992,1,102400000.0,102400000.0,8877098.0,8526788.0,1205193.0,1141223.0,319867.8,393193.3,96029.7,383.2,24.2,38.1,852,19.7,47.4,1125,2208,2480,2582,9131,10580,15787,3741,10232,737
1773277289,1,102400000.0,102400000.0,8901727.0,8528970.0,1211356.5,1143998.4,320270.6,394295.3,96027.5,382.7,24.2,37.9,832,19.6,47.4,1124,2209,2479,2583,9132,10581,15791,3742,10231,736
1773277590,1,102400000.0,102400000.0,8912425.0,8566539.0,1213176.9,1148823.0,321454.7,394459.3,96030.0,372.8,24.2,38.0,822,19.6,47.4,1125,2209,2480,2583,9133,10583,15793,3742,10234,737
1773277891,1,102400000.0,102400000.0,8941016.0,8559624.0,1216157.9,1143177.5,321686.7,395627.0,96024.8,365.8,24.4,37.6,823,19.5,47.7,1124,2207,2479,2582,9130,10577,15790,3741,10229,737
1773278189,1,102400000.0,102400000.0,8891880.0,8576025.0,1208653.4,1144441.4,321082.3,395383.2,96029.9,364.5,24.3,37.9,809,19.6,47.7,1125,2207,2479,2583,9131,10579,15790,3741,10229,737
1773278490,1,102400000.0,102400000.0,8950085.0,8596209.0,1213453.6,1149619.1,321935.1,394771.5,96023.9,357.9,24.2,38.0,803,19.6,47.6,1125,2208,2480,2583,9131,10582,15791,3742,10231,737
1773278791,1,102400000.0,102400000.0,8985922.0,8613844.0,1218533.9,1150721.4,322713.5,395518.6,96027.9,349.4,24.2,38.0,804,19.7,47.4,1125,2212,2481,2584,9133,10583,15792,3743,10234,737
1773279089,1,102400000.0,102400000.0,8986153.0,8618119.0,1216591.6,1153895.4,322672.9,396270.1,96016.3,348.1,24.2,38.1,780,19.5,47.7,1125,2211,2481,2584,9133,10584,15797,3743,10232,737
1773279390,1,102400000.0,102400000.0,9025816.0,8635812.0,1220403.9,1157399.1,323140.0,396233.2,96027.4,344.0,24.1,38.2,779,19.7,47.5,1125,2210,2481,2584,9134,10585,15798,3743,10236,737
1773279691,1,102400000.0,102400000.0,9035447.0,8690037.0,1226465.1,1158650.4,323568.9,398120.9,96023.5,339.9,24.1,38.2,774,19.7,47.3,1125,2210,2480,2583,9130,10583,15791,3742,10223,735
1773279989,1,102400000.0,102400000.0,9021465.0,8668837.0,1225183.1,1159407.4,323513.7,397022.5,96025.2,338.1,24.2,38.0,776,19.5,47.9,1124,2204,2479,2582,9129,10580,15789,3741,10230,736
1773280290,1,102400000.0,102400000.0,9036433.0,8665331.0,1228109.9,1161932.6,324467.9,398058.7,96027.2,335.1,24.2,38.1,794,19.6,47.5,1125,2209,2480,2583,9131,10583,15792,3742,10231,737
1773280591,1,102400000.0,102400000.0,9047088.0,8710149.0,1231768.4,1167159.5,324145.5,398294.8,96025.2,332.6,24.2,38.1,775,19.6,47.5,1125,2210,2480,2584,9133,10584,15798,3743,10234,736
1773280889,1,102400000.0,102400000.0,9063587.0,8708995.0,1228789.6,1166359.1,324526.3,398199.6,96014.2,324.3,24.2,38.2,759,19.7,47.4,1125,2209,2480,2583,9131,10582,15789,3741,10230,737
1773281190,1,102400000.0,102400000.0,9100207.0,8740125.0,1234889.6,1167811.4,325151.4,398715.9,96026.1,323.8,24.3,38.0,759,19.7,47.5,1125,2208,2480,2583,9133,10582,15790,3742,10233,737
1773281491,1,102400000.0,102400000.0,9090904.0,8719560.0,1235743.1,1167386.9,325230.6,400217.1,96025.2,316.9,24.3,38.0,762,19.6,47.7,1124,2209,2480,2583,9130,10581,15786,3741,10229,737
1773281792,1,102400000.0,102400000.0,9102567.0,8743144.0,1239290.0,1166169.4,325517.8,399192.0,96032.6,316.5,24.1,38.4,758,19.6,47.7,1125,2207,2480,2583,9130,10580,15790,3742,10231,737
1773282089,1,102400000.0,102400000.0,9111351.0,8740805.0,1236757.9,1167158.5,325599.5,398353.0,96028.1,319.1,24.4,37.8,742,19.5,48.0,1125,2208,2481,2584,9134,10585,15796,3742,10235,737
1773282390,1,102400000.0,102400000.0,9093285.0,8754071.0,1236698.2,1167314.9,326072.6,399457.4,96028.7,324.8,24.3,38.1,791,19.7,47.8,1125,2210,2481,2584,9134,10586,15795,3743,10239,737
1773282692,1,102400000.0,102400000.0,9093379.0,8745724.0,1234302.9,1164202.2,324858.3,398599.9,96027.8,318.5,24.4,38.1,760,19.5,48.2,1124,2204,2480,2583,9130,10580,15788,3741,10233,737
1773282989,1,102400000.0,102400000.0,9095528.0,8729331.0,1232336.1,1166231.0,324888.4,398593.6,96044.0,322.3,24.3,38.2,757,19.7,47.9,1125,2208,2481,2584,9133,10584,15793,3742,10233,737
1773283290,1,102400000.0,102400000.0,9072097.0,8735575.0,1234108.1,1166520.0,324982.6,398850.3,96043.1,322.9,24.2,38.4,752,19.7,47.8,1124,2206,2480,2583,9129,10580,15790,3741,10230,736
1773283591,1,102400000.0,102400000.0,9094731.0,8716484.0,1235724.0,1168925.1,324758.2,398419.2,96029.7,313.6,24.3,38.2,764,19.6,48.0,1125,2208,2480,2584,9132,10583,15795,3742,10233,736
1773283889,1,102400000.0,102400000.0,9077199.0,8738584.0,1237301.0,1166498.9,324876.8,399455.0,96014.4,312.2,24.3,38.0,735,19.6,48.0,1125,2206,2480,2584,9132,10583,15794,3742,10233,737
1773284190,1,102400000.0,102400000.0,9119343.0,8746809.0,1233204.0,1174208.2,325729.2,400939.3,96006.6,311.7,24.3,38.2,725,19.5,48.1,1124,2205,2479,2583,9130,10582,15791,3742,10230,737
1773284491,1,102400000.0,102400000.0,9144599.0,8773244.0,1243450.0,1172412.0,325837.2,401249.7,96006.0,310.6,24.3,38.2,725,19.5,48.3,1124,2206,2479,2583,9131,10582,15790,3741,10231,737
1773284788,1,102400000.0,102400000.0,9155380.0,8777489.0,1241770.4,1171978.6,327011.8,402019.3,96023.1,307.9,24.2,38.5,737,19.6,48.2,1125,2207,2481,2583,9134,10585,15795,3743,10234,737
1773285090,1,102400000.0,102400000.0,9160444.0,8799787.0,1244183.2,1177235.4,326318.4,400535.2,96027.3,309.2,24.2,38.4,756,19.6,48.1,1125,2205,2479,2583,9129,10582,15791,3741,10230,736
1773285391,1,102400000.0,102400000.0,9174729.0,8814575.0,1244458.0,1179404.1,327878.4,402675.8,96040.8,306.3,24.3,38.2,740,19.6,48.2,1125,2211,2481,2585,9132,10586,15797,3744,10234,737
1773285692,1,102400000.0,102400000.0,9196421.0,8825927.0,1244555.8,1181392.6,327471.6,402540.1,96021.0,303.8,24.2,38.4,722,19.6,48.1,1125,2207,2481,2584,9131,10583,15792,3742,10232,736
1773285990,1,102400000.0,102400000.0,9184685.0,8848945.0,1242685.0,1179588.0,327637.0,402276.0,96022.2,300.9,24.2,38.3,749,19.7,48.0,1125,2210,2481,2584,9134,10589,15795,3743,10237,737
1773286291,1,102400000.0,102400000.0,9189003.0,8855957.0,1248133.4,1181743.6,328196.1,402541.0,96023.9,300.7,24.2,38.6,746,19.7,48.0,1124,2206,2481,2582,9128,10582,15785,3741,10225,736
1773286589,1,102400000.0,102400000.0,9200116.0,8843855.0,1245301.5,1181777.4,327514.1,402765.4,96019.2,312.5,24.2,38.6,753,19.7,48.2,1125,2210,2482,2584,9134,10589,15796,3744,10237,737
1773286890,1,102400000.0,102400000.0,9168012.0,8804711.0,1246270.9,1176700.5,327188.8,400410.6,96004.6,317.9,24.2,38.7,761,19.5,48.5,1125,2207,2481,2583,9133,10588,15793,3743,10235,737
1773287191,1,102400000.0,102400000.0,9147705.0,8779155.0,1245416.4,1175467.4,326370.9,400370.0,95994.4,316.8,24.3,38.3,739,19.5,48.6,4,26,34,43,52,49,59,35,179,13
1773287489,1,102400000.0,102400000.0,9183879.0,8808987.0,1247247.0,1174069.4,327135.2,402437.5,95992.7,314.4,24.1,38.7,720,19.6,48.3,4,26,34,42,52,49,59,35,178,13
1773287791,1,102400000.0,102400000.0,9205579.0,8861063.0,1253436.4,1184774.5,328626.9,403595.0,96001.0,304.1,24.1,38.6,733,19.5,48.3,4,26,34,42,52,49,59,35,178,13
1773288092,1,102400000.0,102400000.0,9269527.0,8909028.0,1254985.5,1188449.9,329361.9,404812.8,95992.8,299.2,24.0,38.9,740,19.5,48.5,4,26,34,43,52,49,59,35,179,13
1773288389,1,102400000.0,102400000.0,9310231.0,8951795.0,1260041.4,1189349.4,330214.0,406077.6,96008.1,295.8,24.0,38.9,701,19.4,48.7,4,26,34,43,52,49,59,35,179,13
1773288691,1,102400000.0,102400000.0,9337991.0,8987928.0,1261725.0,1196939.1,331656.6,408736.2,96013.1,294.7,23.8,39.3,710,19.4,48.7,3,26,34,42,52,49,59,35,179,13
1773288989,1,102400000.0,102400000.0,9376191.0,9019547.0,1266802.9,1202410.4,331742.0,408566.4,96019.9,290.9,23.7,39.4,704,19.4,48.7,4,26,34,43,52,49,59,35,179,13
1773289290,1,102400000.0,102400000.0,9402161.0,9052496.0,1274729.5,1202285.4,333024.1,409412.8,96012.7,294.1,23.7,39.5,704,19.3,48.9,4,26,34,42,52,49,59,35,178,12
1773289592,1,102400000.0,102400000.0,9423563.0,9064607.0,1277035.5,1205387.1,332381.0,408902.5,96006.0,289.4,23.8,39.1,694,19.2,49.0,4,26,34,43,53,49,59,35,179,13
1773289890,1,102400000.0,102400000.0,9427691.0,9074425.0,1275633.4,1207207.1,333816.1,411459.6,96010.7,288.0,23.6,39.6,686,19.2,49.2,3,26,34,43,52,49,59,35,178,12
1773290191,1,102400000.0,102400000.0,9452009.0,9130227.0,1281980.6,1210630.6,334555.1,411408.9,96005.5,286.8,23.6,39.7,719,19.1,49.4,4,26,34,43,52,49,59,35,178,13
1773290489,1,102400000.0,102400000.0,9455408.0,9120644.0,1284478.4,1215394.1,334743.9,411636.7,96006.8,285.5,23.7,39.4,686,19.1,49.3,4,26,34,43,52,49,59,35,179,13
1773290790,1,102400000.0,102400000.0,9511517.0,9161343.0,1286326.0,1216655.0,335728.2,412507.4,96002.3,284.2,23.6,39.6,687,19.2,49.3,4,26,34,43,52,49,59,35,179,13
1773291092,1,102400000.0,102400000.0,9537067.0,9164177.0,1287260.1,1219132.6,336695.0,413050.5,95997.5,285.1,23.6,39.6,692,19.1,49.4,4,26,34,43,52,49,59,35,178,13
1773291390,1,102400000.0,102400000.0,9534055.0,9179952.0,1288487.1,1222321.5,337412.3,413270.5,96007.0,285.3,23.7,39.5,697,19.2,49.4,4,26,34,42,52,49,59,35,179,12
1773291691,1,102400000.0,102400000.0,9587728.0,9174756.0,1291486.1,1224592.0,337482.9,413418.2,95996.5,283.0,23.5,39.8,701,19.0,49.7,4,26,34,43,52,49,59,35,178,13
1773291989,1,102400000.0,102400000.0,9595092.0,9244884.0,1294722.0,1226232.0,338238.3,414845.3,96000.9,285.4,23.6,39.6,697,19.0,49.7,4,26,34,42,52,49,59,35,179,13
1773292291,1,102400000.0,102400000.0,9627727.0,9248441.0,1300396.4,1226729.5,338804.0,415198.1,96001.5,282.8,23.6,39.5,699,19.0,49.7,4,26,34,43,52,49,59,35,179,13
1773292589,1,102400000.0,102400000.0,9666819.0,9298951.0,1300935.1,1234583.6,340334.9,417010.5,96024.0,281.8,23.4,39.9,705,19.0,49.8,4,26,34,43,52,49,59,35,178,13
1773292890,1,102400000.0,102400000.0,9722115.0,9343633.0,1309222.1,1240366.1,340872.5,417212.5,96039.2,285.9,23.3,40.0,690,19.0,49.8,4,26,34,42,52,49,59,35,179,13
1773293192,1,102400000.0,102400000.0,9730802.0,9358044.0,1312623.6,1242297.6,341721.6,418626.6,96031.3,281.4,23.3,40.1,693,18.8,50.0,4,26,34,43,52,49,59,35,178,13
1773293490,1,102400000.0,102400000.0,9766873.0,9406907.0,1316200.0,1247765.4,342812.8,419004.8,96015.4,278.6,23.4,39.9,679,18.9,49.9,4,26,34,43,53,49,59,35,179,13
1773293791,1,102400000.0,102400000.0,9804913.0,9424227.0,1319835.1,1251732.0,343419.2,420954.7,96016.4,278.6,23.2,40.2,678,18.8,50.1,4,26,34,43,52,49,59,35,178,13
1773294089,1,102400000.0,102400000.0,9821155.0,9453872.0,1325347.4,1258825.1,343842.8,420616.7,96035.6,278.9,23.4,39.8,695,18.8,50.0,4,26,34,42,52,49,59,35,178,13
1773294390,1,102400000.0,102400000.0,9876621.0,9506053.0,1327714.6,1263766.5,344906.7,423648.6,96034.5,279.8,23.3,40.1,680,18.9,49.9,4,25,34,43,52,49,59,35,178,12
1773294691,1,102400000.0,102400000.0,9896429.0,9506292.0,1332944.2,1262048.4,345170.3,423367.3,96037.9,279.1,23.2,40.4,651,18.7,50.1,4,26,34,42,52,49,59,35,178,13
1773294989,1,102400000.0,102400000.0,9936020.0,9577931.0,1337114.9,1268960.5,346616.5,425528.4,96036.8,277.7,23.2,40.0,682,18.9,49.8,4,26,34,42,52,49,59,35,178,13
1773295291,1,102400000.0,102400000.0,9992888.0,9602921.0,1343536.6,1270928.6,347419.1,424137.6,96041.3,272.6,23.2,40.1,683,18.8,50.0,4,26,34,43,52,49,59,35,178,13
1773295592,1,102400000.0,102400000.0,10006777.0,9607851.0,1342640.5,1274639.4,347843.2,425282.7,96049.3,269.0,23.2,40.0,691,18.8,50.0,4,26,34,42,52,49,59,35,178,13
1773295890,1,102400000.0,102400000.0,10037211.0,9634816.0,1346593.4,1276831.6,348021.7,428031.7,96054.8,269.1,23.3,39.9,664,18.8,49.8,4,26,34,43,52,49,59,35,178,12
1773296191,1,102400000.0,102400000.0,10047983.0,9689480.0,1349560.9,1278163.0,348940.0,428272.2,96055.8,272.4,23.3,39.9,678,18.8,49.8,4,26,34,43,52,49,59,35,179,13
1773296489,1,102400000.0,102400000.0,10066886.0,9705151.0,1352869.5,1282057.0,349443.8,428256.3,96058.9,266.6,23.3,39.9,675,18.7,50.1,4,26,34,42,52,49,59,35,178,13
1773296791,1,102400000.0,102400000.0,10124253.0,9745435.0,1356412.6,1282867.4,349649.8,429304.1,96051.8,264.4,23.3,39.9,680,18.8,49.8,4,26,34,42,52,49,59,35,179,13
1773297089,1,102400000.0,102400000.0,10151609.0,9748032.0,1360716.4,1290390.6,350674.8,430053.7,96056.9,262.3,23.2,40.1,691,18.8,49.9,4,26,34,42,52,49,59,35,178,13
1773297390,1,102400000.0,102400000.0,10156944.0,9776340.0,1364476.1,1289741.5,351104.6,430770.9,96075.8,264.0,23.1,40.1,685,18.7,50.0,4,26,34,42,52,49,59,35,179,13
1773297692,1,102400000.0,102400000.0,10173409.0,9746155.0,1365263.4,1294418.5,351951.0,431679.7,96070.2,268.1,23.2,40.1,671,18.6,50.2,4,26,34,43,52,49,59,35,179,13
1773297990,1,102400000.0,102400000.0,10206471.0,9824060.0,1368643.0,1295803.0,352283.4,431872.1,96068.0,261.1,23.2,39.9,700,18.8,49.9,4,26,34,43,52,49,59,35,179,13
1773298291,1,102400000.0,102400000.0,10220466.0,9836871.0,1370457.6,1299765.0,353060.2,432202.0,96063.7,263.8,23.1,40.1,685,18.8,49.9,4,26,34,43,52,49,59,35,179,13
1773298589,1,102400000.0,102400000.0,10226725.0,9854328.0,1372513.0,1302197.5,353232.0,432773.3,96054.4,263.4,23.2,39.9,686,18.6,50.1,4,26,34,43,53,49,59,35,179,13
1773298890,1,102400000.0,102400000.0,10253488.0,9877543.0,1376216.4,1304457.6,354146.6,432810.6,96064.4,264.6,23.1,40.1,683,18.7,50.0,4,26,34,43,52,49,59,35,178,13
1773299192,1,102400000.0,102400000.0,10272776.0,9898584.0,1379425.0,1306645.1,354703.8,433841.2,96063.4,260.2,23.1,40.1,697,18.7,50.0,4,26,34,43,52,49,59,35,178,13
1773299490,1,102400000.0,102400000.0,10306709.0,9903405.0,1381006.4,1310732.4,355049.8,434122.7,96066.4,264.5,23.1,40.1,691,18.7,50.1,4,26,34,43,52,49,59,35,179,13
1773299791,1,102400000.0,102400000.0,10332497.0,9932853.0,1384681.9,1313079.9,354841.3,435271.9,96071.5,262.4,23.1,40.1,700,18.6,50.1,4,26,34,43,52,49,59,35,178,13
1773300089,1,102400000.0,102400000.0,10354823.0,9988284.0,1385754.5,1316336.9,356104.0,436288.9,96063.6,262.3,23.1,40.0,676,18.6,50.1,4,26,34,43,52,49,59,35,179,13
1773300390,1,102400000.0,102400000.0,10398651.0,10014203.0,1392423.1,1316062.0,356180.9,436180.8,96063.4,259.3,23.2,39.9,686,18.7,50.1,4,26,34,43,52,49,59,35,179,13
1773300688,1,102400000.0,102400000.0,10410691.0,10020461.0,1392661.8,1321627.0,356577.5,436594.5,96064.9,259.0,23.2,40.0,672,18.6,50.2,4,26,34,43,53,49,59,35,179,13
1773300989,1,102400000.0,102400000.0,10434457.0,10042955.0,1393464.5,1321008.2,357357.2,437668.2,96077.8,261.2,23.1,40.0,661,18.7,50.1,4,26,34,43,52,49,59,35,179,12
1773301290,1,102400000.0,102400000.0,10433903.0,10079723.0,1397018.4,1321301.0,356605.2,438151.5,96081.4,259.0,23.1,40.1,685,18.7,49.9,4,26,34,43,52,49,59,35,179,13
1773301591,1,102400000.0,102400000.0,10438528.0,10091804.0,1397463.0,1325198.6,357025.5,437937.8,96064.7,255.9,23.1,40.0,686,18.6,50.0,4,26,34,42,52,49,59,35,179,13
1773301889,1,102400000.0,102400000.0,10467499.0,10098945.0,1400649.5,1328694.9,358524.1,438021.9,96077.8,257.1,23.1,40.0,676,18.7,49.9,4,26,34,43,53,49,59,35,179,13
1773302190,1,102400000.0,102400000.0,10481412.0,10098945.0,1401356.4,1331564.2,359054.1,439019.8,96073.1,255.7,23.3,39.6,659,18.7,50.0,4,26,34,43,53,49,59,35,179,13
1773302490,1,102400000.0,102400000.0,10520013.0,10122928.0,1404354.6,1332960.5,358986.7,439144.3,96085.6,259.2,23.1,39.9,649,18.6,50.1,4,26,34,43,52,49,59,35,179,13
1773302791,1,102400000.0,102400000.0,10533772.0,10168733.0,1407126.6,1332475.5,359733.3,439916.3,96089.2,264.8,23.2,39.6,675,18.6,50.0,4,26,34,43,52,49,59,35,178,13
1773303089,1,102400000.0,102400000.0,10557851.0,10163685.0,1408874.5,1332869.0,360245.8,439817.4,96089.8,265.7,23.1,40.1,678,18.7,50.1,3,26,34,43,52,49,59,35,178,13
1773303390,1,102400000.0,102400000.0,10560007.0,10199085.0,1413421.4,1339322.9,360983.7,440356.8,96081.3,263.7,23.0,40.2,683,18.6,50.3,4,26,34,42,52,49,59,35,179,13
1773303691,1,102400000.0,102400000.0,10594423.0,10208105.0,1416616.0,1341560.6,360640.8,441287.6,96077.7,262.4,23.1,40.1,691,18.7,50.1,4,26,34,43,52,49,59,35,179,13
1773303992,1,102400000.0,102400000.0,10628399.0,10200724.0,1414625.4,1344770.6,360925.0,442028.7,96091.4,257.0,23.1,40.0,676,18.6,50.1,4,26,34,42,52,49,59,35,179,13
1773304289,1,102400000.0,102400000.0,10638932.0,10257007.0,1419080.9,1342913.9,361488.4,442115.5,96100.5,258.4,23.2,39.9,652,18.5,50.4,4,26,34,43,53,49,59,35,179,13
1773304590,1,102400000.0,102400000.0,10663334.0,10262433.0,1421505.6,1343980.1,361386.4,442349.8,96103.5,259.1,23.1,40.0,649,18.5,50.3,4,26,34,43,53,49,59,35,178,13
1773304891,1,102400000.0,102400000.0,10683667.0,10262084.0,1423333.6,1349524.1,362258.5,442864.2,96108.3,255.6,23.1,40.1,680,18.6,50.2,4,26,34,43,53,49,59,35,179,13
1773305192,1,102400000.0,102400000.0,10683652.0,10296153.0,1425108.0,1352706.5,362606.2,443046.5,96105.2,259.3,23.2,39.8,677,18.6,50.2,4,26,34,43,52,49,59,35,179,13
1773305489,1,102400000.0,102400000.0,10713291.0,10297620.0,1426160.1,1353681.9,363244.8,444014.3,96117.5,258.4,23.2,39.9,696,18.6,50.2,4,26,35,42,52,49,59,35,179,13
1773305790,1,102400000.0,102400000.0,10719794.0,10335791.0,1429856.0,1355806.6,363423.6,444371.4,96116.5,254.0,23.2,39.8,679,18.6,50.2,4,26,34,43,52,49,59,35,178,13
1773306091,1,102400000.0,102400000.0,10721003.0,10338251.0,1431054.4,1355235.4,364438.8,444743.0,96122.4,251.4,23.1,40.1,642,18.6,50.2,4,26,34,43,52,49,59,35,179,13
1773306389,1,102400000.0,102400000.0,10785227.0,10341412.0,1433474.0,1360045.9,364133.9,445351.8,96125.9,249.9,23.2,39.9,680,18.5,50.3,4,26,34,43,52,49,59,35,179,13
1773306690,1,102400000.0,102400000.0,10782917.0,10374333.0,1434327.0,1359496.4,365116.0,444835.2,96128.1,250.2,23.1,40.0,669,18.5,50.4,4,26,34,43,52,49,59,35,179,13
1773306991,1,102400000.0,102400000.0,10787043.0,10371592.0,1434264.0,1366032.1,364832.8,447689.0,96134.4,249.6,23.2,39.7,679,18.5,50.4,4,26,34,42,52,49,59,35,179,13
1773307288,1,102400000.0,102400000.0,10822639.0,10414011.0,1438123.4,1366355.5,365787.2,445700.2,96140.3,252.0,23.1,39.9,652,18.5,50.4,4,26,34,43,52,49,59,35,179,13
1773307589,1,102400000.0,102400000.0,10829345.0,10429229.0,1440023.6,1366653.1,365482.8,447212.5,96148.0,251.5,23.1,39.9,683,18.5,50.4,4,26,34,43,52,49,59,35,179,13
1773307890,1,102400000.0,102400000.0,10849203.0,10442228.0,1441698.0,1370101.0,366136.8,447580.4,96148.4,249.8,23.1,40.1,657,18.5,50.5,4,26,34,43,53,49,59,35,179,13
1773308191,1,102400000.0,102400000.0,10848196.0,10434383.0,1444620.9,1368475.9,366428.0,448227.2,96161.9,249.1,23.1,40.0,661,18.6,50.3,4,26,34,42,52,49,59,35,178,13
1773308489,1,102400000.0,102400000.0,10878325.0,10460320.0,1448613.0,1375509.0,366653.7,449079.3,96163.9,248.1,23.0,40.1,694,18.4,50.6,4,26,34,43,52,49,59,35,179,13
1773308790,1,102400000.0,102400000.0,10888060.0,10518695.0,1448152.5,1372615.4,367121.4,448174.0,96174.6,252.4,23.0,40.3,643,18.5,50.5,4,26,34,43,52,49,59,35,179,13
1773309090,1,102400000.0,102400000.0,10897359.0,10481533.0,1451986.4,1374315.6,367687.8,450219.4,96178.9,253.9,23.1,40.0,650,18.5,50.4,4,26,34,43,52,49,59,35,178,13
1773309391,1,102400000.0,102400000.0,10930057.0,10488559.0,1452186.4,1375314.1,367633.3,450003.0,96157.9,255.2,23.0,40.2,635,18.6,50.2,4,26,34,43,52,49,59,35,179,13
1773309689,1,102400000.0,102400000.0,10960568.0,10523529.0,1452561.9,1378202.4,368945.3,449669.8,96177.9,247.7,23.1,40.1,687,18.5,50.4,4,26,34,42,52,49,59,35,179,13
1773309990,1,102400000.0,102400000.0,10951020.0,10532156.0,1453749.4,1378846.4,368932.2,450178.8,96157.3,248.8,23.1,40.2,678,18.6,50.3,4,26,34,43,52,49,59,35,178,13
1773310291,1,102400000.0,102400000.0,10940456.0,10567365.0,1455839.5,1380710.2,369797.8,451650.7,96159.6,246.1,23.1,39.9,652,18.5,50.5,4,26,34,43,52,49,59,35,179,13
1773310589,1,102400000.0,102400000.0,10973859.0,10610724.0,1456043.1,1382090.1,370023.9,452326.2,96156.3,244.3,23.1,39.9,668,18.6,50.1,4,26,34,42,52,49,59,35,179,12
1773310890,1,102400000.0,102400000.0,11008307.0,10561727.0,1461175.9,1385527.1,370591.2,451936.5,96169.2,244.8,23.1,40.0,660,18.6,50.2,4,26,34,43,53,49,59,35,179,13
1773311191,1,102400000.0,102400000.0,11008709.0,10598967.0,1461222.4,1388677.4,371510.4,451782.5,96171.4,244.0,23.1,40.0,655,18.5,50.5,4,26,34,43,52,49,59,35,178,13
1773311488,1,102400000.0,102400000.0,11038227.0,10614043.0,1468183.6,1389576.0,370946.5,451850.4,96164.2,240.7,23.1,40.0,641,18.5,50.4,4,26,34,43,53,49,59,35,179,13
1773311790,1,102400000.0,102400000.0,11082391.0,10656584.0,1464296.0,1392077.1,371323.0,452690.6,96160.1,246.8,23.0,40.2,676,18.5,50.5,4,26,34,43,52,49,59,35,179,12
1773312091,1,102400000.0,102400000.0,11104620.0,10660031.0,1467598.9,1394066.1,371406.0,453176.9,96169.7,246.6,23.0,40.3,644,18.4,50.6,4,26,34,43,52,49,59,35,179,13
1773312392,1,102400000.0,102400000.0,11081364.0,10630567.0,1472173.4,1393884.4,371848.5,454235.6,96173.6,245.6,23.0,40.3,662,18.4,50.8,4,26,34,43,52,49,59,35,178,13
1773312689,1,102400000.0,102400000.0,11115281.0,10697459.0,1471089.4,1392688.4,372153.1,454454.4,96170.4,247.1,23.0,40.2,651,18.4,50.8,4,26,34,43,53,49,59,35,179,13
1773312990,1,102400000.0,102400000.0,11148408.0,10678641.0,1472900.6,1401858.5,373407.8,453930.8,96174.1,244.2,23.0,40.1,657,18.5,50.5,4,26,34,43,52,49,59,35,178,13
1773313291,1,102400000.0,102400000.0,11129847.0,10723368.0,1474073.4,1400588.5,373451.7,454895.0,96177.3,243.5,23.0,40.3,663,18.3,50.9,4,26,34,43,52,49,59,35,179,13
1773313589,1,102400000.0,102400000.0,11150811.0,10697015.0,1480374.6,1405227.0,372686.5,456100.8,96186.4,245.5,23.1,40.0,640,18.5,50.5,4,26,34,43,53,49,59,35,179,13
1773313890,1,102400000.0,102400000.0,11201720.0,10779688.0,1482970.1,1403458.4,373712.5,455822.4,96195.3,245.0,23.0,40.1,655,18.4,50.8,4,26,34,43,52,49,59,35,179,13
1773314191,1,102400000.0,102400000.0,11197771.0,10806623.0,1482938.0,1407263.9,374969.5,455976.1,96220.5,243.5,23.1,40.1,660,18.4,50.7,4,26,34,42,52,49,59,35,179,13
1773314488,1,102400000.0,102400000.0,11242245.0,10799773.0,1481679.6,1408067.1,373832.3,456022.3,96217.2,246.9,23.0,40.2,664,18.4,50.8,4,26,34,43,53,49,59,35,179,13
1773314790,1,102400000.0,102400000.0,11225467.0,10811892.0,1486192.9,1410657.4,375096.5,457086.8,96214.2,248.6,23.0,40.1,645,18.4,50.8,4,26,34,42,53,49,59,35,179,13
1773315090,1,102400000.0,102400000.0,11230785.0,10806361.0,1483346.4,1410808.1,374609.0,456531.8,96223.7,248.2,23.0,40.2,667,18.5,50.5,4,26,34,43,52,49,59,35,178,13
1773315391,1,102400000.0,102400000.0,11238927.0,10806661.0,1489006.0,1407676.5,375258.8,457312.0,96222.9,252.2,23.1,40.1,664,18.5,50.5,4,26,34,43,52,49,59,35,179,13
1773315689,1,102400000.0,102400000.0,11262035.0,10833541.0,1485998.9,1412526.1,375560.4,457977.0,96217.5,248.5,23.1,40.0,648,18.4,50.7,4,26,34,43,52,49,59,35,178,13
1773315990,1,102400000.0,102400000.0,11264428.0,10826085.0,1492182.6,1412919.1,375703.9,457458.6,96201.4,251.1,23.0,40.3,662,18.4,50.8,4,26,34,43,52,49,59,35,179,13
1773316291,1,102400000.0,102400000.0,11284664.0,10832127.0,1490547.9,1416800.1,375132.2,457969.7,96196.6,243.2,23.0,40.4,662,18.3,51.0,4,26,34,43,52,49,59,35,179,13
1773316589,1,102400000.0,102400000.0,11262907.0,10854197.0,1491124.5,1414908.4,375935.5,458358.5,96201.2,241.6,23.0,40.4,652,18.3,51.0,4,26,34,43,53,49,59,35,179,13
1773316890,1,102400000.0,102400000.0,11272872.0,10852414.0,1494456.6,1413640.9,376625.5,457202.0,96217.1,248.7,23.1,40.2,687,18.3,51.3,4,26,34,43,52,49,59,35,179,13
1773317191,1,102400000.0,102400000.0,11283880.0,10853232.0,1493202.9,1417139.4,375887.6,457637.9,96254.5,248.7,23.1,40.3,661,18.3,51.3,4,26,34,43,52,49,59,35,179,13
1773317491,1,102400000.0,102400000.0,11262115.0,10846831.0,1492412.1,1416318.5,375500.7,457194.5,96259.3,248.0,23.2,40.1,681,18.4,51.1,4,26,34,43,52,49,59,35,179,13
1773317789,1,102400000.0,102400000.0,11267540.0,10835500.0,1492198.1,1418270.9,376395.2,457821.4,96252.7,245.4,23.0,40.6,660,18.5,51.0,4,26,34,42,52,49,59,35,179,13
1773318090,1,102400000.0,102400000.0,11272100.0,10857080.0,1488296.9,1413742.9,375343.8,457064.5,96267.5,243.3,23.2,40.2,649,18.4,51.2,4,26,34,43,52,49,59,35,179,13
1773318391,1,102400000.0,102400000.0,11278536.0,10837285.0,1493040.6,1415178.1,374488.8,458387.5,96279.1,241.5,23.1,40.6,653,18.4,51.3,4,26,34,43,52,49,59,35,179,13
1773318688,1,102400000.0,102400000.0,11286776.0,10844541.0,1489955.4,1412512.4,376294.2,458341.5,96294.8,241.7,23.1,40.4,645,18.5,51.1,4,26,34,42,53,49,59,35,179,13
1773318990,1,102400000.0,102400000.0,11272719.0,10823248.0,1494241.1,1414823.1,376183.9,457549.0,96298.1,244.6,23.1,40.6,646,18.5,51.0,4,26,34,42,52,49,59,35,178,13
1773319291,1,102400000.0,102400000.0,11256851.0,10849319.0,1492572.4,1414207.6,376094.0,457576.8,96307.5,243.3,23.2,40.4,658,18.6,51.0,4,26,34,43,52,49,59,35,178,13
1773319592,1,102400000.0,102400000.0,11250781.0,10848877.0,1490845.1,1412953.9,375776.8,457162.3,96316.5,245.1,23.2,40.4,656,18.5,51.1,4,26,34,43,52,49,59,35,178,13
1773319889,1,102400000.0,102400000.0,11255959.0,10872964.0,1488296.4,1415504.9,375735.2,457121.0,96329.5,244.6,23.2,40.4,661,18.6,51.0,4,26,34,42,52,49,59,35,179,13
1773320190,1,102400000.0,102400000.0,11241065.0,10844136.0,1488772.1,1412801.5,375329.1,457331.5,96334.3,246.0,23.3,40.4,656,18.5,51.1,4,26,34,43,53,49,59,35,179,13
1773320491,1,102400000.0,102400000.0,11264000.0,10840628.0,1489090.6,1414551.0,375780.4,457553.0,96344.9,249.0,23.3,40.4,657,18.6,51.0,4,26,34,43,52,49,59,35,178,13
1773320792,1,102400000.0,102400000.0,11280937.0,10878515.0,1489965.4,1415422.5,376203.9,457092.3,96350.4,246.6,23.2,40.5,679,18.6,51.0,4,26,34,43,53,49,59,35,178,13
1773321089,1,102400000.0,102400000.0,11281325.0,10874437.0,1489355.4,1416398.5,375094.2,458113.0,96349.6,246.9,23.4,40.0,686,18.6,51.0,4,26,34,43,53,49,59,35,179,13
1773321390,1,102400000.0,102400000.0,11305347.0,10870349.0,1489432.0,1416530.0,375059.2,457106.1,96360.2,248.2,23.3,40.2,672,18.6,51.0,4,26,34,43,52,49,59,35,179,13
1773321691,1,102400000.0,102400000.0,11262476.0,10844909.0,1488816.4,1413279.5,376009.1,456815.0,96370.1,249.0,23.3,40.5,688,18.6,51.0,4,26,34,43,52,49,59,35,179,13
1773321992,1,102400000.0,102400000.0,11306755.0,10880423.0,1486698.9,1414478.1,375107.4,456654.5,96374.7,248.7,23.3,40.3,673,18.6,51.0,4,26,34,43,52,49,59,35,178,13
1773322289,1,102400000.0,102400000.0,11273864.0,10870316.0,1492564.9,1416312.0,375977.0,457811.6,96392.1,252.8,23.2,40.5,659,18.6,51.1,4,26,34,42,52,49,59,35,178,13
1773322590,1,102400000.0,102400000.0,11281599.0,10874201.0,1492178.1,1418875.9,376656.1,458782.8,96402.5,255.5,23.2,40.6,679,18.6,51.0,4,26,34,43,53,49,59,35,178,13
1773322891,1,102400000.0,102400000.0,11296593.0,10882691.0,1492524.4,1420012.4,376625.4,457583.5,96409.1,255.1,23.2,40.5,660,18.6,51.1,4,26,34,42,52,49,59,35,179,13
1773323192,1,102400000.0,102400000.0,11285084.0,10931599.0,1495437.1,1423269.9,376512.8,457676.3,96428.0,253.6,23.2,40.5,678,18.5,51.2,4,26,34,42,52,49,59,35,178,13
1773323489,1,102400000.0,102400000.0,11326204.0,10954491.0,1497592.6,1422120.6,376892.1,458408.8,96448.5,253.9,23.2,40.5,642,18.5,51.4,4,26,34,43,52,49,59,35,178,13
1773323790,1,102400000.0,102400000.0,11337221.0,10970001.0,1500018.9,1421345.9,377288.3,458369.6,96433.5,257.0,23.1,40.7,686,18.5,51.3,4,26,34,43,52,49,59,35,179,13
1773324091,1,102400000.0,102400000.0,11359477.0,10951724.0,1501538.6,1422449.6,376616.0,459143.8,96425.3,257.3,23.2,40.4,661,18.5,51.4,4,26,35,43,52,49,59,35,178,13
1773324392,1,102400000.0,102400000.0,11383720.0,10962037.0,1502833.5,1424096.0,378026.3,458978.0,96428.4,254.4,23.2,40.5,672,18.6,51.1,4,26,34,43,52,49,59,35,179,12
1773324689,1,102400000.0,102400000.0,11375772.0,10959213.0,1502902.5,1427191.4,377890.8,458527.0,96438.0,259.8,23.3,40.3,675,18.6,51.2,4,26,34,43,52,49,59,35,179,13
1773324990,1,102400000.0,102400000.0,11378213.0,11012255.0,1503645.5,1427552.0,377363.7,459230.0,96446.5,257.7,23.2,40.5,673,18.5,51.3,4,26,34,42,52,49,59,35,179,13
1773325291,1,102400000.0,102400000.0,11401079.0,10968141.0,1505746.6,1432803.6,377609.2,461054.8,96454.3,261.3,23.0,41.0,676,18.5,51.4,4,26,34,43,52,49,59,35,178,13
1773325589,1,102400000.0,102400000.0,11435373.0,11024487.0,1512661.0,1436107.5,378702.2,460208.1,96454.4,260.4,23.1,40.7,679,18.5,51.4,4,26,34,43,52,49,59,35,178,13
1773325890,1,102400000.0,102400000.0,11473241.0,11009911.0,1512126.0,1432718.4,378661.9,460758.5,96465.2,256.0,23.2,40.6,661,18.4,51.5,4,26,34,42,52,49,59,35,179,13
1773326191,1,102400000.0,102400000.0,11481551.0,11070504.0,1512599.0,1435552.1,380623.6,461188.1,96469.3,262.1,23.2,40.4,647,18.6,51.2,4,26,34,43,53,49,59,35,179,13
1773326492,1,102400000.0,102400000.0,11454695.0,11089224.0,1513304.0,1434215.6,379960.5,461433.4,96479.7,261.7,23.3,40.2,671,18.6,51.2,4,26,34,42,52,49,59,35,179,13
1773326789,1,102400000.0,102400000.0,11493551.0,11122061.0,1516718.1,1438565.0,379636.8,462574.0,96484.7,260.0,23.2,40.4,674,18.6,51.2,4,26,34,43,52,49,59,35,179,13
1773327091,1,102400000.0,102400000.0,11506591.0,11087908.0,1517205.0,1441028.5,379919.3,460996.2,96493.6,255.0,23.3,40.3,670,18.5,51.3,4,26,34,43,52,49,59,35,179,13
1773327392,1,102400000.0,102400000.0,11518059.0,11115195.0,1520585.0,1441794.9,380290.6,461451.2,96499.6,256.4,23.3,40.3,680,18.5,51.2,4,26,34,43,53,49,59,35,179,13
1773327689,1,102400000.0,102400000.0,11524232.0,11139652.0,1523371.9,1447088.0,381070.2,461003.9,96502.1,259.7,23.2,40.5,689,18.5,51.4,4,26,34,43,53,49,59,35,179,13
1773327990,1,102400000.0,102400000.0,11526067.0,11138499.0,1525743.4,1443323.9,380670.2,461805.7,96496.1,254.4,23.2,40.5,669,18.4,51.6,4,26,34,43,52,49,59,35,179,13
1773328291,1,102400000.0,102400000.0,11562543.0,11088415.0,1521988.1,1442539.5,381398.8,462561.0,96502.3,258.2,23.3,40.4,669,18.5,51.3,4,26,34,42,52,49,59,35,179,13
1773328591,1,102400000.0,102400000.0,11560140.0,11205808.0,1521935.9,1449222.1,381617.5,461244.6,96504.4,258.7,23.2,40.7,678,18.5,51.4,4,26,34,42,52,49,59,35,179,13
1773328889,1,102400000.0,102400000.0,11560085.0,11141164.0,1523507.4,1445821.5,381190.5,462614.2,96509.0,257.1,23.2,40.5,669,18.5,51.5,4,26,34,43,52,49,59,35,178,13
1773329190,1,102400000.0,102400000.0,11584163.0,11167723.0,1523437.6,1449418.6,381852.1,463144.7,96517.5,250.7,23.2,40.5,676,18.4,51.5,4,26,34,43,52,49,59,35,179,13
1773329491,1,102400000.0,102400000.0,11568052.0,11190235.0,1527925.4,1449476.4,382092.3,462445.1,96531.4,249.9,23.2,40.7,658,18.4,51.7,4,26,34,42,52,49,59,35,178,13
1773329793,1,102400000.0,102400000.0,11585557.0,11208693.0,1531140.6,1449598.5,380787.7,463027.2,96531.1,254.2,23.2,40.7,680,18.5,51.6,4,26,34,43,53,49,59,35,178,13
1773330089,1,102400000.0,102400000.0,11582879.0,11207669.0,1531120.6,1449477.6,381055.2,462814.8,96539.9,252.7,23.2,40.6,692,18.4,51.7,4,26,34,42,52,49,59,35,178,13
1773330390,1,102400000.0,102400000.0,11590119.0,11201505.0,1529823.9,1449609.0,381541.6,462762.5,96539.3,255.4,23.2,40.6,708,18.4,51.7,4,26,34,43,52,49,59,35,179,13
1773330692,1,102400000.0,102400000.0,11591077.0,11190713.0,1530321.9,1450973.9,381708.6,462830.5,96542.4,261.9,23.2,40.6,670,18.4,51.8,4,26,34,43,52,49,59,35,178,13
1773330989,1,102400000.0,102400000.0,11617928.0,11199681.0,1532348.9,1451982.1,381897.7,462794.1,96554.0,262.0,23.2,40.7,676,18.4,51.7,4,26,34,43,52,49,59,35,179,13
1773331291,1,102400000.0,102400000.0,11627088.0,11216395.0,1532050.0,1452752.0,381438.9,464325.7,96554.5,254.8,23.2,40.5,695,18.4,51.7,4,26,34,43,52,49,59,35,179,13
1773331592,1,102400000.0,102400000.0,11644483.0,11226212.0,1535646.0,1456752.6,382191.5,462827.4,96555.3,261.4,23.2,40.7,697,18.4,51.8,4,26,34,43,52,49,59,35,178,12
1773331889,1,102400000.0,102400000.0,11650320.0,11231205.0,1532632.4,1451267.0,382072.2,462764.8,96565.2,264.6,23.2,40.6,690,18.4,51.7,4,26,34,43,52,49,59,35,179,13
1773332190,1,102400000.0,102400000.0,11636407.0,11230937.0,1533071.6,1452075.4,382275.3,463657.3,96573.7,265.2,23.2,40.4,699,18.4,51.8,4,26,34,43,52,49,59,35,179,13
1773332491,1,102400000.0,102400000.0,11654265.0,11246325.0,1534633.6,1452602.4,382701.7,462733.7,96569.9,267.8,23.1,40.8,675,18.3,51.9,4,26,34,43,52,49,59,35,178,13
1773332792,1,102400000.0,102400000.0,11626969.0,11213947.0,1537739.4,1454075.9,381599.8,463448.7,96570.5,267.8,23.1,40.8,698,18.4,51.7,4,26,34,43,52,49,59,35,179,13
1773333089,1,102400000.0,102400000.0,11620677.0,11187111.0,1532768.9,1452395.4,382014.0,462481.6,96573.5,270.0,23.1,40.7,700,18.4,51.6,4,26,34,43,52,49,59,35,179,13
1773333390,1,102400000.0,102400000.0,11634373.0,11213823.0,1529329.4,1452488.6,381257.8,464175.3,96574.1,269.5,23.1,40.6,713,18.3,51.8,4,26,34,43,52,49,59,35,178,13
1773333691,1,102400000.0,102400000.0,11628715.0,11215025.0,1534851.5,1453242.9,382163.8,462859.3,96572.5,272.6,23.2,40.6,715,18.4,51.8,4,26,34,43,52,49,59,35,178,13
1773333989,1,102400000.0,102400000.0,11620627.0,11234083.0,1534170.6,1451770.0,382086.1,463207.8,96576.8,275.1,23.3,40.3,682,18.4,51.6,4,26,34,43,52,49,59,35,179,13
1773334290,1,102400000.0,102400000.0,11641259.0,11235256.0,1534497.6,1451863.1,381892.2,462318.8,96581.8,274.3,23.2,40.6,710,18.4,51.6,1100,2323,2400,2486,8758,10186,15088,3599,9990,725
1773334591,1,102400000.0,102400000.0,11579219.0,11199323.0,1526708.4,1442538.4,380691.8,456696.4,96577.0,283.3,23.4,40.3,733,18.4,51.7,1128,2276,2481,2581,9105,10571,15725,3734,10296,738
1773334889,1,102400000.0,102400000.0,11382533.0,11013075.0,1502671.9,1423705.5,377119.0,456900.2,96589.0,290.2,23.4,40.3,728,18.5,51.7,1129,2256,2485,2586,9130,10595,15773,3743,10309,738
1773335190,1,102400000.0,102400000.0,11412245.0,11023603.0,1506042.5,1426270.4,377607.6,457550.8,96589.3,291.7,23.4,40.3,733,18.5,51.7,1128,2251,2486,2586,9134,10600,15783,3744,10313,738
1773335491,1,102400000.0,102400000.0,11397592.0,10929860.0,1506868.1,1426426.5,377123.1,457374.8,96592.2,294.1,23.4,40.3,755,18.5,51.7,1129,2249,2487,2588,9142,10609,15794,3748,10315,738
1773335792,1,102400000.0,102400000.0,11401051.0,11019455.0,1502517.0,1426313.6,377073.6,456445.8,96597.8,300.3,23.5,40.1,750,18.7,51.1,1129,2242,2488,2588,9145,10612,15797,3750,10316,738
1773336089,1,102400000.0,102400000.0,11428301.0,10979407.0,1505172.0,1427182.1,377140.5,456076.5,96596.6,297.5,23.6,39.7,741,18.7,51.1,1128,2238,2488,2588,9146,10613,15795,3750,10315,739
1773336390,1,102400000.0,102400000.0,11389456.0,10977481.0,1499523.6,1422963.0,376114.5,455685.3,96600.0,304.1,23.7,39.6,748,18.7,51.0,1128,2233,2488,2588,9150,10615,15796,3751,10315,739
1773336691,1,102400000.0,102400000.0,11370552.0,10943145.0,1496701.1,1418803.9,376736.8,456053.1,96604.0,306.4,23.7,39.6,734,18.7,51.0,1128,2233,2488,2588,9152,10618,15800,3752,10318,739
1773336989,1,102400000.0,102400000.0,11338124.0,10940364.0,1497756.4,1423674.1,376399.7,457511.4,96605.6,306.0,23.9,39.4,758,18.8,50.8,1129,2235,2489,2589,9155,10624,15808,3754,10322,740
1773337290,1,102400000.0,102400000.0,11403627.0,10941619.0,1502102.9,1428052.9,376526.1,457129.1,96602.0,303.4,23.8,39.4,776,18.8,50.8,1129,2233,2489,2588,9153,10623,15803,3753,10317,740
1773337592,1,102400000.0,102400000.0,11429447.0,11018117.0,1506743.5,1429873.4,378125.4,457908.8,96599.0,312.1,23.8,39.3,758,18.9,50.5,1128,2226,2487,2586,9146,10614,15792,3750,10297,738
1773337890,1,102400000.0,102400000.0,11432623.0,10997219.0,1502163.5,1426769.5,376560.0,456389.5,96602.9,317.8,23.8,40.0,780,19.0,50.7,1128,2229,2489,2587,9149,10619,15799,3752,10305,739
1773338191,1,102400000.0,102400000.0,11342792.0,10901152.0,1499298.5,1419898.0,376433.5,455386.8,96608.2,323.3,24.0,39.8,806,18.9,51.1,1128,2230,2488,2587,9149,10618,15801,3752,10304,739
1773338489,1,102400000.0,102400000.0,11294557.0,10862039.0,1490576.5,1417940.1,375796.3,455031.4,96609.7,324.8,24.0,39.6,748,19.0,50.9,1128,2233,2489,2589,9150,10621,15806,3753,10301,739
1773338790,1,102400000.0,102400000.0,11335148.0,10921071.0,1492437.5,1422417.6,374594.2,454310.1,96608.2,322.4,24.0,39.6,790,19.1,50.6,1128,2228,2489,2587,9150,10622,15802,3752,10298,739
1773339091,1,102400000.0,102400000.0,11293687.0,10860442.0,1487783.1,1417081.4,374765.1,455113.9,96607.3,318.2,24.1,39.5,776,19.1,50.6,1128,2226,2488,2586,9148,10618,15794,3751,10293,738
1773339389,1,102400000.0,102400000.0,11292589.0,10856559.0,1493713.0,1416019.0,374354.2,454111.3,96604.0,317.9,24.0,39.6,787,19.0,50.8,1127,2226,2487,2586,9145,10617,15794,3750,10284,738
1773339689,1,102400000.0,102400000.0,11331645.0,10914884.0,1492481.9,1418798.9,375652.8,454163.4,96611.9,321.5,24.0,39.7,808,19.1,50.7,1128,2228,2488,2585,9145,10617,15791,3750,10279,738
1773339990,1,102400000.0,102400000.0,11317824.0,10890299.0,1495643.6,1416576.0,374770.2,454726.5,96616.4,325.7,24.0,39.6,780,19.0,50.8,1127,2227,2487,2586,9143,10616,15793,3749,10271,738
1773340291,1,102400000.0,102400000.0,11305529.0,10950995.0,1500811.0,1425219.6,375973.1,454681.4,96615.9,322.0,23.9,39.8,783,19.1,50.7,1126,2221,2486,2584,9140,10609,15785,3748,10266,737
1773340589,1,102400000.0,102400000.0,11347111.0,10912318.0,1494499.9,1428944.6,375120.9,452216.1,96613.5,321.7,24.2,39.2,788,19.2,50.4,1126,2218,2486,2584,9141,10611,15784,3748,10263,737
1773340890,1,102400000.0,102400000.0,11202963.0,10804959.0,1486503.1,1405155.4,371037.2,446478.4,96612.7,323.5,24.1,39.6,791,19.2,50.5,1127,2221,2487,2584,9141,10611,15788,3748,10261,738
1773341191,1,102400000.0,102400000.0,11072869.0,10646719.0,1460628.1,1386112.0,368139.7,439875.3,96611.0,332.0,24.2,39.2,782,19.2,50.4,1126,2221,2487,2584,9140,10610,15786,3748,10259,737
1773341489,1,102400000.0,102400000.0,10838319.0,10448262.0,1449082.9,1367492.0,364818.8,439647.9,96608.7,329.1,24.2,39.1,793,19.1,50.5,1126,2220,2486,2583,9137,10608,15784,3747,10255,737
1773341789,1,102400000.0,102400000.0,10863196.0,10439971.0,1446946.4,1370173.1,364924.2,439450.2,96609.0,325.0,24.1,39.3,818,19.2,50.3,1126,2217,2486,2585,9139,10610,15791,3747,10257,737
1773342090,1,102400000.0,102400000.0,10941756.0,10544983.0,1449413.4,1374227.0,365862.5,439473.2,96601.3,324.1,24.2,39.1,786,19.1,50.5,1126,2218,2485,2584,9140,10611,15791,3747,10257,737
1773342391,1,102400000.0,102400000.0,10893096.0,10528964.0,1449929.5,1373425.0,365196.9,439396.7,96599.4,327.2,24.0,39.4,782,19.2,50.4,1125,2215,2486,2585,9138,10610,15788,3747,10258,737
1773342689,1,102400000.0,102400000.0,10890345.0,10493845.0,1449627.0,1373075.6,366408.1,440359.4,96601.6,323.9,24.0,39.5,797,19.2,50.4,1126,2215,2485,2584,9138,10611,15790,3747,10256,737
1773342990,1,102400000.0,102400000.0,10923173.0,10551969.0,1453362.1,1376184.2,368187.7,442266.7,96601.6,324.1,24.0,39.4,797,19.2,50.2,1126,2213,2486,2584,9138,10609,15788,3747,10255,737
1773343291,1,102400000.0,102400000.0,11006269.0,10607951.0,1466871.4,1385464.4,369385.8,444576.9,96602.3,326.1,24.2,39.1,814,19.1,50.4,1126,2220,2486,2584,9140,10612,15789,3748,10257,737
1773343588,1,102400000.0,102400000.0,11100134.0,10658249.0,1470922.5,1393482.1,371418.5,447879.1,96604.7,328.7,24.2,39.2,779,19.2,50.3,1126,2215,2486,2585,9142,10612,15793,3747,10256,737
1773343889,1,102400000.0,102400000.0,11176825.0,10742695.0,1480367.0,1405177.5,372846.6,448834.0,96602.5,330.1,24.3,39.1,805,19.2,50.2,1126,2215,2486,2585,9140,10611,15791,3747,10257,737
1773344191,1,102400000.0,102400000.0,11232228.0,10804747.0,1486820.1,1410081.5,374051.2,450156.3,96597.9,330.9,24.1,39.3,799,19.3,50.1,1125,2216,2486,2584,9138,10611,15791,3747,10254,737
1773344492,1,102400000.0,102400000.0,11254855.0,10800880.0,1496459.0,1416910.0,374495.7,451912.5,96596.0,329.8,24.1,39.3,802,19.3,50.1,1125,2213,2486,2585,9138,10609,15790,3746,10254,737
1773344789,1,102400000.0,102400000.0,11305152.0,10892000.0,1496467.5,1414235.1,375648.7,452343.4,96592.8,331.6,24.2,39.2,793,19.3,50.0,1125,2213,2485,2585,9141,10611,15793,3747,10253,737
1773345090,1,102400000.0,102400000.0,11353019.0,10923523.0,1497748.5,1427281.9,376176.6,452261.0,96580.8,338.6,24.3,39.1,815,19.2,50.2,1125,2210,2485,2585,9137,10606,15786,3746,10252,737
1773345391,1,102400000.0,102400000.0,11341308.0,10941382.0,1505851.0,1421651.5,375171.0,451113.0,96582.9,334.8,24.3,39.0,792,19.3,50.1,1126,2212,2485,2585,9139,10609,15790,3747,10253,737
1773345689,1,102400000.0,102400000.0,11312188.0,10879455.0,1490930.1,1425562.4,374767.6,450426.5,96584.0,340.4,24.2,39.2,831,19.3,50.0,1125,2211,2485,2585,9139,10610,15792,3747,10252,737
1773345990,1,102400000.0,102400000.0,11276653.0,10906635.0,1493109.9,1423464.6,375219.2,450491.3,96584.1,344.0,24.2,39.2,843,19.4,49.9,1125,2208,2484,2584,9137,10608,15788,3746,10249,737
1773346291,1,102400000.0,102400000.0,11279568.0,10862121.0,1496037.9,1422821.5,375355.8,452241.3,96581.5,341.9,24.2,39.2,817,19.2,50.2,1125,2208,2485,2584,9138,10608,15788,3746,10250,737
1773346589,1,102400000.0,102400000.0,11338652.0,10910666.0,1500673.4,1422839.1,376194.1,453998.7,96578.1,342.7,24.2,39.1,830,19.2,50.2,1125,2209,2484,2583,9137,10607,15787,3746,10250,737
1773346890,1,102400000.0,102400000.0,11394479.0,11001848.0,1509357.4,1434987.5,377852.2,454282.9,96567.4,348.2,24.2,39.1,845,19.3,50.0,1125,2208,2485,2583,9136,10607,15781,3745,10249,736
1773347191,1,102400000.0,102400000.0,11446107.0,11030069.0,1513037.6,1432040.1,378483.5,454323.2,96560.8,347.0,24.1,39.2,816,19.3,49.8,1124,2207,2484,2584,9135,10607,15782,3745,10250,736
1773347492,1,102400000.0,102400000.0,11482621.0,11087474.0,1517237.4,1434016.4,379408.1,455203.1,96556.3,345.2,24.2,39.0,828,19.5,49.6,1125,2210,2486,2585,9139,10611,15789,3747,10255,737
1773347789,1,102400000.0,102400000.0,11454977.0,11112180.0,1520679.6,1442682.9,379031.3,455519.2,96552.1,349.3,24.2,39.0,836,19.5,49.6,1126,2211,2486,2585,9137,10612,15793,3747,10255,737
1773348090,1,102400000.0,102400000.0,11490195.0,11067775.0,1520921.1,1439318.5,379138.8,455643.3,96545.2,355.3,24.3,39.0,847,19.4,49.8,1125,2210,2486,2585,9139,10613,15796,3747,10259,737
1773348392,1,102400000.0,102400000.0,11493984.0,11093323.0,1524244.5,1445248.0,379334.5,456268.1,96534.7,361.0,24.2,39.3,850,19.5,49.6,1125,2212,2486,2585,9138,10613,15788,3747,10256,737
1773348689,1,102400000.0,102400000.0,11502737.0,11100548.0,1522212.5,1441033.4,379165.3,456483.2,96533.9,366.7,24.2,39.2,861,19.2,50.1,1124,2206,2485,2583,9136,10608,15785,3746,10252,737
1773348990,1,102400000.0,102400000.0,11514116.0,11132199.0,1526517.9,1445520.4,380235.9,457088.2,96522.1,368.5,24.3,38.9,868,19.4,49.9,1125,2206,2485,2584,9136,10607,15785,3746,10253,737
1773349292,1,102400000.0,102400000.0,11561632.0,11130843.0,1526517.6,1449542.1,380406.8,457236.7,96510.0,366.1,24.2,39.2,847,19.5,49.7,1125,2208,2486,2584,9139,10612,15786,3747,10253,737
1773349589,1,102400000.0,102400000.0,11521129.0,11139939.0,1526066.5,1445807.9,380048.7,457076.7,96503.6,369.4,24.2,39.3,874,19.5,49.7,1125,2207,2485,2584,9137,10610,15785,3746,10255,737
1773349890,1,102400000.0,102400000.0,11552965.0,11120308.0,1525155.0,1448290.6,380232.5,456648.1,96506.0,377.2,24.1,39.4,873,19.5,49.7,1125,2208,2485,2584,9136,10609,15785,3746,10253,737
1773350192,1,102400000.0,102400000.0,11555789.0,11166517.0,1530068.9,1444220.4,380412.5,457297.0,96499.1,378.7,24.2,39.2,886,19.5,49.5,1125,2208,2486,2585,9138,10612,15789,3747,10254,737
1773350489,1,102400000.0,102400000.0,11555613.0,11125724.0,1528536.5,1450271.1,380773.2,457302.0,96492.4,384.2,24.1,39.4,885,19.5,49.6,1125,2206,2485,2584,9135,10610,15783,3746,10251,737
1773350790,1,102400000.0,102400000.0,11552576.0,11191332.0,1524965.6,1456468.9,380668.0,457304.9,96485.7,382.4,24.2,39.4,893,19.5,49.7,1125,2207,2485,2585,9138,10612,15787,3746,10255,737
1773351091,1,102400000.0,102400000.0,11568489.0,11176224.0,1532050.4,1455406.1,380531.2,457584.2,96483.4,383.1,24.2,39.3,863,19.5,49.7,1125,2209,2485,2584,9136,10609,15784,3746,10249,737
1773351389,1,102400000.0,102400000.0,11587212.0,11168572.0,1528173.4,1452224.9,379195.8,452860.1,96475.0,384.6,24.3,39.2,871,19.6,49.5,1125,2207,2485,2585,9134,10608,15784,3745,10247,737
1773351690,1,102400000.0,102400000.0,11405515.0,11018839.0,1509214.9,1424312.1,376639.8,451319.2,96468.2,389.7,24.2,39.3,889,19.5,49.6,1125,2209,2485,2584,9135,10609,15785,3745,10248,736
1773351991,1,102400000.0,102400000.0,11416856.0,10965860.0,1502086.0,1429359.4,376596.7,451085.1,96461.4,386.9,24.4,39.0,890,19.5,49.6,1125,2209,2486,2585,9137,10612,15788,3747,10255,737
1773352289,1,102400000.0,102400000.0,11412368.0,11001233.0,1508994.9,1435334.4,378324.7,452174.5,96454.8,383.9,24.4,38.8,881,19.5,49.6,1125,2207,2485,2584,9135,10609,15785,3746,10252,737
1773352590,1,102400000.0,102400000.0,11459819.0,11054419.0,1517416.5,1440953.1,378874.8,454423.4,96448.1,388.4,24.4,38.8,894,19.6,49.4,1125,2207,2486,2585,9137,10611,15788,3746,10253,737
1773352891,1,102400000.0,102400000.0,11505249.0,11088568.0,1522954.1,1448218.1,379669.1,454967.6,96440.0,391.2,24.2,39.2,892,19.5,49.6,1125,2206,2485,2584,9137,10610,15786,3745,10254,736
1773353192,1,102400000.0,102400000.0,11529931.0,11140027.0,1528358.0,1451970.6,379886.5,456351.2,96438.4,386.8,24.3,39.1,882,19.5,49.6,1125,2207,2486,2584,9139,10614,15785,3747,10257,737
1773353489,1,102400000.0,102400000.0,11594355.0,11167168.0,1534847.6,1453939.5,381283.5,457006.7,96433.6,385.8,24.3,39.1,890,19.5,49.5,1125,2207,2486,2584,9137,10611,15787,3747,10255,737
1773353790,1,102400000.0,102400000.0,11587101.0,11172851.0,1533052.1,1454760.5,381565.0,458034.0,96429.9,397.2,24.3,39.0,878,19.5,49.7,1125,2211,2486,2585,9137,10613,15791,3747,10257,737
1773354091,1,102400000.0,102400000.0,11573227.0,11225567.0,1539891.5,1458823.4,381298.7,458203.4,96425.5,399.9,24.4,38.8,895,19.5,49.6,1125,2209,2485,2585,9138,10610,15786,3746,10252,737
1773354389,1,102400000.0,102400000.0,11604844.0,11219704.0,1537660.9,1455110.5,381298.8,457963.5,96426.6,403.2,24.2,39.3,892,19.6,49.5,1125,2208,2486,2585,9137,10612,15790,3746,10258,737
1773354690,1,102400000.0,102400000.0,11631255.0,11220425.0,1541587.6,1460529.6,382553.2,458309.0,96424.9,402.2,24.4,38.8,906,19.6,49.4,1125,2208,2486,2585,9139,10614,15790,3747,10258,737
1773354991,1,102400000.0,102400000.0,11648809.0,11221169.0,1545689.6,1460099.1,382561.8,458011.7,96428.1,392.2,24.6,38.5,883,19.4,49.7,1125,2205,2485,2585,9139,10611,15789,3747,10255,737
1773355289,1,102400000.0,102400000.0,11635340.0,11275109.0,1540184.9,1459574.1,382444.8,459132.2,96419.3,389.4,24.4,38.8,868,19.5,49.5,1125,2206,2486,2585,9139,10616,15790,3747,10257,737
1773355590,1,102400000.0,102400000.0,11635533.0,11290016.0,1543146.0,1462837.5,383433.8,458739.0,96416.5,384.5,24.4,38.8,891,19.5,49.5,1125,2204,2485,2585,9137,10609,15788,3746,10253,737
1773355891,1,102400000.0,102400000.0,11646032.0,11276672.0,1540662.4,1465903.6,382947.5,457800.8,96416.4,377.0,24.4,38.8,889,19.5,49.6,1125,2207,2486,2585,9138,10614,15792,3747,10256,737
1773356191,1,102400000.0,102400000.0,11638645.0,11276641.0,1548053.4,1456730.6,382776.0,458364.3,96406.6,381.9,24.4,38.8,868,19.4,49.6,1124,2203,2485,2585,9137,10614,15789,3746,10254,737
1773356489,1,102400000.0,102400000.0,11643705.0,11241481.0,1545593.6,1463299.6,382191.9,457190.5,96408.3,380.2,24.5,38.5,865,19.5,49.5,1125,2203,2486,2586,9137,10612,15800,3746,10254,737
1773356790,1,102400000.0,102400000.0,11672629.0,11251829.0,1544980.9,1465764.9,382189.6,457403.5,96404.8,379.1,24.5,38.5,884,19.4,49.6,1124,2203,2485,2586,9136,10612,15795,3746,10253,736
1773357091,1,102400000.0,102400000.0,11675427.0,11301248.0,1543468.9,1465682.0,382260.9,457272.3,96406.0,381.8,24.4,38.6,887,19.5,49.5,1125,2203,2485,2586,9141,10615,15799,3747,10255,737
1773357392,1,102400000.0,102400000.0,11670828.0,11262864.0,1548194.6,1463127.1,381773.1,454966.2,96397.2,378.6,24.4,38.7,870,19.4,49.7,1124,2201,2484,2581,9133,10604,15766,3744,10240,737
1773357689,1,102400000.0,102400000.0,11588984.0,11208155.0,1534187.5,1451460.6,380427.9,452639.9,96387.7,379.8,24.4,38.8,901,19.5,49.4,1125,2209,2486,2585,9139,10617,15790,3748,10256,737
1773357990,1,102400000.0,102400000.0,11520043.0,11178833.0,1528091.0,1450912.5,379458.5,452145.6,96381.3,381.6,24.3,38.9,853,19.6,49.2,1125,2205,2485,2584,9136,10612,15784,3746,10252,737
1773358291,1,102400000.0,102400000.0,11556816.0,11166833.0,1528039.4,1445591.4,379556.8,452680.2,96375.2,378.3,24.5,38.4,851,19.6,49.1,1125,2207,2486,2584,9137,10612,15784,3746,10252,736
1773358588,1,102400000.0,102400000.0,11563975.0,11144522.0,1532995.1,1448355.0,380154.5,450041.2,96369.1,381.7,24.5,38.5,847,19.6,49.1,1126,2210,2487,2586,9139,10618,15792,3748,10259,737
1773358889,1,102400000.0,102400000.0,11480431.0,11077214.0,1522934.1,1442763.6,378695.2,449288.1,96360.0,384.0,24.5,38.6,876,19.7,49.0,1125,2205,2486,2585,9139,10613,15785,3746,10255,737
1773359191,1,102400000.0,102400000.0,11479407.0,11061455.0,1520864.9,1438814.9,378765.6,450431.8,96356.7,384.0,24.4,38.8,899,19.5,49.3,1125,2207,2487,2586,9139,10618,15793,3747,10255,737
1773359488,1,102400000.0,102400000.0,11518777.0,11136167.0,1525744.6,1445167.1,379143.8,450760.6,96353.5,386.4,24.4,38.8,913,19.6,49.3,1125,2204,2485,2585,9136,10613,15787,3746,10252,737
1773359790,1,102400000.0,102400000.0,11481399.0,11148269.0,1520213.9,1444974.4,380033.0,453029.7,96349.7,393.3,24.3,39.0,896,19.5,49.5,1125,2205,2485,2585,9138,10617,15791,3747,10257,737
1773360091,1,102400000.0,102400000.0,11585240.0,11154989.0,1533050.0,1448879.5,380561.7,452772.5,96343.3,388.3,24.4,38.7,881,19.4,49.6,1124,2203,2485,2584,9135,10612,15784,3745,10252,737
1773360392,1,102400000.0,102400000.0,11573117.0,11170052.0,1533618.5,1451063.9,380163.6,453126.2,96332.1,397.8,24.4,38.7,900,19.5,49.4,1125,2205,2485,2583,9133,10611,15776,3745,10252,737
1773360689,1,102400000.0,102400000.0,11591445.0,11178431.0,1531253.1,1455087.1,379736.7,452473.8,96326.5,399.8,24.3,39.0,919,19.5,49.5,1125,2207,2486,2585,9138,10616,15787,3748,10257,736
1773360990,1,102400000.0,102400000.0,11579167.0,11197599.0,1531275.1,1456020.9,381501.7,452460.8,96324.2,401.5,24.3,38.9,898,19.6,49.3,1125,2207,2486,2585,9139,10616,15785,3747,10257,737
1773361291,1,102400000.0,102400000.0,11597337.0,11122644.0,1532206.9,1457282.0,381320.5,452501.2,96316.7,402.2,24.3,39.0,904,19.5,49.5,1125,2206,2485,2584,9137,10615,15781,3747,10255,737
1773361589,1,102400000.0,102400000.0,11562665.0,11191383.0,1536566.6,1454658.6,380893.3,453181.2,96302.8,408.5,24.4,38.8,891,19.5,49.5,1126,2210,2487,2588,9142,10622,15803,3749,10265,737
1773361890,1,102400000.0,102400000.0,11589373.0,11201089.0,1536900.4,1449700.9,380790.1,454045.6,96290.9,402.0,24.4,38.6,869,19.6,49.2,1125,2208,2486,2586,9138,10616,15785,3748,10257,737
1773362191,1,102400000.0,102400000.0,11637485.0,11277267.0,1539897.6,1458367.1,381722.9,453194.0,96279.2,395.7,24.4,38.7,860,19.6,49.0,1125,2208,2486,2586,9138,10616,15791,3747,10257,737
1773362488,1,102400000.0,102400000.0,11616995.0,11270567.0,1532686.6,1458719.9,382252.0,453557.0,96272.9,380.7,24.3,38.7,873,19.5,49.1,1125,2206,2486,2585,9138,10617,15785,3747,10256,737
1773362789,1,102400000.0,102400000.0,11621069.0,11286771.0,1545834.5,1463057.4,381971.0,452729.5,96268.5,381.7,24.2,39.0,868,19.6,49.0,1125,2206,2486,2584,9136,10615,15783,3747,10253,737
1773363090,1,102400000.0,102400000.0,11635316.0,11259476.0,1538253.9,1458573.6,381205.9,453313.4,96264.8,377.7,24.3,39.0,871,19.5,49.5,1125,2205,2485,2584,9137,10613,15784,3746,10255,736
1773363391,1,102400000.0,102400000.0,11613707.0,11202053.0,1533654.0,1457457.4,380959.7,452628.5,96258.8,376.9,24.3,38.7,870,19.6,48.9,1125,2208,2486,2585,9140,10618,15786,3748,10259,737
1773363689,1,102400000.0,102400000.0,11648216.0,11242651.0,1537975.1,1457997.0,381008.8,450809.8,96260.0,375.4,24.4,38.6,854,19.5,49.0,1125,2207,2486,2586,9138,10616,15792,3747,10257,737
1773363990,1,102400000.0,102400000.0,11569144.0,11184495.0,1535428.5,1450669.4,380649.6,450680.0,96248.4,376.7,24.3,38.7,881,19.5,49.3,1125,2205,2486,2586,9138,10616,15792,3747,10256,737
1773364290,1,102400000.0,102400000.0,11562615.0,11215227.0,1539861.6,1455411.0,379824.7,449787.9,96239.2,377.4,24.3,38.7,850,19.5,49.2,1125,2207,2486,2586,9138,10617,15790,3747,10258,737
1773364591,1,102400000.0,102400000.0,11558599.0,11181939.0,1525841.5,1450254.9,379150.0,448400.5,96222.5,377.1,24.4,38.5,854,19.6,49.0,1125,2206,2487,2586,9139,10616,15794,3747,10256,737
1773364889,1,102400000.0,102400000.0,11548909.0,11128023.0,1522955.1,1449107.9,378491.8,447003.2,96217.6,375.1,24.4,38.6,852,19.5,49.1,1125,2208,2487,2587,9141,10618,15794,3748,10256,737
1773365190,1,102400000.0,102400000.0,11479647.0,11109271.0,1525502.9,1441935.9,377593.5,446748.2,96212.9,369.6,24.4,38.5,829,19.6,48.9,1125,2204,2486,2586,9138,10617,15793,3747,10257,737
1773365491,1,102400000.0,102400000.0,11501335.0,11087580.0,1523689.6,1444996.6,377394.0,446325.2,96213.4,371.3,24.3,38.8,852,19.6,49.0,1125,2207,2487,2586,9140,10619,15796,3748,10261,737
1773365792,1,102400000.0,102400000.0,11496240.0,11098080.0,1521549.0,1444746.1,377391.4,446066.7,96201.4,369.0,24.3,38.7,835,19.5,49.2,1125,2205,2486,2585,9137,10615,15781,3746,10255,737
1773366089,1,102400000.0,102400000.0,11477547.0,11082503.0,1518084.0,1437153.0,377408.7,445508.2,96199.7,367.2,24.2,38.8,829,19.5,49.0,1124,2204,2485,2582,9131,10609,15769,3744,10243,735
1773366390,1,102400000.0,102400000.0,11463557.0,11083855.0,1519514.1,1433173.5,376682.3,445306.5,96190.0,371.4,24.5,38.7,873,19.2,49.9,1125,2211,2487,2582,9134,10619,15775,3747,10252,736
1773366691,1,102400000.0,102400000.0,11461401.0,11055783.0,1517835.4,1436280.4,376534.8,444040.9,96179.7,373.1,24.4,38.8,856,19.2,50.1,1126,2213,2491,2588,9149,10656,15791,3754,10279,738
1773366992,1,102400000.0,102400000.0,11460405.0,11053328.0,1513304.9,1438529.9,377084.0,444673.5,96171.7,381.3,24.4,38.6,843,19.2,50.1,1125,2207,2488,2585,9138,10642,15777,3750,10253,736
1773367289,1,102400000.0,102400000.0,11450463.0,11078888.0,1515740.5,1430259.5,376856.1,445259.7,96158.6,377.7,24.3,38.8,838,19.1,50.2,1125,2206,2487,2585,9141,10644,15783,3751,10255,737
1773367590,1,102400000.0,102400000.0,11477272.0,11072836.0,1519754.9,1437931.5,376727.5,444218.4,96160.5,380.5,24.4,39.5,861,19.2,51.0,940,1760,1994,2221,8462,8043,13210,2730,7280,810
