1773714497,3,2963768.0,2925601.0,441898.8,410565.4,94653.7,88404.2,69160.1,116918.4,101453.4,1750.4,21.7,25.2,2761,18.3,35.1,147,741,891,1102,1531,1776,2273,2010,5744,450
1773715098,3,5624076.0,5364486.5,676347.1,617756.5,134537.4,128458.4,94652.8,154103.1,104877.7,715.3,24.9,18.0,1212,20.9,26.7,147,739,891,1098,1527,1772,2267,2005,5731,449
1773715397,3,4160867.0,3978072.2,537247.4,496676.3,114572.3,110128.6,85985.1,141051.0,104914.3,1140.9,25.8,17.8,1801,21.8,26.1,147,739,891,1097,1527,1773,2269,2006,5735,449
1773715698,3,3442035.0,3311173.2,465557.9,431498.9,102691.7,99054.3,79784.1,131193.0,104887.0,1563.6,26.2,17.4,1712,22.3,25.2,132,668,812,993,1266,1473,1887,1669,4771,373
1773720186,3,240714.4,241195.4,65794.1,66414.7,27626.0,29312.1,33578.2,61706.1,103781.0,8217.4,26.1,14.5,11840,23.1,19.0,147,738,892,1095,1523,1770,2265,2004,5731,448
1773720486,3,931294.6,898034.8,165510.5,153968.0,46985.5,45841.8,42377.6,68768.7,103771.3,8719.9,26.9,13.9,12324,23.4,18.7,147,738,893,1095,1523,1770,2265,2004,5731,449
1773720787,3,982451.0,942416.3,174786.8,162742.8,49163.8,47714.5,43926.4,69703.8,103751.0,9216.3,27.1,13.7,13267,23.6,18.4,147,739,893,1095,1523,1769,2264,2004,5729,449
1773721088,3,969013.8,933486.4,174761.8,162727.0,49421.5,47791.8,44025.7,69261.0,103722.5,9738.0,27.3,13.5,13861,23.7,18.2,147,739,893,1095,1523,1769,2264,2003,5730,448
1773721388,3,940413.6,905657.7,172462.6,160716.6,49041.6,47327.6,43712.1,68449.4,103685.1,10126.2,27.4,13.4,14209,23.8,18.0,147,740,894,1096,1523,1770,2265,2004,5731,448
1773721686,3,909228.3,877819.2,169314.6,158049.8,48614.9,46852.1,43283.1,67718.9,103645.8,10537.1,27.4,13.3,15186,23.9,17.7,147,740,895,1096,1523,1770,2265,2004,5731,448
1773722287,3,2277336.2,2206189.8,363426.8,338602.3,87696.1,86153.6,70083.4,114364.8,104618.5,1660.0,27.4,11.5,2844,23.8,15.5,147,741,894,1096,1523,1769,2264,2002,5735,448
1773722587,3,1970716.9,1909407.6,319949.9,296881.0,80553.3,79416.2,67043.5,109519.4,104556.4,2110.5,27.5,11.9,3346,23.9,15.9,147,741,894,1096,1523,1769,2263,2002,5736,449
1773722887,3,1822396.6,1758843.0,297996.5,277283.8,76174.0,75125.6,64869.5,105129.6,104482.9,2510.8,27.5,12.0,3947,24.0,16.0,147,741,894,1095,1522,1768,2263,2002,5732,448
1773723188,3,1696365.5,1640350.6,281558.6,262989.4,73382.2,72092.8,62954.2,101635.2,104404.6,3011.8,27.6,12.0,4563,24.1,16.0,147,742,894,1096,1523,1769,2263,2003,5736,448
1773723488,3,1593563.4,1541229.9,268837.3,251082.8,70795.0,69630.6,61053.9,98128.6,104328.6,3423.5,27.6,12.1,5317,24.1,16.0,147,742,895,1096,1523,1769,2264,2003,5736,449
1773723788,3,1499042.4,1447382.1,257156.7,240334.0,68649.2,67404.9,59164.9,94969.0,104256.8,3887.9,27.7,12.0,5875,24.1,15.9,147,741,895,1095,1522,1769,2263,2002,5734,448
1773724088,3,1409114.4,1358641.4,246535.6,230078.9,66697.5,65439.3,57636.9,91960.7,104191.9,4360.0,27.7,11.9,6405,24.2,15.8,147,740,895,1095,1523,1769,2264,2003,5740,449
1773724386,3,1333463.4,1287674.9,236730.0,220467.8,64750.8,63618.3,56202.9,89270.9,104122.2,4781.2,27.8,11.9,7265,24.2,15.7,147,741,895,1095,1522,1768,2264,2003,5736,448
1773724686,3,1263669.9,1219702.4,227626.4,212911.9,63145.8,61986.1,54823.8,86827.1,104050.7,5206.9,27.8,11.8,7621,24.3,15.6,147,741,895,1096,1523,1769,2264,2004,5738,449
1773724987,3,1197797.4,1159388.8,219711.0,205951.8,61608.4,60605.1,53629.7,84659.0,103986.7,5712.3,27.8,11.7,7187,24.3,15.5,139,699,849,1035,1435,1667,2135,1890,5410,423
1773770316,3,390161.3,381611.8,91454.6,87837.5,32193.1,32931.1,32529.9,53829.8,103349.8,6208.4,27.1,7.6,8653,23.3,9.5,147,741,894,1094,1520,1764,2260,2004,5739,450
1773770617,3,473893.9,462163.5,108583.4,103426.0,36811.9,37201.0,36388.3,58515.0,103376.7,6522.2,27.6,7.5,9357,23.8,9.6,146,741,894,1093,1520,1763,2259,2004,5738,450
1773770916,3,498234.7,486207.2,113550.9,107830.3,38236.9,38583.1,38038.0,60448.5,103374.8,6820.4,27.9,7.4,9783,24.1,9.5,147,741,894,1093,1519,1763,2258,2003,5738,449
1773771216,3,505121.5,492841.0,115331.2,109492.0,38983.6,39579.6,38731.7,61131.6,103357.8,7153.5,28.0,7.4,10031,24.2,9.5,147,741,895,1093,1520,1763,2259,2004,5740,450
1773771517,3,504428.0,492770.5,116181.2,110243.1,39408.4,39858.1,39206.1,61580.8,96779.1,7448.5,28.1,7.4,10565,24.4,9.5,147,741,894,1093,1519,1763,2259,2004,5738,449
1773771817,3,501875.9,489215.1,116581.2,110628.1,39608.7,39926.0,39393.3,61518.5,96755.1,7779.5,28.2,7.4,10816,24.4,9.4,147,741,895,1093,1519,1764,2260,2004,5740,449
1773772117,3,495596.1,484308.3,116146.9,110426.1,39651.3,40093.0,39376.2,61385.5,96730.2,8075.0,28.2,7.4,11089,24.4,9.4,147,742,895,1093,1520,1763,2258,2003,5738,449
1773772716,3,883482.9,866392.3,196308.3,185335.4,59545.0,60307.0,55821.6,89520.0,97885.8,1304.5,28.1,6.7,2086,24.3,8.4,147,742,894,1093,1518,1762,2257,2002,5733,449
1773773017,3,858020.1,840006.8,182196.7,173206.2,56926.6,57704.8,54906.6,88491.2,97818.2,1602.4,28.2,6.9,2449,24.4,8.7,147,742,895,1093,1519,1762,2258,2003,5736,449
1773773317,3,841479.2,823922.9,176989.1,168617.7,55756.3,56698.1,54371.9,87169.2,97746.4,1878.8,28.2,7.0,2784,24.5,8.8,147,742,894,1093,1519,1762,2257,2002,5734,449
1773773618,3,827720.1,809246.9,173145.9,164964.9,55095.8,55826.9,53597.5,86076.1,97674.7,2212.1,28.3,7.0,3246,24.5,8.9,147,742,895,1092,1518,1762,2257,2002,5735,449
1773773916,3,805926.8,788705.3,169415.7,161373.4,54307.0,55071.5,53005.0,85005.6,97603.9,2515.9,28.3,7.1,3667,24.5,8.9,147,742,895,1093,1519,1763,2258,2003,5737,449
1773774217,3,786191.4,768087.2,165941.6,157927.0,53490.3,54151.5,52441.0,83859.1,97534.9,2765.7,28.3,7.0,4100,24.5,8.9,147,741,895,1092,1518,1762,2257,2002,5735,449
1773774517,3,766088.5,748423.0,163033.0,154459.4,52830.7,53443.4,51800.6,82669.4,97465.3,3063.0,28.3,7.0,4525,24.5,9.0,147,742,895,1093,1518,1762,2257,2002,5735,449
1773774818,3,745836.2,728316.2,159403.6,151224.2,51988.5,52719.8,51151.3,81123.0,97398.2,3386.1,28.3,7.1,4960,24.6,9.0,147,741,895,1092,1518,1761,2256,2002,5734,449
1773775116,3,727152.1,710960.9,155674.5,148182.6,50835.8,51409.4,50589.7,79904.3,97332.6,3688.0,28.3,7.1,5318,24.6,9.0,147,742,894,1092,1518,1762,2258,2002,5736,449
1773775417,3,710136.3,691622.5,152724.2,145936.4,50203.1,50740.4,49854.7,78717.2,97268.6,3970.1,28.3,7.1,5824,24.6,9.0,147,741,895,1093,1518,1761,2257,2001,5733,449
1773775718,3,690296.2,671742.8,149768.3,143269.2,49631.3,50107.6,49339.2,77570.6,97209.9,4275.6,28.4,7.1,6192,24.6,9.0,147,741,895,1092,1518,1762,2257,2002,5734,449
1773776016,3,669364.1,652443.4,146934.1,140437.3,48878.4,49357.6,48716.1,76328.2,97152.4,4581.7,28.4,7.1,6552,24.6,9.0,147,741,894,1092,1518,1762,2257,2002,5734,449
1773776317,3,653197.0,637309.3,144117.5,137937.2,48226.9,48625.2,48060.0,75222.1,97096.2,4847.1,28.4,7.2,7052,24.6,9.1,147,741,894,1092,1517,1761,2256,2001,5731,449
1773776617,3,636025.7,619526.7,141620.1,135596.2,47559.9,48073.9,47504.6,74069.1,97045.2,5167.5,28.4,7.1,7279,24.6,9.0,147,740,894,1092,1517,1761,2256,2001,5732,449
1773782757,3,1670641.5,1596098.5,361177.7,314885.5,84952.8,78396.1,67236.7,96367.2,103858.0,3941.9,27.7,7.1,5732,24.7,8.6,147,741,894,1091,1516,1759,2254,2001,5728,448
1773783057,3,632335.1,607326.3,140362.6,135205.4,48890.4,49167.5,52740.1,84316.2,103780.8,4235.1,27.9,7.0,6125,24.4,8.7,147,741,894,1092,1516,1760,2255,2002,5728,448
1773783357,3,575149.5,555086.2,130809.2,126043.5,45809.5,46214.6,49686.8,79407.1,103710.6,4465.5,27.9,7.0,6509,24.4,8.7,147,742,894,1091,1515,1759,2254,2000,5727,448
1773783657,3,548974.9,529659.2,125912.8,121369.1,44334.1,44855.4,47920.1,76094.8,103643.4,4702.9,28.0,7.0,6858,24.5,8.7,147,742,894,1092,1516,1760,2255,2001,5728,448
1773783959,3,528091.6,509434.1,121948.9,117973.8,43105.0,43416.2,46292.6,73529.8,103580.4,5027.4,28.0,7.0,7390,24.5,8.8,147,742,894,1092,1517,1760,2254,2001,5728,448
1773784259,3,508641.0,491396.8,118787.8,114589.0,42205.2,42432.7,45192.1,71474.1,103516.1,5337.9,28.0,7.0,7724,24.5,8.8,147,742,894,1092,1516,1759,2255,2001,5728,448
1773784559,3,492247.4,475825.7,115794.3,111882.4,41500.4,41682.0,44148.8,69832.2,103451.7,5598.5,28.0,7.0,8030,24.5,8.8,146,742,895,1092,1516,1759,2255,2001,5728,448
1773784857,3,475847.9,457701.8,113176.5,109327.9,40674.7,40941.3,43263.9,68393.7,103392.0,5886.9,28.0,7.0,8520,24.5,8.8,147,742,894,1092,1516,1759,2254,2001,5727,449
1773785157,3,460531.1,444804.0,110836.8,106892.9,39996.0,40289.5,42492.6,66940.3,103335.8,6121.4,28.0,7.0,8900,24.5,8.8,147,742,894,1092,1516,1759,2255,2001,5728,448
1773785457,3,448515.8,433406.9,108375.1,104610.9,39319.9,39534.3,41758.7,65747.5,103277.0,6427.4,28.0,7.0,9117,24.5,8.8,146,742,894,1091,1516,1759,2255,2000,5726,448
1773785757,3,436154.7,421440.4,106235.9,102053.9,38853.3,39025.1,41176.4,64713.5,103220.2,6744.9,28.0,7.0,9525,24.5,8.8,147,741,894,1091,1516,1759,2254,2001,5727,448
1773786059,3,426074.4,411506.2,104020.4,100394.3,38320.6,38402.6,40596.6,63740.3,103167.4,7017.6,28.0,7.0,10009,24.5,8.8,147,742,894,1091,1516,1760,2254,2000,5727,448
1773786359,3,417778.8,403136.8,102221.2,98816.8,37859.6,38005.4,40042.9,62812.0,103112.6,7307.5,28.0,7.0,10537,24.5,8.8,147,742,894,1092,1516,1759,2254,2001,5728,449
1773786659,3,410528.2,396487.2,100864.4,97352.5,37361.9,37522.5,39558.6,61794.5,103061.3,7526.8,28.0,7.0,10749,24.5,8.8,147,742,894,1091,1515,1759,2254,2000,5727,448
1773787257,3,681003.1,662933.0,153648.0,148121.0,52597.2,53305.3,52956.1,84978.3,104283.8,1304.0,27.9,6.4,2102,24.4,8.0,147,740,893,1091,1515,1758,2253,2000,5725,448
1773787557,3,628027.6,608782.8,143376.0,138981.6,49539.4,50054.4,51203.2,82721.3,104189.4,1516.3,28.0,6.6,2416,24.4,8.2,147,741,893,1090,1515,1759,2253,2000,5724,448
1773787857,3,588559.6,570134.3,137060.5,132710.3,47701.6,48167.1,49741.7,80078.7,104094.9,1843.7,28.0,6.6,2801,24.5,8.3,147,741,893,1091,1516,1758,2252,1999,5723,448
1773788159,3,562852.7,546168.0,132185.1,127982.4,46516.5,46806.7,48623.5,78401.5,104001.3,2085.5,28.0,6.7,3220,24.5,8.3,146,742,894,1091,1516,1759,2253,2000,5727,449
1773788459,3,540651.4,525266.6,128164.0,124199.9,44950.7,45028.5,47677.6,76703.5,103910.0,2338.1,28.0,6.7,3532,24.5,8.4,146,741,894,1091,1516,1759,2254,2001,5728,449
1773788757,3,526112.4,510368.7,125209.0,121323.2,43906.7,44176.8,46909.4,75319.2,103823.6,2600.8,28.0,6.7,3917,24.5,8.4,147,741,894,1091,1516,1759,2253,2000,5728,449
1773789057,3,513511.9,496069.5,122651.9,118627.4,43232.7,43586.7,46237.1,74142.1,103738.8,2894.2,28.0,6.8,4222,24.5,8.4,146,741,894,1091,1516,1759,2254,2000,5727,448
1773789359,3,499904.7,482800.5,120162.2,116403.1,42683.4,42938.1,45623.1,73157.9,103661.9,3122.9,28.0,6.7,4687,24.5,8.4,147,742,894,1091,1516,1759,2253,2000,5727,448
1773789659,3,490719.1,474590.5,118137.3,114508.8,42106.2,42331.9,45043.3,71985.8,103587.1,3445.6,28.0,6.8,5135,24.5,8.5,147,742,894,1091,1517,1759,2253,2000,5727,448
1773789957,3,480727.6,464773.8,116067.6,112395.5,41608.0,41920.4,44479.0,71142.2,103511.6,3699.6,28.0,6.8,5480,24.5,8.5,147,741,894,1091,1516,1759,2253,2001,5726,448
1773790257,3,469760.9,451405.9,114021.6,110601.0,41066.5,41291.8,44002.7,70100.8,103441.9,3970.8,28.0,6.8,5762,24.5,8.5,147,742,894,1091,1516,1759,2253,2000,5726,448
1773790559,3,458371.9,442352.4,112072.5,108803.4,40543.7,40829.5,43378.9,69158.7,103374.4,4228.4,28.0,6.8,6295,24.5,8.5,147,742,895,1091,1516,1759,2253,2000,5727,449
1773790859,3,447680.4,432760.5,110242.0,106802.6,40023.7,40348.3,42936.8,68348.7,103310.0,4465.2,28.0,6.8,6511,24.5,8.5,147,742,895,1091,1516,1759,2253,2000,5727,448
1773791157,3,440631.3,426659.6,108624.4,105513.7,39645.2,39850.8,42460.6,67453.4,103248.7,4760.1,28.0,6.8,6948,24.5,8.5,147,742,895,1091,1516,1759,2254,2001,5730,449
1773791457,3,433830.8,419414.0,107191.3,103916.6,39154.5,39394.4,41983.7,66519.1,103187.9,5005.6,28.0,6.8,7363,24.5,8.5,147,742,894,1091,1010,1172,1502,1333,3818,299
1773791759,3,425422.7,411524.7,105516.8,102082.8,38732.8,38926.5,41603.2,65718.3,103131.9,5246.6,28.0,6.8,7695,24.5,8.5,147,741,894,1091,1515,1758,2252,2000,5726,448
1773792057,3,415951.8,401962.9,103630.7,99741.3,38233.1,38409.1,41110.0,64919.0,103077.6,5549.9,28.0,6.8,8085,24.5,8.5,147,741,894,1091,1516,1759,2252,2000,5727,448
1773792357,3,409384.2,395897.3,102024.4,98657.3,37862.0,38086.9,40499.6,64142.7,103024.0,5832.9,28.0,6.8,8357,24.5,8.5,147,742,894,1091,1516,1759,2253,2000,5728,448
1773792659,3,401856.9,389134.3,100655.0,97382.6,37467.6,37663.5,40121.7,63377.6,102972.8,6119.2,28.0,6.8,8921,24.5,8.5,146,742,894,1091,1516,1758,2253,2001,5728,448
1773792959,3,396387.7,382408.7,99238.0,96184.2,37134.1,37299.8,39701.3,62614.5,102925.1,6398.5,28.0,6.8,9199,24.5,8.5,147,741,894,1090,1516,1759,2253,2000,5729,449
1773793259,3,389307.1,375663.6,97615.4,94658.0,36713.9,36884.0,39405.9,61866.5,102876.9,6659.4,28.0,6.8,9468,24.5,8.6,147,741,894,1090,1515,1758,2253,2000,5727,448
1773793557,3,381043.5,368055.4,96084.6,92939.0,36291.8,36453.2,38898.3,61217.0,102832.9,6880.2,28.0,6.8,9943,24.5,8.5,146,741,894,1091,1515,1759,2253,2000,5729,448
1773793857,3,376477.2,363228.0,95027.0,91867.8,35947.2,36131.5,38480.1,60534.6,102792.4,7150.3,28.0,6.8,10127,24.5,8.5,146,740,894,1090,1515,1757,2251,1999,5725,448
1773794457,3,614410.2,596973.4,142754.0,138234.7,49630.7,50240.4,51481.1,82550.9,104218.6,1216.6,27.9,6.3,2041,24.3,7.8,146,739,892,1089,1514,1757,2251,1998,5722,448
1773794757,3,564089.6,545904.8,133354.7,129555.9,47127.4,47515.4,49636.7,80059.1,104119.5,1461.2,27.9,6.4,2252,24.4,8.0,146,740,893,1089,1514,1757,2251,1999,5724,448
1773795059,3,531591.1,514886.8,127436.0,123885.0,44687.4,45306.8,48334.0,78134.0,104020.5,1694.2,28.0,6.4,2695,24.4,8.0,146,739,892,1089,1513,1757,2251,1998,5719,448
1773795359,3,506662.4,490962.5,122929.0,119391.9,43410.7,43624.1,46949.7,76190.9,103924.3,1969.6,28.0,6.5,3043,24.4,8.1,147,740,893,1090,1514,1758,2252,1999,5725,448
1773795659,3,485501.3,470641.3,118999.2,115573.4,42355.6,42495.3,46168.8,74564.3,103830.8,2203.8,28.0,6.5,3360,24.4,8.1,147,739,893,1090,1514,1758,2252,1999,5725,448
1773795959,3,469799.9,455517.0,115767.1,112596.3,41495.9,41652.5,45300.7,73263.0,103743.2,2466.9,28.0,6.5,3710,24.4,8.2,146,740,893,1090,1514,1758,2251,1999,5724,448
1773796257,3,459381.8,445089.5,113672.9,110346.7,40843.6,41019.9,44726.6,72018.5,103657.8,2719.2,28.0,6.5,4039,24.4,8.2,147,739,893,1090,1514,1757,2251,1998,5724,448
1773796559,3,449507.7,431417.3,111298.9,108173.3,40305.7,40481.0,44169.5,71153.5,103577.3,2975.8,28.0,6.6,4495,24.5,8.2,147,739,893,1089,1514,1757,2251,1999,5724,448
1773796857,3,440117.3,424954.7,109798.2,106562.5,39861.0,40047.0,43624.6,70016.1,103500.8,3243.0,28.0,6.6,4852,24.4,8.2,146,740,893,1090,1514,1757,2251,1999,5723,448
1773797157,3,431344.4,417155.0,107963.9,104733.6,39351.6,39559.8,42930.2,69316.9,103427.4,3516.9,28.0,6.6,5182,24.4,8.2,146,740,893,1090,1514,1757,2251,1999,5725,448
1773797459,3,424816.9,410970.4,106442.0,103530.7,38999.7,39128.8,42661.7,68342.8,103356.5,3776.4,28.0,6.6,5630,24.5,8.2,146,740,893,1090,1514,1758,2252,1999,5725,448
1773797757,3,417971.9,403930.1,104911.0,101896.5,38557.2,38758.3,42222.0,67666.1,103287.5,4050.5,28.0,6.6,5943,24.4,8.3,147,740,893,1090,1514,1757,2252,1999,5726,448
1773798057,3,410893.0,396701.2,103290.8,100408.2,38163.5,38399.1,41838.1,66905.5,103222.6,4297.9,28.0,6.6,6207,24.5,8.2,147,740,893,1090,1514,1757,2251,1999,5726,448
1773798359,3,404222.0,390758.0,102055.0,98797.6,37764.2,37940.0,41469.2,66114.0,103158.6,4531.0,28.0,6.6,6654,24.5,8.3,146,740,893,1090,1514,1758,2252,1999,5726,448
1773798657,3,398253.0,386032.9,100932.7,97329.1,37449.8,37563.8,40970.2,65388.7,103097.6,4792.9,28.0,6.6,7026,24.5,8.3,147,740,893,1090,1514,1757,2251,1999,5726,448
1773798957,3,392856.0,379790.0,99086.3,95988.2,37074.8,37288.3,40445.5,64600.9,103039.0,5021.9,28.0,6.6,7214,24.4,8.3,146,740,893,1090,1515,1758,2252,2000,5726,448
1773799259,3,384957.0,371342.2,97543.4,94720.4,36669.2,36828.6,40163.9,63967.6,102982.1,5277.4,28.0,6.6,7789,24.4,8.3,147,740,893,1090,1515,1758,2253,2000,5728,449
1773799559,3,379289.4,364913.6,96217.1,93256.1,36299.8,36463.5,39867.8,63351.4,102926.2,5520.9,28.0,6.6,7909,24.4,8.3,146,740,894,1090,1515,1758,2252,2000,5727,448
1773799857,3,374853.5,358531.9,95119.2,92233.8,35952.9,36106.7,39376.7,62601.1,102873.8,5731.1,27.9,6.6,8400,24.4,8.3,147,740,893,1090,1514,1757,2252,1999,5727,448
1773800157,3,371027.3,354337.2,93991.5,90894.8,35621.6,35810.3,39069.7,62113.0,102823.5,6027.4,27.9,6.6,8610,24.4,8.3,147,740,893,1090,1514,1757,2252,1999,5726,448
1773800459,3,362088.7,349048.8,92988.0,89842.2,35356.2,35477.2,38709.1,61363.3,102775.1,6283.7,27.9,6.6,9192,24.4,8.3,146,740,894,1090,1514,1758,2252,1999,5727,448
1773800759,3,359034.7,345642.2,91798.9,89008.4,35076.1,35131.1,38471.3,60800.7,102728.8,6486.4,27.9,6.6,9434,24.4,8.3,147,740,894,1090,1514,1758,2251,2000,5727,448
1773801057,3,351984.8,340631.3,90604.9,87699.1,34772.5,34910.7,38112.5,60148.5,102685.4,6780.3,27.9,6.6,9771,24.4,8.3,147,740,894,1090,1515,1758,2253,2000,5728,448
1773801657,3,590689.6,572630.9,137983.2,133577.8,48303.6,48927.9,51137.3,82133.3,104222.0,1143.2,27.7,6.1,1911,24.2,7.6,147,738,892,1089,1514,1757,2252,1999,5724,448
1773801959,3,540013.1,522972.7,129035.6,125290.6,45439.7,46011.7,49365.1,79969.9,104115.0,1366.8,27.7,6.2,2199,24.2,7.7,147,738,892,1089,1513,1756,2251,1999,5724,448
1773802257,3,507930.3,492394.5,123452.0,119896.8,43509.8,43735.2,47952.2,77943.2,104009.7,1576.9,27.7,6.3,2522,24.2,7.8,146,738,892,1089,1513,1757,2251,1999,5724,448
1773802557,3,487376.0,471496.5,119183.4,115907.5,42253.8,42398.7,46713.9,75972.1,103909.5,1825.9,27.7,6.3,2799,24.2,7.8,147,738,892,1090,1514,1757,2251,1999,5726,448
1773802859,3,467182.0,452513.6,115797.0,112423.6,41238.6,41418.9,45853.8,74462.1,103808.0,2034.3,27.7,6.3,3174,24.2,7.9,147,738,892,1089,1514,1757,2251,1999,5723,448
1773803159,3,453608.7,437094.2,113050.3,109891.0,40534.0,40621.3,45062.9,73212.7,103713.4,2264.9,27.7,6.3,3451,24.2,7.9,147,739,892,1090,1514,1757,2251,1999,5725,448
1773803457,3,438230.0,423270.9,110393.8,107360.6,39891.5,39973.0,44446.1,72113.0,103624.4,2523.5,27.7,6.3,3845,24.1,7.9,146,738,892,1090,1514,1757,2251,1999,5725,448
1773803757,3,429995.5,415594.2,108703.1,105792.9,39409.0,39496.0,43925.8,71289.3,103537.6,2756.6,27.7,6.3,4143,24.1,7.9,147,739,892,1090,1514,1757,2251,1999,5727,448
1773804059,3,422661.8,409507.2,107136.7,104099.2,38984.2,39131.9,43536.0,70501.9,103455.4,3008.9,27.7,6.4,4547,24.1,8.0,146,739,892,1090,1514,1757,2252,1999,5727,449
1773804359,3,417334.0,404206.9,105787.4,102957.0,38582.8,38793.8,43211.2,69541.2,103373.1,3245.5,27.6,6.4,4789,24.1,8.0,147,739,892,1090,1514,1757,2252,1999,5727,448
1773804657,3,410606.2,397299.9,104177.1,101249.1,38257.9,38373.9,42855.3,68852.7,103296.3,3459.9,27.6,6.4,5192,24.1,8.0,146,739,892,1090,1514,1756,2251,1999,5724,448
1773804957,3,406120.1,392790.2,103212.8,100317.0,37902.0,38011.0,42336.8,68333.2,103224.9,3690.8,27.6,6.4,5523,24.1,8.0,146,739,893,1090,1515,1758,2252,1999,5726,448
1773805259,3,399483.0,386551.9,101901.1,99027.6,37601.9,37709.4,41965.8,67598.6,103155.3,3998.3,27.6,6.4,5902,24.1,8.0,146,740,893,1091,1515,1757,2252,2000,5726,448
1773805557,3,394213.3,381546.9,100524.3,97582.6,37266.5,37379.8,41636.8,66742.7,103089.1,4243.9,27.6,6.4,6169,24.0,8.0,147,739,893,1090,1515,1758,2252,2000,5729,448
1773805857,3,389371.0,375602.7,99512.6,95893.8,36873.4,37047.2,41251.5,66231.2,103026.6,4398.1,27.6,6.4,6500,24.0,8.0,147,739,893,1090,1514,1757,2252,1999,5726,448
1773806159,3,384139.7,370631.0,98275.9,94919.3,36600.3,36732.8,40836.8,65557.4,102966.0,4650.5,27.6,6.4,6842,24.0,8.0,146,739,893,1090,1514,1757,2252,1999,5727,448
1773806457,3,379608.8,363633.2,96920.6,93956.3,36270.5,36442.5,40498.5,64927.9,102910.8,4885.3,27.5,6.4,7239,24.0,8.0,146,739,892,1090,1514,1757,2252,1999,5725,448
1773806757,3,371942.0,358679.3,95286.4,92584.4,35863.1,36000.6,40168.3,64308.2,102856.1,5115.1,27.5,6.4,7464,24.0,8.0,146,739,892,1090,1514,1757,2251,1999,5726,448
1773807057,3,367481.1,353758.3,94248.8,91105.5,35570.3,35684.5,39840.4,63695.5,102805.0,5348.5,27.5,6.4,7807,24.0,8.0,146,738,892,1090,1513,1757,2251,1999,5724,448
1773807359,3,363123.5,349378.4,93042.0,89989.9,35315.3,35377.0,39502.5,63041.7,102755.3,5597.2,27.5,6.4,8184,24.0,8.0,147,739,892,1090,1513,1757,2251,1999,5725,448
1773807657,3,356524.6,344225.5,92122.7,89041.1,35030.4,35144.9,39252.6,62482.7,102708.0,5797.1,27.5,6.4,8503,24.0,8.1,146,739,892,1089,1513,1757,2251,1998,5724,448
1773807957,3,352488.8,340245.1,90798.6,87604.9,34722.8,34880.7,38874.9,61874.3,102662.4,6028.9,27.5,6.4,8676,23.9,8.0,146,739,892,1089,1513,1757,2252,1999,5725,448
1773808259,3,347069.5,335138.7,89793.1,86715.9,34405.4,34567.1,38563.8,61254.2,102618.2,6300.0,27.5,6.4,9161,23.9,8.0,146,738,892,1089,1513,1756,2251,1998,5724,448
1773808857,3,577087.9,558134.2,135107.7,131187.5,47327.7,47943.9,51506.4,83071.1,104184.8,1074.4,27.3,5.9,1755,23.8,7.3,146,737,891,1088,1511,1755,2250,1998,5720,448
1773809157,3,527201.1,510908.4,126543.6,123110.3,44200.5,44517.7,49769.2,80774.3,104080.4,1264.8,27.4,6.0,2097,23.8,7.5,146,737,891,1088,1512,1756,2250,1998,5723,448
1773809459,3,496265.6,479565.8,121030.1,117868.0,42625.2,42825.7,48270.1,78824.8,103973.8,1472.2,27.4,6.1,2392,23.8,7.6,146,737,891,1088,1511,1755,2249,1997,5720,448
1773809757,3,473071.3,458558.1,116983.4,113790.1,41395.3,41703.7,47130.6,77082.1,103872.9,1702.1,27.4,6.1,2694,23.8,7.6,146,737,891,1088,1511,1755,2249,1997,5720,448
1773810057,3,454909.0,440504.0,113315.5,110379.3,40457.0,40624.2,45929.1,75230.2,103775.0,1954.6,27.4,6.1,2943,23.8,7.7,146,737,891,1089,1512,1756,2250,1998,5721,448
1773810359,3,439781.5,424673.9,110490.6,107659.2,39719.7,39796.1,45168.7,74001.8,103681.6,2149.8,27.4,6.2,3316,23.8,7.7,146,738,891,1089,1512,1755,2250,1998,5722,448
1773810659,3,429054.2,413574.0,108201.9,105271.3,39047.7,39117.2,44600.8,72864.6,103591.6,2374.1,27.3,6.2,3610,23.8,7.7,146,738,891,1089,1512,1755,2249,1998,5722,448
1773810957,3,419380.0,404890.7,106332.4,103592.5,38546.8,38636.0,44141.6,71912.2,103506.2,2587.3,27.3,6.2,3955,23.8,7.7,146,737,891,1088,1511,1755,2249,1998,5722,448
1773811257,3,411590.1,397583.2,104859.2,102071.5,38119.4,38187.5,43763.5,71147.2,103424.7,2828.7,27.3,6.2,4241,23.8,7.8,146,738,891,1089,1512,1756,2250,1998,5724,448
1773811559,3,407197.3,392923.9,103367.7,100716.8,37772.3,37925.6,43333.2,70386.8,103346.7,3081.5,27.3,6.2,4574,23.8,7.8,146,738,892,1089,1512,1755,2250,1998,5721,448
1773811857,3,401369.2,387246.6,102121.8,99507.5,37490.3,37598.3,42890.7,69664.2,103278.7,3246.4,27.3,6.2,4920,23.8,7.8,146,738,891,1089,1512,1756,2250,1998,5720,448
1773812157,3,394259.3,379957.0,100718.1,98067.2,37028.2,37206.5,42565.5,68857.4,103214.3,3483.8,27.4,6.2,5188,23.8,7.8,146,738,891,1089,1512,1755,2249,1997,5722,448
1773812459,3,389839.9,374418.2,99706.8,97006.3,36748.1,36958.7,42192.6,68125.5,103150.9,3689.4,27.4,6.2,5553,23.8,7.8,146,738,891,1089,1512,1755,2250,1998,5721,448
1773812758,3,383950.9,368122.4,98329.1,95311.9,36466.3,36646.8,41779.1,67535.4,103089.6,3924.3,27.4,6.2,5819,23.8,7.8,146,739,891,1089,1512,1756,2250,1998,5723,448
1773813057,3,378172.3,363244.4,97036.1,94045.8,36191.0,36318.5,41427.3,66786.0,103031.9,4136.4,27.4,6.2,6106,23.8,7.8,146,739,892,1089,1512,1756,2250,1998,5722,448
1773813359,3,373460.1,359523.6,95654.4,92873.3,35902.6,36090.9,41086.2,66240.6,102973.3,4384.1,27.4,6.2,6477,23.8,7.8,146,739,892,1089,1512,1756,2251,1998,5724,448
1773813657,3,369789.8,356007.2,94837.9,91896.9,35648.1,35764.6,40659.7,65590.6,102918.9,4614.3,27.4,6.2,6772,23.8,7.8,146,739,891,1089,1513,1756,2251,1999,5724,448
1773813957,3,365624.8,351424.8,93715.1,90580.3,35322.6,35559.9,40326.9,65059.3,102868.7,4820.1,27.4,6.2,6935,23.8,7.8,147,739,892,1089,1512,1756,2250,1998,5722,448
1773814259,3,360004.6,347795.0,92725.4,89341.3,35114.5,35289.6,39972.8,64318.1,102818.9,5046.3,27.4,6.2,7424,23.8,7.8,146,738,892,1088,1512,1755,2250,1998,5721,448
1773814559,3,354500.6,342747.0,91359.6,88102.8,34779.0,34935.2,39752.5,63638.6,102772.0,5288.3,27.4,6.2,7576,23.8,7.8,146,739,892,1089,1512,1756,2251,1998,5723,448
1773814857,3,349535.5,338413.3,89969.0,87196.8,34531.4,34650.9,39364.6,63177.8,102727.3,5484.4,27.4,6.2,7990,23.8,7.9,146,738,892,1089,1512,1756,2250,1998,5721,448
1773815157,3,346221.7,333095.8,89279.9,86336.6,34267.5,34334.3,39086.0,62559.9,102684.6,5738.3,27.4,6.2,8199,23.8,7.8,146,738,891,1089,1512,1756,2250,1998,5722,448
1773815459,3,340587.3,326686.4,87612.3,85342.1,33970.2,34081.9,38785.2,61913.2,102644.1,5936.8,27.4,6.2,8636,23.8,7.8,147,738,891,1089,1512,1756,2250,1997,5721,448
1773816057,3,553666.7,535364.3,130559.8,127108.7,45746.3,46680.6,51459.5,83112.6,104183.6,1008.8,27.2,5.7,1673,23.7,7.2,146,737,891,1088,1511,1754,2249,1997,5718,448
1773816357,3,506481.1,489954.5,122272.1,119137.0,42923.4,43262.1,49469.0,80687.9,104080.0,1181.0,27.3,5.9,1952,23.7,7.3,146,737,890,1088,1007,1169,1499,1331,3811,298
1773816659,3,474119.4,459975.3,116907.9,113982.8,41401.9,41586.3,47947.9,78664.6,103978.2,1410.8,27.3,5.9,2231,23.8,7.4,146,737,891,1088,1511,1755,2250,1997,5719,448
1773816957,3,454608.8,439099.1,112918.4,109916.7,40181.8,40254.4,46699.7,76644.6,103882.4,1610.9,27.3,5.9,2540,23.8,7.5,146,737,891,1088,1511,1754,2249,1996,5717,448
1773817257,3,436128.2,420231.5,109370.2,106627.2,39262.2,39292.2,45639.9,75067.3,103786.9,1790.2,27.3,6.0,2805,23.8,7.5,146,738,891,1088,1511,1754,2249,1997,5718,448
1773817559,3,420799.1,405486.2,106642.4,103953.1,38439.1,38544.6,44846.8,73890.8,103695.6,2018.9,27.3,6.0,3164,23.8,7.5,146,738,891,1088,1511,1754,2249,1997,5718,448
1773817859,3,406738.3,393819.3,104347.2,101696.5,37886.9,37970.7,44323.4,72691.1,103607.6,2223.4,27.3,6.0,3355,23.8,7.6,146,737,891,1088,1511,1755,2249,1997,5717,448
1773818157,3,399925.5,386057.4,102611.9,100020.3,37448.0,37516.4,43726.4,71747.4,103524.3,2427.8,27.3,6.0,3647,23.8,7.6,146,738,891,1088,1510,1754,2248,1996,5716,447
1773818459,3,393321.1,376617.1,101067.7,98441.7,36999.1,37070.5,43272.1,70895.7,103445.5,2654.9,27.3,6.0,4040,23.8,7.6,146,738,891,1088,1511,1754,2248,1997,5718,448
1773818757,3,388718.2,372825.0,99666.0,97083.5,36667.2,36803.6,42960.0,70103.4,103369.2,2870.7,27.3,6.0,4352,23.8,7.6,146,737,891,1088,1510,1755,2248,1996,5718,448
1773819057,3,381390.6,367939.2,98543.2,96001.7,36362.1,36477.7,42470.6,69311.9,103297.4,3087.1,27.3,6.1,4579,23.8,7.5,146,738,891,1088,1511,1755,2249,1997,5720,448
1773819359,3,375845.0,361361.5,97163.1,94410.2,36027.4,36156.0,42203.8,68684.9,103228.5,3287.8,27.3,6.1,4933,23.8,7.6,146,738,891,1088,1510,1754,2248,1996,5718,448
1773819657,3,370337.1,357527.9,96263.1,93154.1,35765.1,35877.4,41813.8,68117.5,103162.6,3514.9,27.3,6.1,5133,23.8,7.6,146,738,891,1088,1511,1755,2249,1997,5717,448
1773819959,3,366381.3,354103.2,95264.1,91664.2,35503.6,35693.7,41350.5,67477.5,103100.4,3713.2,27.3,6.1,5545,23.8,7.6,146,738,891,1088,1511,1755,2248,1996,5718,448
1773820257,3,362309.4,349946.1,93418.9,90386.1,35248.0,35406.9,41238.8,66814.1,103041.6,3905.6,27.3,6.1,5855,23.8,7.6,146,738,891,1088,1510,1754,2248,1996,5716,447
1773820559,3,359829.2,347482.6,92550.0,89493.2,34997.9,35093.9,40784.0,66179.9,102984.5,4109.1,27.3,6.1,6125,23.8,7.7,146,738,891,1089,1510,1754,2249,1996,5718,447
1773820857,3,356871.5,344617.0,91538.9,88451.5,34750.7,34911.1,40433.2,65638.0,102929.8,4337.2,27.3,6.1,6491,23.8,7.6,146,738,891,1089,1511,1754,2248,1997,5719,448
1773821157,3,351449.1,339461.5,90134.4,87505.8,34445.1,34567.1,40205.1,64920.3,102879.0,4555.3,27.3,6.1,6639,23.8,7.7,146,738,891,1089,1511,1755,2250,1997,5720,448
1773821459,3,347728.3,334230.2,88871.6,86544.9,34208.8,34426.7,39830.6,64319.8,102830.3,4768.2,27.3,6.1,7081,23.8,7.7,146,738,892,1089,1511,1755,2249,1997,5720,448
1773821757,3,343214.7,330284.9,88198.5,85870.5,33964.2,34136.9,39510.2,63698.1,102783.0,4971.4,27.3,6.1,7367,23.8,7.7,146,739,892,1089,1511,1756,2250,1998,5722,448
1773822057,3,340002.8,324700.5,87163.3,85003.9,33718.8,33834.3,39305.6,63241.3,102738.9,5182.5,27.3,6.1,7528,23.8,7.7,146,739,892,1089,1511,1755,2249,1997,5721,448
1773822359,3,334746.5,320342.5,86321.7,84105.5,33473.6,33648.2,38873.4,62620.1,102697.9,5390.9,27.3,6.1,7955,23.8,7.7,146,738,891,1089,1511,1755,2250,1998,5721,448
1773822657,3,329194.5,316883.5,85528.9,83164.5,33259.2,33423.1,38687.6,62139.0,102657.6,5651.3,27.3,6.1,8280,23.8,7.7,146,739,892,1089,1512,1756,2251,1997,5723,448
1773823259,3,537855.9,519856.8,126900.0,123680.2,44316.3,44895.0,51303.7,83304.1,104229.6,962.1,27.2,5.6,1664,23.7,7.1,146,738,891,1089,1511,1755,2249,1997,5718,448
1773823557,3,490990.8,474533.2,119084.0,115980.3,42015.8,42434.5,49360.0,80955.5,104125.3,1149.5,27.3,5.8,1910,23.7,7.2,146,740,893,1090,1513,1756,2250,1998,5724,448
1773823857,3,463911.8,448324.5,114004.9,111344.1,40631.9,40898.8,47862.9,78860.7,104022.5,1312.6,27.3,5.8,2101,23.7,7.2,146,739,892,1089,1512,1755,2249,1998,5720,448
1773824159,3,440520.5,425955.5,109905.8,107141.8,39456.7,39633.1,46669.4,76998.1,103923.9,1518.4,27.3,5.9,2438,23.8,7.3,146,738,891,1089,1511,1754,2248,1997,5717,447
1773824460,3,423482.2,407760.1,106610.2,104098.9,38464.5,38559.0,45574.7,75406.0,103828.8,1740.6,27.3,5.9,2685,23.8,7.4,146,738,892,1089,1511,1755,2249,1997,5719,448
1773824757,3,406855.6,393208.7,104070.2,101583.7,37773.3,37858.5,44781.3,74121.3,103737.5,1952.3,27.3,5.9,3037,23.8,7.4,146,738,891,1089,1511,1755,2249,1997,5720,448
1773825057,3,397408.3,382738.5,101814.5,99193.1,37127.6,37191.8,44261.3,72965.3,103648.7,2145.0,27.3,5.9,3274,23.8,7.4,147,739,892,1089,1511,1755,2249,1997,5720,448
1773825359,3,386475.2,372606.7,100129.3,97666.9,36648.5,36813.0,43682.9,71987.0,103565.5,2375.7,27.3,5.9,3590,23.8,7.4,146,739,892,1089,1511,1756,2250,1998,5722,448
1773825657,3,381693.8,367766.0,98594.4,96121.4,36283.0,36367.3,43209.9,71159.2,103485.5,2570.2,27.3,5.9,3905,23.8,7.4,146,739,892,1089,1511,1755,2249,1997,5721,448
1773825957,3,374630.7,362113.0,97491.0,94777.0,35989.9,36079.8,42851.5,70367.0,103408.5,2755.9,27.3,5.9,4064,23.8,7.4,147,739,892,1089,1512,1756,2250,1998,5722,448
1773826257,3,370810.5,358256.0,96161.2,93111.3,35652.3,35822.0,42555.5,69708.1,103336.3,2963.5,27.3,5.9,4467,23.8,7.5,146,740,893,1089,1512,1756,2250,1998,5723,448
1773826559,3,366165.1,353784.3,95535.7,91617.4,35423.5,35608.3,42231.1,69047.4,103268.4,3166.0,27.3,5.9,4778,23.8,7.5,147,740,892,1090,1512,1756,2250,1998,5722,448
1773826857,3,362620.0,349688.3,93997.9,90409.8,35191.0,35351.3,41920.7,68440.2,103202.7,3369.0,27.3,5.9,5023,23.8,7.5,146,740,893,1090,1513,1756,2251,1999,5729,448
1773827157,3,360128.7,346999.8,92681.7,89572.5,34978.0,35162.2,41610.5,67794.3,103141.6,3569.6,27.3,6.0,5294,23.8,7.5,147,740,893,1090,1513,1756,2251,1999,5729,448
1773827459,3,355331.2,342591.9,91221.9,88565.8,34697.2,34806.6,41104.8,67155.2,103083.1,3783.1,27.3,6.0,5670,23.8,7.5,146,739,893,1090,1513,1756,2250,1998,5727,449
1773827757,3,352158.4,339707.3,89872.7,87620.0,34448.9,34633.7,40821.2,66657.7,103027.4,3987.2,27.3,6.0,5938,23.8,7.5,146,740,893,1090,1513,1756,2251,1997,5727,448
1773828057,3,348146.8,334641.1,89172.4,86676.2,34196.9,34420.3,40518.3,66030.0,102973.3,4224.9,27.3,6.0,6108,23.8,7.5,146,739,892,1090,1512,1756,2250,1997,5724,448
1773828359,3,344108.6,329418.5,88426.7,86138.1,34006.1,34196.8,40272.3,65513.2,102921.9,4403.4,27.3,6.0,6580,23.8,7.6,146,739,892,1089,1511,1755,2249,1997,5721,448
1773828657,3,340994.1,326079.0,87567.3,85183.9,33747.7,33975.7,39947.5,64910.9,102872.5,4599.6,27.3,6.0,6834,23.8,7.6,146,739,892,1089,1512,1755,2250,1997,5721,448
1773828957,3,335413.5,321380.9,86483.4,84386.4,33477.8,33706.7,39675.6,64423.6,102824.7,4806.5,27.3,6.0,7017,23.8,7.6,146,739,892,1089,1511,1755,2249,1998,5721,448
1773829257,3,330529.5,318167.8,85891.1,83550.6,33293.8,33436.0,39353.6,63726.4,102781.2,4993.7,27.3,6.0,7307,23.8,7.5,146,738,892,1089,1511,1755,2249,1997,5722,448
1773829559,3,327492.3,314017.2,84895.3,82749.6,33053.2,33264.7,39137.4,63297.4,102738.0,5208.0,27.3,6.0,7627,23.8,7.6,146,738,892,1089,1511,1755,2249,1998,5721,448
1773829857,3,323643.0,311245.4,83966.3,81939.6,32832.6,33036.3,38839.1,62736.6,102698.5,5419.9,27.3,6.0,7992,23.8,7.6,146,738,892,1089,1511,1754,2249,1996,5719,448
1773830459,3,524151.3,505638.3,124375.7,121145.9,43586.4,44264.1,51177.4,83541.3,104250.0,937.1,27.2,5.5,1602,23.6,6.9,146,738,891,1089,1511,1754,2248,1997,5718,448
1773830759,3,481704.7,465445.2,116613.4,113853.9,41350.8,41828.8,49424.3,81227.6,104147.1,1115.8,27.2,5.7,1835,23.7,7.1,146,738,892,1088,1511,1754,2248,1997,5719,448
1773831057,3,452551.6,437304.8,111657.6,109100.6,39858.6,40226.1,47881.4,79218.9,104044.7,1292.7,27.3,5.7,2123,23.7,7.2,146,738,891,1088,1511,1754,2249,1997,5719,448
1773831357,3,429739.0,415915.5,107775.8,105132.6,38760.4,39013.1,46736.9,77411.0,103946.1,1485.1,27.3,5.7,2337,23.7,7.2,146,738,891,1089,1511,1755,2248,1997,5720,448
1773831659,3,411081.0,397492.0,104401.6,102041.1,37793.4,38049.4,45797.0,75752.9,103851.6,1680.3,27.3,5.7,2686,23.7,7.2,146,737,891,1088,1511,1754,2249,1997,5718,448
1773831957,3,397452.7,382674.5,101891.8,99622.8,37083.2,37247.6,44934.0,74595.9,103759.0,1907.2,27.3,5.8,2934,23.7,7.3,146,738,891,1089,1511,1754,2248,1997,5718,448
1773832259,3,384286.0,370636.8,99579.5,97266.1,36520.0,36655.8,44186.4,73246.6,103672.2,2082.3,27.3,5.8,3203,23.7,7.3,146,738,891,1088,1511,1755,2248,1997,5719,448
1773832559,3,375827.8,363137.2,98014.7,95745.8,36037.8,36208.5,43723.5,72306.9,103588.7,2342.8,27.3,5.8,3451,23.8,7.3,146,738,892,1089,1511,1754,2249,1998,5721,448
1773832857,3,369860.3,356921.1,96715.5,94325.8,35719.6,35894.4,43327.0,71512.9,103509.0,2496.2,27.3,5.8,3731,23.8,7.4,146,738,891,1088,1510,1754,2248,1997,5718,448
1773833159,3,364940.9,352341.8,95337.2,91572.5,35335.8,35513.0,42969.6,70792.4,103432.6,2707.0,27.3,5.9,4081,23.8,7.4,146,738,891,1088,1510,1754,2248,1997,5717,447
1773833457,3,362012.8,349127.4,93835.6,90252.6,35056.1,35290.2,42568.4,70140.4,103358.2,2884.2,27.3,5.8,4337,23.8,7.3,146,738,891,1088,1510,1754,2249,1998,5720,448
1773833757,3,357146.2,344719.8,92103.5,89361.7,34900.4,35039.7,42291.2,69484.8,103289.3,3130.7,27.3,5.8,4622,23.8,7.4,146,738,892,1089,1511,1754,2249,1997,5723,448
1773834059,3,355361.4,342661.8,90933.2,88708.6,34617.6,34883.8,41989.4,68903.6,103223.6,3308.4,27.3,5.8,4819,23.8,7.4,146,738,892,1089,1511,1754,2249,1997,5724,448
1773834357,3,351372.5,338992.8,90039.2,87838.8,34386.2,34612.7,41602.1,68300.0,103161.0,3504.7,27.3,5.9,5121,23.8,7.4,146,738,892,1089,1511,1754,2249,1998,5725,448
1773834659,3,348187.8,335631.2,89079.6,86855.1,34163.2,34351.4,41449.5,67660.1,103100.0,3695.5,27.3,5.9,5471,23.8,7.4,146,738,892,1089,1511,1754,2249,1997,5725,448
1773834957,3,344085.0,329351.6,88210.5,86048.1,33974.0,34172.5,40962.7,67122.3,103042.3,3895.1,27.3,5.9,5776,23.8,7.4,146,738,892,1088,1511,1754,2248,1996,5724,448
1773835259,3,342553.2,328769.5,87791.3,85579.5,33773.1,33945.2,40615.3,66551.5,102986.9,4089.0,27.3,5.9,6116,23.8,7.4,146,738,892,1089,1511,1753,2249,1997,5724,448
1773835557,3,338393.2,322935.8,86574.1,84444.4,33499.4,33747.9,40351.2,65881.6,102934.1,4309.1,27.3,5.9,6356,23.8,7.5,146,738,892,1088,1511,1753,2248,1997,5723,448
1773835857,3,334155.9,319444.7,85648.5,83500.0,33221.2,33447.4,40056.6,65373.4,102884.7,4467.1,27.3,5.9,6513,23.8,7.4,147,740,894,1090,1513,1755,2250,1999,5729,448
1773836159,3,328886.4,315761.5,85125.4,82923.7,33102.1,33286.4,39864.5,64994.5,102837.4,4665.5,27.3,5.9,6855,23.8,7.5,146,739,893,1089,1511,1754,2249,1998,5725,448
1773836457,3,325220.5,312735.1,84100.5,82089.8,32789.6,33089.3,39527.4,64299.8,102791.9,4854.8,27.3,5.9,7123,23.8,7.4,146,739,892,1089,1511,1754,2249,1998,5724,448
1773836759,3,321247.0,309343.9,83431.2,81272.4,32564.5,32814.5,39325.5,63950.2,102748.2,5067.2,27.3,5.9,7504,23.8,7.4,147,740,894,1090,1513,1756,2250,1999,5728,449
1773837057,3,319067.1,307362.5,82841.5,80823.3,32422.3,32650.2,38990.2,63341.8,102706.3,5270.6,27.3,5.9,7613,23.8,7.5,146,738,892,1089,1511,1754,2249,1997,5724,448
1773837659,3,515268.9,496710.0,122087.9,119038.8,42879.3,43637.9,51229.4,83909.7,104254.6,882.8,27.2,5.4,1549,23.6,6.8,146,738,891,1088,1510,1753,2248,1996,5719,448
1773837957,3,468545.7,452555.3,114389.8,111714.8,40728.5,41252.4,49402.2,81669.0,104151.2,1045.6,27.2,5.6,1762,23.7,7.0,146,738,891,1088,1509,1753,2247,1996,5719,448
1773838257,3,441222.9,424844.0,109457.9,106930.3,39303.7,39796.9,48038.6,79607.1,104049.4,1254.7,27.3,5.6,1974,23.7,7.1,146,737,891,1088,1509,1753,2247,1996,5720,448
1773838559,3,422198.5,406011.7,105833.8,103617.4,38217.3,38545.8,46738.8,77814.4,103949.1,1436.9,27.3,5.7,2281,23.7,7.1,146,738,891,1087,1510,1753,2247,1996,5717,448
1773838857,3,403877.4,386990.2,102598.9,100407.5,37319.8,37577.5,45717.8,76087.0,103852.5,1615.5,27.3,5.7,2532,23.7,7.2,146,738,891,1088,1510,1753,2247,1996,5716,448
1773839157,3,387574.5,373229.2,100383.2,97988.5,36635.5,36863.0,44861.1,74767.6,103759.1,1777.5,27.3,5.7,2774,23.7,7.2,146,738,891,1088,1510,1752,2247,1995,5718,448
1773839459,3,378501.0,365210.7,98024.6,95927.8,36066.4,36253.8,44341.9,73721.8,103671.8,2005.2,27.3,5.7,3034,23.7,7.2,146,738,892,1088,1510,1753,2247,1997,5720,448
1773839757,3,371904.8,358950.7,96437.1,93805.2,35578.7,35733.8,43831.3,72710.5,103587.3,2221.1,27.3,5.7,3274,23.7,7.2,146,738,891,1088,1510,1753,2247,1997,5720,448
1773840059,3,363819.8,351842.8,94929.7,91699.6,35224.2,35436.1,43379.4,71868.3,103506.3,2373.1,27.3,5.7,3657,23.7,7.3,146,738,892,1088,1511,1754,2248,1997,5722,448
1773840357,3,360146.8,347853.2,93029.1,90116.5,34969.8,35127.3,42889.3,71251.9,103430.8,2571.2,27.3,5.8,3888,23.7,7.3,146,738,892,1088,1510,1753,2248,1997,5720,448
1773840659,3,356013.9,343326.7,91569.5,89009.5,34670.4,34843.7,42726.2,70539.9,103357.7,2776.0,27.3,5.7,4140,23.7,7.3,146,738,892,1088,1510,1753,2247,1996,5719,448
1773840957,3,353319.3,340460.5,90187.4,88109.2,34481.6,34713.9,42408.9,70008.5,103290.5,2964.5,27.3,5.8,4424,23.8,7.3,146,738,892,1088,1511,1754,2248,1997,5720,448
1773841257,3,350541.7,337787.0,89575.7,87407.7,34204.7,34455.9,42144.6,69358.5,103225.0,3128.7,27.3,5.8,4680,23.7,7.3,146,738,892,1088,1510,1753,2247,1996,5719,448
1773841559,3,347142.0,332189.8,88491.1,86453.3,34030.8,34236.8,41674.0,68843.5,103163.0,3337.9,27.3,5.8,4869,23.8,7.3,146,738,891,1088,1509,1753,2247,1996,5719,447
1773841857,3,343544.9,330035.0,87996.0,85940.6,33813.8,34121.5,41463.8,68312.1,103102.6,3515.4,27.3,5.8,5173,23.8,7.3,146,738,892,1088,1510,1754,2248,1997,5721,448
1773842159,3,339629.7,324527.4,87058.2,85039.3,33600.3,33855.3,41194.1,67717.9,103045.4,3685.4,27.3,5.8,5613,23.8,7.3,146,738,892,1089,1511,1754,2248,1997,5723,448
1773842459,3,336671.1,322351.1,86426.8,84344.5,33397.7,33673.7,40865.6,67143.2,102991.3,3905.7,27.3,5.8,5659,23.8,7.3,146,738,892,1088,1510,1753,2247,1997,5720,448
1773842757,3,330733.9,317714.1,85403.2,83395.0,33148.3,33421.1,40540.5,66615.0,102939.1,4106.5,27.3,5.8,5929,23.8,7.3,146,739,892,1089,1511,1754,2248,1997,5721,448
1773843059,3,328449.2,315800.5,84935.0,82813.8,32968.1,33221.4,40354.5,66184.7,102888.5,4271.7,27.3,5.8,6367,23.7,7.4,146,738,892,1088,1510,1753,2248,1997,5721,448
1773843357,3,326938.6,315116.0,83962.2,82018.2,32984.4,33201.1,40098.1,65722.7,102841.5,4444.0,27.3,5.8,6629,23.8,7.4,146,739,892,1089,1510,1753,2247,1997,5722,448
1773843657,3,324493.9,312435.1,83304.8,81409.9,32786.6,32999.9,39824.1,65135.5,102795.6,4634.6,27.3,5.8,6726,23.7,7.3,146,738,892,1089,1511,1754,2248,1997,5722,448
1773843959,3,321585.8,309454.6,82654.3,80600.3,32507.4,32794.6,39523.0,64690.1,102752.2,4829.9,27.3,5.8,7146,23.8,7.4,146,738,892,1089,1511,1754,2248,1997,5721,448
1773844259,3,318709.9,306914.1,81963.3,80137.5,32299.1,32567.0,39290.6,64147.9,102709.8,5038.3,27.3,5.8,7253,23.8,7.4,146,739,892,1088,1511,1754,2248,1997,5722,448
1773844859,3,509832.5,491070.0,119857.8,116829.4,42317.6,43111.1,51424.9,84295.9,104282.0,846.6,27.2,5.4,1515,23.6,6.7,146,738,891,1087,1509,1752,2246,1995,5717,448
1773845157,3,469041.2,451751.8,112647.8,110071.8,40308.6,40861.3,49589.1,82253.0,104177.8,1027.1,27.2,5.5,1726,23.7,6.9,146,738,891,1088,1509,1752,2246,1996,5717,448
1773845457,3,442353.8,426420.4,107811.1,105389.5,38975.1,39428.2,48280.3,80115.3,104075.2,1191.2,27.2,5.6,1922,23.7,7.0,146,738,891,1088,1510,1753,2247,1996,5719,448
1773845759,3,419405.0,403819.3,104100.7,101823.3,37929.1,38255.9,47055.6,78331.7,103976.0,1384.5,27.2,5.6,2245,23.7,7.0,146,739,892,1088,1511,1754,2247,1997,5720,448
1773846059,3,403432.8,384705.9,101093.6,99058.1,37039.8,37364.2,45965.0,76887.9,103879.8,1563.1,27.3,5.6,2399,23.7,7.1,146,738,892,1089,1511,1754,2247,1997,5722,448
1773846357,3,386512.0,372345.4,98626.6,96697.8,36379.8,36667.1,45122.7,75501.0,103788.5,1743.6,27.3,5.6,2692,23.7,7.1,146,738,892,1088,1510,1753,2247,1996,5719,448
1773846659,3,376558.2,363645.0,96957.4,94359.6,35912.6,36127.9,44462.0,74343.7,103700.5,1941.9,27.3,5.6,2993,23.7,7.1,146,738,891,1088,1510,1753,2247,1996,5719,448
1773846959,3,369748.5,356262.0,94957.2,92063.8,35442.8,35675.1,44027.2,73432.8,103616.6,2083.3,27.3,5.7,3179,23.7,7.1,146,738,891,1088,1510,1753,2247,1997,5720,448
1773847257,3,365350.6,352048.4,93156.6,90298.5,35110.7,35385.1,43673.4,72591.9,103538.8,2297.2,27.3,5.6,3487,23.7,7.2,146,738,892,1088,1510,1753,2246,1997,5720,448
1773847559,3,359122.0,346265.6,91530.5,88970.1,34811.6,35143.6,43272.5,71870.7,103464.0,2466.8,27.3,5.7,3728,23.7,7.2,146,738,891,1088,1510,1753,2247,1997,5720,448
1773847859,3,355588.0,344104.2,89965.6,87869.2,34627.4,34842.1,43043.9,71341.9,103392.5,2660.1,27.3,5.7,4051,23.7,7.2,146,738,892,1088,1510,1752,2246,1996,5719,448
1773848157,3,354742.9,341372.6,89378.0,87415.7,34416.5,34696.5,42749.2,70872.9,103323.7,2846.4,27.3,5.7,4268,23.7,7.2,146,738,891,1088,1510,1753,2246,1996,5721,447
1773848457,3,350308.9,335258.1,88471.3,86490.8,34204.8,34509.1,42341.9,70071.5,103259.1,3057.7,27.3,5.7,4508,23.7,7.2,146,738,892,1088,1510,1753,2247,1997,5721,448
1773848759,3,346624.9,331397.1,87582.6,85643.6,33955.3,34360.2,42251.8,69708.7,103197.1,3228.1,27.3,5.7,4854,23.7,7.2,146,738,892,1088,1510,1753,2248,1997,5721,448
1773849057,3,345803.8,330142.8,87157.1,85045.2,33859.3,34167.8,41929.2,69245.4,103137.1,3447.8,27.3,5.7,5105,23.7,7.2,146,738,891,1088,1510,1753,2246,1997,5721,448
1773849357,3,341769.1,326637.5,86326.5,84364.8,33665.8,34008.0,41529.5,68622.9,103081.1,3578.7,27.3,5.7,5244,23.7,7.2,146,739,892,1089,1510,1753,2247,1997,5724,448
1773849659,3,338720.7,323347.8,85641.1,83611.1,33470.3,33792.9,41317.6,68105.8,103026.9,3765.5,27.3,5.7,5595,23.7,7.2,146,738,891,1088,1510,1753,2247,1997,5722,448
1773849957,3,334387.1,320435.0,85093.6,83037.6,33293.3,33634.1,41078.2,67672.2,102979.0,3971.2,27.3,5.7,5882,23.7,7.3,146,738,892,1088,1510,1753,2246,1997,5721,448
1773850257,3,331662.3,318518.8,84457.6,82492.2,33103.2,33479.9,40731.5,66987.5,102934.9,4150.5,27.3,5.7,5986,23.8,7.3,146,738,892,1088,1510,1753,2246,1996,5722,448
1773850559,3,327096.1,314374.1,83620.7,81580.2,32924.6,33242.1,40375.3,66522.6,102890.9,4329.6,27.3,5.7,6363,23.8,7.3,147,738,892,1089,1510,1753,2247,1997,5723,448
1773850859,3,324599.8,312033.2,83061.0,81093.2,32664.6,33037.0,40079.9,65864.2,102847.6,4511.0,27.3,5.7,6523,23.8,7.3,146,739,892,1088,1510,1753,2247,1997,5721,448
1773851157,3,321316.5,308708.9,82191.2,80399.2,32494.2,32885.9,39899.1,65468.5,102808.6,4714.0,27.3,5.7,6920,23.8,7.3,146,738,892,1088,1510,1753,2246,1997,5721,448
1773851457,3,318479.6,305789.3,81588.3,79722.8,32349.4,32650.8,39537.3,64877.4,102768.5,4878.1,27.3,5.7,7199,23.8,7.3,146,738,891,1088,1510,1753,2246,1996,5720,448
1773852057,3,502146.0,484265.8,117847.8,115189.6,41969.4,42872.9,51502.9,84606.7,104346.3,862.7,27.2,5.3,1425,23.7,6.7,146,738,891,1087,1509,1752,2246,1996,5719,448
1773852359,3,463583.7,446269.0,111190.0,108802.2,40096.6,40745.5,49765.4,82824.9,104242.3,997.8,27.3,5.4,1679,23.7,6.8,146,737,891,1087,1509,1752,2245,1996,5719,448
1773852659,3,437438.5,421377.8,106836.4,104512.1,38780.4,39400.3,48634.5,80811.4,104139.3,1141.2,27.3,5.5,1851,23.7,6.9,146,738,891,1087,1509,1752,2246,1996,5719,448
1773852957,3,418338.0,403728.6,103445.9,101153.1,37826.9,38370.2,47347.7,79080.2,104039.5,1334.6,27.3,5.5,2079,23.8,6.9,146,738,891,1087,1509,1752,2245,1996,5717,447
1773853257,3,403614.5,384035.1,100500.0,98272.7,37009.9,37445.1,46453.4,77695.6,103946.3,1488.8,27.3,5.5,2361,23.8,7.0,146,738,891,1087,1509,1753,2246,1996,5719,448
1773853559,3,388693.2,371424.8,98132.7,95911.9,36303.1,36737.8,45492.6,76098.9,103854.4,1668.7,27.3,5.5,2625,23.8,7.0,146,738,892,1088,1510,1753,2246,1997,5720,448
1773853857,3,377388.5,362953.1,96255.2,93416.7,35803.0,36154.1,44866.3,74923.1,103767.2,1875.2,27.3,5.5,2835,23.8,7.0,146,739,892,1088,1510,1753,2248,1997,5724,448
1773854157,3,368595.0,356154.9,94174.5,91502.6,35412.9,35710.7,44210.2,73952.8,103686.9,2039.5,27.3,5.6,3075,23.8,7.0,146,738,892,1088,1510,1753,2247,1997,5722,448
1773854459,3,362171.4,349705.2,92246.5,89594.5,35031.6,35374.1,43913.6,73227.5,103607.9,2245.7,27.3,5.5,3417,23.8,7.1,146,739,892,1088,1510,1753,2246,1996,5722,448
1773854757,3,356497.9,343608.0,90169.3,88368.5,34672.3,35047.6,43478.7,72383.2,103536.0,2418.1,27.3,5.6,3658,23.8,7.1,146,739,892,1088,1510,1753,2247,1997,5722,448
1773855057,3,353975.5,340416.6,89510.5,87522.5,34431.0,34801.5,43348.0,71898.5,103466.9,2574.5,27.3,5.6,3845,23.8,7.1,146,740,893,1090,1512,1755,2249,2000,5729,449
1773855359,3,351419.0,335403.3,88944.4,86855.3,34304.6,34651.8,43013.8,71437.6,103402.4,2746.2,27.3,5.6,4140,23.8,7.1,146,739,892,1089,1510,1753,2247,1996,5721,448
1773855659,3,348422.5,332635.6,88087.3,86134.6,34126.2,34462.4,42788.6,70824.3,103343.1,2971.7,27.3,5.6,4329,23.8,7.1,146,739,892,1088,1510,1753,2247,1997,5722,448
1773855957,3,343740.0,329288.3,86949.8,84979.8,33787.7,34349.7,42474.3,70131.9,103287.0,3126.1,27.4,5.6,4666,23.8,7.1,146,739,893,1088,1510,1753,2247,1997,5723,448
1773856257,3,339503.8,325080.5,86246.9,84411.8,33660.3,34098.7,42078.0,69598.7,103235.7,3306.1,27.4,5.6,4942,23.8,7.1,146,739,892,1088,1510,1753,2246,1997,5722,448
1773856559,3,335922.8,321249.4,85336.2,83592.8,33443.4,33803.1,41649.2,69133.4,103187.2,3532.0,27.4,5.6,5169,23.8,7.2,146,740,893,1089,1511,1754,2247,1997,5724,448
1773856857,3,333103.6,319594.0,84922.3,83015.1,33193.8,33631.5,41427.6,68527.7,103139.4,3708.1,27.4,5.6,5459,23.9,7.2,146,740,893,1089,1510,1753,2248,1997,5724,448
1773857159,3,330127.4,315977.1,83729.8,81822.9,32988.4,33378.7,41171.8,67981.3,103095.8,3866.2,27.4,5.6,5716,23.9,7.2,146,739,892,1089,1510,1753,2248,1997,5723,448
1773857459,3,325466.5,311810.6,83141.0,81269.2,32772.1,33189.3,40845.8,67416.6,103054.3,4052.4,27.4,5.6,5883,23.9,7.2,146,739,892,1088,1510,1753,2248,1997,5722,448
1773857757,3,323265.8,310131.0,82268.1,80418.4,32531.7,32908.8,40540.0,66887.8,103013.0,4241.7,27.5,5.6,6247,23.9,7.2,146,740,893,1089,1510,1753,2247,1997,5723,448
1773858059,3,319996.6,307356.7,81846.4,80033.6,32416.5,32781.0,40180.7,66270.0,102976.5,4407.2,27.5,5.7,6452,24.0,7.2,146,739,893,1089,1511,1754,2247,1997,5725,448
1773858359,3,315776.0,303275.4,81035.1,79150.6,32105.4,32553.9,39868.0,65702.8,102943.0,4598.6,27.5,5.6,6754,24.0,7.2,146,739,893,1088,1509,1752,2247,1997,5721,448
1773858657,3,313785.5,301112.8,80457.9,78512.0,31918.9,32375.8,39521.9,65091.5,102908.9,4788.3,27.5,5.6,7074,24.0,7.2,146,739,893,1088,1511,1753,2247,1997,5722,448
1773859257,3,488768.1,469180.6,114927.4,112219.5,41245.1,42242.0,51076.6,84268.9,104458.0,805.7,27.5,5.2,1427,23.9,6.7,146,739,892,1088,1510,1752,2246,1996,5720,448
1773859557,3,449732.3,432217.5,108206.3,105711.6,39277.9,40214.7,49404.4,82391.1,104359.8,965.3,27.5,5.3,1581,24.0,6.7,146,739,892,1088,1510,1753,2247,1996,5722,448
1773859857,3,424258.2,408904.5,103776.2,101511.1,38071.3,38767.3,47952.2,80093.7,104264.2,1124.7,27.6,5.4,1831,24.0,6.9,146,739,893,1088,1510,1753,2246,1997,5722,448
1773860157,3,402676.4,382517.0,100371.4,98380.9,37173.8,37832.9,46742.7,78196.6,104169.3,1308.1,27.6,5.4,2113,24.1,6.9,146,739,893,1088,1510,1753,2246,1997,5723,448
1773860457,3,385448.6,367771.2,97661.7,95265.6,36371.9,36934.2,45590.9,76609.7,104077.7,1476.5,27.6,5.4,2321,24.1,7.0,146,738,892,1087,1509,1752,2246,1996,5719,448
1773860757,3,369515.3,355702.8,94472.3,92132.0,35673.7,36167.4,44955.3,75116.8,103990.0,1645.1,27.6,5.5,2576,24.1,7.0,146,739,892,1088,1509,1752,2246,1996,5719,448
1773861057,3,362623.4,349060.1,92206.4,89627.4,35084.7,35627.8,44204.0,74041.6,103905.8,1834.6,27.7,5.5,2821,24.1,7.0,146,739,892,1087,1510,1752,2246,1996,5722,448
1773861357,3,354435.7,339626.2,90049.5,87908.8,34630.1,35146.5,43646.2,73479.7,103823.3,2016.0,27.7,5.5,3031,24.2,7.0,146,739,892,1088,1509,1752,2246,1997,5722,448
1773861657,3,349191.8,332811.7,88552.0,86774.4,34273.6,34799.2,43309.3,72256.1,103746.8,2204.5,27.7,5.5,3301,24.2,7.1,146,739,892,1088,1510,1753,2246,1996,5722,448
1773861957,3,343002.1,328155.9,87504.4,85690.8,34012.3,34516.5,42900.5,71821.9,103672.2,2378.7,27.7,5.5,3518,24.2,7.1,146,739,893,1088,1510,1753,2247,1997,5724,448
1773862259,3,338563.0,324383.9,86544.6,84739.8,33746.3,34209.9,42530.0,71279.5,103600.7,2541.1,27.7,5.5,3860,24.2,7.1,147,739,893,1088,1510,1753,2246,1997,5723,448
1773862559,3,334930.8,321270.7,85474.7,83669.4,33471.2,33883.7,42320.8,70531.6,103532.2,2712.0,27.8,5.5,3973,24.2,7.1,146,739,893,1088,1509,1753,2246,1996,5722,448
1773862857,3,330715.1,317836.4,84640.7,82727.3,33170.9,33666.4,41841.6,69982.1,103466.8,2899.5,27.8,5.5,4261,24.2,7.2,146,739,893,1088,1510,1753,2247,1996,5722,448
1773863159,3,328756.6,315951.0,84138.7,82239.6,33080.1,33565.3,41578.4,69306.4,103407.8,3076.7,27.8,5.6,4561,24.3,7.2,146,739,893,1088,1510,1753,2246,1996,5724,447
1773863459,3,324404.2,312109.8,83237.2,81446.6,32869.3,33333.8,41300.3,68998.1,103348.3,3249.3,27.8,5.6,4872,24.3,7.2,146,739,894,1088,1509,1753,2246,1997,5722,448
1773863757,3,322587.2,309896.9,82707.1,80837.3,32724.3,33216.3,41110.0,68296.6,103289.9,3421.5,27.8,5.6,5109,24.3,7.2,146,739,893,1088,1510,1753,2247,1997,5724,448
1773864057,3,320268.1,307072.2,81992.4,80238.9,32534.9,33005.7,40906.8,67974.3,103234.1,3604.5,27.9,5.6,5302,24.3,7.2,146,739,893,1089,1510,1753,2246,1996,5723,448
1773864359,3,316577.5,303618.8,81290.4,79450.7,32352.7,32839.0,40655.8,67361.6,103180.9,3792.3,27.9,5.6,5593,24.3,7.2,146,739,893,1088,1510,1753,2247,1997,5722,448
1773864657,3,312797.9,300498.0,80573.1,78806.3,32160.0,32660.7,40264.4,66822.2,103131.4,3976.1,27.9,5.6,5897,24.3,7.2,146,739,893,1088,1510,1753,2246,1996,5721,448
1773864957,3,310564.3,298325.9,80118.5,78355.2,32024.8,32473.7,39957.1,66201.7,103083.5,4181.2,27.9,5.6,6060,24.4,7.2,146,739,893,1088,1510,1753,2247,1997,5722,448
1773865259,3,307988.6,295543.1,79424.8,77637.0,31818.7,32300.9,39685.3,65620.9,103040.4,4316.0,27.9,5.6,6356,24.4,7.2,146,740,894,1089,1510,1753,2246,1997,5723,448
1773865557,3,304552.6,291622.1,78546.4,76866.7,31598.9,32077.8,39369.4,65198.5,102998.4,4482.4,27.9,5.6,6564,24.4,7.2,146,739,894,1088,1510,1753,2247,1997,5723,448
1773865859,3,301452.5,289030.2,78028.7,76281.6,31443.6,31924.2,39141.3,64611.5,102958.6,4685.4,27.9,5.6,6931,24.4,7.3,147,741,895,1091,1513,1755,2249,1998,5727,448
1773866457,3,466958.5,447451.7,110398.4,107960.8,40287.2,41374.8,50120.8,82939.7,104406.6,805.7,27.9,5.2,1430,24.3,6.7,146,740,894,1089,1511,1754,2248,1997,5723,448
1773866759,3,430518.1,413142.2,103972.7,101807.4,38458.1,39400.9,48166.5,80460.3,104308.2,961.5,27.9,5.3,1628,24.4,6.8,147,740,894,1090,1511,1754,2248,1997,5723,448
1773867057,3,405945.7,388220.3,99983.2,98077.7,37296.9,38084.6,47129.8,78654.7,104209.5,1109.1,28.0,5.4,1868,24.4,6.9,146,741,895,1090,1512,1755,2249,1998,5726,448
1773867359,3,384902.9,366979.4,97071.5,94476.3,36272.3,37010.8,45886.7,77058.5,104113.2,1304.1,28.0,5.4,2117,24.4,6.9,146,741,895,1089,1511,1755,2248,1997,5724,448
1773867659,3,368304.6,354051.0,93613.7,91047.4,35528.4,36134.5,45000.0,75333.2,104019.8,1468.7,28.0,5.4,2281,24.5,7.0,146,741,895,1090,1512,1755,2249,1998,5727,448
1773867957,3,357282.3,341896.3,90465.2,88358.5,34860.0,35455.5,44064.1,73917.4,103930.8,1646.1,28.0,5.4,2597,24.5,7.0,146,740,895,1090,1511,1754,2248,1997,5723,448
1773868259,3,345835.8,331306.0,88362.8,86612.7,34268.2,34799.6,43510.6,72881.8,103845.2,1851.3,28.0,5.5,2813,24.5,7.0,147,741,895,1090,1511,1755,2248,1997,5724,448
1773868559,3,339375.0,324860.1,86932.2,85206.2,33881.4,34407.6,42984.2,72110.6,103759.9,2018.4,28.0,5.5,3009,24.5,7.0,147,741,895,1090,1512,1755,2248,1998,5727,448
1773868857,3,332638.4,319959.8,85715.2,83901.7,33540.9,34060.5,42577.9,71270.1,103681.6,2189.1,28.0,5.5,3306,24.5,7.1,146,741,895,1090,1511,1754,2248,1997,5725,448
1773869159,3,328030.8,315357.5,84569.3,82918.6,33260.4,33770.0,42021.3,70748.7,103605.3,2337.2,28.1,5.5,3539,24.5,7.1,146,740,895,1089,1510,1754,2247,1997,5726,448
1773869459,3,325718.6,312777.4,83803.3,82102.1,33024.0,33538.2,41869.7,70153.8,103530.3,2507.6,28.1,5.5,3811,24.5,7.1,147,740,894,1089,1511,1754,2247,1997,5726,448
1773869757,3,322494.2,310324.0,83049.1,81283.5,32802.3,33317.6,41613.7,69735.8,103458.3,2698.1,28.1,5.5,4067,24.6,7.1,146,740,894,1088,1510,1753,2246,1996,5724,448
1773870057,3,320445.5,308304.0,82467.6,80752.6,32649.3,33212.0,41430.1,69077.2,103390.8,2863.8,28.1,5.5,4236,24.6,7.1,146,740,894,1089,1511,1753,2247,1996,5725,448
1773870357,3,318118.8,305273.5,81878.4,80128.7,32467.3,32993.8,41143.7,68819.6,103328.4,3048.7,28.1,5.5,4508,24.6,7.1,147,740,895,1089,1510,1753,2246,1996,5724,448
1773870659,3,315745.3,302844.1,81109.2,79416.4,32314.9,32825.9,40852.3,68426.0,103264.9,3218.4,28.1,5.5,4838,24.6,7.1,146,740,894,1089,1511,1753,2247,1996,5723,447
1773870957,3,313803.0,300621.7,80589.7,78869.6,32198.6,32801.9,40656.6,67913.4,103203.5,3391.1,28.1,5.5,5078,24.6,7.2,147,740,894,1089,1511,1754,2248,1997,5725,448
1773871257,3,310897.4,297711.0,79944.5,78268.3,32004.8,32493.9,40431.8,67357.3,103148.5,3578.3,28.1,5.5,5239,24.6,7.2,146,739,894,1089,1510,1753,2247,1997,5723,448
1773871559,3,308516.7,295678.3,79457.3,77682.2,31844.0,32406.5,40041.2,66994.4,103092.8,3731.1,28.1,5.6,5594,24.6,7.2,146,739,894,1088,1509,1752,2246,1995,5718,447
1773871859,3,305639.3,292547.2,78667.0,77035.0,31624.7,32193.3,39836.6,66501.6,103038.6,3951.8,28.2,5.5,5818,24.6,7.2,146,739,893,1088,1509,1752,2246,1996,5720,447
1773872157,3,302769.2,289885.3,78090.9,76370.4,31429.6,32012.4,39532.5,66015.1,102987.5,4083.4,28.1,5.6,6041,24.6,7.2,146,739,894,1088,1510,1753,2247,1996,5722,448
1773872457,3,300257.2,288094.7,77463.9,75845.5,31266.4,31804.9,39327.0,65422.0,102939.6,4261.9,28.2,5.6,6244,24.6,7.2,146,739,894,1088,1509,1753,2246,1996,5720,448
1773872757,3,296709.7,284210.8,76699.3,75063.9,31010.3,31498.8,39201.7,64979.2,102891.2,4425.9,28.2,5.6,6485,24.6,7.2,146,740,894,1089,1510,1753,2246,1997,5722,448
1773873059,3,295409.4,283106.7,76235.4,74593.3,30874.5,31397.2,38968.3,64564.8,102845.5,4629.7,28.2,5.6,6788,24.6,7.2,146,740,894,1089,1510,1754,2247,1997,5723,448
1773873657,3,454567.5,436498.0,107729.6,105380.8,39585.3,40727.7,49638.4,82224.9,104330.3,780.9,28.1,5.2,1377,24.5,6.6,146,739,893,1088,1509,1752,2246,1996,5720,447
1773873959,3,419119.4,401261.1,101594.3,99595.9,37815.9,38781.8,47996.6,80214.6,104223.5,912.4,28.1,5.3,1593,24.6,6.8,146,739,894,1088,1509,1752,2246,1995,5718,447
1773874259,3,395481.8,373718.0,97823.3,95702.1,36771.5,37579.0,46801.2,78270.6,104119.6,1103.4,28.1,5.3,1793,24.6,6.8,146,739,894,1088,1509,1752,2247,1996,5720,448
1773874557,3,374324.8,358936.1,94636.3,92035.5,35816.5,36663.1,45715.8,76733.1,104019.8,1243.9,28.2,5.3,2018,24.6,6.9,146,739,894,1088,1510,1752,2246,1996,5720,447
1773874857,3,359635.2,344183.2,90873.9,88993.2,35078.2,35810.0,44789.5,75154.8,103921.7,1416.0,28.2,5.4,2224,24.7,6.9,146,740,894,1089,1510,1753,2247,1997,5723,448
1773875159,3,348655.8,333604.7,88715.4,87165.9,34430.4,35152.6,44021.2,73978.9,103829.6,1581.4,28.2,5.4,2530,24.7,6.9,146,740,895,1089,1510,1753,2246,1996,5722,447
1773875459,3,339576.2,325871.4,87067.7,85461.0,33959.7,34626.8,43384.5,72772.7,103740.0,1778.6,28.2,5.4,2705,24.7,7.0,146,740,894,1088,1509,1752,2246,1996,5720,448
1773875757,3,332355.4,319759.1,85682.3,84052.9,33563.4,34121.2,42982.1,71937.4,103654.1,1933.5,28.2,5.4,2952,24.7,7.0,146,739,895,1088,1510,1752,2247,1996,5721,447
1773876057,3,328858.5,315955.2,84604.5,83131.1,33290.2,33933.5,42608.3,71337.5,103573.5,2111.3,28.2,5.5,3226,24.7,7.0,146,739,893,1088,1509,1752,2245,1995,5719,447
1773876359,3,324690.7,311510.3,83591.8,81916.4,32930.9,33594.8,42124.2,70834.6,103493.3,2288.8,28.2,5.5,3489,24.7,7.1,146,739,893,1088,1508,1751,2245,1995,5717,447
1773876657,3,321920.2,308941.8,82716.4,81204.0,32712.6,33274.1,41969.8,70189.1,103416.3,2448.1,28.2,5.4,3707,24.7,7.1,146,739,894,1088,1509,1752,2246,1996,5720,447
1773876957,3,319078.1,306291.6,82122.9,80481.9,32541.8,33140.4,41581.5,69844.9,103345.6,2635.9,28.2,5.4,3925,24.7,7.1,146,740,894,1088,1510,1752,2246,1996,5721,448
1773877259,3,317227.0,304526.8,81530.4,79879.6,32386.0,32993.8,41337.8,69319.8,103278.0,2810.0,28.2,5.5,4206,24.7,7.1,146,740,894,1088,1509,1752,2246,1996,5720,447
1773877557,3,315894.8,302386.0,80937.8,79351.8,32314.9,32864.0,41184.7,68922.5,103212.4,2954.0,28.2,5.4,4483,24.7,7.1,146,740,894,1088,1509,1752,2246,1996,5719,448
1773877857,3,314033.2,301132.0,80496.9,78852.9,32100.1,32737.6,40938.8,68497.3,103151.3,3160.9,28.3,5.5,4633,24.7,7.1,146,740,894,1088,1509,1752,2246,1996,5719,448
1773878157,3,309640.0,297415.0,79852.7,78108.9,31958.9,32543.0,40779.4,68205.6,103091.2,3320.2,28.2,5.5,4917,24.7,7.1,146,739,894,1088,1509,1752,2246,1996,5720,448
1773878459,3,307848.4,294920.8,79049.1,77457.7,31755.7,32355.8,40582.6,67661.4,103034.3,3483.1,28.3,5.5,5184,24.7,7.1,146,739,894,1088,1509,1753,2246,1996,5722,447
1773878757,3,305077.1,292500.2,78554.2,76967.8,31590.5,32224.1,40302.1,67254.5,102979.8,3652.7,28.2,5.4,5461,24.7,7.1,146,739,894,1088,1509,1752,2245,1996,5720,447
1773879057,3,302179.0,289844.9,77965.4,76492.8,31522.1,32096.5,39927.0,66706.4,102929.6,3840.8,28.3,5.5,5569,24.7,7.1,146,739,893,1087,1508,1752,2246,1995,5715,447
1773879359,3,300765.8,287961.5,77683.8,76051.0,31375.5,31901.5,39726.4,66325.1,102881.8,3968.9,28.3,5.5,5969,24.7,7.1,146,739,893,1087,1507,1751,2244,1995,5714,447
1773879659,3,297960.2,285416.3,77005.6,75405.6,31199.9,31725.4,39422.7,65819.8,102833.0,4156.1,28.3,5.5,6090,24.7,7.2,146,739,893,1087,1507,1751,2244,1995,5715,447
1773879957,3,296644.9,283864.6,76571.3,74946.7,30968.9,31556.5,39217.0,65271.7,102789.6,4341.1,28.3,5.5,6393,24.7,7.2,146,739,893,1087,1508,1751,2243,1995,5713,447
1773880257,3,293031.7,280484.2,75780.1,74352.3,30819.5,31513.6,39006.0,65060.5,102746.1,4506.4,28.3,5.5,6525,24.8,7.2,146,739,893,1086,1507,1751,2244,1995,5713,447
1773880859,3,448836.8,429391.7,106003.8,103994.7,39227.0,40442.9,49488.6,82324.6,104250.1,778.4,28.2,5.1,1352,24.6,6.6,146,738,892,1086,1506,1750,2242,1994,5711,447
1773881159,3,415254.6,397879.8,100509.0,98703.4,37591.4,38699.9,47940.9,80276.5,104146.0,925.0,28.2,5.2,1527,24.7,6.7,146,738,892,1086,1507,1751,2243,1994,5713,447
1773881459,3,392579.5,371782.0,96988.3,94581.1,36505.7,37491.7,46839.3,78456.6,104043.5,1112.6,28.2,5.2,1754,24.7,6.8,146,738,892,1086,1507,1750,2243,1995,5713,447
1773881759,3,373948.8,357860.6,93866.8,91523.7,35709.8,36499.8,45836.4,76906.8,103943.8,1247.6,28.3,5.3,1979,24.7,6.8,146,738,892,1086,1506,1750,2243,1994,5711,447
1773882059,3,360504.0,342929.2,90364.2,88666.2,35014.5,35827.4,44965.4,75490.6,103849.3,1382.4,28.3,5.3,2223,24.7,6.9,146,738,892,1086,1507,1750,2243,1995,5712,447
1773882359,3,348140.6,333999.0,88466.9,86772.3,34352.9,35139.4,44206.7,74110.9,103755.5,1559.4,28.3,5.3,2434,24.7,6.9,146,738,892,1086,1507,1750,2243,1995,5713,447
1773882659,3,337951.6,324270.0,86727.5,85125.0,33889.6,34636.0,43496.8,73218.2,103668.5,1722.8,28.3,5.3,2733,24.7,7.0,146,738,893,1087,1507,1750,2243,1994,5714,447
1773882957,3,332557.5,319650.2,85272.6,83668.0,33494.7,34177.5,43137.1,72472.7,103585.2,1881.0,28.3,5.3,2919,24.7,7.0,146,739,893,1086,1506,1750,2243,1995,5714,447
1773883257,3,328772.3,315456.0,84214.3,82817.7,33196.0,33891.1,42794.4,71859.0,103505.0,2098.7,28.3,5.4,3160,24.8,7.0,146,738,893,1086,1507,1750,2243,1994,5715,447
1773883557,3,325377.8,312057.4,83462.7,81959.7,32980.5,33563.4,42397.3,71289.1,103427.6,2225.4,28.3,5.4,3344,24.8,7.0,146,738,893,1086,1507,1751,2244,1995,5716,447
1773883857,3,321117.8,307743.7,82583.2,80975.0,32709.8,33358.0,42273.7,70907.8,103355.1,2392.1,28.3,5.4,3649,24.8,7.0,146,739,893,1086,1507,1750,2243,1995,5715,447
1773884157,3,319759.8,306240.9,81842.9,80295.8,32455.8,33101.5,41915.8,70456.7,103285.8,2549.5,28.3,5.4,3847,24.8,7.1,146,738,892,1086,1507,1750,2243,1994,5714,447
1773884457,3,317382.5,303195.6,81253.7,79729.3,32355.9,33010.0,41679.1,70030.8,103220.7,2705.6,28.3,5.4,4042,24.8,7.0,146,738,893,1086,1507,1750,2243,1994,5716,447
1773884759,3,316297.0,302865.2,80911.9,79244.4,32190.5,32793.3,41375.7,69511.5,103158.6,2904.1,28.3,5.4,4317,24.8,7.0,146,738,893,1086,1507,1750,2243,1995,5716,447
1773885059,3,312911.5,300068.2,80210.5,78603.1,32040.2,32643.4,41221.2,69082.7,103097.5,3082.2,28.3,5.4,4563,24.8,7.0,146,739,893,1087,1507,1751,2244,1995,5716,447
1773885357,3,309794.0,296646.9,79414.7,77935.4,31875.2,32536.3,41080.8,68591.8,103038.4,3236.9,28.3,5.4,4858,24.8,7.1,146,739,893,1086,1507,1751,2244,1995,5716,447
1773885657,3,307669.7,293721.7,78894.1,77277.4,31735.3,32336.6,40866.5,68374.5,102981.8,3425.8,28.3,5.4,4985,24.8,7.1,146,739,893,1087,1508,1751,2244,1995,5717,447
1773885957,3,305279.5,292752.4,78565.3,77021.0,31588.8,32267.2,40599.3,67891.4,102927.6,3550.2,28.3,5.4,5243,24.8,7.1,146,739,894,1088,1508,1752,2245,1995,5719,447
1773886259,3,303372.2,289528.3,77975.6,76327.4,31486.4,32024.9,40362.3,67392.5,102878.8,3750.4,28.3,5.4,5498,24.8,7.1,146,740,894,1088,1508,1752,2244,1995,5719,447
1773886557,3,300911.6,288107.5,77519.0,75950.1,31225.0,31890.7,40136.2,67012.7,102831.4,3878.8,28.3,5.4,5758,24.8,7.1,146,739,893,1087,1508,1751,2244,1994,5716,447
1773886857,3,298079.3,285921.1,76954.7,75407.7,31101.3,31699.2,39829.4,66624.7,102783.7,4075.2,28.3,5.5,5903,24.8,7.1,146,739,893,1088,1508,1752,2245,1995,5717,447
1773887159,3,295127.5,282009.5,76349.1,74790.1,30912.8,31521.6,39583.6,66154.8,102741.2,4233.2,28.3,5.5,6218,24.8,7.1,146,740,894,1088,1509,1752,2245,1996,5719,447
1773887457,3,293396.6,280820.3,75822.5,74299.4,30804.8,31389.3,39368.5,65726.5,102699.1,4417.2,28.3,5.4,6386,24.8,7.1,146,740,894,1088,1509,1753,2246,1996,5720,448
1773888059,3,446125.2,426427.6,105493.1,103340.0,39016.1,40311.5,49529.1,82506.3,104314.3,739.0,28.2,5.0,1328,24.7,6.5,146,739,893,1088,1509,1752,2245,1996,5720,448
1773888357,3,412385.5,395082.8,100078.4,98172.8,37432.6,38551.8,48150.6,80462.0,104206.3,873.2,28.2,5.2,1495,24.7,6.7,146,740,894,1087,1508,1753,2245,1996,5719,447
1773888657,3,390632.5,368968.6,96711.6,94417.2,36379.7,37398.6,46908.0,78843.5,104102.7,1041.2,28.3,5.2,1702,24.7,6.8,146,740,894,1088,1508,1752,2244,1995,5717,447
1773888959,3,370820.4,354240.6,93530.1,90665.1,35559.0,36452.2,45952.8,77299.2,104001.2,1175.7,28.3,5.2,1945,24.7,6.8,146,740,894,1088,1509,1752,2244,1995,5720,448
1773889257,3,358018.3,341004.0,89820.2,88042.2,34850.2,35686.4,45158.3,75824.7,103903.7,1347.4,28.3,5.3,2162,24.8,6.8,146,739,894,1088,1508,1752,2244,1995,5719,448
1773889557,3,347323.8,332347.2,88027.8,86429.0,34227.5,35028.6,44372.2,74791.3,103810.5,1490.6,28.3,5.2,2304,24.8,6.9,146,740,894,1087,1508,1752,2245,1996,5721,448
1773889859,3,338190.5,323896.7,86374.3,84710.8,33757.2,34448.7,43925.4,73684.6,103723.1,1664.0,28.3,5.3,2582,24.8,6.9,147,739,893,1087,1509,1751,2245,1995,5720,448
1773890159,3,330965.4,317314.4,84829.9,83293.2,33371.1,34086.0,43302.6,72928.4,103637.0,1818.3,28.3,5.3,2806,24.8,6.9,146,739,893,1087,1508,1751,2243,1996,5718,447
1773890459,3,327555.5,314250.0,83956.1,82304.6,33056.3,33679.6,42889.9,72104.9,103555.6,1994.0,28.3,5.3,2950,24.8,6.9,146,739,893,1087,1507,1751,2244,1995,5718,447
1773890757,3,323953.8,310161.9,83001.1,81498.1,32781.7,33432.8,42812.3,71774.6,103477.7,2130.9,28.3,5.3,3291,24.8,6.9,146,739,893,1087,1507,1751,2243,1995,5718,447
1773891057,3,321627.9,307734.7,82475.7,80803.7,32583.5,33275.0,42412.9,71277.8,103404.0,2288.2,28.3,5.3,3473,24.8,6.9,146,739,893,1087,1508,1751,2244,1995,5719,448
1773891359,3,318762.0,305067.4,81565.6,80086.6,32381.4,33072.1,42139.0,70840.6,103332.5,2457.9,28.3,5.3,3763,24.8,7.0,146,739,894,1087,1508,1751,2245,1996,5719,448
1773891659,3,317152.5,303329.4,80971.4,79424.6,32228.2,32871.7,42055.6,70523.4,103264.9,2631.4,28.3,5.3,3927,24.8,7.0,146,739,894,1087,1508,1751,2243,1995,5717,447
1773891957,3,314664.7,301427.4,80563.9,78918.5,32124.2,32779.7,41780.6,70126.7,103201.1,2754.7,28.3,5.3,4138,24.8,7.0,146,739,894,1087,1508,1752,2244,1996,5721,448
1773892257,3,312283.4,299158.2,80035.9,78484.2,32024.1,32639.1,41672.1,69718.4,103143.1,2925.5,28.3,5.3,4314,24.8,7.0,146,740,894,1087,1508,1751,2245,1995,5719,448
1773892557,3,309458.9,295683.0,79399.2,77841.2,31893.1,32496.7,41282.2,69309.3,103088.4,3125.9,28.3,5.4,4552,24.8,7.0,146,740,894,1087,1508,1752,2245,1996,5720,447
1773892859,3,308208.4,294835.8,79023.8,77455.6,31681.4,32359.3,41147.5,68967.8,103035.2,3269.1,28.3,5.4,4864,24.8,7.0,146,739,893,1087,1508,1751,2243,1995,5719,447
1773893159,3,306104.6,292696.1,78652.6,77021.1,31559.5,32201.1,40899.9,68457.1,102986.4,3453.8,28.3,5.4,5057,24.8,7.0,146,740,894,1088,1508,1751,2244,1995,5719,447
1773893457,3,304680.2,291232.4,78031.5,76554.1,31426.7,32107.4,40571.7,68061.3,102938.8,3619.2,28.3,5.4,5347,24.8,7.1,146,740,894,1088,1509,1753,2245,1996,5721,447
1773893757,3,300460.8,287781.6,77534.2,75898.8,31312.9,31951.6,40430.5,67593.6,102890.1,3745.1,28.3,5.4,5510,24.8,7.1,146,739,894,1088,1508,1752,2245,1994,5720,447
1773894057,3,298907.2,285897.4,77029.9,75516.5,31114.1,31802.9,40261.2,67205.1,102842.9,3910.8,28.3,5.4,5677,24.8,7.1,146,740,894,1088,1508,1752,2244,1995,5721,447
1773894359,3,296342.7,283397.0,76567.8,75015.0,30953.0,31643.1,40013.4,66765.1,102798.2,4097.3,28.3,5.4,6044,24.8,7.1,146,740,894,1088,1509,1752,2245,1996,5721,448
1773894659,3,294155.6,281132.5,76082.2,74451.8,30825.0,31457.7,39712.8,66419.6,102757.3,4234.1,28.3,5.4,6151,24.8,7.1,146,740,894,1088,1509,1753,2245,1996,5722,448
1773895257,3,438261.1,419168.5,104031.6,101803.5,38436.1,39610.2,49308.5,82040.4,104381.4,738.0,28.2,5.0,1276,24.7,6.5,146,739,893,1087,1508,1752,2244,1995,5719,447
1773895557,3,406683.8,388701.8,98758.8,96517.5,36853.5,37943.7,47829.8,80082.4,104271.1,844.7,28.2,5.1,1490,24.7,6.7,146,740,894,1087,1508,1751,2244,1995,5719,447
1773895859,3,384879.3,364191.1,95341.7,92996.4,35917.9,36875.4,46909.4,78617.5,104161.3,975.2,28.2,5.1,1654,24.7,6.7,146,739,894,1087,1508,1751,2244,1995,5720,447
1773896159,3,368591.9,350088.2,91806.8,89410.2,35130.3,36036.6,45922.6,77219.9,104055.9,1153.9,28.2,5.2,1808,24.7,6.8,146,739,894,1087,1508,1751,2244,1996,5720,448
1773896457,3,352440.7,336993.8,88871.8,87231.3,34474.2,35254.0,45252.7,75933.1,103953.3,1306.5,28.2,5.2,2050,24.7,6.8,146,739,894,1088,1509,1752,2245,1995,5722,447
1773896757,3,344408.6,329105.1,87287.0,85553.6,33987.0,34717.6,44486.0,74744.5,103854.1,1434.7,28.2,5.2,2239,24.7,6.8,146,739,894,1087,1509,1752,2245,1995,5720,447
1773897057,3,336378.0,322253.9,85890.2,84300.3,33530.3,34210.0,43985.6,74021.3,103758.4,1594.4,28.2,5.2,2497,24.7,6.8,146,739,893,1087,1507,1751,2244,1995,5717,447
1773897359,3,332233.5,317772.7,84881.9,83148.6,33182.7,33854.8,43631.3,73293.2,103669.7,1771.2,28.2,5.2,2710,24.7,6.9,146,739,894,1088,1508,1751,2245,1996,5721,448
1773897659,3,328782.7,315065.9,83798.2,82090.2,32947.9,33583.8,43265.5,72754.6,103583.8,1903.8,28.2,5.2,2889,24.7,6.9,146,739,894,1087,1508,1752,2244,1995,5719,448
1773897957,3,326028.0,312390.7,83326.2,81637.8,32742.8,33396.2,43141.7,72261.7,103500.3,2045.7,28.2,5.2,3124,24.6,6.9,146,739,894,1088,1509,1751,2245,1995,5720,447
1773898257,3,323449.8,309538.4,82370.2,80828.9,32548.7,33144.8,42891.1,72034.0,103419.9,2204.2,28.1,5.3,3275,24.6,6.9,146,739,893,1087,1508,1752,2244,1996,5720,447
1773898559,3,321725.2,307930.4,82115.3,80448.7,32429.4,33043.5,42796.4,71592.9,103343.9,2332.8,28.1,5.3,3541,24.6,6.9,146,740,894,1088,1509,1753,2246,1996,5724,447
1773898859,3,319314.5,305596.3,81601.2,79813.1,32282.9,32913.6,42513.9,71428.5,103272.6,2517.7,28.1,5.3,3742,24.6,6.9,146,740,894,1088,1509,1753,2246,1995,5722,448
1773899157,3,319784.6,305577.7,81326.0,79635.0,32166.8,32818.4,42417.7,71144.4,103205.3,2655.2,28.1,5.3,4009,24.5,6.9,146,740,894,1088,1509,1752,2245,1995,5721,447
1773899457,3,317713.0,303626.1,80814.6,79135.4,32068.2,32706.8,42285.8,70728.3,103141.6,2811.4,28.1,5.3,4197,24.5,6.9,146,740,894,1088,1509,1753,2246,1996,5723,448
1773899757,3,315421.4,301280.7,80390.4,78760.8,31950.3,32533.5,42119.7,70450.6,103081.9,2958.9,28.0,5.3,4389,24.5,6.9,147,741,895,1089,1510,1754,2247,1997,5725,448
1773900059,3,313544.0,299752.3,80048.6,78351.2,31827.3,32388.9,41863.2,70165.6,103023.4,3110.4,28.0,5.3,4677,24.5,7.0,146,740,893,1088,1509,1752,2245,1996,5721,448
1773900359,3,313057.1,298894.6,79852.9,77956.2,31691.2,32326.1,41838.1,69770.7,102968.5,3277.8,28.0,5.3,4796,24.5,6.9,146,740,894,1088,1509,1752,2246,1996,5722,448
1773900657,3,309473.2,295738.7,79241.1,77532.2,31651.2,32217.2,41565.5,69462.9,102921.9,3414.2,28.0,5.3,5062,24.5,7.0,146,740,893,1088,1509,1752,2244,1995,5720,447
1773900957,3,307708.4,294542.4,78757.8,77101.5,31513.0,32090.3,41270.7,69050.3,102873.5,3580.3,28.0,5.3,5204,24.5,6.9,146,740,893,1088,1509,1752,2245,1996,5722,448
1773901259,3,306961.9,292982.9,78359.0,76630.8,31356.2,31923.8,40921.1,68817.3,102827.6,3722.2,28.0,5.3,5513,24.5,7.0,146,739,894,1088,1509,1753,2245,1996,5722,448
1773901559,3,304616.7,291057.5,77867.6,76218.3,31229.5,31808.7,40896.4,68270.3,102783.1,3856.4,28.0,5.3,5686,24.5,7.0,146,740,894,1088,1509,1753,2245,1996,5723,448
1773901857,3,301293.0,287606.6,77285.9,75560.5,31081.2,31699.4,40588.0,67856.9,102742.0,4018.5,28.0,5.3,5905,24.5,7.0,146,739,893,1088,1508,1752,2244,1996,5720,447
1773902457,3,462377.5,441956.2,108172.8,105925.4,39450.9,40774.1,51514.9,85411.1,104431.9,683.0,27.8,4.9,1240,24.3,6.4,146,739,893,1088,1508,1751,2244,1995,5719,447
1773902757,3,429851.2,411142.0,102742.9,100540.9,37911.3,39163.3,49904.5,83727.9,104320.0,800.5,27.9,5.0,1393,24.4,6.6,146,739,894,1088,1509,1752,2245,1996,5722,448
1773903057,3,409579.3,391004.2,99174.6,97297.4,36932.5,37995.1,48868.8,82128.7,104209.4,922.1,27.9,5.0,1574,24.4,6.6,146,740,893,1088,1509,1752,2245,1996,5722,448
1773903357,3,393011.3,373235.5,96933.2,94710.4,36236.0,37151.7,47930.5,80607.1,104103.0,1073.9,27.9,5.1,1714,24.4,6.7,146,739,893,1088,1509,1752,2244,1996,5722,448
1773903657,3,377708.0,357699.2,94040.6,91441.9,35551.4,36420.7,47163.2,79258.5,104000.9,1210.6,27.9,5.1,1936,24.4,6.7,146,739,893,1087,1508,1751,2244,1995,5721,447
1773903957,3,366463.5,346872.6,90954.4,89237.4,34997.2,35795.0,46536.7,78233.4,103903.2,1355.2,27.9,5.1,2119,24.4,6.7,146,739,893,1087,1509,1752,2245,1995,5721,447
1773904257,3,358592.9,340978.7,89515.0,87798.0,34543.4,35382.7,45829.8,77212.3,103806.8,1487.9,27.9,5.1,2362,24.4,6.7,146,739,893,1088,1509,1752,2245,1996,5722,447
1773904559,3,349956.6,334632.1,88257.2,86461.6,34226.4,34935.1,45425.0,76827.0,103716.9,1639.7,27.9,5.1,2487,24.4,6.8,146,740,894,1088,1509,1752,2245,1996,5722,448
1773904859,3,347078.2,331200.8,87234.9,85604.4,33913.3,34584.1,45011.5,75923.3,103631.2,1779.6,27.9,5.1,2726,24.4,6.8,146,739,893,1088,1509,1753,2245,1996,5723,448
1773905159,3,341833.5,326820.8,86374.9,84635.1,33601.6,34336.9,44757.8,75385.5,103550.2,1945.6,27.9,5.1,2947,24.3,6.8,146,740,894,1089,1509,1753,2245,1997,5724,448
1773905459,3,339152.9,325046.2,85821.5,84086.2,33466.9,34170.5,44562.2,75261.5,103474.4,2112.7,27.9,5.2,3136,24.3,6.8,146,740,893,1088,1510,1753,2246,1997,5723,448
1773905757,3,337323.1,322563.0,85232.3,83311.9,33309.7,33978.6,44370.1,74640.2,103399.8,2204.9,27.9,5.2,3318,24.3,6.8,146,739,893,1088,1510,1753,2246,1997,5721,447
1773906057,3,334875.9,320410.8,84754.2,82926.3,33132.3,33863.8,44167.3,74131.9,103333.1,2355.5,27.8,5.1,3495,24.3,6.8,146,740,893,1088,1509,1752,2244,1996,5719,447
1773906357,3,333586.2,319111.8,84105.4,82357.7,32933.0,33649.8,44017.1,73970.5,103268.9,2487.4,27.8,5.2,3720,24.3,6.8,146,739,893,1087,1509,1752,2245,1996,5721,447
1773906657,3,332930.8,318096.5,83672.1,81948.8,32860.2,33528.5,43764.0,73650.0,103208.0,2634.2,27.8,5.2,3875,24.3,6.8,146,739,893,1087,1508,1752,2245,1995,5720,447
1773906957,3,328750.4,314272.8,83178.2,81399.0,32684.7,33422.7,43536.2,73213.2,103149.9,2793.1,27.8,5.2,4135,24.3,6.8,146,739,893,1088,1508,1751,2244,1995,5717,447
1773907257,3,328082.3,313584.7,82590.8,80890.1,32564.2,33149.3,43338.1,72737.1,103093.0,2957.2,27.8,5.2,4384,24.3,6.9,146,739,893,1087,1508,1751,2244,1996,5720,447
1773907557,3,325059.2,310587.8,82202.3,80464.6,32428.2,33130.6,43098.0,72392.7,103041.1,3083.6,27.8,5.2,4572,24.3,6.8,146,739,893,1088,1510,1753,2246,1997,5724,448
1773907857,3,322874.2,308850.2,81748.7,79926.2,32293.4,32969.9,42865.3,72010.4,102991.4,3235.7,27.8,5.2,4791,24.3,6.9,146,739,893,1087,1508,1752,2244,1996,5720,447
1773908159,3,320779.2,305971.5,81058.6,79295.5,32118.0,32802.1,42710.5,71710.3,102945.6,3395.9,27.8,5.2,4882,24.3,6.9,146,739,892,1087,1509,1752,2244,1996,5721,447
1773908459,3,318133.8,304395.3,80671.4,78882.9,32049.5,32713.1,42599.4,71146.9,102899.4,3534.8,27.8,5.2,5159,24.3,6.9,146,739,893,1087,1508,1751,2244,1995,5718,447
1773908759,3,316723.7,302387.2,80086.6,78354.7,31844.5,32527.2,42257.8,70734.1,102856.4,3666.1,27.8,5.2,5395,24.3,6.9,146,739,893,1087,1508,1751,2245,1995,5720,447
1773909057,3,314074.3,299875.7,79730.5,78079.1,31760.0,32416.9,42024.2,70552.7,102816.1,3828.6,27.8,5.2,5597,24.3,6.9,146,739,893,1087,1508,1751,2245,1996,5719,448
1773909657,3,472738.5,451209.1,109699.6,107283.8,39852.9,41216.5,52494.5,87584.9,104510.7,652.5,27.7,4.8,1199,24.2,6.4,146,738,892,1087,1508,1751,2243,1995,5717,447
1773909959,3,437042.2,418295.8,104071.9,102038.5,38332.3,39555.9,50880.8,85193.6,104400.5,795.4,27.7,4.9,1379,24.2,6.5,146,739,892,1087,1508,1751,2245,1996,5719,448
1773910257,3,417484.8,398700.0,100701.4,98798.0,37248.0,38389.5,49750.6,83648.2,104293.3,909.2,27.8,5.0,1563,24.2,6.5,146,738,892,1087,1508,1751,2243,1995,5717,447
1773910557,3,401699.3,381330.6,98191.3,96360.6,36469.7,37502.1,48712.7,82018.4,104190.3,1058.0,27.8,5.0,1698,24.2,6.6,146,738,892,1086,1508,1751,2243,1995,5717,447
1773910859,3,386521.8,366493.0,95756.6,93232.6,35852.5,36781.1,47837.9,80594.5,104089.9,1197.7,27.8,5.0,1936,24.2,6.6,146,738,892,1086,1507,1750,2242,1995,5717,447
1773911159,3,376825.8,357282.7,93899.5,90867.2,35287.1,36159.4,47225.6,79498.9,103992.0,1345.6,27.8,5.0,2108,24.2,6.7,146,738,892,1086,1507,1750,2242,1994,5716,447
1773911457,3,367852.3,347107.3,90934.3,89060.3,34782.9,35712.1,46625.9,79001.0,103898.5,1459.9,27.8,5.1,2285,24.2,6.7,146,738,892,1086,1507,1750,2243,1995,5718,447
1773911757,3,358752.9,341614.9,89513.4,87757.1,34401.5,35177.4,46167.4,78108.8,103809.3,1589.5,27.8,5.1,2457,24.3,6.7,146,738,892,1086,1507,1750,2243,1995,5717,447
1773912059,3,352926.6,336919.8,88593.4,86766.3,34181.7,34961.3,45823.4,77729.3,103724.2,1736.4,27.8,5.1,2719,24.2,6.7,146,738,892,1086,1507,1750,2243,1995,5717,447
1773912357,3,350023.6,334132.5,87694.3,85893.1,33873.5,34713.7,45594.8,77058.9,103643.3,1865.2,27.8,5.1,2881,24.2,6.7,146,737,891,1086,1507,1750,2243,1994,5717,447
1773912657,3,347157.7,331497.7,87001.0,85084.7,33700.1,34478.4,45349.1,76599.4,103565.5,2002.7,27.8,5.1,3021,24.2,6.8,146,737,891,1086,1507,1750,2243,1994,5716,447
1773912959,3,344138.9,328700.0,86295.9,84496.4,33538.2,34298.7,45177.5,76436.5,103490.9,2148.7,27.8,5.1,3314,24.2,6.8,146,738,892,1086,1506,1750,2242,1994,5716,447
1773913259,3,341317.1,326618.1,85662.6,83905.3,33384.9,34143.0,44929.9,75693.3,103417.2,2283.5,27.8,5.1,3381,24.2,6.8,146,737,892,1086,1507,1750,2243,1995,5717,447
1773913557,3,339719.0,324748.5,84971.4,83205.5,33250.5,33998.8,44803.3,75211.9,103349.5,2440.2,27.7,5.1,3613,24.2,6.8,146,738,891,1086,1506,1750,2242,1995,5716,447
1773913859,3,337425.0,321673.4,84609.6,82832.2,33036.1,33771.9,44486.2,75139.1,103284.1,2555.1,27.7,5.1,3838,24.2,6.8,146,738,891,1086,1507,1750,2242,1995,5717,447
1773914159,3,335558.5,320708.1,84130.9,82259.3,32950.1,33747.8,44462.6,74669.1,103223.3,2682.4,27.8,5.1,4065,24.2,6.8,146,738,892,1086,1507,1750,2243,1995,5719,447
1773914457,3,332930.5,317808.2,83519.7,81788.8,32838.5,33527.3,44133.1,74098.0,103163.6,2825.5,27.8,5.1,4210,24.2,6.8,146,738,892,1086,1507,1750,2242,1994,5717,447
1773914757,3,331352.1,316717.2,83104.5,81319.5,32682.1,33441.5,43954.6,73785.3,103109.6,2996.6,27.8,5.1,4405,24.2,6.8,146,738,892,1086,1507,1750,2243,1995,5718,447
1773915059,3,329287.5,314684.3,82784.9,80996.5,32564.8,33264.1,43785.3,73519.4,103056.6,3116.5,27.8,5.1,4660,24.2,6.9,146,738,892,1086,1506,1750,2242,1995,5715,447
1773915357,3,326497.0,311747.9,82158.9,80397.4,32424.3,33137.3,43506.0,73245.2,103005.5,3232.2,27.7,5.2,4855,24.2,6.8,146,738,892,1087,1507,1750,2244,1995,5719,447
1773915657,3,324957.8,309914.8,81712.2,79980.0,32313.2,32962.7,43314.3,72630.3,102957.3,3379.3,27.7,5.2,5024,24.2,6.8,146,738,892,1087,1507,1751,2243,1995,5719,447
1773915959,3,322507.4,307877.8,81254.7,79441.7,32207.1,32893.3,43017.1,72119.9,102911.4,3558.8,27.7,5.1,5232,24.2,6.9,146,738,892,1086,1507,1751,2244,1995,5719,447
1773916257,3,320284.8,305730.3,80753.1,79064.8,32026.6,32764.1,42883.6,71886.2,102868.3,3685.8,27.7,5.2,5419,24.2,6.9,146,738,892,1087,1507,1751,2243,1995,5719,447
1773916859,3,482721.0,460554.4,110980.5,108408.0,40132.7,41482.6,53067.2,88662.6,104569.3,626.7,27.6,4.8,1160,24.1,6.3,146,739,892,1087,1508,1751,2244,1995,5719,447
1773917157,3,447055.8,426807.8,105387.5,103027.3,38501.2,39752.9,51657.6,86574.8,104454.9,732.5,27.7,4.9,1315,24.1,6.4,146,739,892,1087,1507,1751,2244,1995,5720,447
1773917457,3,425924.8,406829.9,101902.8,99858.3,37521.1,38663.2,50684.9,84937.1,104341.8,889.0,27.7,4.9,1498,24.2,6.5,146,739,892,1087,1508,1751,2244,1995,5720,447
1773917759,3,410201.3,390597.4,99270.7,97221.1,36785.9,37842.2,49707.3,83181.4,104233.7,999.2,27.7,5.0,1641,24.2,6.6,146,739,892,1087,1507,1750,2243,1995,5719,447
1773918057,3,395591.6,376452.6,97122.3,94965.5,36000.9,37047.4,48723.1,82006.1,104128.8,1110.9,27.7,5.0,1847,24.2,6.6,146,739,893,1087,1507,1751,2243,1995,5719,448
1773918359,3,384242.5,364434.1,94919.7,91875.5,35499.9,36467.4,48089.4,81017.6,104028.0,1266.0,27.7,5.0,2027,24.2,6.6,146,739,892,1087,1508,1751,2244,1996,5719,447
1773918659,3,375935.9,355875.4,92893.2,90033.2,35086.7,35956.5,47331.4,79975.9,103930.4,1385.0,27.7,5.0,2210,24.2,6.6,146,739,893,1087,1508,1750,2243,1995,5718,447
1773918957,3,366219.5,346402.5,90420.9,88732.6,34671.0,35520.7,46961.6,79338.5,103836.3,1530.0,27.7,5.0,2381,24.2,6.7,146,738,892,1087,1508,1751,2243,1996,5719,447
1773919257,3,361463.8,342628.3,89399.0,87617.9,34373.3,35167.4,46564.0,78721.2,103745.5,1668.3,27.7,5.0,2521,24.2,6.7,146,739,892,1087,1508,1751,2245,1995,5721,447
1773919559,3,358778.2,340229.8,88669.4,86719.3,34126.7,34942.0,46207.2,78345.0,103660.2,1818.3,27.7,5.0,2790,24.2,6.7,146,739,893,1088,1508,1751,2245,1996,5720,447
1773919859,3,355992.3,338256.3,88134.1,86147.8,33964.6,34763.4,45977.2,77942.2,103578.0,1943.8,27.7,5.0,2902,24.2,6.7,146,739,892,1087,1508,1752,2245,1996,5721,447
1773920157,3,352880.5,335201.6,87264.4,85413.5,33727.7,34558.4,45834.1,77574.7,103501.4,2081.9,27.7,5.0,3140,24.2,6.7,146,739,892,1087,1508,1751,2244,1995,5719,447
1773920457,3,349501.4,332644.8,86978.0,84968.7,33618.2,34439.3,45694.3,77153.7,103427.6,2222.2,27.7,5.1,3315,24.2,6.7,146,740,893,1088,1509,1752,2245,1996,5722,447
1773920759,3,345538.5,331149.0,86170.5,84428.6,33465.1,34216.4,45506.7,76808.6,103358.0,2354.2,27.7,5.1,3577,24.2,6.7,146,740,893,1088,1509,1752,2246,1997,5724,448
1773921059,3,344081.5,327419.0,85529.1,83889.6,33322.9,34189.4,45351.3,76488.6,103291.5,2496.5,27.7,5.1,3666,24.2,6.8,146,740,893,1087,1509,1752,2245,1996,5722,448
1773921357,3,342379.5,326827.7,85255.6,83334.7,33191.1,33991.2,45184.4,76285.3,103228.2,2653.9,27.7,5.1,3941,24.2,6.8,146,740,893,1088,1508,1751,2244,1996,5722,447
1773921657,3,341045.8,325522.3,84791.1,82934.7,33116.9,33874.6,44971.5,75766.3,103167.9,2753.8,27.7,5.1,4035,24.2,6.8,146,740,893,1088,1509,1752,2244,1997,5722,448
1773921959,3,339116.9,323485.8,84156.8,82369.4,32977.2,33703.8,44788.4,75326.2,103111.6,2889.0,27.7,5.1,4303,24.2,6.8,147,740,893,1088,1509,1752,2245,1997,5723,448
1773922259,3,336982.9,321347.4,83748.2,81847.4,32834.7,33626.6,44442.6,74884.0,103057.4,3023.8,27.7,5.1,4436,24.2,6.8,146,739,893,1087,1508,1751,2245,1997,5721,448
1773922557,3,334508.5,319310.2,83121.6,81227.0,32644.0,33384.8,44243.2,74528.0,103005.2,3146.5,27.7,5.1,4695,24.2,6.8,146,739,893,1088,1508,1751,2244,1996,5720,448
1773922857,3,333162.3,317593.1,82876.8,80975.5,32565.5,33281.3,44140.1,73975.3,102956.2,3289.5,27.7,5.1,4825,24.2,6.8,146,739,893,1087,1508,1751,2243,1996,5720,447
1773923159,3,330561.2,315274.1,82276.8,80375.6,32381.6,33107.1,43850.4,73584.6,102910.4,3410.4,27.7,5.1,5059,24.2,6.8,146,739,892,1087,1508,1751,2244,1996,5720,447
1773923457,3,326816.9,311787.7,81481.8,79819.7,32302.3,32992.1,43621.3,73131.0,100712.4,3575.8,27.7,5.1,5251,24.2,6.8,146,738,892,1087,1507,1750,2244,1996,5719,447
1773924059,3,486665.9,463195.8,111456.8,108891.2,40162.1,41609.6,53633.3,89870.5,97670.0,623.8,27.6,4.7,1127,24.1,6.3,146,738,892,1086,1507,1750,2243,1995,5717,447
1773924357,3,450556.0,429979.1,105626.7,103478.7,38647.9,39940.4,52359.2,87643.4,97583.0,729.4,27.6,4.8,1278,24.1,6.4,146,738,892,1087,1507,1750,2243,1995,5717,447
1773924659,3,430919.1,411781.6,102694.7,100640.5,37730.7,38868.8,51299.1,86084.1,97496.7,840.9,27.7,4.9,1495,24.1,6.5,146,738,892,1086,1507,1750,2243,1995,5716,447
1773924959,3,415282.2,396665.7,100017.5,97963.2,36960.5,38095.9,50162.2,84462.8,97414.6,955.2,27.7,4.9,1605,24.2,6.5,146,738,892,1086,1507,1750,2243,1996,5717,447
1773925257,3,402110.1,380619.7,97862.3,95985.9,36289.7,37396.9,49317.2,83280.0,97334.8,1079.9,27.7,4.9,1759,24.2,6.5,146,738,892,1086,1507,1750,2243,1996,5717,447
1773925557,3,391485.7,372676.9,96059.1,93360.9,35757.8,36761.4,48673.8,82358.6,97259.1,1240.8,27.7,4.9,1993,24.2,6.6,146,738,892,1086,1506,1750,2243,1995,5716,447
1773925859,3,382362.8,361270.5,93821.9,91269.1,35286.5,36219.4,48073.1,81137.4,97187.0,1350.5,27.7,4.9,2155,24.2,6.6,146,738,892,1086,1506,1749,2243,1995,5715,447
1773926157,3,375264.0,352472.2,91953.6,89449.0,34810.9,35766.4,47533.4,80283.2,97116.4,1500.1,27.7,4.9,2364,24.2,6.6,146,738,892,1087,1507,1750,2243,1995,5716,447
1773926457,3,367070.5,347270.5,90129.9,88257.4,34511.3,35383.2,47071.9,79871.5,97049.6,1607.1,27.7,5.0,2532,24.2,6.7,146,738,892,1087,1507,1750,2243,1995,5718,447
1773926759,3,363602.4,343404.3,88980.8,87265.9,34288.2,35128.0,46830.4,79338.8,96985.0,1742.5,27.7,5.0,2687,24.2,6.7,146,738,892,1086,1508,1750,2243,1996,5719,447
1773927057,3,357958.3,339441.1,88339.7,86501.6,34123.6,34920.8,46712.9,79090.9,96924.1,1863.2,27.7,5.0,2910,24.2,6.7,146,738,892,1087,1507,1750,2243,1995,5718,447
1773927357,3,357097.2,339121.8,87971.6,86139.7,33922.6,34840.0,46446.5,78693.2,96866.4,2012.7,27.7,5.0,3051,24.2,6.7,146,738,892,1086,1507,1750,2243,1995,5717,447
1773927657,3,353136.6,335087.2,87217.0,85492.8,33819.6,34720.8,46236.4,78456.9,96810.4,2126.9,27.7,5.0,3218,24.2,6.7,146,738,892,1087,1507,1750,2243,1995,5717,447
1773927959,3,351714.8,334750.7,86838.5,84890.8,33681.5,34502.1,46182.1,77925.1,96759.2,2259.5,27.7,5.0,3452,24.2,6.7,146,738,892,1086,1507,1751,2244,1996,5719,447
1773928259,3,350646.0,333506.3,86206.7,84442.6,33497.7,34336.8,45868.8,77537.4,94722.6,2399.1,27.7,5.0,3547,24.2,6.7,146,737,891,1086,1506,1749,2243,1995,5716,447
1773928557,3,346629.8,330610.9,85750.6,83895.7,33369.7,34222.1,45651.3,77201.6,88721.7,2540.9,27.7,5.0,3766,24.2,6.7,146,738,891,1086,1506,1750,2243,1995,5716,447
1773928859,3,344150.5,328986.6,85236.5,83353.9,33225.9,33983.1,45443.9,76725.0,88688.9,2671.1,27.7,5.0,3962,24.2,6.7,146,738,892,1086,1506,1749,2242,1995,5715,447
1773929159,3,342151.0,326017.9,84632.3,82837.6,33089.0,33916.4,45218.3,76287.4,88657.8,2796.8,27.7,5.0,4138,24.2,6.7,146,738,892,1086,1506,1749,2243,1994,5714,447
1773929457,3,340941.5,324614.6,84133.2,82353.5,32909.8,33701.9,44993.3,75851.1,88628.1,2931.3,27.7,5.0,4358,24.2,6.8,146,738,892,1086,1506,1750,2243,1995,5716,447
1773929757,3,336739.2,321179.0,83576.0,81685.6,32710.6,33524.4,44755.0,75486.9,88599.2,3087.0,27.7,5.0,4510,24.2,6.8,146,738,891,1086,1506,1749,2243,1995,5716,447
1773930059,3,336084.0,319756.9,83227.3,81298.6,32667.0,33393.7,44455.7,74927.3,88570.8,3202.4,27.7,5.0,4749,24.2,6.8,146,738,892,1086,1507,1750,2243,1995,5718,447
1773930357,3,333457.7,317248.9,82630.5,80651.9,32547.0,33240.2,44301.5,74494.6,88543.4,3354.4,27.7,5.0,4936,24.2,6.8,146,737,892,1086,1507,1750,2243,1995,5717,447
1773930657,3,331549.7,315383.5,82129.6,80241.1,32350.9,33113.6,44132.6,74381.6,88518.9,3445.3,27.8,5.0,5019,24.2,6.8,146,737,891,1086,1506,1749,2243,1995,5716,447
1773931259,3,490464.8,466957.6,111833.0,109221.0,40170.2,41751.2,54187.7,90464.6,89508.6,590.9,27.6,4.7,1109,24.1,6.3,146,737,891,1085,1505,1749,2241,1994,5714,447
1773931557,3,455232.0,434518.0,106223.6,104042.9,38686.3,40068.2,52634.0,88317.5,89442.1,681.9,27.7,4.8,1259,24.1,6.4,146,737,891,1085,1505,1748,2241,1994,5713,447
1773931859,3,436029.8,415539.9,103046.8,100887.9,37783.4,39054.0,51553.1,86640.0,89377.5,802.7,27.7,4.8,1363,24.2,6.4,146,738,892,1086,1506,1749,2242,1994,5714,447
1773932159,3,417885.2,398834.9,100318.7,98253.5,37063.5,38259.5,50644.1,85538.6,89314.5,915.1,27.7,4.8,1589,24.2,6.5,146,738,892,1086,1506,1749,2243,1995,5715,447
1773932457,3,406945.9,386558.8,98358.2,96245.4,36385.8,37533.0,49606.6,84000.9,89253.3,1057.4,27.7,4.9,1753,24.2,6.5,146,738,892,1086,1506,1749,2242,1994,5714,447
1773932757,3,395901.4,375541.7,96401.0,93679.6,35850.6,36920.6,49096.6,82923.0,89195.5,1160.9,27.7,4.9,1930,24.2,6.6,146,738,892,1086,1506,1749,2242,1994,5715,447
1773933059,3,383977.1,363318.3,93592.6,91251.3,35361.1,36402.2,48351.2,82265.1,89140.2,1302.4,27.7,4.9,2078,24.2,6.6,146,738,892,1086,1507,1750,2243,1995,5717,447
1773933357,3,376842.0,355322.9,92161.6,89710.3,34990.4,35939.6,47978.7,81160.0,89087.0,1415.6,27.7,4.9,2237,24.2,6.6,146,738,892,1086,1507,1750,2243,1995,5717,447
1773933657,3,369669.3,347579.7,90415.8,88655.1,34731.6,35648.0,47638.5,80779.1,89036.6,1554.3,27.7,4.9,2381,24.2,6.6,146,737,891,1085,1506,1748,2241,1994,5713,447
1773933959,3,366087.4,344993.5,89617.5,87748.1,34427.5,35387.2,47397.5,80022.9,88988.1,1654.2,27.7,5.0,2608,24.2,6.6,146,737,891,1085,1505,1749,2242,1994,5714,447
1773934257,3,364249.6,344065.2,88988.9,87105.7,34223.1,35134.3,47135.6,79741.4,88942.1,1785.3,27.7,4.9,2773,24.2,6.7,146,737,891,1086,1505,1749,2241,1995,5713,447
1773934557,3,360311.3,341244.4,88217.9,86410.2,34051.5,34980.7,46819.8,79513.9,88897.9,1932.8,27.7,5.0,2906,24.2,6.7,146,737,891,1085,1506,1749,2242,1994,5714,447
1773934859,3,357296.0,338252.7,87681.3,85944.5,33882.4,34775.8,46721.1,79360.0,88856.2,2056.2,27.7,4.9,3149,24.2,6.7,146,737,891,1085,1505,1749,2241,1995,5714,447
1773935159,3,356372.5,338409.3,87355.6,85428.1,33797.9,34655.0,46581.1,78860.3,88816.0,2168.2,27.7,4.9,3264,24.2,6.7,146,738,891,1086,1506,1749,2242,1995,5716,447
1773935457,3,355366.6,336698.5,87001.9,85074.4,33714.7,34513.6,46365.5,78723.5,88778.0,2301.4,27.7,4.9,3442,24.2,6.7,146,737,891,1085,1499,1744,2235,1992,5715,447
1773935757,3,350621.4,334119.3,86470.4,84530.8,33566.6,34411.1,46153.3,78063.8,88742.9,2423.2,27.7,5.0,3588,24.2,6.7,146,738,891,1085,1506,1749,2242,1994,5716,447
1773936059,3,347172.8,330990.0,85871.9,83923.7,33409.3,34282.6,46002.1,77641.9,88709.3,2565.2,27.7,5.0,3860,24.2,6.7,146,737,891,1085,1506,1749,2241,1994,5714,447
1773936359,3,345496.6,329508.7,85243.4,83398.8,33268.2,34082.6,45782.6,77412.2,88677.5,2713.0,27.7,5.0,4053,24.2,6.7,146,737,891,1085,1505,1749,2242,1994,5714,447
1773936657,3,343304.7,327606.2,84872.2,83018.4,33188.0,33983.8,45519.2,77028.2,88647.2,2851.1,27.7,5.0,4236,24.2,6.7,146,737,891,1085,1506,1749,2242,1995,5715,447
1773936957,3,339787.3,323706.9,84134.2,82270.8,32986.5,33810.1,45316.3,76579.0,88617.9,2966.6,27.7,5.0,4348,24.2,6.8,146,737,891,1085,1506,1749,2242,1995,5717,447
1773937259,3,338422.9,322020.2,83951.8,82160.1,32950.7,33735.1,45070.5,76214.6,88591.2,3117.0,27.7,5.0,4628,24.2,6.8,146,738,891,1086,1506,1749,2243,1996,5716,447
1773937559,3,336451.7,320506.3,83446.0,81615.9,32687.1,33453.7,44921.5,75654.1,88565.1,3236.5,27.7,5.0,4768,24.2,6.7,146,738,892,1086,1506,1750,2242,1995,5716,447
1773937857,3,335169.4,319488.9,82997.8,81171.3,32525.2,33294.6,44555.8,75227.9,88540.0,3375.0,27.7,5.0,4958,24.2,6.8,146,738,892,1086,1507,1750,2244,1996,5718,447
1773938459,3,492447.7,468483.5,111988.7,109566.2,40236.2,41719.5,54507.4,91225.7,89561.6,589.5,27.6,4.6,1090,24.1,6.2,146,737,891,1085,1506,1749,2242,1994,5714,447
1773938757,3,455864.6,434628.5,106497.1,104175.4,38683.9,40216.1,53109.1,89126.6,89494.2,709.3,27.7,4.7,1236,24.1,6.4,146,737,891,1085,1505,1749,2241,1994,5713,447
1773939057,3,435946.5,415905.2,103235.3,100973.5,37775.0,39149.8,51995.2,87482.2,89428.6,801.7,27.7,4.8,1398,24.2,6.4,146,737,891,1085,1506,1749,2241,1994,5714,447
1773939359,3,420565.5,401020.2,100694.4,98646.5,37029.4,38275.6,51235.1,85933.8,89365.2,921.5,27.7,4.8,1555,24.2,6.5,146,737,891,1085,1506,1748,2242,1994,5713,447
1773939657,3,408793.3,389086.1,98318.5,96377.4,36393.6,37531.3,50258.9,84617.8,89304.3,1035.1,27.7,4.8,1722,24.2,6.5,146,737,892,1086,1506,1748,2241,1994,5714,447
1773939957,3,397382.5,376531.9,96480.6,93747.4,35908.5,36991.3,49644.2,83822.8,89246.3,1185.1,27.7,4.8,1850,24.2,6.6,146,737,891,1085,1506,1749,2241,1994,5714,447
1773940259,3,388461.3,368844.1,94931.3,92091.9,35536.7,36574.5,48956.0,82811.2,89190.5,1291.4,27.7,4.9,2075,24.2,6.6,146,738,891,1085,1506,1749,2241,1994,5714,447
1773940559,3,383098.2,360761.5,92974.0,90536.8,35168.6,36089.2,48592.1,82617.7,89136.8,1423.8,27.7,4.9,2177,24.2,6.6,146,737,891,1085,1506,1749,2242,1995,5715,447
1773940857,3,377187.5,355130.0,91736.9,89170.6,34824.2,35799.9,48248.6,81888.2,89085.6,1538.4,27.7,4.9,2357,24.2,6.6,146,738,891,1085,1506,1749,2242,1995,5714,447
1773941159,3,372941.5,351037.4,90247.9,88352.1,34672.9,35523.4,47908.5,81390.1,89036.6,1645.7,27.7,4.9,2532,24.2,6.6,146,738,892,1085,1506,1749,2243,1995,5715,447
1773941459,3,367192.0,346636.9,89646.4,87813.7,34408.0,35404.9,47753.0,80770.2,88990.4,1780.6,27.7,4.9,2717,24.2,6.6,146,738,891,1086,1506,1749,2242,1995,5715,447
1773941757,3,366465.4,345003.3,89122.3,87095.1,34208.0,35189.1,47430.2,80441.4,88946.2,1895.6,27.7,4.9,2902,24.2,6.6,146,738,892,1086,1506,1749,2242,1995,5717,447
1773942057,3,363638.4,343220.0,88609.2,86615.9,34157.1,35053.4,47391.8,80192.6,88904.2,2021.8,27.7,4.9,3076,24.2,6.7,146,737,891,1085,1506,1749,2243,1995,5717,447
1773942359,3,359790.7,340823.0,87779.2,85930.8,33899.1,34882.3,47125.2,79894.6,88862.8,2170.6,27.7,4.9,3249,24.2,6.7,146,738,892,1086,1506,1750,2243,1995,5718,447
1773942657,3,358821.2,339746.6,87440.7,85358.9,33826.6,34705.9,46866.6,79523.1,88824.5,2274.0,27.7,4.9,3410,24.2,6.7,146,737,892,1085,1506,1749,2242,1995,5716,447
1773942959,3,355788.7,336670.0,86760.7,84838.3,33602.7,34477.5,46776.0,78974.1,88787.9,2419.1,27.7,4.9,3598,24.2,6.7,146,737,891,1085,1506,1748,2241,1995,5715,447
1773943259,3,352885.8,335081.4,86343.1,84522.0,33544.2,34397.9,46432.3,78755.3,88753.3,2528.0,27.7,4.9,3736,24.2,6.7,146,738,891,1086,1506,1749,2242,1995,5716,447
1773943557,3,351000.6,334178.1,86017.5,84099.4,33390.8,34271.2,46240.7,78391.4,88719.9,2656.6,27.7,4.9,3929,24.2,6.7,146,737,892,1086,1506,1749,2243,1995,5718,448
1773943859,3,347469.2,330746.3,85474.4,83558.5,33259.1,34142.7,45923.1,78104.5,88687.9,2791.4,27.7,4.9,4145,24.2,6.7,146,737,891,1085,1506,1749,2242,1995,5715,447
1773944159,3,344359.8,328805.2,84873.7,82918.3,33089.3,33884.9,45832.3,77783.2,88657.9,2882.6,27.7,5.0,4243,24.2,6.7,146,737,891,1085,1506,1749,2242,1996,5717,447
1773944457,3,342748.4,326097.5,84477.2,82546.4,32964.1,33762.4,45736.5,77192.7,88628.8,3034.1,27.7,4.9,4428,24.2,6.7,146,737,891,1085,1505,1748,2242,1994,5714,447
1773944759,3,342138.4,325893.2,84141.3,82235.3,32879.0,33686.2,45521.1,76422.9,88601.9,3164.8,27.7,4.9,4664,24.2,6.7,146,738,891,1085,1506,1749,2242,1996,5716,447
1773945057,3,338866.1,322066.9,83620.9,81636.9,32774.4,33477.0,45284.2,76551.8,88575.5,3265.1,27.7,4.9,4843,24.2,6.7,146,737,891,1085,1506,1749,2242,1995,5715,447
1773945659,3,499522.8,474877.1,113025.5,110295.0,40430.1,41937.4,55027.6,92293.0,89556.3,561.9,27.6,4.6,1060,24.1,6.2,146,737,891,1085,1506,1748,2242,1994,5713,447
1773945957,3,462572.1,440668.9,107171.2,104848.7,38897.2,40426.9,53519.3,90396.8,89490.2,684.0,27.7,4.7,1185,24.1,6.3,146,737,891,1085,1505,1749,2242,1995,5714,447
1773946259,3,444327.2,422280.3,104010.8,101843.0,37991.3,39436.4,52552.5,88407.3,89424.4,779.3,27.7,4.7,1349,24.2,6.4,146,737,891,1086,1505,1749,2242,1994,5714,447
1773946559,3,427705.8,408003.9,101310.1,99403.6,37265.0,38670.6,51691.5,87005.0,89361.4,889.1,27.7,4.8,1491,24.2,6.5,146,737,891,1085,1506,1749,2242,1995,5715,447
1773946857,3,415586.2,396313.2,99277.6,97388.0,36681.2,37888.0,50812.6,85678.6,89302.0,1012.1,27.7,4.8,1664,24.2,6.5,146,737,891,1086,1506,1749,2243,1995,5716,447
1773947159,3,404082.4,383906.8,97524.2,95379.0,36179.8,37310.7,50036.8,84621.4,89243.9,1145.1,27.7,4.8,1864,24.2,6.5,146,737,891,1085,1505,1748,2241,1994,5712,447
1773947457,3,394700.4,374006.8,95903.4,93073.8,35713.0,36778.0,49633.2,83867.2,89188.6,1277.5,27.7,4.8,1981,24.2,6.5,146,737,891,1085,1505,1748,2241,1994,5713,447
1773947757,3,387870.2,368091.0,94079.3,91704.2,35339.1,36446.7,49143.8,83363.6,89136.2,1367.9,27.7,4.8,2150,24.2,6.6,146,737,891,1085,1506,1749,2241,1995,5716,447
1773948059,3,384470.6,362130.3,92815.9,90581.8,35084.2,36101.5,48802.1,82872.5,89085.3,1508.6,27.7,4.8,2357,24.2,6.6,146,737,891,1085,1505,1748,2241,1995,5713,447
1773948357,3,380745.5,357542.8,91919.2,89571.2,34816.9,35838.3,48552.7,82561.8,89037.4,1617.1,27.7,4.9,2526,24.2,6.6,146,737,891,1085,1505,1749,2242,1995,5715,447
1773948657,3,378325.6,353323.7,90898.6,88384.0,34636.6,35530.9,48217.3,81917.5,88991.3,1740.8,27.7,4.9,2605,24.2,6.6,146,737,891,1085,1506,1748,2242,1995,5715,447
1773948959,3,373000.0,351452.0,90483.5,87922.1,34426.1,35417.0,48069.1,81654.9,88947.9,1871.3,27.7,4.8,2860,24.2,6.6,146,737,891,1085,1505,1749,2242,1995,5714,447
1773949259,3,371985.0,348555.0,89255.1,87289.5,34259.1,35228.1,47833.1,81233.9,88905.6,1979.5,27.7,4.9,2977,24.2,6.6,146,737,891,1085,1506,1748,2241,1994,5714,447
1773949557,3,367782.4,345792.6,88563.6,86650.3,34135.0,35165.4,47696.2,80841.9,88865.4,2115.0,27.7,4.9,3185,24.2,6.6,146,737,891,1085,1506,1749,2242,1995,5716,447
1773949857,3,366818.0,344548.8,88189.1,86153.2,34027.5,34972.3,47531.8,80495.8,88826.8,2223.8,27.7,4.9,3296,24.2,6.6,146,737,891,1085,1506,1748,2242,1994,5715,447
1773950159,3,361035.3,341746.4,87778.0,85816.8,33886.1,34858.8,47421.0,80191.8,88790.5,2352.8,27.7,4.9,3532,24.2,6.6,146,737,891,1085,1506,1748,2242,1995,5715,447
1773950459,3,360943.0,340414.9,87213.8,85344.1,33778.0,34672.6,47102.7,79880.4,88756.9,2508.2,27.7,4.9,3690,24.2,6.7,146,737,891,1085,1506,1748,2242,1995,5716,447
1773950757,3,357063.8,337706.0,86642.4,84786.4,33616.2,34527.9,46950.1,79309.4,88723.7,2593.0,27.7,4.9,3853,24.2,6.7,146,737,891,1085,1505,1749,2242,1995,5714,447
1773951057,3,353658.3,335561.8,86213.4,84170.3,33509.3,34390.8,46610.1,79070.0,88692.2,2716.1,27.7,4.9,3997,24.2,6.7,146,737,890,1085,1505,1748,2242,1994,5713,447
1773951359,3,351092.5,333228.0,85716.5,83665.0,33293.5,34224.5,46616.1,78620.7,88661.6,2854.8,27.7,4.9,4202,24.2,6.7,146,737,891,1085,1505,1749,2242,1995,5715,447
1773951657,3,348322.9,331541.5,85219.6,83242.3,33183.4,34067.4,46285.3,78560.6,88631.7,2986.7,27.7,4.9,4389,24.2,6.7,146,737,891,1086,1506,1749,2242,1995,5716,447
1773951957,3,346585.0,330163.8,84861.4,82901.4,33064.2,33974.4,46183.8,78011.9,88604.4,3099.1,27.7,4.9,4498,24.2,6.7,146,737,891,1085,1505,1749,2242,1995,5716,447
1773952259,3,343948.4,326968.1,84417.1,82484.8,33017.7,33829.0,45857.8,77501.4,88577.7,3227.0,27.7,4.9,4742,24.2,6.7,146,737,891,1085,1505,1749,2242,1994,5715,447
1773952857,3,505134.3,479954.9,113650.3,110868.7,40596.2,42151.9,55483.5,92991.4,89466.9,566.2,27.6,4.6,1041,24.1,6.2,146,737,891,1085,1505,1748,2241,1994,5713,447
1773953157,3,469625.5,446290.5,108029.7,105517.0,39138.1,40629.4,54132.5,90996.7,89404.4,659.6,27.6,4.6,1203,24.1,6.3,146,737,891,1085,1506,1749,2242,1995,5715,447
1773953459,3,449566.5,427442.9,104758.9,102536.0,38124.6,39608.8,53076.1,89237.1,89343.0,788.2,27.7,4.7,1321,24.1,6.4,146,737,890,1085,1505,1748,2241,1994,5713,447
1773953757,3,433457.5,412828.4,102240.3,100142.8,37503.1,38893.1,52215.7,87693.2,89282.5,905.7,27.7,4.7,1484,24.1,6.5,146,736,890,1085,1505,1748,2241,1994,5713,447
1773954057,3,422789.3,401860.3,100179.2,98207.1,36910.1,38168.0,51457.6,86795.5,89224.9,983.9,27.7,4.7,1592,24.2,6.5,146,736,890,1085,1505,1748,2242,1995,5714,447
1773954359,3,412469.5,392133.2,98473.8,96613.3,36409.0,37684.8,50785.0,85820.1,89169.4,1108.3,27.7,4.8,1785,24.2,6.5,146,736,891,1085,1505,1748,2242,1995,5714,447
1773954659,3,404690.9,383101.8,97129.4,94512.2,35976.3,37215.7,50098.9,85178.1,89115.9,1208.0,27.7,4.8,1963,24.2,6.5,146,737,890,1085,1505,1748,2241,1994,5714,447
1773954957,3,399898.2,378845.8,95940.0,92917.7,35680.5,36851.0,49753.3,84826.7,89064.3,1345.1,27.7,4.8,2094,24.2,6.6,146,736,890,1085,1505,1748,2242,1995,5714,447
1773955257,3,395436.1,372588.1,94560.1,91981.9,35408.9,36540.8,49497.3,84007.7,89014.9,1485.5,27.7,4.8,2218,24.2,6.5,146,736,890,1085,1505,1748,2242,1995,5714,447
1773955559,3,389441.9,368103.8,93039.6,91029.0,35159.8,36163.3,49057.9,83560.5,88969.3,1577.6,27.7,4.8,2413,24.2,6.6,146,736,891,1085,1505,1749,2241,1995,5715,447
1773955859,3,387725.5,364006.0,92713.1,90308.2,35004.2,35988.9,48974.9,83145.5,88925.0,1692.4,27.7,4.8,2580,24.2,6.6,146,737,891,1085,1505,1749,2242,1995,5715,447
1773956157,3,383269.2,359337.4,91526.0,89355.6,34741.6,35763.5,48673.4,82837.3,88882.1,1818.3,27.7,4.8,2735,24.2,6.6,146,737,891,1085,1506,1748,2242,1995,5716,447
1773956457,3,379752.0,355635.5,90987.8,88614.6,34581.8,35713.0,48510.3,82511.0,88841.8,1937.4,27.7,4.8,2897,24.2,6.6,146,736,891,1085,1505,1748,2242,1994,5713,447
1773956759,3,377387.6,353687.0,90563.4,87804.5,34485.9,35462.5,48371.6,82207.7,88804.2,2060.3,27.7,4.9,3097,24.2,6.6,146,736,891,1085,1505,1748,2241,1993,5713,447
1773957059,3,374340.7,351740.1,89421.1,87055.6,34185.2,35253.6,48098.9,81891.6,88767.6,2168.3,27.7,4.9,3185,24.2,6.7,146,737,890,1085,1506,1749,2242,1994,5716,447
1773957357,3,371170.6,348664.0,88720.5,86794.9,34112.6,35093.4,47868.6,81209.7,88732.5,2290.9,27.7,4.8,3397,24.2,6.6,146,737,891,1086,1506,1749,2242,1995,5717,447
1773957657,3,366113.6,345029.7,87939.0,85935.5,33939.0,34889.7,47661.2,80840.7,88699.3,2402.8,27.7,4.9,3535,24.2,6.6,146,737,891,1085,1505,1748,2241,1994,5713,447
1773957959,3,365052.6,343221.2,87561.3,85688.2,33813.7,34795.4,47437.2,80670.8,88666.9,2526.9,27.7,4.9,3768,24.2,6.7,146,737,891,1085,1506,1749,2242,1995,5714,447
1773958259,3,360657.9,340863.8,86989.4,84993.7,33727.0,34656.4,47266.2,79977.8,88636.8,2639.9,27.7,4.8,3854,24.2,6.6,146,737,891,1085,1505,1749,2242,1994,5715,447
1773958557,3,359893.9,339189.3,86688.7,84795.3,33592.1,34617.1,46984.6,79815.6,88607.8,2771.7,27.7,4.9,4095,24.2,6.7,146,737,891,1085,1505,1748,2241,1994,5714,447
1773958857,3,355422.1,336172.8,86065.7,84117.7,33416.2,34317.3,46913.5,79388.5,88579.5,2885.7,27.7,4.9,4235,24.2,6.7,146,736,891,1085,1505,1748,2242,1995,5715,447
1773959159,3,353370.3,333863.2,85505.5,83600.7,33336.5,34195.6,46600.3,79150.3,88554.0,3008.9,27.7,4.9,4427,24.2,6.7,146,737,891,1085,1505,1749,2242,1995,5715,447
1773959457,3,350116.2,332466.0,85227.1,83213.5,33151.5,34072.5,46389.7,78847.1,88528.9,3136.5,27.7,4.9,4613,24.2,6.7,146,737,891,1086,1506,1749,2242,1995,5715,447
1773960059,3,509837.5,484325.6,114138.6,111430.8,40678.9,42260.7,55815.6,93887.6,89512.6,560.7,27.6,4.5,1048,24.1,6.2,146,736,890,1084,1505,1748,2241,1994,5711,447
1773960359,3,473818.4,450167.4,108479.1,106027.0,39235.8,40768.4,54658.5,91832.1,89444.5,647.0,27.6,4.6,1142,24.1,6.3,146,736,890,1084,1504,1747,2240,1994,5711,447
1773960657,3,453683.5,430748.9,104972.7,102662.6,38304.2,39878.2,53520.2,90173.2,89378.8,749.1,27.7,4.7,1321,24.1,6.4,146,736,890,1084,1505,1747,2241,1993,5711,447
1773960957,3,440479.2,418069.5,103139.9,100880.7,37646.1,39083.8,52841.1,88385.0,89315.2,863.8,27.7,4.7,1430,24.1,6.4,146,736,890,1085,1505,1748,2240,1994,5712,447
1773961259,3,427732.8,406756.3,100968.7,98812.9,37087.4,38351.5,51918.9,87566.4,89253.1,964.3,27.7,4.7,1603,24.2,6.5,146,737,890,1085,1505,1748,2241,1994,5712,447
1773961559,3,416824.2,397199.4,99146.6,97003.1,36570.7,37849.4,51369.0,86359.2,89193.9,1086.9,27.7,4.7,1713,24.2,6.5,146,737,891,1085,1505,1748,2241,1994,5712,447
1773961857,3,409453.6,387504.8,97662.4,94970.0,36202.7,37393.3,50800.7,85736.8,89137.5,1176.9,27.7,4.7,1908,24.2,6.5,146,736,891,1085,1505,1748,2241,1994,5714,447
1773962157,3,401137.9,380291.9,96579.3,93575.0,35764.3,37021.4,50261.0,85182.0,89084.5,1295.6,27.7,4.7,2037,24.2,6.5,146,736,891,1085,1505,1748,2241,1994,5713,447
1773962459,3,399993.3,377262.8,94914.8,92667.2,35524.0,36679.0,49878.7,84707.8,89033.7,1401.3,27.7,4.8,2223,24.2,6.6,146,737,891,1085,1505,1748,2241,1995,5713,447
1773962759,3,392723.9,371093.6,93711.1,91300.8,35237.8,36447.4,49581.6,84204.1,88985.8,1519.3,27.7,4.8,2291,24.2,6.6,146,737,891,1085,1505,1749,2242,1995,5714,447
1773963057,3,391854.3,370017.4,93112.9,90837.8,35120.3,36240.8,49286.5,83847.7,88939.9,1645.8,27.7,4.8,2503,24.2,6.6,146,737,891,1086,1507,1749,2242,1995,5715,447
1773963359,3,388051.6,363519.7,92602.1,89980.8,34950.1,36015.4,48955.1,83326.2,88896.1,1767.9,27.7,4.8,2661,24.2,6.6,146,737,891,1086,1506,1749,2243,1995,5715,447
1773963659,3,383538.8,359687.2,91376.8,89088.3,34679.0,35730.8,48867.9,83356.3,88854.3,1896.6,27.7,4.8,2796,24.2,6.6,146,738,892,1086,1506,1749,2242,1995,5717,447
1773963957,3,383015.7,359078.7,91022.4,88630.3,34618.5,35542.4,48732.6,83061.8,88814.6,1999.9,27.7,4.8,3007,24.2,6.6,146,738,891,1086,1506,1749,2242,1994,5714,447
1773964259,3,379491.1,356117.3,90460.1,87834.6,34415.1,35495.4,48630.2,82734.3,88776.8,2127.9,27.7,4.8,3135,24.2,6.6,146,738,892,1086,1507,1749,2243,1995,5718,447
1773964559,3,376582.9,352168.9,89895.4,87234.2,34358.7,35305.8,48409.7,82235.3,88739.7,2256.5,27.7,4.8,3330,24.2,6.6,146,737,891,1086,1506,1749,2243,1995,5716,447
1773964857,3,372091.8,349747.9,88895.4,86703.1,34150.4,35178.5,48065.1,82141.4,88704.8,2329.1,27.7,4.8,3484,24.2,6.7,146,738,892,1086,1506,1749,2243,1995,5717,447
1773965157,3,369453.9,347205.3,88342.9,86305.3,34068.7,35063.4,47936.7,81704.3,88671.2,2474.5,27.7,4.8,3613,24.2,6.6,146,737,892,1086,1507,1749,2242,1995,5716,447
1773965459,3,366498.6,344483.2,87622.1,85693.0,33839.1,34846.7,47701.1,81107.6,88638.8,2570.4,27.7,4.8,3791,24.2,6.6,146,738,892,1086,1506,1750,2243,1995,5716,447
1773965757,3,363540.3,342138.3,86961.6,85037.4,33693.9,34623.3,47560.2,80559.6,88608.7,2701.0,27.7,4.8,3981,24.2,6.6,146,737,891,1086,1505,1749,2242,1995,5714,447
1773966059,3,360223.1,339395.8,86640.0,84648.1,33566.8,34538.8,47297.2,80247.3,88581.5,2814.8,27.7,4.8,4172,24.2,6.6,146,737,892,1086,1506,1749,2243,1995,5716,447
1773966359,3,359509.4,338266.3,86381.8,84343.4,33468.6,34426.1,47185.9,79813.5,88555.0,2936.6,27.7,4.8,4208,24.2,6.7,146,737,891,1086,1506,1750,2242,1995,5717,447
1773966657,3,354644.8,335815.2,85823.9,83792.1,33273.4,34224.0,46829.1,79497.3,88530.7,3050.9,27.7,4.8,4400,24.2,6.7,146,737,892,1086,1506,1750,2242,1996,5717,447
1773967257,3,509632.5,483019.5,113844.4,111075.4,40540.9,42134.4,55885.3,93892.0,89500.9,542.9,27.6,4.5,1003,24.1,6.2,146,737,892,1086,1506,1749,2242,1995,5716,447
1773967557,3,473375.6,449925.2,107945.7,105703.3,39043.6,40681.5,54525.3,91721.3,89436.3,632.2,27.7,4.6,1100,24.2,6.3,146,737,891,1085,1506,1749,2242,1995,5715,447
1773967859,3,453702.2,431394.7,105035.7,102789.1,38220.4,39670.7,53418.7,90262.2,89370.7,729.9,27.7,4.6,1286,24.2,6.4,146,737,892,1086,1506,1749,2242,1995,5716,447
1773968159,3,437001.0,416020.2,102738.9,100504.2,37607.4,38889.2,52618.8,88884.1,89307.1,840.7,27.8,4.7,1407,24.2,6.4,146,737,892,1086,1507,1750,2243,1996,5715,447
1773968457,3,425388.2,404488.7,100560.2,98298.1,36902.1,38231.9,51935.5,87526.4,89246.4,939.8,27.8,4.7,1502,24.2,6.4,146,738,892,1086,1507,1749,2242,1996,5716,447
1773968759,3,417161.6,395629.8,98734.3,96610.3,36522.7,37702.7,51273.9,86437.5,89188.0,1053.0,27.8,4.7,1720,24.3,6.5,146,737,892,1086,1507,1749,2242,1996,5714,447
1773969059,3,409089.5,388415.2,97429.4,94573.9,36017.8,37207.4,50998.7,85920.6,89131.7,1165.2,27.8,4.7,1829,24.3,6.5,146,738,892,1085,1507,1749,2242,1995,5714,447
1773969357,3,402250.2,378775.9,95824.9,92922.2,35626.2,36869.4,50305.3,85238.0,89078.0,1272.5,27.8,4.7,1994,24.3,6.5,146,737,892,1086,1507,1750,2243,1996,5715,447
1773969657,3,395375.8,373419.5,94259.3,91838.1,35358.8,36480.5,49901.2,84727.5,89027.5,1389.5,27.8,4.7,2124,24.3,6.6,146,738,892,1086,1507,1749,2243,1996,5715,447
1773969959,3,393697.5,369422.6,93414.7,91049.4,35133.3,36257.7,49491.0,84316.8,88979.4,1494.4,27.8,4.7,2330,24.3,6.6,146,738,892,1086,1507,1749,2243,1996,5713,447
1773970259,3,390675.4,367400.8,92383.2,89986.8,34909.8,36029.9,49347.3,84008.0,88931.7,1630.8,27.8,4.7,2460,24.3,6.6,146,738,892,1086,1508,1750,2243,1996,5716,447
1773970557,3,389283.1,364706.2,92318.1,89768.9,34746.6,35810.4,49123.3,83689.8,88886.9,1755.7,27.8,4.7,2606,24.3,6.6,146,738,892,1086,1508,1750,2243,1996,5716,447
1773970857,3,387024.6,361091.8,91174.2,89057.0,34582.4,35665.7,48971.4,83239.0,88843.5,1846.7,27.8,4.8,2735,24.3,6.6,146,738,892,1087,1508,1750,2243,1996,5716,447
1773971159,3,382467.0,358937.5,90815.1,88236.6,34499.7,35509.8,48756.3,82944.4,88802.6,1960.5,27.8,4.8,2987,24.3,6.6,146,738,893,1086,1508,1750,2243,1996,5716,447
1773971459,3,379288.1,354269.5,90049.2,87415.4,34293.8,35380.5,48599.0,82717.5,88763.5,2070.6,27.8,4.8,3035,24.3,6.6,146,738,893,1087,1508,1751,2244,1997,5719,447
1773971757,3,377069.2,352926.1,89462.8,86882.4,34187.4,35122.8,48367.7,82159.9,88726.4,2169.2,27.8,4.8,3248,24.3,6.6,146,738,893,1087,1507,1750,2243,1996,5716,447
1773972057,3,373851.4,348950.4,88987.7,86544.7,34043.9,35043.8,48153.2,82143.3,88690.2,2314.4,27.8,4.8,3393,24.3,6.6,146,738,892,1086,1508,1751,2244,1997,5716,447
1773972359,3,371317.1,347363.0,88031.9,86083.4,33952.2,34855.4,48027.0,81682.6,88655.1,2432.6,27.8,4.8,3615,24.3,6.6,146,739,893,1087,1508,1750,2244,1996,5716,447
1773972659,3,366755.8,345519.9,87637.0,85500.3,33774.1,34737.1,47824.1,81202.9,88622.4,2534.0,27.8,4.8,3650,24.3,6.7,146,738,892,1087,1508,1750,2244,1997,5717,447
1773972957,3,366303.0,343280.2,86936.2,84809.2,33576.3,34589.7,47676.2,80820.7,88591.3,2627.8,27.8,4.8,3908,24.3,6.6,146,738,893,1086,1507,1750,2243,1996,5716,447
1773973257,3,361192.1,340690.0,86474.8,84505.2,33529.5,34490.7,47476.2,80389.8,88561.6,2749.5,27.8,4.8,4033,24.3,6.7,146,738,892,1086,1507,1749,2242,1996,5714,447
1773973559,3,358827.2,338581.0,86089.2,83961.7,33359.7,34400.8,47230.7,80110.0,88533.5,2857.7,27.8,4.8,4231,24.3,6.7,146,738,892,1086,1507,1749,2242,1996,5716,447
1773973859,3,356001.5,335995.9,85568.4,83405.0,33219.4,34189.3,46944.5,79758.5,88506.8,2997.0,27.8,4.8,4323,24.3,6.7,146,738,892,1086,1507,1750,2242,1995,5715,447
1773974457,3,514661.8,487731.9,114032.6,111270.1,40580.5,42209.0,56014.8,94298.2,89484.3,527.1,27.7,4.5,1020,24.2,6.2,146,738,892,1086,1507,1749,2242,1995,5713,447
1773974759,3,480663.4,455511.8,108426.1,105956.8,39110.0,40788.4,54667.3,92567.9,89417.5,631.1,27.7,4.6,1125,24.2,6.3,146,737,892,1086,1507,1749,2242,1995,5714,447
1773975059,3,461630.2,437700.2,105799.2,103327.1,38378.8,39849.0,53828.0,90734.7,89351.3,735.1,27.7,4.6,1250,24.2,6.4,146,737,892,1085,1506,1749,2241,1995,5710,447
1773975357,3,445679.8,422607.8,103308.0,101092.2,37669.1,39103.8,53147.7,89837.4,89286.6,817.6,27.8,4.6,1381,24.2,6.4,146,737,891,1085,1507,1749,2242,1996,5713,447
1773975657,3,432269.9,410666.0,101270.1,99105.5,37128.8,38505.3,52255.0,88141.4,89226.0,923.6,27.8,4.7,1498,24.2,6.4,146,738,892,1087,1508,1751,2243,1996,5718,447
1773975957,3,423018.0,401367.3,99690.8,97295.2,36631.3,37849.4,51691.0,87723.0,89168.6,1048.1,27.8,4.7,1645,24.2,6.4,146,739,893,1087,1509,1751,2244,1997,5718,447
1773976257,3,415177.6,394063.8,98039.3,95421.7,36126.8,37453.6,51137.9,86763.2,89113.1,1155.0,27.8,4.6,1767,24.3,6.5,146,738,893,1087,1508,1750,2243,1996,5717,447
1773976557,3,409804.5,387724.8,96616.8,93771.1,35864.9,37170.2,51034.4,86453.8,89059.5,1241.1,27.8,4.7,1942,24.3,6.5,147,738,893,1087,1508,1751,2243,1996,5717,447
1773976857,3,405499.4,385060.2,95313.1,92871.4,35590.6,36801.9,50661.6,85752.3,89009.4,1355.9,27.8,4.7,2114,24.2,6.5,146,738,892,1087,1508,1750,2243,1996,5716,447
1773977157,3,402586.8,378085.9,94784.7,91886.5,35348.3,36484.8,50377.1,85376.6,88962.4,1465.4,27.8,4.7,2246,24.3,6.5,146,738,893,1087,1508,1750,2244,1997,5719,447
1773977457,3,399782.1,375189.1,93582.5,91129.2,35187.2,36325.1,50010.9,84857.2,88918.5,1566.3,27.8,4.7,2383,24.3,6.5,146,738,893,1087,1508,1751,2244,1997,5717,447
1773977757,3,396342.8,371376.5,93201.1,90678.4,34989.7,36140.9,49865.0,84762.9,88875.1,1681.1,27.8,4.7,2503,24.3,6.6,146,739,893,1088,1509,1751,2244,1997,5719,447
1773978057,3,392751.4,368791.8,92351.5,89778.4,34867.7,35912.1,49560.0,84431.0,88833.5,1806.4,27.8,4.7,2672,24.3,6.6,146,739,893,1087,1509,1751,2244,1997,5718,447
1773978357,3,389913.9,365496.3,91600.7,89143.3,34647.1,35739.9,49292.6,84218.4,88793.9,1916.8,27.8,4.7,2865,24.3,6.6,146,740,893,1087,1509,1751,2244,1997,5719,447
1773978657,3,389470.2,364750.6,91229.4,88509.1,34604.2,35651.2,49217.2,83916.8,88757.9,2011.9,27.8,4.7,2972,24.2,6.6,146,740,893,1087,1508,1751,2243,1996,5716,447
1773978957,3,384435.9,359561.0,90737.8,87961.4,34378.7,35412.0,49128.0,83507.2,88722.9,2142.2,27.8,4.7,3151,24.2,6.6,146,738,893,1087,1508,1750,2244,1997,5717,447
1773979257,3,380223.5,355098.0,90033.5,87132.4,34209.1,35309.2,48784.2,83271.9,88689.4,2232.9,27.8,4.7,3265,24.3,6.6,146,738,893,1087,1508,1751,2244,1997,5718,447
1773979557,3,378494.5,354300.7,89405.9,86658.2,34106.9,35173.5,48632.6,82701.5,88657.4,2343.8,27.8,4.8,3449,24.3,6.6,146,738,893,1087,1508,1751,2244,1996,5717,447
1773979857,3,375532.8,351795.3,89055.9,86431.5,33999.0,35092.8,48595.6,82613.1,88627.4,2474.1,27.8,4.7,3598,24.3,6.6,146,738,893,1087,1508,1750,2243,1996,5716,447
1773980157,3,375069.9,348859.9,87857.1,85673.0,33885.1,34912.0,48320.0,82324.8,88598.7,2578.7,27.8,4.8,3735,24.3,6.6,146,738,893,1087,1508,1751,2244,1997,5717,447
1773980457,3,370997.8,346972.6,87552.3,85451.4,33822.3,34777.8,47921.7,81825.5,88572.5,2679.1,27.8,4.7,3883,24.3,6.6,146,739,893,1087,1509,1750,2243,1996,5716,447
1773980757,3,369559.5,345554.9,87314.6,85164.9,33631.9,34668.7,47885.8,81556.1,88547.3,2797.6,27.8,4.8,4077,24.3,6.7,146,739,894,1087,1509,1751,2244,1997,5716,447
1773981057,3,366800.3,343619.5,86868.9,84582.2,33501.6,34498.1,47741.6,81457.3,88522.6,2907.2,27.8,4.8,4298,24.3,6.7,147,740,894,1088,1510,1752,2246,1998,5717,447
1773981657,3,526064.1,498647.2,115940.7,113150.4,41094.0,42757.3,57120.3,95966.2,89566.3,502.1,27.6,4.4,987,24.1,6.2,146,737,892,1086,1507,1749,2243,1996,5712,447
1773981957,3,490305.0,463898.9,110192.6,107539.9,39627.7,41331.3,55712.8,94061.5,89498.0,602.6,27.7,4.5,1093,24.2,6.3,146,738,892,1086,1507,1749,2243,1996,5713,447
1773982257,3,470003.0,445713.2,107116.0,104704.2,38769.6,40363.4,54727.6,92610.3,89429.7,675.5,27.7,4.6,1226,24.2,6.4,146,738,893,1087,1508,1749,2242,1996,5713,447
1773982557,3,452654.0,429157.5,104680.2,102309.3,38137.0,39645.3,53755.0,91009.9,89363.4,783.9,27.7,4.6,1336,24.2,6.4,146,738,893,1087,1508,1750,2243,1996,5717,447
1773982857,3,442789.8,419501.9,102836.3,100516.2,37541.6,38974.7,53296.7,89839.0,89299.8,884.0,27.7,4.6,1512,24.2,6.4,146,739,893,1087,1509,1750,2244,1997,5717,447
1773983157,3,431982.5,409218.7,101121.8,98708.5,37037.1,38486.9,52619.9,89075.5,89239.6,986.7,27.7,4.7,1642,24.2,6.5,146,739,894,1087,1508,1750,2243,1997,5716,447
1773983457,3,426063.3,403845.1,99642.1,97217.3,36636.9,37914.6,52307.5,88134.7,89182.1,1080.1,27.7,4.7,1728,24.2,6.5,146,739,894,1087,1508,1750,2243,1997,5716,447
1773983759,3,421929.7,399286.9,98521.3,96290.3,36285.2,37631.9,51785.2,87854.1,89127.5,1182.4,27.7,4.7,1905,24.2,6.5,146,739,893,1087,1509,1751,2244,1997,5718,447
1773984059,3,416247.0,393900.5,97536.5,94496.3,36037.5,37221.5,51606.5,87424.8,89075.3,1298.7,27.7,4.7,2040,24.2,6.5,146,739,894,1087,1509,1751,2244,1997,5719,447
1773984357,3,410826.6,388427.7,96246.3,93691.5,35841.7,37017.7,51203.9,86727.6,89025.8,1392.0,27.7,4.7,2175,24.2,6.5,146,739,894,1087,1509,1751,2244,1997,5719,447
1773984657,3,408061.8,385754.8,95323.0,92848.9,35687.9,36815.0,51012.2,86483.3,88978.9,1492.2,27.7,4.7,2292,24.2,6.5,146,739,893,1088,1508,1750,2244,1997,5718,447
1773984959,3,408503.0,385872.9,95239.4,92598.2,35419.3,36655.9,50791.1,86174.6,88934.4,1623.9,27.7,4.7,2477,24.2,6.5,147,739,894,1087,1509,1751,2244,1997,5720,447
1773985257,3,404866.8,382816.6,94547.3,91697.7,35293.0,36463.3,50758.4,86172.3,88891.2,1730.8,27.7,4.7,2642,24.2,6.5,146,739,894,1087,1509,1751,2245,1997,5718,447
1773985557,3,403279.5,379109.7,93548.4,91084.8,35196.6,36316.6,50172.4,85597.1,88850.7,1870.2,27.7,4.7,2758,24.2,6.6,146,739,893,1087,1509,1751,2243,1997,5716,447
1773985859,3,399132.5,373081.2,93097.8,90420.8,34925.6,36079.5,50117.5,85547.0,88810.9,1972.4,27.7,4.7,2964,24.2,6.5,146,738,893,1087,1508,1750,2243,1997,5716,447
1773986157,3,396197.8,370442.2,92582.5,90001.3,34885.9,35987.5,50084.4,85321.5,88772.9,2059.8,27.7,4.7,3081,24.2,6.6,147,739,893,1087,1508,1751,2244,1997,5716,447
1773986457,3,394492.4,369035.4,91750.8,89484.2,34697.0,35825.6,49682.2,84827.7,88737.0,2169.3,27.7,4.7,3131,24.2,6.6,146,738,893,1086,1507,1750,2243,1996,5714,447
1773986759,3,392585.4,366177.3,91299.2,88902.2,34645.1,35675.2,49495.8,84391.1,88702.2,2278.4,27.7,4.7,3430,24.2,6.6,146,739,893,1088,1508,1750,2244,1997,5716,447
1773987059,3,390209.4,364746.7,90613.7,88049.4,34409.4,35603.6,49422.4,84249.4,88668.6,2404.0,27.7,4.7,3479,24.2,6.6,146,739,893,1087,1508,1750,2244,1996,5715,447
1773987357,3,388979.0,362586.0,90477.9,87747.1,34348.4,35410.5,49131.6,83989.7,88636.6,2502.4,27.7,4.7,3633,24.1,6.6,146,739,893,1086,1508,1750,2243,1996,5714,447
1773987657,3,382422.5,360069.6,89974.5,87031.4,34147.7,35211.5,49152.3,83633.5,88606.7,2611.4,27.7,4.7,3803,24.1,6.6,146,739,893,1087,1508,1751,2244,1997,5717,447
1773987959,3,381198.1,358418.1,89548.8,86764.4,34057.5,35131.7,48975.2,83360.9,88578.1,2702.7,27.7,4.7,3967,24.1,6.6,146,739,894,1087,1509,1751,2244,1997,5717,447
1773988257,3,378684.5,354207.8,88808.9,86227.6,33921.1,34918.3,48704.0,83150.8,88550.4,2835.6,27.7,4.7,4129,24.2,6.7,146,739,893,1087,1509,1751,2244,1997,5716,447
1773988857,3,537545.5,508001.2,117587.3,114553.0,41449.4,43170.9,58214.9,98105.3,89540.5,494.5,27.5,4.4,956,24.0,6.2,146,738,892,1086,1507,1749,2242,1996,5711,447
1773989157,3,503631.4,476833.3,111794.1,109160.0,40008.0,41669.5,56554.2,95579.2,89470.8,582.2,27.6,4.5,1066,24.0,6.3,146,738,892,1086,1508,1749,2243,1997,5713,447
1773989459,3,483519.3,457875.0,108971.4,106501.3,39156.6,40845.7,55565.5,94267.8,89402.8,671.1,27.6,4.5,1193,24.1,6.3,146,738,892,1086,1508,1749,2243,1996,5711,447
1773989757,3,467932.8,442526.6,106448.6,104107.0,38563.7,40135.5,54753.5,92886.6,89336.9,766.7,27.6,4.5,1325,24.1,6.4,146,738,893,1086,1508,1750,2243,1996,5714,447
1773990057,3,454592.9,431181.3,104634.4,102356.9,37979.9,39535.8,54330.7,91655.6,89273.6,866.8,27.6,4.6,1455,24.1,6.4,146,738,893,1087,1508,1750,2244,1997,5713,447
1773990359,3,444125.4,421931.8,102798.6,100570.8,37491.4,38905.5,53583.3,90592.4,89212.5,948.7,27.6,4.6,1586,24.1,6.4,146,739,893,1087,1509,1750,2244,1997,5713,447
1773990657,3,437255.8,414007.8,101480.3,99163.4,37107.7,38493.8,53124.1,90125.7,89154.2,1056.8,27.6,4.6,1695,24.1,6.5,146,738,893,1087,1508,1750,2243,1996,5713,447
1773990957,3,430713.0,408100.4,100433.0,98168.1,36767.9,38182.2,52781.7,89342.2,89098.4,1155.4,27.6,4.6,1848,24.1,6.5,146,739,893,1087,1509,1750,2244,1997,5716,447
1773991259,3,424874.3,403022.0,99261.7,96578.2,36428.1,37777.0,52405.1,88857.8,89045.0,1275.9,27.6,4.6,1982,24.1,6.5,146,739,893,1087,1508,1750,2243,1997,5715,447
1773991559,3,421270.4,399058.4,98240.3,95412.1,36232.4,37439.9,52086.1,88258.8,88993.3,1374.1,27.6,4.6,2107,24.1,6.5,146,739,894,1088,1509,1751,2244,1998,5716,447
1773991859,3,419186.5,396616.9,97585.7,94828.8,36057.0,37218.7,51832.3,88209.9,88944.7,1471.9,27.6,4.6,2240,24.1,6.5,146,740,894,1088,1510,1751,2245,1998,5717,447
1773992159,3,416017.0,394339.2,96412.4,93837.1,35876.8,37118.8,51616.8,87827.3,88898.4,1592.4,27.6,4.6,2386,24.1,6.5,146,740,894,1088,1509,1751,2244,1998,5716,447
1773992459,3,414393.0,392836.7,95962.1,93318.4,35666.0,36887.0,51519.6,87399.4,88852.9,1664.4,27.6,4.6,2514,24.1,6.5,146,739,893,1088,1510,1751,2244,1997,5717,447
1773992759,3,409672.3,387700.1,95010.5,92417.4,35455.5,36677.4,51249.5,87243.3,88810.7,1816.2,27.6,4.7,2668,24.1,6.5,147,739,894,1087,1509,1750,2245,1997,5715,447
1773993059,3,409389.3,385934.1,94729.0,92110.2,35424.5,36541.2,50988.1,86873.4,88770.4,1889.5,27.6,4.7,2788,24.1,6.6,147,740,894,1087,1509,1751,2244,1998,5717,447
1773993359,3,405513.0,381244.9,94159.2,91264.9,35227.6,36422.1,50974.6,86565.1,88732.1,2000.5,27.6,4.7,2962,24.1,6.5,146,739,894,1088,1509,1751,2244,1998,5718,447
1773993659,3,404963.2,379778.0,93961.3,91099.9,35083.0,36312.6,50733.9,86042.3,88696.3,2120.0,27.6,4.7,3093,24.1,6.5,146,739,893,1087,1509,1751,2244,1997,5718,447
1773993959,3,401536.9,377307.4,93105.8,90324.8,35023.4,36207.0,50419.6,85867.1,88661.9,2214.2,27.6,4.7,3248,24.1,6.6,146,739,893,1087,1509,1751,2244,1997,5717,447
1773994259,3,398512.2,371779.5,92118.3,89648.7,34778.0,35962.0,50127.0,85418.5,88629.4,2322.6,27.7,4.7,3405,24.1,6.6,146,739,893,1087,1508,1750,2244,1997,5716,447
1773994559,3,395324.3,369294.0,91627.2,88670.7,34691.8,35798.4,50050.6,85292.9,88599.4,2421.6,27.6,4.7,3590,24.1,6.6,147,739,893,1088,1510,1751,2245,1998,5718,447
1773994859,3,394004.7,367185.0,91319.5,88848.0,34573.5,35700.8,49695.7,84967.7,88570.2,2518.1,27.6,4.7,3686,24.1,6.6,146,739,893,1087,1509,1751,2245,1998,5720,447
1773995159,3,389932.4,364482.8,90815.1,87854.9,34397.5,35457.9,49538.7,84633.0,88542.9,2615.3,27.7,4.7,3863,24.1,6.6,146,738,893,1087,1508,1750,2245,1997,5717,447
1773995459,3,388602.3,363149.4,90241.8,87296.1,34234.7,35359.6,49431.1,84391.2,88517.9,2732.8,27.7,4.7,3967,24.1,6.6,146,738,893,1087,1508,1750,2244,1997,5716,447
1773996057,3,546242.8,515247.4,118740.8,115714.8,41712.4,43517.0,58566.5,98825.9,89549.8,469.1,27.5,4.3,944,24.0,6.2,146,738,892,1086,1508,1750,2243,1996,5714,447
1773996357,3,508902.0,481469.5,113091.2,110137.8,40286.4,42018.2,57004.8,96781.4,89479.6,561.2,27.6,4.4,1029,24.1,6.3,146,738,892,1086,1508,1749,2242,1995,5714,447
1773996659,3,490380.7,463739.4,110351.6,107497.5,39441.0,41238.4,56225.9,95080.1,89411.1,655.3,27.6,4.5,1161,24.1,6.3,146,738,892,1086,1508,1750,2243,1996,5715,447
1773996959,3,473936.9,449270.8,107726.2,105186.2,38809.0,40492.4,55421.1,93829.3,89344.4,745.2,27.6,4.5,1265,24.1,6.4,146,738,892,1086,1508,1750,2242,1996,5715,447
1773997257,3,463639.2,438800.3,105740.6,103351.9,38359.8,39809.6,54766.7,92650.7,89281.7,843.4,27.6,4.5,1403,24.1,6.4,146,738,893,1086,1508,1750,2244,1997,5717,447
1773997557,3,452658.1,428572.1,104103.7,101433.7,37845.8,39307.6,54025.7,91777.7,89220.2,943.4,27.6,4.5,1530,24.1,6.4,146,738,893,1087,1508,1750,2243,1997,5716,447
1773997859,3,445089.8,421977.8,102494.5,100097.8,37387.1,38907.4,53518.0,91061.5,89163.1,1049.4,27.6,4.6,1713,24.1,6.4,146,738,892,1086,1508,1750,2243,1997,5717,447
1773998159,3,438832.3,415904.6,101300.3,98796.2,37031.3,38352.3,53315.6,90288.4,89107.4,1134.3,27.7,4.6,1783,24.1,6.5,146,738,893,1086,1507,1750,2243,1997,5715,447
1773998457,3,434390.8,411264.8,100385.7,97806.0,36729.7,38121.8,52701.1,89866.3,89054.4,1236.1,27.7,4.6,1988,24.1,6.5,146,739,893,1086,1508,1750,2243,1997,5716,447
1773998757,3,428300.2,405635.3,99109.4,96434.1,36389.4,37837.9,52682.9,89167.5,89004.1,1345.9,27.7,4.6,2103,24.1,6.5,146,738,893,1086,1508,1749,2243,1996,5715,447
1773999059,3,424614.7,401990.1,98698.8,95576.8,36233.0,37600.1,52329.7,88976.9,88956.5,1436.3,27.6,4.6,2225,24.1,6.5,146,738,892,1086,1508,1750,2243,1996,5717,447
1773999357,3,424068.0,401694.0,97257.7,94851.7,36064.1,37436.5,52160.9,88720.8,88909.7,1542.9,27.7,4.6,2377,24.1,6.5,146,738,893,1086,1508,1750,2242,1996,5717,447
1773999657,3,419911.6,397102.1,96646.0,94063.9,35854.6,37189.0,52037.7,88620.5,88865.1,1649.5,27.7,4.6,2448,24.1,6.5,146,738,893,1086,1508,1750,2244,1996,5717,447
1773999959,3,418752.6,396105.2,96028.5,93566.9,35737.8,37061.6,51774.1,88100.4,88822.8,1794.7,27.7,4.6,2649,24.1,6.5,146,738,893,1086,1508,1750,2242,1996,5716,447
1774000259,3,417009.9,393992.7,95576.5,92789.6,35571.8,36850.1,51725.4,87855.1,88781.2,1890.0,27.7,4.6,2839,24.2,6.6,146,739,893,1087,1509,1750,2244,1997,5717,447
1774000557,3,413373.1,391051.2,95025.9,92368.8,35412.5,36708.3,51242.3,87280.1,88742.6,1973.6,27.7,4.6,2953,24.2,6.5,146,738,892,1086,1508,1749,2243,1996,5715,447
1774000857,3,411177.3,387046.0,94617.2,91608.0,35315.5,36512.5,51133.4,87090.9,88707.0,2093.3,27.7,4.6,3038,24.2,6.6,146,739,893,1087,1508,1750,2243,1996,5717,447
1774001159,3,407561.3,383818.0,93754.0,91067.6,35175.3,36339.8,51010.1,86634.6,88671.9,2195.3,27.7,4.7,3276,24.2,6.6,146,738,893,1086,1508,1750,2243,1997,5717,447
1774001457,3,404331.4,380277.7,93309.5,90478.7,34982.3,36240.1,50856.0,86401.6,88638.8,2280.8,27.7,4.6,3415,24.2,6.5,146,739,893,1087,1508,1750,2243,1997,5719,447
1774001757,3,404069.8,379659.2,92526.2,90095.1,34867.2,36068.6,50615.6,86324.6,88607.1,2392.3,27.7,4.7,3496,24.2,6.6,146,739,893,1086,1508,1750,2243,1997,5717,447
1774002057,3,400566.3,375364.9,92485.6,89824.1,34792.7,35894.3,50259.0,85716.2,88577.5,2495.3,27.7,4.7,3659,24.2,6.6,146,739,893,1087,1508,1750,2243,1997,5719,447
1774002359,3,396224.1,370078.5,91327.9,88783.8,34590.9,35750.5,50026.2,85232.2,88548.6,2612.0,27.7,4.7,3837,24.2,6.6,146,738,892,1086,1508,1750,2242,1996,5716,447
1774002657,3,396578.1,369909.8,91110.8,88544.3,34462.7,35642.6,49785.2,85077.9,88522.0,2697.0,27.7,4.7,3990,24.2,6.6,146,739,893,1087,1509,1750,2243,1997,5717,447
1774003257,3,552355.8,522256.0,119136.7,116029.0,41857.2,43739.4,58746.5,99373.2,89503.8,467.7,27.6,4.3,961,24.1,6.1,146,738,892,1086,1507,1749,2242,1995,5713,447
1774003559,3,515995.4,487873.8,113706.6,110939.1,40400.3,42227.9,57504.3,97406.2,89435.6,568.2,27.6,4.4,1021,24.1,6.2,146,738,892,1086,1507,1749,2242,1996,5714,447
1774003859,3,496062.6,468117.4,110679.8,107908.2,39561.5,41376.2,56453.3,95528.2,89368.6,641.0,27.6,4.5,1120,24.1,6.3,146,738,893,1086,1507,1749,2242,1996,5715,447
1774004157,3,482608.3,454858.3,108027.8,105520.0,38934.0,40641.5,55737.8,94417.6,89302.8,720.3,27.7,4.5,1251,24.1,6.4,146,738,893,1086,1508,1749,2242,1996,5714,447
1774004457,3,468990.8,443191.4,106195.3,103707.5,38427.9,40047.2,55152.3,93420.1,89238.5,819.1,27.7,4.5,1374,24.2,6.4,146,739,893,1086,1508,1750,2243,1997,5716,447
1774004759,3,460234.5,435630.2,104703.0,102119.2,37911.8,39496.4,54561.7,92649.7,89177.3,913.9,27.7,4.5,1514,24.2,6.4,146,739,893,1086,1508,1750,2243,1997,5717,447
1774005059,3,453867.9,430691.4,103512.2,100915.0,37514.7,39056.4,54107.1,91918.2,89118.7,1027.2,27.7,4.5,1662,24.2,6.4,146,739,893,1086,1508,1750,2243,1996,5717,447
1774005357,3,446139.2,421766.5,102113.5,99698.9,37214.6,38691.4,53638.0,91390.0,89063.0,1132.3,27.7,4.6,1756,24.2,6.5,146,738,893,1086,1508,1750,2243,1997,5715,447
1774005657,3,443223.8,418731.7,101492.8,98669.3,37019.8,38360.1,53393.6,90718.5,89009.4,1218.5,27.7,4.5,1882,24.2,6.5,146,738,893,1087,1509,1750,2243,1996,5716,447
1774005959,3,439005.8,415521.3,100333.8,97475.5,36679.0,38187.6,53167.2,90218.8,88958.1,1322.9,27.7,4.6,2077,24.2,6.5,146,738,893,1087,1509,1750,2243,1997,5717,447
1774006259,3,432801.5,408729.6,99334.7,96117.4,36447.7,37838.2,52881.4,90260.2,88908.1,1428.9,27.7,4.6,2133,24.2,6.5,146,739,893,1087,1509,1751,2244,1997,5718,447
1774006557,3,430510.0,406914.6,98479.9,95663.4,36265.1,37631.3,52652.9,89612.6,88861.0,1508.0,27.7,4.6,2303,24.2,6.5,146,739,894,1087,1509,1751,2244,1997,5718,447
1774006857,3,428069.3,405107.7,97896.8,95171.3,36122.2,37409.8,52499.4,89338.7,88816.4,1630.1,27.7,4.6,2436,24.2,6.5,146,739,893,1087,1509,1751,2243,1997,5718,447
1774007159,3,424577.6,400980.5,96871.3,94244.3,35888.5,37292.1,52161.3,88957.9,88774.2,1719.7,27.7,4.6,2624,24.2,6.5,146,739,894,1088,1509,1751,2244,1998,5720,447
1774007459,3,422514.7,398859.8,96243.3,93700.8,35764.8,37055.6,52141.6,88657.4,88733.2,1818.5,27.7,4.6,2687,24.2,6.6,147,739,894,1087,1509,1751,2244,1997,5719,447
1774007757,3,421111.7,397104.7,95709.2,92971.5,35609.8,36901.3,51901.9,88365.5,88694.6,1912.3,27.7,4.6,2841,24.2,6.5,147,739,894,1087,1510,1751,2244,1997,5720,447
1774008057,3,417479.7,394744.1,95309.6,92510.7,35531.9,36818.2,51873.6,87869.3,88657.6,2011.5,27.7,4.6,2949,24.2,6.6,146,740,894,1088,1510,1752,2245,1998,5722,447
1774008359,3,413747.7,389472.8,94822.8,91969.5,35425.7,36656.5,51579.8,87520.5,88622.7,2129.0,27.7,4.6,3181,24.2,6.6,147,739,893,1087,1509,1750,2243,1997,5719,447
1774008657,3,411007.1,388448.8,94150.4,91199.6,35243.9,36542.8,51367.4,87382.5,88588.3,2232.6,27.7,4.6,3283,24.2,6.6,146,739,893,1087,1508,1751,2243,1997,5718,447
1774008957,3,408889.4,384763.4,93921.6,90898.2,35134.4,36366.4,51154.4,87137.0,88555.0,2318.5,27.7,4.7,3385,24.2,6.6,146,739,893,1087,1508,1751,2244,1996,5717,447
1774009257,3,406436.2,381935.2,92983.9,90210.4,34933.4,36060.5,51023.2,86752.9,88523.2,2412.3,27.7,4.6,3542,24.2,6.6,146,739,894,1087,1509,1750,2244,1997,5719,447
1774009559,3,404887.5,379463.0,92704.4,89724.2,34881.4,36073.4,50794.8,86540.8,88493.5,2526.9,27.7,4.6,3690,24.2,6.6,146,740,894,1088,1509,1751,2244,1997,5722,447
1774009857,3,402780.9,377899.8,92082.4,89470.0,34678.0,35949.8,50568.0,86381.9,88464.5,2615.3,27.7,4.7,3892,24.2,6.6,146,739,894,1087,1509,1751,2244,1997,5721,447
1774010457,3,565601.3,533887.8,120587.4,117417.3,42242.1,44419.7,59604.7,100627.1,89458.6,454.4,27.6,4.3,899,24.0,6.1,146,739,893,1088,1509,1751,2244,1996,5719,447
1774010759,3,528786.8,499115.3,115215.1,112190.5,40755.8,42691.4,58133.5,98287.8,89392.0,533.6,27.6,4.4,1011,24.1,6.2,146,740,894,1087,1509,1751,2244,1997,5719,447
1774011057,3,504742.5,477396.2,111684.8,108821.8,39894.3,41673.2,56957.4,96754.7,89324.9,607.8,27.7,4.5,1132,24.2,6.4,146,739,893,1087,1509,1750,2243,1996,5715,447
1774011357,3,491724.1,464464.5,109375.0,106720.8,39262.2,41025.1,56246.5,95812.5,89260.1,695.2,27.7,4.5,1224,24.2,6.3,147,740,894,1088,1509,1751,2244,1997,5720,447
1774011659,3,478195.7,452674.3,107709.1,105106.5,38736.9,40421.8,55583.1,94209.5,89198.5,794.5,27.7,4.5,1338,24.2,6.4,146,740,894,1088,1509,1752,2245,1998,5721,447
1774011959,3,467460.8,441193.8,105632.9,102946.9,38267.9,39907.4,55077.7,93679.6,89139.0,894.1,27.7,4.5,1467,24.2,6.4,146,739,894,1087,1509,1751,2243,1997,5718,447
1774012257,3,460477.8,435984.0,104371.2,101888.4,37818.1,39459.9,54611.1,92991.6,89082.6,989.4,27.7,4.5,1628,24.2,6.4,146,740,894,1087,1509,1751,2244,1997,5719,447
1774012557,3,454465.1,429216.0,103259.8,100645.3,37570.3,38989.2,54235.7,92347.6,89028.0,1096.2,27.7,4.5,1735,24.2,6.5,146,739,893,1086,1508,1750,2243,1997,5718,447
1774012859,3,448912.7,424888.0,102453.7,99825.5,37123.5,38793.3,53717.7,91681.6,88976.6,1190.5,27.7,4.6,1856,24.2,6.5,146,739,893,1087,1509,1750,2243,1997,5719,447
1774013157,3,443928.6,420139.5,101000.7,98327.1,36893.8,38376.1,53630.7,91371.9,88926.3,1288.7,27.7,4.6,2014,24.2,6.5,146,739,893,1087,1508,1750,2243,1996,5719,447
1774013457,3,440866.9,416289.0,100370.2,97005.7,36772.9,38153.7,53319.0,91020.6,88878.9,1392.1,27.7,4.6,2102,24.2,6.5,146,739,893,1087,1509,1750,2243,1997,5720,447
1774013759,3,437218.0,412370.7,99900.0,96563.7,36542.0,38010.6,53112.3,90263.7,88834.0,1478.2,27.7,4.6,2277,24.2,6.5,146,739,894,1087,1508,1750,2243,1997,5719,448
1774014057,3,432591.9,408586.5,98477.9,95611.0,36308.3,37802.6,52860.7,90294.2,88790.2,1576.4,27.8,4.5,2370,24.2,6.6,146,739,893,1087,1509,1750,2243,1997,5720,447
1774014357,3,430141.0,407269.2,98037.9,95407.1,36260.9,37654.5,52757.9,89940.4,88748.5,1646.9,27.7,4.6,2447,24.2,6.5,146,739,893,1087,1509,1751,2244,1997,5721,447
1774014659,3,429065.9,405456.0,97218.9,94784.9,36017.0,37397.4,52631.4,89656.3,88709.0,1762.8,27.8,4.6,2676,24.2,6.6,146,739,894,1087,1509,1751,2244,1997,5721,447
1774014959,3,425437.4,401836.7,96393.2,93743.1,35822.7,37195.3,52424.7,88915.4,88670.4,1871.4,27.8,4.6,2772,24.2,6.5,147,739,894,1087,1509,1751,2244,1997,5721,447
1774015257,3,422916.2,399518.8,95911.1,93275.9,35713.7,36957.1,52117.0,88884.5,88634.3,1972.8,27.8,4.6,2909,24.2,6.5,146,738,893,1086,1508,1750,2243,1997,5720,447
1774015557,3,421481.8,397610.0,95677.5,92754.2,35605.8,36861.2,51995.5,88721.9,88601.0,2077.6,27.7,4.6,3030,24.2,6.6,146,738,893,1086,1508,1750,2243,1997,5720,447
1774015859,3,416818.1,393103.0,95034.0,92207.0,35529.1,36777.4,51926.0,88287.8,88569.2,2171.5,27.8,4.6,3231,24.2,6.6,146,739,894,1087,1509,1751,2244,1998,5721,448
1774016159,3,415299.5,391540.8,94406.5,91753.6,35325.3,36516.9,51597.4,87724.6,88539.7,2280.3,27.8,4.6,3294,24.3,6.6,147,740,894,1088,1510,1752,2245,1999,5726,448
1774016457,3,412804.7,388012.7,93914.2,90841.7,35213.9,36436.6,51374.5,87609.2,88510.0,2362.3,27.8,4.6,3480,24.2,6.6,147,739,893,1087,1509,1751,2244,1997,5722,447
1774016759,3,409182.9,383769.5,93222.8,90379.4,35023.8,36303.8,51205.5,87144.7,88482.2,2464.9,27.8,4.6,3615,24.2,6.6,146,739,894,1087,1509,1751,2244,1997,5722,447
1774017059,3,405512.2,379177.0,92692.4,89995.9,34870.4,36117.9,50923.9,87194.6,88456.0,2576.0,27.8,4.6,3721,24.3,6.6,147,740,896,1089,1512,1751,2247,1999,5740,449
1774017659,3,567326.2,535351.6,120876.1,117453.2,42216.5,44559.5,60106.9,101333.6,89461.6,447.9,27.7,4.3,913,24.1,6.2,147,740,896,1089,1511,1751,2246,1997,5737,448
1774017959,3,532655.6,503248.2,115695.5,112661.4,40895.3,42841.8,58471.0,98890.3,89393.3,515.2,27.7,4.4,982,24.2,6.3,147,740,896,1089,1511,1750,2245,1997,5736,448
1774018257,3,514120.5,485443.7,112023.5,109233.4,40016.0,41943.6,57419.7,97444.6,89325.7,607.7,27.7,4.4,1107,24.2,6.3,147,740,896,1089,1511,1750,2247,1998,5737,448
1774018557,3,495145.4,467945.8,110064.2,107351.7,39488.4,41231.6,56826.2,96339.0,89260.7,690.3,27.7,4.5,1170,24.2,6.4,146,739,896,1089,1511,1750,2245,1998,5736,448
1774018859,3,484225.8,457791.0,108168.9,105439.2,38953.9,40538.5,55912.5,95408.2,89199.5,786.5,27.7,4.5,1318,24.2,6.4,147,740,896,1089,1511,1751,2246,1998,5738,448
1774019157,3,474189.6,448269.8,106259.4,103479.4,38386.6,40051.2,55560.8,94367.6,89141.1,881.0,27.8,4.5,1436,24.2,6.4,147,740,896,1088,1512,1751,2246,1998,5739,448
1774019457,3,467459.9,441034.2,104916.3,102169.1,37952.3,39570.8,55156.8,93875.9,89084.7,998.7,27.8,4.5,1548,24.2,6.4,147,739,895,1089,1510,1751,2246,1997,5735,448
1774019759,3,462710.7,437312.6,104091.9,101384.0,37719.1,39376.3,54630.2,93022.1,89030.7,1052.6,27.8,4.5,1685,24.2,6.5,147,739,895,1088,1511,1751,2246,1998,5736,449
1774020057,3,454198.7,429715.2,102924.2,100290.2,37447.8,38971.9,54286.7,92542.5,88978.8,1145.6,27.8,4.5,1795,24.2,6.5,147,740,896,1088,1511,1751,2247,1998,5737,448
1774020357,3,450065.6,424618.7,101964.0,99161.3,37162.5,38702.6,54023.3,92189.5,88931.1,1262.5,27.8,4.5,1956,24.2,6.5,147,740,896,1089,1512,1751,2246,1998,5737,448
1774020659,3,446723.0,421439.3,101199.6,98149.6,36973.5,38431.8,53807.5,91804.7,88884.3,1348.8,27.8,4.5,2074,24.3,6.5,147,740,896,1089,1512,1752,2246,1998,5737,448
1774020957,3,442643.0,417991.5,100365.6,97128.3,36706.6,38188.1,53523.6,91625.2,88840.8,1428.0,27.8,4.6,2196,24.3,6.5,146,739,894,1087,1509,1751,2244,1997,5722,447
1774021257,3,441111.2,415723.2,100000.7,96729.8,36646.6,38002.3,53451.0,91376.7,88798.6,1554.0,27.8,4.6,2313,24.3,6.5,146,739,894,1087,1509,1751,2244,1997,5722,448
1774021559,3,437463.5,413225.3,98782.6,96309.4,36420.4,37787.6,53156.9,91096.8,88758.0,1644.8,27.8,4.6,2501,24.3,6.5,146,739,894,1087,1509,1752,2245,1998,5722,448
1774021859,3,434325.6,409792.2,97945.9,95346.2,36168.6,37539.5,53071.1,90193.1,88720.3,1739.8,27.8,4.6,2595,24.3,6.5,146,739,893,1087,1509,1751,2244,1998,5721,447
1774022157,3,428637.0,404931.6,97157.4,94548.0,36012.5,37452.2,52794.6,90143.6,88683.5,1825.8,27.8,4.5,2735,24.3,6.5,146,739,894,1087,1509,1751,2244,1998,5720,448
1774022457,3,428393.6,404326.9,96673.0,93837.1,35864.5,37178.6,52683.6,89560.6,88649.4,1929.6,27.8,4.6,2868,24.3,6.5,146,739,894,1087,1509,1751,2244,1997,5721,447
1774022759,3,425330.8,401054.8,96289.8,93491.1,35753.2,37077.8,52411.9,89391.0,88616.3,2023.6,27.8,4.5,3058,24.3,6.6,146,740,894,1087,1509,1751,2244,1998,5722,448
1774023057,3,423335.9,398606.3,95648.8,92946.8,35599.1,36962.7,52326.6,89059.2,88584.6,2128.4,27.8,4.6,3109,24.3,6.6,146,739,894,1087,1510,1751,2244,1997,5722,447
1774023357,3,419448.7,396190.7,95145.7,92280.4,35530.4,36832.9,52013.9,88517.1,88554.2,2208.1,27.8,4.6,3245,24.3,6.6,147,739,894,1087,1509,1751,2244,1997,5721,447
1774023659,3,418548.8,394825.1,94595.1,91813.6,35427.8,36630.2,51879.9,88289.7,88525.5,2315.4,27.8,4.6,3399,24.3,6.6,146,740,894,1087,1509,1751,2245,1998,5723,447
1774023957,3,417308.9,393865.4,94460.3,91546.1,35306.1,36549.9,51642.6,87961.0,88498.0,2414.6,27.8,4.6,3553,24.3,6.6,146,739,894,1087,1509,1751,2245,1998,5723,447
1774024257,3,412433.8,388876.4,93765.1,90684.6,35079.0,36318.9,51469.5,87883.8,88472.7,2511.5,27.8,4.6,3639,24.3,6.6,147,739,894,1088,1510,1752,2245,1999,5725,447
1774024857,3,578021.8,542895.5,121665.8,118443.8,42417.9,44809.7,60152.1,102053.1,89537.8,448.9,27.7,4.3,884,24.1,6.2,146,739,893,1087,1508,1750,2244,1996,5720,447
1774025157,3,542087.6,510478.0,116353.9,113280.7,40996.6,43076.4,59035.7,99713.1,89467.7,523.9,27.7,4.4,954,24.2,6.2,147,739,893,1087,1509,1751,2244,1997,5721,447
1774025459,3,520853.8,491046.2,113167.9,110294.2,40238.3,42156.4,57637.9,98333.6,89399.9,594.6,27.7,4.4,1094,24.2,6.3,146,739,893,1087,1509,1751,2244,1997,5720,447
1774025759,3,503213.4,474319.2,110594.8,107742.5,39571.3,41352.7,57092.9,97199.2,89334.6,689.3,27.7,4.4,1179,24.2,6.4,146,739,894,1087,1509,1750,2244,1997,5720,447
1774026057,3,491749.7,463598.8,109027.7,106157.5,39078.8,40944.4,56430.1,95985.8,89271.2,774.5,27.7,4.5,1323,24.2,6.4,146,739,894,1087,1509,1750,2243,1996,5720,447
1774026357,3,483280.0,455109.6,107336.9,104547.2,38620.7,40310.0,55930.1,95353.0,89211.5,873.5,27.8,4.4,1444,24.2,6.4,146,739,894,1088,1509,1751,2244,1997,5723,448
1774026659,3,475321.8,448267.2,106134.1,103323.3,38269.1,39938.2,55378.4,94687.8,89153.8,965.0,27.8,4.5,1535,24.2,6.5,147,739,894,1088,1510,1752,2245,1998,5725,448
1774026957,3,467828.4,442849.5,104855.4,102138.8,37921.5,39473.8,55070.6,93842.6,89100.0,1036.6,27.8,4.5,1667,24.2,6.5,146,739,894,1088,1510,1751,2245,1998,5725,448
1774027257,3,463976.4,438119.2,103870.9,101317.0,37648.5,39263.8,54885.3,93525.6,89046.7,1137.6,27.7,4.5,1775,24.2,6.5,146,740,894,1088,1510,1752,2246,1998,5727,448
1774027557,3,459578.9,432434.8,102897.6,100302.8,37383.0,38916.9,54664.9,93123.2,88997.0,1231.6,27.7,4.5,1931,24.2,6.5,147,740,895,1088,1511,1752,2246,1998,5727,447
1774027859,3,454348.2,429745.4,102389.9,99474.0,37243.6,38780.8,54179.7,92789.0,88950.1,1326.8,27.8,4.5,2042,24.3,6.5,147,740,895,1089,1511,1753,2246,1999,5728,447
1774028158,3,451501.9,425975.1,101622.9,98556.2,37013.6,38520.6,54121.4,92369.3,88904.4,1412.4,27.8,4.5,2187,24.2,6.5,147,740,895,1088,1510,1752,2245,1998,5727,448
1774028457,3,447746.5,421950.5,100577.6,97390.4,36908.6,38317.2,53978.5,92420.2,88862.4,1521.0,27.8,4.5,2228,24.2,6.5,146,740,894,1088,1510,1752,2246,1997,5727,448
1774028759,3,444672.8,419776.2,100184.1,96937.8,36609.4,38118.6,53715.4,91785.4,88821.6,1624.7,27.8,4.5,2476,24.3,6.5,146,740,895,1088,1511,1752,2246,1998,5729,448
1774029059,3,439832.1,414983.1,99282.8,96383.9,36519.5,38006.7,53422.6,91474.6,88782.0,1715.2,27.8,4.5,2534,24.2,6.5,147,740,895,1089,1511,1753,2246,1999,5729,448
1774029357,3,437940.8,412183.9,98175.4,95687.1,36364.2,37776.5,53359.1,90881.2,88745.4,1806.6,27.8,4.6,2698,24.3,6.5,147,740,895,1089,1512,1753,2247,1999,5732,448
1774029657,3,435591.5,410514.4,97571.2,94916.7,36126.2,37617.4,53127.6,90664.9,88711.3,1897.6,27.8,4.5,2791,24.3,6.6,147,741,895,1089,1512,1753,2247,1999,5733,448
1774029959,3,434143.3,408718.3,97419.1,94740.9,36061.3,37405.2,53047.7,90629.9,88677.6,1994.0,27.8,4.5,2999,24.3,6.5,147,741,896,1089,1512,1753,2247,1999,5732,448
1774030259,3,430396.5,405400.0,96858.7,94074.6,35866.5,37244.0,52692.7,90016.6,88646.4,2099.7,27.8,4.5,3040,24.3,6.6,147,740,896,1089,1511,1753,2246,1998,5730,448
1774030557,3,427360.1,402896.9,96137.0,93448.3,35726.2,37150.5,52525.5,89592.5,88616.8,2173.7,27.8,4.6,3228,24.3,6.6,147,740,895,1088,1510,1752,2245,1998,5729,448
1774030857,3,425451.8,401146.9,95719.9,92908.0,35507.9,36936.9,52380.6,89360.7,88588.8,2294.9,27.8,4.6,3290,24.3,6.6,146,739,894,1088,1510,1751,2245,1997,5727,448
1774031159,3,423621.0,399773.1,95505.9,92698.3,35492.7,36852.0,52230.9,89132.4,88561.0,2361.1,27.8,4.5,3489,24.3,6.6,146,740,895,1088,1511,1752,2247,1998,5731,448
1774031457,3,421581.0,396386.8,94867.9,91833.2,35385.0,36687.8,52040.6,88683.3,88536.1,2445.4,27.8,4.6,3598,24.3,6.6,146,739,895,1088,1511,1752,2246,1998,5730,448
1774032059,3,583734.4,549434.7,122691.6,119181.1,42676.5,45120.9,60995.6,103042.7,89567.1,434.8,27.7,4.2,895,24.1,6.2,147,740,895,1088,1511,1751,2245,1997,5729,448
1774032359,3,547929.6,514841.0,117314.4,114116.8,41237.2,43249.1,59404.2,100797.0,89497.9,506.6,27.7,4.3,956,24.2,6.3,147,740,895,1088,1510,1751,2245,1997,5729,448
1774032657,3,528018.8,497266.1,114280.9,111138.3,40482.8,42385.1,58280.7,99550.4,89430.2,583.1,27.7,4.4,1075,24.2,6.3,146,739,894,1088,1509,1750,2244,1996,5726,447
1774032957,3,512474.2,483871.5,111905.8,109079.9,39876.4,41683.9,57655.8,98311.9,89363.9,663.5,27.7,4.4,1168,24.2,6.4,146,739,894,1088,1509,1751,2244,1997,5727,448
1774033260,3,501362.3,472336.5,110135.4,107204.1,39371.1,41128.7,57140.2,97357.2,89300.5,765.5,27.8,4.4,1287,24.2,6.4,146,739,895,1088,1510,1751,2245,1998,5728,448
1774033557,3,492753.5,463998.3,108696.2,105581.4,38995.0,40703.4,56473.3,96373.7,89240.2,828.5,27.7,4.5,1395,24.2,6.4,1511,1752,2246,1998,1511,1752,2246,1997,5729,448
1774033860,3,484652.0,457354.2,107210.1,104299.3,38580.0,40397.8,56011.0,95575.4,89183.6,911.3,27.8,4.4,1512,24.2,6.4,1511,1753,2246,1998,1510,1752,2245,1998,5729,448
1774034159,3,479216.2,451781.0,106165.4,103521.1,38211.4,39919.4,55697.5,95328.1,89129.3,1009.8,27.8,4.5,1607,24.3,6.5,1512,1752,2247,1998,1510,1752,2246,1997,5729,448
1774034457,3,471211.3,444588.2,104739.2,101984.7,37884.6,39469.0,55620.4,94718.0,89077.1,1109.0,27.8,4.5,1701,24.3,6.5,1511,1753,2247,1999,1511,1753,2246,1998,5731,448
1774034759,3,467699.0,441200.0,104311.2,101298.8,37637.7,39370.3,55098.0,94133.6,89027.8,1199.3,27.8,4.5,1919,24.2,6.5,1512,1753,2247,1999,1511,1751,2245,1998,5729,448
1774035059,3,461708.3,435629.8,103232.0,100299.8,37445.5,38932.3,54821.7,93542.1,88980.1,1291.3,27.8,4.5,1953,24.3,6.5,1511,1753,2247,1999,1511,1752,2246,1998,5733,448
1774035357,3,459067.0,432373.8,102674.7,99646.9,37301.6,38799.5,54500.2,93329.7,88934.4,1380.5,27.8,4.5,2078,24.3,6.5,1511,1752,2247,1999,1511,1752,2246,1998,5733,448
1774035659,3,456977.2,431200.8,101997.5,98896.4,37081.9,38595.0,54315.8,92918.0,88890.9,1467.9,27.8,4.5,2251,24.2,6.5,1512,1753,2247,1998,1511,1752,2245,1998,5732,448
1774035957,3,453898.6,427255.6,101381.9,98033.5,36940.9,38381.9,54110.9,92649.6,88849.5,1573.9,27.8,4.5,2367,24.3,6.5,1512,1753,2247,1999,1511,1753,2247,1998,5733,448
1774036257,3,450203.1,424693.7,100469.9,97223.5,36718.7,38166.4,54023.3,92438.4,88810.1,1637.4,27.8,4.5,2435,24.3,6.6,1512,1752,2247,1998,1511,1752,2246,1998,5732,448
1774036559,3,447481.3,421637.0,99698.2,96751.8,36572.9,37948.6,53891.0,92145.3,88773.5,1760.2,27.8,4.5,2598,24.3,6.5,1511,1752,2246,1998,1511,1752,2246,1998,5731,448
1774036857,3,445866.9,420251.1,98947.0,96140.0,36484.4,37885.9,53769.1,91779.8,88738.3,1847.2,27.8,4.5,2715,24.2,6.6,1512,1753,2248,1999,1511,1752,2246,1998,5733,448
1774037157,3,442435.5,416852.2,98470.8,95746.8,36211.6,37748.3,53564.7,91845.9,88705.5,1932.5,27.8,4.5,2840,24.2,6.6,1512,1753,2248,1999,1511,1752,2246,1998,5733,448
1774037459,3,440246.2,414510.0,97903.1,95306.9,36173.4,37598.5,53443.7,91406.3,88673.8,2008.0,27.8,4.5,2992,24.3,6.6,1511,1752,2247,1998,1511,1752,2246,1998,5731,448
1774037757,3,437277.2,412609.3,97574.1,94766.4,36098.6,37510.2,53058.8,91075.7,88642.4,2102.6,27.8,4.5,3173,24.3,6.6,1511,1752,2246,1998,1510,1751,2245,1998,5730,448
1774038057,3,435800.6,410757.8,97163.7,94115.8,35973.1,37389.5,52877.1,90582.7,88613.2,2179.7,27.8,4.5,3209,24.3,6.6,1511,1752,2247,1999,1510,1752,2245,1998,5730,448
1774038359,3,432578.9,407794.4,96646.5,93576.9,35774.5,37215.6,52799.4,90245.9,88586.0,2285.3,27.8,4.5,3373,24.2,6.6,1512,1753,2248,1999,1511,1752,2246,1998,5733,448
1774038659,3,430610.8,403874.2,95965.7,93154.8,35659.3,37004.0,52621.6,89979.7,88558.8,2400.0,27.8,4.5,3485,24.2,6.6,1510,1752,2246,1998,1510,1751,2245,1998,5729,448
1774039259,3,595070.8,560615.8,124193.5,120714.6,43056.7,45415.0,61411.4,103853.8,89574.5,416.7,27.6,4.2,854,24.1,6.1,1511,1752,2246,1998,1510,1751,2245,1997,5728,448
1774039557,3,560054.8,527145.9,118823.5,115544.9,41625.2,43681.5,59895.6,102098.0,89504.6,482.6,27.7,4.3,944,24.2,6.3,1510,1751,2246,1998,1510,1751,2245,1997,5728,448
1774039857,3,541127.4,509729.1,115870.9,112650.6,40909.5,42813.3,58966.3,100499.5,89435.5,560.0,27.7,4.3,1030,24.2,6.3,1510,1751,2246,1998,1509,1750,2244,1996,5726,447
1774040159,3,525798.8,495617.6,113687.4,110567.6,40253.9,42108.4,58224.8,99409.8,89370.0,648.5,27.7,4.4,1130,24.2,6.4,1510,1751,2246,1998,1510,1751,2245,1998,5729,448
1774040457,3,514519.2,485071.7,112006.9,109025.0,39755.3,41558.9,57791.9,98251.0,89306.1,723.3,27.7,4.4,1249,24.2,6.4,1510,1752,2246,1998,1510,1751,2246,1998,5730,448
1774040757,3,506507.5,477270.9,110414.8,107345.9,39322.6,41125.3,57304.0,97877.3,89244.7,810.6,27.7,4.4,1340,24.2,6.4,1511,1752,2246,1998,1510,1751,2246,1997,5729,448
1774041059,3,497741.0,468771.8,109267.7,106236.0,39000.7,40789.7,56682.3,96854.7,89186.2,888.7,27.7,4.4,1470,24.2,6.4,1510,1751,2246,1998,1509,1751,2245,1997,5727,448
1774041357,3,490216.9,461785.2,107941.1,105045.1,38658.4,40515.4,56384.3,96708.5,89129.8,987.0,27.7,4.4,1566,24.2,6.5,1510,1752,2246,1999,1510,1751,2245,1997,5728,448
1774041659,3,485104.7,457176.5,106828.3,103963.1,38382.2,40082.0,56133.6,96085.4,89075.7,1072.5,27.7,4.4,1714,24.2,6.5,1511,1752,2247,1998,1510,1751,2246,1998,5730,448
1774041959,3,482747.2,455334.8,106322.6,103464.5,38182.9,39778.5,55802.9,95584.5,89024.4,1166.7,27.7,4.4,1811,24.2,6.5,1511,1753,2247,1999,1510,1752,2246,1998,5731,448
1774042257,3,478035.5,450638.0,105316.9,102572.4,38021.2,39560.0,55807.1,94952.9,88975.9,1242.6,27.7,4.4,1970,24.2,6.5,1008,1169,1499,1333,1512,1753,2248,1999,5735,448
1774042557,3,474362.5,447176.7,104876.6,101964.2,37811.8,39446.3,55239.5,94708.8,88929.4,1332.5,27.7,4.5,2027,24.1,6.6,1511,1752,2246,1999,1511,1752,2245,1998,5731,448
1774042859,3,471661.3,444254.3,104271.8,101190.9,37603.6,39147.8,55188.4,94708.2,88884.8,1444.8,27.7,4.5,2163,24.1,6.5,1510,1750,2245,1997,1509,1750,2244,1997,5724,447
1774043157,3,467618.4,440684.7,103546.3,100492.6,37471.4,39008.4,55112.2,94175.0,88842.2,1508.8,27.7,4.5,2336,24.1,6.5,1510,1751,2246,1998,1509,1750,2244,1996,5725,448
1774043457,3,465743.2,437866.3,102921.4,99558.0,37254.5,38760.2,54827.6,93931.5,88801.1,1601.6,27.7,4.5,2370,24.2,6.5,1510,1751,2246,1998,1509,1751,2245,1997,5725,448
1774043757,3,460916.4,433499.2,102338.2,99079.0,37121.8,38627.1,54654.9,93356.2,88763.3,1699.8,27.6,4.5,2541,24.1,6.5,1510,1752,2245,1998,1509,1751,2245,1997,5727,448
1774044059,3,458720.8,432534.6,101915.7,98341.3,36996.2,38467.9,54419.5,93268.5,88726.0,1771.9,27.7,4.5,2677,24.1,6.6,1510,1751,2246,1998,1510,1751,2245,1997,5727,448
1774044357,3,453508.2,427133.0,100920.3,97687.1,36791.4,38313.9,54244.4,92783.9,88692.0,1876.8,27.6,4.5,2842,24.1,6.6,1510,1751,2246,1998,1510,1751,2245,1997,5728,448
1774044657,3,453964.2,427940.1,100538.7,97376.5,36667.6,38264.4,54301.7,93105.9,88660.1,1960.3,27.7,4.5,2891,24.1,6.6,1510,1751,2245,1998,1509,1750,2244,1996,5723,448
1774044957,3,452188.2,425625.1,99858.4,96950.4,36566.5,38070.1,53989.6,92512.5,88629.7,2044.1,27.7,4.5,3013,24.1,6.6,1510,1751,2245,1998,1510,1751,2245,1997,5726,448
1774045259,3,447725.8,421823.4,99041.1,96272.4,36408.6,37786.3,53651.6,92175.1,88602.7,2132.0,27.7,4.5,3193,24.2,6.6,1511,1752,2247,1999,1510,1752,2246,1998,5731,448
1774045559,3,444562.5,418413.0,98308.6,95471.1,36194.6,37629.0,53486.9,91915.6,88576.9,2244.2,27.7,4.5,3248,24.2,6.6,1511,1752,2247,1999,1510,1751,2245,1998,5728,448
1774045857,3,442116.0,416007.8,97905.1,95057.3,36013.6,37442.4,53295.5,91540.2,88552.3,2311.8,27.7,4.5,3458,24.2,6.6,1511,1752,2246,1998,1510,1751,2245,1997,5728,448
1774046459,3,604861.1,568342.9,125066.9,121419.4,43172.8,45407.0,61812.4,104559.6,89559.2,420.8,27.6,4.2,848,24.1,6.2,1510,1751,2245,1998,1509,1750,2243,1996,5724,447
1774046759,3,565702.1,532994.2,119264.3,115886.3,41591.3,43717.0,60389.0,102149.0,89493.1,481.6,27.7,4.3,947,24.1,6.2,1510,1751,2245,1997,1509,1750,2244,1996,5723,447
1774047057,3,544789.4,512759.1,115895.7,112578.2,40876.8,42784.8,59034.4,100763.4,89426.4,554.7,27.7,4.3,1031,24.2,6.3,1509,1750,2245,1997,1509,1751,2244,1997,5725,447
1774047357,3,528842.2,498087.4,113666.5,110332.7,40219.1,41990.7,58567.6,99756.8,89363.2,634.7,27.7,4.4,1095,24.2,6.4,1509,1751,2244,1997,1508,1750,2243,1996,5724,447
1774047659,3,516187.4,485044.8,111800.1,108604.3,39680.9,41448.6,57788.2,98526.7,89302.3,714.5,27.8,4.4,1210,24.2,6.4,1509,1751,2245,1997,1509,1750,2244,1997,5724,447
1774047959,3,507127.2,477493.2,110283.4,107089.8,39286.0,41026.7,57376.4,97791.1,89244.6,802.5,27.8,4.4,1335,24.3,6.5,1511,1752,2246,1999,1510,1751,2246,1998,5728,448
1774048257,3,498563.4,469499.8,108730.9,105520.3,38856.6,40545.6,56656.6,96723.6,89189.1,879.9,27.8,4.4,1433,24.3,6.4,1510,1752,2246,1998,1509,1750,2244,1997,5726,448
1774048557,3,488566.3,459843.4,107179.0,104300.8,38467.5,40184.5,56318.8,96275.4,89136.2,971.2,27.8,4.4,1574,24.3,6.5,1510,1751,2245,1998,1509,1750,2243,1997,5725,448
1774048857,3,483479.7,455058.5,106096.8,103063.1,38146.1,39758.4,55892.1,95701.3,89085.2,1057.3,27.8,4.4,1676,24.3,6.5,1510,1752,2246,1999,1510,1751,2244,1997,5727,448
1774049159,3,478341.9,449746.9,105059.0,102002.9,37839.5,39506.2,55557.3,94989.6,89035.8,1132.3,27.9,4.4,1811,24.4,6.5,1509,1751,2244,1997,1508,1750,2243,1996,5722,447
1774049459,3,473195.2,444487.3,104232.5,100971.8,37627.8,39208.9,55383.4,94524.8,88990.4,1243.5,27.9,4.5,1924,24.4,6.6,1510,1751,2246,1998,1509,1750,2244,1997,5724,448
1774049757,3,467524.3,439936.7,103125.9,99738.8,37376.6,38873.2,54898.2,93838.8,88946.8,1326.6,27.9,4.5,2066,24.4,6.6,1510,1751,2246,1997,1509,1751,2245,1997,5727,448
1774050058,3,461793.7,434226.2,102190.7,98519.7,37163.9,38637.6,54620.1,93458.3,88903.5,1409.0,27.9,4.5,2140,24.4,6.6,1509,1750,2244,1997,1508,1750,2243,1996,5725,447
1774050357,3,459029.9,430709.0,101480.5,97739.9,36886.2,38404.9,54379.8,93141.9,88862.9,1527.9,28.0,4.5,2305,24.4,6.6,1510,1751,2245,1998,1510,1751,2244,1997,5726,447
1774050659,3,453865.5,426114.8,100295.5,97139.4,36699.2,38287.2,54330.2,92581.9,88824.0,1600.9,28.0,4.5,2475,24.5,6.6,1512,1752,2247,1999,1511,1752,2246,1998,5731,448
1774050959,3,450487.6,424193.9,99463.8,96430.8,36472.5,37996.8,53909.0,92099.5,88786.7,1701.7,28.0,4.5,2515,24.5,6.6,1511,1752,2246,1998,1510,1752,2246,1997,5729,448
1774051257,3,448415.5,420938.9,98724.9,95800.1,36326.9,37770.7,53645.5,91487.9,88752.2,1783.8,28.0,4.5,2661,24.5,6.6,1511,1752,2246,1998,1511,1752,2246,1998,5731,448
1774051557,3,442881.2,416494.6,97822.6,95007.0,36181.8,37623.0,53495.8,91705.7,88718.1,1892.8,28.0,4.5,2795,24.5,6.6,1510,1752,2246,1997,1510,1752,2245,1997,5728,447
1774051859,3,440427.0,414090.2,97392.8,94518.5,36016.0,37412.5,53280.9,91267.8,88684.4,1999.0,28.0,4.5,2945,24.5,6.6,1510,1751,2246,1997,1509,1751,2245,1997,5728,447
1774052157,3,437505.5,411415.8,96731.9,93592.2,35849.9,37218.1,53061.3,90940.3,88652.6,2072.3,28.1,4.5,3092,24.5,6.6,1510,1751,2246,1997,1509,1751,2244,1997,5725,448
1774052457,3,434675.9,408600.8,96347.9,93336.3,35678.7,37070.0,52834.8,90561.9,88622.3,2145.8,28.1,4.5,3146,24.6,6.7,1509,1751,2244,1997,1508,1750,2243,1996,5723,447
1774052757,3,430364.9,403959.7,95645.4,92513.4,35557.9,36835.8,52648.9,90041.4,88593.4,2242.9,28.1,4.5,3324,24.6,6.7,1509,1750,2244,1997,1509,1750,2243,1996,5723,447
1774053059,3,428408.2,401944.8,95005.9,91895.7,35333.1,36697.6,52427.7,89550.5,88565.6,2356.4,28.1,4.5,3453,24.6,6.7,1509,1751,2245,1998,1509,1751,2244,1997,5725,448
1774053657,3,591518.6,555088.5,122467.0,118621.9,42519.9,44831.7,61147.0,103650.0,89491.7,416.8,28.0,4.2,822,24.5,6.2,1510,1751,2245,1997,1509,1750,2243,1997,5723,447
1774053959,3,555251.8,521963.9,117028.6,113478.4,41211.2,43209.0,59467.5,101133.2,89424.9,481.9,28.1,4.3,923,24.5,6.3,1510,1750,2244,1997,1508,1750,2243,1996,5723,447
1774054259,3,534161.2,501997.2,114081.7,110863.8,40467.9,42377.1,58382.6,99760.2,89358.7,574.0,28.1,4.4,1047,24.6,6.4,1509,1751,2245,1997,1509,1750,2243,1996,5722,447
1774054557,3,518862.5,487722.3,111774.9,108586.4,39766.9,41713.6,57772.9,98291.9,89294.2,646.7,28.1,4.4,1133,24.6,6.5,1510,1751,2245,1997,1510,1751,2244,1997,5725,447
1774054857,3,507623.4,477048.5,109983.3,106827.3,39337.0,41170.3,57107.9,97766.3,89233.3,740.6,28.1,4.4,1260,24.6,6.5,1510,1752,2246,1998,1510,1751,2244,1998,5726,448
1774055159,3,499229.6,468638.1,108341.0,105223.8,38886.8,40719.9,56488.2,96698.0,89174.2,817.1,28.1,4.4,1362,24.6,6.5,1509,1750,2244,1997,1509,1750,2243,1996,5723,447
1774055459,3,490289.2,460728.7,107364.9,104069.0,38503.5,40287.2,56327.8,96155.6,89117.8,887.8,28.1,4.4,1478,24.6,6.5,1509,1751,2245,1998,1509,1750,2244,1997,5725,447
1774055757,3,482349.0,453494.8,105800.4,102685.4,38171.5,39842.6,55704.5,95303.8,89064.1,984.4,28.2,4.4,1604,24.6,6.5,1509,1751,2245,1997,1508,1750,2244,1996,5725,447
1774056057,3,476838.2,448575.0,104787.2,101818.3,37895.2,39580.2,55541.5,94751.0,89013.5,1069.2,28.2,4.5,1654,24.7,6.5,1510,1752,2246,1998,1509,1751,2245,1997,5728,447
1774056359,3,474054.0,445608.9,103864.6,100669.8,37648.1,39278.4,55090.3,94552.5,88965.7,1178.6,28.2,4.4,1848,24.7,6.6,1510,1751,2245,1998,1508,1751,2244,1996,5725,447
1774056659,3,467452.7,439104.0,102724.5,99446.3,37340.5,38965.7,54862.8,93858.1,88919.2,1257.6,28.2,4.5,1907,24.7,6.6,1508,1751,2245,1997,1507,1750,2243,1996,5723,447
1774056957,3,461817.0,434388.5,102104.2,98423.8,37131.8,38693.2,54578.4,93495.2,88874.4,1353.0,28.2,4.5,2070,24.7,6.6,1508,1750,2244,1996,1507,1749,2242,1995,5722,447
1774057257,3,457870.9,430124.2,100716.0,97542.6,36855.1,38546.6,54373.0,93109.6,88832.0,1422.7,28.2,4.5,2129,24.7,6.6,1508,1750,2244,1997,1507,1749,2243,1995,5723,447
1774057559,3,454368.1,426465.1,99548.2,96786.7,36644.1,38224.5,54138.4,92554.2,88791.1,1524.1,28.2,4.5,2303,24.7,6.6,1508,1750,2244,1997,1507,1750,2243,1995,5723,447
1774057859,3,450078.1,423148.8,99121.3,96121.3,36527.9,38041.1,53891.6,92460.4,88751.9,1614.6,28.2,4.5,2377,24.7,6.7,1508,1750,2243,1996,1507,1749,2242,1995,5720,447
1774058157,3,446664.4,419234.8,98393.5,95501.3,36323.6,37860.3,53728.0,91892.9,88714.1,1696.3,28.2,4.5,2550,24.7,6.6,1508,1750,2244,1996,1507,1749,2242,1995,5722,447
1774058457,3,444883.5,417353.0,98018.9,95164.9,36164.9,37714.3,53531.2,91689.5,88676.8,1773.2,28.3,4.5,2662,24.7,6.7,1508,1750,2244,1996,1508,1750,2243,1995,5722,447
1774058759,3,440281.7,414206.8,97259.6,94319.8,36004.9,37567.9,53347.3,91421.0,88640.9,1882.0,28.3,4.5,2796,24.8,6.6,1508,1751,2245,1997,1508,1751,2244,1996,5725,447
1774059057,3,439278.5,412655.2,96803.0,93801.5,35918.3,37418.3,53202.8,91168.2,88607.5,1963.7,28.3,4.5,2938,24.7,6.6,1509,1751,2245,1996,1508,1750,2244,1996,5724,448
1774059357,3,436438.5,410390.5,96360.4,93307.5,35748.2,37226.3,52904.6,90627.2,88576.8,2058.6,28.3,4.5,3006,24.8,6.6,1509,1751,2245,1997,1508,1750,2244,1996,5724,447
1774059659,3,434052.6,407673.5,95951.4,92677.8,35623.7,37056.1,52695.1,90264.4,88548.2,2151.1,28.3,4.5,3198,24.8,6.7,1510,1752,2246,1998,1508,1751,2245,1997,5726,448
1774059959,3,431013.0,404458.2,95371.8,92156.0,35475.0,36841.4,52604.0,89973.3,88519.2,2229.9,28.3,4.5,3253,24.8,6.7,1509,1752,2245,1998,1509,1751,2244,1998,5727,448
1774060257,3,426109.2,400210.4,94523.9,91083.1,35343.0,36822.3,52369.7,89660.6,88490.3,2348.8,28.3,4.5,3401,24.8,6.7,1509,1751,2245,1998,1508,1751,2244,1997,5726,448
1774060859,3,589604.6,554147.3,121888.6,118201.8,42503.6,44923.1,60935.2,103516.6,89445.4,405.0,28.2,4.2,814,24.7,6.3,1507,1749,2243,1995,1506,1748,2242,1994,5717,447
1774061157,3,554225.0,521086.1,116600.6,113032.4,41147.6,43197.4,59449.4,101423.4,89376.1,507.8,28.2,4.3,940,24.7,6.3,1506,1748,2242,1995,1505,1747,2241,1994,5717,447
1774061457,3,535110.7,502907.7,113951.2,110407.0,40388.3,42437.4,58628.4,100033.6,89306.8,558.3,28.2,4.3,1004,24.7,6.4,1506,1748,2242,1995,1505,1748,2241,1995,5717,447
1774061759,3,522385.5,491430.3,111747.5,108524.8,39899.9,41807.7,57824.8,98807.5,89240.4,634.0,28.2,4.3,1093,24.7,6.5,1506,1749,2242,1996,1505,1748,2241,1995,5718,447
1774062057,3,511549.5,481178.4,110018.8,106961.8,39397.6,41290.9,57471.0,98103.3,89176.1,713.4,28.2,4.4,1213,24.7,6.5,1507,1749,2243,1996,1506,1748,2242,1995,5719,447
1774062357,3,503652.0,472582.5,108841.8,105744.4,39046.0,40873.1,56940.5,97395.5,89114.5,821.2,28.3,4.4,1318,24.7,6.5,1506,1749,2242,1995,1506,1748,2242,1995,5719,447
1774062659,3,496954.2,466630.8,107595.6,104434.6,38675.9,40504.3,56644.0,96765.4,89055.6,885.0,28.2,4.4,1470,24.7,6.5,1507,1749,2243,1996,1506,1748,2242,1995,5719,447
1774062959,3,489438.3,460176.5,106559.2,103453.4,38402.4,40013.5,56108.5,96124.3,88999.7,974.8,28.2,4.4,1490,24.7,6.6,1507,1749,2242,1995,1506,1748,2242,1995,5720,447
1774063257,3,484832.4,454752.2,105529.7,102475.1,38060.5,39796.0,55765.8,95801.1,88946.6,1057.9,28.2,4.4,1669,24.7,6.5,1507,1749,2243,1996,1506,1748,2242,1995,5719,447
1774063557,3,478292.0,449378.8,104628.7,101554.6,37828.9,39538.3,55578.1,95297.0,88895.2,1144.9,28.2,4.4,1772,24.7,6.6,1507,1749,2242,1996,1506,1748,2241,1995,5718,447
1774063859,3,474892.6,445917.9,103800.9,100305.3,37616.0,39321.1,55342.3,94953.0,88846.8,1235.5,28.2,4.4,1858,24.7,6.6,1507,1750,2244,1996,1507,1749,2243,1995,5720,447
1774064157,3,472769.9,443693.2,103295.0,99756.0,37425.8,39152.6,55282.4,94584.3,88800.7,1325.5,28.2,4.4,2015,24.7,6.6,1507,1750,2243,1996,1507,1749,2242,1995,5720,447
1774064457,3,468944.9,439897.9,102589.6,98911.0,37273.8,38868.9,54914.3,94138.0,88756.1,1423.2,28.2,4.5,2115,24.7,6.6,1507,1749,2243,1996,1507,1749,2242,1995,5719,447
1774064759,3,465786.7,437400.1,101922.0,98399.1,37149.8,38745.2,54776.9,94035.3,88713.4,1495.3,28.2,4.4,2249,24.7,6.6,1508,1750,2244,1997,1507,1749,2242,1996,5721,447
1774065059,3,463896.4,435611.6,101502.2,98127.7,37031.8,38570.7,54731.4,93712.9,88672.6,1587.0,28.2,4.5,2392,24.7,6.6,1508,1750,2244,1996,1507,1749,2243,1996,5720,447
1774065357,3,460677.9,432637.4,100303.5,97413.8,36800.1,38418.0,54517.1,93607.7,88633.9,1676.7,28.2,4.5,2513,24.7,6.6,1507,1750,2244,1997,1506,1749,2243,1996,5720,447
1774065657,3,458217.9,429515.8,99939.1,96894.0,36753.0,38338.6,54339.7,93143.5,88596.6,1755.5,28.1,4.5,2581,24.7,6.6,1507,1749,2243,1996,1506,1749,2242,1995,5719,447
1774065957,3,457600.0,429731.0,99689.3,96604.9,36606.8,38107.6,54181.7,93029.3,88560.7,1844.0,28.2,4.5,2746,24.7,6.6,1508,1750,2244,1997,1507,1749,2243,1996,5721,447
1774066257,3,453783.1,425328.8,98985.3,95949.8,36413.9,37926.9,54011.0,92772.8,88526.4,1926.2,28.1,4.5,2865,24.6,6.7,1507,1750,2243,1997,1507,1749,2243,1995,5720,447
1774066559,3,451432.7,423604.4,98595.1,95412.8,36359.8,37828.0,53903.1,92820.6,88493.0,2007.0,28.1,4.5,2974,24.6,6.7,1507,1750,2244,1996,1507,1749,2242,1995,5719,447
1774066859,3,448162.5,420722.3,98238.7,95171.3,36196.7,37693.8,53817.6,92207.0,88461.0,2084.1,28.1,4.5,3069,24.6,6.6,1508,1750,2244,1997,1507,1750,2243,1996,5722,447
1774067159,3,447562.1,419810.5,97953.3,94860.0,36161.4,37640.3,53746.1,91985.7,88431.0,2188.5,28.1,4.5,3212,24.6,6.7,1507,1750,2244,1996,1507,1750,2243,1996,5721,447
1774067459,3,446603.9,418727.2,97688.5,94688.9,36026.5,37523.8,53518.2,91998.3,88403.1,2285.3,28.1,4.5,3383,24.6,6.7,1508,1750,2243,1996,1507,1750,2242,1996,5719,447
1774068059,3,619818.6,581184.5,126155.0,121891.6,43385.0,45908.8,62345.3,105929.8,89417.1,403.0,28.0,4.2,798,24.4,6.2,1510,1752,2245,1999,1509,1752,2245,1997,5725,447
1774068357,3,582735.2,548023.6,120590.5,116889.9,42027.4,44403.6,60923.6,103994.4,89346.3,465.6,28.0,4.2,899,24.5,6.4,1509,1751,2245,1997,1508,1750,2244,1996,5723,447
1774068657,3,562389.0,528735.4,117562.8,114119.7,41228.6,43336.9,60256.0,102760.7,89276.1,543.4,28.0,4.3,945,24.5,6.4,1510,1751,2245,1997,1509,1751,2245,1997,5725,448
1774068957,3,549760.5,516069.2,115492.5,112055.2,40650.8,42634.0,59416.0,101570.8,89209.3,613.9,28.0,4.3,1092,24.5,6.4,1509,1751,2244,1997,1508,1750,2243,1996,5723,447
1774069257,3,535453.6,502910.8,113971.3,110452.8,40293.8,42204.9,58870.9,100538.7,89144.6,684.8,28.0,4.3,1183,24.5,6.5,1510,1752,2245,1998,1509,1751,2244,1997,5726,448
1774069557,3,528880.4,496847.2,112677.4,109336.4,39917.1,41838.4,58385.9,99777.7,89082.5,767.4,28.0,4.4,1283,24.5,6.5,1511,1753,2246,1999,1510,1752,2246,1998,5727,448
1774069857,3,521427.5,490019.0,111563.3,108175.5,39521.8,41431.1,57935.4,98872.4,89023.4,848.9,28.0,4.3,1376,24.5,6.5,1510,1752,2246,1998,1510,1752,2245,1998,5727,448
1774070159,3,515577.6,484638.9,110463.6,107107.9,39259.1,41038.8,57637.8,98280.4,88966.6,926.6,28.0,4.4,1506,24.5,6.5,1511,1753,2246,1999,1511,1752,2245,1998,5727,448
1774070459,3,510467.4,478664.7,109522.7,106280.7,38882.4,40788.1,57431.9,98319.0,88913.4,1010.8,28.0,4.4,1598,24.5,6.5,1511,1752,2246,1998,1510,1752,2245,1997,5726,448
1774070759,3,505118.8,473694.7,108350.8,105186.9,38669.1,40456.9,57111.9,97837.5,88862.3,1099.8,28.0,4.4,1681,24.5,6.5,1510,1752,2246,1998,1509,1752,2245,1998,5727,448
1774071057,3,501618.9,471148.9,107660.5,104515.9,38581.0,40292.5,56934.9,97572.4,88813.4,1192.5,28.0,4.4,1835,24.5,6.6,1507,1749,2243,1996,1506,1749,2243,1996,5717,447
1774071357,3,497585.8,466823.5,107107.1,103836.7,38320.7,40041.5,56699.8,97061.6,88766.8,1256.0,28.0,4.4,1918,24.5,6.6,1507,1750,2243,1996,1507,1749,2242,1995,5718,447
1774071659,3,494106.7,463552.0,106598.8,103448.8,38206.4,39889.6,56532.4,96685.0,88722.6,1344.2,28.0,4.4,2072,24.5,6.6,1507,1750,2243,1996,1506,1749,2242,1995,5718,447
1774071959,3,489892.5,459806.5,105890.9,102699.6,37973.2,39662.2,56179.5,96471.9,88680.1,1445.6,28.0,4.5,2145,24.4,6.6,1507,1750,2244,1996,1507,1750,2243,1996,5718,446
1774072257,3,488111.8,457963.3,105362.7,102010.9,37889.3,39468.1,56158.9,96125.4,88639.9,1522.3,27.9,4.4,2296,24.4,6.6,1508,1750,2243,1997,1507,1749,2243,1996,5717,447
1774072557,3,484032.2,454476.7,104807.9,101076.2,37722.3,39267.6,56004.7,95735.5,88601.2,1609.4,27.9,4.4,2389,24.4,6.6,1508,1750,2243,1996,1507,1750,2242,1996,5720,447
1774072857,3,481223.8,451441.4,103984.1,100447.7,37587.9,39207.6,55682.5,95797.7,88564.9,1677.6,27.9,4.4,2450,24.4,6.6,1507,1750,2243,1996,1507,1750,2242,1996,5719,447
1774073157,3,478700.8,450204.3,103662.4,99906.9,37518.6,38976.9,55472.7,95577.0,88530.7,1756.1,27.9,4.4,2615,24.4,6.6,1507,1750,2244,1996,1507,1749,2242,1996,5717,447
1774073459,3,475856.5,445951.1,102803.7,99174.3,37308.1,38847.5,55577.0,95364.4,88498.5,1849.5,27.9,4.4,2764,24.4,6.6,1508,1751,2243,1997,1507,1750,2242,1996,5719,447
1774073759,3,474883.6,444904.8,102605.9,98968.6,37081.6,38657.7,55214.2,94909.8,88467.5,1931.5,27.9,4.4,2870,24.4,6.6,1508,1750,2243,1997,1508,1750,2243,1997,5719,447
1774074057,3,473140.4,443703.3,102036.7,98446.9,37079.6,38602.9,55176.0,94771.8,88438.3,2016.0,27.9,4.5,2973,24.4,6.6,1508,1751,2244,1997,1507,1750,2243,1996,5720,447
1774074357,3,469323.6,440933.4,101777.0,98137.7,36952.9,38459.5,54911.0,94609.7,88410.5,2092.1,27.9,4.4,3078,24.4,6.6,1509,1752,2245,1998,1509,1751,2244,1998,5723,447
1774074657,3,467375.8,438264.7,101013.8,97675.4,36823.2,38274.3,54947.4,94079.6,88384.1,2164.0,27.9,4.5,3150,24.4,6.6,1509,1752,2245,1998,1509,1751,2244,1997,5723,447
1774075259,3,643474.2,602886.5,129142.9,124871.0,44256.9,46663.5,63664.1,107730.5,89425.9,381.4,27.8,4.1,763,24.3,6.2,1509,1751,2245,1998,1508,1751,2243,1997,5722,447
1774075557,3,603641.5,565934.9,123671.7,119790.3,42893.9,45287.4,62478.9,105911.6,89355.9,464.1,27.8,4.2,851,24.3,6.3,1509,1751,2244,1997,1508,1751,2244,1997,5722,447
1774075857,3,583507.6,547344.8,120567.2,116988.6,41920.6,44490.9,61348.7,104891.2,89285.9,508.3,27.8,4.2,952,24.3,6.4,1509,1751,2244,1998,1509,1751,2244,1997,5723,447
1774076159,3,568865.4,534518.4,118716.9,115080.7,41419.3,43566.4,60461.6,103846.1,89219.4,583.7,27.9,4.3,1062,24.4,6.4,1509,1751,2244,1998,1508,1751,2243,1997,5721,447
1774076459,3,558227.6,522707.0,116575.8,113021.6,40914.5,42948.2,59814.1,102589.0,89154.5,666.8,27.9,4.3,1155,24.4,6.4,1509,1752,2245,1998,1508,1751,2244,1997,5722,447
1774076757,3,546971.3,514151.4,115357.2,111857.2,40514.0,42506.8,59279.8,101982.1,89093.1,750.5,27.9,4.3,1237,24.4,6.4,1508,1751,2244,1997,1508,1751,2243,1997,5722,447
1774077057,3,539447.4,506524.6,114148.8,110616.5,40058.1,42071.1,59050.1,101147.1,89035.3,809.7,27.9,4.3,1323,24.4,6.5,1509,1751,2244,1998,1509,1751,2244,1997,5723,447
1774077359,3,532942.9,499628.6,113045.0,109639.3,39911.6,41752.6,58750.3,100737.6,88980.5,896.8,27.9,4.4,1440,24.4,6.5,1509,1751,2244,1997,1508,1750,2244,1996,5722,447
1774077659,3,526888.3,494844.5,111998.1,108501.2,39527.9,41418.3,58275.8,100050.7,88926.8,976.0,27.9,4.3,1567,24.4,6.5,1508,1751,2243,1998,1508,1751,2243,1997,5722,447
1774077957,3,522624.0,490147.8,111162.0,107732.3,39425.4,41151.5,58078.5,99576.5,88875.4,1057.9,27.9,4.4,1664,24.4,6.5,1509,1751,2245,1998,1508,1751,2243,1997,5722,447
1774078257,3,517983.0,487291.4,110433.9,107028.1,39038.2,40901.5,57969.6,99183.6,88826.5,1136.8,27.9,4.4,1769,24.4,6.5,1509,1751,2244,1998,1508,1751,2243,1997,5721,447
1774078557,3,514029.6,481834.9,109541.5,106166.5,38947.4,40709.4,57703.3,99205.0,88780.2,1215.2,27.9,4.4,1859,24.4,6.6,1509,1751,2245,1997,1509,1751,2244,1997,5723,447
1774078859,3,511300.8,478938.9,108942.2,105490.5,38690.0,40485.3,57428.2,98797.8,88735.9,1283.0,27.9,4.4,1986,24.4,6.6,1509,1751,2245,1998,1508,1751,2243,1997,5722,447
1774079159,3,506943.0,476060.8,108176.7,104804.2,38588.1,40280.2,57379.8,98437.7,88693.6,1363.8,27.9,4.4,2069,24.3,6.6,1509,1751,2244,1998,1508,1750,2243,1997,5722,447
1774079457,3,503793.5,471973.2,107566.8,104140.3,38393.9,40068.8,56992.3,97949.5,88653.4,1440.0,27.9,4.4,2205,24.4,6.6,1509,1752,2245,1999,1509,1752,2245,1998,5725,447
1774079757,3,498394.8,468488.5,106996.9,103553.1,38155.1,39852.7,56798.5,97521.1,88615.8,1535.5,27.9,4.4,2273,24.4,6.6,1509,1751,2245,1998,1509,1751,2244,1998,5724,447
1774080059,3,495580.9,465177.6,106454.6,103214.7,38079.8,39721.4,56749.7,97408.7,88579.0,1603.3,27.9,4.4,2396,24.4,6.7,1510,1752,2245,1998,1509,1751,2244,1997,5724,447
1774080359,3,492912.2,462132.7,105702.5,102274.6,37900.5,39577.5,56369.2,97216.8,88544.5,1705.5,27.9,4.4,2506,24.3,6.6,1509,1752,2245,1998,1509,1751,2245,1998,5724,447
1774080657,3,490474.6,460481.0,105392.7,101470.9,37768.8,39474.2,56176.2,96688.0,88511.5,1766.4,27.9,4.4,2649,24.4,6.7,1509,1751,2245,1998,1508,1751,2243,1996,5721,447
1774080957,3,487024.5,457364.4,104716.3,100628.3,37655.5,39196.3,56241.3,96644.1,88480.9,1856.2,27.9,4.4,2755,24.4,6.6,1510,1752,2246,1998,1510,1752,2245,1998,5725,448
1774081257,3,486054.7,455677.1,104272.9,100266.5,37477.1,39065.9,55974.9,96214.0,88451.5,1940.9,27.9,4.4,2830,24.4,6.6,1510,1752,2246,1998,1509,1751,2245,1998,5725,447
1774081559,3,482437.8,452112.2,103796.4,99875.1,37400.6,38999.9,55889.0,95921.6,88423.2,2026.5,27.9,4.4,2991,24.4,6.6,1510,1752,2246,1998,1509,1752,2244,1998,5725,447
1774081859,3,478732.5,448918.0,103106.6,99247.1,37264.8,38825.4,55658.9,95817.0,88398.1,2106.6,27.9,4.5,3095,24.3,6.6,1510,1752,2246,1998,1509,1751,2244,1997,5724,447
1774082457,3,658890.8,617393.6,131706.6,127257.0,44764.9,47292.2,64411.2,109853.8,89427.6,361.7,27.7,4.1,743,24.2,6.2,1509,1751,2244,1997,1508,1750,2243,1997,5722,447
1774082757,3,619912.1,581350.5,125999.0,121893.6,43267.7,45806.4,63126.1,107726.1,89358.8,425.8,27.8,4.2,827,24.3,6.3,1509,1751,2244,1997,1508,1751,2243,1997,5723,447
1774083059,3,599906.9,563225.4,122985.4,119080.8,42450.0,45017.7,62275.9,106213.6,89290.1,493.0,27.8,4.2,920,24.3,6.4,1509,1751,2245,1997,1508,1751,2244,1997,5723,447
1774083357,3,583984.9,548908.2,120788.3,117069.1,41952.5,44247.2,61696.0,104946.9,89224.9,559.9,27.8,4.3,989,24.3,6.4,1508,1751,2244,1997,1508,1750,2243,1997,5722,447
1774083657,3,575053.3,539287.6,119228.5,115445.7,41432.6,43625.1,60821.4,104264.3,89162.7,631.1,27.8,4.3,1103,24.3,6.4,1508,1751,2244,1997,1508,1751,2243,1996,5723,447
1774083959,3,564066.3,529776.9,117370.6,113583.7,41007.2,43014.5,60487.0,103412.9,89102.8,698.9,27.8,4.3,1204,24.3,6.5,1509,1751,2244,1998,1508,1751,2243,1996,5722,447
1774084259,3,556314.2,521993.6,116538.5,112806.6,40786.9,42648.3,59766.7,102985.2,89047.3,772.1,27.8,4.3,1261,24.3,6.5,1510,1752,2245,1998,1509,1752,2244,1998,5726,447
1774084557,3,546882.6,512943.8,114979.6,111452.0,40355.1,42209.7,59315.1,102454.8,88994.4,859.3,27.8,4.3,1412,24.3,6.5,1509,1752,2245,1998,1508,1751,2243,1997,5722,447
1774084859,3,542104.6,507838.7,113985.8,110348.8,40062.2,42022.1,59414.7,101767.2,88944.2,936.1,27.8,4.3,1484,24.3,6.5,1509,1752,2244,1998,1509,1751,2244,1998,5726,447
1774085159,3,536462.1,503184.8,113220.3,109422.1,39758.0,41655.9,58986.5,101295.7,88897.1,1017.2,27.8,4.3,1625,24.3,6.5,1509,1751,2244,1997,1508,1750,2243,1996,5722,447
1774085457,3,529387.7,497095.4,111962.4,108503.7,39580.5,41390.5,58338.1,100921.3,88852.0,1099.9,27.8,4.4,1693,24.3,6.6,1508,1751,2244,1997,1507,1750,2243,1996,5723,447
1774085757,3,527092.4,494467.6,111179.6,107807.0,39409.7,41098.9,58295.0,100654.1,88809.1,1186.6,27.8,4.4,1777,24.3,6.6,1508,1751,2244,1997,1508,1751,2243,1996,5722,447
1774086059,3,522149.7,489994.2,110575.4,107091.6,39163.7,40931.8,58161.5,100098.6,88770.1,1254.4,27.8,4.4,1936,24.3,6.6,1509,1751,2244,1997,1507,1750,2243,1997,5722,447
1774086359,3,519219.6,486387.3,109984.1,106430.4,38910.1,40722.3,58008.9,99536.2,88732.7,1343.9,27.8,4.4,2045,24.3,6.6,1509,1752,2245,1998,1508,1751,2244,1997,5724,447
1774086657,3,513240.8,482121.2,109149.4,105705.3,38704.2,40498.7,57663.9,99248.8,88695.2,1409.2,27.8,4.4,2136,24.3,6.6,1508,1750,2243,1997,1507,1750,2243,1996,5720,447
1774086957,3,512453.7,481204.4,108856.1,105309.1,38697.0,40375.9,57421.5,98913.1,88660.4,1501.5,27.8,4.4,2219,24.3,6.6,1508,1750,2244,1997,1507,1750,2243,1997,5720,447
1774087257,3,508730.2,476471.5,108089.9,104573.1,38430.5,40119.2,57344.6,98453.0,88627.6,1583.6,27.8,4.4,2354,24.3,6.6,1507,1750,2243,1997,1507,1750,2243,1997,5718,447
1774087557,3,506062.0,475092.6,107951.5,104385.8,38371.2,40066.0,57219.0,98465.5,88595.9,1682.0,27.8,4.4,2435,24.3,6.6,1507,1750,2244,1997,1507,1749,2243,1996,5718,447
1774087857,3,502760.8,471864.6,107016.7,103606.5,38289.6,39894.8,57000.2,98212.7,88566.4,1739.2,27.8,4.4,2537,24.3,6.6,1507,1750,2243,1996,1507,1749,2242,1996,5717,447
1774088157,3,499316.7,467325.2,106560.0,102659.3,38062.6,39707.5,56848.5,98000.8,88538.1,1824.8,27.8,4.4,2651,24.3,6.6,1508,1751,2244,1997,1507,1751,2243,1997,5719,447
1774088457,3,496519.0,465198.2,106079.0,102065.1,37939.6,39562.8,56750.2,97494.6,88511.3,1897.0,27.8,4.4,2785,24.3,6.7,1508,1751,2245,1997,1507,1750,2243,1997,5719,447
1774088757,3,493885.2,462381.3,105677.9,101846.5,37814.1,39420.1,56417.8,96969.6,88484.0,1978.2,27.9,4.4,2914,24.3,6.6,1508,1751,2244,1998,1508,1751,2244,1997,5720,447
1774089057,3,489608.8,458634.8,104938.4,100879.2,37580.6,39203.7,56312.7,96662.5,88459.1,2048.9,27.8,4.4,2973,24.3,6.6,1508,1750,2243,1997,1507,1749,2243,1996,5717,447
1774089657,3,675885.2,632417.2,133960.4,129281.3,45221.0,47753.2,65283.9,110800.8,89506.1,361.7,27.7,4.1,759,24.2,6.2,1508,1750,2243,1997,1507,1749,2242,1996,5717,447
1774089957,3,635451.8,595479.6,127874.1,123593.9,43929.2,46285.4,63643.1,108780.1,89436.8,414.8,27.8,4.2,827,24.2,6.3,1508,1751,2244,1997,1507,1749,2242,1996,5717,447
1774090257,3,614502.9,576579.6,124691.0,120610.1,42950.1,45449.9,62980.9,107588.9,89368.5,490.0,27.8,4.2,945,24.3,6.4,1508,1751,2244,1998,1507,1750,2243,1996,5719,447
1774090559,3,597891.1,560812.4,122517.0,118467.7,42275.9,44725.1,62207.4,106551.0,89302.3,545.4,27.8,4.2,1005,24.3,6.4,1508,1751,2244,1998,1507,1751,2243,1997,5721,447
1774090859,3,585121.7,548750.7,120491.9,116646.1,41876.8,44290.4,61695.8,105434.7,89239.2,613.2,27.8,4.3,1082,24.3,6.4,1508,1751,2244,1997,1507,1750,2243,1996,5720,447
1774091159,3,577518.8,540892.3,119380.2,115495.5,41440.4,43609.2,61098.0,104914.7,89180.3,693.2,27.8,4.3,1197,24.3,6.5,1509,1752,2245,1998,1508,1751,2244,1998,5723,447
1774091459,3,567559.2,531322.7,117720.4,113738.0,41041.2,43046.1,60511.1,103891.4,89123.4,770.0,27.8,4.3,1263,24.3,6.5,1508,1751,2243,1997,1508,1751,2244,1997,5720,447
1774091759,3,561405.8,525910.2,116810.6,113016.5,40690.3,42744.0,60149.4,103168.6,89069.8,857.5,27.8,4.3,1394,24.3,6.5,1508,1751,2244,1997,1508,1750,2243,1996,5720,447
1774092059,3,552614.0,518190.8,115539.8,111760.5,40434.3,42393.8,60068.3,102911.6,89019.1,926.4,27.8,4.3,1495,24.3,6.5,1508,1751,2244,1998,1508,1750,2243,1996,5721,447
1774092357,3,547800.3,513130.4,114764.6,111043.4,40191.5,42005.4,59446.1,102404.0,88971.4,1001.5,27.8,4.3,1558,24.3,6.6,1509,1751,2245,1998,1508,1751,2243,1998,5722,447
1774092657,3,543616.8,509181.1,113723.4,109948.9,39981.4,41860.5,59629.5,102196.8,88926.5,1094.2,27.8,4.3,1657,24.3,6.6,1509,1752,2244,1998,1508,1751,2244,1997,5723,447
1774092959,3,537089.6,503584.5,112664.2,109081.3,39723.4,41573.8,58982.2,101552.7,88884.0,1169.8,27.8,4.3,1778,24.3,6.6,1510,1752,2245,1998,1509,1751,2244,1998,5724,447
1774093257,3,533814.9,500293.5,112084.1,108426.3,39507.2,41317.0,58581.6,101173.4,88844.0,1232.3,27.8,4.3,1888,24.3,6.5,1509,1751,2245,1997,1508,1751,2244,1997,5723,447
1774093557,3,531195.7,496731.2,111726.4,108214.2,39432.9,41176.8,58464.0,100930.7,88805.8,1311.0,27.8,4.3,1973,24.3,6.6,1510,1753,2246,1999,1509,1752,2245,1998,5723,447
1774093859,3,526309.5,492606.6,110765.0,107179.7,39246.3,40988.2,58362.2,100316.7,88770.5,1404.6,27.8,4.3,2128,24.3,6.6,1509,1752,2244,1998,1508,1751,2244,1997,5721,447
1774094157,3,522817.7,490407.1,110293.6,106470.4,39071.1,40749.1,58157.6,100296.0,88735.5,1477.8,27.8,4.4,2232,24.3,6.6,1510,1752,2245,1999,1509,1751,2244,1998,5723,447
1774094457,3,518709.2,486822.5,109747.9,105966.1,38830.6,40619.3,57852.3,99590.1,88701.4,1571.1,27.9,4.4,2306,24.3,6.6,1510,1752,2245,1999,1509,1752,2244,1997,5723,447
1774094759,3,514517.0,481270.2,108864.8,105263.8,38692.2,40401.8,57579.1,99513.5,88668.8,1654.7,27.8,4.4,2448,24.3,6.6,1509,1752,2245,1999,1509,1751,2244,1997,5722,447
1774095059,3,510636.7,479088.5,108391.7,104682.9,38572.2,40159.4,57613.7,98912.4,88638.0,1721.5,27.8,4.4,2504,24.3,6.6,1509,1752,2245,1998,1508,1751,2244,1997,5722,447
1774095357,3,507595.3,475946.2,108000.4,104411.1,38422.9,40109.2,57114.2,98938.7,88609.0,1796.7,27.8,4.4,2677,24.3,6.7,1508,1751,2244,1998,1507,1750,2242,1997,5718,447
1774095657,3,505288.8,473818.9,107364.2,103770.5,38273.9,39925.4,57031.8,98573.7,88580.7,1894.6,27.8,4.4,2767,24.3,6.7,1510,1752,2246,1999,1509,1752,2244,1998,5723,447
1774095959,3,503229.4,472667.8,107052.2,103139.2,38139.7,39852.9,56890.2,98125.1,88553.8,1976.0,27.9,4.4,2863,24.3,6.6,1509,1751,2244,1998,1508,1750,2243,1997,5719,447
1774096257,3,500626.6,469965.8,106618.1,102552.3,37981.0,39640.4,56901.8,97993.2,88528.3,2031.6,27.9,4.4,2950,24.3,6.7,1510,1752,2245,1998,1508,1752,2244,1998,5722,447
1774096859,3,684762.5,641684.2,134942.6,130291.1,45559.2,48087.3,65790.1,111724.2,89610.3,354.4,27.7,4.1,764,24.2,6.2,1509,1751,2244,1998,1508,1751,2243,1997,5719,447
1774097159,3,645141.8,603204.5,129162.7,124801.3,44179.1,46615.2,64273.6,109626.6,89539.5,418.0,27.8,4.2,810,24.2,6.3,1509,1752,2245,1998,1508,1750,2244,1998,5720,447
1774097457,3,623136.7,583725.6,125983.9,121846.1,43224.8,45754.2,63537.6,108451.8,89469.3,481.0,27.8,4.2,915,24.3,6.4,1510,1752,2245,1998,1509,1751,2244,1997,5720,447
1774097757,3,610902.3,571918.1,124046.9,119841.8,42715.0,45148.5,62818.4,107383.8,89401.6,556.7,27.8,4.2,1027,24.3,6.4,1509,1752,2245,1998,1509,1751,2244,1998,5721,447
1774098059,3,597458.7,560195.0,122087.9,118091.6,42116.6,44619.1,62194.6,106471.7,89337.0,615.9,27.8,4.2,1060,24.3,6.5,1510,1752,2245,1998,1509,1752,2245,1998,5721,447
1774098357,3,588005.4,550442.6,120527.8,116711.9,41829.9,44077.8,61650.1,105554.2,89276.8,696.7,27.8,4.3,1193,24.3,6.5,1509,1752,2245,1999,1509,1752,2245,1998,5722,447
1774098657,3,580222.2,543563.2,119364.7,115390.7,41358.4,43503.1,61167.5,105037.4,89219.2,769.5,27.8,4.3,1290,24.3,6.5,1510,1752,2246,1998,1509,1752,2245,1998,5720,447
1774098959,3,571147.5,535486.1,118199.3,114361.1,41058.3,43125.4,60825.9,104283.7,89165.1,835.2,27.8,4.3,1364,24.3,6.5,1509,1751,2244,1998,1507,1750,2243,1997,5716,447
1774099257,3,564544.6,528675.1,116611.6,112950.9,40715.8,42652.4,60408.7,103688.5,89113.5,900.6,27.8,4.3,1490,24.3,6.5,1509,1752,2245,1998,1507,1751,2244,1997,5718,447
1774099557,3,560849.4,526183.8,116261.8,112390.3,40554.5,42548.8,60199.0,103513.9,89063.5,975.1,27.8,4.3,1530,24.3,6.6,1509,1751,2244,1998,1508,1751,2244,1997,5719,447
1774099859,3,556535.3,521437.4,115433.9,111417.5,40259.2,42238.5,59606.9,103086.8,89016.8,1058.7,27.8,4.3,1703,24.3,6.6,1509,1752,2245,1998,1508,1751,2244,1997,5719,447
1774100159,3,551549.2,515531.1,114473.0,110567.2,40050.7,41927.1,59578.7,102640.1,88973.3,1130.8,27.8,4.3,1757,24.3,6.6,1508,1751,2245,1998,1508,1750,2244,1998,5719,447
1774100457,3,544729.9,510311.0,113390.6,109441.0,39860.0,41686.7,59125.3,102332.9,88931.5,1206.4,27.8,4.3,1876,24.3,6.6,1509,1752,2245,1998,1508,1751,2244,1997,5720,447
1774100757,3,540870.6,506523.7,112707.6,108851.0,39622.4,41436.6,59084.5,102058.4,88892.0,1297.8,27.8,4.4,1985,24.3,6.6,1509,1751,2245,1998,1508,1750,2244,1997,5719,447
1774101059,3,536652.4,504411.0,112468.1,108487.3,39490.6,41356.5,58657.2,101479.1,88853.7,1364.2,27.8,4.3,2103,24.3,6.6,1510,1752,2246,1998,1508,1751,2244,1997,5720,447
1774101357,3,534124.2,500539.3,111695.6,107907.0,39342.6,41071.1,58623.5,100972.2,88818.4,1435.7,27.9,4.3,2119,24.3,6.6,1508,1751,2244,1998,1508,1751,2244,1997,5720,447
1774101657,3,529320.3,496450.4,110884.7,107024.8,39128.6,40900.6,58151.3,100755.9,88784.4,1503.4,27.9,4.4,2225,24.3,6.6,1509,1752,2245,1998,1508,1751,2244,1998,5721,447
1774101959,3,527069.4,493188.8,110385.4,106495.0,39017.1,40706.1,58451.0,100598.9,88752.7,1584.1,27.8,4.3,2406,24.3,6.6,1509,1752,2245,1998,1508,1751,2244,1997,5720,447
1774102259,3,523957.4,490394.5,110049.4,106070.2,38828.0,40555.4,57990.9,100256.2,88722.6,1663.5,27.9,4.3,2446,24.3,6.6,1509,1752,2245,1999,1508,1751,2245,1998,5721,447
1774102557,3,520866.6,487337.1,109312.9,105511.6,38633.0,40411.7,57941.1,99569.6,88693.3,1730.6,27.9,4.4,2559,24.3,6.7,1509,1752,2245,1998,1508,1751,2244,1997,5720,447
1774102857,3,517546.7,484895.6,108787.9,104865.0,38560.2,40176.6,57610.0,99424.1,88665.1,1812.1,27.9,4.4,2679,24.3,6.7,1510,1752,2245,1998,1509,1751,2244,1998,5721,447
1774103159,3,513124.8,480604.6,108365.4,104394.8,38333.5,40074.9,57520.3,99081.9,88638.9,1898.2,27.9,4.4,2800,24.3,6.7,1509,1752,2245,1998,1509,1751,2243,1998,5720,447
1774103457,3,509413.2,477503.0,107966.3,103759.8,38249.6,39934.0,57261.7,98760.1,88613.7,1974.2,27.8,4.4,2892,24.3,6.7,1510,1752,2246,1999,1509,1752,2244,1998,5722,447
1774104059,3,701504.3,655801.6,136829.2,131956.2,46058.9,48609.0,65988.9,112674.1,89687.4,334.8,27.7,4.0,746,24.2,6.2,1510,1752,2246,1999,1509,1751,2245,1998,5720,447
1774104357,3,658013.6,616652.1,130785.8,126454.8,44541.5,46999.1,65016.6,110711.2,89618.6,409.3,27.8,4.1,826,24.2,6.4,1509,1752,2246,1999,1509,1752,2245,1999,5721,447
1774104659,3,638525.5,598249.5,127899.6,123549.7,43728.7,46213.7,64016.6,109388.4,89549.6,481.1,27.8,4.2,931,24.3,6.4,1510,1752,2245,1999,1509,1752,2244,1998,5720,447
1774104959,3,622985.8,583384.0,125665.3,121476.3,43085.7,45585.1,63384.1,108448.2,89483.3,553.2,27.8,4.2,976,24.3,6.4,1510,1752,2245,1999,1509,1752,2245,1998,5721,447
1774105257,3,612621.6,573994.8,124250.4,120002.6,42637.2,45071.2,63077.8,107666.6,89419.7,604.3,27.8,4.2,1076,24.3,6.5,1509,1752,2245,1999,1508,1751,2243,1997,5719,447
1774105559,3,602443.7,563655.1,122522.6,118351.2,42183.9,44678.2,62419.6,106768.4,89359.3,670.5,27.8,4.2,1154,24.3,6.5,1510,1752,2246,1999,1508,1751,2244,1998,5719,447
1774105859,3,592669.8,556305.7,121334.9,117020.2,41789.1,44200.4,61892.5,106320.0,89302.0,747.0,27.8,4.3,1251,24.3,6.5,1510,1751,2245,1998,1509,1752,2245,1998,5720,447
1774106157,3,584951.3,548222.2,119867.9,115771.9,41454.2,43700.6,61505.6,105454.8,89247.0,822.1,27.8,4.3,1294,24.3,6.5,1509,1752,2246,1998,1508,1751,2244,1998,5720,447
1774106459,3,579159.6,543326.8,118763.8,114818.8,41220.2,43324.1,61368.0,105318.0,89194.8,888.1,27.8,4.3,1434,24.3,6.6,1509,1752,2245,1998,1509,1751,2244,1997,5720,447
1774106759,3,573607.2,537281.1,118005.6,113993.7,41082.8,42925.1,60775.4,104778.6,89145.5,955.5,27.8,4.3,1505,24.3,6.5,1509,1752,2244,1998,1509,1751,2244,1997,5719,447
1774107057,3,571011.8,534344.1,117750.7,113565.9,40846.0,42725.0,60682.1,104523.2,89098.2,1032.3,27.8,4.3,1585,24.3,6.5,1510,1752,2246,1999,1510,1752,2245,1999,5722,448
1774107359,3,564753.0,528692.4,116582.7,112544.5,40668.2,42419.0,60429.7,104137.4,89052.4,1092.3,27.8,4.3,1743,24.3,6.6,1511,1753,2247,1999,1510,1753,2246,1999,5725,448
1774107657,3,562955.1,526290.6,116155.8,112077.5,40373.7,42204.9,60275.5,103708.3,89010.9,1176.8,27.8,4.3,1799,24.3,6.6,1511,1753,2246,1999,1510,1753,2246,1999,5723,448
1774107957,3,559972.1,523505.1,115258.7,111319.8,40155.2,42068.2,59973.9,103461.5,88971.4,1249.3,27.8,4.3,1893,24.3,6.5,1509,1751,2245,1998,1508,1751,2244,1997,5718,447
1774108259,3,552707.8,516697.5,114520.0,110818.4,39999.0,41833.9,59796.5,102909.2,88933.5,1341.4,27.7,4.3,2010,24.2,6.6,1509,1751,2245,1998,1508,1751,2244,1997,5719,447
1774108557,3,549517.4,514686.3,113840.4,109934.5,39865.0,41698.9,59354.3,103023.7,88897.8,1406.7,27.8,4.3,2087,24.2,6.6,1509,1751,2244,1998,1508,1751,2244,1997,5719,447
1774108857,3,547951.2,512798.0,113556.2,109535.2,39708.2,41573.8,59241.7,102191.8,88864.1,1491.9,27.7,4.3,2226,24.2,6.6,1509,1751,2244,1997,1508,1750,2243,1997,5717,447
1774109159,3,543766.3,508841.7,112971.3,109023.3,39571.1,41317.6,59086.8,102235.2,88831.0,1576.7,27.7,4.3,2278,24.2,6.6,1509,1751,2245,1998,1508,1751,2244,1998,5719,447
1774109457,3,539163.1,504910.2,112293.9,108173.0,39384.1,41127.2,58859.6,101660.8,88799.4,1633.5,27.7,4.3,2380,24.2,6.6,1508,1750,2244,1998,1507,1751,2243,1997,5717,447
1774109759,3,537983.4,503115.8,111908.9,107980.3,39259.4,40927.7,58839.9,101333.0,88770.0,1708.6,27.7,4.3,2504,24.2,6.7,1508,1752,2244,1998,1509,1751,2244,1998,5719,447
1774110057,3,534485.1,500574.1,111551.6,107591.9,39149.4,40886.1,58606.8,101309.4,88742.1,1776.2,27.7,4.3,2633,24.2,6.6,1509,1752,2246,1999,1509,1752,2245,1999,5721,447
1774110357,3,532402.6,497889.2,111125.7,106839.1,38976.5,40711.0,58452.4,101365.4,88715.4,1856.2,27.7,4.3,2705,24.2,6.6,1509,1752,2245,1999,1508,1751,2244,1998,5720,447
1774110659,3,529670.8,496322.9,110733.5,106701.6,38951.7,40646.6,58138.9,101107.7,88689.5,1924.5,27.7,4.4,2835,24.2,6.7,1509,1752,2245,1999,1509,1751,2244,1998,5721,447
1774111257,3,726875.4,677747.8,140385.8,134957.6,46755.0,49425.1,67279.0,115107.9,89787.8,328.9,27.6,4.0,732,24.1,6.2,1510,1752,2246,1999,1508,1752,2245,1998,5719,447
1774111559,3,682554.2,638146.1,134095.8,129308.9,45442.4,47739.9,65979.4,112626.1,89716.9,399.1,27.6,4.1,828,24.1,6.3,1509,1752,2246,1999,1509,1751,2245,1998,5719,447
1774111857,3,662240.6,619454.3,131290.9,126790.9,44509.4,46958.1,65148.0,111382.0,89647.0,457.3,27.6,4.2,886,24.1,6.4,1510,1752,2246,2000,1509,1752,2245,1999,5719,447
1774112157,3,648654.6,606650.6,129127.4,124347.6,43903.6,46194.3,64333.9,110599.4,89580.6,524.4,27.7,4.2,960,24.1,6.4,1511,1753,2246,2000,1510,1752,2246,2000,5722,447
1774112459,3,631400.8,592489.2,126599.9,122399.0,43364.2,45661.1,63808.7,109245.4,89515.8,579.7,27.7,4.2,1035,24.2,6.5,1510,1753,2246,2000,1509,1752,2245,1999,5720,447
1774112759,3,622794.5,583458.9,125229.8,120885.5,42885.3,45248.8,63427.8,108785.7,89454.3,663.4,27.7,4.2,1107,24.1,6.5,1510,1752,2246,1999,1508,1751,2245,1998,5718,447
1774113057,3,614680.8,575875.0,124109.6,119755.0,42505.7,44958.7,62829.0,107890.9,89396.5,713.0,27.6,4.2,1240,24.1,6.5,1510,1752,2246,2000,1510,1752,2246,1999,5721,447
1774113357,3,606778.8,568821.0,123053.0,118576.2,42286.4,44552.9,62617.9,107540.6,89341.2,798.3,27.7,4.2,1288,24.1,6.6,1510,1753,2247,2000,1509,1752,2245,1999,5723,447
1774113659,3,601425.7,562926.2,122095.8,117627.1,41888.7,44273.0,62413.3,107186.9,89289.4,862.2,27.7,4.2,1402,24.1,6.6,1510,1752,2246,1999,1509,1752,2245,1999,5722,447
1774113957,3,597147.6,557566.4,120981.8,116700.0,41584.1,43816.2,61951.4,106595.5,89239.4,932.0,27.7,4.3,1473,24.2,6.5,1509,1752,2245,1999,1509,1751,2244,1998,5721,447
1774114257,3,589839.4,552317.2,120284.0,116068.5,41404.7,43646.2,61443.6,105930.4,89192.5,1002.3,27.7,4.2,1531,24.1,6.6,1509,1751,2245,1998,1508,1751,2244,1998,5720,447
1774114557,3,587142.3,548736.7,119546.8,115359.9,41253.6,43426.2,61269.0,105706.6,89147.5,1072.2,27.6,4.3,1691,24.1,6.6,1509,1751,2245,1998,1508,1750,2244,1997,5719,447
1774114859,3,582717.4,545332.2,118758.9,114523.0,41057.4,42948.6,61199.0,105571.4,89104.8,1137.6,27.6,4.3,1770,24.1,6.6,1509,1752,2246,1999,1509,1751,2245,1999,5722,447
1774115159,3,576620.2,539825.5,117895.5,114002.7,40896.7,42727.8,61056.5,104898.2,89064.2,1228.6,27.6,4.3,1794,24.1,6.6,1509,1752,2245,1999,1508,1751,2244,1998,5720,447
1774115457,3,573734.0,536910.9,117623.0,113436.9,40721.5,42528.3,60864.8,104588.2,89025.3,1277.4,27.7,4.3,1952,24.1,6.6,1509,1752,2246,1999,1509,1751,2244,1998,5720,447
1774115757,3,569043.1,532253.2,116816.0,112813.2,40546.2,42411.1,60514.7,104478.1,88987.9,1339.8,27.6,4.3,2030,24.1,6.6,1510,1752,2245,1999,1509,1751,2245,1998,5721,447
1774116059,3,565412.9,529519.8,116115.5,112117.1,40287.8,42204.7,60269.0,103965.8,88952.5,1416.1,27.6,4.3,2146,24.1,6.6,1509,1752,2245,1999,1508,1751,2245,1998,5720,447
1774116359,3,561846.2,525423.2,115771.3,111408.5,40183.8,41929.4,59978.0,103771.4,88918.4,1492.7,27.6,4.3,2218,24.1,6.6,1509,1751,2244,1998,1509,1751,2244,1998,5720,447
1774116659,3,560224.5,523206.9,115294.4,111056.0,40070.1,41859.4,59910.6,103554.3,88886.4,1568.7,27.6,4.3,2290,24.1,6.6,1509,1751,2245,1998,1508,1751,2244,1997,5718,447
1774116957,3,559346.2,522296.7,114841.1,110697.3,39953.1,41754.3,60048.4,103141.9,88855.4,1634.7,27.6,4.3,2431,24.1,6.6,1510,1751,2245,1998,1509,1751,2246,1999,5722,447
1774117257,3,553628.0,518004.6,114342.1,110086.8,39788.1,41546.3,59959.3,102908.7,88826.4,1702.6,27.6,4.3,2466,24.1,6.6,1510,1752,2245,1999,1509,1751,2245,1998,5720,447
1774117559,3,551633.5,515853.2,113903.9,109709.6,39619.4,41420.4,59628.4,102538.9,88798.5,1780.1,27.6,4.3,2593,24.1,6.7,1509,1751,2245,1998,1508,1751,2244,1998,5720,447
1774117859,3,547493.2,511890.8,113408.1,109205.9,39555.5,41195.1,59487.2,102570.4,88772.4,1845.8,27.6,4.3,2706,24.1,6.7,1509,1752,2245,1999,1508,1751,2244,1997,5720,447
1774118457,3,750227.1,697856.1,143373.8,137595.7,47301.4,50253.7,68365.4,116397.7,89816.2,318.1,27.5,4.0,710,24.0,6.2,1510,1752,2246,1999,1509,1752,2245,1999,5722,447
1774118759,3,706303.5,659517.6,137292.9,132317.4,46011.1,48503.7,66963.3,114331.2,89745.8,385.6,27.5,4.1,816,24.0,6.3,1510,1753,2246,1999,1509,1752,2244,1998,5721,447
1774119059,3,681750.2,637326.1,133840.6,129083.3,45255.3,47509.4,65877.0,113094.4,89676.4,445.4,27.5,4.1,877,24.0,6.4,1510,1752,2245,1999,1509,1751,2244,1998,5718,447
1774119357,3,664906.0,622204.8,131457.4,126810.1,44481.2,46818.8,65412.4,111792.3,89609.3,509.4,27.5,4.2,972,24.0,6.4,1510,1752,2245,1999,1509,1751,2244,1997,5720,447
1774119657,3,656358.3,613327.4,129662.5,125268.0,44030.4,46372.4,64923.9,110940.1,89545.0,572.9,27.6,4.2,1014,24.0,6.5,1509,1752,2245,1998,1508,1750,2243,1997,5718,447
1774119959,3,644565.2,600745.0,128094.0,123686.7,43598.6,45924.3,64170.2,110468.5,89483.1,640.6,27.5,4.2,1086,24.0,6.5,1509,1751,2245,1998,1508,1751,2245,1998,5720,447
1774120259,3,632663.5,592349.7,126713.2,122327.4,43154.8,45485.3,63976.6,109602.1,89424.4,697.2,27.5,4.2,1221,24.0,6.5,1510,1751,2246,1998,1509,1751,2244,1997,5718,447
1774120557,3,626210.5,585110.6,125523.8,121445.2,42883.2,45116.8,63524.9,109127.3,89368.2,768.5,27.5,4.2,1273,24.0,6.5,1509,1751,2245,1998,1508,1751,2244,1998,5719,447
1774120857,3,619393.2,579160.8,124619.2,120467.9,42625.1,44832.2,63112.0,108332.2,89314.9,826.5,27.5,4.3,1348,24.0,6.5,1509,1751,2244,1998,1508,1750,2244,1997,5718,447
1774121159,3,614566.8,573882.5,123644.6,119417.0,42177.6,44519.2,63077.0,108166.0,89265.0,909.5,27.5,4.2,1474,24.0,6.5,1510,1752,2246,1999,1509,1751,2244,1998,5719,447
1774121459,3,610502.9,570500.7,122902.3,118296.6,41965.3,44265.2,62571.1,107636.1,89217.4,993.5,27.5,4.3,1569,24.0,6.5,1510,1752,2246,1999,1508,1751,2244,1997,5719,447
1774121757,3,603346.8,563602.7,121806.8,117328.2,41744.0,43949.1,62167.4,107028.7,89173.4,1060.1,27.5,4.2,1659,24.0,6.6,1510,1752,2246,1999,1509,1752,2245,1998,5721,447
1774122057,3,599671.9,559514.8,120711.8,116639.7,41499.7,43642.7,62021.2,106988.1,89131.5,1136.5,27.6,4.2,1747,24.0,6.6,1510,1753,2247,2000,1509,1751,2245,1999,5720,447
1774122357,3,591755.0,553328.4,120068.7,115634.8,41241.5,43419.9,61610.8,106641.7,89092.1,1193.8,27.6,4.3,1820,24.1,6.6,1510,1752,2246,1999,1509,1751,2245,1998,5721,447
1774122659,3,587425.6,549329.8,119212.9,114960.6,41071.2,42937.8,61493.5,105838.5,89054.4,1276.3,27.6,4.3,1909,24.1,6.6,1510,1752,2246,2000,1509,1752,2246,1999,5720,447
1774122959,3,582783.8,544528.4,118431.5,114231.9,40884.1,42767.1,61272.0,105846.6,89019.0,1348.5,27.6,4.3,1989,24.1,6.6,1510,1752,2245,1998,1509,1751,2245,1998,5719,447
1774123257,3,578985.0,541856.1,117922.6,113520.4,40677.1,42587.9,61160.3,104837.1,88986.1,1410.7,27.6,4.3,2114,24.1,6.6,1511,1753,2246,2000,1510,1752,2245,1999,5720,447
1774123557,3,573673.8,536008.8,117246.9,112648.6,40440.5,42238.5,60889.3,104987.6,88953.1,1480.1,27.6,4.3,2209,24.1,6.6,1510,1752,2246,2000,1510,1752,2245,1999,5721,447
1774123859,3,569014.6,532194.9,116799.3,112065.3,40308.1,42133.0,60718.7,104343.9,88924.0,1547.6,27.6,4.3,2318,24.1,6.7,1510,1753,2246,1999,1510,1752,2245,1999,5721,447
1774124157,3,565407.9,527543.2,115840.2,111605.1,40151.9,41975.8,60215.9,104255.6,88895.9,1638.0,27.6,4.3,2455,24.1,6.7,1510,1752,2246,2000,1509,1751,2245,1998,5720,447
1774124457,3,561698.0,525725.9,115198.3,110862.7,39923.4,41741.6,60149.2,103908.2,88869.0,1712.3,27.7,4.3,2498,24.1,6.7,1510,1753,2246,1999,1510,1752,2245,1999,5722,447
1774124757,3,555418.3,519668.1,114253.3,110002.0,39740.6,41505.3,60089.5,103204.0,88843.4,1788.8,27.7,4.3,2601,24.2,6.7,1510,1752,2246,1999,1509,1751,2244,1998,5719,447
1774125059,3,551933.3,515374.8,113641.2,109309.4,39606.1,41365.4,59577.7,102667.3,88818.9,1863.0,27.7,4.3,2702,24.2,6.7,1509,1752,2246,1999,1508,1751,2245,1998,5720,447
1774125659,3,748576.9,695688.0,143134.6,137063.9,47274.7,50135.2,68034.9,116435.2,89835.5,326.8,27.6,4.0,718,24.1,6.3,1510,1752,2245,1999,1508,1751,2244,1997,5717,447
1774125959,3,704175.1,657256.5,136602.9,131268.9,45739.1,48269.7,66664.3,114452.8,89769.6,373.8,27.7,4.1,819,24.2,6.4,1510,1752,2246,1999,1509,1751,2245,1998,5720,447
1774126259,3,677358.1,633143.5,132892.7,127871.1,44858.5,47381.0,65844.5,112893.5,89703.6,438.1,27.7,4.1,868,24.2,6.4,1510,1752,2246,1999,1509,1752,2246,1998,5720,447
1774126559,3,661460.8,618278.4,130717.0,125814.2,44180.4,46708.2,64972.3,111687.1,89640.9,499.8,27.8,4.2,928,24.2,6.5,1509,1752,2245,1998,1508,1751,2244,1998,5719,447
1774126859,3,647639.4,605710.6,128584.9,123595.4,43630.9,46054.4,64465.7,110491.1,89579.8,564.1,27.8,4.2,1018,24.3,6.5,1509,1752,2245,1998,1508,1751,2244,1997,5719,447
1774127159,3,637033.2,596789.1,127045.9,122340.9,43172.6,45579.6,63746.8,109803.2,89521.3,627.5,27.8,4.2,1098,24.3,6.5,1508,1751,2245,1998,1508,1750,2243,1997,5718,447
1774127459,3,625945.1,586016.8,125008.4,120362.0,42836.8,45124.6,63432.4,109056.9,89465.3,695.8,27.8,4.2,1168,24.3,6.5,1508,1751,2245,1998,1509,1750,2243,1997,5717,447
1774127757,3,618828.3,579212.4,124273.7,119777.8,42388.2,44737.4,63001.1,108601.5,89412.0,759.7,27.9,4.2,1280,24.3,6.6,1509,1752,2246,1998,1508,1751,2244,1998,5719,447
1774128057,3,610491.4,570810.6,122718.3,118238.6,41989.9,44396.1,62490.4,107820.3,89361.6,850.1,27.9,4.2,1359,24.3,6.6,1509,1751,2245,1999,1508,1751,2244,1997,5721,447
1774128359,3,601731.2,562796.6,121501.5,116780.4,41594.3,44102.7,62152.4,107120.8,89313.2,911.4,27.9,4.3,1487,24.4,6.6,1508,1751,2244,1998,1508,1750,2243,1997,5718,447
1774128659,3,596992.2,557590.1,120214.3,115885.9,41312.0,43648.9,61722.4,106509.1,89266.1,996.7,27.9,4.2,1566,24.4,6.6,1508,1750,2244,1997,1507,1750,2243,1997,5716,446
1774128959,3,586463.0,549599.7,119151.7,114748.9,41133.0,43138.4,61594.7,106060.9,89221.8,1062.0,27.9,4.2,1651,24.4,6.6,1508,1750,2244,1997,1507,1750,2244,1996,5717,447
1774129259,3,584880.5,546948.2,118801.2,114210.4,40925.3,42869.5,61260.8,105368.5,89179.1,1133.8,28.0,4.3,1748,24.4,6.7,1509,1751,2245,1998,1508,1751,2244,1997,5719,447
1774129559,3,576973.1,538556.2,117433.3,113029.9,40639.3,42577.1,60902.4,105000.9,89138.3,1216.0,28.0,4.3,1837,24.4,6.7,1508,1751,2244,1998,1507,1750,2243,1996,5717,447
1774129859,3,570346.1,532682.6,116437.0,112025.4,40452.1,42311.3,60663.9,104457.2,89099.3,1283.4,28.0,4.3,1880,24.5,6.7,1508,1750,2244,1997,1507,1750,2243,1997,5718,447
1774130157,3,568405.4,530102.8,115973.8,111506.4,40239.4,42024.1,60273.2,103997.9,89062.0,1338.3,28.0,4.3,2046,24.5,6.7,1508,1750,2244,1997,1507,1749,2243,1996,5718,447
1774130457,3,562590.4,524935.4,115118.7,110578.0,39963.8,41875.3,60005.3,103703.5,89027.8,1414.4,28.0,4.3,2133,24.5,6.7,1508,1750,2243,1997,1507,1750,2244,1996,5717,447
1774130759,3,558355.6,521887.8,114742.0,109998.3,39833.7,41626.8,59818.8,102983.9,88993.9,1490.7,28.0,4.3,2222,24.5,6.7,1507,1750,2244,1997,1507,1749,2243,1996,5718,446
1774131057,3,555020.8,518314.0,113642.2,109161.4,39600.1,41394.8,59614.6,102939.6,88962.5,1571.9,28.1,4.3,2335,24.5,6.7,1507,1750,2243,1996,1506,1749,2243,1996,5717,446
1774131357,3,550164.2,512020.6,112959.8,108471.9,39447.2,41239.4,59221.1,102137.3,88932.5,1648.8,28.1,4.3,2412,24.6,6.8,1507,1750,2244,1997,1507,1749,2243,1996,5717,447
1774131659,3,545377.2,509169.8,112288.3,107887.9,39225.8,40997.1,58853.3,101875.1,88903.8,1724.3,28.1,4.3,2545,24.6,6.7,1508,1750,2244,1997,1508,1750,2243,1996,5717,447
1774131959,3,541889.8,505349.5,111786.7,107257.1,39081.0,40834.8,58488.3,101166.4,88876.6,1780.5,28.1,4.3,2612,24.6,6.8,1508,1750,2244,1997,1507,1750,2243,1996,5718,447
1774132257,3,536987.0,501427.5,110980.4,106690.6,38926.3,40648.4,58313.0,101345.0,88850.6,1870.6,28.1,4.3,2718,24.6,6.8,1507,1750,2244,1997,1507,1750,2243,1996,5717,447
1774132859,3,727163.3,675729.8,139491.9,133728.4,46425.7,48976.1,66848.0,114636.8,89826.0,326.7,28.1,4.0,761,24.5,6.3,1508,1750,2244,1997,1506,1749,2242,1996,5715,446
1774133159,3,682498.6,637277.2,133115.6,128050.1,44869.0,47402.3,65430.6,112122.9,89759.7,391.0,28.1,4.1,792,24.6,6.4,1508,1750,2244,1997,1506,1749,2243,1996,5716,446
1774133457,3,659885.8,617040.2,129790.5,124764.8,44065.6,46456.9,64386.2,110703.7,89693.9,459.1,28.1,4.1,877,24.6,6.5,1508,1750,2244,1997,1507,1749,2243,1996,5717,447
1774133757,3,643383.0,600344.0,127187.0,122390.6,43468.2,45863.8,64006.5,109617.4,89630.5,506.3,28.2,4.2,946,24.7,6.6,1509,1751,2245,1998,1508,1750,2244,1997,5722,447
1774134059,3,630135.7,588053.1,125477.0,120862.7,42916.6,45378.3,63307.1,109004.4,89568.1,569.3,28.2,4.2,1009,24.7,6.6,1509,1752,2246,1998,1509,1751,2245,1997,5723,447
1774134357,3,619149.1,579168.0,123785.4,119265.5,42401.6,44763.0,62727.1,107781.3,89508.0,653.4,28.2,4.2,1111,24.7,6.6,1509,1752,2246,1997,1509,1751,2244,1997,5723,447
1774134657,3,611900.7,570426.8,122138.1,117516.5,41988.0,44426.9,62323.7,107173.2,89450.3,702.3,28.2,4.2,1209,24.7,6.7,1511,1753,2247,1999,1510,1752,2245,1998,5725,447
1774134957,3,600440.8,561606.0,120976.2,116444.6,41612.9,44103.4,61987.1,106304.3,89395.1,776.5,28.2,4.3,1277,24.7,6.6,1509,1751,2245,1997,1508,1751,2244,1996,5720,447
1774135259,3,595718.5,556404.4,120072.8,115375.0,41432.9,43697.2,61427.1,106097.3,89341.1,836.5,28.2,4.2,1397,24.7,6.7,1509,1751,2245,1997,1508,1751,2244,1996,5720,447
1774135559,3,590773.9,551403.5,119522.8,114764.6,41097.5,43386.2,61102.4,105249.0,89289.3,900.8,28.2,4.3,1437,24.7,6.7,1509,1751,2245,1997,1508,1750,2244,1996,5718,447
1774135857,3,584455.4,545327.1,118450.6,113850.0,40958.2,42999.8,60929.1,104941.3,89240.7,985.7,28.2,4.3,1557,24.7,6.7,1509,1751,2245,1998,1508,1750,2244,1996,5719,447
1774136159,3,579532.2,539988.0,117439.5,112764.8,40690.3,42680.9,60785.7,104803.1,89193.7,1066.8,28.2,4.3,1653,24.7,6.7,1508,1751,2244,1997,1508,1750,2244,1996,5719,447
1774136459,3,576731.8,538230.8,117034.8,112516.6,40535.1,42477.5,60524.2,104565.1,89148.2,1138.6,28.2,4.3,1714,24.7,6.7,1509,1751,2245,1997,1508,1750,2243,1996,5719,447
1774136757,3,573713.1,535431.0,116668.8,111781.9,40331.5,42311.6,60157.9,103833.4,89104.5,1218.5,28.2,4.3,1824,24.7,6.7,1508,1751,2245,1997,1508,1750,2244,1996,5721,447
1774137059,3,568482.1,530448.1,115911.8,111393.3,40214.4,42072.0,60073.4,103802.1,89063.6,1298.0,28.2,4.3,1954,24.7,6.7,1509,1751,2244,1997,1508,1750,2243,1996,5720,447
1774137357,3,563089.2,525964.4,115121.5,110703.0,40067.5,41900.7,59944.1,103416.6,89024.6,1359.3,28.2,4.3,2036,24.7,6.7,1508,1750,2245,1996,1507,1750,2243,1996,5717,447
1774137657,3,558699.8,521219.5,114684.5,110187.0,39930.8,41757.3,59752.3,103078.9,88986.9,1442.1,28.2,4.3,2097,24.7,6.8,1508,1750,2244,1997,1507,1750,2244,1996,5718,447
1774137959,3,557673.8,519554.5,114216.8,109672.8,39768.9,41575.4,59493.8,102798.8,88951.6,1518.4,28.2,4.3,2272,24.7,6.7,1508,1751,2245,1997,1508,1750,2244,1997,5719,447
1774138259,3,553177.8,516945.7,113739.8,109150.3,39566.8,41382.2,59504.4,102549.7,88917.0,1582.6,28.2,4.3,2288,24.7,6.7,1508,1750,2244,1997,1508,1750,2243,1996,5718,447
1774138557,3,549218.9,513150.7,113112.3,108607.0,39467.5,41277.9,59033.6,102065.3,88883.1,1645.6,28.2,4.3,2419,24.7,6.7,1509,1751,2245,1997,1508,1751,2244,1997,5719,447
1774138857,3,548225.6,511689.5,112836.6,108376.8,39377.2,41072.4,58672.8,102129.4,88853.2,1720.6,28.2,4.3,2518,24.7,6.8,1508,1750,2244,1997,1507,1750,2243,1996,5718,447
1774139159,3,546368.9,509046.2,112429.3,107847.4,39303.2,40963.5,58714.5,101701.6,88823.0,1802.4,28.2,4.3,2610,24.7,6.8,1508,1751,2244,1997,1507,1750,2243,1996,5719,446
1774139457,3,543221.7,506112.3,112067.3,107453.6,39181.3,40826.6,58555.4,101404.3,88794.8,1860.7,28.2,4.3,2716,24.7,6.8,1508,1750,2244,1997,1508,1750,2243,1996,5719,446
1774140059,3,739864.0,687490.6,140998.8,135435.0,46865.1,49572.2,67139.8,115786.5,89784.8,324.6,28.1,4.0,726,24.5,6.4,1508,1750,2244,1997,1507,1750,2243,1996,5719,447
1774140359,3,694604.6,648039.8,134908.2,129457.9,45447.5,47937.1,65956.0,113539.8,89716.5,390.9,28.1,4.1,792,24.6,6.4,1507,1749,2242,1996,1507,1749,2242,1995,5716,447
1774140657,3,672885.3,627741.9,131646.9,126527.1,44584.9,47107.2,65164.3,111878.4,89647.8,460.1,28.1,4.1,857,24.6,6.5,1507,1750,2243,1996,1507,1749,2242,1995,5716,447
1774140959,3,659873.7,615250.2,129701.2,124593.8,44060.0,46497.9,64587.6,110608.3,89580.6,509.4,28.1,4.2,952,24.6,6.6,1506,1748,2242,1996,1505,1748,2241,1995,5714,446
1774141259,3,646039.6,603453.3,128006.8,122828.8,43597.3,45948.7,63929.4,110273.0,89516.6,572.4,28.1,4.2,1012,24.6,6.6,1506,1749,2242,1996,1505,1748,2241,1995,5716,447
1774141557,3,637946.0,594820.8,126581.2,121451.6,43087.9,45505.5,63377.8,109301.8,89454.8,632.6,28.1,4.2,1082,24.6,6.6,1506,1749,2242,1996,1505,1748,2241,1995,5715,446
1774141857,3,627716.3,584500.8,124758.1,119964.2,42714.1,45090.7,63167.1,108738.4,89395.8,710.4,28.1,4.2,1185,24.6,6.6,1507,1749,2242,1996,1506,1749,2241,1995,5716,446
1774142159,3,624114.6,581662.9,124365.9,119148.1,42469.5,44781.3,62955.1,108240.9,89339.2,779.6,28.1,4.2,1259,24.6,6.6,1506,1749,2242,1996,1506,1749,2242,1996,5718,446
1774142457,3,616228.6,574333.4,123175.7,118097.4,42082.4,44514.8,62531.6,107775.7,89284.7,859.4,28.1,4.2,1384,24.6,6.6,1506,1749,2242,1996,1504,1747,2240,1994,5713,447
1774142757,3,608952.4,569125.7,122455.0,117422.3,41882.2,44215.2,62431.6,107481.5,89233.2,912.5,28.1,4.2,1441,24.6,6.7,1506,1749,2242,1996,1505,1748,2241,1995,5715,447
1774143059,3,604525.2,565351.9,121727.5,116822.1,41600.8,44008.6,61998.0,107114.8,89184.1,998.0,28.1,4.2,1548,24.6,6.7,1506,1749,2243,1996,1506,1748,2241,1996,5716,447
1774143359,3,600552.3,560141.6,120806.8,115878.8,41444.1,43705.2,61929.7,106553.0,89136.4,1057.8,28.1,4.3,1671,24.6,6.7,1507,1749,2243,1996,1506,1749,2242,1995,5715,446
1774143657,3,598047.7,557138.2,120615.9,115703.2,41377.2,43507.4,61729.2,106372.0,89091.3,1122.9,28.1,4.2,1743,24.6,6.7,1507,1749,2242,1996,1506,1749,2241,1996,5717,447
1774143957,3,592807.9,553391.2,119600.3,114809.3,41114.1,43322.7,61428.5,106165.3,89048.9,1188.7,28.1,4.2,1785,24.6,6.7,1507,1749,2242,1996,1506,1749,2242,1996,5717,447
1774144259,3,590400.4,550842.8,119144.6,114407.3,40962.1,43042.5,61260.2,105762.1,89008.3,1257.4,28.1,4.3,1923,24.6,6.7,1508,1750,2244,1997,1507,1749,2243,1996,5717,447
1774144559,3,586735.4,547504.2,118618.1,113780.0,40806.1,42920.3,60997.1,105539.3,88970.0,1332.8,28.1,4.2,1991,24.5,6.7,1508,1750,2244,1998,1508,1750,2243,1997,5718,447
1774144857,3,586510.0,546637.5,118654.5,113794.8,40700.4,42761.7,60909.7,105233.1,88933.5,1388.7,28.0,4.3,2102,24.5,6.7,1508,1750,2244,1997,1507,1749,2242,1996,5717,447
1774145157,3,581007.6,541883.8,117837.9,112994.7,40522.7,42453.2,60775.1,105037.8,88899.0,1472.0,28.0,4.3,2177,24.5,6.8,1508,1750,2244,1997,1507,1750,2243,1997,5719,447
1774145459,3,580029.9,540735.6,117624.3,112794.1,40385.4,42256.8,60566.7,104634.6,88866.5,1525.8,28.0,4.3,2284,24.5,6.8,1508,1751,2244,1998,1508,1751,2244,1997,5722,447
1774145757,3,574568.8,535561.8,116637.1,111867.6,40232.1,42089.3,60390.3,104608.3,88836.3,1593.5,28.0,4.3,2375,24.5,6.8,1508,1751,2244,1998,1507,1750,2243,1996,5719,447
1774146057,3,571890.7,534256.8,116455.3,111691.5,40204.1,41965.3,60320.2,104182.2,88807.2,1674.6,28.0,4.3,2427,24.5,6.8,1508,1750,2244,1998,1507,1749,2243,1997,5719,447
1774146357,3,567875.6,529728.7,115759.8,111169.6,40010.3,41895.2,60245.0,103891.0,88779.8,1747.4,28.0,4.3,2555,24.5,6.7,1509,1752,2245,1998,1508,1751,2245,1998,5721,447
1774146659,3,565024.2,527321.9,115320.0,110434.9,39868.0,41683.7,59959.6,103895.8,88753.4,1803.8,28.0,4.3,2687,24.5,6.8,1509,1751,2245,1998,1509,1751,2245,1998,5722,447
1774147257,3,775803.2,721844.8,146399.3,139886.8,47781.1,50940.6,68758.2,118215.5,89828.3,308.8,27.9,4.0,683,24.3,6.3,1506,1749,2242,1996,1506,1749,2242,1996,5717,447
1774147559,3,734456.3,682569.7,139864.7,134117.2,46401.4,49014.9,67581.1,116459.7,89758.3,362.7,27.9,4.1,767,24.4,6.4,1506,1749,2242,1996,1506,1748,2241,1995,5716,447
1774147859,3,708616.8,658033.8,136660.8,130930.4,45631.1,48104.5,66785.3,114678.8,89688.2,416.9,27.9,4.1,820,24.4,6.5,1506,1749,2242,1996,1505,1748,2241,1995,5715,446
1774148157,3,693222.8,645662.1,134311.7,128940.8,45157.0,47556.6,66099.9,114270.9,89621.5,474.2,27.9,4.1,917,24.4,6.5,1507,1749,2243,1996,1506,1749,2242,1996,5718,447
1774148457,3,683122.3,638129.2,133326.0,127665.6,44628.5,47115.2,65858.6,113289.9,89556.0,526.9,27.9,4.2,973,24.4,6.6,1507,1749,2243,1997,1507,1750,2243,1996,5720,447
1774148759,3,672627.2,626902.0,131450.7,126032.5,44228.9,46645.8,65119.9,112072.1,89494.1,590.9,27.9,4.1,1063,24.4,6.6,1507,1750,2243,1997,1506,1749,2243,1996,5719,447
1774149059,3,665796.0,621851.1,130463.4,124988.5,43857.3,46352.0,64932.4,111626.4,89435.5,659.2,27.9,4.2,1129,24.4,6.6,1507,1750,2244,1997,1507,1749,2242,1996,5718,447
1774149357,3,656240.1,612662.2,129234.3,124121.9,43573.6,46014.6,64280.6,111007.2,89380.1,727.3,27.9,4.2,1217,24.4,6.6,1506,1749,2243,1996,1506,1749,2242,1996,5718,447
1774149657,3,649218.2,606926.9,128381.0,123054.7,43366.9,45620.1,64348.9,110700.8,89327.1,785.0,27.9,4.2,1323,24.3,6.6,1508,1751,2244,1998,1508,1750,2243,1997,5719,447
1774149959,3,643454.9,599806.8,127185.2,122128.8,43151.9,45433.8,64015.8,110489.7,89276.5,853.5,27.9,4.2,1376,24.3,6.7,1507,1750,2244,1997,1506,1749,2243,1996,5719,447
1774150259,3,639815.9,596529.8,126699.0,121299.0,42825.5,45129.9,63754.0,109811.1,89229.0,920.0,27.9,4.2,1453,24.3,6.7,1508,1750,2244,1997,1507,1750,2243,1996,5720,447
1774150557,3,635100.1,593124.4,126136.3,120964.5,42604.6,44976.2,63506.3,109491.1,89184.6,996.1,27.8,4.2,1519,24.3,6.6,1508,1750,2244,1997,1507,1750,2243,1996,5719,447
1774150859,3,630350.8,588450.4,125352.9,120230.2,42409.8,44743.8,63416.6,109337.8,89141.8,1045.3,27.8,4.2,1657,24.3,6.7,1508,1750,2245,1997,1507,1750,2244,1997,5719,447
1774151157,3,626642.6,585135.7,124591.2,119481.2,42253.9,44439.8,63145.6,108985.4,89102.2,1114.7,27.8,4.2,1753,24.3,6.7,1508,1750,2244,1997,1507,1750,2243,1997,5719,447
1774151457,3,620926.4,579900.0,123785.1,118555.7,42156.8,44329.2,63011.2,108601.5,89064.1,1193.7,27.8,4.2,1781,24.3,6.7,1507,1750,2243,1997,1507,1750,2243,1996,5720,447
1774151759,3,619078.1,576421.9,123219.4,118092.6,41885.2,44212.1,62682.8,108437.4,89028.5,1254.0,27.8,4.2,1879,24.3,6.7,1508,1750,2244,1996,1507,1750,2243,1996,5718,447
1774152057,3,616959.8,575237.1,123046.6,117823.9,41694.1,43979.0,62333.0,107837.6,88994.9,1321.1,27.8,4.2,1993,24.3,6.7,1507,1750,2244,1997,1507,1749,2243,1996,5719,447
1774152357,3,611075.6,570410.3,122186.9,117083.4,41564.6,43812.1,62330.7,107393.0,88962.8,1396.7,27.8,4.3,2046,24.3,6.7,1508,1750,2244,1997,1507,1750,2244,1997,5721,447
1774152659,3,604938.9,564520.1,121476.9,116546.6,41383.2,43627.0,62207.0,107481.2,88932.6,1458.5,27.8,4.2,2191,24.3,6.7,1508,1751,2244,1998,1508,1750,2243,1997,5720,447
1774152957,3,606878.3,566844.7,121555.2,116558.9,41215.0,43367.4,62007.5,107393.6,88903.0,1536.1,27.8,4.2,2252,24.3,6.7,1508,1751,2244,1997,1507,1750,2243,1997,5719,447
1774153257,3,600299.3,561000.9,120852.3,115886.1,41127.8,43226.3,61780.2,106694.2,88875.8,1609.2,27.8,4.2,2312,24.3,6.7,1508,1750,2244,1997,1507,1750,2243,1997,5719,447
1774153559,3,597577.8,557761.3,120300.8,115215.5,40950.7,43063.3,61458.4,106607.0,88850.6,1659.3,27.8,4.2,2460,24.3,6.8,1509,1751,2246,1998,1509,1751,2244,1998,5722,447
1774153857,3,594287.8,554830.8,119997.3,115053.5,40793.5,42861.0,61498.3,106120.7,88826.8,1722.3,27.8,4.2,2522,24.2,6.7,1509,1752,2246,1998,1508,1750,2244,1997,5721,447
1774154457,3,815649.8,757015.1,150632.7,144311.7,49075.9,52038.5,70149.5,120919.3,89957.7,289.5,27.6,4.0,688,24.1,6.3,1508,1750,2244,1997,1507,1749,2243,1996,5717,447
1774154757,3,769851.2,715035.3,144912.1,138515.9,47364.8,50308.9,69039.8,118573.6,89887.0,354.2,27.7,4.0,730,24.1,6.4,1507,1749,2243,1996,1506,1748,2242,1995,5715,446
1774155059,3,744046.8,690657.6,141028.5,135286.3,46629.1,49376.8,68203.2,117568.4,89817.5,415.0,27.7,4.1,789,24.2,6.5,1507,1749,2243,1996,1507,1749,2242,1995,5716,446
1774155357,3,730153.0,677791.7,139097.1,133474.1,46121.3,48498.6,67552.6,116557.9,89750.4,464.4,27.7,4.1,901,24.2,6.5,1508,1750,2244,1997,1507,1749,2243,1996,5718,447
1774155657,3,714721.9,665527.2,137299.0,131745.8,45585.2,48013.5,67151.0,115465.8,89685.5,521.0,27.7,4.1,941,24.2,6.5,1508,1750,2244,1997,1507,1749,2243,1996,5716,446
1774155959,3,703460.7,655292.4,135676.4,130022.1,45230.7,47660.9,66601.0,114858.2,89625.2,583.8,27.7,4.1,1054,24.2,6.6,1508,1750,2244,1997,1507,1749,2243,1996,5718,447
1774156257,3,692103.9,646600.5,134450.5,128630.4,44758.9,47236.3,66253.2,114444.6,89566.7,638.4,27.7,4.2,1112,24.2,6.6,1508,1751,2244,1997,1507,1750,2243,1997,5719,447
1774156557,3,686192.2,640610.8,133316.6,127875.9,44450.4,46761.0,65874.1,113738.4,89511.0,705.2,27.7,4.1,1177,24.2,6.6,1508,1750,2244,1997,1507,1750,2243,1996,5717,446
1774156859,3,675860.6,631860.4,131856.0,126526.5,44140.6,46479.9,65629.5,113053.8,89458.2,775.2,27.7,4.2,1285,24.2,6.6,1509,1751,2246,1998,1508,1750,2244,1997,5719,447
1774157159,3,671447.2,626418.7,131327.3,125964.4,43914.0,46259.3,65187.2,112731.6,89407.9,837.9,27.7,4.2,1331,24.2,6.7,1509,1751,2244,1998,1509,1750,2244,1997,5719,447
1774157457,3,665510.5,621206.4,130338.6,124764.4,43748.4,46130.1,64984.6,111888.3,89361.3,920.6,27.7,4.2,1422,24.2,6.6,1508,1751,2245,1998,1507,1750,2243,1997,5718,447
1774157757,3,659711.5,616046.7,129462.5,124060.1,43503.2,45799.8,64778.3,111488.5,89316.1,986.3,27.7,4.2,1533,24.2,6.6,1507,1750,2244,1997,1507,1749,2243,1996,5716,446
1774158059,3,656452.2,610173.4,128571.6,123322.1,43288.4,45564.2,64684.9,111267.8,89272.3,1043.5,27.7,4.2,1608,24.2,6.6,1509,1751,2245,1998,1508,1750,2244,1997,5719,447
1774158357,3,651650.8,608489.8,128266.3,122925.8,43111.7,45294.3,64353.5,111097.0,89231.3,1106.8,27.7,4.2,1691,24.2,6.7,1508,1751,2245,1997,1508,1750,2244,1997,5719,447
1774158657,3,647593.2,604634.8,127547.8,122044.0,42774.0,45235.7,63964.4,110867.0,89193.6,1183.0,27.7,4.2,1757,24.2,6.7,1509,1751,2245,1998,1508,1750,2244,1997,5719,447
1774158959,3,642834.6,598429.4,126643.7,121556.4,42628.6,44972.9,64081.1,110337.2,89156.7,1233.4,27.7,4.2,1882,24.2,6.7,1510,1751,2244,1998,1509,1750,2243,1997,5720,447
1774159257,3,638104.4,595764.4,126044.4,120877.5,42448.7,44601.4,63619.3,109907.6,89120.7,1300.3,27.7,4.2,1936,24.1,6.7,1511,1752,2245,1999,1510,1752,2245,1998,5724,448
1774159557,3,633282.2,590484.1,125478.9,120290.2,42313.0,44444.2,63598.3,109461.9,89087.4,1362.8,27.6,4.2,2010,24.1,6.7,1506,1749,2242,1995,1505,1748,2241,1995,5715,446
1774159859,3,632934.9,590206.9,125121.9,119811.9,42111.8,44417.1,63390.3,109386.7,89055.6,1437.2,27.7,4.2,2155,24.1,6.7,1507,1749,2242,1996,1506,1748,2242,1995,5715,447
1774160157,3,625655.9,583872.3,124441.1,119097.1,42015.2,44086.4,63232.5,109058.0,89025.3,1495.9,27.6,4.2,2240,24.1,6.7,1507,1749,2243,1996,1506,1748,2242,1995,5715,447
1774160457,3,623846.2,581774.3,123913.8,118523.2,41757.3,43974.6,63038.8,108697.8,88996.3,1561.8,27.6,4.2,2278,24.1,6.7,1506,1749,2243,1996,1506,1748,2242,1995,5716,446
1774160759,3,621035.8,578959.4,123625.6,118292.2,41812.1,43838.7,62747.9,108368.9,88969.4,1622.1,27.7,4.2,2422,24.1,6.7,1507,1749,2243,1996,1506,1749,2242,1995,5715,447
1774161057,3,618999.5,577062.4,123141.0,117987.0,41544.5,43816.9,62784.9,108016.8,88943.8,1709.7,27.7,4.2,2500,24.1,6.7,1507,1750,2244,1997,1506,1749,2242,1996,5716,447
1774161659,3,840688.2,782450.2,154411.6,147721.8,49952.8,52844.0,71069.7,122504.4,90020.0,293.2,27.5,3.9,703,24.0,6.3,1507,1749,2243,1996,1506,1748,2242,1995,5714,446
1774161959,3,793153.8,738740.2,147608.8,141354.8,48169.3,51138.9,69696.2,120556.7,89950.2,350.0,27.6,4.0,755,24.0,6.4,1508,1750,2245,1997,1507,1750,2243,1997,5717,447
1774162257,3,766481.8,710693.5,144079.6,137896.2,47198.4,50036.5,68912.5,119265.5,89880.1,401.8,27.6,4.0,796,24.1,6.5,1507,1750,2244,1997,1506,1749,2242,1996,5716,447
1774162557,3,750431.3,695640.2,141813.2,135709.1,46657.7,49226.8,68546.3,118080.6,89813.2,449.9,27.6,4.1,874,24.1,6.5,1507,1750,2244,1996,1506,1748,2243,1995,5716,446
1774162859,3,740880.8,687256.4,140233.6,134146.6,46239.5,48761.1,67983.0,117211.1,89748.5,517.3,27.6,4.1,947,24.1,6.6,1508,1750,2244,1997,1507,1749,2242,1996,5715,447
1774163157,3,727356.4,676086.2,138962.0,132952.2,45854.5,48276.5,67560.5,116757.1,89686.9,572.7,27.6,4.1,1024,24.1,6.5,1508,1750,2243,1997,1506,1749,2242,1996,5715,447
1774163457,3,717139.4,667794.4,137393.2,131412.4,45466.7,47836.7,67202.9,115908.6,89628.0,649.1,27.6,4.1,1086,24.1,6.6,1508,1750,2244,1997,1507,1750,2243,1996,5718,447
1774163760,3,705411.7,657605.0,136020.3,130270.6,45260.8,47445.7,66743.8,115288.5,89573.4,692.7,27.6,4.1,1157,24.1,6.6,1507,1750,2243,1997,1506,1749,2242,1996,5715,447
1774164057,3,701363.2,653724.8,134975.5,129232.6,44946.6,47108.8,66446.2,114428.4,89520.3,746.7,27.6,4.1,1226,24.1,6.6,1506,1749,2242,1996,1505,1748,2242,1995,5714,447
1774164357,3,693489.9,645677.1,134013.7,128240.9,44454.7,46801.5,66070.5,114626.4,89470.0,803.2,27.6,4.1,1295,24.1,6.6,1509,1751,2245,1998,1509,1751,2245,1998,5722,448
1774164659,3,685781.1,639579.5,132810.8,127202.9,44260.2,46539.1,65839.0,113820.3,89422.7,881.8,27.6,4.2,1406,24.1,6.6,1506,1748,2243,1995,1504,1747,2241,1995,5712,446
1774164959,3,682728.8,636362.8,132235.3,126564.7,44044.3,46242.2,65426.2,113405.7,89376.7,929.8,27.6,4.2,1502,24.1,6.7,1505,1748,2243,1996,1505,1748,2242,1995,5714,446
1774165257,3,676846.9,632015.8,131455.4,125939.8,43840.1,46071.7,65372.1,112526.0,89333.1,974.6,27.6,4.2,1556,24.1,6.7,1506,1748,2242,1996,1505,1748,2241,1995,5714,447
1774165557,3,669359.3,625130.1,130549.1,124945.1,43574.1,45767.6,65059.6,112178.8,89291.9,1060.3,27.6,4.2,1602,24.1,6.7,1506,1748,2242,1995,1505,1748,2241,1996,5715,446
1774165859,3,666332.2,619590.4,130174.4,124592.2,43416.8,45652.3,64665.7,112267.1,89252.6,1111.3,27.6,4.2,1724,24.1,6.7,1505,1748,2242,1996,1505,1748,2242,1995,5715,446
1774166159,3,661298.6,618160.6,129573.9,123934.9,43224.7,45415.4,64576.0,111590.2,89215.1,1183.5,27.6,4.2,1809,24.1,6.7,1506,1749,2242,1996,1505,1748,2242,1995,5714,446
1774166457,3,658309.7,613683.4,128897.1,123213.4,43086.5,45335.6,64451.1,111274.2,89179.7,1232.6,27.6,4.1,1870,24.1,6.7,1507,1749,2243,1996,1506,1748,2243,1996,5716,447
1774166757,3,651165.2,606676.1,128182.6,122506.3,42979.3,45028.4,64155.1,110623.3,89145.8,1305.7,27.6,4.2,1943,24.1,6.7,1506,1749,2243,1996,1506,1748,2242,1996,5716,447
1774167059,3,650502.2,605647.1,127314.3,122013.9,42634.8,44818.9,63840.3,110708.9,89114.0,1367.0,27.6,4.2,2054,24.1,6.7,1506,1749,2242,1996,1505,1748,2241,1995,5713,447
1774167359,3,645625.0,603615.9,127346.8,121785.5,42555.1,44737.5,63957.1,110421.2,89083.2,1441.7,27.6,4.2,2111,24.1,6.7,1507,1749,2243,1996,1506,1749,2243,1996,5716,447
1774167657,3,639638.7,595699.2,126040.8,120538.8,42307.0,44450.7,63620.4,109756.1,89053.9,1506.5,27.6,4.2,2209,24.1,6.7,1507,1750,2244,1997,1506,1749,2242,1996,5716,447
1774167957,3,638059.8,594623.4,125851.5,120508.5,42238.2,44317.7,63604.1,109401.3,89025.8,1582.9,27.6,4.2,2340,24.1,6.8,1507,1749,2244,1997,1506,1749,2243,1996,5717,446
1774168259,3,633602.9,590303.9,125128.1,119675.1,42026.1,44150.5,63124.5,109113.6,88998.8,1639.2,27.6,4.2,2385,24.1,6.7,1507,1750,2244,1997,1507,1749,2243,1997,5717,447
1774168857,3,875217.5,812500.2,158719.1,151297.1,50861.8,53627.5,72094.5,123996.2,90015.7,271.8,27.5,3.9,677,24.0,6.3,1507,1749,2244,1997,1507,1749,2243,1996,5718,447
1774169159,3,816929.6,758408.5,150548.9,143923.3,48807.9,51918.1,70618.7,121375.6,89947.9,333.8,27.5,4.0,745,24.0,6.4,1507,1750,2244,1997,1506,1749,2243,1996,5715,447
1774169459,3,787662.5,732023.1,146806.6,140227.2,47755.0,50646.2,69810.0,120387.5,89879.1,388.0,27.6,4.0,789,24.0,6.5,1508,1750,2245,1998,1507,1749,2243,1998,5719,447
1774169757,3,769440.8,713886.8,144477.8,138243.5,47238.8,49930.3,69133.5,119426.9,89813.3,458.5,27.6,4.0,835,24.0,6.5,1508,1750,2244,1998,1507,1749,2243,1997,5717,447
1774170059,3,760482.4,704332.9,143039.1,136487.8,46772.1,49240.3,68568.4,118305.0,89749.6,503.8,27.6,4.1,943,24.1,6.5,1507,1749,2243,1997,1506,1748,2242,1996,5716,447
1774170359,3,742809.0,689186.1,140810.3,134834.8,46335.5,48651.8,68045.9,117944.9,89688.7,557.4,27.6,4.1,963,24.0,6.5,1507,1749,2243,1997,1506,1749,2243,1997,5718,447
1774170657,3,731412.7,679004.2,139302.1,133332.1,45915.0,48309.0,67735.8,116912.6,89631.2,621.1,27.6,4.1,1060,24.0,6.6,1506,1749,2243,1997,1506,1748,2242,1996,5714,447
1774170957,3,725068.2,674205.3,138197.9,132305.6,45579.1,47992.1,67514.2,116829.3,89576.5,674.9,27.6,4.1,1141,24.1,6.6,1507,1749,2244,1997,1506,1748,2242,1996,5716,447
1774171259,3,716264.0,666775.9,137268.5,131015.6,45366.6,47575.9,66882.4,115995.3,89524.5,728.3,27.6,4.1,1196,24.1,6.6,1508,1750,2244,1998,1508,1750,2244,1997,5719,447
1774171557,3,711710.3,661679.2,136169.0,130174.3,45129.3,47214.9,66823.9,115388.9,89474.7,811.4,27.6,4.1,1298,24.1,6.7,1508,1751,2244,1998,1507,1750,2243,1997,5718,447
1774171857,3,702825.8,653653.9,135024.8,129179.2,44802.2,47028.7,66312.7,114916.5,89427.7,860.6,27.6,4.1,1360,24.1,6.7,1506,1748,2243,1996,1506,1748,2242,1996,5715,446
1774172159,3,697925.3,649317.8,134296.9,128294.8,44430.3,46715.9,66271.1,114222.6,89382.8,927.1,27.6,4.1,1468,24.1,6.6,1506,1749,2243,1997,1505,1748,2242,1995,5716,447
1774172459,3,690381.9,641815.8,133417.0,127349.9,44226.3,46441.1,65915.0,114206.2,89339.6,992.1,27.6,4.2,1505,24.1,6.6,1506,1749,2243,1997,1505,1749,2243,1996,5716,447
1774172757,3,684253.1,639375.5,132726.2,126897.9,44079.0,46304.1,65682.5,113475.1,89298.5,1041.1,27.6,4.1,1616,24.1,6.7,1507,1749,2244,1997,1506,1748,2242,1996,5717,447
1774173059,3,677956.2,634156.7,131845.2,126229.0,43852.7,45972.5,65525.8,113133.8,89259.1,1099.8,27.6,4.2,1702,24.1,6.7,1507,1750,2244,1997,1506,1749,2242,1996,5715,447
1774173359,3,676099.3,629163.4,131485.9,125589.9,43662.1,45821.0,65500.0,112612.6,89221.5,1169.1,27.6,4.2,1739,24.1,6.7,1506,1749,2243,1996,1506,1749,2242,1996,5716,447
1774173657,3,671856.2,626941.7,131087.9,125220.5,43536.7,45615.8,65117.2,112076.1,89186.4,1246.7,27.6,4.2,1841,24.1,6.7,1507,1750,2243,1997,1506,1749,2242,1997,5715,447
1774173959,3,668187.1,621751.2,130006.5,124211.6,43227.8,45449.6,64826.7,112103.3,89151.4,1305.5,27.6,4.1,1939,24.1,6.7,1507,1750,2244,1997,1506,1749,2243,1997,5717,447
1774174259,3,663501.7,617509.9,129472.2,123879.2,43183.3,45183.8,64630.2,111784.4,89118.3,1367.9,27.6,4.2,2005,24.1,6.7,1509,1751,2245,1998,1507,1750,2243,1997,5719,447
1774174557,3,659319.2,614813.2,128847.2,123149.6,43004.9,45106.7,64337.4,111349.6,89087.1,1423.7,27.6,4.2,2088,24.1,6.7,1506,1749,2243,1997,1505,1748,2242,1996,5716,447
1774174857,3,654573.2,610678.7,128159.6,122463.2,42904.9,44849.8,64289.3,111114.8,89057.1,1491.2,27.6,4.2,2226,24.1,6.7,1506,1749,2243,1996,1505,1748,2242,1996,5716,447
1774175159,3,650239.1,605125.8,127493.0,121834.9,42660.9,44788.4,63849.2,110757.2,89027.6,1559.6,27.6,4.2,2246,24.1,6.8,1506,1749,2243,1996,1505,1748,2242,1995,5716,447
1774175457,3,646661.0,602119.1,127020.9,121367.7,42440.9,44618.7,63694.8,110685.1,89000.5,1609.9,27.6,4.2,2320,24.1,6.7,1506,1748,2242,1996,1505,1749,2242,1995,5715,447
1774176057,3,892360.8,830028.3,160536.5,153480.2,51204.2,54042.9,72738.4,125145.2,90023.5,280.1,27.5,3.9,642,23.9,6.3,1506,1748,2242,1996,1505,1748,2241,1995,5714,446
1774176357,3,833397.2,774942.2,152986.6,146136.9,49364.8,52325.2,71219.2,123483.8,89954.6,335.3,27.5,4.0,714,24.0,6.5,1506,1748,2242,1996,1506,1748,2242,1996,5715,447
1774176659,3,806303.5,750378.1,149961.9,142704.5,48280.7,51206.3,70395.7,122058.8,89884.8,392.5,27.5,4.0,768,24.0,6.5,1506,1748,2242,1996,1505,1748,2242,1995,5713,446
1774176957,3,787713.8,731625.2,146842.8,140605.5,47677.4,50429.1,69606.4,120250.9,89818.1,441.4,27.6,4.0,860,24.0,6.5,1507,1749,2243,1997,1506,1748,2243,1996,5716,447
1774177257,3,773396.5,718143.3,144605.3,138155.5,47149.3,49863.6,69083.8,119067.9,89753.2,493.8,27.6,4.1,872,24.0,6.6,1506,1748,2243,1996,1505,1748,2241,1995,5714,446
1774177557,3,759517.3,705104.2,142798.6,136273.6,46705.5,49179.3,68628.4,118982.1,89691.7,548.7,27.5,4.1,1009,24.0,6.6,1506,1749,2242,1996,1505,1748,2241,1995,5714,446
1774177859,3,748351.9,693565.2,141282.1,135151.8,46335.7,48659.5,68123.7,118192.3,89632.7,597.5,27.6,4.1,1058,24.0,6.6,1506,1748,2243,1996,1505,1748,2241,1995,5714,446
1774178157,3,743334.1,689151.0,140586.3,134305.4,46061.5,48434.9,68039.0,117526.2,89576.2,653.9,27.6,4.1,1121,24.0,6.6,1506,1749,2243,1996,1506,1748,2242,1995,5714,447
1774178457,3,733728.2,681985.3,139294.2,133177.5,45760.4,48011.0,67630.5,117293.4,89521.9,721.7,27.6,4.1,1210,24.0,6.6,1507,1750,2244,1997,1507,1749,2244,1997,5718,447
1774178759,3,728049.4,676137.6,138805.2,132450.8,45525.8,47801.0,67276.6,116634.2,89470.1,773.0,27.6,4.1,1295,24.0,6.6,1507,1749,2243,1997,1506,1749,2243,1996,5716,447
1774179059,3,717891.2,667235.8,137324.4,131358.4,45286.8,47472.9,67127.1,116219.4,89420.7,843.7,27.6,4.1,1344,24.0,6.7,1507,1749,2243,1997,1506,1748,2242,1996,5716,447
1774179357,3,715184.4,666061.2,136688.6,130660.8,45065.0,47191.8,66727.1,115818.9,89374.3,900.5,27.6,4.1,1420,24.1,6.7,1507,1749,2243,1997,1506,1748,2242,1996,5715,447
1774179659,3,707397.4,659505.8,135835.6,129834.5,44916.5,46966.2,66387.2,115615.5,89329.7,954.9,27.6,4.2,1506,24.0,6.7,1506,1749,2243,1996,1506,1748,2242,1995,5715,447
1774179959,3,705673.5,656615.7,135152.8,128991.1,44618.0,46708.8,66486.4,114953.9,89286.5,1019.1,27.6,4.1,1583,24.1,6.7,1507,1749,2244,1997,1507,1749,2243,1997,5718,447
1774180257,3,699137.3,650365.7,134215.5,128433.6,44265.7,46511.0,66041.8,115176.2,89245.4,1070.7,27.5,4.1,1646,24.1,6.7,1507,1749,2244,1997,1506,1749,2243,1997,5718,447
1774180559,3,694772.0,647093.7,133594.6,127739.4,44141.3,46422.3,65902.8,114088.3,89206.9,1131.2,27.6,4.2,1747,24.1,6.7,1507,1750,2244,1998,1507,1749,2243,1997,5718,447
1774180857,3,687333.4,640769.7,132998.4,127131.7,44014.7,46200.1,65654.7,113637.6,89169.8,1208.8,27.6,4.1,1831,24.0,6.7,1509,1751,2245,1999,1508,1750,2245,1998,5720,447
1774181157,3,685658.1,638672.2,132630.2,126691.4,43832.5,46004.3,65564.7,113091.6,89135.5,1254.6,27.6,4.2,1846,24.0,6.7,1508,1751,2245,1998,1508,1750,2244,1998,5721,447
1774181459,3,679903.7,633727.2,131764.6,125895.3,43668.6,45836.9,65109.0,112825.3,89101.4,1315.7,27.6,4.2,1980,24.0,6.8,1508,1750,2245,1999,1506,1749,2244,1997,5720,447
1774181757,3,677246.3,630412.7,131377.9,125257.8,43482.4,45621.1,65190.3,112194.8,89069.4,1374.6,27.6,4.2,2074,24.1,6.7,1507,1750,2244,1998,1506,1749,2243,1997,5718,447
1774182057,3,672905.2,627563.8,130860.6,125042.9,43373.0,45494.3,64800.3,112193.6,89039.0,1437.3,27.6,4.2,2127,24.1,6.8,1508,1751,2245,1999,1508,1750,2244,1998,5721,447
1774182357,3,667724.8,620917.3,129956.2,124254.4,43174.9,45262.6,64836.2,111867.7,89010.3,1503.6,27.6,4.2,2230,24.0,6.7,1508,1751,2245,1999,1507,1750,2244,1998,5721,447
1774182659,3,665358.3,618848.7,129618.2,124078.9,43091.2,45121.8,64608.3,112024.9,88982.2,1559.5,27.6,4.2,2337,24.1,6.8,1508,1750,2245,1999,1507,1750,2244,1998,5719,447
1774183257,3,915748.5,851337.1,163425.5,155522.0,51911.3,54648.3,73456.6,126481.3,89984.4,260.4,27.4,3.8,617,23.9,6.4,1507,1749,2243,1997,1506,1749,2243,1996,5717,447
1774183557,3,856034.1,795535.4,155278.6,148489.7,49930.9,52848.6,71979.8,124108.4,89915.9,312.1,27.5,3.9,657,24.0,6.5,1507,1749,2244,1997,1506,1749,2242,1996,5715,447
1774183859,3,825334.2,766384.8,151563.0,144795.5,48851.7,51909.5,71067.6,123133.3,89848.2,367.6,27.5,4.0,773,24.0,6.5,1507,1749,2243,1997,1506,1748,2243,1996,5716,447
1774184157,3,809095.5,751700.4,149202.5,142215.5,48115.3,51098.0,70447.7,121762.1,89782.4,417.8,27.5,4.0,823,24.0,6.5,1508,1750,2244,1997,1507,1749,2243,1996,5717,447
1774184457,3,792368.1,737358.8,146843.8,140354.2,47646.5,50315.3,69758.4,120707.9,89719.0,473.7,27.5,4.1,886,24.0,6.5,1508,1750,2244,1997,1507,1750,2243,1997,5717,447
1774184759,3,784008.1,725601.8,145758.4,138979.1,47233.7,49949.2,69447.2,120157.2,89658.4,531.9,27.5,4.1,944,24.0,6.6,1507,1750,2244,1997,1507,1749,2243,1996,5716,447
1774185059,3,772685.7,717477.2,144023.0,137675.2,46885.2,49174.8,69051.3,119424.8,89600.9,582.0,27.5,4.1,1029,24.0,6.6,1508,1750,2245,1998,1507,1750,2244,1997,5719,447
1774185357,3,761535.5,706493.0,142819.2,136452.0,46510.2,48830.4,68823.2,118844.8,89546.0,642.3,27.6,4.1,1090,24.0,6.6,1506,1749,2243,1997,1506,1748,2242,1996,5716,447
1774185657,3,755184.5,700156.8,141840.0,135462.7,46222.0,48463.6,68456.5,118689.9,89493.2,702.1,27.5,4.1,1151,24.0,6.6,1507,1750,2245,1997,1506,1749,2243,1997,5718,447
1774185957,3,748386.2,693492.3,140627.2,134288.6,46058.6,48200.8,67917.2,117778.1,89443.0,756.7,27.5,4.1,1255,24.0,6.7,1507,1750,2244,1997,1507,1749,2243,1997,5716,447
1774186259,3,741892.3,686786.1,139901.6,133661.0,45707.6,47924.8,67688.6,117402.1,89395.2,813.7,27.6,4.1,1327,24.0,6.6,1508,1749,2243,1997,1507,1749,2243,1997,5718,447
1774186559,3,733161.8,681649.2,139093.9,132886.2,45572.0,47732.9,67401.6,117258.0,89349.5,873.5,27.5,4.1,1361,24.0,6.7,1508,1750,2244,1998,1508,1749,2243,1997,5717,447
1774186857,3,730171.0,677384.2,138349.1,132227.7,45377.1,47474.2,67150.4,116564.6,89306.1,929.7,27.6,4.1,1464,24.0,6.7,1508,1750,2244,1997,1507,1749,2242,1996,5716,447
1774187157,3,720858.8,671200.0,137376.6,131075.1,45148.6,47241.3,66838.5,116384.6,89264.6,998.1,27.6,4.1,1552,24.0,6.7,1511,1753,2246,2000,1510,1753,2246,2000,5727,448
1774187459,3,715386.3,666565.2,136498.5,130523.1,44913.6,47043.1,66648.9,115828.7,89225.1,1056.2,27.5,4.1,1634,24.0,6.7,1506,1749,2243,1997,1505,1748,2242,1996,5716,447
1774187759,3,708932.2,661475.2,136018.7,129780.4,44689.6,46746.8,66732.4,115359.9,89187.8,1118.6,27.6,4.1,1734,24.0,6.7,1506,1749,2242,1996,1505,1748,2241,1995,5713,446
1774188057,3,705449.2,654168.6,135097.7,129001.9,44549.7,46599.9,66207.5,115200.2,89151.7,1185.4,27.6,4.1,1759,24.0,6.7,1506,1748,2243,1996,1505,1748,2242,1996,5716,447
1774188357,3,701191.3,650547.8,134263.4,128449.9,44379.9,46358.8,66033.7,115083.0,89117.3,1236.9,27.6,4.2,1828,24.0,6.7,1505,1748,2242,1996,1505,1748,2242,1996,5714,446
1774188659,3,696747.6,648419.2,134111.0,127724.6,44039.4,46138.6,65902.3,114066.6,89084.1,1292.0,27.6,4.1,1967,24.0,6.7,1506,1749,2242,1996,1505,1748,2242,1995,5713,446
1774188959,3,694528.6,644915.6,133236.8,127115.3,43910.0,45985.2,65565.0,113936.2,89052.6,1356.4,27.5,4.1,1994,24.0,6.7,1506,1748,2243,1996,1505,1748,2242,1996,5713,447
1774189257,3,687258.8,639502.7,132365.3,126475.9,43688.1,45799.0,65432.7,113509.2,89023.0,1424.3,27.6,4.2,2104,24.0,6.7,1505,1748,2243,1996,1504,1747,2241,1995,5711,446
1774189557,3,686760.5,638648.4,132110.4,126036.5,43558.1,45654.6,65521.8,113198.5,88994.2,1487.4,27.6,4.1,2155,24.0,6.8,1506,1748,2242,1996,1505,1747,2241,1995,5711,446
1774189859,3,680343.9,633374.0,131645.2,125633.8,43448.4,45547.2,65013.5,112741.1,88967.5,1545.8,27.5,4.2,2252,24.0,6.8,1506,1748,2242,1996,1505,1748,2242,1995,5715,446
1774190457,3,934732.4,867591.3,166323.0,157821.8,52504.1,55150.1,74112.5,127744.4,89994.0,267.1,27.4,3.8,594,23.9,6.4,1505,1748,2242,1996,1505,1747,2241,1995,5712,446
1774190757,3,873859.2,812521.2,157763.5,150472.9,50572.9,53404.6,72684.7,125495.6,89924.8,320.2,27.5,3.9,696,23.9,6.4,1506,1748,2242,1996,1505,1747,2241,1995,5712,446
1774191059,3,844202.4,785195.8,153949.7,146942.7,49462.6,52551.4,71706.2,124009.6,89856.0,368.8,27.5,4.0,760,24.0,6.5,1506,1748,2242,1995,1505,1747,2241,1995,5712,446
1774191357,3,831142.3,773353.0,151752.4,144913.4,48785.0,51817.1,71026.1,122937.7,89789.3,417.1,27.5,4.0,863,24.0,6.5,1507,1749,2243,1997,1505,1749,2242,1996,5715,447
1774191657,3,814446.2,757056.4,149477.6,142871.3,48184.9,51274.5,70476.4,122034.1,89725.5,467.7,27.5,4.0,892,24.0,6.6,1507,1749,2243,1997,1506,1749,2242,1996,5715,447
1774191957,3,802338.2,744708.1,148101.8,141291.2,47703.9,50554.3,70161.9,121575.3,89663.9,527.3,27.5,4.0,936,24.0,6.6,1506,1749,2242,1996,1505,1748,2241,1996,5714,446
1774192259,3,793088.4,735112.7,146784.2,139906.4,47378.8,50133.6,69515.1,120476.6,89605.6,582.2,27.5,4.0,1040,24.0,6.6,1507,1749,2243,1997,1506,1748,2242,1996,5715,447
1774192559,3,781540.7,726570.7,145489.6,138698.7,47112.8,49525.3,69279.2,120054.3,89549.8,643.5,27.5,4.1,1105,24.0,6.7,1507,1749,2243,1996,1505,1748,2241,1996,5715,446
1774192857,3,773423.2,715235.8,143877.4,137596.4,46857.8,49054.8,69093.0,119486.3,89496.4,692.4,27.5,4.1,1152,24.0,6.6,1506,1749,2243,1996,1506,1748,2241,1996,5714,447
1774193157,3,768281.9,707947.3,142922.9,136158.1,46421.8,48716.5,68791.0,119368.9,89446.0,748.7,27.5,4.1,1200,24.0,6.7,1507,1749,2243,1997,1506,1749,2243,1996,5716,446
1774193459,3,758330.2,702899.2,142049.0,135669.5,46267.3,48507.3,68404.8,119084.6,89398.5,803.6,27.5,4.1,1298,24.0,6.7,1506,1749,2243,1997,1506,1749,2242,1997,5717,447
1774193759,3,750091.6,695144.4,140991.1,134457.0,45971.9,48145.0,67988.3,118330.2,89353.2,873.6,27.5,4.1,1348,24.0,6.7,1506,1749,2243,1997,1505,1748,2242,1996,5716,446
1774194057,3,745255.8,689737.0,140310.4,133708.6,45749.9,48014.0,67962.5,117824.3,89309.8,939.1,27.5,4.1,1444,24.0,6.7,1506,1749,2243,1996,1505,1748,2241,1996,5714,447
1774194357,3,737615.3,684778.1,139359.0,133116.0,45584.7,47736.1,67470.9,117334.9,89267.6,986.2,27.5,4.1,1516,24.0,6.7,1506,1749,2242,1996,1506,1748,2242,1996,5714,446
1774194659,3,733403.2,680056.9,138507.4,132362.1,45291.4,47478.5,67428.7,117055.1,89227.2,1034.6,27.5,4.1,1596,24.0,6.7,1506,1749,2243,1996,1506,1749,2242,1996,5716,447
1774194957,3,727887.7,674751.5,138058.7,131376.1,45198.2,47232.5,67166.3,116521.9,89189.4,1094.0,27.5,4.1,1652,24.0,6.7,1506,1749,2243,1996,1505,1749,2242,1996,5715,446
1774195257,3,720832.2,668228.8,136766.7,130587.1,44851.6,46982.9,66936.4,116351.0,89152.9,1164.5,27.5,4.1,1737,24.0,6.7,1507,1749,2243,1996,1505,1748,2241,1995,5713,446
1774195559,3,717469.1,665562.3,136339.1,130093.3,44786.8,46825.3,66571.9,115984.7,89118.2,1225.7,27.5,4.1,1862,24.0,6.8,1509,1751,2245,1998,1020,1184,1517,1351,3871,302
1774195857,3,711508.5,662650.3,136030.0,129759.7,44562.2,46590.6,66277.9,115337.0,89085.2,1291.3,27.5,4.1,1929,24.0,6.7,1508,1751,2244,1998,1508,1750,2243,1998,5720,447
1774196157,3,707918.2,656429.3,135330.0,128925.0,44446.2,46472.5,66369.0,114937.7,89053.4,1345.6,27.6,4.1,1984,24.0,6.8,1506,1749,2243,1996,1506,1749,2242,1996,5717,447
1774196459,3,702337.3,653432.2,134510.2,128211.6,44237.9,46315.3,65997.3,114965.4,89023.0,1406.5,27.6,4.2,2098,24.0,6.8,1507,1749,2243,1997,1506,1748,2242,1996,5716,447
1774196759,3,698472.1,649282.8,134079.9,127865.9,43995.1,46091.7,65955.6,114690.0,88993.5,1468.4,27.6,4.1,2133,24.0,6.7,1506,1749,2243,1996,1506,1749,2243,1997,5717,447
1774197057,3,694569.3,646637.0,133379.2,127417.4,43858.0,45895.7,65747.6,113958.1,88965.0,1534.7,27.6,4.1,2241,24.0,6.8,1506,1749,2243,1997,1505,1748,2242,1996,5714,446
1774197659,3,954187.1,886162.0,169080.0,160198.1,52962.5,55591.2,74674.4,128492.8,89981.4,265.6,27.4,3.8,633,23.9,6.4,1506,1748,2242,1996,1505,1747,2240,1995,5711,446
1774197957,3,893644.8,830811.4,160053.0,152505.6,50950.0,53856.8,73152.2,126461.3,89912.2,311.4,27.5,3.9,701,23.9,6.5,1505,1748,2242,1995,1505,1748,2241,1994,5712,446
1774198257,3,866107.2,804519.3,156299.2,148706.7,50122.3,52948.5,72304.8,125064.4,89842.6,359.7,27.5,4.0,762,24.0,6.5,1505,1749,2242,1996,1505,1748,2241,1995,5713,446
1774198559,3,843306.6,784820.4,153702.7,146635.0,49304.5,52175.1,71822.7,124271.5,89775.8,412.1,27.5,4.0,770,24.0,6.6,1506,1749,2243,1996,1505,1748,2241,1995,5713,447
1774198857,3,831887.9,773626.5,151582.5,144739.7,48802.5,51673.9,70961.5,123020.9,89711.4,459.0,27.5,4.0,859,24.0,6.6,1506,1749,2242,1996,1505,1748,2241,1995,5713,446
1774199157,3,818667.2,758829.2,149961.8,143022.5,48169.2,50984.1,70634.5,122177.8,89650.1,532.3,27.5,4.0,938,24.0,6.6,1506,1749,2244,1996,1506,1748,2242,1996,5715,446
1774199459,3,810841.0,754852.2,149121.0,142039.4,47835.4,50613.0,70378.8,122040.8,89591.4,568.6,27.5,4.0,1003,24.0,6.6,1506,1749,2242,1996,1505,1748,2242,1996,5716,446
1774199757,3,801015.7,744519.8,147508.2,140688.3,47449.3,49920.8,69679.1,121413.9,89535.4,622.4,27.5,4.1,1060,24.0,6.7,1506,1749,2243,1996,1505,1749,2242,1996,5716,447
1774200057,3,791520.3,733240.9,145990.0,139258.3,47216.6,49577.8,69618.7,121029.6,89481.7,685.6,27.5,4.1,1126,24.0,6.6,1507,1749,2244,1997,1506,1748,2242,1996,5715,447
1774200359,3,783098.2,727666.2,145457.8,138631.7,46870.8,49158.6,69191.4,120187.1,89429.9,725.5,27.5,4.1,1215,24.0,6.7,1507,1749,2243,1997,1506,1748,2243,1996,5715,447
1774200657,3,781081.7,725083.2,144884.4,137880.5,46701.1,48975.1,68882.2,119322.9,89381.1,781.5,27.5,4.1,1264,24.0,6.7,1507,1749,2243,1996,1506,1749,2242,1995,5715,447
1774200957,3,771690.6,715873.5,143693.4,136732.3,46427.2,48577.7,68486.6,118920.3,89334.2,833.9,27.5,4.1,1360,24.0,6.7,1506,1749,2243,1996,1506,1749,2242,1997,5717,446
1774201259,3,765421.8,710673.5,142940.6,136223.9,46214.4,48391.1,68335.2,118644.2,89289.0,892.9,27.5,4.1,1403,24.0,6.7,1506,1749,2243,1997,1506,1749,2242,1996,5715,447
1774201557,3,758878.6,703061.2,142200.1,135299.8,45965.8,48186.9,68127.7,118306.2,89246.4,963.0,27.5,4.1,1474,24.0,6.7,1507,1750,2244,1997,1506,1749,2243,1997,5716,446
1774201857,3,754426.2,698962.3,140818.4,134517.5,45810.2,47875.6,67822.6,118088.1,89204.9,1019.5,27.5,4.1,1570,24.0,6.8,1507,1750,2244,1997,1506,1749,2243,1996,5715,447
1774202159,3,744611.2,688850.4,139662.9,133366.3,45563.0,47618.1,67697.6,117562.2,89165.7,1073.9,27.5,4.1,1628,24.0,6.7,1507,1749,2244,1997,1506,1748,2242,1996,5715,446
1774202457,3,742105.0,687692.2,139996.8,133178.4,45423.7,47519.6,67366.4,117035.4,89127.4,1143.6,27.5,4.1,1690,24.0,6.8,1508,1750,2244,1998,1507,1749,2243,1997,5717,447
1774202759,3,733936.3,680276.0,138913.6,132428.2,45226.6,47273.1,67165.4,116876.0,89091.5,1195.8,27.5,4.1,1778,24.0,6.7,1508,1750,2244,1998,1507,1750,2244,1997,5718,447
1774203059,3,729619.1,677821.2,138057.3,131773.4,45067.7,47065.6,67043.9,116300.1,89056.8,1255.7,27.5,4.1,1853,24.0,6.8,1508,1751,2244,1998,1507,1749,2243,1997,5718,447
1774203357,3,727045.8,673731.2,137581.5,131006.5,44913.3,46907.2,66926.6,116402.4,89024.1,1308.9,27.5,4.1,1949,24.0,6.8,1507,1750,2245,1998,1507,1749,2243,1996,5717,447
1774203657,3,718729.3,667572.0,136551.2,130280.4,44672.1,46686.9,66612.8,115772.7,88992.3,1368.5,27.5,4.1,1994,24.0,6.8,1507,1750,2244,1997,1507,1749,2243,1997,5717,447
1774203959,3,714528.8,662852.9,136053.9,129652.5,44608.3,46580.4,66397.4,115884.7,88961.8,1422.2,27.5,4.1,2101,24.0,6.8,1507,1750,2244,1997,1506,1749,2243,1997,5717,447
1774204257,3,713527.1,663163.9,135951.0,129628.1,44435.2,46389.7,66263.7,115000.5,88932.1,1482.3,27.5,4.1,2184,24.0,6.8,1507,1749,2243,1997,1507,1749,2242,1996,5717,447
1774204859,3,958071.2,891261.9,169485.0,160324.1,52769.3,55188.1,74449.2,128364.0,89910.0,250.2,27.4,3.8,628,23.9,6.4,1508,1750,2243,1997,1507,1750,2243,1997,5716,447
1774205157,3,898418.2,833043.8,160441.5,152404.0,50859.5,53554.1,73037.0,126157.2,89840.9,305.0,27.5,3.9,719,23.9,6.5,1508,1751,2245,1998,1508,1750,2243,1997,5718,447
1774205457,3,868357.3,806068.3,156714.9,148994.4,49801.0,52646.6,72100.8,125168.2,89771.9,351.5,27.5,4.0,729,24.0,6.5,1508,1751,2244,1998,1507,1750,2243,1996,5717,447
1774205757,3,848084.3,786200.6,154127.5,146703.9,49194.4,52012.3,71472.5,124032.2,89704.2,402.8,27.5,4.0,797,24.0,6.6,1507,1750,2243,1997,1507,1749,2242,1996,5715,446
1774206059,3,834911.7,775242.1,152274.7,144525.7,48502.9,51412.1,70954.7,123015.9,89639.0,468.4,27.5,4.0,893,24.0,6.6,1507,1750,2244,1997,1507,1750,2243,1997,5718,447
1774206357,3,821270.8,762185.7,150254.5,142889.5,48097.9,50834.3,70705.3,122273.1,89576.8,522.3,27.5,4.0,961,24.0,6.6,1508,1751,2244,1997,1507,1749,2243,1997,5716,447
1774206657,3,812880.1,754445.2,149287.5,142236.3,47796.9,50255.5,70064.6,121886.2,89516.6,569.0,27.5,4.0,992,24.0,6.6,1508,1750,2245,1998,1507,1750,2243,1997,5717,447
1774206957,3,803471.9,746753.2,148134.1,140871.5,47362.6,49778.6,69752.2,121335.4,89459.3,622.2,27.5,4.0,1086,24.0,6.6,1508,1751,2245,1998,1508,1750,2244,1997,5719,447
1774207259,3,797292.2,740740.3,147224.9,139917.3,47124.2,49355.0,69472.1,120271.4,89404.0,669.8,27.5,4.0,1117,24.0,6.7,1508,1750,2244,1998,1508,1750,2244,1997,5719,447
1774207557,3,786890.1,730086.1,145426.8,138561.8,46747.8,48968.4,69090.4,120030.7,89351.6,724.8,27.5,4.0,1186,24.0,6.7,1508,1750,2245,1998,1507,1750,2243,1996,5717,446
1774207857,3,779550.8,723276.2,144646.2,137741.1,46536.3,48716.7,68921.9,119992.2,89301.2,790.8,27.6,4.1,1256,24.0,6.7,1508,1750,2244,1998,1508,1750,2243,1997,5717,447
1774208157,3,771704.8,714912.8,143693.4,136847.8,46325.2,48432.6,68443.5,119240.2,89252.5,846.2,27.5,4.1,1317,24.0,6.7,1506,1749,2243,1997,1506,1749,2242,1996,5716,447
1774208459,3,763985.2,707843.3,142355.3,135606.1,46057.8,48201.0,68315.2,118497.4,89206.7,900.4,27.5,4.1,1414,24.0,6.7,1508,1750,2244,1997,1507,1749,2242,1996,5716,447
1774208759,3,760083.2,702512.8,141480.6,134907.0,45794.9,47878.5,67992.3,118233.3,89162.0,962.2,27.5,4.1,1479,24.0,6.7,1507,1750,2244,1997,1506,1749,2243,1996,5716,447
1774209057,3,753720.8,696955.1,141244.1,134206.9,45700.9,47736.5,67743.5,117444.6,89119.9,1027.5,27.5,4.1,1560,24.0,6.7,1508,1750,2244,1997,1506,1749,2243,1997,5717,447
1774209357,3,746833.9,693307.0,140374.6,133752.5,45486.4,47539.8,67610.0,117708.4,89078.6,1085.1,27.5,4.1,1618,24.0,6.8,1509,1751,2244,1998,1508,1751,2244,1997,5720,447
1774209659,3,742336.2,687987.9,139819.5,132927.8,45253.1,47367.3,67527.1,117219.0,89039.0,1140.3,27.6,4.1,1740,24.0,6.8,1509,1751,2245,1998,1508,1750,2243,1997,5719,447
1774209959,3,737397.7,681310.2,138902.1,132258.9,45090.4,47095.7,67114.7,116621.5,89001.5,1197.9,27.5,4.1,1781,24.0,6.8,1508,1751,2244,1998,1507,1750,2243,1997,5717,447
1774210257,3,732176.2,676466.3,137967.2,131585.0,45013.4,46905.4,66809.0,116184.8,88966.3,1251.5,27.6,4.1,1867,24.0,6.8,1507,1750,2244,1997,1506,1749,2243,1996,5716,447
1774210557,3,727727.2,674860.2,137552.7,130758.0,44747.3,46740.7,66733.4,115940.3,88931.8,1308.1,27.6,4.1,1883,24.0,6.8,1506,1749,2243,1996,1505,1749,2241,1995,5714,446
1774210857,3,725342.2,672082.0,137310.9,130647.4,44634.3,46606.6,66518.3,115336.0,88899.3,1366.1,27.6,4.1,2015,24.1,6.8,1506,1748,2242,1996,1505,1748,2241,1995,5714,446
1774211159,3,719641.9,666461.1,136586.5,129939.6,44522.9,46411.0,66317.1,115346.7,88868.6,1435.2,27.6,4.1,2104,24.1,6.8,1505,1748,2241,1995,1505,1748,2241,1995,5714,446
1774211459,3,713836.1,663927.1,135765.0,129315.1,44318.8,46227.5,66333.2,114817.8,88839.1,1492.4,27.6,4.1,2143,24.1,6.8,1506,1749,2242,1996,1506,1748,2242,1996,5716,446
1774212057,3,982956.8,914189.0,173358.1,163906.2,53628.6,56248.0,75175.4,130381.8,89759.0,257.7,27.5,3.8,591,23.9,6.4,1507,1749,2243,1997,1506,1749,2243,1996,5715,446
1774212359,3,918554.2,852877.6,163158.8,155250.9,51603.2,54291.7,73773.5,127568.5,89692.7,314.3,27.5,3.9,672,24.0,6.5,1507,1749,2243,1997,1506,1749,2243,1996,5715,446
1774212657,3,889096.1,826108.5,159454.2,151447.2,50574.8,53341.4,72947.6,126292.9,89626.7,362.4,27.6,4.0,719,24.1,6.6,1507,1749,2243,1997,1506,1749,2242,1996,5714,447
1774212957,3,868640.6,807740.1,156705.2,149211.2,49730.8,52628.7,72217.8,125870.9,89562.0,412.5,27.6,4.0,768,24.1,6.6,1507,1750,2244,1997,1507,1749,2243,1996,5716,447
1774213259,3,854011.2,793455.4,154677.6,147215.1,49202.2,52084.4,71605.5,124511.1,89499.6,459.2,27.6,4.0,849,24.1,6.6,1507,1750,2244,1997,1506,1749,2242,1996,5715,446
1774213559,3,840837.5,781034.9,152728.2,145196.4,48569.0,51546.0,71304.9,123281.9,89439.2,509.4,27.6,4.1,918,24.1,6.7,1507,1750,2244,1997,1506,1748,2242,1995,5715,447
1774213857,3,828462.7,768253.1,151292.3,143730.7,48133.3,51071.5,70731.5,122917.5,89381.3,562.6,27.6,4.0,968,24.1,6.7,1507,1749,2244,1996,1506,1749,2242,1996,5716,446
1774214157,3,817169.6,759181.8,149420.9,142216.2,47696.5,50323.9,70277.3,122341.3,89327.2,618.9,27.7,4.1,1055,24.2,6.7,1507,1750,2244,1998,1507,1749,2243,1996,5717,447
1774214459,3,808705.5,751700.0,148690.3,141426.7,47464.1,49858.9,69868.0,121425.8,89273.6,685.9,27.7,4.0,1129,24.2,6.7,1507,1750,2244,1997,1507,1749,2242,1996,5715,447
1774214759,3,795410.6,739868.8,146716.7,139826.1,47181.9,49332.1,69465.9,120795.0,89222.7,734.5,27.7,4.0,1164,24.2,6.7,1508,1750,2244,1997,1507,1750,2243,1997,5717,447
1774215059,3,790621.2,731827.8,145571.0,138634.8,46835.4,48985.1,69122.8,120443.3,89174.1,793.8,27.7,4.1,1277,24.2,6.7,1510,1752,2245,1998,1509,1752,2245,1998,5725,447
1774215357,3,780705.1,723694.0,144570.4,137455.0,46501.5,48656.0,68669.2,119506.4,89127.4,845.6,27.7,4.1,1315,24.2,6.7,1509,1752,2245,1998,1509,1751,2245,1997,5723,447
1774215657,3,771649.2,715943.2,143491.0,136589.0,46194.0,48367.8,68411.0,119297.9,89081.9,908.6,27.7,4.1,1424,24.2,6.7,1510,1752,2246,1998,1510,1752,2245,1998,5726,447
1774215957,3,768715.8,710178.7,142583.0,135784.4,45973.2,48104.3,68038.8,118676.8,89038.0,959.1,27.7,4.1,1441,24.2,6.8,1511,1753,2247,1999,1510,1753,2246,1999,5727,447
1774216257,3,759123.6,702975.6,142020.4,135014.8,45765.5,47973.8,67794.4,118126.2,88996.4,1013.9,27.8,4.1,1522,24.2,6.8,1510,1753,2246,1998,1510,1752,2245,1998,5726,447
1774216557,3,752600.4,695806.2,140707.4,134001.2,45555.3,47564.6,67571.2,117403.5,88956.8,1076.9,27.8,4.1,1591,24.3,6.8,1510,1753,2246,1998,1510,1752,2246,1998,5727,448
1774216857,3,746641.8,690653.7,139669.9,133362.2,45274.6,47437.8,67448.1,117221.2,88919.0,1137.0,27.8,4.1,1673,24.3,6.8,1511,1754,2246,1999,1510,1752,2245,1997,5729,447
1774217157,3,741163.2,686312.4,139087.3,132340.4,45100.1,47130.6,66899.9,116933.7,88882.5,1194.0,27.8,4.1,1753,24.3,6.8,1511,1753,2247,1999,1510,1753,2245,1998,5731,448
1774217459,3,732982.7,678975.3,138374.0,131645.2,44877.7,46997.2,66716.0,116245.9,88847.7,1261.8,27.8,4.1,1876,24.3,6.8,1511,1752,2246,1999,1510,1752,2246,1998,5725,447
1774217759,3,729034.9,675824.6,137409.2,130833.9,44621.6,46811.1,66581.9,115865.4,88814.0,1316.0,27.8,4.1,1998,24.3,6.8,1510,1753,2247,1999,1509,1752,2245,1998,5725,447
1774218057,3,719689.9,667616.6,136278.5,129850.2,44452.6,46510.3,66182.8,115663.2,88782.2,1371.8,27.9,4.1,1998,24.3,6.8,1513,1754,2247,2000,1512,1754,2247,1999,5734,448
1774218357,3,716127.8,663472.1,135901.7,129150.4,44329.6,46357.5,65976.5,115329.0,88751.8,1436.0,27.9,4.1,2072,24.4,6.9,1513,1755,2248,2000,1512,1754,2247,1999,5734,448
1774218657,3,710152.2,658705.5,135383.0,128753.0,43987.8,46107.0,66013.0,114561.1,88721.9,1497.7,27.9,4.1,2202,24.4,6.9,1512,1754,2248,1999,1511,1753,2246,1999,5731,447
1774219257,3,966645.6,897694.6,170996.6,161173.3,52921.5,55507.7,74968.9,128958.3,89634.4,262.5,27.8,3.8,604,24.3,6.5,1508,1750,2244,1996,1507,1749,2242,1995,5718,447
1774219557,3,907366.4,843044.3,161351.8,153510.8,51036.7,53889.5,73088.9,127001.6,89568.5,313.8,27.9,3.9,680,24.3,6.6,1507,1750,2244,1996,1507,1750,2243,1996,5721,446
1774219857,3,875433.6,810821.4,157183.3,149429.8,49841.8,52842.3,72287.9,125288.3,89502.1,368.6,27.9,3.9,732,24.4,6.6,1507,1750,2243,1996,1507,1750,2243,1995,5719,446
1774220159,3,854113.1,792149.2,154747.7,147288.7,49103.7,52183.5,71228.1,124526.5,89437.3,422.3,27.9,4.0,801,24.4,6.7,1507,1750,2243,1996,1507,1749,2243,1996,5718,446
1774220459,3,840443.3,779276.4,152538.3,144963.9,48556.6,51587.0,70928.9,123545.5,89374.9,474.9,28.0,4.0,864,24.4,6.7,1508,1750,2244,1996,1507,1750,2243,1996,5720,447
1774220757,3,826864.8,768013.2,150638.1,143177.4,48035.4,50988.0,70045.5,122314.7,89315.5,530.9,28.0,4.0,941,24.5,6.7,1508,1751,2244,1997,1507,1750,2244,1996,5722,447
1774221057,3,814371.2,757665.4,149135.4,141988.1,47678.5,50327.6,69884.2,121654.4,89258.9,580.2,28.0,4.0,961,24.5,6.8,1507,1750,2244,1996,1507,1750,2244,1996,5722,446
1774221357,3,804166.5,747390.4,147658.5,140472.0,47253.8,49832.7,69486.6,121093.7,89205.0,635.8,28.0,4.0,1057,24.5,6.7,1507,1750,2244,1996,1506,1750,2242,1996,5719,446
1774221659,3,794293.6,736340.1,146114.2,139013.0,46807.1,49396.6,69210.3,120338.7,89151.9,692.4,28.0,4.0,1152,24.5,6.8,1507,1750,2244,1996,1506,1750,2243,1996,5720,447
1774221957,3,784119.8,728344.1,145219.5,138127.7,46673.4,48822.3,68735.6,119666.1,89100.6,751.6,28.0,4.1,1201,24.5,6.8,1507,1750,2243,1996,1506,1749,2242,1995,5718,447
1774222257,3,775229.7,717337.6,143455.3,136502.5,46218.1,48550.7,68399.0,118773.0,89052.5,803.7,28.0,4.1,1247,24.5,6.8,1507,1750,2244,1997,1506,1749,2242,1996,5718,447
1774222559,3,764930.3,710222.5,142870.1,135847.6,46182.9,48357.6,67838.1,118390.0,89003.3,868.2,28.1,4.1,1351,24.5,6.8,1507,1749,2243,1996,1506,1749,2242,1996,5719,446
1774222859,3,762132.5,704889.9,142079.2,135160.5,45871.8,48054.3,67574.0,117935.5,88956.1,928.9,28.1,4.1,1409,24.5,6.8,1507,1750,2244,1996,1506,1750,2243,1996,5720,447
1774223157,3,755843.8,699939.8,141314.5,134074.7,45604.2,47798.3,67565.7,117868.2,88911.1,981.0,28.1,4.1,1520,24.6,6.8,1507,1750,2244,1997,1507,1749,2243,1996,5721,447
1774223457,3,750722.6,695937.7,140372.9,133535.9,45429.7,47548.8,67266.4,117333.8,88868.1,1035.3,28.1,4.1,1560,24.5,6.9,1507,1750,2244,1997,1506,1749,2242,1996,5719,446
1774223757,3,744568.9,687189.8,139339.5,132660.6,45323.1,47360.7,66963.1,117036.8,88827.6,1096.0,28.0,4.1,1661,24.6,6.9,1506,1749,2242,1996,1505,1748,2242,1996,5716,446
1774224059,3,738691.8,682293.9,138746.2,131684.8,45038.8,47149.6,66786.1,116564.9,88789.4,1164.0,28.1,4.1,1715,24.5,6.9,1505,1748,2242,1995,1504,1747,2241,1995,5714,446
1774224357,3,731946.6,677811.1,137749.3,131095.6,44944.3,46956.5,66636.5,116415.4,88752.6,1218.3,28.1,4.1,1803,24.6,6.9,1506,1749,2243,1997,1506,1748,2242,1996,5716,447
1774224657,3,728106.0,673658.8,137490.6,130776.3,44787.2,46815.4,66340.8,115870.6,88716.8,1274.0,28.1,4.1,1832,24.5,6.9,1506,1749,2243,1997,1506,1748,2242,1996,5715,447
1774224959,3,726529.7,672537.6,137305.5,130475.3,44552.9,46670.1,66361.5,115211.6,88682.5,1333.1,28.1,4.1,1955,24.6,6.9,1506,1749,2243,1997,1506,1748,2242,1996,5716,446
1774225259,3,721654.6,667727.5,136344.8,129619.2,44537.5,46392.1,66186.9,115117.5,88650.2,1378.8,28.1,4.1,2028,24.6,6.9,1506,1748,2242,1996,1505,1748,2242,1995,5714,446
1774225559,3,716786.1,662755.9,135814.6,129205.9,44227.3,46343.9,65832.5,114595.9,88620.4,1430.1,28.1,4.1,2064,24.6,6.9,1506,1749,2242,1996,1506,1748,2242,1996,5716,446
1774225857,3,713827.6,660428.2,135187.4,128757.8,44205.8,46197.9,65747.7,114427.5,88591.0,1498.8,28.1,4.1,2194,24.6,6.9,1506,1749,2242,1996,1505,1748,2242,1996,5715,446
1774226459,3,973747.3,902289.6,171670.6,161750.2,52890.6,55608.6,74804.5,128671.9,89541.9,248.9,28.0,3.8,594,24.5,6.5,1507,1749,2242,1997,1506,1749,2242,1996,5716,447
1774226759,3,912615.2,847127.4,161795.9,154000.0,51026.1,54058.0,73004.6,126731.4,89473.1,308.1,28.0,3.9,661,24.5,6.6,1507,1749,2243,1996,1506,1749,2242,1996,5715,447
1774227057,3,883788.6,817328.0,157851.2,150186.3,49935.3,52957.4,72135.6,125593.9,89405.7,354.1,28.0,3.9,737,24.5,6.6,1507,1750,2243,1997,1507,1749,2242,1996,5715,447
1774227357,3,862756.8,799048.5,155452.2,147635.7,49330.5,52300.5,71626.2,124492.3,89338.3,414.8,28.1,4.0,780,24.5,6.7,1508,1750,2244,1997,1507,1749,2243,1997,5718,447
1774227659,3,849035.6,786090.2,153538.1,146171.2,48683.2,51694.9,71032.7,123409.2,89272.9,456.4,28.1,4.0,866,24.6,6.7,1506,1749,2242,1996,1506,1748,2242,1996,5714,446
1774227957,3,838853.5,777377.3,152004.5,144462.1,48338.3,51232.6,70698.1,122768.2,89210.8,510.1,28.1,4.0,901,24.6,6.8,1506,1749,2242,1996,1505,1748,2241,1994,5713,446
1774228257,3,823901.3,764011.9,150396.5,142834.5,47882.8,50661.7,70118.0,122490.1,89151.4,561.6,28.1,4.0,947,24.6,6.8,1506,1748,2243,1996,1505,1748,2242,1995,5715,446
1774228559,3,818566.3,757172.2,149332.1,141980.5,47680.1,50252.6,69932.4,121604.0,89094.4,614.2,28.1,4.0,1029,24.6,6.8,1505,1748,2242,1995,1505,1748,2241,1995,5714,446
1774228859,3,805648.2,747202.5,147982.5,140547.6,47219.7,49730.7,69270.2,121172.6,89040.5,670.3,28.1,4.0,1104,24.6,6.8,1507,1749,2243,1996,1505,1748,2241,1995,5713,446
1774229157,3,800495.3,742130.7,147104.6,139623.6,47061.1,49451.7,69051.8,120803.9,88989.6,721.3,28.1,4.1,1154,24.6,6.8,1506,1749,2242,1996,1506,1748,2241,1995,5714,446
1774229457,3,790767.3,734459.8,145800.8,138753.2,46745.0,49045.5,68896.0,119833.8,88940.7,772.1,28.1,4.0,1246,24.6,6.8,1507,1749,2244,1997,1507,1750,2243,1996,5717,446
1774229759,3,784926.3,725544.3,145101.4,137839.5,46534.0,48802.2,68434.6,119420.9,88895.0,830.0,28.1,4.0,1325,24.6,6.8,1507,1749,2244,1997,1506,1748,2242,1996,5716,447
1774230059,3,779239.2,718989.7,143827.6,136683.4,46374.9,48472.9,68294.4,119135.7,88849.4,889.9,28.1,4.0,1376,24.6,6.9,1507,1750,2244,1997,1506,1749,2243,1996,5718,447
1774230357,3,775134.5,716605.2,143127.5,136166.4,46043.0,48281.6,67947.8,118601.1,88806.3,950.8,28.1,4.1,1446,24.6,6.8,1507,1749,2243,1996,1506,1748,2242,1995,5716,447
1774230657,3,766958.0,711365.8,142695.5,135759.4,45930.9,48088.9,67818.2,118066.2,88764.8,1002.4,28.1,4.1,1542,24.6,6.9,1507,1749,2244,1996,1506,1749,2243,1996,5717,447
1774230959,3,760567.2,703333.4,141748.4,134727.8,45739.3,47839.7,67515.9,117441.2,88725.3,1053.9,28.1,4.1,1622,24.6,6.9,1506,1748,2242,1995,1504,1747,2240,1994,5714,446
1774231259,3,754391.2,696262.7,141003.4,134003.5,45514.7,47603.7,67387.3,117422.3,88687.5,1125.3,28.1,4.1,1718,24.6,6.9,1506,1748,2243,1996,1505,1747,2241,1995,5713,446
1774231557,3,752141.8,694108.3,140084.3,133200.4,45299.8,47392.2,67020.4,117033.2,88652.0,1180.9,28.1,4.1,1784,24.6,6.9,1506,1749,2243,1996,1505,1748,2241,1995,5713,446
1774231857,3,749313.6,691015.8,139868.9,132894.0,45241.0,47246.4,66836.4,116696.1,88618.4,1236.7,28.1,4.1,1836,24.6,6.9,1506,1749,2243,1996,1506,1748,2242,1996,5716,446
1774232157,3,741353.8,684535.1,138566.4,131684.9,44867.9,47087.1,66575.9,116288.8,88585.3,1297.4,28.1,4.1,1877,24.6,6.9,1506,1749,2243,1996,1505,1748,2242,1995,5716,446
1774232457,3,735339.4,681051.0,138243.7,131564.9,44818.4,46919.0,66522.7,115905.0,88554.9,1355.2,28.1,4.1,1984,24.6,6.9,1506,1748,2242,1995,1505,1747,2241,1995,5714,446
1774232759,3,732100.7,676507.7,137284.1,130698.0,44575.2,46641.1,66177.1,115465.6,88524.3,1427.4,28.1,4.1,2088,24.6,6.9,1505,1748,2241,1995,1505,1747,2240,1994,5714,446
1774233059,3,725743.1,673433.2,136922.7,130360.7,44523.8,46507.9,66318.8,115184.5,88495.6,1476.9,28.1,4.1,2108,24.6,7.0,1506,1748,2242,1996,1505,1748,2241,1995,5716,446
1774233657,3,990793.3,920749.8,173967.8,164239.8,53363.4,56134.4,75018.8,129681.0,89476.9,256.7,28.0,3.8,610,24.5,6.5,1506,1748,2242,1996,1505,1747,2241,1995,5714,446
1774233957,3,926324.9,860280.1,164590.5,155685.8,51616.9,54426.7,73501.9,127372.6,89408.6,300.4,28.0,3.9,665,24.5,6.6,1505,1748,2242,1995,1505,1748,2241,1995,5714,446
1774234257,3,897582.9,832516.2,160068.6,151926.8,50393.6,53367.7,72684.7,126108.5,89339.7,343.8,28.1,4.0,698,24.5,6.6,1506,1748,2242,1996,1506,1747,2241,1995,5714,447
1774234557,3,879234.2,814752.8,157351.5,149639.5,50087.0,52806.7,72176.9,125236.6,89273.5,397.8,28.1,4.0,765,24.6,6.7,1506,1749,2242,1996,1506,1748,2242,1996,5715,446
1774234857,3,865169.0,801754.2,155401.6,147582.9,49316.5,52106.3,71475.1,124328.3,89210.3,452.8,28.1,4.0,822,24.6,6.7,1506,1749,2243,1996,1505,1748,2242,1995,5714,446
1774235159,3,852402.9,789860.6,153874.8,146231.0,48736.0,51815.2,71029.2,123401.1,89150.2,506.5,28.1,4.0,866,24.6,6.8,1506,1748,2242,1995,1505,1747,2241,1995,5715,446
1774235459,3,844091.2,781732.7,152633.3,145053.9,48407.6,51240.8,70572.3,122891.9,89092.5,551.5,28.1,4.0,955,24.6,6.8,1507,1749,2243,1996,1505,1748,2242,1995,5714,446
1774235759,3,831409.2,770162.2,151010.2,143585.2,47998.5,50758.2,70170.9,122258.9,89037.1,596.6,28.1,4.0,1051,24.6,6.8,1506,1749,2243,1996,1506,1748,2241,1995,5715,446
1774236059,3,823915.4,763550.7,149911.9,142358.8,47669.4,50285.3,69937.6,121816.1,88983.9,646.9,28.1,4.0,1098,24.6,6.8,1507,1749,2242,1996,1506,1748,2242,1996,5716,447
1774236359,3,811631.3,751423.3,148449.1,141278.7,47359.7,49666.9,69412.2,121337.0,88933.6,719.9,28.1,4.1,1155,24.6,6.8,1505,1748,2242,1995,1505,1748,2242,1995,5717,446
1774236659,3,806367.6,746326.6,147805.6,140236.2,47102.4,49452.0,69061.6,120685.6,88884.9,771.5,28.1,4.0,1220,24.6,6.8,1506,1748,2242,1995,1505,1748,2242,1995,5716,446
1774236959,3,799500.1,741497.8,146761.1,139437.8,46857.8,49081.4,68910.5,120083.6,88839.8,825.4,28.1,4.1,1309,24.6,6.8,1506,1748,2242,1995,1505,1748,2241,1994,5715,446
1774237259,3,796156.2,736163.8,145867.1,138692.2,46693.5,48910.2,68578.8,119515.2,88795.5,878.2,28.1,4.1,1338,24.6,6.9,1506,1749,2242,1996,1505,1749,2242,1995,5717,446
1774237557,3,786928.8,728630.8,145096.1,137921.6,46488.9,48658.0,68242.7,118851.2,88755.0,935.4,28.1,4.0,1439,24.6,6.8,1507,1749,2244,1997,1506,1749,2242,1996,5717,447
1774237857,3,781021.7,721525.9,144066.2,137066.0,46316.2,48405.8,68240.4,118767.0,88714.6,981.0,28.1,4.1,1508,24.6,6.9,1507,1749,2243,1996,1506,1748,2242,1995,5716,446
1774238159,3,772124.8,714576.5,143002.6,136049.2,46097.4,48251.5,67786.3,118356.8,88676.2,1042.4,28.1,4.1,1586,24.6,6.9,1507,1749,2243,1996,1506,1748,2242,1996,5717,447
1774238459,3,766650.4,709606.9,142425.6,135571.7,45858.1,47999.9,67708.2,118314.3,88639.7,1107.5,28.1,4.1,1606,24.7,6.9,1506,1749,2243,1996,1506,1748,2242,1995,5717,447
1774238757,3,760142.3,703242.8,141705.6,134459.3,45643.2,47827.0,67624.9,117639.7,88605.1,1169.0,28.2,4.1,1738,24.6,6.9,1508,1750,2245,1998,1508,1750,2244,1997,5721,447
1774239057,3,755758.2,699968.8,141151.9,134101.1,45550.2,47666.4,67235.1,117408.4,88570.9,1223.4,28.1,4.1,1794,24.6,6.9,1508,1750,2244,1997,1507,1749,2243,1996,5718,447
1774239359,3,752658.3,695833.2,140347.1,133473.2,45350.0,47426.3,67106.6,117064.5,88538.3,1275.0,28.1,4.1,1897,24.6,6.9,1508,1750,2244,1997,1507,1749,2243,1996,5720,447
1774239659,3,751166.6,692843.8,140146.3,133137.6,45169.2,47216.4,66976.4,116406.8,88506.7,1332.1,28.1,4.1,1920,24.6,6.9,1508,1750,2245,1997,1508,1750,2244,1997,5721,447
1774239957,3,745532.8,688646.5,139510.3,132724.0,45039.9,47148.6,66884.9,116271.4,88476.8,1384.0,28.1,4.1,2018,24.6,6.9,1507,1750,2244,1997,1506,1749,2244,1996,5718,447
1774240257,3,741638.9,684338.8,139030.0,132060.4,44950.8,47023.6,66672.0,116137.8,88447.2,1445.7,28.1,4.1,2063,24.6,6.9,1507,1750,2244,1997,1507,1750,2244,1997,5720,447
1774240859,3,1016587.4,944100.5,177129.9,167470.2,54017.1,56669.2,75770.7,130535.4,89481.8,243.5,28.0,3.8,561,24.5,6.5,1506,1748,2242,1995,1506,1748,2242,1995,5716,446
1774241157,3,949983.0,882313.8,168078.4,158654.0,52171.3,55042.9,74112.4,128932.6,89410.7,306.1,28.0,3.9,626,24.5,6.6,1506,1748,2242,1996,1506,1748,2241,1995,5716,446
1774241457,3,919132.0,852364.3,163755.9,154969.0,51245.5,54067.5,73336.2,127500.6,89340.1,342.2,28.0,3.9,674,24.5,6.7,1507,1749,2244,1996,1506,1748,2243,1996,5719,447
1774241757,3,903146.2,838633.9,160599.2,152642.1,50674.1,53440.6,72665.0,126421.7,89271.0,400.7,28.0,4.0,757,24.5,6.7,1506,1749,2243,1996,1505,1748,2242,1995,5716,446
1774242059,3,890210.2,825907.8,159232.8,151061.5,50123.4,52961.2,72296.4,126049.5,89204.1,441.9,28.0,4.0,815,24.5,6.7,1507,1749,2243,1996,1506,1748,2242,1995,5717,446
1774242357,3,877883.9,812510.8,157048.3,149126.4,49703.2,52533.3,71789.6,125215.5,89140.9,488.8,28.0,4.0,879,24.5,6.8,1507,1749,2243,1996,1505,1748,2242,1996,5717,446
1774242657,3,865940.7,802801.1,156051.2,148352.0,49296.3,52149.7,71484.7,124302.9,89079.5,543.5,28.0,4.0,885,24.5,6.8,1507,1749,2243,1996,1506,1749,2242,1996,5718,447
1774242959,3,856260.2,793726.3,154696.0,146947.5,48723.1,51722.0,71254.4,124495.9,89021.5,588.5,28.0,4.0,978,24.5,6.8,1507,1750,2243,1997,1506,1749,2243,1996,5717,446
1774243259,3,851461.7,788705.0,153821.7,146155.5,48423.6,51564.5,70773.9,123631.9,88966.3,643.3,28.0,4.0,1047,24.5,6.8,1507,1749,2243,1996,1506,1748,2241,1995,5716,446
1774243557,3,847109.3,783807.2,152819.7,145133.7,48233.9,51090.4,70625.0,123262.2,88913.2,693.1,28.0,4.0,1107,24.5,6.8,1507,1749,2244,1996,1507,1748,2242,1996,5717,447
1774243857,3,835130.7,775904.8,151776.4,144069.8,47929.1,50775.0,70312.7,122888.0,88862.9,740.5,28.0,4.0,1188,24.5,6.8,1508,1750,2244,1997,1507,1749,2243,1996,5720,447
1774244159,3,831201.4,771800.8,151388.2,143616.6,47913.6,50385.3,70342.1,122239.3,88815.0,797.3,28.0,4.0,1257,24.5,6.8,1508,1749,2244,1997,1507,1749,2242,1996,5719,447
1774244457,3,822652.2,763035.7,149964.0,142556.8,47543.2,50221.5,69942.7,122257.9,88769.7,858.7,28.0,4.1,1317,24.5,6.9,1508,1749,2244,1998,1508,1749,2244,1997,5722,447
1774244757,3,821453.5,762992.2,149919.3,142418.9,47393.7,49767.1,69850.1,121978.4,88726.0,912.2,28.0,4.0,1400,24.5,6.8,1508,1749,2244,1997,1507,1749,2243,1997,5721,447
1774245059,3,817504.1,757454.0,149206.9,141487.8,47278.5,49549.1,69614.7,121475.9,88684.8,966.2,27.9,4.1,1460,24.4,6.9,1507,1749,2243,1997,1506,1748,2242,1996,5718,447
1774245359,3,810281.6,751890.0,148152.5,140891.8,47142.0,49277.1,69510.5,121107.3,88644.6,1025.0,27.9,4.1,1516,24.4,6.9,1507,1749,2243,1996,1506,1748,2243,1996,5719,447
1774245657,3,808569.8,749992.1,148030.7,140445.8,46878.1,49111.8,69176.2,120711.1,88607.0,1065.7,27.9,4.0,1587,24.4,6.9,1507,1749,2244,1997,1506,1748,2242,1995,5718,446
1774245957,3,801903.9,741805.2,147323.8,139695.2,46825.8,48943.6,68880.5,120858.7,88571.0,1118.2,27.9,4.1,1667,24.4,6.9,1507,1748,2244,1996,1506,1748,2242,1996,5718,447
1774246259,3,799699.8,738955.0,146567.4,139279.5,46650.3,48769.9,68581.0,119954.7,88535.9,1174.3,27.9,4.1,1769,24.4,6.9,1507,1749,2243,1996,1506,1748,2242,1996,5719,446
1774246557,3,791886.3,735218.2,146006.1,138548.1,46399.2,48575.0,68762.2,119843.9,88503.3,1228.6,27.9,4.1,1827,24.4,6.9,1508,1750,2244,1997,1508,1749,2243,1997,5722,447
1774246857,3,789321.3,730535.9,145493.6,138171.0,46416.4,48454.4,68391.6,119465.5,88471.6,1288.8,27.9,4.1,1857,24.4,6.9,1508,1750,2245,1998,1507,1750,2244,1997,5722,447
1774247157,3,785758.2,727988.5,144977.4,137833.9,46188.5,48398.7,68437.3,119160.4,88441.8,1338.7,27.9,4.1,1979,24.4,6.9,1506,1748,2242,1996,1505,1747,2241,1995,5717,446
1774247459,3,786402.5,728392.8,145354.5,137863.2,46227.6,48271.4,68253.4,119287.9,88413.7,1382.2,27.9,4.1,2031,24.4,6.9,1506,1748,2242,1996,1506,1748,2243,1996,5719,447
1774248057,3,1070804.1,990801.4,183965.5,174244.0,55537.4,58261.9,77594.2,133860.5,89538.3,235.5,27.7,3.8,605,24.2,6.5,1507,1749,2242,1996,1506,1748,2242,1995,5717,446
1774248357,3,1001735.5,927528.3,174941.4,165032.0,53610.0,56316.5,76070.3,131288.8,89464.4,291.5,27.8,3.8,629,24.2,6.6,1507,1748,2242,1995,1506,1748,2241,1995,5716,446
1774248659,3,967901.7,899559.1,170957.3,161010.3,52805.9,55411.6,75375.2,130429.4,89391.1,328.2,27.8,3.9,687,24.3,6.7,1507,1749,2243,1996,1506,1748,2242,1996,5717,447
1774248957,3,950213.1,882302.1,167646.2,158566.1,52043.7,54890.8,74701.0,129341.5,89319.9,390.9,27.8,3.9,722,24.3,6.7,1507,1749,2243,1996,1506,1748,2242,1996,5717,447
1774249259,3,936157.5,868859.8,165234.5,156281.0,51524.5,54344.0,73993.8,128715.6,89251.1,432.6,27.8,3.9,810,24.3,6.7,1507,1749,2244,1997,1507,1748,2243,1996,5717,447
1774249559,3,927181.7,858451.2,163959.6,155304.4,51074.8,53844.1,73422.0,127738.2,89185.5,472.5,27.8,4.0,835,24.3,6.7,1508,1749,2244,1997,1507,1749,2243,1997,5720,447
1774249858,3,915786.3,848537.2,162108.5,153921.5,50610.7,53514.7,73050.9,127532.1,89122.3,521.6,27.8,4.0,934,24.3,6.8,2745,3171,4038,3580,2743,3170,4035,3579,10302,806
1774250159,3,904602.6,840248.6,160882.0,152579.8,50248.5,53186.4,73095.2,126829.9,89061.8,567.4,27.8,4.0,965,24.3,6.8,1505,1746,2240,1994,1505,1746,2240,1994,5713,446
1774250457,3,899858.2,834100.7,159888.2,151734.3,50070.6,52922.4,72500.9,126443.6,89004.6,618.3,27.8,3.9,1037,24.3,6.8,1507,1748,2243,1996,1506,1748,2241,1995,5716,446
1774250759,3,887887.5,822629.2,158462.1,150272.6,49565.1,52622.4,72321.4,125730.0,88950.0,665.4,27.8,4.0,1123,24.3,6.8,1508,1750,2244,1997,1508,1749,2243,1996,5719,447
1774251057,3,881605.1,817463.4,157830.0,149632.7,49462.1,52234.4,71913.3,125274.7,88897.1,711.6,27.8,4.0,1159,24.3,6.9,1506,1748,2242,1996,1505,1748,2242,1996,5717,447
1774251357,3,873998.2,810394.3,156747.4,148849.0,49146.2,51886.7,71758.8,124906.9,88846.8,766.9,27.8,4.0,1196,24.2,6.8,1506,1747,2243,1996,1505,1747,2241,1995,5716,446
1774251659,3,870337.8,807204.0,156165.3,148006.5,48859.7,51659.8,71407.3,124910.0,88799.7,818.7,27.8,4.0,1296,24.3,6.8,1507,1748,2243,1996,1506,1748,2242,1995,5716,447
1774251957,3,863770.0,802221.4,155687.1,147781.8,48727.2,51411.9,70944.1,124107.8,88755.0,877.6,27.7,4.0,1302,24.2,6.9,1506,1749,2242,1996,1506,1748,2242,1995,5716,447
1774252259,3,857470.2,796563.1,154549.9,146758.4,48410.6,51139.9,71258.3,124029.4,88712.4,919.1,27.7,4.0,1422,24.3,6.8,1506,1748,2243,1996,1505,1748,2241,1995,5716,446
1774252559,3,852782.4,788209.2,153667.4,145707.8,48265.3,50809.2,70633.7,123582.5,88671.9,972.2,27.8,4.1,1454,24.2,6.8,1506,1748,2242,1996,1506,1747,2241,1996,5716,446
1774252857,3,848346.8,788575.2,153234.0,145534.8,48006.6,50432.0,70745.6,122597.5,88634.3,1026.4,27.7,4.0,1543,24.2,6.9,1506,1748,2243,1996,1506,1748,2241,1995,5717,447
1774253159,3,841694.4,781617.8,152500.2,144651.1,47822.9,50182.2,70266.8,122840.2,88597.5,1086.6,27.7,4.0,1628,24.2,6.9,1507,1749,2244,1996,1506,1748,2242,1996,5718,447
1774253457,3,837786.1,777102.4,151870.1,144173.9,47677.0,49962.3,70278.3,122090.2,88562.6,1132.2,27.7,4.0,1697,24.2,6.9,1506,1748,2243,1996,1505,1747,2242,1996,5716,447
1774253757,3,830444.0,770158.6,150963.8,143334.3,47487.8,49724.8,69948.6,122166.9,88528.6,1190.2,27.7,4.0,1772,24.2,6.9,1507,1749,2244,1997,1506,1749,2243,1996,5720,447
1774254059,3,827421.7,767034.0,150346.3,143067.2,47439.3,49610.0,69660.2,121927.9,88496.4,1238.9,27.7,4.0,1807,24.2,6.9,1507,1748,2243,1996,1507,1748,2243,1996,5720,447
1774254357,3,822327.6,765074.1,150356.2,142748.4,47233.0,49422.1,69677.8,120995.2,88464.5,1291.9,27.8,4.0,1895,24.2,6.9,1507,1749,2244,1997,1506,1748,2242,1996,5719,447
1774254659,3,817422.6,757423.6,149165.8,141648.0,47109.0,49252.5,69576.6,120947.3,88435.3,1350.1,27.7,4.0,1972,24.2,6.9,1507,1748,2243,1996,1506,1748,2242,1996,5717,447
1774255257,3,1108606.6,1027580.7,189028.4,178714.2,56551.3,59244.0,79144.7,135864.3,89452.1,230.9,27.6,3.7,549,24.1,6.5,1507,1749,2243,1997,1507,1749,2243,1996,5719,447
1774255559,3,1037947.4,962723.3,179596.0,170426.5,54607.7,57373.7,77364.9,133814.0,89382.6,279.9,27.6,3.8,617,24.1,6.6,1507,1749,2244,1997,1507,1749,2243,1996,5720,447
1774255857,3,1006616.3,935330.1,175705.2,165392.5,53677.1,56279.2,76540.9,132751.9,89313.5,327.0,27.7,3.9,615,24.1,6.6,1507,1749,2244,1997,1507,1748,2243,1996,5720,447
1774256157,3,985175.9,913902.5,172654.9,162491.2,53014.2,55575.9,75937.5,132024.1,89246.8,371.5,27.7,3.9,730,24.2,6.7,1507,1749,2243,1997,1507,1748,2243,1996,5719,446
1774256459,3,969838.8,898769.3,170437.0,160487.8,52401.8,55093.7,74996.1,130651.6,89182.4,413.3,27.7,3.9,769,24.2,6.7,1507,1749,2243,1997,1507,1748,2242,1996,5718,447
1774256757,3,958758.0,888358.0,168485.9,159142.8,51862.6,54713.7,74496.7,130368.7,89121.4,460.6,27.7,3.9,837,24.2,6.7,1507,1748,2243,1996,1506,1748,2242,1995,5716,447
1774257059,3,945566.2,877708.5,167297.5,157941.5,51574.6,54198.0,74211.2,129252.0,89062.7,510.0,27.7,3.9,884,24.2,6.8,1506,1749,2243,1996,1506,1748,2242,1995,5717,446
1774257359,3,933639.8,865866.0,164523.8,156176.4,51168.0,53886.7,73737.4,128593.7,89006.6,554.4,27.7,3.9,922,24.2,6.8,1507,1749,2244,1997,1506,1748,2242,1996,5718,447
1774257657,3,928730.7,862106.0,164201.3,155598.9,50896.2,53614.9,73493.4,128156.4,88953.2,596.1,27.7,3.9,970,24.2,6.8,1507,1748,2242,1996,1506,1748,2241,1995,5718,447
1774257959,3,917568.1,849669.6,162231.5,154170.6,50526.3,53209.0,73278.4,127945.5,88902.7,642.2,27.7,3.9,1051,24.2,6.8,1508,1749,2244,1997,1507,1749,2242,1996,5718,447
1774258259,3,907883.0,841917.9,161336.9,153058.6,50214.3,53024.3,72953.0,127203.6,88853.4,697.0,27.7,4.0,1099,24.2,6.8,1507,1749,2244,1997,1507,1748,2243,1997,5719,447
1774258557,3,901964.5,835185.2,160376.1,152195.1,50075.0,52763.1,72815.2,126829.2,88806.6,739.3,27.7,4.0,1210,24.2,6.8,1508,1750,2244,1997,1507,1749,2244,1997,5721,447
1774258857,3,894097.7,829597.2,159298.8,151094.6,49813.8,52567.1,72185.0,126490.5,88762.7,793.6,27.7,4.0,1250,24.2,6.8,1507,1748,2243,1997,1506,1748,2242,1996,5719,447
1774259159,3,886505.5,823583.1,158157.2,150443.5,49308.5,52097.8,71939.8,125461.6,88720.8,861.7,27.7,4.0,1317,24.2,6.8,1508,1749,2244,1996,1507,1749,2243,1996,5720,447
1774259457,3,880010.6,814150.7,157264.4,149126.2,49092.0,51819.8,71945.2,124988.1,88679.2,903.6,27.7,4.0,1361,24.2,6.9,1506,1748,2242,1996,1506,1748,2241,1995,5718,447
1774259757,3,871835.1,807834.8,156218.5,148457.3,48886.3,51793.7,71640.4,125083.5,88640.0,946.5,27.7,4.0,1436,24.2,6.8,1506,1748,2242,1996,1505,1748,2241,1995,5718,446
1774260059,3,870633.8,807702.1,156221.1,148348.2,48671.8,51476.4,71429.4,124506.8,88603.5,1006.1,27.7,4.0,1496,24.2,6.9,1507,1749,2243,1996,1506,1747,2241,1995,5718,447
1774260357,3,860964.3,797567.8,155094.8,147201.2,48422.3,51185.7,71028.7,124573.8,88568.1,1058.9,27.7,4.0,1576,24.2,6.9,1507,1749,2243,1997,1506,1749,2243,1996,5720,447
1774260657,3,855592.0,794120.2,154719.5,147048.9,48278.2,50894.3,70902.4,124122.5,88535.1,1116.4,27.7,4.0,1631,24.2,6.9,1508,1750,2244,1998,1508,1750,2244,1998,5723,447
1774260959,3,851895.5,787297.2,153484.4,145719.2,48199.1,50487.8,70786.3,123677.8,88502.9,1174.1,27.7,4.0,1733,24.2,6.9,1508,1750,2244,1998,1508,1750,2244,1997,5723,447
1774261257,3,847792.3,786033.5,153237.7,145452.9,47980.6,50364.0,70496.1,123051.0,88473.2,1231.8,27.7,4.0,1812,24.2,6.9,1508,1750,2244,1998,1508,1749,2243,1997,5721,447
1774261557,3,841212.5,780061.4,152441.6,144659.0,47765.2,50052.5,70419.2,123078.1,88445.0,1288.8,27.7,4.0,1855,24.2,6.9,1508,1749,2244,1997,1507,1749,2243,1996,5719,447
1774261859,3,836951.7,774586.8,151980.6,144072.9,47628.9,49837.5,70123.7,122470.7,88417.4,1334.8,27.7,4.0,1951,24.2,6.9,1507,1748,2243,1997,1507,1748,2243,1996,5719,447
1774262457,3,1132952.4,1051956.6,193076.0,182545.8,57272.7,59872.3,79808.8,137896.2,89467.8,221.0,27.6,3.7,533,24.0,6.5,1507,1749,2243,1996,1507,1748,2242,1996,5718,447
1774262759,3,1061116.6,983615.6,182613.6,173390.2,55278.8,57844.2,78158.9,135275.6,89397.4,275.0,27.6,3.8,606,24.1,6.6,1507,1749,2244,1997,1507,1749,2244,1996,5721,447
1774263057,3,1026266.8,951505.1,178199.2,168501.6,54239.4,56857.6,77310.6,134212.9,89326.8,311.3,27.6,3.8,684,24.1,6.6,1508,1749,2244,1997,1507,1749,2243,1997,5720,447
1774263357,3,1003072.1,929234.0,174680.5,165170.9,53550.2,56238.1,76388.6,133316.9,89258.8,346.4,27.6,3.8,702,24.1,6.7,1508,1750,2244,1997,1507,1749,2243,1997,5720,447
1774263659,3,992784.8,920309.7,173710.4,163530.9,53179.8,55674.3,75994.1,132020.6,89194.1,398.8,27.6,3.9,786,24.1,6.8,1508,1749,2244,1997,1507,1749,2244,1997,5721,447
1774263957,3,978700.3,905502.2,171353.8,161397.6,52617.3,55210.7,75226.3,131708.2,89132.2,447.1,27.6,3.9,813,24.1,6.7,1510,1751,2246,1998,1509,1750,2245,1998,5722,447
1774264257,3,969134.8,895628.8,170352.3,160366.4,52207.3,54855.8,75090.7,131029.1,89072.3,494.4,27.6,3.9,859,24.1,6.8,1509,1751,2245,1998,1509,1751,2245,1997,5722,447
1774264559,3,957484.0,889577.4,168442.3,158883.0,51891.8,54450.7,74658.2,130414.6,89015.4,541.1,27.6,3.9,934,24.1,6.8,1509,1751,2246,1998,1509,1750,2244,1997,5721,447
1774264859,3,949699.2,877747.3,167208.5,157753.0,51564.4,54067.2,74464.2,129704.9,88962.2,587.8,27.7,3.9,974,24.1,6.8,1509,1751,2246,1998,1508,1750,2245,1997,5720,447
1774265157,3,937105.2,869736.5,165553.3,156577.7,51252.5,53761.6,73779.8,128798.6,88910.5,636.8,27.6,4.0,1041,24.1,6.8,1509,1751,2245,1998,1508,1750,2244,1997,5720,447
1774265457,3,931265.5,862868.3,164507.7,155764.4,50882.8,53467.0,73524.1,128975.4,88860.6,685.6,27.7,4.0,1086,24.1,6.8,1510,1751,2245,1998,1509,1751,2245,1998,5722,447
1774265759,3,921539.8,854687.7,163049.6,154608.9,50474.1,53161.6,73338.4,128109.8,88814.2,733.4,27.7,4.0,1166,24.1,6.8,1510,1752,2246,1998,1510,1752,2245,1998,5725,447
1774266057,3,915118.7,848239.9,161839.7,153770.3,50321.7,52922.1,73072.0,127673.3,88769.6,776.7,27.6,4.0,1204,24.2,6.9,1508,1750,2245,1998,1508,1750,2244,1997,5721,447
1774266357,3,910352.0,842901.3,161215.7,152837.5,50101.2,52687.3,72914.9,126888.0,88728.0,824.6,27.7,4.0,1304,24.2,6.8,1508,1750,2245,1997,1508,1750,2244,1997,5719,447
1774266659,3,904521.7,837703.3,160402.9,152032.5,49748.0,52439.2,72661.4,127112.6,88688.0,881.6,27.7,4.0,1355,24.2,6.9,1508,1750,2245,1997,1508,1750,2244,1997,5720,447
1774266957,3,892611.4,828484.2,159561.2,151439.8,49572.3,52429.6,72286.8,126269.7,88649.2,934.5,27.7,4.0,1406,24.2,6.9,1509,1750,2245,1998,1508,1750,2244,1997,5722,447
1774267257,3,890130.0,823933.3,158732.2,150630.2,49299.0,52027.9,72097.0,126058.6,88612.0,983.5,27.7,4.0,1452,24.2,6.9,1508,1750,2245,1997,1507,1750,2244,1996,5720,447
1774267557,3,884022.2,819897.2,157755.6,149651.2,49062.4,51808.3,71650.8,125631.8,88577.4,1036.1,27.7,4.0,1546,24.2,6.9,1509,1750,2245,1998,1508,1750,2245,1997,5720,447
1774267859,3,880110.7,813155.2,157075.9,149185.3,48960.8,51688.0,71766.6,124896.7,88543.4,1084.5,27.7,4.0,1619,24.2,6.9,1509,1751,2246,1999,1509,1751,2245,1998,5723,447
1774268159,3,874402.2,811103.8,156592.0,148467.1,48665.7,51364.3,71659.1,124655.1,88511.9,1131.5,27.7,4.0,1631,24.1,6.9,1508,1750,2244,1998,1508,1750,2245,1997,5721,446
1774268457,3,871414.3,808967.4,156412.1,148033.9,48457.8,51173.1,71213.0,124777.0,88481.5,1181.1,27.7,4.0,1733,24.2,6.9,1509,1751,2245,1998,1509,1750,2246,1998,5722,447
1774268757,3,864426.4,799697.9,155188.1,147229.8,48386.1,51030.1,70937.6,124192.3,88451.9,1229.1,27.7,4.0,1807,24.2,6.9,1511,1753,2247,1999,1510,1751,2246,1999,5726,447
1774269057,3,859168.6,797464.7,154643.0,146656.4,48116.7,50709.5,70684.1,123714.9,88424.2,1295.0,27.7,4.0,1888,24.2,6.9,1510,1752,2247,1999,1510,1751,2246,1998,5726,447
1774269659,3,1159092.0,1073331.9,196013.3,185465.0,57825.5,60424.3,80553.7,138621.4,89474.9,208.6,27.5,3.7,535,24.0,6.5,1509,1751,2245,1998,1508,1750,2245,1998,5720,447
1774269957,3,1087580.1,1009173.2,186082.5,176027.9,55934.0,58596.3,79027.6,136299.3,89405.6,255.7,27.6,3.8,611,24.1,6.6,1510,1751,2246,1998,1509,1750,2245,1998,5723,447
1774270257,3,1056036.9,978147.5,182250.4,172552.1,54963.3,57565.6,77963.5,135367.8,89336.8,306.7,27.6,3.8,612,24.1,6.7,1509,1751,2247,1999,1509,1750,2245,1998,5722,447
1774270559,3,1031103.0,955999.2,178994.0,169046.1,54235.1,56807.5,77036.2,134360.3,89269.7,351.4,27.6,3.9,720,24.1,6.7,1510,1752,2247,1999,1509,1751,2246,1998,5724,447
1774270859,3,1014084.3,939062.3,175880.8,165904.6,53695.3,56262.7,76454.5,133220.2,89206.3,387.8,27.6,3.9,754,24.1,6.7,1510,1751,2247,1999,1509,1751,2246,1998,5723,447
1774271157,3,1004149.1,931915.9,174457.5,164770.5,53145.7,55801.6,76332.1,132551.8,89145.5,433.9,27.6,3.9,815,24.1,6.8,1508,1750,2245,1998,1507,1750,2244,1997,5719,447
1774271457,3,985932.1,914643.2,172573.3,162313.6,52750.6,55446.0,75883.8,131820.0,89087.5,482.4,27.6,3.9,824,24.1,6.8,1508,1751,2245,1998,1508,1750,2245,1997,5719,447
1774271759,3,977961.2,903994.8,171283.0,160741.9,52295.5,55004.2,75186.2,131117.6,89031.9,529.9,27.7,3.9,895,24.1,6.8,1509,1751,2245,1998,1508,1750,2245,1997,5721,447
1774272057,3,967439.2,895338.1,170393.7,160091.3,52124.2,54596.0,74711.6,130448.6,88979.2,573.0,27.7,3.9,960,24.1,6.8,1509,1751,2246,1998,1509,1751,2245,1998,5724,447
1774272357,3,955903.6,886038.3,168398.6,158799.7,51854.5,54266.0,74649.8,130447.2,88928.9,626.4,27.7,3.9,1037,24.1,6.8,1510,1752,2246,1999,1509,1751,2245,1998,5721,447
1774272659,3,944738.2,877837.2,166985.3,157464.8,51537.4,54009.7,74233.6,129880.8,88881.0,674.3,27.7,3.9,1113,24.2,6.8,1509,1751,2246,1999,1508,1751,2245,1998,5723,447
1774272957,3,943963.5,875037.7,166840.5,157082.3,51020.4,53684.0,73978.6,128661.1,88835.1,720.8,27.7,3.9,1179,24.2,6.8,1510,1752,2247,1999,1509,1751,2245,1998,5722,447
1774273257,3,933037.7,867275.4,165160.7,156209.0,50826.3,53410.3,73566.3,128783.6,88792.3,775.7,27.7,3.9,1193,24.2,6.8,1510,1751,2246,1999,1509,1751,2245,1998,5723,447
1774273559,3,926881.8,859533.3,164042.0,155180.5,50546.1,53172.5,73277.6,128066.8,88750.8,818.6,27.7,4.0,1313,24.2,6.9,1510,1752,2247,1999,1509,1751,2246,1998,5724,447
1774273859,3,915665.2,851451.1,162495.1,154122.4,50205.3,52999.5,73054.2,127258.8,88711.4,868.5,27.7,4.0,1301,24.2,6.9,1509,1751,2245,1998,1509,1750,2244,1997,5720,447
1774274157,3,914180.3,846255.3,161679.4,153080.5,50057.4,52733.3,73078.5,127183.3,88672.9,919.5,27.7,4.0,1409,24.2,6.9,1509,1751,2246,1998,1508,1751,2245,1998,5722,447
1774274457,3,907308.4,843886.8,161083.7,152603.5,49731.5,52518.1,72595.8,126856.1,88635.9,970.2,27.7,4.0,1448,24.2,6.9,1509,1751,2246,1998,1509,1751,2244,1998,5721,447
1774274759,3,901793.6,835564.2,160432.9,151830.1,49542.3,52236.0,72363.4,126257.3,88600.9,1009.5,27.7,4.0,1544,24.2,6.9,1510,1752,2247,1999,1509,1751,2245,1997,5723,447
1774275059,3,894276.8,829562.7,159710.4,151085.6,49427.8,52034.4,72094.2,126670.3,88567.9,1067.1,27.7,4.0,1566,24.2,6.9,1510,1752,2247,1999,1509,1751,2245,1998,5723,448
1774275357,3,892431.7,825696.4,159030.0,150277.0,49116.3,51750.1,71964.5,126050.1,88536.5,1120.8,27.7,4.0,1670,24.2,6.9,1510,1752,2246,1999,1509,1751,2245,1998,5724,447
1774275657,3,889055.2,824390.5,158459.2,149969.6,49116.5,51874.8,71603.2,126011.3,88505.9,1170.6,27.7,4.0,1695,24.2,6.9,1510,1751,2246,1998,1509,1751,2245,1998,5723,447
1774275959,3,883717.7,821306.7,157989.3,149898.1,48849.6,51347.7,71503.3,125256.6,88477.4,1228.8,27.7,4.0,1792,24.2,6.9,1510,1751,2245,1998,1509,1750,2244,1998,5725,447
1774276257,3,880207.5,812842.0,156927.2,148773.6,48710.2,51226.9,71613.2,125212.4,88450.2,1280.5,27.7,4.0,1846,24.2,6.9,1511,1752,2245,1999,1510,1751,2245,1999,5729,447
1774276859,3,1178431.0,1094520.6,199783.0,187806.3,58360.5,60981.7,81159.0,139487.1,89494.1,211.0,27.5,3.7,513,24.0,6.6,1508,1750,2244,1997,1507,1749,2244,1996,5720,446
1774277157,3,1105654.1,1026445.8,188614.2,178090.9,56310.9,59045.8,79667.4,137606.8,89424.4,257.1,27.6,3.8,590,24.1,6.6,1508,1750,2245,1997,1508,1749,2244,1997,5720,447
1774277457,3,1071099.5,996707.3,184069.6,174504.6,55257.8,57885.5,78621.9,136318.7,89355.5,300.5,27.6,3.8,634,24.1,6.7,1508,1750,2244,1997,1507,1750,2244,1997,5721,447
1774277759,3,1049595.6,974596.2,180838.9,171691.6,54738.0,57248.8,77576.5,135265.2,89288.5,355.0,27.6,3.8,706,24.1,6.7,1508,1750,2244,1997,1507,1749,2244,1996,5719,447
1774278059,3,1037345.2,964134.8,179255.5,169135.0,54097.6,56797.9,77020.5,134336.5,89224.3,387.7,27.6,3.9,741,24.1,6.7,1508,1750,2245,1997,1507,1749,2244,1997,5720,447
1774278357,3,1021177.9,947749.8,177302.9,167797.5,53799.4,56225.5,76566.9,133776.9,89164.0,431.7,27.6,3.9,803,24.1,6.8,1508,1750,2245,1997,1507,1749,2244,1996,5719,447
1774278657,3,1008286.3,935896.3,175611.0,165911.4,53392.9,55871.8,76466.7,132887.5,89105.9,470.9,27.6,3.9,873,24.1,6.8,1508,1750,2244,1997,1507,1749,2243,1996,5720,446
1774278959,3,999100.8,927849.9,174422.3,164417.4,53086.2,55439.3,75956.0,132793.9,89050.1,513.9,27.6,3.9,921,24.1,6.8,1508,1750,2245,1997,1507,1750,2244,1997,5721,447
1774279257,3,989866.8,919424.9,173210.2,163122.6,52600.3,55203.9,75253.9,131738.4,88997.5,564.5,27.7,3.9,967,24.1,6.9,1508,1750,2245,1997,1507,1749,2243,1996,5719,447
1774279557,3,982115.1,909212.8,171641.5,161500.8,52274.6,54771.0,75259.3,131461.6,88947.5,616.7,27.6,3.9,1022,24.1,6.9,1508,1750,2245,1997,1507,1749,2244,1996,5719,447
1774279857,3,971829.3,900598.1,170651.6,160542.4,52150.2,54551.1,74855.1,130719.0,88898.8,663.4,27.7,3.9,1079,24.1,6.8,1508,1750,2245,1997,1507,1750,2244,1996,5718,447
1774280159,3,965710.8,894628.9,169153.8,159436.6,51824.5,54235.1,74428.1,130407.0,88852.6,710.1,27.6,3.9,1144,24.2,6.9,1508,1750,2245,1997,1507,1750,2245,1997,5720,447
1774280459,3,955418.5,885679.4,168399.8,158332.5,51653.3,54051.9,74321.6,130103.3,88808.7,749.2,27.6,4.0,1175,24.1,6.9,1509,1751,2246,1998,1509,1750,2245,1998,5722,447
1774280757,3,951646.6,882878.0,167424.0,157588.4,51321.7,53658.8,74169.2,129436.3,88767.2,795.3,27.6,3.9,1245,24.1,6.9,1509,1751,2246,1998,1508,1750,2244,1997,5721,447
1774281057,3,942142.0,873944.1,166148.7,156858.4,50979.9,53454.7,73590.9,129010.8,88728.0,849.6,27.6,4.0,1284,24.1,6.9,1510,1752,2246,1999,1509,1751,2246,1998,5724,447
1774281357,3,939670.1,870742.4,165136.3,156306.7,50717.7,53457.2,73596.4,128711.4,88690.0,890.7,27.6,4.0,1362,24.1,6.9,1510,1752,2247,1999,1509,1750,2245,1998,5723,447
1774281657,3,930979.8,861112.4,164683.3,155426.9,50477.0,53297.6,73442.2,127920.5,88654.4,938.4,27.7,4.0,1439,24.1,6.9,1510,1752,2247,1999,1510,1751,2246,1998,5723,447
1774281957,3,925990.7,859461.6,163274.6,154601.6,50350.1,52982.2,73113.3,128468.2,88619.8,992.9,27.6,3.9,1484,24.1,6.9,1511,1752,2247,1999,1510,1751,2245,1998,5723,447
1774282257,3,922303.2,853093.8,162514.9,153715.5,50182.8,52685.0,72873.1,127170.0,88587.3,1039.3,27.7,4.0,1572,24.1,6.9,1508,1751,2246,1998,1508,1750,2245,1997,5722,447
1774282557,3,916045.2,848297.4,161849.3,153043.2,49888.5,52561.8,72849.0,127229.3,88556.4,1100.9,27.6,4.0,1614,24.1,6.9,1509,1751,2246,1998,1508,1750,2245,1997,5723,447
1774282857,3,907451.4,842304.4,160719.4,152307.8,49616.2,52338.6,72333.5,126864.9,88526.3,1145.0,27.6,4.0,1694,24.1,6.9,1509,1751,2246,1999,1508,1750,2245,1997,5722,447
1774283157,3,906205.0,838585.1,160209.8,151974.4,49531.8,52034.8,72197.7,126602.0,88498.0,1191.5,27.6,4.0,1719,24.1,6.9,1509,1751,2246,1998,1508,1750,2245,1998,5722,447
1774283457,3,900499.5,836141.0,160142.1,151514.2,49405.2,51865.7,71992.6,125942.8,88470.9,1241.7,27.6,4.0,1801,24.1,7.0,1509,1750,2245,1998,1508,1750,2244,1997,5721,447
1774284057,3,1192153.4,1104603.0,200114.6,188389.4,58276.0,60758.8,81231.7,140165.4,89515.5,205.5,27.5,3.7,499,24.0,6.5,1508,1750,2245,1997,1508,1749,2243,1997,5718,446
1774284357,3,1119212.0,1039576.1,190479.8,179870.9,56450.0,59011.8,79605.3,137813.8,89446.7,247.4,27.6,3.8,549,24.1,6.6,1509,1750,2245,1998,1508,1750,2244,1997,5721,447
1774284657,3,1088890.9,1009080.6,185446.6,175430.5,55557.4,57943.4,78539.1,136691.3,89378.3,293.8,27.6,3.8,626,24.1,6.7,1509,1751,2245,1998,1509,1750,2245,1998,5722,447
1774284957,3,1065833.8,987450.8,181963.1,172448.2,54733.3,57343.7,77793.0,135630.3,89311.5,337.9,27.6,3.8,651,24.1,6.7,1509,1751,2246,1998,1509,1750,2245,1997,5722,447
1774285257,3,1045458.0,968004.3,180222.4,170374.2,54270.3,56651.2,77465.2,134586.3,89247.1,374.0,27.6,3.8,739,24.1,6.8,1509,1751,2246,1997,1509,1750,2244,1998,5723,447
1774285559,3,1031970.8,955836.2,178398.1,167946.7,53860.2,56273.5,76872.4,133711.5,89185.9,423.5,27.6,3.8,769,24.1,6.8,1509,1751,2247,1999,1509,1751,2246,1998,5724,447
1774285857,3,1019949.4,946214.1,176777.0,166812.2,53414.6,55818.3,76497.5,132857.4,89127.2,468.9,27.6,3.9,866,24.1,6.8,1509,1751,2245,1998,1508,1750,2245,1997,5720,447
1774286157,3,1003303.4,931272.6,174415.2,164351.9,52893.6,55335.3,75957.9,132260.8,89070.7,504.3,27.6,3.9,889,24.1,6.8,1508,1751,2244,1997,1508,1750,2244,1997,5719,447
1774286459,3,998423.0,923868.3,173672.5,162900.0,52685.0,55077.8,75464.8,131671.4,89016.8,554.1,27.6,3.9,975,24.1,6.8,1509,1750,2246,1998,1508,1750,2244,1997,5718,447
1774286759,3,989188.4,917734.3,172909.5,162087.0,52404.9,54706.6,75243.4,131567.5,88966.2,601.2,27.6,3.9,992,24.1,6.9,1509,1751,2246,1998,1507,1750,2244,1997,5720,447
1774287057,3,982933.8,909745.0,171895.6,161572.3,52183.0,54576.1,75097.5,130564.9,88916.9,649.9,27.6,3.9,1063,24.1,6.8,1509,1751,2246,1998,1509,1751,2246,1998,5723,447
1774287357,3,975627.2,903583.5,170860.6,160698.4,51878.0,54155.8,74533.2,130336.1,88869.8,693.1,27.6,3.9,1080,24.1,6.9,1509,1751,2246,1998,1509,1751,2245,1998,5725,447
1774287659,3,966908.2,896091.6,169215.6,158950.0,51574.4,54034.3,74222.7,130451.2,88824.8,748.5,27.6,3.9,1174,24.1,6.9,1510,1752,2246,1999,1509,1751,2245,1998,5724,447
1774287959,3,960102.5,890100.3,168560.0,158796.8,51250.8,53764.0,74233.8,129846.5,88783.1,789.6,27.6,3.9,1229,24.1,6.9,1510,1751,2247,1999,1510,1752,2245,1998,5725,447
1774288257,3,952153.0,881500.5,167496.7,157548.1,51124.4,53486.4,73825.9,129048.1,88743.0,851.3,27.6,3.9,1296,24.1,6.9,1509,1750,2245,1997,1508,1750,2244,1996,5720,447
1774288557,3,950014.2,879423.2,167415.3,157172.0,50743.6,53231.0,73793.1,128803.4,88704.1,894.0,27.6,3.9,1378,24.1,6.9,1508,1751,2245,1998,1507,1749,2244,1997,5720,447
1774288857,3,941237.8,872108.8,165246.6,155769.1,50578.9,53071.2,73415.7,128222.0,88666.8,939.5,27.6,3.9,1393,24.1,6.9,1509,1751,2245,1998,1508,1750,2244,1997,5721,447
1774289159,3,934129.4,864954.4,164696.1,155440.5,50259.7,52830.8,73224.2,127893.8,88630.5,985.0,27.6,3.9,1466,24.1,6.9,1509,1751,2245,1998,1508,1749,2244,1998,5722,447
1774289459,3,933527.6,866446.0,164652.7,155002.6,50172.2,52691.1,73062.8,127803.7,88596.5,1035.0,27.6,3.9,1514,24.1,6.9,1509,1750,2245,1998,1508,1750,2244,1997,5721,447
1774289757,3,928613.2,859377.2,163516.1,154208.8,49929.5,52525.1,72823.0,127395.9,88564.1,1087.0,27.6,3.9,1585,24.1,7.0,1511,1752,2247,2000,1510,1752,2246,1999,5726,447
1774290057,3,922440.3,856129.9,163151.8,154016.3,49882.8,52254.4,72596.6,126933.0,88533.4,1136.2,27.6,3.9,1626,24.1,7.0,1510,1752,2246,1999,1510,1752,2246,1999,5725,447
1774290359,3,912328.7,845972.5,161543.4,152925.0,49596.8,52003.5,72498.0,126599.9,88503.7,1179.8,27.6,4.0,1723,24.1,7.0,1511,1752,2247,1999,1510,1752,2246,1999,5726,447
1774290659,3,909523.4,841460.0,160948.9,152269.9,49507.7,51864.8,72213.1,126033.7,88474.9,1229.0,27.6,3.9,1768,24.1,6.9,1510,1753,2247,1999,1510,1752,2246,1999,5727,447
1774291259,3,1215151.0,1122838.4,203410.0,191879.2,58905.6,61541.6,81977.7,141187.5,89491.8,203.4,27.5,3.7,521,24.0,6.6,1510,1752,2246,1999,1509,1751,2245,1998,5724,447
1774291559,3,1145549.9,1062453.1,193369.9,182264.7,57117.5,59740.2,80448.9,139159.8,89421.5,246.7,27.6,3.8,584,24.0,6.7,1509,1751,2246,1999,1509,1751,2245,1998,5722,447
1774291859,3,1110501.5,1028614.2,188575.3,178007.4,56143.2,58756.8,79654.2,137870.9,89352.8,300.7,27.6,3.8,654,24.1,6.8,1510,1751,2247,1999,1508,1751,2245,1998,5723,447
1774292159,3,1085540.5,1006845.1,184918.1,175352.1,55510.7,58036.8,78763.7,136669.1,89285.0,349.8,27.6,3.8,676,24.1,6.8,1510,1751,2246,1999,1509,1751,2245,1998,5723,447
1774292459,3,1073785.6,996193.8,183855.0,174204.1,54974.8,57444.3,78232.8,135483.6,89219.0,396.6,27.6,3.8,735,24.1,6.8,1510,1752,2246,1999,1510,1751,2246,1998,5724,447
1774292759,3,1054285.2,977167.5,181403.4,171380.9,54538.1,56968.8,77790.2,135503.7,89156.9,441.1,27.6,3.9,762,24.1,6.8,1510,1752,2247,1999,1509,1751,2245,1998,5723,447
1774293059,3,1045794.0,969674.7,180434.9,170848.1,54187.1,56573.0,77260.0,134582.2,89097.3,486.0,27.6,3.9,859,24.1,6.8,1510,1752,2247,1999,1510,1751,2245,1998,5724,447
1774293360,3,1036325.8,958125.0,178119.8,168263.4,53795.8,56187.9,77114.3,134336.5,89040.2,536.2,27.6,3.9,870,24.1,6.9,1509,1751,2246,1998,1508,1751,2245,1997,5722,447
1774293659,3,1026921.3,952291.1,178052.6,167582.2,53454.8,55982.7,76656.9,133455.4,88985.2,571.6,27.6,3.9,969,24.1,6.8,1510,1752,2247,1999,1509,1751,2246,1998,5724,447
1774293959,3,1013656.3,938521.8,175724.9,165601.4,53087.0,55595.9,76133.4,133032.4,88932.7,618.7,27.6,3.9,982,24.1,6.9,1510,1752,2247,1999,1509,1751,2246,1998,5725,447
1774294257,3,1008308.0,934686.9,175041.1,164763.4,52821.7,55414.8,75970.8,132498.5,88882.9,656.7,27.6,3.9,1069,24.1,6.9,1510,1752,2247,1999,1509,1751,2246,1998,5725,447
1774294557,3,997489.7,925164.0,174354.1,164059.6,52619.3,54997.3,75728.1,132046.3,88835.9,717.8,27.6,3.9,1131,24.1,6.9,1511,1752,2246,1999,1510,1752,2246,1999,5727,447
1774294857,3,991704.4,919696.9,172860.4,162853.3,52296.4,54731.8,75375.2,131549.6,88792.3,752.9,27.6,3.9,1192,24.1,6.9,1510,1751,2245,1998,1509,1751,2246,1998,5724,447
1774295157,3,984344.2,909638.2,172212.2,161790.9,52184.0,54524.2,74852.9,131273.0,88750.9,809.1,27.6,3.9,1218,24.1,6.9,1510,1752,2247,1999,1510,1751,2246,1999,5726,447
1774295457,3,975958.8,903435.5,171230.3,160550.0,51940.5,54195.6,74664.7,130832.7,88711.4,860.4,27.6,3.9,1315,24.1,6.9,1510,1752,2247,1999,1510,1751,2246,1998,5725,447
1774295757,3,968070.8,897491.9,170058.0,159589.9,51629.6,54011.2,74591.8,130324.1,88673.5,900.0,27.7,3.9,1321,24.1,6.9,1511,1752,2247,2000,1510,1752,2246,1999,5727,447
1774296057,3,962506.2,892128.2,168539.2,158714.3,51279.4,53824.5,74374.8,130003.9,88637.5,950.7,27.7,3.9,1381,24.1,6.9,1510,1752,2247,2000,1510,1751,2246,1999,5727,447
1774296357,3,956812.2,885119.1,167834.9,157704.0,51043.3,53508.0,73879.0,129188.0,88604.3,1003.3,27.7,3.9,1461,24.2,6.9,1509,1751,2246,1998,1509,1751,2245,1998,5725,447
1774296657,3,949018.2,878120.9,166925.3,157012.3,50711.2,53203.0,73619.6,129039.4,88571.4,1055.6,27.7,3.9,1522,24.2,7.0,1509,1751,2246,1998,1509,1751,2246,1998,5723,447
1774296957,3,940033.2,870449.8,166156.0,156161.5,50503.4,53040.1,73375.8,128317.0,88540.7,1113.7,27.7,4.0,1596,24.2,7.0,1509,1751,2246,1998,1509,1751,2245,1998,5725,447
1774297257,3,932031.9,863552.7,164298.1,154714.6,50231.2,52742.3,73005.9,127812.6,88511.0,1152.7,27.7,4.0,1686,24.2,7.0,1510,1751,2246,1998,1509,1750,2245,1998,5724,447
1774297559,3,928185.9,860110.3,163655.9,154271.0,49929.3,52532.8,72793.0,127733.2,88482.7,1212.0,27.7,3.9,1721,24.2,7.0,1511,1752,2247,1999,1510,1752,2247,1999,5728,447
1774297859,3,919851.2,854713.2,162546.1,153706.0,49754.2,52105.6,72535.6,126732.2,88455.1,1264.9,27.8,4.0,1794,24.2,7.0,1511,1752,2247,1999,1510,1751,2245,1998,5725,447
1774298457,3,1229955.1,1137446.5,204963.8,193304.2,59272.2,61728.7,82318.5,142117.2,89410.3,210.6,27.7,3.7,528,24.2,6.6,1511,1752,2247,1999,1510,1752,2247,1999,5728,448
1774298757,3,1150933.4,1069181.1,195177.2,183361.4,57262.2,59721.2,80776.8,139617.1,89344.6,253.9,27.7,3.8,559,24.2,6.7,1510,1751,2246,1998,1509,1751,2245,1998,5724,447
1774299059,3,1114203.6,1031333.0,189522.2,178860.1,56159.1,58753.6,79622.8,138302.6,89277.9,297.0,27.8,3.8,626,24.3,6.8,1510,1751,2247,1998,1509,1751,2245,1998,5724,447
1774299359,3,1091462.9,1013334.8,186228.0,176007.6,55485.9,58154.7,78880.0,136899.2,89214.6,343.2,27.8,3.8,666,24.3,6.8,1509,1751,2246,1998,1508,1750,2245,1997,5723,447
1774299659,3,1075259.4,997472.5,183976.7,173908.8,54834.3,57382.5,78267.1,136086.6,89152.4,375.9,27.8,3.9,690,24.3,6.8,1509,1751,2246,1998,1509,1751,2245,1998,5724,447
1774299959,3,1056010.4,979800.2,182043.4,172133.6,54426.4,56946.4,77456.5,135122.2,89092.5,422.1,27.9,3.9,773,24.3,6.9,1509,1750,2245,1998,1508,1750,2244,1997,5722,446
1774300259,3,1043522.5,967258.9,179917.3,170160.6,53997.0,56470.2,76795.3,134570.8,89035.1,469.0,27.9,3.9,807,24.4,6.9,1509,1751,2246,1998,1508,1750,2245,1997,5722,447
1774300557,3,1033123.9,956101.8,178208.1,167919.0,53459.2,56048.1,76486.3,133692.2,88981.1,518.5,27.9,3.9,884,24.4,6.9,1509,1751,2246,1998,1508,1750,2244,1997,5723,447
1774300857,3,1018217.6,945005.3,176547.9,165919.5,53114.5,55722.3,75951.1,132678.4,88927.9,557.1,27.9,3.9,917,24.4,6.9,1509,1751,2245,1998,1509,1751,2244,1997,5723,447
1774301159,3,1006566.9,932592.4,175158.4,164881.5,52735.1,55393.0,75577.3,132334.4,88877.2,611.4,27.9,3.9,1003,24.4,6.9,1510,1751,2246,1998,1509,1751,2245,1997,5725,447
1774301457,3,996027.6,922037.7,173556.4,163237.7,52438.6,54927.1,75060.8,131598.9,88828.6,651.2,27.9,3.9,992,24.4,7.0,1510,1752,2247,1999,1510,1751,2246,1998,5726,447
1774301759,3,987694.9,914401.3,172500.5,161678.6,52173.9,54685.3,75081.6,131095.5,88782.3,694.5,27.9,3.9,1137,24.5,7.0,1509,1751,2246,1998,1508,1750,2245,1997,5723,447
1774302057,3,979552.8,906733.6,171690.4,160905.1,51878.8,54354.9,74450.4,130899.5,88737.9,746.6,28.0,3.9,1155,24.5,7.0,1509,1751,2246,1998,1508,1750,2244,1997,5723,447
1774302357,3,972619.8,901074.5,170457.4,159870.8,51547.1,54097.4,74591.9,130457.5,88694.5,797.4,28.0,3.9,1191,24.5,7.0,1509,1751,2246,1998,1509,1751,2245,1997,5726,447
1774302659,3,963106.2,892233.8,169056.6,158953.9,51322.7,53821.7,73781.4,129629.9,88654.1,840.3,28.0,3.9,1284,24.5,7.0,1510,1751,2246,1998,1508,1751,2245,1997,5725,447
1774302957,3,959235.7,886949.5,168248.0,157854.0,51030.9,53559.1,73597.8,129037.1,88616.4,892.6,28.0,3.9,1333,24.5,7.0,1510,1752,2246,1998,1509,1751,2245,1997,5724,447
1774303257,3,951904.2,880682.1,167163.2,156894.6,50847.7,53321.5,73289.9,128177.2,88580.1,929.4,28.0,3.9,1383,24.5,7.0,1511,1752,2247,1999,1510,1752,2245,1998,5727,447
1774303559,3,941389.5,873074.3,166168.8,155981.0,50563.6,53146.4,73004.1,127888.4,88545.9,977.7,28.1,3.9,1482,24.5,7.1,1509,1751,2247,1998,1509,1751,2246,1998,5726,447
1774303857,3,935877.8,867552.2,164760.8,155385.9,50096.2,52788.7,72863.3,127926.4,88513.2,1035.0,28.1,4.0,1505,24.6,7.0,1509,1751,2245,1998,1509,1751,2245,1997,5725,447
1774304157,3,926199.2,859091.3,163482.2,153948.3,49857.2,52571.9,72498.5,127352.8,88481.9,1081.7,28.1,3.9,1582,24.6,7.0,1509,1751,2245,1997,1509,1750,2244,1997,5725,447
1774304459,3,920204.3,850638.4,161970.3,153055.4,49758.2,52279.0,72350.1,126532.0,88451.0,1129.4,28.1,4.0,1628,24.6,7.1,1509,1751,2245,1998,1508,1750,2245,1996,5724,447
1774304757,3,910568.7,842693.3,160805.0,152243.5,49528.6,51829.2,72027.6,126213.7,88422.0,1183.4,28.1,4.0,1702,24.6,7.1,1509,1751,2245,1998,1509,1751,2245,1998,5725,447
1774305057,3,907155.6,840719.8,160573.3,151629.9,49426.4,51804.8,71730.9,125756.4,88393.1,1241.2,28.1,4.0,1771,24.6,7.1,1509,1751,2246,1998,1508,1751,2245,1997,5724,447
1774305657,3,1211523.4,1122212.6,203218.9,190809.8,58503.2,61077.9,81338.9,140416.5,89358.1,206.1,28.0,3.7,546,24.5,6.6,1508,1750,2245,1997,1507,1749,2244,1996,5721,447
1774305959,3,1131867.4,1046675.3,192499.1,180710.1,56619.4,59316.7,79739.6,138515.1,89291.1,244.8,28.1,3.8,584,24.6,6.8,1508,1750,2245,1997,1507,1749,2244,1996,5722,447
1774306259,3,1096478.9,1017365.0,187158.9,176760.9,55707.7,58206.9,78537.2,137110.2,89224.0,294.6,28.1,3.8,622,24.6,6.9,1508,1750,2245,1996,1508,1750,2244,1996,5723,447
1774306557,3,1076801.9,996051.2,184285.6,174219.2,54994.9,57517.7,77712.0,135899.5,89157.7,341.0,28.2,3.8,666,24.6,6.9,1510,1751,2245,1998,1508,1750,2244,1997,5727,447
1774306857,3,1059888.1,981247.3,181847.8,171964.4,54328.6,56914.6,77038.2,134975.9,89093.5,382.7,28.2,3.9,755,24.6,6.9,1508,1750,2245,1997,1508,1749,2244,1996,5722,447
1774307159,3,1045508.8,966608.3,179473.6,169593.9,54018.4,56400.9,76464.4,133690.6,89032.2,415.8,28.2,3.9,765,24.7,6.9,1509,1751,2246,1998,1508,1750,2245,1998,5725,447
1774307457,3,1029885.5,954782.8,177828.2,167638.1,53492.3,56027.8,76129.6,133519.3,88974.0,457.2,28.2,3.9,851,24.7,6.9,1509,1751,2246,1998,1509,1750,2245,1997,5726,447
1774307757,3,1020641.2,945245.7,176598.2,165885.6,53142.7,55587.4,75592.0,132622.7,88918.5,514.2,28.2,3.9,899,24.7,7.0,1509,1751,2245,1998,1509,1750,2245,1997,5726,447
1774308059,3,1004624.0,932366.9,174887.5,164579.8,52798.5,55283.2,75132.1,131772.4,88865.6,559.2,28.2,3.9,963,24.7,7.0,1506,1748,2242,1996,1506,1748,2242,1996,5719,446
1774308357,3,1001023.7,925033.2,173919.7,163423.3,52469.1,54960.2,74964.9,131299.8,88815.4,607.1,28.2,3.9,984,24.7,7.0,1509,1750,2245,1997,1508,1750,2244,1997,5727,447
1774308657,3,987915.7,917668.8,172566.0,162039.9,52196.8,54687.9,74613.1,130625.7,88766.6,656.5,28.2,3.9,1045,24.7,7.0,1508,1750,2244,1997,1508,1749,2243,1997,5724,447
1774308959,3,977767.1,906116.8,171104.8,160095.1,51822.4,54298.2,74313.6,129895.2,88719.8,697.0,28.2,3.9,1129,24.7,7.0,1508,1750,2244,1997,1508,1749,2243,1996,5723,447
1774309259,3,969798.9,898323.0,169965.1,159588.3,51640.0,54020.2,73936.7,129482.6,88675.8,751.3,28.2,4.0,1174,24.7,7.0,1507,1749,2243,1996,1506,1748,2243,1996,5719,446
1774309557,3,962386.1,892297.3,168687.8,158495.4,51371.7,53808.0,73719.8,128976.0,88632.6,806.0,28.2,4.0,1260,24.7,7.0,1510,1751,2246,1998,1509,1751,2245,1998,5732,447
1774309857,3,955070.1,884299.1,167863.6,157670.2,51053.1,53608.4,73535.5,128884.6,88592.7,848.5,28.2,3.9,1273,24.7,7.1,1510,1752,2246,1998,1510,1751,2245,1998,5732,448
1774310159,3,949191.8,879730.6,166997.4,156683.1,50734.0,53364.9,73211.5,128507.4,88554.8,906.0,28.2,3.9,1393,24.7,7.0,1510,1752,2246,1999,1510,1751,2245,1998,5731,447
1774310459,3,939749.2,869991.9,165444.7,156099.2,50551.1,53086.7,72952.8,127646.8,88517.9,950.6,28.2,4.0,1416,24.7,7.1,1510,1752,2246,1998,1509,1751,2245,1998,5731,447
1774310757,3,932396.8,865061.2,164553.4,155080.7,50315.4,52815.2,72766.4,127206.2,88483.5,997.4,28.3,3.9,1494,24.7,7.1,1507,1749,2243,1996,1506,1748,2243,1996,5722,447
1774311057,3,930233.5,862557.1,164161.0,154723.1,50083.7,52580.9,72676.0,126870.0,88449.3,1050.5,28.3,3.9,1541,24.8,7.1,1508,1749,2245,1997,1507,1749,2243,1996,5723,447
1774311359,3,925140.4,858118.1,163328.1,153985.6,49827.7,52421.2,72003.8,126736.8,88418.0,1090.1,28.3,4.0,1622,24.8,7.1,1506,1748,2243,1995,1506,1748,2242,1995,5720,447
1774311657,3,919167.1,851087.0,162035.7,153002.8,49664.0,52195.1,71829.3,126341.9,88386.9,1149.6,28.3,4.0,1679,24.8,7.1,1507,1748,2243,1996,1506,1747,2241,1994,5718,446
1774311957,3,915213.2,846580.1,161270.4,152513.4,49450.9,51975.6,71853.2,126144.4,88358.3,1202.0,28.3,4.0,1707,24.8,7.1,1506,1749,2243,1996,1505,1748,2242,1995,5719,447
1774312257,3,910006.7,839748.3,160627.0,151956.2,49424.1,51807.6,71439.5,125549.4,88329.3,1246.9,28.3,4.0,1794,24.8,7.1,1508,1750,2243,1996,1507,1749,2243,1996,5724,447
1774312857,3,1215615.5,1126954.4,203787.9,191314.1,58691.2,61391.3,81417.9,140584.9,89301.7,197.5,28.2,3.7,502,24.7,6.7,1507,1749,2244,1995,1506,1748,2242,1995,5719,446
1774313157,3,1139080.5,1055376.4,193031.5,181835.8,56632.6,59324.3,79622.4,138057.6,89233.8,246.3,28.2,3.8,553,24.7,6.8,1506,1748,2242,1995,1506,1747,2241,1994,5717,446
1774313459,3,1107858.6,1027500.9,188408.0,177515.6,55772.2,58270.5,78673.3,136890.1,89165.4,285.2,28.3,3.8,613,24.8,6.8,1507,1749,2243,1995,1506,1748,2243,1995,5718,447
1774313757,3,1082978.0,1001129.4,184799.1,174761.4,55024.9,57545.1,77746.7,135875.1,89097.9,324.8,28.3,3.8,677,24.8,7.0,1506,1748,2243,1996,1505,1748,2242,1995,5718,446
1774314057,3,1065881.1,988558.2,182445.5,172604.9,54559.2,57034.8,77244.2,134748.0,89034.0,371.0,28.3,3.8,712,24.8,6.9,1506,1749,2243,1996,1506,1748,2243,1995,5719,446
1774314359,3,1047440.1,969070.0,180057.3,170136.0,54120.1,56543.7,76568.6,133928.5,88971.9,413.7,28.3,3.9,774,24.8,7.0,1507,1749,2244,1996,1505,1748,2243,1995,5717,446
1774314659,3,1035827.5,960954.6,178652.4,168590.9,53728.7,56200.2,76297.1,133171.9,88912.3,465.8,28.3,3.9,781,24.8,7.0,1507,1749,2244,1996,1506,1748,2243,1995,5719,446
1774314957,3,1028017.8,953031.8,177821.5,167189.2,53341.7,55578.6,75752.8,132529.3,88856.1,507.2,28.3,3.9,881,24.8,7.0,1506,1749,2243,1995,1506,1748,2242,1994,5719,446
1774315257,3,1018551.4,941091.2,176594.0,165921.6,52988.4,55438.6,75551.4,131952.6,88803.1,563.9,28.3,3.9,927,24.8,7.0,1506,1749,2243,1995,1505,1748,2242,1995,5718,446
1774315559,3,1009824.4,933311.5,174835.3,165106.2,52617.8,55074.7,75188.2,131414.7,88751.2,613.2,28.3,3.9,992,24.8,7.0,1506,1749,2244,1995,1506,1749,2243,1995,5720,447
1774315858,3,999511.1,924006.5,173430.1,163009.1,52360.4,54782.4,74528.5,130910.0,88701.2,648.6,28.3,3.9,1055,24.8,7.0,1505,1747,2242,1995,1504,1747,2241,1994,5717,446
1774316157,3,990903.8,916069.7,172539.7,161534.6,52062.6,54515.8,74112.5,130372.4,88652.7,704.5,28.3,3.9,1070,24.8,7.1,1507,1749,2244,1996,1506,1748,2243,1995,5720,447
1774316459,3,982221.0,911839.0,171823.8,161063.4,51858.4,54247.2,74052.1,129630.1,88607.2,747.5,28.3,4.0,1175,24.8,7.1,1507,1749,2245,1996,1507,1749,2243,1996,5722,447
1774316759,3,974211.5,902017.5,170490.4,160087.4,51696.4,54050.2,73593.7,129555.8,88562.7,794.5,28.3,3.9,1210,24.8,7.1,1509,1751,2246,1998,1508,1751,2245,1997,5727,447
1774317057,3,969641.3,897595.2,169349.6,159323.4,51369.8,53628.0,73507.8,129145.4,88520.7,844.3,28.3,3.9,1264,24.8,7.0,1508,1750,2244,1997,1508,1750,2244,1996,5724,447
1774317357,3,964000.0,892308.2,168470.1,158371.1,51113.2,53557.7,73276.8,128127.5,88480.5,902.9,28.3,3.9,1324,24.8,7.1,1508,1750,2244,1997,1507,1749,2243,1996,5723,447
1774317659,3,953303.1,881849.8,167667.5,157308.5,50829.6,53286.7,73135.1,128098.9,88443.0,942.8,28.4,3.9,1437,24.8,7.1,1507,1749,2245,1997,1507,1749,2244,1996,5724,447
1774317957,3,950580.0,880806.8,167010.8,156715.3,50434.2,53080.4,72782.3,127631.4,88407.4,980.7,28.4,4.0,1495,24.9,7.1,1508,1750,2245,1997,1507,1749,2243,1996,5722,446
1774318257,3,946412.2,874507.6,166286.4,155991.8,50325.7,52876.9,72566.5,127124.4,88372.8,1027.1,28.3,4.0,1505,24.9,7.1,1508,1750,2245,1997,1507,1749,2243,1996,5723,446
1774318557,3,937523.3,869243.1,164531.4,155256.5,50110.3,52780.0,72198.2,126702.7,88339.4,1084.2,28.4,4.0,1596,24.8,7.1,1508,1750,2244,1997,1507,1750,2244,1997,5724,447
1774318859,3,933589.0,863931.4,163722.0,154586.8,49991.1,52514.9,72238.4,126682.6,88306.8,1126.9,28.4,4.0,1681,24.9,7.1,1508,1751,2245,1997,1508,1750,2244,1997,5725,447
1774319159,3,929106.3,859304.5,163488.4,153891.8,49837.2,52286.0,71955.8,126316.6,88276.7,1183.3,28.4,4.0,1729,24.9,7.2,1508,1750,2245,1996,1507,1749,2242,1996,5723,447
1774319457,3,922706.2,854074.0,162403.1,153543.5,49644.1,52137.0,71686.9,126149.2,88247.8,1225.6,28.4,4.0,1796,24.9,7.2,1508,1750,2244,1997,1507,1749,2243,1996,5725,447
1774320057,3,1242402.6,1147625.5,206482.1,194113.7,58959.6,61685.2,81284.3,140842.4,89254.2,201.6,28.2,3.7,506,24.7,6.7,1508,1750,2244,1997,1507,1750,2243,1996,5723,447
1774320359,3,1158075.1,1073319.6,195782.1,183838.8,57009.9,59680.4,79687.2,138600.4,89185.8,243.9,28.3,3.8,511,24.8,6.8,1508,1750,2244,1996,1507,1749,2243,1996,5723,447
1774320659,3,1126660.9,1041178.9,190880.3,179837.7,56175.4,58613.3,78665.6,137217.8,89118.0,282.8,28.3,3.8,574,24.8,6.9,1508,1750,2245,1996,1508,1750,2244,1997,5726,447
1774320957,3,1100173.4,1017693.2,187072.4,176794.4,55463.7,57892.1,77903.1,136437.2,89052.5,330.5,28.3,3.8,666,24.8,6.9,1508,1749,2243,1996,1507,1749,2242,1995,5722,446
1774321257,3,1083919.0,1005876.6,184931.2,174626.1,54942.9,57372.3,77485.4,135244.8,88989.0,375.1,28.4,3.8,717,24.8,7.0,1508,1750,2244,1996,1508,1749,2243,1996,5724,447
1774321559,3,1068594.1,991274.7,182887.5,172812.5,54537.2,56850.5,76920.5,134737.8,88928.7,412.5,28.3,3.9,744,24.8,7.0,1508,1750,2244,1996,1507,1749,2244,1996,5725,447
1774321857,3,1059008.2,981039.1,181239.7,171330.9,54140.2,56458.4,76414.2,134012.6,88870.1,454.1,28.4,3.9,843,24.9,7.0,1508,1750,2245,1997,1507,1749,2243,1996,5723,447
1774322157,3,1047305.0,969409.5,179929.2,170033.4,53848.9,56202.8,76301.1,133224.5,88813.3,496.9,28.4,3.9,853,24.9,7.0,1507,1749,2243,1996,1506,1749,2242,1995,5722,447
1774322457,3,1035311.7,958024.3,178396.2,168104.1,53319.5,55690.0,75873.8,132856.9,88758.4,535.2,28.3,3.9,889,24.8,7.0,1508,1750,2243,1996,1507,1749,2243,1995,5722,446
1774322759,3,1025506.5,947709.2,177089.6,166957.8,53015.4,55480.4,75389.0,132093.9,88705.5,577.7,28.4,3.9,979,24.9,7.1,1507,1749,2243,1996,1507,1749,2243,1995,5723,447
1774323059,3,1017366.8,943991.8,176029.6,165237.9,52800.5,55240.9,75226.0,131614.5,88654.6,644.1,28.3,3.9,1012,24.8,7.0,1508,1750,2244,1996,1507,1749,2243,1996,5724,447
1774323357,3,1011087.9,935731.7,175407.3,164985.0,52692.4,55044.9,74901.9,131532.1,88606.3,671.4,28.3,3.9,1070,24.8,7.1,1508,1750,2243,1996,1507,1749,2242,1995,5724,447
1774323657,3,1007523.7,930894.2,174938.0,164165.2,52451.4,54791.0,74652.3,131034.3,88558.5,720.2,28.3,3.9,1115,24.8,7.1,1508,1750,2243,1996,1508,1750,2243,1995,5726,447
1774323959,3,1000249.2,926476.3,173727.0,163403.3,52246.1,54613.0,74152.6,130732.2,88513.4,768.9,28.3,3.9,1205,24.8,7.1,1508,1750,2244,1997,1508,1750,2244,1996,5725,447
1774324259,3,994109.7,922699.6,173207.7,162203.4,52044.6,54462.7,74403.6,130153.2,88470.6,819.0,28.3,3.9,1276,24.8,7.1,1509,1751,2244,1997,1508,1750,2244,1996,5726,447
1774324557,3,985856.5,910258.3,172147.7,161276.3,51975.5,54226.2,73770.7,129433.7,88429.8,873.7,28.3,3.9,1338,24.8,7.1,1509,1750,2245,1997,1507,1749,2243,1996,5724,447
1774324857,3,985071.7,910682.6,172050.5,161240.6,51803.3,54093.3,73871.1,129926.6,88391.0,915.0,28.3,3.9,1356,24.8,7.2,1508,1750,2244,1996,1507,1749,2243,1996,5724,447
1774325157,3,981061.8,908532.1,171129.6,160038.4,51435.9,53816.4,73818.5,129068.4,88353.6,963.1,28.2,3.9,1433,24.7,7.1,1508,1750,2245,1997,1508,1750,2244,1996,5727,447
1774325459,3,975461.1,902030.0,170683.5,159743.3,51336.3,53780.3,73537.5,129305.2,88317.5,998.7,28.2,3.9,1498,24.7,7.1,1507,1748,2243,1995,1506,1748,2241,1995,5720,446
1774325759,3,975345.4,901674.5,170626.0,159896.3,51325.4,53695.4,73502.1,129295.3,88282.6,1054.2,28.2,3.9,1574,24.7,7.1,1506,1748,2243,1996,1505,1747,2242,1995,5720,446
1774326057,3,972586.6,898045.4,169928.5,159016.4,51132.7,53494.5,73328.2,128941.0,88249.3,1100.7,28.2,3.9,1643,24.7,7.1,1508,1750,2245,1997,1508,1750,2244,1997,5725,447
1774326357,3,966422.9,894816.7,169414.5,158941.7,51186.8,53532.2,73233.4,128648.7,88218.0,1148.2,28.2,3.9,1650,24.7,7.1,1509,1750,2244,1997,1507,1749,2244,1996,5725,447
1774326657,3,966316.2,894304.1,168829.6,158542.2,51018.0,53373.5,73166.8,128216.7,88188.2,1203.0,28.2,4.0,1726,24.7,7.1,1508,1750,2244,1996,1507,1749,2243,1996,5724,447
1774327257,3,1303151.0,1204969.4,214251.2,201805.9,60470.9,63079.4,83398.3,143560.0,89249.5,183.5,28.0,3.6,507,24.5,6.7,1507,1749,2243,1996,1506,1748,2242,1994,5719,446
1774327557,3,1220655.9,1129267.1,203433.8,191174.1,58664.0,61213.4,81567.3,141670.1,89177.3,230.9,28.0,3.7,531,24.5,6.8,1507,1749,2244,1997,1507,1748,2243,1995,5721,446
1774327857,3,1185510.5,1098149.6,199633.6,187159.6,57666.4,60238.9,80988.8,140629.2,89104.5,270.1,28.1,3.8,601,24.5,6.9,1507,1749,2243,1996,1507,1749,2243,1995,5721,447
1774328157,3,1165084.0,1080793.6,197126.5,184674.3,57102.0,59574.4,80336.5,139774.7,89034.6,310.5,28.0,3.8,642,24.5,6.9,1507,1749,2244,1996,1507,1749,2243,1995,5722,447
1774328457,3,1153203.9,1066504.1,194033.3,182355.1,56541.3,59156.1,79933.7,138838.4,88967.8,351.6,28.0,3.8,638,24.5,7.0,1507,1749,2244,1996,1507,1749,2243,1996,5722,447
1774328757,3,1133462.4,1050953.1,191968.4,180557.2,56060.2,58760.5,79267.5,137890.5,88903.6,397.0,28.0,3.8,735,24.5,7.0,1507,1749,2244,1997,1507,1749,2243,1996,5722,447
1774329057,3,1123997.1,1039983.0,190492.8,179317.2,55926.3,58377.8,78992.8,137817.3,88841.8,439.2,28.0,3.8,790,24.5,7.0,1508,1749,2243,1996,1507,1748,2243,1996,5722,446
1774329359,3,1113855.1,1034389.8,189580.4,178393.9,55714.1,58169.0,78780.1,137273.2,88783.2,473.3,28.0,3.9,822,24.5,7.0,1508,1749,2244,1997,1507,1749,2243,1996,5722,446
1774329657,3,1106296.0,1025853.2,188183.6,177054.6,55236.0,57638.3,78120.5,136654.7,88727.0,516.6,28.0,3.9,896,24.5,7.0,1508,1749,2244,1997,1507,1748,2244,1996,5722,446
1774329957,3,1099905.6,1019026.3,186789.7,176515.5,54936.2,57434.6,77765.8,136239.4,88673.2,560.9,28.0,3.9,942,24.5,7.0,1508,1749,2244,1997,1507,1749,2243,1996,5722,447
1774330259,3,1088804.5,1006352.8,185326.0,174929.8,54766.8,57314.5,77720.2,135330.2,88622.3,600.3,28.0,3.8,988,24.5,7.0,1508,1750,2244,1997,1507,1749,2244,1996,5723,447
1774330559,3,1084957.6,1005220.2,184874.3,174460.2,54604.8,56940.7,77203.0,135560.4,88573.8,651.3,28.0,3.9,1020,24.5,7.1,1508,1750,2245,1997,1507,1749,2242,1995,5722,447
1774330857,3,1076839.9,999929.5,184274.1,173788.7,54332.1,56537.9,77137.9,134837.3,88527.8,695.8,28.0,3.9,1077,24.5,7.0,1509,1750,2244,1997,1508,1750,2244,1996,5724,447
1774331157,3,1068328.1,987134.3,182714.8,172532.9,54285.3,56371.1,77233.0,134715.7,88483.4,738.2,28.0,3.9,1134,24.4,7.1,1509,1750,2245,1997,1508,1750,2244,1997,5726,447
1774331457,3,1063332.0,984002.7,182305.5,172070.5,53900.4,56277.5,76663.3,134124.4,88441.6,784.4,27.9,3.9,1225,24.4,7.0,1509,1750,2244,1997,1508,1750,2243,1996,5723,447
1774331759,3,1060289.2,981388.6,181864.6,171704.2,53686.2,56131.1,76773.1,133751.1,88401.4,831.5,27.9,3.9,1270,24.4,7.1,1509,1750,2245,1997,1508,1750,2244,1996,5725,447
1774332057,3,1053509.8,973472.5,180921.6,170798.2,53445.5,56019.1,76442.0,133685.0,88363.1,875.2,27.9,3.9,1325,24.4,7.1,1509,1751,2245,1997,1509,1751,2244,1997,5727,447
1774332357,3,1051771.1,971303.8,180444.5,170328.6,53409.0,55787.6,76404.6,133210.0,88325.8,917.5,27.9,3.9,1349,24.4,7.0,1509,1751,2245,1997,1508,1750,2243,1997,5726,447
1774332659,3,1042660.9,966829.8,179142.0,168999.3,53169.2,55531.5,76117.4,133248.0,88289.9,962.1,27.9,3.9,1451,24.4,7.1,1509,1751,2245,1998,1509,1750,2244,1997,5727,447
1774332959,3,1041522.1,963166.6,178958.5,168742.3,53095.4,55504.7,75655.1,132532.7,88255.0,994.7,27.9,3.9,1481,24.4,7.1,1509,1751,2245,1998,1509,1750,2244,1997,5728,447
1774333257,3,1034139.1,957374.2,178556.3,168148.2,52997.0,55314.6,75564.6,132676.6,88222.4,1044.2,27.9,3.9,1533,24.4,7.1,1510,1751,2245,1998,1509,1750,2243,1996,5726,447
1774333557,3,1027904.2,953468.5,177775.7,167305.8,52813.8,55080.3,75621.7,132150.6,88191.1,1094.9,27.9,3.9,1622,24.4,7.1,1509,1750,2244,1996,1508,1750,2243,1996,5727,447
1774333857,3,1024308.9,949861.3,177494.4,167062.6,52772.0,55079.5,75467.3,131723.7,88162.1,1142.9,27.9,3.9,1651,24.4,7.1,1508,1749,2243,1996,1506,1748,2242,1995,5721,447
1774334457,3,1376310.9,1269127.4,223826.6,210206.9,62348.9,64884.0,85363.6,147908.3,89221.0,170.6,27.7,3.6,496,24.2,6.7,1508,1750,2244,1997,1508,1749,2243,1996,5721,447
1774334757,3,1295560.5,1197873.1,212871.8,200938.0,60246.3,62892.4,84063.6,145524.4,89149.6,215.5,27.8,3.7,520,24.3,6.8,1509,1750,2244,1997,1508,1749,2244,1996,5723,447
1774335059,3,1247787.6,1155617.1,206949.3,195439.1,59195.0,61825.8,82958.1,144592.4,89078.7,253.8,27.8,3.7,609,24.3,6.9,1509,1750,2245,1997,1508,1749,2243,1996,5722,447
1774335359,3,1227019.9,1137484.5,205127.8,192566.6,58616.6,61116.3,82157.1,143440.2,89010.5,288.4,27.8,3.7,597,24.3,6.9,1509,1750,2244,1997,1508,1750,2244,1997,5724,447
1774335657,3,1215247.5,1125160.4,202381.0,190210.1,58110.8,60678.2,81627.2,142090.6,88944.2,331.0,27.8,3.8,661,24.3,6.9,1509,1751,2245,1998,1509,1750,2244,1997,5724,447
1774335959,3,1194824.0,1108341.4,200417.6,188294.6,57672.4,60278.3,81268.2,141617.8,88879.9,371.0,27.8,3.8,696,24.3,7.0,1509,1750,2245,1997,1509,1750,2244,1997,5725,447
1774336259,3,1180627.2,1095881.5,198597.0,186027.2,57244.9,59819.1,80670.2,140525.6,88818.6,414.2,27.8,3.8,755,24.3,7.0,1510,1751,2246,1997,1509,1750,2245,1997,5725,447
1774336557,3,1174791.0,1089097.6,197020.0,184687.4,56956.0,59491.0,80370.7,140163.6,88760.4,450.8,27.8,3.8,786,24.3,7.0,1510,1751,2246,1998,1509,1751,2245,1997,5726,447
1774336857,3,1162890.0,1078488.4,196390.4,183878.8,56768.9,59096.4,80082.8,139605.2,88704.0,492.6,27.8,3.8,858,24.3,7.0,1509,1750,2244,1997,1508,1750,2244,1996,5723,447
1774337159,3,1152501.6,1067687.9,194219.1,182784.1,56470.4,58751.3,80020.6,139481.5,88649.8,531.7,27.8,3.8,924,24.3,7.0,1509,1750,2245,1997,1508,1750,2243,1996,5723,447
1774337457,3,1146353.6,1061104.2,193357.0,181887.3,56077.9,58605.0,79743.1,137998.3,88598.5,579.0,27.8,3.9,926,24.3,7.0,1509,1750,2244,1997,1508,1749,2243,1996,5726,447
1774337757,3,1134149.0,1051653.8,192274.3,180658.7,55929.7,58216.2,79364.9,137873.9,88549.7,622.2,27.8,3.8,990,24.3,7.0,1509,1750,2245,1997,1509,1750,2244,1997,5727,447
1774338059,3,1128582.9,1046395.9,190519.0,179919.6,55649.3,57972.0,79255.8,137757.5,88502.5,662.1,27.7,3.8,1043,24.3,7.1,1509,1750,2244,1997,1508,1749,2243,1996,5727,447
1774338357,3,1119686.5,1040951.4,189955.4,179086.5,55403.3,57739.1,78723.7,137468.4,88456.9,702.5,27.8,3.8,1113,24.2,7.0,1510,1751,2245,1998,1509,1750,2244,1997,5729,447
1774338657,3,1114365.6,1033786.8,189297.3,177846.9,55196.3,57674.4,78519.2,136707.0,88414.1,745.8,27.8,3.8,1131,24.3,7.1,1507,1749,2243,1996,1507,1749,2243,1996,5723,447
1774338959,3,1102529.4,1022884.3,187735.6,177094.8,54979.0,57358.0,78287.6,136377.9,88372.7,789.9,27.7,3.8,1224,24.2,7.0,1508,1750,2245,1997,1507,1749,2243,1996,5722,447
1774339259,3,1097079.0,1016028.3,186436.8,176375.6,54827.7,57153.8,78170.3,136088.2,88333.5,840.2,27.8,3.9,1251,24.2,7.1,1508,1750,2244,1996,1507,1749,2244,1996,5723,447
1774339557,3,1090335.6,1008194.8,185259.6,175152.1,54621.5,56847.0,78053.5,135827.1,88297.6,885.8,27.7,3.9,1311,24.2,7.1,1507,1749,2243,1996,1506,1749,2243,1996,5721,447
1774339857,3,1083189.2,1003527.6,184854.8,174293.5,54418.9,56590.7,77732.8,135901.8,88262.4,942.0,27.7,3.9,1373,24.2,7.1,1509,1750,2245,1997,1508,1750,2244,1997,5724,447
1774340159,3,1079581.5,1001416.3,184588.1,174057.4,54230.0,56551.2,77190.8,134984.4,88229.2,979.3,27.7,3.9,1456,24.2,7.1,1509,1750,2245,1997,1508,1749,2244,1997,5724,447
1774340457,3,1077098.8,996484.4,183636.0,173260.8,53967.1,56294.9,77109.3,135096.7,88197.4,1015.0,27.7,3.9,1506,24.2,7.1,1509,1750,2245,1998,1005,1166,1496,1331,3815,298
1774340757,3,1071297.8,993284.7,183163.2,172627.5,53860.6,56140.5,76875.3,134676.2,88166.5,1063.1,27.7,3.9,1523,24.2,7.1,1509,1751,2245,1998,1509,1750,2244,1996,5724,447
1774341059,3,1066883.6,985178.1,182853.5,172574.8,53702.9,55939.3,76707.8,133896.5,88137.5,1105.1,27.7,3.9,1631,24.2,7.1,1509,1751,2245,1997,1509,1749,2244,1997,5724,447
1774341657,3,1438069.0,1322202.2,230683.5,216604.1,63474.6,66042.2,86607.7,150149.7,89177.5,173.4,27.6,3.6,481,24.1,6.7,1509,1750,2244,1997,1508,1750,2244,1997,5723,447
1774341957,3,1339638.1,1240570.4,218781.0,205647.7,61385.2,63947.3,85028.4,147696.8,89107.7,219.4,27.6,3.7,509,24.1,6.8,1509,1750,2245,1997,1508,1750,2244,1997,5723,447
1774342259,3,1297451.4,1203437.9,213555.7,201424.8,60297.5,62879.9,84120.6,146511.4,89037.6,259.6,27.6,3.7,538,24.2,6.9,1509,1750,2245,1997,1509,1750,2244,1997,5723,447
1774342557,3,1270600.4,1176511.9,209964.2,197745.4,59598.4,62152.6,83250.0,145612.8,88970.7,299.0,27.7,3.7,615,24.2,6.9,1510,1751,2245,1997,1509,1750,2245,1997,5725,447
1774342857,3,1252009.9,1163969.4,207769.4,195561.7,59122.9,61678.7,82654.1,143602.6,88905.4,334.2,27.7,3.8,651,24.2,6.9,1509,1751,2246,1998,1509,1750,2244,1997,5724,447
1774343159,3,1233671.4,1140656.6,204732.5,192867.4,58631.0,61161.1,82304.6,143005.1,88842.8,371.6,27.7,3.8,698,24.2,6.9,1510,1751,2246,1998,1509,1750,2245,1997,5724,447
1774343459,3,1223912.9,1135547.0,203850.9,191432.4,58316.0,60826.9,81891.1,142450.8,88783.0,407.3,27.7,3.8,723,24.2,6.9,1510,1751,2245,1998,1509,1750,2244,1997,5724,447
1774343757,3,1212278.5,1120616.9,202238.9,190143.0,57976.3,60241.5,81671.1,142224.1,88726.2,451.8,27.7,3.8,788,24.2,7.0,1510,1751,2246,1998,1509,1750,2244,1997,5725,447
1774344057,3,1202802.4,1114668.0,201207.9,188606.0,57617.4,60003.2,81167.2,141272.6,88671.5,487.5,27.7,3.8,855,24.2,7.0,1510,1751,2246,1998,1509,1751,2245,1997,5726,447
1774344359,3,1186272.4,1098876.9,199057.5,186861.3,57316.5,59616.2,80860.3,140577.6,88618.9,538.2,27.7,3.8,899,24.2,7.0,1510,1751,2246,1998,1509,1751,2245,1998,5726,447
1774344657,3,1179913.0,1092375.4,198603.2,185936.7,57037.1,59445.4,80666.3,140412.0,88569.0,580.6,27.7,3.8,942,24.2,7.0,1510,1750,2245,1997,1509,1750,2244,1997,5724,447
1774344957,3,1167985.1,1082929.5,196902.9,184196.2,56807.5,59018.9,80255.1,140184.9,88520.4,622.2,27.7,3.8,983,24.2,7.0,1510,1752,2246,1998,1509,1751,2245,1998,5727,447
1774345259,3,1161065.4,1076088.1,195544.7,184166.6,56502.4,58851.5,79859.6,139450.3,88473.9,663.9,27.7,3.8,1064,24.2,7.0,1510,1751,2246,1998,1509,1751,2244,1997,5725,447
1774345559,3,1154579.6,1070731.0,195305.1,183387.7,56328.2,58537.6,79727.9,138735.3,88430.0,703.2,27.7,3.8,1061,24.2,7.1,1510,1751,2246,1998,1509,1751,2245,1997,5726,447
1774345857,3,1142228.4,1058970.8,193033.8,181564.5,56052.2,58359.5,79722.9,138501.3,88388.5,749.8,27.7,3.8,1167,24.2,7.1,1509,1751,2246,1998,1509,1751,2245,1997,5725,447
1774346159,3,1131560.9,1048410.1,191912.8,180371.6,55741.6,58102.1,79251.6,137853.7,88349.8,794.4,27.7,3.8,1212,24.2,7.1,1510,1751,2246,1998,1509,1751,2245,1997,5726,447
1774346459,3,1128492.9,1045215.6,191324.2,179842.1,55576.9,57862.2,78897.3,137496.8,88312.5,840.4,27.7,3.8,1253,24.2,7.1,1511,1752,2245,1998,1510,1750,2244,1997,5729,447
1774346757,3,1126056.9,1043989.4,190570.2,179385.8,55441.0,57572.9,78561.1,137291.2,88276.7,890.9,27.7,3.9,1331,24.2,7.1,1511,1752,2245,1999,1510,1751,2244,1997,5729,447
1774347059,3,1112721.0,1031285.2,189652.6,178172.5,55170.2,57453.5,78320.6,136898.1,88242.8,929.2,27.7,3.8,1368,24.2,7.1,1510,1752,2246,1998,1510,1751,2245,1998,5730,447
1774347359,3,1107663.0,1027379.7,188379.5,177258.4,54973.5,57197.1,78167.5,136511.8,88209.4,965.0,27.7,3.9,1404,24.2,7.1,1508,1750,2244,1997,1508,1749,2243,1997,5723,447
1774347657,3,1105086.0,1024219.0,188309.0,177089.2,54794.1,57011.0,77664.5,135955.0,88177.9,1010.3,27.7,3.9,1475,24.2,7.1,1507,1748,2243,1996,1505,1747,2241,1995,5717,446
1774347957,3,1097261.9,1016243.2,186135.5,175854.8,54652.8,56782.5,77547.4,135396.3,88146.5,1056.2,27.7,3.8,1529,24.2,7.1,1506,1748,2242,1995,1505,1747,2241,1995,5718,446
1774348259,3,1094038.5,1014482.1,186080.4,175641.8,54513.8,56739.6,77494.2,135392.5,88117.2,1102.7,27.7,3.9,1615,24.2,7.1,1510,1752,2246,1998,1509,1750,2244,1996,5727,447
1774348859,3,1461098.9,1348958.5,234282.5,219790.0,64156.0,66899.4,87300.6,151522.6,89129.9,178.7,27.6,3.6,480,24.1,6.7,1506,1749,2243,1996,1506,1749,2242,1995,5718,446
1774349159,3,1378184.1,1270174.6,223371.9,209910.7,62070.0,64581.4,85667.8,148824.2,89058.8,225.8,27.6,3.7,478,24.1,6.8,1507,1748,2243,1996,1506,1748,2242,1995,5720,446
1774349457,3,1334694.6,1229348.4,217112.2,204254.7,60950.0,63437.6,84936.5,147831.0,88988.5,253.7,27.7,3.7,525,24.1,6.9,1507,1749,2244,1996,1506,1748,2243,1996,5720,446
1774349757,3,1301515.0,1204000.4,213504.1,201503.5,60152.8,62703.2,84143.3,146584.4,88919.8,290.6,27.7,3.7,600,24.2,6.9,1507,1748,2243,1996,1506,1748,2242,1995,5718,446
1774350059,3,1276322.9,1182581.4,210447.7,198268.8,59644.9,62170.7,83638.2,145513.0,88853.5,335.7,27.7,3.7,628,24.2,6.9,1507,1748,2243,1995,1506,1748,2242,1995,5718,446
1774350357,3,1262056.4,1167094.0,208520.9,196567.2,59196.6,61761.1,82891.9,144708.8,88790.0,371.0,27.7,3.7,705,24.2,6.9,1507,1749,2243,1996,1506,1749,2242,1995,5720,446
1774350657,3,1247420.1,1154808.6,206724.4,194120.1,58902.9,61328.7,82565.3,144414.3,88729.1,406.5,27.7,3.8,707,24.2,7.0,1507,1749,2243,1996,1506,1748,2243,1995,5720,446
1774350959,3,1245493.6,1153326.1,206380.4,193834.1,58597.9,61008.1,82238.0,143131.0,88670.7,448.6,27.7,3.8,774,24.2,7.0,1507,1749,2244,1996,1506,1748,2243,1996,5721,447
1774351259,3,1226049.4,1137267.6,204160.8,191952.7,58209.6,60679.9,81804.2,143090.6,88613.7,487.5,27.7,3.8,816,24.2,7.0,1507,1749,2243,1996,1506,1748,2242,1995,5720,447
1774351557,3,1219727.0,1132503.9,203345.5,190693.7,58054.8,60274.9,81607.0,142349.6,88559.3,539.7,27.7,3.8,892,24.2,7.0,1507,1748,2243,1995,1506,1748,2242,1995,5718,446
1774351857,3,1206011.4,1117416.4,202129.0,189343.6,57647.4,59901.8,81228.6,141726.6,88507.9,580.5,27.7,3.8,907,24.2,7.1,1507,1749,2243,1995,1506,1748,2242,1995,5720,446
1774352159,3,1197942.5,1110893.6,200338.4,188163.9,57376.9,59766.7,80787.1,141053.1,88458.6,613.0,27.7,3.8,959,24.2,7.0,1506,1748,2243,1995,1506,1748,2242,1995,5720,446
1774352457,3,1190945.0,1102792.4,199368.6,187029.5,57084.7,59370.0,80569.9,140661.5,88411.8,647.3,27.7,3.8,1029,24.2,7.0,1508,1750,2244,1997,1508,1750,2244,1996,5723,447
1774352757,3,1180751.6,1094685.4,198646.8,186415.8,56919.7,59301.4,80532.8,140419.4,88367.0,690.8,27.7,3.8,1046,24.2,7.1,1509,1750,2245,1997,1508,1750,2243,1996,5724,447
1774353059,3,1177930.4,1090314.5,197825.7,185379.7,56733.8,58961.9,80092.8,139917.0,88325.4,736.4,27.7,3.8,1123,24.2,7.0,1509,1750,2245,1997,1508,1749,2243,1996,5722,447
1774353359,3,1167254.6,1081004.5,197077.8,184693.4,56467.1,58771.3,79811.7,139071.6,88285.3,779.2,27.7,3.8,1173,24.2,7.1,1508,1750,2243,1997,1507,1749,2243,1996,5723,447
1774353657,3,1161750.1,1076843.1,195367.7,183275.0,56204.3,58474.3,79672.6,138463.9,88246.0,819.1,27.7,3.8,1271,24.2,7.1,1509,1751,2245,1998,1508,1750,2244,1997,5725,447
1774353957,3,1152524.4,1066738.4,194562.8,182457.1,56103.6,58312.2,79458.5,138305.1,88207.4,861.0,27.7,3.8,1251,24.2,7.1,1509,1750,2244,1997,1508,1750,2243,1996,5724,447
1774354259,3,1147510.5,1063447.1,193867.9,181931.3,55915.2,58143.0,79137.4,138707.1,88170.2,903.8,27.7,3.8,1336,24.2,7.1,1509,1751,2246,1998,1509,1750,2244,1997,5726,447
1774354557,3,1137724.9,1055501.6,192677.1,180859.6,55667.2,57856.2,79265.2,137501.2,88134.6,950.4,27.7,3.9,1404,24.2,7.1,1510,1751,2245,1998,1509,1750,2245,1997,5726,447
1774354857,3,1137688.1,1054693.1,192424.5,180393.0,55531.7,57751.7,79077.1,137186.5,88100.9,999.6,27.7,3.8,1441,24.2,7.1,1510,1752,2246,1999,1509,1751,2245,1997,5727,447
1774355157,3,1129625.6,1043377.2,190345.4,179186.2,55321.6,57533.2,78536.0,137223.1,88068.5,1046.1,27.7,3.8,1485,24.2,7.1,1510,1751,2245,1998,1509,1750,2245,1997,5727,447
1774355459,3,1124334.1,1041545.2,190666.6,178866.4,55192.1,57482.2,78363.0,137012.5,88037.1,1084.5,27.7,3.9,1549,24.2,7.1,1509,1750,2244,1997,1509,1750,2244,1997,5727,447
1774356057,3,1501587.5,1390348.4,238867.8,224730.4,64996.3,67547.4,88038.1,152872.1,88950.9,175.3,27.6,3.6,425,24.0,6.8,1510,1752,2245,1998,1509,1751,2245,1997,5726,447
1774356359,3,1408162.5,1296732.5,227997.0,213051.1,62882.5,65402.7,86399.4,150524.6,88885.2,213.2,27.6,3.6,478,24.1,6.8,1510,1751,2245,1998,1509,1750,2244,1997,5725,447
1774356659,3,1365352.4,1264842.5,222611.2,208815.0,61732.0,64139.3,85509.1,149254.8,88819.3,257.9,27.6,3.7,519,24.1,6.9,1509,1751,2246,1998,1509,1750,2244,1997,5725,447
1774356957,3,1334542.6,1234156.5,218415.2,204841.8,61064.3,63492.6,84891.6,148326.6,88755.3,290.4,27.6,3.7,577,24.1,6.9,1510,1751,2244,1998,1509,1750,2244,1997,5726,447
1774357257,3,1313130.5,1216989.6,215480.1,202911.2,60417.4,62878.4,84406.1,146937.5,88693.1,323.0,27.6,3.7,613,24.1,7.0,1511,1752,2246,1998,1509,1751,2244,1998,5729,447
1774357557,3,1299137.9,1200169.0,212691.9,200483.2,59999.3,62419.4,83905.7,146544.4,88633.4,360.3,27.7,3.7,656,24.1,7.0,1510,1752,2246,1998,1509,1751,2244,1997,5728,447
1774357857,3,1283699.9,1186474.4,211366.6,199357.0,59601.6,61937.3,83254.4,145818.3,88577.2,399.7,27.7,3.8,690,24.1,7.0,1510,1751,2245,1997,1509,1750,2245,1997,5724,447
1774358157,3,1272139.9,1177690.4,209646.8,197651.4,59247.9,61596.2,82963.5,145115.5,88523.8,438.9,27.7,3.8,753,24.2,7.0,1510,1751,2246,1998,1509,1751,2246,1998,5728,447
1774358459,3,1264051.6,1167463.9,208295.5,196058.6,58982.5,61279.8,82519.5,144436.9,88471.2,478.4,27.7,3.8,825,24.2,7.1,1510,1751,2245,1998,1509,1750,2244,1997,5726,447
1774358759,3,1247342.6,1155410.6,207473.0,195103.4,58585.4,60846.2,82248.0,143629.9,88422.1,526.9,27.7,3.8,878,24.2,7.0,1509,1751,2245,1998,1508,1750,2244,1997,5725,447
1774359057,3,1233915.5,1137869.0,204752.3,192196.2,58213.4,60671.4,81938.7,143070.9,88375.7,558.4,27.7,3.8,939,24.2,7.0,1510,1751,2244,1998,1509,1750,2243,1997,5728,447
1774359357,3,1225626.0,1132077.6,204159.6,191466.8,58010.8,60263.0,81602.3,142535.0,88331.7,603.3,27.7,3.8,933,24.2,7.1,1509,1750,2245,1997,1508,1750,2243,1997,5728,447
1774359657,3,1213664.2,1126834.0,203043.9,190720.7,57781.3,60021.7,81349.3,141662.4,88288.9,650.5,27.7,3.8,1005,24.2,7.1,1509,1750,2244,1997,1509,1750,2243,1997,5728,447
1774359959,3,1206639.5,1117732.0,202140.8,190033.8,57547.5,59772.3,81053.3,141426.8,88248.2,696.2,27.7,3.8,1078,24.2,7.1,1509,1750,2243,1997,1508,1749,2243,1996,5725,447
1774360259,3,1203596.6,1112121.4,200437.1,187917.6,57307.5,59505.2,80753.3,140595.2,88209.8,730.3,27.7,3.8,1062,24.2,7.1,1508,1749,2244,1997,1508,1749,2242,1996,5724,447
1774360557,3,1189971.9,1101991.6,199276.8,186779.8,57088.0,59259.3,80515.1,140341.1,88173.2,774.8,27.7,3.8,1149,24.2,7.1,1507,1748,2242,1996,1506,1748,2242,1995,5720,447
1774360857,3,1186316.6,1098946.4,198957.8,186218.4,56863.1,59114.0,80351.8,139764.8,88138.7,824.1,27.7,3.8,1223,24.2,7.1,1507,1749,2243,1996,1506,1748,2243,1995,5721,446
1774361159,3,1177234.1,1091187.0,197629.7,185544.5,56624.0,58918.5,80050.8,139663.6,88105.3,862.0,27.7,3.8,1273,24.2,7.1,1507,1750,2244,1997,1506,1748,2242,1995,5721,447
1774361459,3,1169591.4,1083565.1,196888.4,184752.7,56456.2,58690.5,79798.4,139526.8,88071.9,910.5,27.7,3.8,1344,24.2,7.1,1507,1749,2244,1996,1506,1749,2243,1996,5722,447
1774361759,3,1165490.0,1079598.4,196770.5,184445.8,56294.3,58538.6,79525.2,138834.7,88039.8,952.2,27.7,3.8,1364,24.2,7.1,1507,1749,2244,1996,1507,1749,2243,1996,5723,446
1774362057,3,1158898.1,1075345.9,195532.3,183668.5,56118.4,58349.1,79401.3,138532.3,88008.6,992.1,27.7,3.8,1418,24.2,7.1,1507,1749,2244,1997,1507,1749,2243,1995,5722,446
1774362357,3,1152846.9,1068883.2,194500.1,182665.1,55978.9,58047.8,79236.8,137947.1,87978.4,1028.3,27.7,3.8,1484,24.2,7.1,1507,1749,2244,1996,1506,1749,2242,1995,5722,446
1774362657,3,1145591.1,1061487.4,193725.6,181890.0,55683.1,57889.5,79073.1,137521.2,87950.1,1068.2,27.7,3.8,1542,24.2,7.1,1508,1750,2245,1997,1508,1749,2244,1997,5725,447
1774363259,3,1518678.6,1406318.4,241087.8,226594.2,65090.9,67587.9,88264.6,153031.3,88965.6,167.2,27.6,3.6,465,24.0,6.8,1509,1750,2246,1998,1508,1749,2244,1997,5724,446
1774363559,3,1426429.6,1314122.9,229569.1,215079.9,63010.5,65515.6,86588.0,150950.6,88895.5,196.8,27.6,3.6,492,24.1,6.9,1509,1751,2245,1998,1508,1749,2244,1996,5722,447
1774363857,3,1384988.0,1274932.6,223759.4,209932.8,61887.2,64296.1,85693.3,149165.1,88825.5,238.8,27.6,3.6,520,24.1,6.9,1509,1751,2246,1998,1508,1750,2244,1997,5724,447
1774364159,3,1357204.0,1250905.9,220383.0,206852.9,61238.4,63652.4,85074.2,148372.3,88758.4,274.2,27.6,3.7,561,24.1,6.9,1509,1751,2246,1998,1508,1750,2245,1997,5725,447
1774364459,3,1337700.0,1231275.0,217365.8,204230.8,60604.2,63115.3,84504.2,147569.6,88694.0,316.1,27.6,3.7,615,24.1,6.9,1509,1751,2245,1997,1508,1750,2244,1997,5725,447
1774364757,3,1316954.4,1216249.1,215242.1,202752.1,60255.9,62712.6,84144.6,146401.7,88631.7,344.4,27.6,3.7,623,24.1,7.0,1509,1751,2247,1998,1509,1751,2246,1998,5727,447
1774365059,3,1306134.1,1204043.5,213808.5,200999.1,59797.1,62276.3,83551.9,146181.2,88571.4,392.3,27.6,3.7,716,24.1,7.0,1510,1751,2246,1998,1509,1751,2246,1998,5728,447
1774365359,3,1288106.1,1192296.1,212137.1,199619.6,59473.9,61759.1,83187.9,145543.4,88513.8,426.5,27.7,3.7,745,24.1,7.0,1509,1751,2246,1998,1508,1750,2245,1998,5726,447
1774365657,3,1278391.4,1181507.1,210385.0,197868.8,59180.3,61538.1,82731.5,144675.2,88459.0,468.6,27.6,3.7,777,24.1,7.0,1509,1751,2246,1999,1509,1750,2245,1997,5727,447
1774365959,3,1262722.1,1169607.0,208941.4,196609.8,58782.0,61037.9,82533.8,144321.1,88406.5,510.3,27.6,3.8,854,24.2,7.1,1509,1751,2246,1998,1508,1750,2245,1997,5726,447
1774366259,3,1252815.1,1160194.1,207018.9,194563.0,58570.3,60794.6,82139.0,143869.5,88355.3,543.5,27.6,3.7,900,24.1,7.1,1509,1751,2245,1998,1508,1750,2244,1997,5726,447
1774366557,3,1243188.9,1153066.6,206186.1,193903.9,58254.2,60483.9,81985.2,142626.0,88306.9,591.7,27.7,3.8,913,24.1,7.1,1509,1752,2246,1998,1509,1751,2245,1998,5728,447
1774366857,3,1233883.0,1146820.1,205010.6,192684.4,58107.8,60337.8,81665.2,142057.4,88261.3,625.6,27.7,3.8,980,24.1,7.1,1510,1752,2245,1999,1509,1751,2245,1998,5728,447
1774367159,3,1226543.9,1136094.6,203668.7,190910.4,57710.8,59962.2,81314.8,142122.6,88216.6,672.3,27.7,3.8,1046,24.1,7.1,1510,1751,2247,1999,1509,1750,2244,1998,5727,447
1774367457,3,1214957.4,1125441.0,202442.0,190162.3,57514.1,59727.6,81032.8,141547.1,88174.3,714.5,27.7,3.8,1080,24.1,7.1,1510,1752,2246,1999,1510,1751,2245,1999,5730,447
1774367757,3,1210676.0,1121202.5,201357.5,189343.7,57309.6,59543.0,80845.6,141404.9,88133.8,754.4,27.7,3.8,1123,24.1,7.1,1509,1751,2245,1998,1509,1751,2245,1998,5729,447
1774368059,3,1203531.4,1113792.4,201504.2,188249.9,57205.9,59379.8,80622.1,140320.4,88095.2,797.1,27.7,3.8,1205,24.1,7.1,1507,1750,2245,1997,1506,1749,2243,1996,5722,447
1774368357,3,1198420.4,1111639.5,200679.6,187648.9,56919.8,59101.1,80432.8,140071.4,88057.2,837.2,27.7,3.8,1245,24.2,7.1,1508,1750,2245,1997,1507,1749,2244,1996,5725,447
1774368659,3,1191284.9,1103428.1,199105.5,186744.1,56639.5,58917.6,80366.5,139521.4,88021.0,879.9,27.7,3.8,1308,24.2,7.1,1509,1750,2246,1998,1508,1750,2244,1997,5726,447
1774368959,3,1185645.9,1096568.4,198274.7,185859.1,56477.2,58645.6,79882.7,139511.4,87986.9,918.8,27.7,3.8,1327,24.2,7.1,1508,1750,2246,1998,1508,1750,2245,1997,5726,447
1774369257,3,1177098.0,1091594.0,197927.3,185385.4,56341.5,58391.8,79805.2,139500.3,87954.1,963.4,27.7,3.8,1378,24.2,7.2,1509,1751,2246,1998,1509,1751,2246,1998,5728,447
1774369559,3,1171575.6,1084907.6,196630.9,184302.0,56251.7,58315.6,79503.7,138751.4,87923.3,1000.1,27.7,3.9,1453,24.1,7.1,1509,1751,2247,1999,1508,1750,2245,1997,5726,447
1774369859,3,1163704.1,1077358.4,195869.5,183539.1,56080.3,58164.9,79438.2,138321.5,87893.7,1058.2,27.7,3.8,1489,24.2,7.1,1510,1752,2247,1998,1509,1751,2245,1998,5730,447
1774370457,3,1573665.9,1449752.0,247173.3,232842.4,66315.1,68802.3,89357.9,155014.9,88890.2,173.8,27.5,3.5,413,24.0,6.8,1510,1751,2246,1997,1509,1750,2245,1997,5727,447
1774370759,3,1469323.5,1357208.9,234771.0,220330.0,63865.0,66577.9,87795.9,152810.2,88820.4,204.4,27.6,3.6,442,24.1,6.9,1510,1751,2246,1999,1510,1751,2246,1998,5730,447
1774371059,3,1422753.9,1316883.0,229227.0,215617.2,62809.0,65410.1,86709.7,151008.1,88752.9,238.2,27.6,3.7,516,24.1,6.9,1510,1751,2246,1998,1509,1751,2245,1998,5728,447
1774371357,3,1396209.8,1283401.4,225437.2,210877.7,62180.7,64646.9,86023.4,150101.0,88685.8,281.8,27.6,3.7,574,24.1,7.0,1509,1752,2246,1998,1509,1750,2245,1997,5727,447
1774371657,3,1377803.5,1267012.9,222805.3,209589.4,61776.2,64148.4,85406.9,149351.6,88621.2,313.5,27.6,3.7,598,24.1,7.0,1509,1751,2246,1998,1509,1750,2245,1997,5727,447
1774371959,3,1353145.9,1252380.1,220694.6,207269.7,61148.4,63460.0,84938.3,148421.6,88559.9,349.8,27.6,3.7,682,24.1,7.0,1509,1751,2246,1998,1508,1750,2245,1997,5727,447
1774372259,3,1341213.9,1235179.1,217617.0,205008.0,60710.8,63162.8,84535.9,147616.2,88500.9,387.9,27.7,3.8,657,24.1,7.0,1509,1751,2247,1998,1509,1751,2246,1998,5729,447
1774372557,3,1326685.0,1225447.4,216923.1,203880.0,60443.1,62796.5,84306.7,147235.4,88443.9,428.8,27.6,3.7,727,24.1,7.0,1509,1751,2246,1998,1508,1751,2245,1997,5727,447
1774372857,3,1311483.9,1212784.2,214380.2,201614.9,59970.7,62415.6,83714.0,146306.5,88389.8,461.6,27.6,3.7,785,24.2,7.1,1509,1751,2246,1997,1509,1750,2245,1997,5726,447
1774373159,3,1304805.4,1206305.6,213464.5,201420.2,59687.0,62103.5,83467.2,146260.7,88338.2,502.4,27.7,3.8,843,24.2,7.1,1510,1752,2247,1998,1509,1751,2246,1998,5729,447
1774373459,3,1291701.6,1191177.6,211438.5,199451.2,59459.6,61643.6,82952.7,145368.9,88289.1,540.6,27.7,3.8,860,24.2,7.0,1511,1753,2247,1999,1510,1752,2247,1999,5734,448
1774373757,3,1278210.6,1183224.6,210790.0,198490.7,59204.1,61445.1,82583.6,144005.0,88242.3,584.6,27.7,3.8,953,24.2,7.1,1510,1752,2246,1998,1509,1751,2245,1998,5730,447
1774374057,3,1267317.5,1176252.6,209527.7,197451.5,58888.1,61091.1,82631.3,144363.5,88197.9,630.2,27.7,3.8,965,24.1,7.1,1511,1752,2245,1999,1510,1751,2245,1997,5730,447
1774374359,3,1263870.4,1168887.9,208813.9,196155.1,58656.6,60899.1,82466.8,143821.7,88155.9,664.1,27.7,3.8,1033,24.1,7.1,1510,1752,2246,1999,1509,1751,2245,1998,5730,447
1774374657,3,1248481.9,1157645.9,207531.2,194795.3,58388.1,60658.3,81925.4,143069.3,88116.5,699.3,27.7,3.8,1081,24.2,7.1,1511,1753,2247,2000,1510,1752,2247,1999,5733,448
1774374957,3,1244316.5,1153400.5,206898.2,194363.3,58240.8,60380.6,81582.6,142716.3,88079.0,751.4,27.7,3.8,1103,24.2,7.1,1511,1752,2246,1999,1511,1751,2246,1998,5734,448
1774375259,3,1237492.0,1146522.1,205889.1,193334.8,57974.6,60255.2,81493.3,141952.9,88042.8,794.8,27.7,3.8,1195,24.2,7.1,1511,1753,2247,1999,1510,1751,2246,1999,5733,448
1774375559,3,1232959.0,1137287.5,204424.0,191943.8,57837.4,60019.3,81361.4,141802.0,88007.9,835.3,27.7,3.8,1218,24.2,7.2,1511,1752,2248,2000,1510,1752,2246,1998,5733,448
1774375857,3,1222659.5,1131103.4,203237.2,190713.1,57540.0,59852.3,81301.4,141323.6,87974.9,875.7,27.7,3.8,1249,24.2,7.2,1511,1752,2247,1999,1510,1752,2246,1999,5733,447
1774376157,3,1217957.6,1128651.5,203375.0,190370.5,57378.1,59598.8,80850.9,141156.6,87944.6,916.7,27.7,3.8,1301,24.2,7.2,1511,1752,2247,1999,1510,1752,2247,1998,5734,448
1774376457,3,1206720.9,1112926.4,201547.4,188881.5,57087.8,59352.6,80918.4,140456.6,87917.5,960.2,27.7,3.8,1374,24.2,7.2,1510,1753,2247,1999,1510,1752,2247,1998,5732,448
1774376759,3,1201316.4,1112393.1,200767.1,188195.7,56947.1,59067.0,80430.8,140437.8,87892.3,1006.4,27.7,3.8,1401,24.2,7.1,1510,1751,2245,1999,1509,1751,2245,1998,5733,448
1774377059,3,1193751.6,1105986.6,200156.2,187279.9,56772.0,58828.8,80364.0,140435.5,87868.9,1048.1,27.7,3.8,1461,24.2,7.2,1510,1751,2245,1998,1509,1750,2245,1998,5732,447
1774377657,3,1599966.4,1476891.4,250432.8,235863.1,66767.8,69220.1,89937.4,156402.7,88989.1,171.0,27.6,3.5,440,24.1,6.8,1509,1750,2246,1998,1508,1750,2245,1997,5727,447
1774377959,3,1496857.1,1385301.9,238219.8,223741.0,64440.2,66947.2,88073.5,153526.2,88920.3,197.5,27.6,3.6,478,24.1,6.9,1509,1751,2247,1998,1508,1750,2245,1997,5727,447
1774378259,3,1447100.1,1332014.1,231893.9,217646.8,63235.2,65741.1,86898.3,152375.1,88851.4,240.8,27.7,3.7,510,24.2,7.0,1509,1751,2246,1998,1508,1750,2245,1997,5728,447
1774378557,3,1416236.9,1300995.4,227981.3,213297.1,62358.4,65058.4,86511.4,150475.8,88785.4,279.8,27.7,3.7,559,24.2,7.0,1509,1751,2246,1998,1509,1750,2245,1997,5728,447
1774378857,3,1395623.4,1284845.5,225345.6,211173.7,61969.7,64498.1,85804.6,149592.2,88722.4,315.5,27.7,3.7,582,24.2,7.0,1509,1751,2246,1998,1508,1751,2245,1997,5729,447
1774379157,3,1370383.4,1268175.4,222532.9,209050.6,61332.2,63894.0,85137.7,149036.9,88661.7,351.3,27.8,3.7,660,24.2,7.0,1509,1752,2246,1998,1509,1751,2245,1998,5730,447
1774379459,3,1349280.6,1248100.1,220171.8,206495.1,60918.2,63306.8,84566.0,147928.5,88603.8,392.0,27.8,3.7,698,24.3,7.1,1510,1751,2246,1998,1509,1750,2246,1997,5729,447
1774379759,3,1333922.4,1231523.1,217619.9,204757.6,60488.2,62890.8,84216.4,147768.9,88549.3,425.0,27.8,3.8,708,24.3,7.1,1510,1752,2246,1999,1510,1751,2246,1998,5731,447
1774380057,3,1324658.9,1224013.0,216398.2,203825.6,60139.2,62475.6,83875.3,146330.6,88497.5,460.3,27.8,3.8,768,24.3,7.1,1510,1751,2245,1998,1510,1751,2245,1998,5732,447
1774380357,3,1309076.0,1208232.4,214675.9,201808.6,59784.7,62002.2,83217.1,145949.4,88449.0,511.3,27.8,3.8,800,24.3,7.1,1510,1751,2246,1998,1509,1751,2246,1998,5730,447
1774380657,3,1293176.6,1196342.5,212326.8,200010.1,59323.4,61722.2,82885.0,145094.0,88403.2,546.0,27.9,3.8,894,24.4,7.1,1510,1752,2247,1999,1510,1751,2246,1998,5732,447
1774380959,3,1274874.1,1180933.1,210374.7,198219.8,58856.4,61397.2,82502.0,144191.8,88359.7,582.9,27.9,3.8,922,24.4,7.1,1510,1751,2247,1999,1509,1751,2246,1998,5732,447
1774381259,3,1264161.0,1170066.1,209169.5,196110.2,58670.3,60856.8,82033.4,143907.9,88319.1,622.5,27.9,3.8,967,24.4,7.2,1510,1752,2246,1998,1509,1751,2245,1997,5734,448
1774381557,3,1254940.4,1163783.8,207865.3,195334.6,58315.3,60603.0,81662.5,143230.8,88278.6,661.1,27.9,3.8,1007,24.4,7.2,1511,1751,2245,1998,1509,1751,2245,1998,5733,448
1774381857,3,1242705.9,1154229.9,206483.1,193976.9,58011.6,60310.3,81587.2,142414.6,88242.0,707.3,27.9,3.8,1060,24.4,7.2,1510,1752,2246,1999,1510,1751,2244,1998,5733,447
1774382157,3,1233161.6,1138839.9,204726.0,191604.8,57800.2,60119.1,81139.2,141332.0,88207.1,744.8,28.0,3.8,1099,24.5,7.2,1510,1751,2245,1998,1509,1751,2245,1997,5734,447
1774382459,3,1224622.0,1134092.1,203735.4,191138.2,57566.3,59793.4,80521.8,141248.3,88173.2,790.5,28.0,3.8,1191,24.5,7.2,1509,1751,2245,1997,1508,1749,2243,1996,5728,447
1774382759,3,1211338.4,1120497.4,202345.5,189545.8,57272.6,59478.8,80471.7,140378.8,88141.9,829.0,28.0,3.8,1253,24.5,7.2,1509,1750,2245,1997,1509,1750,2244,1996,5729,447
1774383057,3,1204958.6,1113204.0,201224.0,188818.1,57155.6,59139.8,80119.2,140054.0,88113.0,879.8,28.0,3.8,1289,24.5,7.2,1510,1751,2246,1998,1509,1751,2245,1998,5731,447
1774383357,3,1193582.0,1104765.9,199908.9,186917.4,56622.0,58927.5,79897.7,139603.6,88084.2,909.9,28.0,3.8,1308,24.5,7.2,1510,1751,2245,1998,1510,1751,2244,1997,5733,447
1774383659,3,1183354.4,1093812.0,198904.7,185810.7,56467.2,58663.3,79464.1,139021.3,88057.7,952.8,28.0,3.8,1406,24.5,7.2,1510,1752,2246,1998,1509,1751,2245,1997,5732,448
1774383959,3,1176068.9,1089173.6,198162.2,185267.4,56241.5,58455.8,79056.7,138389.6,88032.9,996.8,28.1,3.8,1447,24.6,7.3,1511,1752,2246,1998,1509,1751,2245,1997,5731,447
1774384257,3,1173222.6,1084799.9,196693.6,184457.0,56072.8,58186.5,79062.6,138399.1,88009.6,1038.2,28.1,3.9,1502,24.6,7.3,1510,1752,2246,1998,1510,1751,2246,1998,5734,448
1774384859,3,1564089.4,1443520.0,245943.5,231599.0,65868.2,68276.8,88575.5,153614.7,89046.2,161.7,28.0,3.5,432,24.5,6.9,1509,1750,2245,1997,1508,1749,2244,1997,5725,447
1774385159,3,1457739.0,1347600.0,234299.4,220005.6,63389.1,66027.8,86795.6,151288.5,88980.6,207.9,28.0,3.6,528,24.5,7.0,1509,1751,2246,1998,1508,1750,2244,1997,5727,447
1774385457,3,1415117.5,1305978.1,228241.1,213848.4,62369.4,64716.8,85573.6,149613.0,88915.2,247.3,28.1,3.7,529,24.6,7.0,1508,1750,2245,1997,1508,1750,2244,1997,5728,447
1774385757,3,1378209.0,1271993.4,224190.9,209577.6,61612.4,64039.4,84950.3,148203.8,88851.7,287.9,28.1,3.7,545,24.6,7.1,1509,1751,2245,1998,1508,1750,2244,1997,5727,447
1774386059,3,1357632.6,1249127.9,220789.9,206940.5,60953.1,63490.0,84240.9,147742.9,88791.0,320.5,28.1,3.7,599,24.6,7.1,1510,1751,2246,1998,1509,1751,2245,1998,5730,447
1774386359,3,1336407.9,1235467.0,219371.6,204765.7,60437.7,62857.8,83858.7,146474.1,88733.2,353.9,28.1,3.7,621,24.6,7.2,1508,1751,2244,1997,1508,1750,2244,1996,5725,447
1774386657,3,1324484.9,1221080.4,216261.4,202910.6,59980.7,62320.9,83238.8,145790.9,88676.9,398.4,28.1,3.8,691,24.6,7.2,1509,1751,2246,1998,1508,1750,2245,1997,5727,447
1774386957,3,1306781.6,1206423.6,213759.6,200996.0,59780.4,61907.1,82672.2,144982.7,88624.3,440.5,28.2,3.7,708,24.7,7.2,1508,1751,2245,1997,1508,1750,2245,1997,5727,447
1774387259,3,1292434.6,1193100.4,211967.5,199397.7,59279.4,61578.6,82263.8,144260.8,88573.8,474.4,28.2,3.8,817,24.7,7.2,1509,1750,2245,1997,1508,1750,2245,1997,5728,447
1774387559,3,1276111.1,1180471.5,210675.0,198195.5,59012.7,61338.4,81969.1,143412.8,88525.2,515.5,28.2,3.8,789,24.7,7.2,1509,1751,2246,1997,1508,1751,2245,1997,5729,447
1774387857,3,1261922.6,1168794.1,209056.5,196131.7,58560.2,60890.0,81766.1,142271.6,88478.0,559.5,28.2,3.8,871,24.7,7.2,1509,1751,2245,1997,1508,1750,2244,1996,5727,447
1774388157,3,1246670.0,1154775.0,207198.6,194489.3,58207.8,60491.6,81353.5,141515.9,88433.6,594.7,28.2,3.8,951,24.7,7.2,1509,1751,2245,1998,1508,1750,2245,1997,5729,447
1774388459,3,1239255.1,1147514.5,206013.8,193278.8,57923.3,60224.8,80849.0,141166.3,88391.5,633.9,28.2,3.8,991,24.7,7.3,1509,1751,2246,1997,1508,1749,2244,1996,5726,447
1774388757,3,1224986.0,1134572.9,204254.7,191415.4,57600.4,59884.0,80475.8,141024.3,88352.4,680.4,28.2,3.8,1038,24.7,7.3,1508,1750,2245,1997,1508,1750,2244,1996,5727,447
1774389057,3,1215051.6,1124666.0,203220.7,190034.1,57333.0,59529.0,80419.5,140485.4,88312.8,730.3,28.2,3.8,1079,24.7,7.2,1509,1751,2245,1997,1508,1750,2244,1996,5727,447
1774389359,3,1208057.6,1117000.6,201965.4,188849.9,57049.3,59212.8,79958.0,139408.8,88275.6,767.3,28.3,3.8,1150,24.7,7.3,1509,1751,2246,1997,1508,1750,2245,1997,5727,447
1774389657,3,1197696.4,1108099.9,200767.0,187975.2,56796.4,58918.5,79628.3,139333.0,88239.4,815.5,28.3,3.8,1188,24.8,7.3,1508,1751,2245,1998,1507,1750,2244,1997,5726,447
1774389957,3,1188357.6,1099286.6,199393.5,186505.1,56679.6,58734.2,79494.6,138390.4,88205.4,856.7,28.3,3.8,1207,24.8,7.3,1508,1750,2246,1997,1508,1750,2244,1997,5726,447
1774390259,3,1181809.1,1094364.6,198982.3,185682.1,56436.1,58536.0,79139.8,138187.7,88172.1,904.5,28.3,3.8,1292,24.8,7.3,1508,1750,2245,1996,1507,1749,2243,1996,5725,446
1774390559,3,1175371.1,1088496.0,197828.1,184877.5,56126.9,58246.5,79008.1,138055.2,88141.3,937.7,28.3,3.9,1325,24.8,7.3,1509,1751,2246,1998,1508,1750,2245,1997,5727,447
1774390857,3,1169441.6,1083663.0,196293.0,183967.2,56003.1,58132.2,78491.0,137269.7,88111.9,972.5,28.3,3.8,1411,24.8,7.3,1508,1750,2245,1998,1508,1750,2245,1997,5728,447
1774391157,3,1162062.9,1075063.9,195408.1,182978.8,55828.4,57944.5,78275.4,136942.8,88084.6,1021.5,28.3,3.9,1427,24.8,7.3,1508,1750,2245,1997,1508,1750,2244,1997,5727,447
1774391459,3,1156644.5,1069814.6,194798.9,182406.2,55588.8,57701.8,77858.1,136531.0,88058.7,1063.9,28.3,3.9,1539,24.8,7.3,1508,1750,2245,1997,1508,1750,2245,1996,5728,447
1774392057,3,1550354.6,1430648.0,244643.4,229852.3,65489.3,67810.2,87939.6,152715.3,89102.0,170.0,28.2,3.6,425,24.7,6.9,1508,1751,2246,1997,1507,1750,2244,1996,5726,447
1774392357,3,1444711.4,1334018.9,231881.4,217069.2,63099.8,65584.3,86053.9,150275.2,89035.1,216.7,28.3,3.6,465,24.7,7.0,1508,1750,2245,1997,1508,1750,2243,1996,5725,447
1774392657,3,1401727.6,1291522.1,227120.8,212217.0,62115.3,64331.2,85102.2,149076.3,88969.0,250.6,28.3,3.7,538,24.8,7.1,1509,1750,2244,1997,1508,1750,2244,1997,5726,447
1774392959,3,1366785.1,1263316.0,222833.0,208707.8,61295.2,63651.7,84328.0,147790.5,88904.2,290.7,28.3,3.7,606,24.8,7.2,1509,1750,2245,1997,1508,1749,2244,1996,5726,447
1774393259,3,1340258.9,1239240.6,219461.8,205717.8,60679.7,62998.1,84106.4,146623.1,88842.4,328.3,28.3,3.8,572,24.8,7.2,1509,1751,2246,1998,1508,1750,2244,1997,5728,447
1774393557,3,1326020.1,1225728.9,217255.2,204017.6,60230.4,62544.4,83225.6,145770.1,88782.4,364.8,28.3,3.7,628,24.8,7.2,1508,1750,2245,1997,1507,1750,2244,1997,5727,447
1774393857,3,1309915.9,1211005.6,215132.1,201965.2,59688.8,62056.8,82607.8,144697.2,88724.6,398.1,28.4,3.8,693,24.8,7.2,1508,1750,2244,1997,1508,1749,2244,1996,5726,447
1774394159,3,1295557.2,1198632.5,212598.7,199959.8,59307.3,61636.0,82362.6,143701.3,88670.3,432.8,28.4,3.8,748,24.9,7.2,1508,1750,2245,1997,1507,1749,2243,1996,5724,447
1774394459,3,1289014.4,1187932.0,211538.3,198672.7,59099.0,61322.1,81879.1,143421.6,88618.6,475.9,28.4,3.8,756,24.9,7.3,1508,1750,2245,1997,1507,1750,2244,1997,5727,447
1774394757,3,1267115.9,1171257.4,209460.5,196476.5,58753.2,60962.9,81371.2,142846.5,88569.6,514.1,28.4,3.8,845,24.9,7.2,1508,1750,2245,1997,1508,1749,2244,1996,5727,447
1774395057,3,1255357.9,1163076.0,207866.0,195136.5,58316.3,60585.6,81243.6,141770.1,88522.1,564.3,28.4,3.8,879,24.9,7.3,1509,1750,2245,1998,1508,1749,2244,1996,5727,447
1774395359,3,1247026.0,1153491.5,206969.6,194317.0,58022.2,60301.1,80975.6,141301.9,88477.1,604.8,28.4,3.8,934,24.9,7.3,1508,1750,2244,1997,1508,1750,2244,1996,5726,447
1774395659,3,1232076.8,1141440.2,205488.1,192618.8,57827.1,59963.3,80722.8,140861.1,88434.3,640.6,28.4,3.8,984,24.9,7.3,1509,1750,2245,1997,1508,1749,2244,1996,5727,447
1774395959,3,1224480.5,1132620.0,204248.3,191286.9,57487.4,59708.7,80274.2,140059.0,88393.8,674.6,28.4,3.8,1029,24.9,7.3,1508,1750,2244,1997,1507,1750,2243,1996,5727,447
1774396259,3,1216600.2,1126381.5,202927.4,190037.6,57244.7,59514.4,79906.0,139731.5,88354.7,718.8,28.4,3.8,1074,24.9,7.3,1508,1749,2244,1996,1506,1749,2243,1996,5725,447
1774396557,3,1210606.1,1118823.6,201984.5,189250.1,57105.9,59291.7,79701.7,138963.4,88317.7,764.6,28.4,3.8,1149,24.9,7.3,1507,1750,2244,1997,1507,1749,2243,1996,5725,447
1774396857,3,1200505.9,1111348.8,201058.5,187741.2,56898.0,58927.6,79219.4,138792.3,88282.9,806.1,28.4,3.8,1202,24.9,7.3,1507,1749,2244,1996,1506,1748,2243,1995,5722,447
1774397157,3,1194320.1,1107330.1,199865.2,187181.6,56575.4,58785.6,79117.6,137964.8,88249.8,838.8,28.4,3.8,1234,24.9,7.3,1507,1749,2244,1997,1507,1749,2243,1996,5725,446
1774397457,3,1184819.5,1096502.2,198893.0,185955.2,56479.0,58501.6,78893.9,137837.0,88218.3,882.6,28.5,3.8,1294,25.0,7.3,1507,1750,2244,1997,1507,1750,2244,1996,5727,447
1774397757,3,1179080.1,1089306.6,197679.9,185099.1,56242.2,58349.5,78816.1,137517.0,88188.1,921.8,28.5,3.9,1378,24.9,7.4,1508,1750,2244,1997,1507,1749,2243,1995,5725,446
1774398057,3,1172240.1,1083699.0,197360.8,184366.2,56000.1,58222.7,78299.1,137266.0,88159.4,966.0,28.5,3.9,1402,24.9,7.3,1508,1750,2244,1997,1507,1749,2243,1996,5726,447
1774398357,3,1161673.1,1078416.4,195769.6,183532.7,55756.4,57908.2,77956.3,136798.4,88130.7,1008.4,28.5,3.8,1439,25.0,7.3,1508,1750,2245,1997,1507,1749,2243,1996,5726,447
1774398657,3,1155702.4,1069930.5,195072.0,182477.2,55527.5,57656.5,77701.5,136412.6,88104.0,1060.5,28.5,3.9,1466,25.0,7.4,1508,1749,2244,1996,1507,1749,2243,1996,5726,447
1774399257,3,1550898.6,1430218.1,245382.6,230578.3,65390.2,67743.0,87739.1,152307.9,89153.5,167.7,28.4,3.6,416,24.8,7.0,1508,1750,2244,1997,1507,1749,2243,1996,5726,447
1774399557,3,1451953.6,1337572.5,232681.4,217947.6,63231.9,65662.2,85767.8,149788.8,89084.9,205.3,28.4,3.7,458,24.9,7.1,1507,1749,2243,1996,1507,1749,2242,1996,5724,446
1774399857,3,1401924.0,1292130.5,227440.4,212755.7,62048.2,64516.6,84819.1,148250.5,89016.5,238.2,28.4,3.7,475,24.9,7.1,1507,1749,2244,1996,1507,1749,2242,1996,5725,447
1774400157,3,1374153.2,1268250.9,223588.4,209787.4,61474.1,63923.5,84165.3,147345.8,88950.2,270.2,28.5,3.7,534,24.9,7.2,1508,1750,2244,1996,1507,1749,2243,1996,5724,447
1774400457,3,1345868.1,1243795.4,220023.5,206136.3,60776.8,63160.9,83524.8,146403.3,88886.2,311.0,28.5,3.8,613,24.9,7.2,1507,1749,2243,1996,1507,1749,2242,1995,5722,447
1774400757,3,1328226.5,1228062.6,217581.4,204512.5,60399.7,62631.0,83330.4,145214.2,88825.5,345.2,28.5,3.8,651,24.9,7.2,1507,1749,2243,1996,1506,1748,2242,1995,5723,447
1774401057,3,1316546.6,1220244.9,216360.0,203020.9,60032.5,62292.6,82384.4,144529.4,88767.3,376.2,28.5,3.8,684,25.0,7.2,1507,1749,2243,1996,1506,1748,2242,1996,5722,447
1774401357,3,1306301.9,1208082.9,214212.0,201228.6,59662.3,61923.9,82375.2,144225.0,88710.9,416.6,28.5,3.8,722,25.0,7.3,1507,1749,2242,1996,1506,1748,2242,1995,5721,447
1774401657,3,1289961.0,1196591.4,212964.7,200146.4,59204.3,61477.4,81977.1,143097.9,88658.8,467.5,28.5,3.8,777,24.9,7.2,1508,1750,2244,1997,1506,1748,2242,1995,5723,447
1774401957,3,1281043.9,1183451.0,211173.5,198284.1,58925.5,61262.7,81672.7,142208.8,88608.8,504.8,28.5,3.8,782,25.0,7.3,1508,1749,2244,1997,1507,1749,2243,1996,5725,447
1774402259,3,1269610.1,1174260.6,210022.7,197444.5,58734.1,60880.0,81341.3,142422.5,88560.5,543.9,28.5,3.8,889,25.0,7.3,1507,1750,2244,1997,1507,1749,2243,1996,5726,447
1774402559,3,1260178.4,1166817.1,208700.3,195912.3,58375.6,60582.2,80945.2,141546.1,88514.4,583.4,28.5,3.8,930,25.0,7.3,1508,1750,2245,1997,1508,1749,2243,1996,5727,447
1774402857,3,1246805.4,1154812.9,207294.4,194504.4,58040.8,60319.7,80687.3,140960.5,88470.8,622.1,28.5,3.8,968,25.0,7.3,1508,1749,2243,1996,1507,1749,2243,1996,5726,447
1774403157,3,1243522.0,1150147.0,206305.4,193797.8,57986.6,60129.8,80466.7,140522.5,88429.5,653.6,28.5,3.8,997,25.0,7.3,1508,1749,2244,1996,1506,1749,2243,1996,5724,447
1774403459,3,1232436.1,1143305.5,205141.3,192270.4,57737.2,59759.9,80269.8,139705.3,88391.0,704.1,28.5,3.8,1094,25.0,7.4,1508,1750,2244,1997,1507,1749,2242,1995,5724,447
1774403759,3,1225593.4,1137481.1,204537.6,191636.8,57360.1,59576.3,79768.5,139355.3,88353.6,743.5,28.5,3.8,1109,25.0,7.4,1507,1749,2243,1996,1507,1749,2242,1995,5726,447
1774404057,3,1217675.0,1125253.1,203181.1,190604.1,57214.6,59347.6,79623.5,139290.4,88317.6,798.7,28.5,3.8,1135,25.0,7.4,1507,1749,2243,1996,1506,1748,2242,1995,5722,447
1774404357,3,1210594.4,1119531.9,202136.3,189418.8,56959.9,59179.6,79606.0,138660.3,88283.6,841.1,28.5,3.8,1222,25.0,7.3,1507,1750,2242,1996,1506,1748,2241,1995,5725,447
1774404659,3,1203016.5,1115457.6,201418.8,188772.9,56789.8,58966.8,79381.4,138376.8,88252.1,875.3,28.5,3.9,1288,25.0,7.4,1507,1749,2243,1996,1506,1748,2242,1995,5725,446
1774404958,3,1198182.5,1109289.5,200498.5,187765.6,56562.8,58676.4,79166.1,138208.7,88220.8,915.8,28.5,3.8,1338,25.0,7.4,1508,1749,2243,1996,1507,1750,2243,1997,5728,447
1774405257,3,1196286.9,1106298.2,199983.6,187023.2,56516.9,58656.7,78767.9,137759.6,88191.2,957.1,28.5,3.8,1362,25.0,7.4,1508,1750,2243,1996,1507,1749,2242,1995,5725,446
1774405559,3,1189004.9,1101506.1,199158.9,186165.0,56240.8,58420.2,78521.8,137379.7,88163.1,995.9,28.5,3.9,1412,25.0,7.4,1507,1749,2243,1996,1507,1749,2242,1996,5726,447
1774405857,3,1180098.0,1095178.5,197986.3,185519.1,56201.0,58139.5,78446.7,137125.6,88136.3,1041.7,28.5,3.8,1486,25.0,7.4,1507,1749,2242,1996,1506,1748,2241,1995,5725,447
1774406459,3,1577635.1,1457550.0,248704.9,233442.9,65924.6,68405.9,88185.9,153174.6,89210.2,171.0,28.4,3.5,395,24.8,7.0,1507,1749,2243,1995,1507,1748,2243,1995,5723,446
1774406757,3,1480720.9,1370753.5,236391.1,222214.5,63815.1,66238.4,86401.1,150431.6,89140.5,207.1,28.4,3.6,469,24.9,7.1,1506,1749,2243,1996,1506,1748,2242,1995,5722,446
1774407059,3,1439482.5,1324708.0,231167.3,216883.4,62775.9,65084.6,85465.9,149510.5,89072.1,250.7,28.4,3.7,522,24.9,7.2,1507,1749,2243,1996,1507,1748,2242,1995,5722,447
1774407357,3,1407198.6,1295715.5,227390.2,212627.2,61918.1,64280.6,84844.0,148191.8,89006.6,288.2,28.4,3.7,562,24.9,7.2,1508,1749,2243,1996,1507,1749,2243,1996,5724,447
1774407657,3,1386112.1,1281156.6,225064.0,210674.4,61473.6,63777.0,84488.9,147436.3,88943.1,325.8,28.5,3.7,569,25.0,7.2,1507,1749,2243,1996,1507,1749,2242,1995,5724,447
1774407959,3,1362252.5,1256806.6,221995.1,207977.5,60956.3,63258.9,83572.5,146218.4,88881.7,364.7,28.5,3.7,642,25.0,7.3,1507,1749,2243,1996,1507,1749,2243,1996,5724,446
1774408257,3,1353412.6,1249601.5,220258.0,206368.9,60521.5,62855.3,83438.9,145418.9,88824.1,398.9,28.5,3.8,665,25.0,7.3,1507,1749,2243,1996,1507,1749,2242,1996,5725,447
1774408557,3,1339613.5,1238407.5,218763.9,204948.5,60094.0,62516.0,82776.5,144663.7,88768.5,437.7,28.5,3.8,714,25.0,7.3,1507,1749,2243,1996,1506,1749,2242,1995,5723,446
1774408859,3,1321943.9,1220874.4,216731.5,203401.4,59825.8,62211.2,82410.5,144328.5,88715.3,469.3,28.5,3.8,762,25.0,7.3,1507,1749,2244,1997,1507,1748,2242,1995,5724,447
1774409157,3,1309912.9,1212905.9,214898.0,201714.4,59386.0,61695.8,82092.3,143323.2,88665.2,512.8,28.5,3.8,812,25.0,7.3,1508,1749,2243,1996,1507,1749,2243,1996,5724,447
1774409457,3,1299957.6,1200260.0,213403.2,200689.9,59205.7,61384.8,81821.9,142812.5,88618.2,544.1,28.5,3.8,863,25.0,7.3,1507,1749,2243,1996,1507,1748,2242,1995,5723,446
1774409759,3,1294265.9,1197822.9,212201.8,199553.6,58979.1,61163.0,81506.1,142460.4,88573.1,581.0,28.5,3.8,924,25.0,7.3,1508,1749,2244,1996,1506,1748,2243,1995,5724,446
1774410057,3,1283023.9,1184152.0,211086.1,198422.0,58652.4,60920.9,81339.6,141733.8,88530.2,621.2,28.5,3.8,963,25.0,7.3,1508,1750,2244,1996,1507,1749,2243,1995,5725,446
1774410357,3,1272251.1,1178756.9,210313.3,197532.6,58448.9,60585.7,80922.8,141086.2,88489.8,665.5,28.5,3.8,1016,25.0,7.4,1507,1748,2242,1995,1506,1747,2241,1994,5722,446
1774410659,3,1258617.1,1168241.4,208670.9,195975.4,58247.1,60294.7,80657.2,140787.0,88452.3,708.2,28.5,3.8,1028,25.0,7.4,1506,1748,2242,1995,1505,1748,2242,1995,5722,447
1774410957,3,1252230.6,1160807.1,207651.1,195090.1,58014.7,60068.0,80345.2,140497.6,88416.5,746.9,28.5,3.8,1093,25.0,7.4,1506,1748,2242,1995,1505,1747,2241,1995,5721,446
1774411259,3,1241792.9,1152773.1,206589.2,193805.5,57757.9,59883.0,80291.4,140091.7,88383.3,784.7,28.5,3.8,1165,25.0,7.4,1506,1748,2243,1996,1506,1748,2242,1995,5722,446
1774411559,3,1240213.9,1147183.0,205711.8,192989.7,57526.4,59632.8,79767.4,139708.0,88349.7,828.9,28.5,3.8,1203,25.0,7.4,1507,1749,2243,1996,1506,1748,2242,1996,5723,447
1774411857,3,1230956.9,1139635.6,204916.9,191543.1,57384.6,59461.1,79891.7,139241.8,88316.5,869.0,28.5,3.8,1268,25.0,7.4,1508,1749,2244,1996,1507,1749,2243,1995,5725,447
1774412159,3,1224605.6,1135500.1,203952.7,191351.3,57207.0,59345.2,79431.0,139121.3,88284.6,909.2,28.5,3.8,1316,25.0,7.4,1507,1749,2243,1996,1506,1748,2241,1995,5721,446
1774412459,3,1220040.5,1129294.6,203286.9,190792.1,57100.7,59143.2,79325.8,138699.9,88253.9,944.2,28.5,3.8,1366,25.0,7.4,1507,1749,2244,1996,1506,1747,2242,1995,5721,446
1774412757,3,1211156.0,1122578.4,202463.6,189845.0,56947.6,59091.6,79145.7,138636.1,88224.3,997.1,28.5,3.8,1443,25.0,7.4,1506,1749,2243,1995,1506,1748,2243,1995,5723,446
1774413057,3,1210199.4,1123351.0,202288.7,189442.1,56775.9,58793.8,79038.5,137977.8,88195.7,1031.7,28.5,3.8,1458,25.0,7.4,1507,1749,2244,1996,1507,1749,2243,1996,5726,447
1774413657,3,1629501.0,1504912.0,253633.7,238771.3,66884.9,69285.6,89037.2,154498.3,89285.4,159.5,28.3,3.6,429,24.8,7.0,1507,1749,2244,1996,1506,1748,2242,1995,5720,446
1774413957,3,1524634.6,1411623.1,241564.1,227433.3,64773.4,67012.7,87446.2,152152.8,89213.4,200.4,28.3,3.6,460,24.8,7.2,1508,1749,2243,1996,1506,1748,2242,1995,5722,447
1774414257,3,1484438.0,1370821.9,236153.4,221703.7,63656.4,66022.7,86499.4,150668.1,89140.5,239.8,28.3,3.7,518,24.8,7.2,1508,1749,2244,1996,1507,1748,2242,1996,5724,446
1774414559,3,1450688.0,1337296.4,233349.9,218318.0,62913.7,65362.5,85944.3,150381.6,89069.9,271.0,28.3,3.7,542,24.8,7.2,1507,1749,2243,1996,1507,1748,2242,1995,5723,446
1774414857,3,1437313.4,1325122.8,231075.2,216415.8,62603.4,64743.3,85496.9,148989.3,89002.5,302.4,28.3,3.7,585,24.8,7.2,1507,1749,2243,1996,1507,1748,2242,1996,5724,447
1774415157,3,1423146.0,1313645.6,228642.6,214592.9,62114.7,64440.3,85066.5,148796.6,88937.0,355.5,28.3,3.7,643,24.8,7.3,1508,1749,2244,1996,1507,1749,2243,1996,5724,446
1774415459,3,1406310.0,1297425.9,227758.4,213809.4,61866.0,64097.7,84792.5,148119.2,88874.2,387.1,28.3,3.7,671,24.8,7.3,1508,1749,2244,1997,1506,1748,2242,1995,5723,447
1774415759,3,1393908.4,1287504.6,226557.2,212108.4,61561.9,63710.4,84366.8,147545.9,88815.4,427.2,28.3,3.8,725,24.8,7.3,1508,1749,2244,1996,1507,1749,2243,1996,5725,447
1774416057,3,1389209.9,1281371.1,225104.0,210617.1,61369.9,63498.8,84164.8,147395.6,88759.3,459.0,28.2,3.8,747,24.7,7.3,1507,1749,2244,1996,1507,1748,2243,1995,5723,447
1774416357,3,1377116.4,1270124.6,223783.5,209723.7,61058.1,63335.7,84143.9,146407.7,88705.9,496.8,28.2,3.8,820,24.7,7.3,1508,1749,2244,1997,1506,1748,2242,1996,5724,447
1774416659,3,1367636.6,1263621.6,222285.3,208812.0,60800.8,63041.9,83574.1,146557.4,88654.8,535.6,28.2,3.7,828,24.7,7.4,1507,1749,2244,1996,1507,1748,2242,1995,5723,446
1774416957,3,1365665.4,1258341.0,221934.5,208395.4,60766.2,62939.5,83593.1,146571.5,88606.8,569.3,28.2,3.8,903,24.7,7.3,1508,1750,2244,1997,1507,1749,2243,1996,5726,447
1774417257,3,1359456.6,1255081.5,220678.2,207596.5,60542.0,62685.5,83253.1,145625.0,88561.3,600.2,28.2,3.7,908,24.7,7.3,1508,1750,2244,1997,1508,1749,2244,1997,5727,447
1774417559,3,1348005.9,1244699.9,219691.3,206102.9,60399.2,62508.3,83431.8,145549.7,88517.8,637.1,28.2,3.8,999,24.7,7.4,1508,1750,2244,1997,1507,1749,2243,1997,5726,447
1774417857,3,1341248.4,1239310.5,218706.4,205754.3,60287.9,62389.8,83393.3,145035.3,88476.5,682.7,28.1,3.8,1032,24.6,7.4,1508,1750,2243,1997,1507,1749,2242,1995,5725,447
1774418157,3,1339946.4,1238590.6,218883.3,205470.9,60136.9,62221.0,82948.0,145064.4,88437.3,720.4,28.1,3.7,1052,24.6,7.4,1508,1750,2245,1997,1508,1749,2244,1997,5726,447
1774418457,3,1334605.5,1233260.6,217857.0,204854.9,59983.0,62111.8,82595.9,144625.4,88399.8,761.7,28.1,3.8,1129,24.6,7.4,1508,1750,2244,1997,1508,1749,2244,1996,5726,447
1774418759,3,1330962.1,1228990.2,216770.5,204412.0,59730.9,61851.8,82829.3,144388.5,88364.4,799.1,28.1,3.8,1178,24.6,7.4,1508,1750,2244,1997,1507,1749,2243,1996,5725,447
1774419057,3,1324459.4,1223766.4,215794.6,203290.9,59677.7,61843.5,82396.4,144058.2,88331.0,843.6,28.1,3.8,1231,24.6,7.3,1509,1750,2244,1998,1509,1750,2244,1997,5729,447
1774419357,3,1318384.5,1218400.5,215783.3,203142.8,59478.1,61586.6,82485.7,144031.6,88298.6,875.6,28.1,3.8,1248,24.6,7.4,1508,1750,2244,1997,1508,1750,2243,1997,5726,447
1774419659,3,1315799.1,1215719.1,214418.9,202249.4,59319.4,61436.2,82090.7,143854.6,88267.8,914.1,28.1,3.8,1324,24.6,7.4,1508,1750,2244,1997,1507,1749,2244,1996,5725,447
1774419957,3,1311354.1,1211255.1,214419.8,202107.1,59194.3,61340.1,82110.5,143661.6,88239.4,950.8,28.0,3.8,1370,24.5,7.4,1508,1749,2245,1997,1507,1749,2243,1996,5724,447
1774420257,3,1308056.9,1207212.5,213975.3,201709.2,59002.5,61219.6,81706.1,143231.6,88212.6,984.9,28.0,3.8,1385,24.5,7.4,1508,1750,2245,1997,1508,1749,2243,1997,5726,447
1774420857,3,1750888.0,1615349.4,266716.8,251641.4,69415.2,71818.1,91616.6,159666.4,89329.1,157.4,27.9,3.5,430,24.4,7.0,1507,1749,2243,1995,1506,1748,2242,1995,5720,446
1774421157,3,1646697.6,1523031.0,254305.0,240345.9,67245.1,69542.9,90379.1,157511.5,89256.8,192.0,27.9,3.6,434,24.4,7.1,1506,1748,2243,1995,1506,1748,2242,1995,5721,446
1774421459,3,1595318.0,1476434.9,248529.0,235554.3,65988.6,68505.4,89096.1,155655.4,89185.5,234.1,27.9,3.6,510,24.4,7.2,1507,1749,2243,1996,1506,1748,2242,1995,5720,446
1774421759,3,1566528.5,1446826.5,245538.6,231182.0,65321.3,67778.5,88495.1,154944.8,89116.0,262.6,27.9,3.6,543,24.4,7.2,1508,1749,2243,1995,1506,1748,2242,1995,5720,446
1774422057,3,1540496.0,1424163.4,242586.9,228919.8,64745.4,67080.8,88036.0,153807.1,89049.1,290.4,27.9,3.7,562,24.4,7.2,1508,1749,2243,1996,1507,1748,2243,1995,5721,447
1774422359,3,1521456.0,1408563.5,240427.6,227323.4,64370.3,66778.4,87675.0,153163.0,88985.8,323.6,27.9,3.7,629,24.4,7.2,1508,1749,2244,1997,1507,1749,2243,1996,5724,447
1774422659,3,1511915.4,1397860.9,238471.9,225289.6,63989.7,66344.4,87263.7,152349.2,88925.4,370.6,27.9,3.7,632,24.4,7.3,1508,1750,2243,1996,1507,1749,2243,1996,5724,447
1774422957,3,1497596.1,1387363.2,237477.2,223850.3,63654.9,66028.9,87044.3,151820.9,88867.6,399.6,27.9,3.7,692,24.4,7.2,1508,1750,2244,1997,1507,1749,2243,1996,5723,447
1774423259,3,1488482.0,1379293.4,235732.8,222250.1,63443.1,65778.4,86758.9,151084.5,88812.3,439.8,27.9,3.7,757,24.4,7.3,1508,1749,2244,1996,1507,1748,2243,1996,5723,447
1774423559,3,1474978.1,1360862.5,234140.3,221014.5,63087.5,65462.5,86418.7,150946.0,88761.1,468.3,27.9,3.7,793,24.4,7.3,1508,1750,2244,1997,1507,1748,2242,1995,5722,447
1774423857,3,1463091.9,1355205.4,233320.5,219827.2,62876.5,65056.6,85813.6,150830.8,88711.7,501.1,27.9,3.7,827,24.4,7.3,1508,1749,2244,1996,1507,1748,2242,1995,5721,446
1774424157,3,1455022.1,1345809.6,231958.7,218025.4,62599.4,64936.4,85992.3,149910.4,88664.5,535.0,27.9,3.7,891,24.4,7.3,1508,1750,2243,1996,1507,1749,2243,1996,5723,447
1774424459,3,1442342.6,1330452.1,230920.9,217280.7,62311.7,64471.3,85543.5,149951.2,88619.9,572.0,27.9,3.7,921,24.4,7.3,1508,1749,2243,1996,1507,1749,2242,1995,5721,446
1774424757,3,1437950.0,1328061.6,229390.0,215909.3,62216.1,64263.4,85306.5,149071.0,88576.8,607.0,27.9,3.7,945,24.4,7.3,1508,1750,2244,1996,1508,1749,2243,1996,5726,446
1774425057,3,1432689.5,1322815.5,228894.1,215646.9,62073.6,64117.1,84931.9,148309.5,88536.1,637.4,27.9,3.8,995,24.3,7.3,1508,1750,2243,1996,1507,1749,2242,1996,5723,447
1774425359,3,1419478.0,1309467.9,227582.5,214085.5,61628.6,63844.7,84831.1,148403.5,88497.0,678.6,27.9,3.8,1053,24.3,7.3,1507,1749,2243,1996,1506,1748,2242,1995,5723,447
1774425659,3,1410242.6,1298792.1,226974.9,213266.5,61471.8,63682.9,84911.6,148163.5,88460.5,716.8,27.9,3.8,1076,24.3,7.4,1508,1750,2244,1997,1507,1749,2243,1996,5725,447
1774425957,3,1409537.5,1298096.5,225536.5,212046.3,61449.6,63544.2,84450.9,147660.6,88425.4,759.7,27.8,3.7,1140,24.3,7.3,1508,1750,2243,1997,1507,1749,2243,1996,5725,447
1774426257,3,1396936.9,1285991.6,224776.8,211367.8,61191.3,63270.5,84378.2,147078.9,88392.3,807.0,27.8,3.8,1171,24.3,7.4,1508,1749,2243,1996,1508,1749,2242,1996,5725,447
1774426559,3,1390467.1,1281849.0,223755.5,210450.0,60929.0,63101.7,84094.6,147669.5,88361.4,838.1,27.8,3.8,1216,24.3,7.3,1508,1749,2243,1996,1508,1749,2242,1996,5726,447
1774426857,3,1386028.9,1278766.6,223271.5,209828.1,60809.7,62984.7,84249.3,146683.4,88331.3,874.9,27.8,3.8,1236,24.3,7.4,1508,1749,2243,1996,1507,1749,2243,1996,5724,447
1774427157,3,1382388.6,1273413.5,222316.0,209211.3,60719.2,62935.9,83790.8,146117.8,88302.6,910.6,27.8,3.8,1296,24.3,7.4,1509,1749,2244,1997,1507,1750,2243,1996,5724,447
1774427459,3,1376870.4,1267741.1,221771.8,208355.0,60627.8,62698.6,83525.2,146984.0,88275.8,951.0,27.8,3.8,1390,24.3,7.4,1508,1750,2245,1997,1507,1749,2244,1997,5724,447
1774428057,3,1830702.6,1699218.6,275392.6,259895.8,71065.3,73366.0,93246.8,162016.4,89366.5,141.8,27.7,3.5,412,24.2,7.0,1507,1749,2243,1997,1507,1748,2243,1996,5722,447
1774428357,3,1719346.1,1587014.5,261824.9,247346.8,68628.4,70960.0,91656.1,159947.6,89295.7,176.1,27.7,3.6,418,24.2,7.1,1508,1749,2244,1996,1507,1749,2242,1996,5723,447
1774428659,3,1675017.0,1543945.1,256136.2,242006.4,67451.9,69833.4,90795.2,158755.2,89225.7,207.8,27.7,3.6,507,24.2,7.1,1509,1750,2245,1997,1508,1749,2243,1996,5724,447
1774428959,3,1636662.0,1513397.4,253152.7,238302.5,66803.4,69073.7,90212.4,157724.1,89158.7,245.3,27.8,3.7,546,24.2,7.2,1508,1750,2244,1997,1508,1749,2243,1996,5724,447
1774429257,3,1608125.0,1478484.9,249889.5,235757.3,66094.0,68266.5,89549.8,156698.6,89093.8,279.4,27.8,3.7,555,24.3,7.2,1507,1750,2243,1996,1508,1749,2242,1996,5724,447
1774429557,3,1593293.9,1469871.6,247158.7,234097.5,65667.1,67813.2,88937.5,155226.5,89031.6,308.8,27.8,3.7,582,24.3,7.2,1508,1750,2243,1996,1508,1750,2243,1996,5725,447
1774429859,3,1573820.5,1453115.0,244397.3,231383.7,65189.5,67476.4,88479.1,154465.2,88973.2,345.7,27.8,3.7,636,24.3,7.3,1508,1749,2243,1996,1508,1749,2243,1996,5724,447
1774430159,3,1561182.9,1437991.5,242918.4,229804.8,64979.9,67130.0,88111.5,154209.4,88916.5,379.3,27.8,3.7,665,24.3,7.3,1508,1750,2244,1997,1508,1749,2243,1996,5724,447
1774430457,3,1546097.5,1430115.4,240782.8,227220.4,64588.7,66621.3,87898.0,153203.1,88863.3,410.4,27.8,3.7,733,24.3,7.3,1508,1749,2243,1996,1507,1748,2243,1996,5722,447
1774430757,3,1528402.9,1410092.9,239438.2,226546.2,64229.0,66368.5,87353.2,153211.7,88812.1,445.7,27.8,3.7,752,24.3,7.3,1507,1750,2243,1996,1507,1749,2243,1996,5723,447
1774431059,3,1515281.9,1402666.0,238244.4,225084.8,64022.9,65964.1,87392.2,152453.6,88764.2,486.9,27.8,3.7,827,24.3,7.3,1508,1750,2244,1997,1507,1749,2242,1996,5724,447
1774431359,3,1507478.5,1395278.6,236882.9,223721.5,63744.9,65879.9,86937.3,152162.2,88718.2,521.0,27.8,3.7,813,24.3,7.3,1509,1750,2244,1997,1508,1750,2244,1997,5726,447
1774431657,3,1498681.6,1385874.5,234939.9,222295.2,63471.3,65669.5,86516.2,151428.6,88674.0,554.7,27.8,3.7,869,24.3,7.3,1508,1750,2244,1997,1508,1749,2243,1996,5724,447
1774431959,3,1486148.6,1376873.4,234111.5,220495.5,63141.8,65390.3,86168.6,150825.0,88631.7,591.3,27.8,3.7,949,24.3,7.3,1508,1750,2244,1997,1507,1749,2243,1996,5724,447
1774432259,3,1472610.5,1360024.4,233506.1,219905.2,62877.3,65029.0,86020.1,150337.4,88591.4,623.6,27.8,3.7,956,24.3,7.3,1509,1750,2244,1997,1508,1749,2243,1996,5726,447
1774432557,3,1462477.4,1351848.5,232351.6,218995.9,62617.0,64714.9,85832.4,150003.2,88553.2,665.8,27.8,3.7,991,24.3,7.3,1505,1748,2242,1995,1505,1747,2241,1994,5718,446
1774432859,3,1457576.1,1346968.1,231064.0,217272.6,62396.5,64581.4,85676.1,150046.9,88516.8,699.9,27.8,3.7,1056,24.3,7.4,1508,1749,2243,1997,1507,1749,2242,1996,5724,447
1774433159,3,1449078.9,1338681.0,230610.8,215889.2,62189.5,64255.1,85533.9,149286.8,88481.5,737.5,27.8,3.7,1054,24.3,7.3,1509,1750,2244,1997,1508,1749,2243,1997,5726,447
1774433457,3,1437666.1,1326530.4,228535.0,215560.8,62056.7,64133.9,85245.8,148677.8,88448.0,782.7,27.8,3.8,1181,24.3,7.4,1509,1750,2244,1998,1508,1750,2243,1997,5725,447
1774433757,3,1435054.4,1314502.9,228164.5,214678.4,61848.1,63832.2,84951.9,148331.0,88416.4,813.0,27.8,3.8,1206,24.3,7.4,1508,1750,2243,1997,1508,1749,2243,1996,5725,447
1774434059,3,1423124.6,1310299.4,226985.1,213663.6,61765.4,63666.7,85006.9,147771.4,88385.7,849.3,27.8,3.8,1240,24.3,7.4,1509,1750,2244,1997,1508,1749,2243,1996,5724,447
1774434357,3,1419069.6,1307197.1,226353.5,212945.6,61583.8,63422.2,84738.5,148505.3,88356.6,894.2,27.8,3.8,1290,24.2,7.4,1508,1749,2244,1997,1507,1749,2242,1996,5725,447
1774434657,3,1415050.6,1299488.1,225552.1,212143.3,61347.8,63315.9,84439.2,147796.9,88329.1,923.7,27.8,3.8,1324,24.2,7.4,1509,1750,2244,1997,1507,1749,2243,1996,5725,447
1774435257,3,1865564.1,1728515.0,278654.5,262664.9,71659.5,74019.5,94078.7,163514.8,89393.5,149.6,27.6,3.5,435,24.1,7.0,1508,1750,2244,1997,1507,1749,2242,1996,5721,447
1774435557,3,1757085.0,1621474.9,265932.0,251545.0,69432.8,71620.3,92315.5,161766.3,89322.9,178.2,27.7,3.6,448,24.2,7.1,1508,1749,2243,1996,1507,1749,2243,1996,5722,447
1774435859,3,1699204.5,1569252.1,259915.7,245800.4,68121.8,70474.4,91360.3,159482.8,89252.3,216.0,27.7,3.6,477,24.2,7.2,1507,1749,2243,1996,1507,1748,2242,1995,5721,447
1774436159,3,1667930.9,1542840.1,255660.0,241463.8,67320.7,69684.3,90821.3,158890.5,89184.8,248.6,27.7,3.6,516,24.2,7.2,1508,1749,2244,1996,1507,1749,2242,1996,5722,447
1774436459,3,1636792.4,1512132.4,252749.6,238432.8,66816.9,69000.4,89884.2,158108.9,89119.2,282.1,27.7,3.7,596,24.2,7.2,1508,1750,2243,1996,1507,1749,2242,1996,5722,447
1774436759,3,1626853.4,1499873.4,250943.6,236802.3,66253.1,68466.8,89488.6,157155.6,89056.3,314.7,27.7,3.6,592,24.2,7.3,1508,1750,2244,1997,1507,1749,2243,1996,5721,447
1774437059,3,1607289.4,1484316.1,249261.8,235093.5,65802.1,68181.5,89179.8,155667.1,88996.9,344.0,27.7,3.7,668,24.2,7.3,1508,1749,2244,1997,1507,1748,2242,1996,5720,446
1774437359,3,1593935.0,1472282.1,246560.8,233153.6,65575.7,67788.5,88783.3,156138.5,88939.6,375.9,27.7,3.7,651,24.2,7.3,1509,1750,2245,1997,1508,1750,2244,1997,5725,447
1774437659,3,1578842.4,1458998.5,245417.9,231488.5,65196.7,67343.9,88521.2,154460.9,88885.3,409.3,27.7,3.7,743,24.2,7.3,1508,1749,2244,1996,1507,1749,2243,1996,5724,447
1774437959,3,1568552.5,1448391.0,243744.9,230021.7,64926.5,67203.7,88207.6,153969.3,88832.4,444.8,27.7,3.7,785,24.2,7.3,1509,1750,2245,1997,1507,1749,2243,1996,5723,447
1774438259,3,1556234.0,1438873.6,242783.7,228384.1,64582.3,66783.3,87833.5,153751.9,88782.8,484.5,27.7,3.7,811,24.2,7.3,1508,1750,2243,1996,1507,1748,2242,1996,5722,447
1774438559,3,1541377.6,1425989.0,240837.9,227120.7,64325.7,66540.9,87544.4,153514.4,88735.3,519.7,27.7,3.7,845,24.2,7.3,1507,1748,2242,1995,1506,1748,2241,1995,5721,446
1774438859,3,1532982.4,1417486.9,239729.6,225859.3,64195.5,66249.5,87315.6,153151.3,88689.5,554.9,27.7,3.7,890,24.2,7.3,1507,1749,2243,1996,1506,1748,2242,1995,5721,446
1774439159,3,1522423.0,1410718.6,239050.8,225432.5,63827.3,65942.3,87182.6,152267.5,88646.3,590.3,27.7,3.7,911,24.2,7.4,1507,1749,2242,1996,1506,1748,2242,1995,5721,446
1774439457,3,1511968.4,1403486.9,237398.2,224502.6,63682.5,65791.0,86807.2,152137.6,88606.1,629.8,27.7,3.8,965,24.2,7.3,1507,1748,2243,1995,1506,1748,2241,1995,5720,446
1774439757,3,1502449.4,1392895.6,235910.5,222750.7,63439.4,65503.1,86550.7,151249.9,88567.5,665.0,27.7,3.7,1013,24.2,7.4,1509,1750,2243,1997,1508,1749,2243,1996,5727,447
1774440057,3,1489792.9,1378200.0,234926.8,221758.4,63133.6,65176.4,86536.7,150986.6,88530.4,702.9,27.7,3.7,1060,24.2,7.4,1509,1750,2244,1996,1508,1749,2242,1995,5724,447
1774440357,3,1480476.0,1368699.4,233809.7,220223.1,63048.5,64976.8,86175.2,150525.7,88495.2,738.3,27.7,3.7,1081,24.2,7.4,1508,1750,2245,1997,1508,1749,2243,1996,5725,447
1774440657,3,1472740.6,1360976.5,233336.6,218919.4,62679.4,64833.8,85939.3,150444.9,88461.3,782.9,27.7,3.7,1146,24.2,7.4,1508,1750,2243,1997,1507,1749,2243,1996,5724,447
1774440957,3,1470644.4,1361561.6,232470.4,218905.0,62667.2,64646.6,85774.7,149820.7,88429.2,814.2,27.7,3.7,1203,24.2,7.4,1507,1748,2242,1996,1506,1748,2241,1995,5721,446
1774441257,3,1459528.9,1345942.1,231665.0,217035.1,62387.6,64475.9,85444.5,149668.1,88398.8,855.8,27.7,3.7,1236,24.2,7.4,1507,1748,2243,1995,1507,1748,2242,1995,5722,447
1774441557,3,1453568.5,1341827.6,230264.4,216477.8,62307.1,64297.5,85828.2,148846.9,88370.1,889.1,27.7,3.8,1298,24.2,7.4,1507,1748,2242,1995,1506,1748,2242,1995,5720,446
1774441857,3,1443505.0,1332215.5,229456.3,216056.9,62085.5,64111.5,85194.9,149062.0,88342.5,928.7,27.7,3.8,1299,24.2,7.4,1507,1748,2242,1995,1506,1748,2241,1995,5720,447
1774442457,3,1884104.0,1747426.5,280103.4,263397.9,71826.5,73682.4,93895.3,163452.1,89452.9,139.9,27.6,3.5,414,24.1,7.0,1508,1750,2243,1996,1507,1749,2243,1995,5725,447
1774442757,3,1772062.9,1635494.5,266704.4,250710.7,69301.4,71311.9,92240.5,161421.9,89381.3,173.7,27.6,3.6,446,24.1,7.1,1508,1749,2242,1996,1507,1748,2241,1995,5722,446
1774443057,3,1715266.0,1583859.9,260835.0,245121.8,68127.6,70256.1,91264.8,159784.1,89310.2,206.8,27.6,3.6,454,24.1,7.2,1507,1749,2242,1996,1507,1748,2241,1996,5722,446
1774443357,3,1687489.5,1560288.1,256690.9,242263.9,67336.3,69493.3,90431.4,158694.2,89240.5,237.1,27.7,3.6,516,24.2,7.2,1507,1749,2242,1996,1506,1748,2241,1995,5720,446
1774443657,3,1662018.1,1536188.1,253306.9,238303.2,66866.8,68858.3,89919.5,157740.9,89174.3,268.4,27.7,3.7,563,24.2,7.3,1507,1748,2243,1995,1506,1748,2242,1996,5720,446
1774443957,3,1638854.6,1512437.5,251309.6,237164.4,66325.8,68247.7,89458.6,156484.3,89110.4,297.0,27.7,3.7,595,24.2,7.3,1506,1748,2242,1995,1506,1748,2241,1995,5719,446
1774444257,3,1621875.0,1496695.9,249027.1,234728.2,65715.6,67910.6,88904.1,156231.0,89049.6,325.3,27.7,3.7,597,24.2,7.3,1509,1750,2244,1997,1508,1749,2242,1996,5724,447
1774444557,3,1599230.9,1476781.6,247063.4,232415.7,65435.6,67456.0,88755.3,154528.2,88991.7,354.1,27.7,3.7,646,24.2,7.3,1508,1750,2244,1996,1507,1749,2243,1996,5723,447
1774444857,3,1591751.5,1465521.5,245647.8,231164.6,65151.9,67064.6,88282.5,154210.0,88936.7,396.2,27.7,3.7,683,24.2,7.3,1509,1750,2244,1998,1508,1750,2243,1996,5724,447
1774445157,3,1569971.9,1451636.9,244180.2,230142.8,64777.3,66698.7,88023.1,154316.6,88883.5,431.9,27.7,3.7,728,24.2,7.3,1509,1750,2245,1997,1508,1749,2243,1996,5724,447
1774445457,3,1561577.5,1446841.4,243155.4,228685.2,64473.8,66527.7,87688.2,153637.4,88833.0,462.2,27.7,3.7,788,24.2,7.4,1509,1750,2243,1997,1508,1749,2242,1996,5724,447
1774445757,3,1551310.5,1437893.4,241237.2,226700.8,64283.2,66223.4,87476.2,153281.9,88784.7,505.9,27.7,3.7,806,24.2,7.3,1507,1749,2243,1996,1507,1749,2242,1995,5724,447
1774446059,3,1541986.0,1424992.0,240034.9,226021.0,63924.4,65953.6,87132.7,152003.3,88739.2,531.4,27.7,3.7,866,24.2,7.3,1508,1749,2243,1996,1507,1748,2242,1995,5723,447
1774446359,3,1524355.9,1414242.6,238274.2,224655.1,63776.1,65738.7,87081.8,152236.7,88695.4,567.8,27.7,3.7,890,24.2,7.4,1507,1749,2243,1996,1507,1748,2242,1995,5722,447
1774446657,3,1520627.5,1406034.9,237074.8,223785.2,63481.9,65422.2,86578.5,151576.7,88653.6,605.4,27.7,3.7,919,24.2,7.4,1507,1748,2242,1996,1506,1747,2242,1995,5721,447
1774446959,3,1512007.0,1399251.1,236110.9,222346.6,63318.7,65251.2,86515.7,151402.1,88613.8,648.1,27.7,3.7,1028,24.2,7.4,1506,1748,2242,1995,1506,1747,2241,1994,5718,446
1774447259,3,1498811.6,1390831.5,235466.5,221666.9,63253.6,65040.8,86535.7,150521.8,88576.8,683.2,27.7,3.7,1041,24.2,7.4,1507,1748,2242,1995,1506,1748,2241,1995,5719,446
1774447557,3,1495272.6,1381357.5,234282.6,220259.8,62878.2,64712.1,85959.4,150314.6,88541.2,719.2,27.7,3.7,1071,24.2,7.4,1507,1749,2243,1996,1507,1749,2243,1995,5721,447
1774447859,3,1485604.0,1378346.9,232876.6,219032.6,62584.2,64432.0,85962.6,150662.6,88507.4,765.6,27.7,3.7,1153,24.2,7.4,1507,1748,2243,1996,1505,1747,2241,1995,5717,446
1774448159,3,1476635.6,1371462.5,232574.0,218957.0,62401.4,64327.9,85609.7,149903.2,88475.0,798.9,27.7,3.7,1182,24.2,7.5,1507,1749,2244,1997,1507,1748,2242,1996,5721,446
1774448457,3,1466784.9,1355805.0,231241.9,217411.2,62198.4,64002.4,85266.1,149078.1,88443.6,832.5,27.7,3.8,1231,24.2,7.4,1507,1749,2243,1996,1507,1748,2242,1996,5719,447
1774448757,3,1458799.6,1353340.5,230485.8,216670.5,62076.0,63694.7,85185.5,148870.3,88414.2,865.8,27.7,3.8,1210,24.2,7.5,1507,1749,2244,1997,1507,1749,2243,1996,5721,447
1774449059,3,1448382.4,1342204.5,229400.6,215359.3,61994.9,63660.4,84984.1,148596.2,88386.4,894.4,27.7,3.8,1321,24.2,7.4,1507,1749,2243,1996,1507,1748,2242,1995,5720,447
1774449657,3,1940123.1,1799966.9,286638.0,270140.5,73060.6,75071.7,95191.1,165707.3,89431.0,134.0,27.6,3.5,421,24.1,7.1,1507,1749,2243,1997,1506,1748,2243,1996,5719,447
1774449957,3,1823814.5,1693509.6,273626.3,257430.9,70527.7,72731.7,93513.4,163585.2,89361.5,167.3,27.6,3.5,410,24.1,7.2,1507,1749,2243,1996,1507,1748,2243,1996,5719,447
1774450259,3,1770520.9,1637946.4,266739.9,251146.0,69304.1,71440.2,92448.2,161780.2,89292.3,204.6,27.7,3.6,495,24.1,7.2,1507,1748,2243,1996,1507,1748,2242,1996,5718,446
1774450559,3,1738405.0,1608914.1,262328.7,247820.6,68542.9,70691.0,91674.9,160399.4,89225.1,237.8,27.7,3.6,491,24.2,7.3,1508,1749,2243,1996,1507,1749,2243,1996,5721,447
1774450857,3,1710653.6,1584081.0,259534.5,244551.7,67979.9,70047.2,91001.1,159568.4,89160.6,267.3,27.7,3.6,553,24.2,7.3,1507,1749,2243,1996,1506,1749,2242,1995,5719,447
1774451157,3,1689398.0,1568049.6,257412.8,242154.0,67521.7,69569.4,90630.2,158584.4,89098.6,295.7,27.7,3.6,563,24.2,7.3,1507,1750,2243,1997,1507,1749,2243,1996,5722,447
1774451459,3,1676056.5,1550808.5,255067.8,240642.1,67070.2,69123.3,90214.4,158620.2,89039.8,324.1,27.7,3.7,637,24.2,7.3,1507,1749,2243,1996,1506,1748,2241,1995,5719,446
1774451759,3,1657471.9,1531372.0,253140.3,238723.0,66747.8,68814.3,89804.8,157949.3,88983.2,363.8,27.7,3.7,636,24.2,7.3,1507,1748,2243,1996,1506,1748,2242,1995,5719,447
1774452059,3,1637462.6,1520237.5,250792.6,236495.5,66330.1,68379.4,89623.2,156832.5,88929.6,399.3,27.7,3.7,685,24.2,7.4,1508,1750,2244,1997,1507,1749,2243,1996,5722,447
1774452359,3,1629949.6,1505699.1,249768.4,235840.5,66015.4,67965.6,89090.5,156290.4,88878.3,431.5,27.7,3.7,719,24.2,7.4,1508,1750,2243,1998,1507,1748,2241,1995,5721,447
1774452659,3,1612351.4,1493234.4,248872.0,234200.5,65733.4,67622.6,89181.2,156238.7,88829.6,465.9,27.7,3.7,782,24.2,7.4,1507,1749,2243,1997,1506,1748,2242,1995,5719,447
1774452960,3,1608247.9,1483789.5,247135.0,233153.1,65451.7,67464.3,88487.4,155536.7,88783.0,497.6,27.7,3.7,836,24.2,7.4,1506,1748,2242,1996,1506,1748,2241,1995,5718,446
1774453259,3,1593170.0,1477009.0,245792.6,231726.2,65195.5,67227.6,88267.0,154188.1,88738.7,529.8,27.7,3.7,861,24.2,7.4,1508,1749,2244,1997,1507,1749,2243,1996,5720,447
1774453559,3,1583996.1,1462313.6,245118.0,230538.0,64830.8,66773.9,88030.5,153978.9,88696.7,570.1,27.7,3.7,890,24.2,7.5,1508,1749,2244,1997,1506,1749,2242,1996,5720,446
1774453859,3,1570752.1,1456773.9,243432.6,229450.9,64739.4,66695.4,87822.3,153447.4,88657.4,601.3,27.7,3.7,906,24.2,7.4,1508,1749,2244,1996,1507,1749,2242,1996,5720,446
1774454159,3,1565949.0,1445597.6,242351.2,228734.0,64470.4,66391.8,87731.9,152937.3,88620.9,636.6,27.7,3.7,940,24.2,7.4,1508,1750,2244,1997,1507,1750,2243,1997,5722,447
1774454459,3,1553245.0,1438011.0,241044.0,227444.9,64258.8,66084.3,87428.3,152363.9,88587.6,669.6,27.7,3.7,1032,24.2,7.4,1508,1750,2244,1997,1508,1749,2243,1997,5723,447
1774454759,3,1539656.6,1427787.5,240300.9,226776.5,63986.8,65949.0,87088.4,152235.3,88556.0,702.8,27.7,3.7,1056,24.2,7.4,1508,1750,2243,1997,1507,1749,2243,1997,5722,447
1774455059,3,1529094.0,1417636.5,238552.5,225373.6,63840.7,65680.3,86889.4,151794.4,88526.5,739.1,27.7,3.7,1090,24.2,7.5,1508,1749,2243,1996,1507,1749,2243,1996,5722,447
1774455359,3,1516354.5,1410728.9,237747.9,224226.7,63568.3,65438.9,86691.6,151540.3,88498.1,784.8,27.7,3.7,1127,24.2,7.5,1508,1750,2243,1997,1507,1749,2242,1996,5724,447
1774455657,3,1505370.4,1393662.1,235921.2,222467.0,63196.4,65076.7,86350.8,151236.1,88471.6,822.0,27.7,3.8,1196,24.2,7.5,1508,1749,2243,1996,1508,1749,2243,1996,5725,447
1774455959,3,1498003.4,1391359.5,234991.0,220927.8,63152.2,64959.1,86020.8,150233.3,88446.7,856.1,27.8,3.8,1244,24.2,7.5,1507,1749,2243,1997,1507,1749,2242,1996,5723,447
1774456257,3,1488388.5,1377244.5,234269.5,220612.6,62814.5,64550.0,85918.2,150051.1,88423.5,893.1,27.8,3.7,1309,24.2,7.5,1507,1750,2243,1996,1507,1749,2242,1996,5721,446
1774456859,3,1964001.5,1826539.5,289262.7,272956.5,73646.0,75401.5,95477.2,166106.6,89478.3,125.8,27.7,3.4,391,24.2,7.2,1507,1749,2242,1996,1507,1748,2242,1996,5720,446
1774457157,3,1849086.0,1712647.0,275955.8,259833.4,70975.0,72989.9,93469.6,163251.4,89413.1,159.5,27.7,3.5,394,24.2,7.2,1507,1750,2244,1997,1507,1750,2243,1996,5722,446
1774457457,3,1786138.0,1660452.5,268457.3,253159.0,69644.2,71791.5,92666.9,161703.1,89347.4,193.9,27.8,3.6,438,24.2,7.3,1508,1750,2243,1996,1507,1749,2242,1996,5721,446
1774457759,3,1745544.6,1618635.9,263991.8,248785.7,68788.8,70852.0,91716.3,160684.4,89284.1,225.4,27.8,3.6,498,24.3,7.3,1508,1749,2243,1996,1507,1749,2242,1995,5722,447
1774458059,3,1720686.9,1593947.5,260479.4,245081.2,68132.7,70111.6,91071.9,160132.1,89223.3,253.3,27.8,3.6,539,24.3,7.4,1506,1748,2241,1995,1506,1748,2241,1995,5719,446
1774458357,3,1696539.4,1571318.6,257684.0,242624.8,67597.1,69553.3,90575.3,158994.8,89165.4,286.2,27.9,3.6,556,24.3,7.4,1508,1750,2243,1997,1506,1749,2242,1995,5721,447
1774458659,3,1674431.5,1549248.1,255751.2,240864.2,67085.9,69142.1,89919.0,157923.8,89109.3,330.3,27.9,3.7,610,24.4,7.4,1508,1750,2243,1997,1506,1749,2241,1996,5720,447
1774458959,3,1653519.0,1532070.0,253195.6,238782.4,66518.1,68512.3,89674.2,156673.3,89056.1,355.9,27.9,3.7,652,24.4,7.5,1507,1749,2243,1996,1506,1747,2241,1995,5718,446
1774459257,3,1636494.0,1518354.1,250815.6,236592.6,66120.2,68070.5,89041.8,156512.0,89006.2,389.7,27.9,3.7,708,24.4,7.4,1508,1749,2243,1996,1507,1749,2242,1996,5722,447
1774459557,3,1619896.0,1500041.5,248986.6,234444.1,65804.5,67816.3,88558.1,155220.0,88958.3,427.0,27.9,3.7,725,24.4,7.5,1506,1749,2243,1996,1506,1748,2242,1996,5719,446
1774459857,3,1601349.4,1482831.1,246434.5,232678.0,65382.9,67298.5,88294.4,154591.3,88913.0,466.1,27.9,3.7,775,24.4,7.5,1507,1749,2243,1996,1506,1748,2242,1995,5719,446
1774460159,3,1584669.0,1465506.9,244175.7,230709.7,64999.4,66962.0,88014.9,154077.3,88870.2,497.0,28.0,3.7,811,24.4,7.5,1506,1748,2241,1995,1506,1748,2241,1995,5718,446
1774460457,3,1568408.0,1453108.9,243609.0,229197.8,64618.4,66583.0,87689.3,152529.6,88828.9,533.3,28.0,3.7,887,24.5,7.5,1507,1749,2243,1996,1506,1748,2241,1995,5718,446
1774460757,3,1554158.9,1437493.0,241241.7,227379.5,64384.4,66230.5,87395.5,151820.7,88789.9,569.4,28.0,3.7,899,24.5,7.5,1505,1747,2241,1994,1504,1747,2239,1994,5713,445
1774461057,3,1539599.9,1429615.1,240746.4,226635.8,64099.2,65790.2,86940.8,151999.9,88752.9,601.5,28.0,3.8,938,24.5,7.5,1505,1748,2241,1995,1505,1747,2240,1994,5716,446
1774461357,3,1530002.6,1416971.4,238292.8,224669.6,63773.8,65553.7,86647.6,151195.4,88717.7,640.5,28.0,3.7,989,24.5,7.5,1507,1749,2242,1996,1507,1748,2242,1995,5720,446
1774461659,3,1513157.5,1406543.9,237196.4,223668.3,63406.4,65354.5,86384.0,150960.7,88683.2,675.0,28.0,3.7,1071,24.5,7.6,1507,1749,2243,1996,1506,1748,2242,1995,5720,446
1774461959,3,1502817.4,1393215.4,235670.9,222067.6,63354.3,65056.5,85952.8,150476.9,88650.7,707.9,28.0,3.7,1087,24.5,7.5,1508,1749,2243,1996,1506,1749,2242,1995,5720,446
1774462259,3,1493765.6,1380605.9,234360.6,220518.2,62949.3,64813.4,85627.2,150106.6,88619.9,750.5,28.1,3.8,1082,24.6,7.5,1507,1749,2243,1996,1506,1748,2242,1995,5721,446
1774462557,3,1480766.5,1372757.4,233592.8,219645.5,62655.0,64546.8,85387.2,149538.1,88590.1,786.2,28.1,3.8,1170,24.6,7.5,1506,1748,2242,1995,1506,1747,2241,1995,5721,446
1774462857,3,1472250.1,1361664.0,232098.2,218102.3,62492.3,64366.7,84997.5,149387.9,88561.7,827.0,28.1,3.8,1198,24.6,7.6,1506,1749,2242,1996,1505,1747,2241,1995,5720,447
1774463157,3,1461664.9,1353098.0,231316.2,217426.8,62316.1,64029.5,84834.2,148206.9,88534.1,865.7,28.1,3.7,1234,24.6,7.6,1506,1748,2241,1995,1505,1747,2240,1994,5718,446
1774463459,3,1448993.5,1343625.6,230488.0,216215.7,62004.9,63799.9,84590.3,148524.4,88507.3,897.6,28.1,3.8,1306,24.6,7.6,1506,1749,2243,1995,1506,1748,2241,1995,5719,446
1774464057,3,1915760.4,1782513.5,283790.8,267509.8,72699.4,74393.6,94306.2,163811.2,89534.2,129.2,28.0,3.5,419,24.5,7.2,1506,1748,2242,1995,1505,1748,2242,1995,5717,446
1774464357,3,1796673.1,1667349.5,270347.0,254147.0,69935.1,71807.4,92230.5,161337.9,89466.8,165.7,28.1,3.6,443,24.6,7.3,1506,1748,2242,1995,1505,1747,2241,1994,5717,446
1774464659,3,1743723.6,1617116.9,264312.8,248438.8,68661.5,70705.6,91149.0,159896.2,89400.4,200.4,28.1,3.6,484,24.6,7.4,1506,1748,2242,1996,1506,1748,2242,1994,5717,446
1774464959,3,1713826.9,1585002.6,259658.7,244382.2,67725.2,69883.8,90752.4,158587.6,89333.9,228.6,28.2,3.6,508,24.6,7.4,1506,1749,2242,1995,1506,1747,2241,1994,5717,446
1774465257,3,1681598.4,1561794.6,256410.4,241633.5,67353.9,69166.4,89989.7,157677.3,89270.1,262.3,28.2,3.6,543,24.7,7.4,1507,1749,2242,1996,1506,1748,2242,1995,5719,446
1774465557,3,1662350.4,1538704.5,254165.0,239153.7,66735.0,68593.1,89248.7,156485.8,89209.6,293.7,28.2,3.7,578,24.7,7.5,1506,1748,2242,1995,1505,1747,2242,1995,5718,446
1774465859,3,1632312.6,1515057.4,251360.2,236602.3,66403.0,68057.2,88782.3,156133.1,89151.1,332.8,28.2,3.7,622,24.7,7.5,1506,1748,2242,1995,1505,1748,2241,1994,5718,446
1774466159,3,1614646.0,1494391.9,249048.4,234066.5,65803.4,67779.4,88156.5,154498.7,89095.2,361.4,28.2,3.7,695,24.7,7.5,1506,1749,2242,1995,1505,1748,2241,1994,5717,446
1774466457,3,1608103.0,1490864.5,248445.6,233104.1,65580.3,67426.7,88041.3,153965.5,89042.6,397.8,28.2,3.7,706,24.7,7.5,1508,1749,2244,1996,1507,1749,2243,1995,5720,446
1774466757,3,1579379.9,1463395.4,244883.4,230299.1,65070.7,66834.8,87619.6,152811.0,88992.7,434.6,28.2,3.7,736,24.7,7.5,1507,1749,2243,1995,1506,1748,2242,1995,5719,446
1774467059,3,1571935.0,1452701.0,243164.9,229087.5,64806.2,66707.0,87196.5,152881.1,88944.3,466.9,28.2,3.7,791,24.7,7.6,1507,1749,2242,1996,1506,1749,2242,1995,5719,446
1774467359,3,1559323.0,1442450.0,242433.8,228201.3,64427.1,66345.8,86788.3,152252.2,88898.3,506.7,28.3,3.7,796,24.7,7.5,1507,1749,2243,1995,1506,1748,2242,1994,5719,446
1774467657,3,1538069.6,1426879.6,240307.7,225812.9,64140.6,66134.2,86496.0,151171.1,88854.3,536.4,28.3,3.7,895,24.8,7.5,1507,1748,2242,1995,1506,1747,2241,1994,5717,446
1774467957,3,1527944.9,1414992.4,238405.1,224617.4,63725.9,65663.8,86119.3,150984.3,88812.2,571.2,28.3,3.8,898,24.8,7.5,1506,1749,2242,1995,1506,1749,2242,1995,5720,446
1774468259,3,1520713.6,1408560.4,238423.8,224172.5,63469.1,65401.1,86004.8,150672.2,88770.7,615.2,28.3,3.7,962,24.8,7.6,1507,1749,2242,1995,1506,1748,2241,1994,5717,446
1774468559,3,1506431.6,1397959.4,236368.1,222543.0,63402.0,65216.4,85670.8,149928.2,88732.1,643.9,28.3,3.8,990,24.8,7.6,1506,1749,2242,1996,1506,1749,2241,1995,5720,446
1774468857,3,1489252.9,1378411.6,234661.0,221276.5,63116.3,64917.7,85468.8,149303.0,88694.3,693.0,28.3,3.8,1065,24.8,7.6,1508,1750,2244,1996,1507,1749,2242,1995,5721,446
1774469157,3,1483017.9,1374798.9,234084.7,220321.9,62852.6,64577.6,85386.0,149087.2,88658.6,714.3,28.3,3.8,1059,24.8,7.6,1509,1750,2243,1997,1508,1749,2243,1996,5722,446
1774469457,3,1476060.4,1366807.6,233031.8,219588.0,62640.8,64366.1,85127.3,148595.5,88624.6,748.2,28.3,3.8,1136,24.8,7.7,1506,1748,2242,1995,1506,1748,2241,1995,5716,446
1774469759,3,1468521.5,1362351.5,232031.2,218407.3,62515.7,64238.4,84637.1,148073.5,88593.6,793.8,28.3,3.8,1178,24.8,7.6,1507,1749,2243,1996,1507,1748,2242,1996,5721,446
1774470059,3,1455895.0,1349754.0,230468.0,216779.0,62193.1,63912.9,84428.4,147668.7,88562.2,836.5,28.3,3.8,1174,24.8,7.6,1507,1749,2243,1996,1507,1749,2242,1996,5721,446
1774470357,3,1450741.0,1344293.5,230440.6,216102.8,62079.1,63712.8,84251.9,147916.3,88532.3,866.5,28.3,3.8,1279,24.8,7.6,1508,1750,2244,1997,1507,1749,2243,1996,5722,446
1774470657,3,1442263.6,1334075.1,228939.1,215209.7,61811.0,63565.4,84147.9,147100.5,88505.0,896.0,28.3,3.8,1317,24.8,7.7,1507,1749,2243,1997,1507,1749,2242,1996,5720,446
1774471259,3,1908514.9,1778453.9,284125.8,267812.7,72681.9,74431.3,93780.3,163422.9,89541.5,137.4,28.2,3.5,411,24.7,7.3,1506,1748,2242,1995,1506,1748,2242,1995,5715,446
1774471557,3,1799758.6,1669453.9,270422.8,254514.1,70016.6,71995.7,91861.7,161324.6,89472.5,170.6,28.3,3.6,407,24.7,7.4,1506,1748,2243,1995,1506,1748,2242,1995,5716,445
1774471857,3,1742709.5,1616689.5,264164.0,249047.8,68755.5,70734.4,90891.6,159464.1,89404.0,205.0,28.3,3.6,459,24.8,7.4,1507,1749,2242,1996,1506,1748,2242,1995,5717,446
1774472159,3,1707583.4,1584218.0,259420.8,244736.7,68080.7,70017.0,90152.6,157952.7,89337.3,245.2,28.3,3.6,528,24.8,7.5,1507,1749,2243,1996,1506,1748,2242,1995,5717,446
1774472459,3,1684858.1,1563471.1,257424.9,242084.6,67555.7,69329.8,89666.4,157558.0,89273.2,274.1,28.3,3.7,557,24.8,7.5,1507,1749,2243,1996,1506,1748,2242,1995,5718,446
1774472757,3,1659545.5,1540270.0,254711.4,240208.7,66920.3,68930.1,89185.8,156067.0,89212.5,307.6,28.3,3.7,642,24.8,7.5,1507,1749,2243,1996,1506,1748,2241,1995,5716,446
1774473057,3,1638091.1,1518531.4,251472.2,237242.2,66444.8,68285.4,88644.2,155348.8,89154.9,341.5,28.3,3.7,641,24.8,7.6,1506,1748,2242,1995,1505,1748,2241,1994,5716,446
1774473357,3,1624615.5,1504570.4,250228.8,236148.0,66095.3,67963.1,88444.7,154494.6,89099.6,380.9,28.3,3.7,675,24.8,7.5,1507,1749,2242,1996,1506,1748,2241,1995,5717,446
1774473659,3,1610948.4,1493543.6,248266.3,233548.2,65674.9,67536.1,87885.3,153821.5,89049.4,413.4,28.4,3.7,699,24.8,7.6,1507,1749,2242,1996,1506,1748,2241,1994,5716,446
1774473959,3,1590303.1,1476283.4,246157.8,231746.5,65271.4,67206.5,87548.7,152860.6,89001.4,448.1,28.4,3.7,731,24.8,7.6,1508,1749,2243,1996,1507,1749,2242,1996,5718,446
1774474257,3,1583711.5,1463297.4,244996.8,230942.8,64973.8,66792.8,87095.3,152617.9,88955.2,480.9,28.4,3.7,790,24.9,7.6,1507,1750,2243,1997,1506,1749,2242,1995,5718,446
1774474557,3,1569823.1,1455418.5,243771.9,229317.4,64767.8,66590.0,86930.9,152564.2,88911.3,517.7,28.4,3.7,793,24.9,7.6,1506,1748,2241,1995,1505,1747,2240,1994,5715,445
1774474859,3,1553672.5,1441968.5,241818.7,227839.3,64495.1,66244.5,86584.4,151416.3,88869.8,551.0,28.4,3.8,888,24.9,7.6,1506,1748,2242,1995,1505,1747,2242,1994,5714,446
1774475159,3,1541690.1,1432242.9,241224.5,226597.9,64170.4,66090.3,86083.6,150754.3,88829.6,581.7,28.4,3.8,876,24.9,7.6,1507,1749,2242,1996,1506,1748,2242,1995,5717,446
1774475457,3,1532706.4,1422366.9,240039.2,225911.6,63959.5,65680.5,86028.7,150420.8,88792.7,624.5,28.4,3.7,971,24.9,7.6,1506,1748,2242,1995,1505,1747,2241,1994,5715,446
1774475757,3,1519299.0,1413451.4,238311.9,224539.3,63609.2,65645.0,85688.3,150323.5,88756.1,657.0,28.4,3.8,975,24.9,7.7,1505,1747,2241,1994,1504,1746,2240,1993,5712,446
1774476059,3,1513084.5,1403469.0,237689.7,223462.4,63577.9,65265.8,85688.4,149821.8,88721.7,691.5,28.4,3.8,1046,24.9,7.6,1505,1748,2241,1994,1505,1747,2240,1994,5714,446
1774476357,3,1502270.1,1395660.5,236302.9,222398.9,63350.3,65060.5,85388.2,149073.4,88689.6,731.7,28.4,3.8,1095,24.9,7.6,1506,1748,2241,1995,1505,1747,2240,1994,5715,446
1774476657,3,1491234.6,1386059.0,235028.0,221213.5,63080.6,64875.3,85176.3,148772.7,88658.2,768.6,28.4,3.8,1119,24.9,7.6,1505,1747,2241,1995,1504,1747,2240,1994,5714,446
1774476959,3,1484186.9,1375628.9,234186.4,220906.2,62935.5,64709.5,84768.0,148267.6,88629.0,804.7,28.4,3.8,1178,24.9,7.7,1505,1748,2241,1995,1505,1747,2241,1994,5714,446
1774477259,3,1478582.9,1370278.4,233336.7,219684.9,62791.2,64438.6,84695.5,148311.4,88600.4,843.3,28.4,3.8,1170,24.9,7.7,1506,1747,2241,1995,1505,1747,2241,1994,5715,446
1774477557,3,1468902.1,1357579.6,231926.7,218513.0,62584.9,64249.5,84646.9,148022.8,88573.6,884.9,28.4,3.8,1229,24.9,7.7,1506,1748,2241,1995,1506,1748,2241,1995,5717,446
1774477859,3,1462161.0,1351856.9,230936.5,217050.9,62306.0,63986.0,84573.2,147232.7,88548.6,919.0,28.4,3.8,1336,24.9,7.7,1507,1748,2242,1995,1506,1748,2240,1995,5719,446
1774478457,3,1928366.6,1796365.9,286815.7,269891.9,73308.9,74942.0,94063.2,163915.1,89633.6,138.4,28.3,3.5,399,24.8,7.3,1507,1749,2243,1996,1507,1748,2242,1995,5716,446
1774478759,3,1818255.4,1691869.9,272486.6,256569.6,70545.6,72473.1,92201.7,160863.1,89564.0,169.3,28.3,3.6,441,24.8,7.4,1507,1748,2242,1995,1506,1748,2241,1995,5715,446
1774479059,3,1764032.1,1638096.6,267315.0,250910.0,69361.1,71227.1,91033.2,159253.8,89496.0,202.6,28.4,3.7,471,24.8,7.5,1507,1749,2242,1996,1507,1748,2241,1995,5717,446
1774479357,3,1728399.4,1600140.0,261806.2,246622.2,68333.8,70353.4,90418.5,158025.1,89430.3,233.7,28.4,3.7,501,24.9,7.5,1507,1749,2242,1995,1506,1748,2240,1994,5715,446
1774479659,3,1704235.0,1580329.0,258989.5,243793.7,67890.1,69670.2,89653.3,157408.1,89366.8,271.2,28.4,3.7,554,24.9,7.5,1507,1749,2242,1995,1506,1748,2241,1995,5719,446
1774479959,3,1681329.4,1561557.4,257064.0,241547.2,67265.5,69169.6,89424.0,156653.9,89306.6,307.1,28.4,3.7,575,24.9,7.6,1507,1749,2242,1995,1506,1748,2241,1994,5715,446
1774480257,3,1660873.0,1543314.0,254744.2,239671.3,66776.1,68724.4,88740.7,155710.1,89249.3,343.4,28.4,3.7,624,24.9,7.6,1507,1749,2243,1995,1506,1748,2242,1995,5718,446
1774480557,3,1645377.6,1526619.9,252967.0,237838.4,66412.3,68363.0,88523.1,154694.3,89194.5,376.5,28.4,3.7,648,24.9,7.6,1507,1748,2242,1995,1506,1748,2241,1994,5716,446
1774480859,3,1629562.6,1509336.1,250802.5,236222.2,66194.0,67894.2,88109.7,154437.7,89141.9,405.4,28.4,3.7,734,24.9,7.6,1507,1749,2242,1995,1506,1748,2241,1994,5716,446
1774481159,3,1613912.0,1500734.4,249246.2,234324.6,65799.4,67622.1,87618.5,153594.0,89093.2,437.9,28.4,3.7,722,24.9,7.6,1507,1749,2243,1996,1506,1748,2242,1995,5718,446
1774481457,3,1600877.9,1484919.9,247927.9,233092.6,65439.2,67320.2,87183.4,153334.1,89045.8,479.0,28.4,3.7,773,24.9,7.6,1507,1749,2242,1995,1506,1748,2241,1995,5717,446
1774481757,3,1586783.1,1466266.6,245423.1,231140.3,65083.0,66958.8,87076.2,152125.5,89000.7,508.4,28.4,3.7,843,24.9,7.6,1507,1749,2242,1995,1506,1747,2241,1994,5717,446
1774482059,3,1572938.5,1460570.0,245000.2,230429.9,64920.7,66693.8,86898.5,151777.2,88958.0,541.5,28.5,3.8,893,24.9,7.7,1507,1749,2242,1996,1507,1748,2242,1995,5719,446
1774482357,3,1557887.0,1446818.0,243280.7,228749.8,64684.1,66268.5,86403.1,151468.8,88917.1,574.7,28.4,3.7,897,24.9,7.7,1507,1749,2242,1995,1506,1748,2241,1994,5719,446
1774482657,3,1552356.0,1437008.9,242242.0,227739.0,64326.0,66128.9,86295.6,151020.7,88878.7,617.2,28.4,3.7,962,24.9,7.6,1507,1748,2242,1996,1506,1748,2241,1994,5720,446
1774482959,3,1541415.6,1430223.0,241028.6,227200.4,64255.6,65872.8,86169.2,150488.7,88842.0,642.1,28.4,3.8,983,24.9,7.7,1507,1748,2241,1995,1506,1748,2241,1994,5720,446
1774483259,3,1530058.4,1416424.0,239025.1,224767.3,63923.3,65637.5,85800.1,150101.5,88806.8,673.9,28.4,3.7,1037,24.9,7.7,1507,1749,2243,1995,1506,1748,2242,1995,5718,446
1774483557,3,1517315.9,1407692.4,238601.1,224056.6,63697.2,65438.3,85347.5,150112.3,88773.3,714.9,28.5,3.8,1074,24.9,7.7,1507,1749,2243,1996,1507,1749,2243,1996,5718,446
1774483857,3,1509268.6,1402129.6,237417.7,222941.2,63471.7,65291.6,85433.9,149688.1,88741.4,751.2,28.4,3.8,1110,24.9,7.7,1507,1749,2244,1997,1507,1749,2243,1996,5719,446
1774484159,3,1506257.6,1400118.9,236868.9,222648.6,63416.6,65094.7,85175.7,148922.0,88711.9,787.9,28.4,3.8,1159,24.9,7.7,1507,1749,2243,1996,1506,1748,2242,1994,5718,446
1774484459,3,1491504.1,1384487.9,235512.1,221452.1,63290.8,64820.4,84886.2,148574.9,88684.2,821.7,28.5,3.8,1202,24.9,7.7,1507,1749,2244,1996,1506,1748,2242,1995,5718,446
1774484757,3,1489892.6,1376751.8,234791.4,220619.9,63061.7,64654.3,84910.2,147944.8,88657.3,864.4,28.5,3.8,1259,24.9,7.7,1507,1749,2242,1996,1506,1748,2242,1994,5718,446
1774485057,3,1480434.1,1371700.4,233628.9,219813.2,62868.1,64415.5,84340.4,148066.8,88631.2,901.9,28.5,3.8,1262,24.9,7.7,1507,1749,2244,1995,1506,1749,2242,1995,5719,446
1774485659,3,1954634.1,1822406.1,290300.4,273476.6,73803.3,75185.4,94188.0,163910.1,89714.7,129.5,28.3,3.5,412,24.8,7.4,1507,1749,2242,1996,1506,1748,2241,1994,5719,446
1774485957,3,1838873.5,1711315.5,275984.2,259770.3,71097.1,72793.2,92739.4,161874.4,89646.0,159.2,28.4,3.6,424,24.9,7.4,1005,1166,1495,1330,1506,1748,2241,1995,5719,446
1774486257,3,1781432.9,1657834.6,269131.5,252698.4,69672.3,71399.5,91447.4,159812.0,89576.1,197.4,28.4,3.6,455,24.9,7.5,1506,1748,2241,1994,1505,1747,2241,1994,5717,446
1774486559,3,1746729.0,1620199.4,264317.7,248447.7,68861.1,70680.8,90747.3,159058.7,89509.5,229.2,28.4,3.7,512,24.9,7.5,1506,1748,2242,1995,1506,1747,2241,1995,5718,446
1774486859,3,1721740.6,1600232.6,262049.1,246745.2,68308.6,70145.3,89994.7,157994.6,89446.0,261.8,28.4,3.7,502,24.9,7.6,1506,1748,2242,1995,1505,1747,2241,1994,5714,446
1774487157,3,1698113.9,1577485.1,259072.8,243588.4,67750.1,69502.2,89618.7,157089.1,89385.3,298.3,28.4,3.7,569,24.9,7.6,1506,1748,2241,1995,1505,1747,2241,1994,5714,445
1774487457,3,1678596.0,1560698.6,256719.2,241399.8,67343.3,69152.2,89018.0,156489.7,89326.5,326.6,28.4,3.7,605,24.9,7.6,1505,1748,2242,1995,1506,1748,2241,1994,5716,446
1774487759,3,1661474.9,1539969.1,254715.3,239729.4,66982.0,68658.2,88891.3,155301.5,89271.6,360.9,28.4,3.7,661,24.9,7.6,1506,1747,2241,1995,1505,1748,2240,1994,5714,446
1774488059,3,1652034.5,1532530.4,252890.3,238321.7,66643.8,68419.2,88438.2,154722.4,89219.2,389.8,28.4,3.7,685,24.9,7.6,1508,1750,2243,1996,1508,1749,2242,1995,5722,446
1774488357,3,1633680.0,1517179.5,252156.5,236813.7,66368.8,68067.0,88210.6,154076.0,89168.9,431.0,28.4,3.7,758,24.9,7.7,1508,1750,2244,1996,1507,1749,2242,1995,5721,446
1774488657,3,1619643.4,1502408.6,249698.2,234905.3,65953.6,67587.7,87934.2,153347.3,89121.4,462.5,28.4,3.7,769,24.9,7.6,1508,1750,2243,1996,1507,1749,2242,1996,5721,447
1774488957,3,1604221.6,1485490.6,248058.8,233492.5,65768.7,67400.7,87649.3,153431.1,89076.3,495.0,28.4,3.7,844,24.9,7.7,1508,1749,2242,1995,1507,1749,2241,1995,5722,446
1774489259,3,1599005.5,1480944.6,247622.4,233271.1,65609.8,67189.7,87366.7,152750.0,89033.8,527.0,28.4,3.7,863,24.9,7.7,1507,1749,2243,1996,1507,1749,2242,1995,5721,446
1774489559,3,1583181.1,1469440.9,245854.2,231429.4,65299.2,66892.5,87012.3,152170.9,88993.0,559.5,28.4,3.7,897,24.9,7.7,1508,1749,2242,1996,1507,1748,2242,1995,5720,446
1774489857,3,1570381.9,1456733.6,244744.4,230351.4,64984.6,66692.2,86975.7,152140.1,88954.8,591.8,28.4,3.8,926,24.9,7.7,1507,1748,2241,1995,1506,1748,2241,1994,5718,446
1774490157,3,1565069.1,1449179.9,243621.1,229404.0,64897.8,66490.4,86535.9,151228.6,88918.0,628.8,28.4,3.8,957,24.9,7.7,1506,1749,2242,1995,1506,1748,2242,1995,5719,446
1774490459,3,1555860.9,1441481.1,242988.8,228331.9,64670.2,66150.4,86366.9,151171.9,88884.5,666.7,28.4,3.8,1031,24.9,7.7,1506,1748,2242,1995,1506,1748,2242,1995,5718,446
1774490757,3,1541784.0,1434567.4,241727.8,227274.3,64385.1,66093.0,86222.7,150923.4,88851.7,708.1,28.4,3.8,1059,24.9,7.7,1506,1748,2242,1995,1506,1748,2241,1994,5716,446
1774491057,3,1534118.0,1421121.9,240216.7,225583.9,64169.1,65684.2,85727.4,150289.5,88821.3,743.0,28.5,3.8,1103,24.9,7.7,1507,1749,2243,1996,1506,1748,2241,1995,5718,446
1774491357,3,1529863.0,1420412.5,239641.8,225563.5,64034.5,65501.0,85645.3,150402.2,88792.5,777.2,28.4,3.8,1130,24.9,7.8,1506,1748,2242,1994,1506,1748,2241,1994,5716,446
1774491659,3,1521883.6,1410932.6,238987.4,224315.6,63933.0,65399.3,85503.7,149582.1,88765.7,810.4,28.4,3.8,1208,24.9,7.8,1505,1747,2240,1993,1504,1746,2239,1993,5712,445
1774491959,3,1510935.0,1399538.1,238002.5,224210.7,63637.4,65097.7,85253.3,149291.5,88739.2,841.4,28.4,3.8,1233,24.9,7.8,1507,1749,2243,1996,1506,1748,2240,1994,5716,446
1774492257,3,1506137.9,1394018.9,236721.9,222602.3,63429.6,64957.3,85155.3,148923.8,88715.1,877.3,28.4,3.8,1268,24.9,7.8,1506,1747,2241,1994,1505,1747,2240,1993,5713,446
1774492857,3,1976614.1,1841308.0,291773.5,274415.5,74278.7,75805.1,94564.5,165049.3,89875.2,131.1,28.3,3.5,389,24.8,7.4,1506,1747,2241,1994,1505,1747,2240,1993,5712,446
1774493157,3,1863456.9,1736238.9,279302.0,262919.9,71887.2,73468.5,93108.8,162506.4,89803.4,156.8,28.3,3.6,441,24.8,7.5,1506,1748,2241,1995,1506,1747,2240,1994,5715,446
1774493459,3,1810781.1,1685339.6,272110.9,256229.9,70476.8,72178.2,92136.4,161078.6,89733.0,193.5,28.4,3.6,522,24.8,7.5,1507,1748,2242,1995,1506,1747,2241,1994,5714,446
1774493759,3,1778163.6,1651646.9,268075.0,252215.6,69677.6,71195.0,91205.6,160200.1,89664.5,220.4,28.4,3.7,508,24.9,7.6,1506,1748,2241,1995,1505,1747,2240,1993,5712,446
1774494057,3,1756269.9,1637191.1,265842.0,250120.6,69112.0,70735.5,90882.7,159075.8,89597.6,256.4,28.4,3.7,561,24.9,7.6,1506,1748,2241,1995,1506,1748,2241,1994,5715,446
1774494357,3,1733927.1,1610229.1,263156.3,247350.2,68620.1,70231.9,90232.2,158051.1,89532.6,289.6,28.4,3.7,556,24.9,7.6,1507,1749,2242,1995,1506,1748,2241,1994,5715,445
1774494657,3,1714815.1,1592714.1,261238.0,245518.8,68231.7,69859.0,89848.4,157504.2,89470.8,321.2,28.4,3.7,630,24.9,7.6,1506,1748,2242,1994,1506,1747,2241,1994,5715,446
1774494959,3,1699054.6,1579239.9,259358.7,243861.6,67973.3,69517.0,89405.5,156980.7,89411.3,355.2,28.4,3.7,675,24.9,7.7,1507,1749,2242,1995,1506,1747,2241,1994,5715,446
1774495259,3,1692698.6,1570140.6,258064.3,242860.5,67605.5,69253.0,89328.2,156929.5,89354.8,390.6,28.4,3.7,687,24.9,7.7,1507,1748,2242,1995,1506,1748,2242,1994,5717,446
1774495559,3,1680776.6,1562248.4,256980.2,241780.1,67538.2,68922.0,89151.1,156408.9,89301.2,421.0,28.4,3.7,722,24.8,7.7,1506,1748,2241,1994,1506,1748,2240,1994,5715,446
1774495857,3,1666691.5,1548482.5,255691.7,240737.8,67223.9,68773.6,88614.6,155494.6,89250.5,449.1,28.3,3.7,750,24.8,7.7,1507,1749,2242,1995,1506,1748,2241,1994,5714,446
1774496157,3,1663354.1,1544099.6,255387.8,239593.5,66970.5,68572.6,88646.1,155374.7,89201.7,481.9,28.3,3.7,799,24.8,7.7,1507,1749,2242,1995,1506,1748,2242,1995,5717,446
1774496459,3,1646900.4,1531884.5,253432.9,238101.6,66820.0,68397.7,88630.6,154845.2,89155.3,519.1,28.3,3.7,821,24.8,7.7,1507,1749,2242,1995,1507,1748,2242,1994,5717,446
1774496757,3,1642418.4,1527111.6,253586.8,238028.2,66630.4,68111.0,88365.9,154434.5,89111.5,548.3,28.3,3.7,869,24.8,7.7,1507,1749,2242,1995,1506,1748,2241,1995,5716,446
1774497057,3,1636136.1,1521403.1,252783.5,237293.4,66543.0,67982.5,87879.8,153691.1,89069.5,581.8,28.3,3.7,886,24.8,7.7,1508,1749,2243,1996,1507,1749,2242,1995,5720,446
1774497359,3,1623966.6,1505799.1,250564.3,235855.3,66373.5,67954.1,87973.8,154297.4,89030.6,623.1,28.3,3.8,952,24.7,7.7,1508,1749,2243,1996,1507,1748,2242,1995,5719,446
1774497659,3,1619972.1,1507788.9,250487.7,235446.2,66150.5,67650.2,87699.2,153200.4,88993.6,648.5,28.2,3.7,1008,24.7,7.8,1508,1750,2242,1996,1507,1748,2242,1995,5720,446
1774497959,3,1616021.4,1500124.5,249342.1,235125.0,66080.6,67454.2,87891.1,153771.1,88958.2,687.6,28.2,3.7,1037,24.7,7.8,1506,1748,2241,1995,1505,1747,2241,1994,5714,446
1774498257,3,1610268.4,1497086.4,249350.5,234423.8,65999.3,67418.2,87464.7,153152.2,88924.5,719.7,28.2,3.8,1093,24.7,7.7,1508,1749,2242,1995,1507,1748,2241,1995,5720,446
1774498559,3,1604375.5,1488591.5,248183.2,233454.8,65892.6,67274.0,87699.0,152813.3,88893.3,749.4,28.2,3.7,1131,24.7,7.7,1508,1749,2243,1996,1508,1749,2243,1996,5724,446
1774498857,3,1602467.9,1489525.5,247970.4,233163.0,65673.6,67022.6,87382.4,152460.5,88863.2,779.6,28.2,3.8,1147,24.7,7.7,1509,1750,2243,1996,1508,1750,2242,1995,5722,446
1774499157,3,1587608.0,1477484.0,247088.8,232380.9,65630.2,67120.3,87366.8,152585.5,88834.8,819.3,28.2,3.7,1194,24.6,7.8,1508,1750,2243,1996,1507,1749,2242,1995,5720,446
1774499457,3,1589682.1,1475251.9,246885.4,232165.4,65539.9,66953.5,87464.1,152338.0,88807.5,856.3,28.1,3.8,1238,24.6,7.8,1508,1749,2243,1996,1507,1749,2242,1995,5720,446
1774500057,3,2084768.1,1943417.1,304872.9,287320.6,76858.4,78312.2,97325.7,168609.4,89915.7,118.5,28.0,3.5,393,24.4,7.4,1508,1749,2243,1996,1508,1749,2242,1995,5720,446
1774500357,3,1973785.9,1843210.4,291628.1,274871.1,74266.9,75818.5,95140.3,165624.0,89844.1,156.1,28.0,3.5,414,24.5,7.5,1508,1749,2243,1996,1507,1749,2241,1995,5721,447
1774500657,3,1916627.1,1790964.1,284169.5,267822.1,72911.1,74455.2,94349.7,165146.4,89773.1,186.6,28.0,3.6,479,24.5,7.5,1508,1749,2243,1996,1506,1748,2241,1994,5719,446
1774500959,3,1885407.5,1757500.4,281110.7,264876.2,72253.8,73808.5,94025.9,164069.5,89704.7,214.3,28.0,3.6,492,24.5,7.6,1507,1749,2242,1996,1507,1748,2242,1994,5716,446
1774501259,3,1862911.6,1735722.6,278612.3,262266.7,71682.6,73212.2,93545.7,163363.7,89639.8,237.6,28.0,3.6,524,24.5,7.6,1507,1749,2242,1995,1506,1748,2241,1993,5715,446
1774501559,3,1839684.1,1711478.9,275836.8,259841.0,71260.4,72836.5,92842.1,162351.2,89576.5,267.5,28.0,3.7,545,24.5,7.6,1508,1749,2243,1996,1508,1749,2242,1996,5720,446
1774501859,3,1826811.6,1702422.9,273945.6,258221.8,70983.2,72293.1,92587.7,162209.0,89515.9,302.1,28.0,3.7,601,24.5,7.6,1508,1750,2244,1996,1508,1750,2242,1996,5720,446
1774502159,3,1809300.6,1689749.4,272503.4,256489.6,70638.8,72026.0,92376.5,161604.0,89458.3,329.0,28.0,3.7,629,24.5,7.6,1509,1750,2245,1997,1508,1749,2243,1996,5721,446
1774502459,3,1799055.1,1677809.1,271212.8,255042.2,70238.0,71776.3,92133.9,160803.3,89404.1,363.7,28.0,3.7,708,24.4,7.6,1508,1750,2244,1996,1508,1749,2243,1996,5720,446
1774502759,3,1788493.4,1666558.9,269348.8,254094.5,70030.6,71486.1,91718.1,160374.1,89352.2,398.3,27.9,3.7,672,24.4,7.6,1508,1749,2243,1996,1005,1166,1495,1330,3812,297
1774503057,3,1776054.6,1653245.6,267597.4,252550.5,69788.2,71194.6,91687.1,159471.2,89302.9,428.9,28.0,3.7,704,24.4,7.6,1507,1749,2243,1996,1507,1749,2242,1995,5717,446
1774503357,3,1767520.6,1644954.0,267158.3,251783.6,69462.1,71007.1,91399.5,159558.3,89256.6,451.8,27.9,3.7,786,24.4,7.7,1507,1749,2243,1996,1507,1749,2242,1995,5718,446
1774503657,3,1755419.0,1634102.9,265767.7,250174.5,69340.2,70795.0,91250.8,159847.2,89212.7,488.1,27.9,3.7,803,24.4,7.7,1508,1749,2243,1996,1507,1748,2241,1995,5718,446
1774503957,3,1748360.6,1631746.6,265226.5,249708.8,69261.1,70594.2,90843.3,159044.1,89171.4,527.2,27.9,3.7,810,24.4,7.7,1508,1749,2243,1995,1507,1748,2241,1995,5720,446
1774504257,3,1741089.6,1618376.6,264564.9,248592.2,68985.7,70458.7,90761.9,158770.0,89132.2,552.7,27.9,3.7,885,24.4,7.7,1508,1749,2243,1996,1507,1748,2241,1995,5719,446
1774504557,3,1729539.6,1609265.6,262922.2,247393.8,68795.4,70104.8,90635.1,158260.6,89094.1,577.2,27.9,3.7,960,24.4,7.7,1508,1749,2243,1996,1507,1748,2241,1995,5718,446
1774504857,3,1724887.0,1606840.6,261953.2,247402.2,68630.2,70171.9,90635.5,158091.9,89058.6,612.5,27.9,3.7,970,24.4,7.7,1507,1749,2242,1995,1507,1748,2242,1995,5718,446
1774505157,3,1719897.6,1593053.9,260676.5,246022.0,68454.4,69896.2,90138.3,157759.0,89025.3,650.2,27.9,3.7,994,24.3,7.7,1506,1747,2242,1995,1505,1747,2240,1994,5713,446
1774505457,3,1709477.9,1588088.9,261221.3,244774.9,68149.6,69643.5,90179.8,157357.4,88993.8,682.2,27.9,3.7,1030,24.3,7.7,1508,1749,2243,1996,1507,1748,2242,1996,5721,446
1774505759,3,1700196.6,1577537.5,259318.6,244417.9,68014.3,69402.3,89989.9,157505.0,88963.4,711.0,27.9,3.7,1095,24.3,7.7,1508,1749,2244,1996,1507,1749,2243,1995,5717,446
1774506059,3,1695606.4,1574412.6,258547.0,243366.1,68057.8,69294.8,89876.8,157137.1,88934.8,746.3,27.8,3.8,1115,24.3,7.7,1508,1749,2243,1996,1507,1748,2242,1995,5716,446
1774506357,3,1688825.5,1566323.0,257777.4,242738.2,67700.2,69199.3,89943.8,156319.3,88907.9,780.2,27.8,3.7,1164,24.3,7.7,1507,1750,2244,1996,1507,1748,2242,1995,5716,446
1774506657,3,1681096.1,1559885.0,257711.0,241997.5,67710.2,69011.2,89516.2,155991.9,88882.3,806.0,27.8,3.7,1187,24.3,7.8,1508,1750,2244,1997,1507,1749,2242,1996,5718,446
1774507259,3,2208159.2,2055054.4,317939.5,299364.2,79769.6,81234.0,99351.8,172627.3,90004.7,112.0,27.7,3.4,376,24.2,7.4,1508,1750,2243,1996,1507,1748,2242,1995,5717,446
1774507557,3,2072765.1,1932857.9,303073.2,285859.7,76613.7,77977.9,97465.7,170290.0,89933.1,135.4,27.7,3.5,409,24.2,7.4,1508,1749,2243,1996,1507,1749,2242,1996,5719,446
1774507857,3,2018893.4,1881672.4,296360.5,279486.0,75134.4,76524.1,96478.9,168917.9,89862.8,175.0,27.7,3.6,439,24.2,7.5,1508,1750,2243,1996,1508,1749,2242,1995,5720,446
1774508159,3,1981197.0,1843058.0,291588.2,275155.2,74353.0,75789.1,95739.7,168112.2,89795.1,196.8,27.7,3.6,491,24.2,7.6,1508,1749,2243,1996,1507,1748,2241,1995,5719,446
1774508459,3,1958434.6,1822729.4,289024.3,271763.2,73840.1,75190.4,95280.7,166658.7,89730.0,227.1,27.8,3.6,511,24.2,7.6,1508,1749,2243,1996,1507,1748,2241,1995,5719,446
1774508757,3,1933480.5,1802978.6,285727.6,269928.5,73161.1,74746.8,94855.2,165868.6,89667.5,258.2,27.8,3.6,547,24.2,7.6,1508,1749,2243,1996,1508,1748,2243,1996,5720,446
1774509057,3,1913305.0,1783713.6,284323.5,267115.8,72744.7,74171.5,94267.7,165014.6,89608.3,287.9,27.7,3.6,548,24.2,7.6,1507,1749,2242,1996,1507,1748,2242,1995,5717,446
1774509357,3,1893657.5,1765919.9,281951.0,265978.0,72437.2,73879.0,94036.1,164366.4,89552.4,317.2,27.7,3.6,635,24.2,7.7,1508,1750,2243,1996,1507,1749,2243,1995,5718,446
1774509659,3,1881612.4,1749354.4,280657.2,263401.0,72067.5,73498.8,93813.0,164116.5,89498.8,352.4,27.7,3.6,658,24.2,7.6,1507,1749,2243,1996,1506,1748,2242,1995,5718,446
1774509957,3,1868102.6,1741237.5,278781.8,262533.1,71560.7,73166.9,93403.0,163807.4,89447.9,379.7,27.7,3.7,705,24.2,7.7,1508,1749,2243,1996,1507,1749,2241,1995,5719,446
1774510257,3,1854578.1,1730086.1,277320.8,261448.2,71478.8,72941.8,93159.3,163580.0,89400.1,411.8,27.7,3.7,710,24.2,7.7,1508,1750,2244,1996,1507,1749,2242,1996,5720,447
1774510559,3,1845339.5,1722068.5,275681.8,259473.1,71252.1,72597.1,92750.5,162930.0,89354.8,440.4,27.7,3.7,795,24.2,7.7,1508,1749,2243,1996,1507,1748,2242,1995,5719,446
1774510859,3,1827639.6,1701754.4,274424.4,258382.3,71001.6,72324.3,92488.8,162093.7,89311.6,474.9,27.7,3.7,784,24.2,7.7,1508,1749,2243,1996,1506,1748,2241,1994,5717,446
1774511157,3,1821556.9,1696785.6,273259.4,257513.5,70624.9,72059.1,92399.6,161865.7,89270.4,507.3,27.7,3.7,806,24.2,7.7,1508,1749,2243,1996,1506,1748,2242,1995,5717,446
1774511457,3,1808999.1,1686529.4,272697.0,255971.5,70370.4,71775.1,92088.3,161949.8,89231.7,534.5,27.7,3.7,853,24.2,7.7,1507,1749,2242,1996,1506,1748,2242,1995,5716,446
1774511759,3,1796579.5,1673425.6,270821.1,255249.7,70120.0,71569.1,91947.9,160498.9,89195.8,564.3,27.7,3.7,900,24.2,7.7,1507,1749,2243,1996,1506,1748,2242,1995,5715,445
1774512057,3,1790501.9,1668343.0,269973.5,253655.0,69933.9,71336.0,91704.4,160257.7,89162.0,595.8,27.7,3.7,927,24.2,7.7,1506,1748,2242,1995,1506,1748,2241,1995,5714,446
1774512357,3,1782950.4,1661056.5,268739.1,252650.2,69759.7,71045.0,91560.1,160517.8,89130.1,631.1,27.7,3.7,995,24.2,7.7,1508,1749,2243,1996,1507,1748,2242,1996,5720,446
1774512659,3,1769639.5,1645594.1,267826.8,251673.5,69492.5,70926.7,91273.3,159837.9,89098.8,659.5,27.7,3.7,1017,24.2,7.7,1507,1749,2242,1995,1507,1749,2242,1996,5718,446
1774512957,3,1763654.0,1639810.9,267128.9,251048.4,69298.2,70772.2,91051.7,159263.7,89069.6,687.5,27.7,3.7,1061,24.2,7.7,1507,1748,2242,1996,1506,1748,2242,1995,5716,446
1774513257,3,1755421.9,1631639.5,265198.8,249855.0,69174.9,70524.5,90937.5,159902.6,89042.2,729.5,27.7,3.7,1077,24.2,7.7,1507,1748,2243,1996,1506,1748,2242,1995,5716,446
1774513559,3,1747502.5,1620479.4,264380.1,248233.6,69007.2,70486.6,90615.0,158511.9,89016.4,759.4,27.7,3.7,1141,24.2,7.7,1508,1750,2244,1996,1507,1749,2242,1995,5721,446
1774513857,3,1734941.6,1611050.4,263481.3,247989.4,68920.8,70170.2,90433.6,158326.5,88992.1,790.7,27.7,3.7,1172,24.2,7.8,1509,1751,2244,1997,1509,1750,2243,1996,5723,446
1774514459,3,2261943.8,2108321.2,324850.4,305671.3,81038.9,82421.5,100587.4,175023.7,90137.7,115.1,27.6,3.4,396,24.1,7.4,1508,1749,2243,1996,1507,1748,2242,1995,5719,446
1774514759,3,2132683.2,1986828.0,309137.0,290514.8,77722.7,79529.7,98631.7,171775.2,90065.5,141.3,27.6,3.5,406,24.1,7.5,1507,1748,2242,1995,1506,1748,2241,1995,5715,446
1774515057,3,2069384.6,1926605.5,302510.5,284289.2,76325.5,77811.4,97452.2,170179.4,89994.9,167.3,27.7,3.6,444,24.1,7.5,1508,1748,2243,1996,1507,1748,2242,1996,5717,446
1774515359,3,2027172.9,1890027.1,297290.3,280094.3,75564.6,76891.4,96703.6,169046.9,89925.6,196.8,27.7,3.6,514,24.2,7.6,1507,1749,2243,1996,1507,1749,2242,1995,5716,446
1774515659,3,1999195.9,1862096.4,293806.1,276449.9,74830.6,76172.1,96113.0,168092.4,89859.4,225.2,27.7,3.6,531,24.2,7.6,1507,1748,2242,1995,1506,1748,2240,1994,5714,446
1774515957,3,1974187.9,1844344.0,291760.7,274356.8,74268.7,75690.3,95713.6,167454.9,89795.7,255.4,27.7,3.6,569,24.2,7.6,1507,1748,2243,1996,1507,1748,2242,1995,5717,446
1774516257,3,1957036.1,1825456.9,289081.6,271428.1,73795.8,75260.2,95398.1,166749.5,89735.0,289.0,27.7,3.6,572,24.2,7.7,1509,1750,2243,1996,1508,1749,2242,1996,5722,446
1774516559,3,1941817.5,1810267.1,287881.2,271091.8,73380.6,74942.1,94972.0,166320.9,89677.1,318.6,27.7,3.7,651,24.2,7.7,1509,1750,2244,1996,1508,1749,2243,1996,5723,446
1774516859,3,1929788.5,1800173.4,285791.4,269237.4,73123.8,74542.7,94607.8,165710.6,89623.1,346.8,27.7,3.6,699,24.2,7.7,1509,1750,2244,1997,1508,1749,2242,1996,5722,446
1774517157,3,1909210.4,1784976.4,283828.2,266882.7,72841.6,74231.1,94400.3,165055.6,89571.2,374.0,27.7,3.7,699,24.2,7.7,1509,1750,2244,1997,1508,1750,2243,1996,5724,446
1774517457,3,1894878.9,1765501.5,282615.1,266104.4,72409.3,73907.5,94115.8,164662.6,89521.4,398.5,27.7,3.7,718,24.2,7.7,1508,1749,2243,1996,1507,1749,2242,1995,5721,446
1774517759,3,1886903.5,1758083.4,281119.5,263738.1,72156.4,73599.6,93865.1,164262.8,89474.5,430.2,27.7,3.6,743,24.2,7.7,1507,1749,2242,1995,1506,1748,2241,1995,5717,446
1774518057,3,1866697.4,1744260.4,279745.5,262768.6,72028.8,73412.3,93648.9,163696.2,89429.8,463.5,27.7,3.7,761,24.2,7.7,1508,1749,2243,1996,1507,1748,2242,1995,5718,446
1774518357,3,1864929.1,1738574.5,277978.1,261663.7,71714.4,73203.1,93171.4,163521.3,89387.6,490.1,27.7,3.7,791,24.2,7.7,1508,1748,2243,1995,1507,1749,2243,1996,5717,446
1774518659,3,1849239.6,1723497.6,276680.5,260670.7,71474.0,72878.7,93023.0,162902.3,89347.9,525.3,27.7,3.7,879,24.2,7.7,1507,1749,2243,1996,1506,1747,2241,1995,5715,446
1774518959,3,1838588.5,1712788.1,275505.5,259392.2,71240.3,72552.9,92820.6,162657.7,89309.0,558.4,27.7,3.7,880,24.2,7.7,1507,1749,2243,1995,1507,1748,2242,1995,5716,446
1774519257,3,1828561.1,1704083.9,274642.4,258406.5,71070.0,72317.3,92452.6,162336.3,89272.8,586.1,27.7,3.7,934,24.2,7.7,1508,1749,2243,1996,1507,1748,2242,1995,5716,446
1774519559,3,1820918.6,1696832.0,273325.3,256750.6,70812.4,72100.5,92313.3,161368.5,89238.5,617.9,27.7,3.7,974,24.2,7.7,1507,1749,2243,1996,1507,1748,2242,1995,5717,446
1774519859,3,1812380.6,1689778.9,272574.6,255839.5,70610.3,71889.3,92252.0,161640.0,89206.0,656.5,27.7,3.7,1012,24.2,7.8,1507,1749,2243,1996,1507,1748,2242,1995,5717,446
1774520157,3,1802324.0,1678196.9,271155.8,254662.6,70298.5,71719.9,92065.8,160868.9,89175.5,680.6,27.7,3.7,1053,24.2,7.8,1508,1749,2243,1996,1507,1749,2243,1996,5719,446
1774520457,3,1792885.9,1673812.1,269949.3,254612.3,70199.2,71450.8,91674.7,161359.2,89146.4,710.5,27.7,3.7,1051,24.2,7.8,1509,1750,2244,1997,1508,1749,2243,1996,5722,446
1774520759,3,1786628.1,1664164.1,269415.2,254175.8,70022.4,71350.2,91710.2,159873.5,89118.1,755.1,27.7,3.7,1148,24.2,7.8,1509,1750,2244,1996,1508,1749,2242,1996,5723,446
1774521059,3,1778967.5,1653765.6,269017.2,252124.4,69970.1,71102.6,91354.3,160017.9,89092.0,786.0,27.7,3.7,1148,24.2,7.8,1508,1749,2244,1996,1507,1748,2242,1995,5721,446
1774521657,3,2296571.8,2139681.2,328580.3,309033.6,81695.3,83158.9,101299.7,175719.3,90138.9,111.0,27.6,3.4,374,24.0,7.4,1507,1749,2242,1995,1506,1747,2241,1994,5716,446
1774521959,3,2160395.2,2010305.6,312856.9,293944.9,78308.5,79901.5,99087.8,172673.5,90069.6,139.7,27.6,3.5,448,24.1,7.6,1508,1749,2243,1996,1507,1749,2243,1995,5717,446
1774522259,3,2102496.2,1956970.1,305131.9,287018.8,76850.1,78218.0,98109.8,171092.6,90001.1,163.6,27.7,3.5,451,24.1,7.6,1507,1748,2242,1995,1507,1748,2242,1995,5716,446
1774522557,3,2055550.1,1915198.0,300527.8,281890.7,75890.3,77367.3,97159.7,169320.2,89933.4,195.5,27.7,3.6,526,24.1,7.6,1507,1749,2243,1996,1506,1748,2242,1995,5715,446
1774522857,3,2025543.1,1891632.0,297098.0,279535.2,75400.5,76742.4,96527.9,168890.4,89868.8,229.7,27.7,3.6,541,24.1,7.6,1507,1749,2242,1995,1506,1748,2241,1994,5715,446
1774523159,3,2003525.0,1868908.4,294795.0,277223.8,74900.6,76155.3,96112.8,168055.0,89807.5,258.4,27.7,3.6,564,24.1,7.7,1507,1748,2242,1996,1507,1748,2242,1995,5717,446
1774523459,3,1986651.1,1850480.0,292538.5,275161.7,74482.6,75809.1,95778.1,167311.0,89749.0,289.4,27.7,3.6,560,24.2,7.6,1507,1748,2242,1996,1506,1748,2242,1995,5716,446
1774523757,3,1966258.0,1828913.1,290137.0,273217.7,74077.9,75331.8,95341.0,167019.0,89693.3,312.4,27.7,3.6,617,24.2,7.7,1508,1749,2244,1996,1507,1749,2243,1995,5718,446
1774524057,3,1950813.1,1813759.1,288362.6,271317.2,73730.8,75121.3,95062.9,166042.8,89640.7,344.5,27.7,3.6,661,24.1,7.7,1508,1750,2244,1997,1508,1749,2243,1996,5721,446
1774524359,3,1936998.1,1801303.5,286906.4,269479.6,73392.2,74620.6,94483.1,165545.1,89591.3,368.8,27.7,3.6,668,24.1,7.7,1509,1749,2244,1997,1508,1749,2243,1996,5721,446
1774524659,3,1919620.4,1784216.4,284754.4,267678.9,72921.5,74129.7,94291.7,165563.2,89543.5,400.4,27.7,3.6,692,24.1,7.7,1509,1750,2244,1996,1508,1749,2243,1996,5722,446
1774524957,3,1905662.4,1776341.0,283768.4,266367.5,72704.8,74144.1,94078.8,165011.3,89497.3,428.5,27.7,3.7,757,24.2,7.7,1508,1749,2243,1996,1507,1748,2241,1995,5717,446
1774525257,3,1891800.1,1762800.6,282065.2,265038.7,72485.4,73767.7,93873.9,164077.0,89453.5,459.3,27.7,3.7,770,24.2,7.7,1507,1748,2243,1995,1507,1747,2241,1994,5716,446
1774525559,3,1885036.9,1757863.6,280719.7,264856.4,72225.8,73504.5,93835.0,163904.6,89412.8,492.6,27.7,3.7,830,24.2,7.7,1509,1750,2245,1997,1509,1750,2244,1996,5724,446
1774525857,3,1873325.1,1747284.9,279114.1,263321.4,71863.9,73230.3,93402.8,163393.8,89373.5,514.8,27.7,3.7,860,24.1,7.7,1509,1750,2243,1996,1507,1749,2242,1995,5721,446
1774526157,3,1861361.4,1733840.0,278328.8,261563.6,71723.2,72956.7,93212.4,163300.8,89335.9,550.6,27.7,3.7,887,24.2,7.7,1509,1749,2244,1996,1507,1748,2242,1995,5719,446
1774526459,3,1853077.0,1723540.1,277250.4,261237.9,71539.6,72922.3,92941.6,162367.8,89299.7,582.6,27.7,3.7,930,24.1,7.8,1508,1750,2244,1997,1507,1749,2243,1995,5720,446
1774526759,3,1839125.0,1714344.0,276295.7,259826.1,71176.0,72630.0,92659.8,161946.2,89266.2,607.6,27.7,3.7,921,24.2,7.8,1507,1749,2243,1995,1507,1748,2241,1995,5717,446
1774527057,3,1834523.4,1706173.6,275013.7,258902.2,70997.3,72222.5,92616.0,161623.4,89234.3,648.0,27.7,3.7,1018,24.1,7.8,1508,1749,2244,1996,1507,1748,2242,1995,5718,446
1774527357,3,1820233.4,1697255.6,273831.9,257503.7,70783.7,72163.9,92306.5,161505.5,89204.5,678.2,27.7,3.7,1025,24.1,7.8,1508,1750,2243,1996,1507,1748,2242,1995,5717,446
1774527659,3,1811885.5,1688151.9,273154.3,256497.1,70620.4,71809.3,91970.1,161142.8,89175.4,715.4,27.7,3.7,1087,24.1,7.8,1508,1749,2243,1996,1507,1749,2242,1996,5717,446
1774527959,3,1809793.9,1685435.4,272253.9,255055.9,70432.5,71866.7,92021.7,160642.3,89148.7,740.5,27.7,3.7,1129,24.1,7.8,1507,1748,2243,1995,1507,1748,2241,1995,5716,446
1774528257,3,1798374.0,1674005.4,271259.2,254650.9,70174.4,71614.5,91759.7,160388.1,89122.5,777.2,27.7,3.7,1157,24.1,7.8,1508,1748,2243,1996,1507,1748,2242,1995,5717,446
1774528859,3,2339287.8,2185749.2,334747.2,313860.3,82997.5,84304.5,102029.5,176898.0,90211.3,104.0,27.5,3.4,397,24.0,7.4,1509,1751,2245,1997,1508,1750,2244,1996,5721,446
1774529157,3,2204172.0,2055581.6,318066.2,297911.5,79581.5,81169.6,99928.2,174138.8,90141.6,134.4,27.6,3.5,412,24.0,7.6,1508,1750,2244,1996,1508,1749,2243,1995,5719,446
1774529457,3,2139486.8,1991918.0,310396.6,290970.4,77906.3,79506.9,98708.2,172171.6,90072.3,166.6,27.6,3.5,477,24.1,7.6,1509,1750,2244,1997,1508,1749,2243,1996,5722,447
1774529759,3,2097596.0,1957679.1,306026.2,287322.0,77037.7,78270.3,98011.9,171306.8,90005.4,196.3,27.6,3.6,467,24.1,7.6,1508,1750,2244,1996,1508,1749,2242,1995,5722,446
1774530059,3,2070506.0,1930759.9,302309.8,284152.5,76229.5,77707.9,97337.5,169837.5,89940.6,222.6,27.6,3.6,542,24.1,7.7,1508,1749,2243,1996,1508,1749,2242,1995,5722,446
1774530357,3,2042593.1,1908896.9,300138.7,281658.3,75814.8,77196.8,97070.7,169106.1,89878.9,250.5,27.6,3.6,527,24.1,7.6,1508,1749,2242,1996,1507,1748,2242,1995,5718,446
1774530657,3,2025069.1,1889820.4,297588.2,279776.7,75148.7,76632.1,96386.4,169154.2,89820.4,279.6,27.6,3.6,549,24.1,7.7,1508,1749,2244,1996,1507,1748,2242,1995,5718,446
1774530959,3,2008666.6,1870049.5,295713.2,277431.8,74886.3,76136.0,96067.7,168000.7,89764.8,305.4,27.6,3.6,628,24.1,7.7,1507,1749,2243,1996,1507,1748,2242,1995,5717,446
1774531259,3,1985485.4,1853919.4,293134.4,275512.3,74445.6,75825.1,95794.4,167440.6,89711.9,335.9,27.6,3.6,624,24.1,7.7,1509,1750,2244,1997,1509,1750,2243,1996,5724,447
1774531557,3,1978093.4,1843463.9,291688.4,274307.5,74177.6,75454.4,95316.7,166721.3,89661.8,367.0,27.6,3.6,653,24.1,7.7,1509,1750,2245,1997,1509,1749,2243,1996,5722,446
1774531857,3,1964595.4,1831201.9,290188.1,272477.7,74009.0,75237.1,95140.6,166488.3,89614.4,399.8,27.6,3.6,712,24.1,7.7,1510,1751,2244,1997,1508,1750,2243,1996,5723,446
1774532159,3,1944750.1,1812131.6,288137.8,270786.4,73754.5,74888.5,94929.4,165981.0,89568.6,426.8,27.7,3.6,746,24.1,7.8,1510,1751,2244,1997,1509,1751,2244,1997,5725,447
1774532457,3,1935142.0,1807295.9,286927.1,270061.2,73337.7,74612.4,94444.6,165353.9,89524.8,455.2,27.6,3.7,795,24.1,7.8,1509,1751,2245,1997,1508,1749,2243,1996,5724,446
1774532757,3,1926611.1,1794485.4,286328.2,268469.0,73024.9,74295.9,94345.0,165145.6,89483.0,484.4,27.6,3.7,785,24.1,7.7,1510,1751,2245,1997,1508,1750,2243,1996,5724,446
1774533057,3,1917426.4,1784221.6,284799.0,267982.2,72851.8,74025.8,94325.6,164921.3,89443.1,521.5,27.6,3.7,843,24.1,7.8,1508,1749,2242,1995,1507,1748,2242,1995,5717,446
1774533359,3,1907993.5,1773889.9,283792.2,266232.7,72721.1,73948.0,93843.6,164691.7,89406.0,552.2,27.6,3.7,854,24.1,7.8,1507,1748,2243,1995,1507,1748,2241,1995,5716,446
1774533657,3,1893307.9,1762026.1,282636.3,264814.2,72423.0,73694.0,93677.3,164064.6,89370.5,583.8,27.6,3.7,898,24.1,7.8,1507,1749,2242,1996,1507,1748,2242,1995,5717,446
1774533957,3,1885305.1,1760049.5,281280.9,264069.6,72338.5,73333.9,93365.3,163461.6,89336.9,608.1,27.6,3.7,933,24.1,7.8,1507,1748,2242,1996,1507,1747,2241,1995,5717,446
1774534259,3,1872432.0,1745055.1,279951.3,263053.7,71928.9,73271.1,93202.7,163230.6,89304.5,637.5,27.6,3.7,958,24.1,7.8,1507,1748,2242,1995,1507,1748,2242,1995,5717,446
1774534557,3,1867411.9,1737421.4,279150.0,262505.0,71691.8,73022.8,93088.7,162833.7,89273.7,659.5,27.6,3.7,1018,24.1,7.8,1508,1749,2243,1995,1507,1747,2241,1995,5717,446
1774534857,3,1853342.5,1727365.4,277723.3,261658.0,71557.4,72991.7,93015.5,162352.9,89245.1,692.7,27.6,3.7,1036,24.1,7.8,1507,1748,2242,1995,1506,1747,2241,1994,5714,446
1774535159,3,1850260.6,1721476.4,277212.2,260071.8,71484.8,72804.7,92725.6,161915.2,89217.7,732.6,27.6,3.7,1104,24.1,7.8,1507,1748,2243,1995,1506,1747,2241,1994,5715,446
1774535457,3,1841381.5,1712481.6,276133.5,259273.0,71214.9,72517.2,92508.8,161569.2,89192.8,763.9,27.6,3.7,1138,24.1,7.8,1508,1750,2244,1997,1507,1749,2242,1996,5718,446
1774536059,3,2394729.8,2238903.2,341339.5,320233.5,84012.8,85411.8,102933.1,179006.2,90268.1,100.1,27.5,3.4,331,24.0,7.5,1507,1749,2244,1995,1507,1748,2242,1995,5716,446
1774536357,3,2261949.0,2108425.8,324672.2,305130.8,80980.1,82602.3,101091.0,175900.7,90199.3,127.4,27.5,3.5,414,24.0,7.6,1508,1749,2244,1996,1507,1749,2243,1995,5718,446
1774536659,3,2193922.2,2045887.1,316864.7,297741.9,79306.9,81176.9,99682.5,173673.3,90130.3,157.9,27.6,3.5,459,24.0,7.6,1507,1749,2243,1995,1507,1748,2242,1995,5717,446
1774536957,3,2151423.8,2004234.1,312640.3,293253.2,78095.1,80225.5,99149.8,172955.3,90063.7,182.8,27.6,3.6,451,24.1,7.6,1507,1749,2243,1996,1507,1749,2243,1995,5719,446
1774537257,3,2128612.8,1978606.6,308363.7,289800.1,77619.5,79066.3,98348.7,172060.8,90000.8,213.7,27.6,3.6,497,24.1,7.7,1508,1750,2243,1996,1507,1749,2242,1995,5719,446
1774537559,3,2101228.8,1956442.5,306160.1,287293.9,76964.9,78388.6,98036.7,170964.7,89940.2,239.0,27.6,3.6,555,24.1,7.7,1508,1749,2243,1995,1508,1749,2243,1995,5720,446
1774537857,3,2078158.6,1935631.5,303763.2,285339.2,76550.0,77912.2,97502.5,170445.5,89881.9,266.2,27.6,3.6,560,24.1,7.7,1508,1749,2243,1995,1507,1749,2243,1995,5722,446
1774538157,3,2061034.6,1923206.4,301763.1,283589.5,76153.8,77464.2,97089.9,169737.4,89828.0,297.7,27.6,3.6,609,24.1,7.7,1508,1749,2243,1996,1508,1749,2243,1995,5721,446
1774538459,3,2041875.5,1901970.1,299825.4,281593.4,75594.2,77245.3,96788.5,169036.1,89776.0,326.1,27.6,3.6,613,24.1,7.8,1508,1750,2244,1996,1508,1749,2243,1995,5720,446
1774538757,3,2032265.0,1895081.5,298343.8,280010.4,75416.8,76804.7,96433.4,168378.5,89726.4,354.6,27.6,3.6,661,24.1,7.7,1508,1749,2244,1996,1508,1749,2243,1996,5720,446
1774539057,3,2019011.0,1879923.6,296053.8,279094.5,74991.0,76483.5,96155.2,168171.0,89679.2,386.1,27.6,3.6,728,24.1,7.8,1509,1750,2245,1997,1509,1749,2244,1996,5721,446
1774539359,3,2006712.0,1867172.0,295135.6,276838.3,74940.9,76214.4,95758.2,167706.6,89634.7,414.0,27.6,3.6,728,24.1,7.8,1509,1750,2245,1997,1508,1749,2243,1996,5721,446
1774539657,3,1988891.4,1851030.6,293421.4,275977.3,74577.1,75925.5,95687.8,166975.4,89592.2,443.3,27.6,3.7,758,24.1,7.8,1509,1750,2245,1997,1508,1750,2245,1996,5723,446
1774539957,3,1975037.9,1838403.5,291975.9,274387.9,74342.2,75627.4,95413.8,166564.2,89551.4,470.6,27.6,3.6,773,24.1,7.8,1508,1749,2244,1996,1508,1749,2244,1996,5721,446
1774540259,3,1964782.6,1830761.9,290500.3,273329.0,73938.8,75421.5,95119.0,166312.4,89512.8,506.6,27.6,3.7,870,24.1,7.8,1510,1750,2245,1997,1508,1749,2243,1996,5723,446
1774540559,3,1956220.9,1821080.1,289173.6,272194.2,73885.2,75113.2,94916.6,165795.3,89476.3,534.1,27.6,3.7,862,24.1,7.8,1509,1750,2244,1996,1508,1749,2243,1995,5723,446
1774540857,3,1942787.0,1813192.6,288255.8,270527.6,73519.3,74960.0,94702.4,165343.0,89441.2,565.2,27.6,3.7,879,24.1,7.8,1508,1749,2244,1996,1508,1749,2243,1995,5723,446
1774541157,3,1929811.9,1803405.5,287330.9,269506.3,73340.4,74731.6,94689.9,165308.1,89408.2,598.3,27.6,3.7,924,24.1,7.8,1508,1749,2244,1996,1508,1749,2243,1995,5721,446
1774541459,3,1919723.6,1788222.6,285741.2,268109.4,73117.8,74529.0,94320.6,164744.8,89376.6,621.2,27.6,3.7,1003,24.1,7.8,1506,1748,2242,1995,1505,1747,2242,1994,5713,445
1774541757,3,1913961.4,1782817.1,284640.3,267012.0,72904.0,74288.7,94215.9,164617.8,89346.4,647.3,27.6,3.7,977,24.1,7.8,1507,1749,2244,1996,1506,1748,2243,1995,5717,446
1774542057,3,1902683.6,1772914.1,284134.2,266405.5,72773.6,73989.3,93903.3,164074.9,89317.7,684.6,27.6,3.7,1052,24.1,7.9,1508,1750,2245,1997,1508,1749,2244,1996,5720,446
1774542359,3,1890561.4,1764893.6,282890.0,265522.6,72456.4,73934.8,93712.0,163732.9,89291.3,717.4,27.6,3.7,1090,24.1,7.9,1509,1750,2245,1997,1509,1750,2244,1996,5722,446
1774542657,3,1885296.4,1757461.9,281650.2,264733.1,72324.5,73682.2,93674.1,163186.4,89266.0,747.5,27.6,3.7,1113,24.1,7.9,1509,1750,2245,1996,1508,1749,2244,1995,5720,446
1774543259,3,2451692.0,2285239.0,348893.7,325770.2,85243.7,86431.6,103934.2,180082.6,90403.5,92.4,27.5,3.4,380,23.9,7.5,1509,1750,2245,1996,1508,1750,2245,1996,5722,446
1774543557,3,2311528.0,2153398.8,329975.8,309888.7,81985.7,83550.5,101925.0,177454.5,90331.0,119.0,27.5,3.5,446,24.0,7.6,1509,1751,2245,1997,1508,1749,2243,1996,5722,446
1774543857,3,2236468.0,2091637.0,322595.6,302650.0,80386.1,82117.1,100941.4,176213.2,90259.1,145.9,27.5,3.5,460,24.0,7.6,1509,1751,2245,1997,1509,1750,2245,1996,5725,446
1774544159,3,2198192.2,2047565.4,317320.5,297950.3,79377.7,81073.1,99744.9,174446.4,90190.1,179.8,27.5,3.6,463,24.0,7.7,1510,1750,2245,1997,1508,1750,2244,1996,5723,447
1774544459,3,2170135.5,2021911.1,314226.2,295176.6,78352.5,80417.9,99063.7,172968.2,90123.3,213.0,27.5,3.6,510,24.0,7.7,1510,1751,2246,1997,1509,1750,2245,1997,5728,446
1774544757,3,2146264.2,1996761.0,311413.7,292174.1,77754.7,79559.9,98671.3,172413.6,90060.8,244.1,27.6,3.6,517,24.0,7.7,1510,1751,2246,1998,1509,1750,2245,1997,5729,447
1774545059,3,2123160.0,1977956.5,308706.2,289459.3,77313.4,78811.1,98203.2,171395.1,90001.2,273.2,27.6,3.6,593,24.1,7.8,1509,1750,2245,1997,1508,1749,2244,1996,5724,446
1774545359,3,2105248.8,1959309.1,306452.7,287537.5,76886.9,78338.4,97660.6,170548.8,89943.5,298.5,27.6,3.6,573,24.1,7.8,1509,1750,2245,1997,1509,1750,2244,1996,5726,446
1774545657,3,2079600.4,1940182.6,304569.6,286399.0,76570.6,77933.6,97356.2,170182.6,89888.1,324.1,27.6,3.6,610,24.1,7.8,1509,1751,2245,1997,1509,1750,2244,1997,5725,446
1774545959,3,2070713.0,1924763.6,302848.3,284170.5,76035.5,77480.3,97142.0,169501.3,89835.7,351.0,27.6,3.6,672,24.1,7.8,1509,1751,2245,1997,1508,1750,2244,1996,5725,446
1774546257,3,2049798.0,1913759.6,300892.8,282108.3,75794.5,77210.9,96662.5,169124.7,89785.6,378.9,27.6,3.6,706,24.1,7.8,1509,1751,2245,1997,1508,1750,2244,1996,5725,447
1774546557,3,2037376.4,1900074.6,299398.3,281338.5,75702.3,76829.0,96476.1,168633.0,89738.4,408.5,27.6,3.6,729,24.1,7.8,1509,1750,2245,1997,1509,1750,2245,1997,5726,447
1774546859,3,2024396.5,1888306.4,297644.8,279008.4,75214.9,76478.4,96087.1,168304.3,89692.9,433.6,27.6,3.7,773,24.1,7.8,1509,1750,2245,1997,1508,1750,2244,1996,5725,446
1774547159,3,2010818.1,1871464.4,296290.8,277614.6,74961.3,76206.7,96009.2,167643.5,89650.0,458.0,27.6,3.6,805,24.1,7.8,1510,1750,2245,1997,1508,1750,2244,1996,5725,446
1774547458,3,2001337.4,1860666.0,294477.8,276521.2,74590.9,76026.2,95678.4,167122.4,89610.0,487.3,27.6,3.6,833,24.1,7.9,1509,1749,2245,1996,1509,1750,2244,1996,5726,447
1774547757,3,1986763.1,1850090.5,293338.2,275472.8,74355.4,75699.8,95341.4,166588.6,89570.3,521.0,27.6,3.7,825,24.1,7.8,1509,1750,2244,1996,1508,1749,2243,1996,5724,447
1774548059,3,1975869.9,1836810.6,291572.8,274756.6,74130.0,75570.9,95211.7,166401.0,89531.8,548.5,27.6,3.7,876,24.1,7.9,1508,1750,2245,1996,1508,1749,2243,1996,5724,446
1774548357,3,1960196.0,1826711.5,290507.2,272993.0,73827.4,75458.1,94908.2,165688.8,89494.9,588.3,27.6,3.7,943,24.1,7.8,1509,1750,2245,1997,1508,1749,2244,1996,5723,447
1774548657,3,1951756.1,1818050.9,289859.1,271700.8,73785.2,75111.8,94826.3,165231.9,89460.7,624.9,27.6,3.7,975,24.1,7.9,1508,1750,2244,1996,1508,1749,2244,1996,5723,446
1774548959,3,1944728.5,1808789.5,288587.6,271043.8,73711.7,74928.4,94427.1,165467.5,89427.5,648.7,27.6,3.7,1007,24.1,7.9,1509,1750,2245,1997,1508,1749,2244,1996,5724,446
1774549259,3,1932468.1,1800652.4,287190.8,269784.2,73331.6,74647.9,94401.3,164783.5,89396.3,681.3,27.6,3.7,1007,24.1,7.9,1509,1750,2245,1997,1509,1750,2244,1997,5726,446
1774549557,3,1924735.9,1791540.0,286249.1,269202.8,72981.4,74359.4,94119.7,164558.1,89366.1,716.8,27.6,3.7,1068,24.1,7.9,1510,1751,2246,1997,1509,1750,2245,1997,5726,446
1774549859,3,1917737.6,1785345.0,285073.8,268408.2,72912.9,74241.6,93962.2,164330.8,89337.2,743.2,27.6,3.7,1139,24.1,7.9,1510,1751,2246,1997,1509,1750,2245,1996,5726,446
1774550457,3,2489538.8,2318512.8,354911.2,328895.0,85871.6,87113.2,104490.6,181139.6,90328.4,95.1,27.5,3.4,364,23.9,7.6,1508,1750,2244,1997,1508,1749,2243,1996,5723,446
1774550759,3,2330846.0,2172915.8,333763.7,313700.7,82412.3,84158.0,102324.0,177890.9,90258.7,121.7,27.5,3.5,438,24.0,7.6,1508,1750,2244,1996,1507,1749,2242,1994,5722,446
1774551059,3,2267550.2,2116708.8,325320.3,306186.1,80987.6,82671.6,101186.4,176289.9,90190.0,155.7,27.6,3.6,439,24.0,7.6,1508,1749,2243,1996,1507,1749,2242,1995,5722,446
1774551357,3,2231412.8,2079781.9,321240.5,301713.6,79944.4,81877.2,100306.1,175329.6,90122.5,183.8,27.6,3.6,491,24.0,7.7,1508,1750,2244,1996,1508,1749,2242,1995,5722,447
1774551657,3,2195002.2,2043759.1,317442.6,297626.8,79067.8,81123.6,99540.8,174202.2,90057.7,212.2,27.6,3.6,493,24.0,7.7,1508,1750,2244,1996,1507,1749,2243,1995,5722,446
1774551959,3,2164031.8,2016741.5,314464.5,294708.5,78486.4,80157.5,99035.9,172898.8,89995.8,242.8,27.6,3.6,525,24.1,7.7,1508,1749,2244,1996,1507,1748,2242,1995,5720,446
1774552257,3,2146359.2,2000767.9,311770.7,293492.1,77952.5,79678.8,98818.0,172401.4,89936.8,267.1,27.6,3.6,543,24.1,7.8,1508,1749,2244,1995,1507,1748,2242,1995,5721,446
1774552557,3,2128236.8,1985470.4,310078.9,290319.2,77408.0,79096.7,98178.8,171630.5,89879.9,289.2,27.6,3.6,600,24.1,7.8,1508,1750,2244,1996,1508,1749,2244,1996,5722,446
1774552859,3,2104752.8,1964670.9,307466.1,289081.0,77245.9,78568.9,97942.6,170802.8,89826.2,326.1,27.6,3.6,626,24.1,7.8,1508,1750,2244,1997,1507,1749,2243,1996,5722,446
1774553157,3,2089225.1,1946031.5,305370.0,286361.6,76899.2,78370.1,97604.4,170211.3,89775.0,355.0,27.6,3.6,641,24.1,7.8,1508,1749,2244,1996,1507,1749,2243,1995,5723,446
1774553459,3,2072178.5,1932139.0,303770.2,285721.2,76418.1,77853.2,97379.1,169958.1,89725.7,381.8,27.6,3.6,697,24.1,7.8,1509,1750,2245,1997,1508,1749,2244,1996,5725,446
1774553759,3,2069363.4,1922982.4,302685.0,283878.2,76217.0,77537.4,96953.1,169261.0,89678.1,406.8,27.6,3.6,695,24.1,7.9,1508,1750,2244,1996,1507,1749,2243,1996,5723,447
1774554057,3,2049279.5,1909412.6,300960.8,282780.3,75879.8,77323.1,96745.8,169037.7,89632.2,433.9,27.6,3.6,735,24.1,7.8,1508,1750,2244,1996,1507,1749,2243,1995,5722,446
1774554357,3,2035719.0,1897618.0,298383.2,281713.1,75637.7,76933.6,96406.3,168503.4,89589.4,460.6,27.6,3.7,776,24.1,7.9,1508,1749,2244,1996,1507,1749,2243,1995,5722,446
1774554659,3,2027247.6,1888391.1,298569.6,279606.9,75443.5,76726.6,96232.5,168236.1,89547.5,494.8,27.6,3.6,857,24.1,7.9,1508,1750,2245,1997,1507,1749,2243,1996,5721,446
1774554957,3,2013821.6,1873689.6,296642.9,278657.9,74983.7,76431.4,96002.0,167301.0,89508.3,524.7,27.6,3.6,899,24.1,7.9,1509,1750,2245,1997,1508,1749,2243,1996,5723,446
1774555259,3,2004096.6,1866038.5,296119.9,277745.8,74916.1,76210.3,95768.3,167146.6,89469.9,558.5,27.6,3.6,890,24.1,7.9,1508,1750,2244,1996,1508,1749,2243,1995,5722,446
1774555559,3,1991144.0,1857650.9,294911.5,276560.1,74643.1,75953.2,95387.2,166630.4,89433.8,588.0,27.6,3.7,910,24.1,7.9,1508,1749,2244,1996,1508,1749,2242,1995,5723,446
1774555857,3,1982398.5,1849987.9,293175.4,274994.0,74342.8,75811.7,95304.3,166210.8,89399.3,623.4,27.6,3.7,946,24.1,7.9,1507,1749,2243,1996,1506,1748,2242,1995,5718,446
1774556157,3,1978347.9,1842525.6,292201.8,274376.1,74191.6,75623.4,95233.8,166198.3,89366.0,649.9,27.6,3.6,1021,24.1,7.9,1506,1747,2242,1994,1505,1747,2242,1994,5715,446
1774556459,3,1962387.4,1827569.1,291464.8,273621.2,74024.0,75290.8,94961.8,165770.7,89334.3,678.9,27.6,3.7,1024,24.1,7.9,1507,1748,2242,1995,1506,1748,2242,1995,5718,446
1774556757,3,1957542.0,1824966.0,290446.2,273207.7,73608.5,75185.0,94602.1,165523.9,89303.9,705.8,27.6,3.7,1063,24.1,7.9,1509,1750,2245,1997,1508,1749,2243,1996,5724,446
1774557057,3,1948892.4,1816545.4,289942.4,272419.6,73495.9,75132.6,94648.1,165305.7,89274.5,732.4,27.6,3.7,1085,24.1,7.9,1508,1749,2244,1996,1508,1749,2243,1996,5725,447
1774557659,3,2533409.2,2361491.2,361255.3,334028.6,86958.8,88287.4,105052.7,182199.4,90289.7,87.0,27.5,3.4,360,24.0,7.5,1506,1748,2243,1995,1507,1747,2243,1994,5718,446
1774557957,3,2378222.2,2216240.8,338614.1,317202.4,83612.8,85175.1,103094.8,179028.6,90219.9,115.1,27.5,3.5,388,24.0,7.6,1507,1749,2244,1995,1506,1748,2242,1995,5718,446
1774558257,3,2308591.2,2148088.0,330212.5,310321.5,81934.4,83683.6,101634.8,177412.4,90149.7,150.6,27.5,3.5,452,24.0,7.7,1507,1749,2244,1995,1507,1748,2243,1995,5720,445
1774558559,3,2267658.0,2115820.5,325465.3,305407.2,80512.8,82646.9,100911.3,176348.4,90081.3,178.4,27.6,3.6,445,24.0,7.7,1507,1749,2244,1996,1507,1748,2243,1995,5719,446
1774558857,3,2234441.8,2079809.6,321974.0,301961.4,80283.9,81925.6,100377.0,175004.4,90015.9,197.7,27.6,3.6,506,24.0,7.8,1508,1749,2244,1996,1507,1748,2243,1995,5719,446
1774559157,3,2203126.5,2053764.0,318807.1,299330.4,79063.9,81344.4,99681.7,174564.1,89952.9,228.6,27.6,3.6,536,24.1,7.8,1507,1749,2244,1996,1507,1749,2244,1996,5721,446
1774559459,3,2183971.8,2040785.4,316936.1,296934.8,79215.2,80688.6,99226.8,173094.7,89892.3,256.9,27.6,3.6,590,24.0,7.8,1507,1749,2244,1996,1506,1748,2243,1995,5720,446
1774559759,3,2158100.2,2014776.0,314146.0,294745.4,78346.3,80585.5,99011.9,172646.2,89834.6,284.9,27.6,3.6,585,24.1,7.8,1508,1749,2245,1996,1507,1748,2243,1995,5720,446
1774560057,3,2148916.0,2004268.0,312891.8,293122.4,78004.6,79871.9,98590.2,171985.4,89779.1,310.1,27.6,3.6,622,24.0,7.8,1508,1750,2244,1996,1507,1749,2244,1996,5722,446
1774560357,3,2128531.8,1982895.9,310309.1,291680.4,77725.7,79288.7,98140.2,171166.7,89725.9,340.0,27.6,3.6,631,24.0,7.8,1507,1749,2244,1995,1507,1749,2243,1995,5721,446
1774560659,3,2110622.2,1972601.1,308584.2,289300.6,77372.4,78702.0,97914.9,171368.7,89675.2,371.4,27.6,3.6,702,24.1,7.9,1509,1750,2244,1996,1508,1749,2244,1995,5725,446
1774560957,3,2095359.5,1959180.5,306636.5,287815.5,76816.4,78524.6,97764.5,170552.0,89626.4,398.8,27.6,3.6,727,24.1,7.9,1508,1750,2245,1997,1507,1749,2244,1996,5725,446
1774561257,3,2090410.6,1949174.4,305960.4,286998.0,76790.8,78079.2,97342.2,170336.1,89579.5,427.8,27.6,3.7,744,24.1,7.9,1509,1750,2245,1997,1508,1749,2244,1996,5726,446
1774561557,3,2075259.5,1936886.9,304169.0,285493.0,76548.7,77951.6,97234.1,169838.7,89534.4,450.3,27.6,3.6,793,24.1,7.9,1509,1750,2245,1997,1508,1749,2244,1996,5725,446
1774561859,3,2065693.0,1927982.9,303396.3,284449.9,76125.4,77644.9,96823.2,169014.0,89491.7,480.5,27.6,3.6,785,24.1,7.9,1508,1749,2244,1996,1507,1749,2244,1996,5725,446
1774562157,3,2053384.6,1914845.4,301682.0,282926.5,76026.5,77267.9,96627.7,168575.4,89451.6,510.3,27.6,3.7,833,24.1,7.9,1507,1749,2244,1996,1507,1749,2243,1995,5724,446
1774562457,3,2038032.9,1895153.5,299781.7,281324.1,75758.3,77080.0,96309.9,168218.7,89413.8,534.0,27.6,3.7,883,24.1,7.9,1508,1749,2244,1996,1507,1748,2243,1996,5722,446
1774562759,3,2026799.4,1892223.0,299199.5,280569.0,75451.8,76824.2,96251.8,168058.7,89376.7,566.5,27.6,3.6,898,24.1,7.9,1506,1748,2242,1995,1506,1748,2242,1995,5720,446
1774563057,3,2007451.9,1874313.5,297683.0,279854.0,75176.8,76649.9,96007.6,167580.0,89341.6,595.4,27.6,3.7,939,24.1,7.9,1506,1748,2242,1995,1506,1747,2242,1994,5718,446
1774563357,3,2008860.1,1868064.9,296484.2,278104.0,74822.7,76414.3,95827.9,167262.8,89307.8,626.9,27.6,3.6,963,24.1,8.0,1507,1748,2243,1995,1506,1748,2242,1994,5720,446
1774563659,3,1994802.9,1866505.4,296247.9,277094.7,74682.0,76176.0,95444.0,166853.7,89275.3,658.8,27.6,3.7,993,24.1,7.9,1507,1749,2243,1996,1506,1748,2242,1995,5719,446
1774563959,3,1989571.4,1852510.5,294077.5,276205.2,74485.0,75867.5,95264.8,166355.0,89244.7,689.5,27.6,3.7,1013,24.1,8.0,1507,1749,2243,1996,1506,1748,2242,1995,5720,446
1774564257,3,1974701.1,1844510.9,293066.3,275663.0,74405.8,75747.9,95325.9,166160.8,89214.7,713.9,27.6,3.7,1084,24.1,7.9,1508,1750,2245,1997,1508,1749,2244,1996,5724,446
1774564859,3,2566265.0,2394209.2,365419.8,337694.8,87452.5,89002.3,105381.5,182996.9,90204.5,84.9,27.5,3.4,353,24.0,7.6,1508,1750,2245,1997,1508,1749,2244,1995,5724,446
1774565157,3,2412298.2,2253364.8,344101.7,322208.4,84184.0,86030.5,103630.5,180198.7,90134.2,118.7,27.5,3.5,374,24.0,7.7,1509,1750,2244,1997,1508,1750,2244,1997,5726,446
1774565457,3,2345884.8,2188259.0,334788.4,314464.5,82573.7,84320.6,102405.3,178522.9,90063.9,148.5,27.6,3.5,464,24.0,7.7,1509,1750,2245,1997,1508,1749,2244,1996,5726,446
1774565759,3,2302702.8,2141845.8,329563.7,309355.9,81675.1,83471.6,101594.6,177056.2,89996.6,175.4,27.6,3.5,450,24.0,7.8,1509,1750,2244,1997,1508,1750,2243,1996,5726,447
1774566057,3,2272745.2,2121481.2,326539.3,306068.3,81010.2,82747.1,101041.2,176507.8,89931.1,205.9,27.6,3.6,484,24.0,7.8,1508,1750,2244,1996,1507,1749,2243,1996,5725,446
1774566357,3,2248001.0,2093182.9,323295.9,303936.7,80330.9,82163.7,100416.2,175675.2,89867.9,227.7,27.6,3.6,500,24.0,7.8,1508,1749,2244,1996,1507,1750,2244,1996,5724,446
1774566659,3,2216707.0,2067599.5,320224.5,301493.8,79719.2,81511.5,100101.9,174775.8,89808.2,254.4,27.6,3.6,554,24.1,7.8,1508,1750,2245,1997,1507,1749,2243,1996,5723,447
1774566959,3,2206663.0,2052464.4,318662.4,299238.4,79487.2,81316.7,99592.2,173752.0,89750.9,280.2,27.6,3.6,597,24.1,7.8,1508,1750,2245,1997,1507,1749,2244,1996,5724,446
1774567257,3,2181073.8,2035222.5,317007.8,297031.2,78912.7,80749.9,99315.4,173092.6,89695.2,311.6,27.6,3.6,597,24.1,7.9,1508,1750,2244,1997,1507,1749,2243,1996,5724,446
1774567557,3,2173555.8,2025879.5,314679.9,295861.8,78599.1,80575.8,99074.9,172666.1,89642.2,335.0,27.6,3.6,623,24.1,7.9,1508,1750,2244,1996,1508,1749,2243,1996,5724,446
1774567859,3,2154914.8,2014117.6,313818.2,294002.3,78219.4,79993.3,98806.3,172114.5,89593.4,363.3,27.6,3.6,693,24.0,7.9,1509,1750,2245,1997,1508,1749,2244,1996,5724,446
1774568159,3,2135750.2,1992128.6,311711.9,293060.0,77722.6,79679.4,98350.9,171499.8,89547.6,392.9,27.6,3.6,686,24.1,7.9,1509,1750,2245,1997,1508,1750,2244,1996,5725,446
1774568457,3,2124448.8,1986028.4,311106.0,290893.8,77518.6,79067.0,98035.4,171003.4,89503.4,421.1,27.6,3.6,733,24.1,7.9,1509,1750,2245,1997,1507,1749,2243,1996,5725,446
1774568757,3,2111811.2,1968880.1,308591.8,290031.1,77265.1,78666.9,97797.5,170498.2,89461.1,451.0,27.6,3.6,744,24.1,7.9,1509,1750,2245,1997,1508,1750,2243,1996,5726,446
1774569057,3,2098313.2,1951407.5,307194.5,287504.5,76856.9,78319.7,97420.2,169966.1,89422.3,483.6,27.6,3.7,779,24.1,7.9,1508,1750,2245,1996,1508,1750,2243,1996,5725,446
1774569359,3,2077901.1,1942898.0,305109.1,286203.4,76614.2,78147.8,97122.9,169703.7,89384.5,508.4,27.6,3.6,825,24.1,7.9,1508,1750,2244,1996,1507,1749,2243,1995,5724,446
1774569657,3,2063515.9,1924963.4,303550.1,284643.0,76239.4,77500.9,96777.8,168866.4,89350.0,535.3,27.6,3.7,859,24.1,7.9,1507,1748,2243,1996,1506,1749,2242,1995,5720,446
1774569957,3,2050476.1,1909199.1,300796.4,283701.2,75720.0,77171.9,96533.5,168360.7,89316.7,563.4,27.7,3.7,892,24.1,8.0,1004,1166,1496,1330,1506,1748,2242,1995,5719,446
1774570259,3,2035803.1,1899096.6,300419.3,282010.5,75650.1,77013.5,96012.9,168220.6,89284.9,603.4,27.7,3.6,921,24.2,8.0,1505,1748,2242,1994,1506,1747,2241,1994,5719,446
1774570557,3,2022876.5,1888869.4,298755.2,280086.3,75238.6,76588.5,95713.2,168013.0,89254.9,630.1,27.7,3.6,975,24.2,8.0,1506,1748,2242,1995,1506,1748,2242,1995,5720,446
1774570857,3,2009697.5,1872974.0,296900.0,278584.0,74801.4,76331.6,95586.0,166940.6,89225.7,657.8,27.7,3.7,987,24.2,8.0,1506,1748,2242,1995,1505,1748,2242,1994,5722,446
1774571159,3,1999369.4,1863521.1,295308.8,277887.1,74590.0,76035.1,95150.6,166175.9,89198.7,682.9,27.7,3.7,1039,24.2,8.0,1506,1748,2243,1995,1505,1748,2241,1994,5720,446
1774571457,3,1977137.6,1844967.6,293911.8,275623.2,74361.0,75681.2,94951.7,165582.0,89172.3,714.7,27.8,3.7,1096,24.2,8.0,1507,1748,2243,1996,1506,1748,2242,1994,5721,446
1774572059,3,2540101.0,2378170.0,364561.5,337697.5,87271.9,88697.3,105163.1,182025.7,90130.6,95.0,27.7,3.4,369,24.2,7.7,1508,1751,2244,1997,1508,1750,2243,1996,5724,446
1774572357,3,2398237.8,2240234.8,341254.2,320951.2,83941.8,85567.9,102992.4,179544.1,90064.9,119.4,27.8,3.5,421,24.2,7.8,1509,1751,2244,1997,1507,1749,2243,1996,5725,446
1774572657,3,2322499.8,2171614.2,332824.9,312061.1,82302.7,83931.4,101551.1,177437.0,89998.6,145.4,27.8,3.5,405,24.3,7.8,1508,1750,2244,1996,1507,1749,2243,1995,5724,446
1774572959,3,2270970.8,2121921.2,327520.8,307503.6,81119.0,82806.6,100585.7,175705.0,89933.1,179.4,27.8,3.6,489,24.3,7.8,1508,1750,2244,1996,1507,1749,2243,1995,5723,446
1774573259,3,2234461.8,2084043.9,323122.5,303474.4,80116.6,82022.2,100094.2,175283.4,89869.6,203.5,27.9,3.6,503,24.3,7.9,1508,1749,2244,1995,1507,1749,2242,1995,5723,446
1774573557,3,2210656.0,2061095.4,319492.2,300321.7,79294.9,81300.5,99104.8,173764.3,89808.9,229.1,27.9,3.6,508,24.4,7.9,1507,1750,2243,1996,1507,1749,2243,1995,5724,446
1774573859,3,2187830.8,2036018.1,316543.0,297757.9,78677.6,80744.2,99005.7,173147.5,89751.0,255.9,27.9,3.6,558,24.4,7.9,1507,1750,2244,1996,1507,1748,2242,1995,5722,446
1774574159,3,2158890.0,2015308.0,314244.7,295359.5,78272.8,80020.0,98484.6,173005.1,89694.0,286.7,27.9,3.6,551,24.4,7.9,1508,1750,2244,1996,1508,1750,2243,1996,5728,446
1774574457,3,2144933.8,1997410.4,312406.5,293427.0,77880.9,79467.1,97768.9,170948.5,89638.7,318.7,27.9,3.6,622,24.4,8.0,1508,1749,2244,1996,1508,1749,2243,1995,5727,446
1774574759,3,2117826.0,1978292.4,309362.0,291221.1,77535.7,78803.7,97461.2,170741.0,89585.7,345.2,27.9,3.6,634,24.4,8.0,1508,1750,2244,1996,1508,1750,2243,1996,5728,446
1774575057,3,2105421.2,1963474.9,308299.9,290267.3,77162.0,78616.8,97178.1,169758.1,89534.0,375.5,28.0,3.7,672,24.4,8.0,1508,1750,2245,1997,1508,1750,2243,1996,5728,447
1774575359,3,2089945.1,1951532.0,306900.4,288271.0,76889.3,78266.8,97111.7,169689.2,89484.4,405.2,27.9,3.7,739,24.4,8.0,1508,1750,2244,1996,1507,1749,2243,1995,5725,446
1774575657,3,2076940.9,1940288.6,305219.7,286685.3,76595.5,77911.1,96783.9,169902.0,89436.9,435.7,27.9,3.6,735,24.4,8.0,1509,1750,2244,1997,1508,1750,2243,1996,5726,446
1774575957,3,2069317.6,1935243.6,304553.0,285820.7,76427.8,77855.3,96492.0,168258.6,89390.8,462.5,27.9,3.6,739,24.4,8.0,1507,1749,2243,1996,1507,1749,2243,1995,5723,446
1774576259,3,2057435.4,1917750.1,302366.9,284310.9,76049.1,77465.4,96217.6,168413.2,89346.7,495.8,27.9,3.6,805,24.4,8.0,1508,1750,2244,1996,1507,1749,2243,1996,5725,446
1774576557,3,2041758.0,1907981.9,301739.1,283435.8,75795.7,77180.8,96031.7,167769.7,89304.4,525.0,27.9,3.7,839,24.4,8.0,1508,1749,2244,1996,1506,1748,2242,1994,5723,446
1774576859,3,2030944.6,1894597.4,301230.8,282318.5,75597.7,76866.1,95749.7,167906.3,89264.0,556.8,27.9,3.7,876,24.4,8.0,1507,1750,2244,1996,1507,1749,2243,1995,5724,446
1774577159,3,2031108.9,1897067.1,300545.9,281785.1,75436.9,76766.6,95772.3,167405.7,89225.6,586.7,27.9,3.7,885,24.4,8.1,1507,1750,2244,1996,1507,1749,2243,1995,5725,446
1774577457,3,2015393.1,1882657.6,299288.9,280615.6,75309.3,76629.7,95545.1,166893.3,89188.0,614.2,27.9,3.7,960,24.4,8.1,1509,1750,2245,1997,1508,1750,2244,1996,5727,446
1774577757,3,2015320.9,1879662.9,298143.4,279954.7,75003.2,76445.0,95357.3,167166.4,89152.4,648.1,27.9,3.7,1015,24.4,8.0,1508,1750,2244,1997,1508,1749,2243,1996,5728,446
1774578059,3,2008259.9,1869420.6,297121.2,279135.8,75092.6,76205.0,95278.4,166172.5,89118.4,678.7,27.9,3.7,1007,24.4,8.0,1509,1751,2245,1997,1508,1750,2244,1996,5727,447
1774578357,3,1994661.5,1860383.1,296359.5,278802.8,74775.4,76208.2,95175.9,166159.4,89085.6,719.1,27.9,3.7,1053,24.4,8.1,1509,1751,2245,1997,1508,1751,2244,1997,5728,447
1774578657,3,1989943.5,1856991.4,296190.1,277535.2,74537.5,76105.0,94901.7,165988.5,89054.6,743.0,27.9,3.7,1090,24.3,8.0,1509,1751,2245,1997,1509,1750,2244,1997,5728,447
1774579257,3,2584534.5,2417792.0,370587.5,343155.8,88102.5,89664.4,105627.0,182987.2,90077.4,98.4,27.7,3.4,361,24.2,7.7,1509,1750,2244,1997,1509,1750,2243,1996,5723,447
1774579557,3,2448362.8,2284688.0,348660.1,326835.5,85014.2,86693.9,103563.9,180377.6,90005.2,130.9,27.7,3.5,385,24.2,7.8,1509,1750,2245,1997,1508,1750,2244,1996,5724,447
1774579859,3,2370558.8,2216181.8,338928.9,318743.7,83339.9,85208.4,102509.0,178926.1,89933.6,157.7,27.8,3.5,444,24.2,7.8,1509,1750,2244,1996,1508,1750,2244,1996,5725,446
1774580159,3,2339178.8,2182049.8,334285.0,314290.5,82454.0,84116.2,101978.6,177815.1,89864.2,182.7,27.8,3.5,463,24.2,7.8,1508,1750,2245,1997,1508,1750,2243,1996,5725,446
1774580457,3,2304083.8,2154462.5,330807.6,310874.1,81844.1,83542.1,101398.1,176866.5,89797.1,205.2,27.8,3.6,477,24.2,7.9,1509,1750,2245,1997,1508,1750,2244,1997,5726,446
1774580757,3,2279822.2,2130129.8,328380.7,309217.2,81450.6,83093.1,100933.6,175986.9,89732.6,228.8,27.7,3.6,493,24.2,7.9,1508,1750,2244,1997,1508,1750,2243,1996,5726,447
1774581059,3,2267552.0,2111304.2,326178.2,307342.4,80508.0,82542.8,100323.6,175381.8,89671.1,258.6,27.8,3.6,534,24.2,7.9,1509,1750,2244,1997,1508,1750,2244,1996,5727,447
1774581357,3,2239915.8,2090656.1,324629.2,304615.7,80349.6,82063.0,99798.6,174115.5,89614.6,285.8,27.8,3.6,575,24.2,7.9,1509,1750,2244,1997,1507,1749,2243,1996,5726,447
1774581657,3,2229120.8,2085664.6,322810.8,303180.7,80194.7,81742.4,99639.1,173601.5,89560.4,308.6,27.7,3.6,559,24.2,8.0,1508,1750,2244,1997,1508,1750,2244,1996,5726,446
1774581959,3,2215644.8,2068536.4,321545.9,301211.8,79395.5,81581.3,99241.3,173839.6,89507.0,339.2,27.7,3.6,625,24.2,7.9,1508,1750,2244,1996,1506,1749,2242,1995,5722,446
1774582259,3,2194380.0,2051666.9,319109.9,299350.8,79066.6,81001.8,99003.5,172519.9,89456.4,368.9,27.7,3.6,667,24.2,7.9,1507,1749,2243,1996,1506,1748,2241,1994,5719,446
1774582557,3,2179356.2,2033781.5,317974.0,298417.0,78817.9,80709.2,98655.5,172185.6,89409.2,400.1,27.7,3.6,670,24.2,8.0,1508,1749,2244,1996,1507,1749,2243,1995,5721,446
1774582857,3,2170027.8,2024384.6,316280.9,296605.3,78462.3,80298.5,98673.1,171725.2,89363.3,431.2,27.7,3.6,722,24.2,8.0,1508,1750,2245,1996,1508,1749,2243,1996,5725,446
1774583159,3,2155471.8,2014581.5,315024.7,296310.1,78253.9,79817.5,98249.9,171610.7,89319.5,449.9,27.7,3.6,752,24.2,8.0,1508,1750,2244,1996,1507,1749,2243,1995,5725,446
1774583457,3,2147371.0,2003388.4,313601.9,294281.6,77988.9,79572.4,98060.1,171070.1,89277.8,482.5,27.7,3.6,735,24.2,8.0,1508,1751,2244,1997,1507,1750,2243,1996,5725,446
1774583757,3,2138403.5,1998170.0,312920.7,293507.7,77994.5,79477.9,97836.6,170496.7,89238.6,510.2,27.7,3.7,803,24.2,8.0,1509,1751,2246,1999,1508,1751,2245,1998,5729,447
1774584059,3,2121595.8,1979432.0,310872.6,292428.8,77557.5,78985.3,97804.9,170693.6,89201.4,539.7,27.7,3.6,854,24.2,8.0,1509,1751,2245,1998,1508,1750,2245,1997,5727,447
1774584359,3,2118187.5,1973131.5,309586.8,291520.3,77412.1,78623.6,97370.7,170045.9,89166.1,565.9,27.7,3.6,871,24.2,8.1,1509,1751,2245,1998,1508,1750,2244,1997,5726,447
1774584657,3,2110544.2,1969338.0,309151.8,289389.1,77083.2,78555.0,97275.7,169418.0,89131.2,597.7,27.7,3.7,907,24.2,8.0,1508,1751,2246,1998,1508,1750,2244,1997,5726,447
1774584957,3,2102355.8,1955333.5,307845.4,288538.5,76883.8,78210.1,96971.6,169426.4,89098.8,629.6,27.7,3.7,955,24.2,8.1,1507,1750,2244,1997,1507,1749,2244,1997,5723,446
1774585259,3,2090147.5,1954043.1,307924.7,289399.8,76821.3,78208.2,96851.6,169238.7,89068.0,659.4,27.7,3.7,984,24.2,8.1,1508,1750,2245,1997,1507,1750,2244,1997,5724,447
1774585557,3,2079212.1,1942712.1,306722.8,287737.9,76672.0,77982.2,96665.1,168794.9,89038.4,685.3,27.7,3.7,1008,24.2,8.1,1507,1750,2244,1997,1507,1749,2243,1996,5723,446
1774585857,3,2073518.5,1931889.5,305433.7,287012.8,76452.3,77770.7,96607.7,168631.7,89010.7,719.5,27.7,3.7,1050,24.2,8.0,1507,1749,2244,1996,1507,1749,2244,1996,5723,446
1774586457,3,2683258.2,2508553.8,381505.5,354493.2,90095.1,91382.3,107353.1,185305.9,90050.1,88.1,27.6,3.4,356,24.0,7.7,1509,1751,2245,1998,1509,1751,2244,1997,5729,447
1774586757,3,2531539.8,2364730.0,362721.1,335756.4,87045.7,88370.4,105219.0,182704.2,89979.7,115.8,27.6,3.5,401,24.1,7.8,1509,1751,2245,1997,1509,1751,2245,1997,5730,447
1774587059,3,2462378.0,2294306.2,350639.8,327466.6,85077.0,86782.8,104124.5,181161.2,89908.6,141.0,27.6,3.5,432,24.1,7.9,1509,1751,2245,1998,1509,1750,2244,1997,5728,447
1774587359,3,2410604.2,2247053.5,344610.1,322559.2,84135.2,85609.6,103370.0,180151.2,89839.9,173.6,27.6,3.5,430,24.1,7.9,1509,1750,2244,1997,1508,1750,2244,1997,5727,447
1774587657,3,2381278.2,2221394.8,340495.2,319293.8,83398.9,85141.4,102665.4,178822.6,89773.6,199.7,27.6,3.5,449,24.1,7.9,1509,1750,2245,1998,1508,1750,2244,1997,5727,447
1774587959,3,2347381.8,2199970.8,336696.0,316383.8,82864.1,84591.7,102089.6,178277.7,89709.4,227.2,27.6,3.6,508,24.1,7.9,1509,1750,2245,1997,1508,1749,2243,1996,5725,447
1774588259,3,2336851.8,2182575.0,335016.8,314615.6,82544.9,84136.0,101692.4,177420.9,89648.7,255.0,27.6,3.6,488,24.1,8.0,1509,1750,2245,1997,1508,1750,2244,1997,5727,447
1774588557,3,2315148.8,2162334.2,332632.8,311941.5,82026.4,83646.3,101514.9,176825.6,89591.1,282.5,27.6,3.6,537,24.1,8.0,1509,1750,2245,1998,1508,1750,2244,1997,5728,447
1774588859,3,2298287.5,2147954.2,331161.7,310434.3,81622.0,83093.4,101093.9,176390.1,89536.2,303.8,27.6,3.6,618,24.1,7.9,1510,1752,2246,1998,1509,1751,2245,1998,5731,447
1774589159,3,2284088.2,2131034.8,328917.5,308686.6,81421.3,82812.4,100858.0,176154.0,89483.1,327.4,27.6,3.6,603,24.1,7.9,1510,1752,2246,1998,1509,1751,2245,1997,5731,447
1774589457,3,2266357.8,2115087.2,326877.4,307046.9,80791.5,82611.5,100614.2,175653.9,89432.8,359.1,27.6,3.6,658,24.1,8.0,1510,1751,2246,1998,1509,1750,2244,1997,5730,447
1774589757,3,2254974.2,2107461.0,326429.6,306490.8,80285.6,82294.3,100281.0,175244.3,89385.1,388.9,27.6,3.6,688,24.1,7.9,1510,1751,2246,1998,1509,1751,2245,1997,5730,447
1774590059,3,2243891.0,2092674.4,324889.1,303922.0,79928.9,82125.1,99868.0,174571.6,89339.3,417.2,27.6,3.6,710,24.1,8.0,1510,1751,2246,1998,1509,1751,2245,1997,5731,447
1774590357,3,2229324.8,2079935.4,323431.3,303347.4,80244.8,81763.1,99596.2,174384.6,89295.6,441.9,27.6,3.6,739,24.1,8.0,1509,1751,2245,1998,1509,1750,2244,1997,5729,447
1774590657,3,2218673.0,2069626.5,321975.1,302235.5,79491.7,81519.8,99417.9,173129.4,89253.4,469.1,27.6,3.6,744,24.1,8.0,1509,1751,2245,1997,1508,1750,2244,1997,5728,446
1774590959,3,2208637.8,2060554.4,320878.9,300604.7,79359.3,80914.2,99463.8,172723.6,89213.9,499.5,27.6,3.6,788,24.1,8.0,1509,1750,2245,1997,1508,1750,2244,1997,5727,447
1774591257,3,2195063.0,2048208.5,319797.0,300055.4,79036.8,80742.8,99071.9,172425.1,89176.5,524.0,27.6,3.6,830,24.1,8.1,1508,1750,2245,1997,1508,1750,2244,1997,5726,446
1774591557,3,2182774.2,2037496.5,318373.2,298717.8,78911.4,80406.4,98900.4,172079.8,89141.0,552.8,27.6,3.7,848,24.1,8.1,1509,1750,2245,1997,1508,1750,2244,1997,5725,447
1774591859,3,2171598.2,2026733.9,316656.0,297294.0,78490.2,80011.7,98505.7,171892.2,89106.1,581.2,27.6,3.6,892,24.1,8.0,1508,1750,2245,1997,1508,1750,2244,1997,5724,446
1774592157,3,2165883.0,2019710.9,316150.3,296461.5,78295.4,79928.6,98437.8,171379.4,89072.8,608.3,27.6,3.6,934,24.1,8.1,1508,1750,2245,1997,1508,1750,2244,1997,5725,447
1774592457,3,2155946.5,2014815.6,314884.0,295218.0,78159.7,79473.0,98299.4,171280.3,89041.0,636.9,27.6,3.6,989,24.1,8.1,1507,1749,2244,1996,1506,1749,2242,1995,5722,446
1774592759,3,2143465.0,2000400.1,314087.8,294351.4,78075.7,79289.7,97893.4,170899.0,89011.0,673.6,27.6,3.6,974,24.1,8.1,1508,1750,2245,1997,1508,1749,2244,1996,5723,446
1774593057,3,2135611.8,1994369.1,312794.8,293506.1,77944.3,79272.5,97661.8,170803.1,88982.1,703.9,27.6,3.7,1027,24.1,8.0,1507,1749,2244,1996,1507,1749,2244,1996,5724,447
1774593659,3,2759238.0,2573025.8,390551.8,364699.2,91504.0,92613.7,108680.8,187420.3,89996.6,84.5,27.5,3.4,342,23.9,7.7,1508,1750,2245,1997,1508,1749,2244,1996,5724,447
1774593959,3,2589465.2,2423832.2,371223.1,342561.6,88201.0,89635.9,106635.0,185137.2,89926.5,115.6,27.5,3.5,357,24.0,7.8,1508,1750,2244,1997,1507,1749,2243,1995,5723,446
1774594257,3,2523101.0,2358526.0,360869.9,335016.2,86714.1,88001.7,105311.7,183321.0,89856.6,139.2,27.5,3.5,431,24.0,7.9,1508,1750,2244,1997,1508,1750,2245,1997,5725,446
1774594557,3,2474815.8,2315836.0,353342.8,329656.0,85656.8,87079.0,104662.4,182068.0,89789.2,161.0,27.5,3.5,391,24.0,7.9,1508,1749,2245,1997,1507,1749,2243,1996,5723,446
1774594859,3,2440776.8,2284335.8,349885.6,326403.1,84873.9,86191.9,104025.4,181138.8,89723.7,186.7,27.5,3.5,504,24.0,7.9,1507,1749,2244,1996,1507,1749,2244,1996,5721,446
1774595157,3,2414214.2,2253025.2,345155.2,322605.1,84029.6,85677.0,103359.1,180009.8,89660.6,212.4,27.6,3.6,521,24.0,7.9,1508,1751,2245,1997,1507,1750,2245,1997,5724,446
1774595457,3,2399456.0,2238928.2,341904.5,322000.6,83732.8,85133.1,102782.0,179417.0,89601.0,241.0,27.6,3.6,516,24.1,7.9,1509,1751,2246,1997,1509,1751,2245,1997,5728,447
1774595759,3,2367517.8,2210092.8,339265.2,318186.9,83005.9,84842.7,102447.9,178868.0,89543.7,272.1,27.6,3.5,560,24.0,8.0,1509,1752,2246,1998,1509,1751,2245,1997,5727,447
1774596059,3,2356939.8,2196200.8,337282.8,316188.1,82677.8,84054.1,102061.0,178162.5,89488.6,302.1,27.6,3.6,552,24.0,8.0,1509,1751,2246,1998,1509,1751,2245,1996,5725,447
1774596357,3,2332812.0,2180839.0,335240.8,315258.9,82405.6,84101.3,101557.2,177431.7,89435.4,320.3,27.6,3.6,622,24.0,8.0,1510,1752,2246,1998,1509,1751,2245,1997,5726,447
1774596657,3,2319522.8,2168935.8,333635.7,312765.9,81785.0,83643.4,101382.7,176878.7,89385.8,348.6,27.6,3.6,605,24.1,8.0,1510,1751,2246,1997,1509,1750,2245,1997,5725,447
1774596957,3,2302826.2,2154827.2,331792.3,311631.1,81404.4,83252.0,101263.2,176468.0,89337.9,377.8,27.6,3.6,669,24.0,8.0,1509,1751,2245,1997,1509,1751,2244,1997,5725,447
1774597259,3,2294334.2,2139769.2,330528.0,309326.1,81419.6,82902.7,100664.6,175892.9,89292.0,402.1,27.6,3.6,702,24.1,8.0,1510,1751,2245,1997,1509,1751,2245,1997,5727,447
1774597557,3,2275969.8,2124086.5,329382.5,308547.3,80614.8,82678.6,100497.4,175803.9,89248.2,427.7,27.6,3.6,760,24.1,8.0,1510,1752,2245,1998,1508,1750,2244,1996,5725,447
1774597857,3,2263298.2,2115201.8,327367.0,307473.4,80439.9,82343.1,100180.0,174951.5,89206.1,462.1,27.6,3.6,746,24.1,8.0,1510,1751,2245,1998,1508,1750,2245,1996,5726,447
1774598157,3,2249391.8,2105149.0,325943.6,305285.8,80243.8,82076.8,100110.1,174177.2,89166.0,487.5,27.6,3.6,808,24.1,8.0,1509,1751,2245,1997,1509,1750,2244,1996,5726,447
1774598459,3,2237180.2,2088375.9,324060.0,304105.4,79968.9,81767.6,99790.3,173472.3,89127.4,514.9,27.6,3.6,836,24.1,8.1,1509,1751,2245,1997,1508,1750,2245,1997,5726,446
1774598757,3,2229449.2,2079978.5,323367.0,303707.7,79721.1,81547.3,99426.9,173321.7,89090.1,542.3,27.6,3.6,857,24.1,8.1,1509,1751,2245,1997,1508,1750,2245,1997,5726,447
1774599057,3,2213892.0,2068728.4,322641.7,302144.9,79659.1,81144.5,99274.4,173101.0,89053.7,573.0,27.6,3.6,856,24.1,8.1,1509,1751,2246,1998,1509,1751,2244,1997,5727,447
1774599359,3,2211748.2,2064063.6,320684.5,301289.4,79276.4,80764.5,99213.7,173005.6,89019.8,597.4,27.6,3.6,933,24.1,8.1,1510,1752,2247,1999,1509,1751,2245,1997,5729,447
1774599659,3,2197342.0,2053063.1,320270.5,299838.4,78963.2,80383.0,98726.2,172428.7,88987.4,625.4,27.6,3.6,930,24.1,8.1,1510,1752,2247,1998,1510,1751,2245,1998,5732,447
1774599957,3,2188754.2,2041641.0,319035.1,299506.5,78949.5,79846.6,98578.8,172379.6,88955.8,667.6,27.6,3.6,996,24.1,8.1,1510,1752,2247,1998,1510,1751,2245,1998,5731,447
1774600259,3,2178597.0,2038354.4,318292.3,298025.0,78485.9,80145.6,98494.1,171791.4,88925.9,702.4,27.6,3.6,1048,24.1,8.1,1511,1752,2247,1999,1510,1752,2246,1998,5731,447
1774600857,3,2809155.2,2629406.0,397521.3,372263.2,92489.7,93858.8,109460.1,188541.5,89919.1,94.3,27.5,3.4,319,23.9,7.8,1508,1750,2244,1996,1507,1750,2244,1996,5721,446
1774601159,3,2649186.2,2476233.2,377394.0,349845.1,89310.5,90689.9,107211.9,185729.0,89848.6,115.4,27.5,3.4,363,24.0,7.8,1508,1750,2245,1997,1508,1750,2245,1996,5723,446
1774601457,3,2565166.8,2400102.0,368965.5,340112.8,87717.9,89085.2,106070.4,184260.9,89779.0,139.3,27.5,3.5,374,24.0,7.9,1508,1751,2245,1997,1507,1749,2244,1995,5722,446
1774601757,3,2522518.0,2357877.2,360832.6,334113.5,86594.4,87655.4,105332.6,182594.1,89711.0,168.6,27.5,3.5,405,24.0,7.9,1508,1750,2245,1996,1508,1750,2244,1996,5722,446
1774602059,3,2488038.0,2321687.8,355913.0,331177.3,85900.9,86898.4,104459.1,181922.3,89645.4,195.9,27.5,3.5,469,24.0,7.9,1508,1750,2245,1996,1507,1750,2244,1996,5722,446
1774602359,3,2461251.8,2298012.0,351320.8,327633.9,85190.7,86491.8,103998.5,181117.2,89582.6,217.9,27.6,3.5,477,24.0,8.0,1508,1750,2246,1997,1507,1749,2244,1995,5721,446
1774602657,3,2436214.8,2275117.0,349568.3,325411.3,84655.6,86183.5,103617.1,180362.8,89522.5,241.4,27.6,3.5,500,24.0,8.0,1508,1750,2244,1996,1508,1750,2244,1996,5722,446
1774602957,3,2411458.2,2252479.2,345744.0,322588.6,84263.7,85576.7,103065.9,179381.8,89464.8,271.0,27.6,3.6,534,24.0,8.0,1508,1750,2245,1996,1507,1749,2244,1996,5722,446
1774603259,3,2396548.2,2234196.8,342315.9,321043.4,83524.6,85160.4,102784.2,178956.1,89410.4,297.1,27.6,3.6,578,24.0,8.0,1509,1751,2246,1998,1508,1750,2245,1997,5725,446
1774603559,3,2373408.2,2218700.8,340829.0,319013.8,83209.1,84680.0,102425.6,178519.2,89357.5,322.1,27.6,3.6,595,24.1,8.0,1509,1751,2247,1998,1508,1750,2245,1997,5726,446
1774603857,3,2355761.2,2204716.0,338674.8,317196.0,83067.2,84391.5,102004.2,178194.7,89306.8,347.7,27.6,3.6,646,24.1,8.0,1508,1751,2246,1997,1507,1750,2245,1996,5724,446
1774604157,3,2348197.5,2196357.8,337067.9,315567.3,82826.5,83883.3,101665.1,177491.2,89258.4,373.2,27.6,3.6,638,24.1,8.1,1508,1750,2245,1997,1507,1750,2245,1996,5724,446
1774604459,3,2324089.8,2174111.0,335725.4,313732.2,82413.3,83626.3,101375.2,176888.5,89212.5,403.9,27.6,3.6,729,24.1,8.0,1509,1751,2246,1997,1005,1167,1497,1331,3817,297
1774604759,3,2316125.8,2159083.8,333832.4,312769.7,81664.1,83538.1,101189.7,176699.4,89168.9,429.3,27.6,3.6,680,24.1,8.1,1509,1751,2245,1997,1508,1750,2245,1996,5725,446
1774605057,3,2300623.2,2150909.0,331943.7,311328.5,81350.0,83020.8,100892.7,176026.5,89127.3,460.0,27.6,3.6,778,24.1,8.1,1508,1751,2246,1997,1507,1749,2244,1996,5724,446
1774605359,3,2289816.2,2138394.2,331013.9,310190.7,81319.4,82923.9,100413.2,175843.6,89087.1,482.9,27.6,3.6,798,24.1,8.1,1508,1751,2245,1997,1507,1750,2244,1996,5723,446
1774605657,3,2278825.0,2126882.5,329632.8,308886.2,81180.3,82596.5,100342.6,175499.8,89048.3,513.7,27.6,3.6,816,24.1,8.1,1509,1751,2246,1997,1507,1750,2244,1997,5724,447
1774605957,3,2265297.5,2115263.2,328248.9,307848.0,80568.0,82372.3,100049.5,175044.6,89011.1,534.1,27.6,3.6,831,24.1,8.1,1508,1749,2244,1996,1507,1749,2244,1995,5721,446
1774606259,3,2256361.8,2107983.8,327332.7,305988.6,80400.8,82243.6,99632.2,173776.7,88975.8,556.6,27.6,3.6,863,24.1,8.1,1508,1750,2246,1997,1507,1750,2245,1996,5722,446
1774606557,3,2242263.8,2097786.2,325500.2,305647.1,80201.0,81918.3,99699.4,173654.4,88942.2,585.2,27.6,3.6,899,24.1,8.1,1508,1750,2245,1997,1507,1750,2245,1996,5722,446
1774606857,3,2232800.0,2085264.4,325110.2,304394.8,79628.5,81528.1,99412.7,173439.9,88909.9,618.4,27.6,3.6,935,24.1,8.1,1508,1750,2245,1997,1507,1750,2244,1996,5723,446
1774607159,3,2224192.8,2072709.1,323983.0,303480.9,79673.7,80941.0,99072.5,173077.9,88877.9,650.8,27.6,3.6,975,24.1,8.1,1508,1750,2245,1997,1507,1749,2243,1995,5720,446
1774607457,3,2212570.0,2068631.6,323012.3,302246.7,79288.2,80821.6,98831.8,173232.6,88847.8,671.7,27.6,3.6,992,24.1,8.1,1509,1751,2247,1998,1508,1750,2245,1996,5725,446
1774608057,3,2817830.2,2631920.2,398703.2,371927.5,92688.6,93377.1,109182.6,188035.8,89841.8,88.0,27.5,3.3,353,23.9,7.8,1509,1751,2246,1998,1508,1750,2245,1997,5724,447
1774608357,3,2650790.0,2478594.2,378365.3,350024.7,89178.8,90229.1,106879.5,185633.5,89771.6,115.1,27.5,3.4,396,24.0,7.9,1508,1750,2245,1997,1507,1750,2244,1996,5722,446
1774608659,3,2565921.0,2401671.0,367914.0,340511.8,87582.7,88329.8,106009.1,183916.0,89701.6,140.7,27.5,3.5,393,24.0,7.9,1508,1751,2246,1997,1508,1750,2244,1996,5724,446
1774608957,3,2526182.8,2362645.0,362072.8,334906.9,86719.7,87591.6,105074.8,182809.2,89633.7,167.9,27.5,3.5,414,24.0,8.0,1508,1751,2245,1997,1507,1750,2245,1997,5723,446
1774609259,3,2488818.2,2327327.8,357058.3,331007.4,85767.0,86758.1,104482.2,181664.1,89568.7,193.8,27.6,3.5,458,24.0,7.9,1508,1750,2246,1997,1507,1750,2244,1996,5723,446
1774609557,3,2468829.2,2301986.0,353632.1,328448.9,85250.2,86075.5,103670.5,180595.8,89505.8,219.0,27.5,3.5,493,24.0,8.0,1508,1751,2246,1997,1508,1750,2246,1997,5723,447
1774609857,3,2435059.0,2274573.8,348823.3,325256.9,84532.4,85832.8,103569.3,180455.3,89445.5,245.1,27.6,3.5,523,24.0,8.0,1508,1751,2246,1997,1507,1750,2244,1996,5724,446
1774610159,3,2421023.2,2256942.0,346292.0,322929.8,84207.6,85410.2,102748.3,179353.2,89387.8,279.6,27.6,3.5,509,24.1,8.1,1508,1750,2246,1997,1508,1750,2245,1996,5724,446
1774610457,3,2398949.8,2235326.0,344669.0,321600.5,83536.8,84937.7,102504.6,178811.4,89332.8,294.4,27.6,3.5,561,24.0,8.1,1509,1750,2246,1997,1507,1750,2245,1996,5723,446
1774610757,3,2380365.0,2220416.8,342372.2,320033.9,83146.3,84528.3,102068.2,178478.0,89280.1,317.7,27.6,3.6,608,24.1,8.1,1508,1750,2245,1996,1507,1750,2244,1996,5723,446
1774611059,3,2373724.8,2215269.5,339711.4,317714.4,82685.3,84410.3,101821.1,177668.9,89230.1,340.9,27.6,3.6,585,24.0,8.1,1509,1751,2246,1998,1508,1750,2245,1997,5725,447
1774611357,3,2349732.0,2195596.0,337815.2,315823.6,82455.0,83938.5,101553.1,177179.0,89182.8,373.2,27.6,3.6,655,24.1,8.1,1509,1751,2246,1997,1509,1751,2246,1997,5727,446
1774611659,3,2331551.2,2179225.8,336603.8,315559.7,82272.1,83401.1,101183.6,177049.9,89137.5,398.1,27.6,3.6,667,24.1,8.1,1508,1750,2245,1997,1508,1750,2245,1997,5726,446
1774611957,3,2320774.8,2171971.5,335391.6,313356.9,82346.8,83301.4,100811.5,176003.5,89093.4,422.1,27.6,3.6,714,24.1,8.1,1509,1751,2245,1997,1508,1751,2245,1997,5728,447
1774612257,3,2308911.0,2155354.2,333606.8,312243.7,81726.3,82914.6,100640.9,175854.1,89051.2,452.3,27.6,3.6,738,24.1,8.1,1509,1751,2245,1997,1508,1750,2245,1996,5726,446
1774612559,3,2296750.5,2140737.8,331664.1,310811.9,81173.9,82681.3,100512.1,175524.0,89010.9,479.3,27.6,3.6,779,24.1,8.1,1509,1751,2245,1997,1508,1750,2245,1997,5726,446
1774612857,3,2278595.2,2124512.2,330838.0,308950.1,80953.3,82564.2,100326.8,175005.7,88971.7,506.9,27.6,3.6,793,24.1,8.1,1509,1751,2246,1997,1508,1751,2246,1997,5728,447
1774613157,3,2275978.0,2128285.5,329394.5,309116.1,80650.7,81952.0,99810.1,174884.1,88934.5,536.3,27.6,3.6,818,24.1,8.2,1509,1751,2245,1997,1509,1751,2245,1997,5727,446
1774613459,3,2265655.0,2112639.0,328705.5,307641.5,80556.8,81791.9,99804.0,173834.5,88899.6,564.4,27.6,3.6,876,24.1,8.1,1509,1751,2247,1998,1509,1751,2246,1997,5728,446
1774613759,3,2253369.0,2102700.8,327644.8,306818.6,80352.7,81894.2,99418.1,173420.4,88865.9,593.8,27.6,3.6,899,24.0,8.1,1510,1751,2246,1998,1509,1751,2245,1997,5727,446
1774614057,3,2249228.2,2097511.2,326711.5,305537.6,80176.6,81002.4,99331.6,173095.9,88833.7,624.0,27.6,3.6,924,24.1,8.2,1508,1750,2246,1997,1508,1750,2245,1997,5724,446
1774614359,3,2235600.2,2084985.4,325585.4,304551.9,79825.7,81354.2,99068.4,172845.0,88802.7,652.7,27.6,3.6,997,24.1,8.2,1508,1750,2245,1996,1507,1749,2243,1996,5721,446
1774614659,3,2220874.2,2076085.4,324432.0,303369.7,79859.1,80624.4,98836.8,172336.1,88772.7,679.5,27.6,3.6,964,24.1,8.2,1507,1751,2246,1997,1507,1750,2245,1996,5723,446
1774615259,3,2910310.0,2707740.2,409370.9,381987.8,94933.7,95933.2,110338.1,190891.5,89783.7,82.4,27.5,3.4,361,23.9,7.8,1510,1751,2246,1997,1509,1751,2245,1997,5723,446
1774615559,3,2731333.8,2556706.0,388361.7,362169.3,91050.4,92346.3,108392.1,188170.5,89714.0,112.5,27.5,3.4,349,24.0,7.9,1510,1752,2247,1998,1509,1751,2245,1997,5725,447
1774615857,3,2644276.0,2476427.0,379099.2,351626.8,89495.0,90605.6,107091.0,186144.8,89644.0,138.3,27.5,3.5,388,24.0,7.9,1510,1752,2246,1998,1509,1751,2245,1997,5724,446
1774616159,3,2604917.2,2437061.2,373344.2,344109.7,88327.1,89363.3,106264.7,184815.2,89576.5,163.1,27.5,3.5,410,24.0,8.0,1510,1751,2245,1997,1509,1751,2245,1997,5724,446
1774616457,3,2561706.8,2394124.0,367933.6,339588.9,87585.9,88669.1,105709.7,184223.4,89511.4,183.7,27.5,3.5,409,24.0,8.0,1509,1751,2245,1997,1509,1751,2244,1996,5721,446
1774616757,3,2531399.8,2370011.0,364665.0,336813.4,87030.5,88116.6,105001.9,183414.2,89448.3,208.6,27.6,3.5,461,24.0,8.0,1006,1167,1498,1332,1509,1751,2245,1996,5722,446
1774617059,3,2511906.8,2350549.8,360193.9,334288.4,86268.9,87678.9,104717.8,182509.4,89388.4,237.6,27.5,3.6,500,24.0,8.0,1509,1751,2245,1996,1508,1750,2244,1996,5720,446
1774617357,3,2487764.2,2328406.0,357679.0,332710.5,86222.5,87059.4,104260.0,181612.8,89331.5,268.9,27.6,3.6,515,24.1,8.1,1509,1750,2245,1997,1508,1750,2244,1996,5719,446
1774617657,3,2471255.2,2307659.8,355052.1,330411.2,85597.0,86693.0,103750.1,181095.5,89276.7,296.4,27.6,3.6,540,24.1,8.1,1509,1751,2246,1997,1509,1750,2245,1997,5720,446
1774617959,3,2455863.2,2298338.0,351462.3,328094.7,85242.1,86238.1,103446.5,180131.9,89224.7,320.1,27.6,3.5,549,24.1,8.1,1510,1751,2247,1997,1509,1750,2245,1997,5722,446
1774618257,3,2429589.5,2272210.0,349314.9,326381.9,84740.3,85801.5,103084.0,179820.4,89175.4,346.2,27.6,3.6,591,24.1,8.1,1510,1752,2247,1998,1509,1751,2245,1997,5722,446
1774618559,3,2419986.2,2259363.2,347518.7,325433.9,84408.3,85675.2,102703.1,179445.6,89128.0,370.4,27.6,3.6,647,24.1,8.1,1510,1752,2246,1998,1509,1751,2245,1997,5721,446
1774618859,3,2395787.0,2243935.8,345867.3,322846.3,83925.2,85346.6,102424.2,178913.0,89082.7,396.2,27.6,3.6,649,24.1,8.1,1510,1751,2246,1997,1509,1751,2246,1997,5723,446
1774619157,3,2385883.8,2235104.2,344575.8,321612.3,83770.6,84940.4,102126.9,178175.7,89038.6,424.0,27.6,3.6,665,24.1,8.1,1510,1751,2246,1997,1509,1750,2245,1996,5722,446
1774619459,3,2369189.8,2219089.2,342195.8,318662.8,83118.4,84429.2,101821.0,177938.1,88997.0,456.7,27.6,3.6,718,24.1,8.2,1510,1751,2246,1997,1508,1750,2245,1996,5721,446
1774619757,3,2361483.8,2210153.5,340566.2,319648.2,82751.4,84291.6,101578.6,177502.7,88957.7,481.7,27.6,3.6,770,24.1,8.1,1510,1751,2246,1997,1509,1751,2246,1997,5722,446
1774620057,3,2342933.2,2184958.5,338419.7,317022.5,82919.6,83909.4,101312.0,176767.1,88919.0,514.5,27.6,3.6,786,24.1,8.1,1509,1751,2246,1997,1509,1751,2245,1997,5723,446
1774620359,3,2330380.8,2179325.2,337795.4,315891.4,82417.7,83805.7,100933.9,176447.6,88881.9,535.7,27.6,3.6,807,24.1,8.1,1510,1751,2246,1998,1509,1751,2245,1996,5721,446
1774620657,3,2315328.2,2164423.2,335601.8,314312.3,82092.8,83631.7,100678.9,176324.2,88846.0,561.7,27.6,3.6,832,24.1,8.2,1509,1751,2246,1996,1509,1750,2245,1996,5721,446
1774620959,3,2310757.2,2159631.8,334160.7,313763.7,81647.9,83389.4,100389.2,175702.8,88812.3,592.0,27.6,3.6,886,24.1,8.2,1510,1752,2247,1998,1509,1751,2245,1997,5723,446
1774621257,3,2302007.8,2148529.0,333791.6,312097.0,81709.6,83155.4,100184.4,175638.2,88779.6,619.7,27.6,3.6,910,24.1,8.2,1510,1752,2246,1997,1509,1751,2246,1997,5724,446
1774621557,3,2288906.8,2140602.0,332271.1,311732.9,81173.1,82749.6,100028.2,174499.0,88749.0,651.2,27.6,3.7,944,24.1,8.2,1511,1752,2246,1998,1510,1752,2246,1997,5726,446
1774621859,3,2276763.0,2128716.5,331651.8,309640.2,81356.2,82675.8,99962.5,174329.0,88719.5,676.5,27.6,3.6,985,24.1,8.2,1511,1752,2247,1998,1511,1752,2246,1997,5726,447
1774622459,3,2952916.0,2757559.0,416968.9,387781.2,96268.3,97040.6,111261.1,192796.5,89707.9,82.9,27.5,3.4,347,24.0,7.9,1511,1753,2247,1999,1511,1752,2246,1998,5727,446
1774622757,3,2775594.0,2592870.0,394684.2,369597.0,92058.5,93116.7,108988.5,188846.0,89639.3,107.9,27.5,3.4,379,24.0,7.9,1512,1753,2247,1999,1511,1752,2246,1998,5727,447
1774623057,3,2698987.2,2514946.2,384452.8,357062.5,90518.2,91612.8,107768.7,187387.9,89571.6,138.9,27.6,3.5,394,24.1,8.0,1511,1752,2247,1998,1510,1752,2246,1997,5727,446
1774623359,3,2643746.2,2472143.2,378520.7,349483.4,89167.4,90530.5,106953.5,185844.1,89505.1,164.6,27.6,3.5,392,24.1,8.0,1511,1753,2247,1998,1511,1752,2246,1997,5727,446
1774623657,3,2603291.2,2442281.0,375515.6,346419.7,88654.6,89796.4,106184.8,184651.4,89441.0,186.7,27.6,3.5,454,24.1,8.1,1511,1752,2247,1998,1511,1752,2245,1997,5726,447
1774623957,3,2577627.8,2408298.2,369399.6,341568.1,87894.8,89012.0,105633.9,183751.5,89380.0,205.9,27.6,3.5,415,24.1,8.1,1512,1753,2247,1998,1511,1753,2247,1998,5728,447
1774624259,3,2552830.5,2384935.0,367737.5,339923.8,87394.4,88488.4,105169.4,183556.2,89321.1,234.8,27.6,3.6,511,24.1,8.1,1512,1753,2247,1998,1511,1752,2247,1998,5727,447
1774624559,3,2526078.8,2361848.8,363937.5,336721.3,86913.9,88004.7,104753.2,182386.6,89264.9,260.9,27.6,3.5,508,24.1,8.1,1511,1753,2247,1998,1511,1752,2246,1997,5726,446
1774624857,3,2506942.8,2343527.2,360225.3,334529.4,86363.8,87550.2,104383.4,181672.2,89210.9,287.0,27.6,3.5,550,24.1,8.1,1511,1753,2247,1998,1511,1752,2246,1998,5727,447
1774625157,3,2492828.2,2331839.8,357641.2,333308.6,85983.2,87100.8,103945.5,181467.2,89159.5,312.8,27.7,3.6,577,24.1,8.1,1511,1753,2248,1998,1510,1752,2246,1998,5727,447
1774625459,3,2467596.0,2313370.8,356461.2,330775.0,85695.1,86789.4,103601.2,180598.5,89110.5,338.7,27.6,3.5,622,24.1,8.1,1512,1753,2248,1999,1511,1753,2246,1998,5728,446
1774625759,3,2456621.8,2302253.8,353218.4,329778.6,85278.8,86405.5,103181.2,180254.0,89063.4,365.8,27.7,3.6,637,24.1,8.1,1512,1753,2247,1999,1511,1752,2246,1997,5727,446
1774626057,3,2439264.8,2280832.2,351891.5,327847.2,84843.5,85942.5,102844.6,179595.9,89018.5,392.7,27.7,3.6,667,24.1,8.2,1512,1753,2247,1998,1511,1752,2247,1998,5729,446
1774626357,3,2421883.8,2264596.2,349464.8,325558.5,84561.8,85725.8,102459.4,179375.8,88975.4,416.7,27.7,3.6,665,24.1,8.1,1512,1753,2247,1998,1511,1752,2246,1998,5728,446
1774626659,3,2408233.0,2257664.2,347886.2,324859.4,84192.1,85388.3,102359.4,178696.6,88933.8,448.8,27.7,3.6,715,24.2,8.2,1512,1753,2248,1999,1511,1752,2247,1997,5729,446
1774626959,3,2399956.8,2241116.0,345626.8,322764.7,84256.0,85093.8,102048.2,178238.8,88894.6,473.1,27.7,3.6,744,24.2,8.2,1512,1753,2247,1998,1511,1752,2246,1998,5728,447
1774627257,3,2382959.0,2225535.8,344747.9,321580.1,83831.1,84970.9,102011.8,177353.9,88856.5,493.6,27.7,3.6,759,24.2,8.2,1512,1754,2247,1999,1511,1753,2246,1998,5729,447
1774627557,3,2365757.8,2215076.5,342849.7,320633.5,83549.2,84546.1,101482.8,177373.5,88820.0,521.0,27.7,3.6,794,24.2,8.2,1512,1753,2247,1998,1511,1752,2246,1998,5729,446
1774627859,3,2359646.0,2204622.0,341857.6,319560.9,82928.4,84399.1,101246.7,176962.9,88785.3,550.9,27.7,3.6,857,24.2,8.2,1512,1753,2247,1998,1512,1753,2247,1998,5731,447
1774628157,3,2355340.8,2198741.0,339578.5,318624.3,82856.1,84142.6,101275.5,176681.5,88751.6,578.7,27.7,3.6,865,24.2,8.2,1512,1753,2248,1999,1512,1752,2247,1998,5729,447
1774628457,3,2338945.0,2185797.5,338223.8,317514.5,82771.2,83883.7,100576.8,176566.6,88718.8,607.5,27.7,3.6,869,24.2,8.2,1512,1753,2247,1998,1512,1752,2247,1998,5730,447
1774628759,3,2324483.2,2176083.8,337519.4,315686.5,82455.7,83786.0,100781.1,175875.0,88687.4,639.4,27.7,3.6,952,24.2,8.2,1512,1753,2247,1999,1511,1752,2246,1997,5729,446
1774629059,3,2315941.2,2166652.2,336543.0,315728.0,82237.7,83465.4,100599.0,174902.4,88658.4,670.0,27.7,3.6,958,24.2,8.2,1512,1753,2247,1998,1511,1752,2246,1998,5727,447
1774629657,3,3014465.8,2796861.2,421523.7,393346.2,96886.4,97732.1,111347.5,192744.1,89670.1,81.4,27.6,3.3,303,24.0,7.9,1510,1752,2247,1998,1510,1752,2246,1997,5726,446
1774629959,3,2811853.2,2630790.0,400384.8,373928.4,93078.0,94066.2,109212.2,189821.2,89600.2,108.6,27.6,3.4,359,24.1,8.0,1511,1752,2247,1998,1510,1751,2246,1997,5726,446
1774630259,3,2730902.5,2551039.0,390146.3,362748.2,91235.3,92255.9,108236.5,188163.7,89530.5,136.8,27.6,3.4,368,24.1,8.0,1510,1752,2247,1998,1510,1752,2246,1997,5726,446
1774630557,3,2677502.5,2503703.8,383680.9,356997.9,90282.5,91183.1,107091.2,186574.1,89462.8,163.1,27.6,3.5,377,24.1,8.0,1511,1752,2247,1999,1510,1751,2246,1997,5725,446
1774630857,3,2637360.8,2468464.8,379451.0,350563.4,89412.3,90289.6,106628.5,185534.2,89397.7,189.4,27.7,3.5,439,24.1,8.1,1511,1752,2247,1998,1511,1752,2246,1998,5727,446
1774631159,3,2607222.0,2440740.2,375604.5,347891.8,88651.0,89702.6,106102.6,184620.2,89336.1,214.6,27.7,3.5,457,24.2,8.1,1511,1752,2247,1998,1511,1752,2247,1998,5729,446
1774631457,3,2571712.8,2406261.2,370561.2,342966.8,88124.0,88941.5,105341.8,184006.5,89278.8,241.4,27.7,3.5,506,24.2,8.1,1511,1752,2247,1998,1511,1752,2246,1998,5728,446
1774631757,3,2550935.0,2390253.0,368701.8,339883.9,87452.3,88415.6,104961.5,182970.2,89223.5,267.3,27.7,3.5,518,24.2,8.1,1511,1753,2247,1998,1511,1752,2247,1998,5728,447
1774632059,3,2527765.0,2361483.8,364112.4,338473.8,87020.4,88034.9,104582.6,182118.1,89171.7,294.9,27.7,3.5,561,24.2,8.2,1511,1753,2247,1999,1510,1752,2247,1998,5727,447
1774632359,3,2508803.8,2348323.2,361391.0,335367.9,86555.1,87495.3,103980.6,181433.4,89121.9,315.0,27.7,3.6,592,24.2,8.2,1511,1753,2248,1999,1510,1752,2246,1998,5727,446
1774632657,3,2483730.8,2325810.0,357223.8,333592.5,86168.8,87052.4,103599.2,180827.5,89074.1,338.1,27.7,3.6,604,24.2,8.2,1511,1753,2248,1999,1510,1752,2246,1998,5728,447
1774632957,3,2463269.0,2305091.0,355581.8,331240.6,85503.0,86627.6,103281.2,180115.0,89027.8,361.4,27.8,3.6,638,24.2,8.2,1511,1752,2247,1998,1511,1751,2246,1997,5727,446
1774633259,3,2440874.8,2289630.8,352670.2,328702.2,85404.8,86276.4,102764.7,179556.0,88984.4,388.0,27.8,3.6,667,24.3,8.2,1510,1752,2247,1998,1510,1751,2246,1997,5726,446
1774633559,3,2419633.8,2264186.2,350941.2,327200.5,84601.8,85793.1,102353.4,178880.6,88943.7,415.5,27.8,3.5,683,24.3,8.2,1511,1753,2247,1998,1510,1752,2247,1998,5728,446
1774633857,3,2403656.2,2252487.2,348391.0,325579.4,84429.6,85367.0,102042.6,178280.8,88904.0,444.2,27.8,3.6,706,24.3,8.2,1511,1753,2247,1998,1511,1752,2246,1998,5728,446
1774634159,3,2387549.8,2233345.8,346312.6,322740.1,84078.4,84983.7,101713.2,177606.4,88865.2,476.6,27.8,3.6,759,24.3,8.3,1512,1752,2247,1999,1511,1751,2246,1997,5727,446
1774634459,3,2373301.2,2220431.2,344371.0,321093.0,83486.3,84644.1,101330.5,176970.4,88829.0,498.3,27.9,3.6,773,24.3,8.2,1511,1752,2247,1998,1510,1751,2246,1997,5728,447
1774634757,3,2359598.2,2206477.2,342360.9,320793.5,83053.3,84350.1,101078.5,176610.1,88794.5,525.0,27.9,3.6,817,24.4,8.2,1511,1752,2247,1998,1510,1752,2246,1998,5729,447
1774635059,3,2330878.0,2185650.2,339347.8,318342.1,82759.1,84014.9,100668.8,176056.5,88762.1,559.1,27.9,3.6,857,24.4,8.3,1511,1752,2246,1998,1510,1752,2246,1998,5729,446
1774635359,3,2320938.0,2170258.5,337406.8,316353.5,82415.3,83681.4,100518.2,175161.8,88730.2,585.8,27.9,3.6,838,24.4,8.3,1510,1752,2246,1998,1510,1752,2245,1998,5729,446
1774635657,3,2303259.8,2151836.2,335740.8,314584.8,81744.7,83361.1,100115.2,174543.0,88699.1,629.1,27.9,3.6,912,24.4,8.3,1511,1752,2246,1998,1510,1752,2245,1997,5729,446
1774635959,3,2291771.8,2145302.2,334927.9,313089.7,81600.6,82902.2,99596.5,173631.0,88669.5,651.8,27.9,3.6,971,24.4,8.3,1512,1752,2247,1999,1510,1751,2245,1997,5729,446
1774636259,3,2271673.8,2131526.2,333418.4,312340.5,81414.5,82733.8,99208.6,173207.1,88640.7,677.0,28.0,3.6,968,24.5,8.3,1511,1752,2246,1998,1510,1752,2246,1997,5729,446
1774636859,3,2950741.0,2747593.2,417274.2,389076.5,96158.4,96755.9,109886.1,190214.7,89607.8,76.6,27.9,3.4,329,24.3,8.0,1511,1753,2247,1999,1510,1752,2247,1998,5730,447
1774637157,3,2752195.2,2582098.0,394211.8,367417.1,91924.6,92755.4,107695.8,187524.9,89540.5,110.3,28.0,3.4,363,24.4,8.0,1511,1752,2248,1998,1510,1752,2245,1998,5727,446
1774637457,3,2673632.8,2504048.8,383004.0,356473.7,90112.8,91031.3,106437.9,185343.5,89473.5,135.4,28.0,3.5,383,24.5,8.1,1511,1752,2247,1998,1510,1752,2246,1997,5730,447
1774637759,3,2616834.0,2447286.2,377432.0,348466.3,88964.6,89813.8,105700.0,183712.2,89408.9,162.0,28.0,3.5,378,24.5,8.1,1511,1752,2247,1998,1510,1752,2246,1997,5729,446
1774638057,3,2579155.2,2416276.8,372046.8,344755.0,88170.0,88978.1,105072.5,182727.7,89346.2,192.8,28.0,3.5,418,24.5,8.1,1511,1752,2246,1998,1511,1752,2246,1997,5729,446
1774638357,3,2539379.8,2381580.8,366599.6,339908.9,87368.7,88185.5,104230.8,181208.7,89285.7,212.2,28.0,3.6,486,24.5,8.2,1511,1752,2246,1998,1510,1752,2245,1997,5729,446
1774638659,3,2509861.0,2353260.2,363257.7,336301.2,86684.6,87635.0,103641.6,181168.2,89228.0,241.3,28.1,3.6,479,24.6,8.2,1511,1753,2247,1999,1510,1752,2246,1997,5731,446
1774638957,3,2480530.2,2324147.0,360044.4,333999.0,85931.2,86988.3,103339.1,180214.4,89171.6,263.1,28.1,3.6,537,24.6,8.2,1511,1752,2247,1998,1510,1751,2245,1997,5729,446
1774639257,3,2463794.2,2304135.2,355439.2,331662.8,85386.5,86513.2,102380.5,179453.9,89118.1,297.2,28.1,3.6,556,24.6,8.3,1511,1752,2246,1998,1511,1752,2245,1997,5730,446
1774639559,3,2442382.2,2289287.2,353311.4,329245.7,85109.8,86142.7,102272.4,178781.8,89065.8,315.5,28.1,3.6,568,24.6,8.3,1511,1752,2246,1998,1510,1751,2245,1996,5730,446
1774639857,3,2423551.2,2269622.8,350951.0,327556.6,84720.0,85758.6,101518.3,178058.0,89016.7,349.0,28.1,3.6,584,24.6,8.3,1511,1752,2246,1998,1511,1752,2246,1997,5734,447
1774640157,3,2406432.2,2250316.0,348279.1,325425.5,84248.6,85162.4,101522.9,177220.4,88969.1,381.2,28.2,3.6,616,24.6,8.3,1511,1752,2246,1997,1510,1751,2245,1997,5732,447
1774640459,3,2383515.0,2234649.0,346487.0,322742.6,83776.3,84840.9,101081.5,176312.4,88923.4,405.0,28.2,3.6,662,24.6,8.3,1512,1753,2246,1999,1510,1751,2246,1998,5733,447
1774640759,3,2370495.0,2213895.2,344936.8,322071.0,83307.8,84712.9,100824.0,176101.7,88879.2,432.8,28.2,3.6,698,24.7,8.3,1510,1751,2245,1997,1509,1751,2244,1996,5726,446
1774641057,3,2352485.8,2200411.2,342615.7,319868.0,83078.1,84327.9,100507.7,175769.4,88837.2,461.6,28.2,3.6,728,24.7,8.3,1510,1751,2245,1997,1510,1751,2245,1997,5726,446
1774641357,3,2336749.8,2187448.0,339239.6,317945.5,82390.6,83925.5,100005.8,174710.1,88796.3,491.1,28.2,3.6,741,24.7,8.3,1510,1752,2246,1997,1510,1751,2244,1997,5727,446
1774641659,3,2325971.0,2178960.0,339350.6,317553.9,82447.5,83585.1,99676.3,174092.7,88756.3,519.1,28.2,3.6,782,24.7,8.3,1511,1753,2246,1998,1510,1752,2246,1997,5729,446
1774641957,3,2308407.8,2163952.8,337611.7,316075.8,82018.4,83307.4,99368.2,173787.4,88717.4,542.6,28.2,3.6,816,24.7,8.3,1508,1750,2245,1996,1508,1749,2243,1995,5723,445
1774642257,3,2297271.8,2149041.2,335512.2,313714.0,81695.8,82763.5,99167.3,173308.0,88680.3,575.4,28.2,3.6,868,24.7,8.4,1510,1751,2245,1997,1509,1751,2244,1996,5726,446
1774642559,3,2290638.8,2136650.2,333894.9,312703.3,81297.8,82610.6,98945.8,173085.3,88644.1,604.1,28.2,3.6,882,24.7,8.4,1510,1751,2245,1997,1510,1751,2245,1997,5727,446
1774642859,3,2273033.8,2129136.8,332647.1,311485.5,81168.7,82506.8,98699.2,172120.8,88609.8,630.2,28.2,3.7,883,24.7,8.3,1510,1751,2244,1996,1509,1751,2244,1996,5727,446
1774643157,3,2255952.2,2110973.2,331315.9,310665.8,80945.9,81994.2,98501.9,171912.6,88576.5,659.4,28.3,3.7,943,24.7,8.4,1511,1752,2246,1997,1509,1751,2244,1997,5727,446
1774643457,3,2255271.8,2112674.8,331354.5,309808.0,80892.6,81606.5,98134.6,171769.3,88545.6,689.8,28.3,3.6,975,24.7,8.4,1508,1750,2243,1995,1507,1749,2243,1995,5725,446
1774644057,3,2921380.2,2731136.8,416205.5,388423.9,95928.9,96594.1,109251.5,189002.4,89491.0,85.8,28.1,3.4,346,24.6,8.1,1508,1750,2244,1996,1508,1750,2244,1995,5724,445
1774644357,3,2740485.5,2562432.8,395218.0,367416.2,91832.0,92724.6,107177.6,185820.2,89421.8,117.4,28.2,3.5,338,24.7,8.1,1508,1750,2244,1995,1507,1749,2243,1994,5722,445
1774644659,3,2653934.8,2485707.2,383623.7,355114.5,90026.4,91086.6,105967.5,184306.0,89352.5,139.8,28.2,3.5,378,24.7,8.2,1508,1750,2243,1995,1507,1749,2243,1995,5721,445
1774644959,3,2606490.8,2449085.2,377470.8,349144.1,89215.0,89718.4,105125.7,182918.5,89285.3,166.0,28.2,3.5,391,24.7,8.2,1508,1749,2244,1996,1508,1750,2244,1995,5723,446
1774645257,3,2570421.2,2409625.0,372727.0,345568.8,88291.8,89088.2,104402.8,182055.7,89220.5,194.6,28.2,3.5,385,24.7,8.2,1509,1750,2245,1996,1508,1750,2245,1996,5723,446
1774645559,3,2546469.5,2386476.8,369564.2,341355.2,87666.5,88457.1,103887.6,181604.4,89157.2,218.5,28.2,3.6,473,24.7,8.2,1509,1750,2244,1996,1508,1750,2244,1995,5722,446
1774645859,3,2521716.8,2357461.0,365900.8,338762.0,87051.4,88175.4,103301.3,180663.3,89096.7,241.2,28.2,3.6,470,24.7,8.3,1508,1750,2244,1996,1507,1749,2244,1995,5722,446
1774646157,3,2494079.2,2334799.0,363728.8,336329.9,86758.8,87529.8,103252.5,179591.5,89039.7,267.9,28.3,3.6,523,24.7,8.3,1510,1751,2246,1997,1509,1750,2245,1996,5725,446
1774646457,3,2474556.8,2315312.8,357785.8,333326.2,86047.7,87010.6,102379.9,179203.4,88984.6,293.1,28.3,3.6,502,24.8,8.3,1509,1751,2245,1997,1509,1751,2245,1996,5724,446
1774646759,3,2458143.8,2304988.8,356556.4,331750.7,85624.4,86573.3,102352.2,178497.6,88931.7,323.5,28.3,3.6,601,24.8,8.3,1510,1751,2246,1997,1509,1751,2244,1996,5725,446
1774647059,3,2437386.0,2282332.2,354096.9,329466.6,85207.6,85948.3,101825.9,177983.7,88880.9,347.3,28.3,3.6,590,24.8,8.3,1510,1751,2245,1997,1509,1751,2245,1996,5725,446
1774647357,3,2418307.2,2265624.8,353196.3,327883.5,84857.5,85831.3,101235.0,177752.1,88832.9,378.8,28.3,3.6,628,24.8,8.3,1510,1751,2246,1997,1509,1751,2245,1996,5725,446
1774647657,3,2399144.5,2248402.8,348897.3,325979.3,84541.3,85484.0,101169.5,176895.9,88786.4,405.2,28.3,3.6,630,24.8,8.4,1509,1751,2245,1996,1508,1751,2244,1996,5724,446
1774647959,3,2392359.0,2238184.2,346949.2,324466.8,83920.8,85184.8,100920.6,175925.3,88741.0,433.1,28.3,3.6,698,24.8,8.4,1509,1751,2245,1996,1508,1750,2244,1996,5724,446
1774648259,3,2370210.2,2224146.2,346603.0,323574.7,83799.6,84954.5,100374.9,175210.6,88697.7,447.7,28.3,3.6,737,24.8,8.4,1510,1751,2245,1996,1508,1750,2244,1996,5723,446
1774648557,3,2360008.8,2212897.8,344858.1,322153.2,83703.2,84639.4,100330.9,175488.2,88656.0,481.1,28.3,3.6,781,24.8,8.4,1509,1751,2246,1996,1509,1750,2244,1996,5724,446
1774648857,3,2346833.8,2200303.8,343667.0,320629.8,83258.8,84270.8,100281.2,174665.6,88616.8,509.5,28.3,3.6,796,24.8,8.4,1509,1751,2246,1997,1509,1750,2244,1996,5724,446
1774649157,3,2337634.8,2191688.2,342528.4,319196.2,83065.9,84187.2,99617.8,174579.1,88578.1,538.2,28.3,3.6,817,24.8,8.4,1509,1751,2246,1997,1509,1751,2245,1996,5725,446
1774649459,3,2325825.2,2179508.0,340248.8,318260.7,82661.8,83914.9,99523.0,173768.9,88541.1,564.1,28.3,3.6,862,24.8,8.4,1510,1751,2245,1997,1508,1750,2244,1996,5725,446
1774649759,3,2324237.5,2175945.2,338997.8,317786.6,82323.4,83608.7,99256.6,173464.0,88506.3,588.0,28.3,3.7,878,24.8,8.4,1510,1752,2246,1998,1509,1751,2245,1997,5727,447
1774650057,3,2304097.5,2160226.8,337128.8,315572.2,82037.5,83477.0,99083.4,173072.2,88473.2,619.1,28.3,3.6,894,24.8,8.4,1508,1750,2244,1996,1508,1749,2243,1995,5721,446
1774650357,3,2287969.0,2140798.2,335543.1,313821.1,81763.5,83041.8,98849.2,172857.5,88441.1,648.8,28.3,3.6,930,24.8,8.4,1508,1750,2244,1995,1508,1750,2243,1996,5722,446
1774650659,3,2286299.8,2143065.2,335689.9,314619.3,81743.2,82554.9,98627.1,172336.0,88410.4,674.0,28.3,3.7,968,24.8,8.4,1508,1750,2244,1996,1507,1749,2243,1995,5721,445
1774651257,3,2967631.2,2771829.2,422318.4,393560.0,96801.6,97566.8,109698.8,190046.2,89446.5,77.6,28.2,3.4,314,24.7,8.1,1509,1750,2244,1997,1508,1749,2243,1996,5724,446
1774651557,3,2781023.8,2608691.2,400850.5,372736.0,92879.8,93444.4,107622.2,186545.9,89374.0,107.3,28.2,3.4,325,24.7,8.1,1509,1750,2244,1996,1508,1750,2243,1996,5724,446
1774651857,3,2698501.8,2530321.2,390346.0,362161.2,90947.1,91949.7,106632.9,185788.9,89301.0,137.0,28.2,3.5,379,24.7,8.2,1508,1749,2244,1995,1507,1749,2242,1995,5721,446
1774652159,3,2655655.2,2487016.5,383580.9,355605.8,90046.4,90791.0,105695.2,184154.5,89231.6,159.9,28.3,3.5,408,24.8,8.2,1508,1750,2243,1996,1507,1749,2242,1995,5722,446
1774652459,3,2613942.2,2455340.8,378271.5,349724.8,89268.4,89964.3,105025.8,183200.8,89163.6,181.9,28.3,3.5,414,24.8,8.3,1508,1750,2244,1996,1507,1749,2243,1995,5721,446
1774652757,3,2589448.2,2428376.8,375433.5,347445.7,88525.2,89452.5,104520.4,181791.0,89098.0,208.7,28.3,3.5,452,24.8,8.3,1509,1750,2244,1996,1507,1750,2243,1995,5721,446
1774653057,3,2556491.0,2397788.2,372233.2,344731.2,88217.8,88857.2,104042.9,181400.9,89036.1,231.1,28.3,3.5,446,24.8,8.3,1508,1749,2243,1995,1507,1748,2242,1994,5719,446
1774653359,3,2537836.8,2380822.0,369946.1,340994.4,87629.6,88229.1,103605.0,180494.2,88976.1,254.5,28.3,3.6,508,24.8,8.3,1508,1749,2243,1995,1507,1749,2242,1994,5718,446
1774653659,3,2520190.0,2352473.8,365608.6,338082.7,87057.4,87860.9,103172.7,180245.3,88919.2,282.3,28.3,3.6,525,24.8,8.3,1509,1750,2244,1996,1508,1749,2243,1995,5724,446
1774653957,3,2494035.5,2337718.8,364471.2,336989.8,86820.8,87631.8,102821.8,178950.1,88864.6,307.4,28.3,3.6,556,24.8,8.3,1509,1750,2244,1996,1508,1749,2242,1995,5723,446
1774654257,3,2479027.2,2320856.2,361353.6,334598.2,86447.0,87052.8,102324.8,179170.7,88812.4,332.1,28.3,3.6,594,24.8,8.4,1509,1749,2244,1995,1508,1749,2242,1995,5724,446
1774654559,3,2466244.2,2310494.2,358442.7,333669.2,85912.8,86940.9,101871.7,178506.3,88762.5,365.5,28.3,3.6,603,24.8,8.4,1509,1751,2244,1996,1508,1750,2242,1995,5724,446
1774654857,3,2448520.2,2292259.0,356917.7,331316.2,85417.5,86487.2,101916.1,177942.7,88713.8,396.1,28.3,3.6,653,24.8,8.4,1509,1750,2244,1996,1508,1749,2243,1995,5724,446
1774655157,3,2443504.8,2291135.2,356255.5,331883.9,85490.7,86243.3,101485.4,177397.9,88668.6,420.9,28.3,3.6,680,24.8,8.4,1509,1750,2244,1996,1508,1750,2243,1996,5725,446
1774655459,3,2430075.2,2273270.2,354312.8,329482.1,85015.1,85941.1,101237.5,176461.2,88625.3,442.9,28.3,3.6,706,24.8,8.4,1509,1750,2244,1997,1508,1749,2242,1995,5724,446
1774655759,3,2405678.0,2252335.8,351997.4,327849.8,84976.5,85644.2,101022.2,175755.8,88584.1,467.3,28.3,3.6,748,24.8,8.4,1509,1750,2244,1996,1507,1749,2242,1995,5724,446
1774656057,3,2398327.2,2241630.2,350380.2,326063.2,84538.1,85318.0,100860.8,176012.8,88544.2,495.3,28.3,3.6,769,24.8,8.4,1508,1750,2244,1996,1507,1749,2243,1996,5723,446
1774656357,3,2390021.8,2243437.0,350284.9,326028.5,84155.8,85122.4,100624.8,175142.8,88506.2,526.1,28.3,3.6,781,24.8,8.4,1508,1750,2244,1996,1507,1749,2242,1995,5721,446
1774656659,3,2373223.2,2225833.0,347702.4,323593.7,83851.0,84849.8,100084.0,174911.9,88470.1,548.1,28.3,3.7,863,24.8,8.4,1507,1749,2243,1996,1507,1748,2242,1994,5720,446
1774656957,3,2363111.0,2218672.2,346218.0,322126.2,83748.6,84814.6,100145.8,174568.5,88435.8,584.8,28.3,3.7,884,24.8,8.4,1508,1750,2244,1996,1507,1749,2243,1995,5721,446
1774657257,3,2355106.8,2205544.8,345266.5,321702.5,83182.8,84434.4,100033.1,173958.2,88403.0,613.3,28.3,3.6,854,24.8,8.5,1508,1750,2243,1996,1507,1749,2243,1995,5720,445
1774657559,3,2340523.0,2192448.2,343642.8,320100.2,82893.6,84088.9,99503.3,173813.8,88371.3,639.1,28.3,3.6,969,24.8,8.4,1506,1748,2242,1995,1506,1747,2241,1994,5717,446
1774657857,3,2332174.2,2184135.0,341901.7,318754.2,82736.8,83675.0,99313.3,172981.7,88341.5,665.4,28.3,3.6,1003,24.8,8.4,1507,1749,2243,1996,1507,1748,2242,1994,5719,446
1774658459,3,3042643.2,2821067.8,429123.8,401313.1,98196.3,98658.4,110304.9,190407.3,89338.1,82.5,28.2,3.4,277,24.7,8.1,1508,1749,2243,1995,1507,1749,2242,1994,5719,446
1774658757,3,2828802.2,2651795.0,408064.7,379125.9,94433.8,95013.1,108105.5,187754.8,89267.8,109.7,28.2,3.5,349,24.7,8.2,1508,1749,2243,1995,1507,1749,2242,1995,5720,446
1774659059,3,2745642.2,2576073.2,397192.5,369640.2,92061.3,92930.9,107001.5,185467.3,89197.5,131.4,28.3,3.5,377,24.8,8.2,1508,1749,2244,1995,1507,1748,2242,1995,5719,446
1774659357,3,2690846.2,2526208.8,389464.2,361634.7,90872.1,91611.5,106235.0,184597.4,89128.8,154.8,28.3,3.5,365,24.8,8.3,1507,1750,2243,1996,1507,1749,2242,1995,5720,445
1774659657,3,2650974.0,2492500.0,386440.7,355687.2,90281.7,90873.3,105637.8,183724.1,89062.5,180.1,28.3,3.5,430,24.8,8.3,1508,1750,2243,1996,1507,1749,2242,1995,5719,446
1774659959,3,2633299.8,2467007.0,380676.8,353180.9,89644.9,90368.3,104883.4,183270.7,88999.3,202.5,28.3,3.5,411,24.8,8.3,1508,1750,2244,1996,1507,1749,2242,1995,5719,446
1774660257,3,2606593.0,2440116.2,379354.2,349967.5,89073.2,89838.2,104558.0,181998.8,88938.7,230.9,28.3,3.6,486,24.8,8.4,1508,1749,2243,1996,1507,1749,2242,1995,5720,446
1774660557,3,2582458.0,2420620.8,374896.0,347290.2,88539.7,89249.2,104145.4,181379.0,88880.9,254.2,28.3,3.6,486,24.8,8.4,1508,1749,2243,1995,1508,1749,2242,1995,5722,446
1774660859,3,2562496.0,2404125.2,373552.7,345825.3,88076.5,88970.8,103798.8,180586.2,88825.3,278.0,28.3,3.6,525,24.8,8.4,1508,1750,2244,1996,1508,1749,2242,1995,5721,446
1774661157,3,2542542.8,2384430.0,370140.6,344115.8,87828.2,88343.2,103289.4,180299.1,88772.7,301.2,28.3,3.6,517,24.8,8.4,1508,1750,2243,1996,1507,1749,2242,1995,5721,446
1774661457,3,2526931.0,2365252.0,367967.4,339957.9,87562.2,88249.1,103145.5,180203.4,88722.6,336.3,28.3,3.6,545,24.8,8.4,1509,1750,2243,1997,1508,1750,2243,1996,5723,446
1774661759,3,2506490.2,2354257.8,366642.1,339483.0,87318.9,87856.0,102951.5,179638.6,88674.9,365.0,28.3,3.6,631,24.8,8.4,1508,1750,2243,1996,1508,1750,2242,1996,5723,446
1774662057,3,2504453.0,2341846.2,363960.9,337924.2,86905.1,87633.2,102874.6,178956.7,88629.2,392.1,28.3,3.6,609,24.8,8.4,1508,1749,2242,1995,1508,1749,2242,1996,5723,446
1774662357,3,2484865.8,2329469.8,362788.9,335837.1,86463.7,87303.5,102315.0,177711.8,88586.0,414.0,28.3,3.6,649,24.8,8.4,1509,1750,2243,1996,1508,1750,2243,1996,5724,446
1774662659,3,2472065.2,2325485.2,361468.5,334646.2,86245.5,87038.7,101970.6,177782.1,88544.4,437.7,28.3,3.6,690,24.8,8.4,1508,1749,2243,1996,1507,1748,2242,1995,5721,446
1774662959,3,2459679.0,2308176.8,359705.1,333880.2,86128.5,86796.8,101683.4,176973.7,88504.7,463.0,28.3,3.6,723,24.8,8.5,1508,1749,2243,1996,1507,1749,2243,1995,5721,446
1774663257,3,2448305.8,2288657.0,356626.1,331155.5,85524.1,86301.3,101401.3,177321.3,88466.5,492.4,28.3,3.6,759,24.8,8.5,1508,1750,2244,1996,1507,1749,2242,1996,5721,446
1774663557,3,2437916.8,2285706.8,355624.2,330916.2,85540.3,86276.6,101196.3,176200.0,88430.5,517.0,28.3,3.6,787,24.8,8.5,1508,1749,2244,1996,1507,1749,2243,1995,5720,445
1774663859,3,2419665.8,2273389.5,354365.4,329840.1,85294.4,85796.1,101003.2,176396.7,88396.3,544.0,28.3,3.6,807,24.8,8.4,1508,1750,2243,1996,1507,1749,2242,1995,5719,446
1774664159,3,2408706.2,2263222.2,353679.0,328933.1,84960.6,85760.2,100898.1,175473.4,88363.9,569.0,28.3,3.6,868,24.8,8.5,1508,1750,2244,1996,1507,1749,2242,1995,5720,446
1774664457,3,2402892.8,2251299.0,352379.8,327983.7,84678.0,85583.3,100668.5,175370.8,88332.6,593.1,28.3,3.6,876,24.8,8.5,1508,1750,2244,1996,1508,1749,2243,1996,5722,446
1774664757,3,2390002.2,2240451.2,351290.2,326746.0,84406.1,85202.9,100481.9,175011.2,88302.5,630.0,28.3,3.7,898,24.8,8.5,1509,1751,2245,1997,1508,1750,2244,1996,5726,446
1774665057,3,2378561.8,2229371.8,349056.3,325409.6,84155.9,85027.1,100154.5,174394.5,88274.8,654.9,28.3,3.7,961,24.8,8.5,1509,1751,2245,1997,1508,1750,2243,1996,5725,446
1774665659,3,3122438.0,2898785.8,438832.0,410591.7,99617.9,100084.5,111393.8,192811.2,89322.1,75.0,28.2,3.4,285,24.7,8.1,1509,1750,2244,1997,1508,1749,2243,1996,5721,446
1774665957,3,2903595.2,2718645.8,416914.2,388778.8,95866.6,96525.2,109313.0,189609.1,89252.7,99.6,28.3,3.4,339,24.7,8.2,1508,1750,2244,1996,1508,1749,2243,1995,5720,446
1774666257,3,2811741.2,2630688.2,405372.8,376505.6,93795.2,94110.4,107947.4,187050.7,89184.7,120.1,28.3,3.5,351,24.8,8.3,1509,1751,2245,1997,1508,1750,2243,1996,5724,446
1774666557,3,2757282.8,2588400.8,398896.4,370925.5,92158.5,93043.4,106899.7,185924.2,89118.4,141.5,28.3,3.5,347,24.8,8.3,1509,1751,2244,1997,1508,1750,2243,1995,5723,446
1774666859,3,2717590.0,2546700.8,395377.5,365456.6,91525.6,92114.9,106231.6,185379.0,89055.1,164.7,28.3,3.5,387,24.8,8.3,1509,1750,2244,1997,1508,1749,2243,1996,5721,446
1774667159,3,2691126.8,2522833.0,392428.6,360708.8,91074.0,91587.5,105936.7,183629.0,88994.2,194.2,28.3,3.5,429,24.8,8.4,1509,1750,2245,1997,1508,1750,2243,1996,5723,446
1774667457,3,2664154.2,2501207.8,387272.5,357646.4,90357.4,90959.4,105367.7,183765.0,88935.8,225.5,28.3,3.6,476,24.8,8.4,1509,1750,2244,1996,1508,1749,2243,1996,5724,446
1774667757,3,2641305.2,2476134.2,384916.4,355397.9,89989.8,90530.8,104804.6,182757.2,88880.1,256.2,28.3,3.5,438,24.8,8.4,1509,1750,2244,1996,1508,1750,2242,1995,5725,446
1774668057,3,2616197.0,2453577.2,380416.1,351746.7,89351.1,89947.9,104550.4,182101.7,88827.4,279.2,28.3,3.6,512,24.8,8.4,1509,1750,2243,1996,1508,1750,2242,1996,5723,446
1774668359,3,2594958.8,2432480.8,377225.2,348338.9,88933.1,89509.1,104029.4,181475.0,88776.7,300.8,28.3,3.6,561,24.8,8.4,1508,1750,2244,1996,1507,1749,2242,1995,5722,446
1774668659,3,2576299.5,2415635.2,375020.9,346366.5,88417.0,89103.8,103927.3,180776.9,88728.6,326.4,28.4,3.6,587,24.9,8.5,1508,1750,2243,1996,1507,1749,2242,1995,5721,446
1774668957,3,2553463.5,2395212.0,372003.5,345530.0,88259.5,88748.6,103370.0,180741.7,88682.1,347.2,28.4,3.6,594,24.9,8.4,1509,1750,2244,1996,1508,1749,2243,1996,5723,446
1774669257,3,2536250.8,2382213.2,370358.5,343658.0,87890.8,88472.0,103288.8,179639.6,88638.1,371.7,28.4,3.6,598,24.8,8.4,1508,1750,2244,1996,1508,1750,2243,1995,5722,446
1774669557,3,2524570.2,2366173.0,367572.1,340821.0,87490.7,88052.3,102921.2,179356.0,88596.4,399.6,28.4,3.6,640,24.8,8.5,1508,1749,2243,1996,1507,1749,2242,1995,5720,446
1774669859,3,2506970.8,2355627.8,367034.0,339533.8,87279.8,87813.4,102569.5,179062.0,88556.1,420.5,28.4,3.6,683,24.9,8.5,1508,1750,2244,1996,1508,1749,2243,1996,5721,446
1774670157,3,2500429.0,2339759.2,364768.5,337900.1,87005.0,87680.8,102307.6,178395.7,88517.9,450.6,28.4,3.6,720,24.9,8.5,1508,1750,2243,1996,1507,1749,2243,1996,5720,446
1774670457,3,2488400.5,2326893.2,362881.0,336367.0,86589.0,87279.7,102340.5,178034.1,88481.9,478.0,28.4,3.6,719,24.9,8.5,1508,1750,2244,1996,1507,1749,2243,1996,5721,446
1774670757,3,2475708.0,2322198.8,362232.9,336011.8,86499.5,87066.7,101889.3,177439.7,88445.6,506.4,28.4,3.6,760,24.9,8.5,1508,1750,2243,1996,1507,1750,2243,1995,5722,446
1774671059,3,2459742.8,2306191.8,360410.2,333928.3,85914.0,86722.6,101839.6,176906.9,88411.3,535.5,28.4,3.6,813,24.9,8.6,1509,1750,2244,1997,1508,1750,2243,1996,5722,446
1774671359,3,2459257.2,2305981.0,360321.5,334262.5,85927.1,86712.7,101536.0,176462.7,88378.1,562.9,28.4,3.6,846,24.9,8.5,1508,1750,2244,1996,1508,1749,2242,1995,5723,446
1774671657,3,2440113.2,2289773.2,356990.1,331711.3,85698.8,86428.6,101330.5,176207.4,88346.6,596.3,28.3,3.6,875,24.8,8.5,1508,1749,2244,1996,1507,1749,2242,1995,5723,446
1774671957,3,2434102.2,2290685.2,357137.0,332124.4,85560.6,86232.7,100996.7,176323.8,88315.7,619.1,28.3,3.6,886,24.8,8.5,1509,1750,2244,1996,1507,1749,2243,1996,5723,446
1774672257,3,2426522.8,2277059.0,355353.0,330756.0,85457.1,85956.3,100931.2,175776.2,88287.7,647.3,28.3,3.6,926,24.8,8.6,1508,1750,2243,1996,1507,1749,2242,1995,5722,446
1774672859,3,3195592.8,2978368.0,446837.2,418164.0,101012.5,101262.1,112081.5,194121.7,89358.3,67.6,28.2,3.3,250,24.7,8.2,1508,1750,2243,1995,1507,1749,2242,1995,5720,446
1774673157,3,2974760.8,2775864.8,424571.6,395981.6,97163.5,97482.5,109958.6,191056.0,89287.5,97.6,28.2,3.4,317,24.7,8.3,1509,1750,2243,1996,1507,1749,2242,1995,5721,446
1774673457,3,2885569.0,2704361.0,415065.2,386221.0,95332.0,95857.8,108805.4,188768.8,89218.2,121.7,28.2,3.5,330,24.7,8.3,1509,1750,2243,1996,1507,1749,2242,1995,5722,446
1774673757,3,2813364.0,2647258.0,408102.6,377941.0,94035.9,94475.2,107887.4,187250.8,89150.1,149.0,28.3,3.5,357,24.8,8.4,1508,1750,2244,1996,1508,1749,2243,1996,5724,446
1774674059,3,2777091.8,2616720.0,403485.2,373667.7,92947.1,93464.7,107111.8,186105.9,89084.9,176.8,28.3,3.5,428,24.8,8.4,1508,1749,2243,1996,1507,1749,2242,1996,5722,446
1774674359,3,2755597.2,2593988.8,400709.0,371487.9,92381.0,92732.7,106726.2,185595.8,89022.6,200.4,28.3,3.5,433,24.8,8.4,1507,1748,2243,1995,1507,1748,2242,1995,5718,446
1774674657,3,2727317.8,2557931.0,396436.8,366770.5,91613.5,92048.6,106186.1,184738.8,88963.7,221.8,28.3,3.5,449,24.8,8.4,1508,1750,2243,1996,1507,1749,2242,1995,5718,446
1774674957,3,2708160.8,2542478.2,393746.4,364425.5,91259.4,91679.6,106027.0,184141.9,88907.1,248.4,28.3,3.6,463,24.8,8.4,1508,1750,2244,1997,1507,1748,2242,1995,5719,446
1774675257,3,2681500.2,2518906.0,391970.2,361225.9,90711.1,91267.9,105516.4,183435.1,88852.9,280.8,28.3,3.5,508,24.8,8.4,1508,1749,2243,1995,1507,1749,2242,1995,5719,445
1774675559,3,2667106.0,2503575.8,387658.0,357696.3,90271.3,90860.5,105094.6,182890.9,88801.7,301.5,28.3,3.6,535,24.8,8.4,1508,1749,2244,1995,1508,1749,2243,1995,5721,445
1774675857,3,2650662.8,2486317.8,384792.8,356186.5,90256.6,90568.6,104856.6,182991.8,88752.0,326.9,28.3,3.5,592,24.8,8.5,1508,1749,2244,1996,1507,1748,2242,1995,5719,445
1774676157,3,2628550.2,2468593.8,384481.0,354449.2,89808.2,90272.1,104694.6,181958.0,88705.7,346.7,28.3,3.6,581,24.8,8.4,1508,1749,2243,1996,1507,1748,2242,1995,5721,446
1774676457,3,2615806.8,2456577.8,381219.5,352740.5,89433.0,89971.6,104348.3,181525.3,88660.9,387.0,28.3,3.6,601,24.8,8.4,1508,1749,2243,1996,1507,1749,2242,1995,5722,446
1774676759,3,2602074.8,2443541.0,378783.9,351423.0,89058.6,89680.6,103939.2,180967.5,88618.8,410.6,28.3,3.6,628,24.8,8.5,1508,1749,2243,1996,1508,1749,2242,1995,5721,446
1774677057,3,2590657.0,2429099.2,378022.8,349092.1,88862.7,89358.4,103767.5,180830.1,88578.4,430.2,28.3,3.6,693,24.8,8.5,1508,1749,2243,1995,1507,1749,2242,1995,5722,446
1774677357,3,2576209.2,2418929.2,375990.2,347727.9,88534.5,88927.2,103507.4,180105.1,88540.5,455.7,28.3,3.6,708,24.8,8.5,1508,1749,2242,1996,1507,1749,2242,1995,5721,446
1774677659,3,2560575.2,2403777.0,373920.8,347019.2,88344.3,88880.9,103600.6,179890.5,88503.5,479.7,28.3,3.6,745,24.8,8.5,1508,1749,2243,1995,1507,1748,2241,1994,5720,446
1774677959,3,2556465.0,2400814.0,373217.3,345905.0,88147.8,88722.2,103144.4,179691.0,88468.3,509.7,28.3,3.6,751,24.8,8.5,1506,1748,2242,1994,1506,1747,2241,1994,5715,445
1774678257,3,2546760.0,2384622.2,371940.3,344247.3,87996.5,88507.2,103076.9,178788.4,88435.8,542.8,28.3,3.6,794,24.8,8.5,1508,1749,2243,1995,1507,1749,2243,1995,5722,446
1774678557,3,2534318.2,2373571.2,369540.8,343646.6,87628.5,88172.1,102774.9,179056.9,88404.4,567.0,28.3,3.6,776,24.8,8.5,1508,1749,2243,1996,1507,1749,2243,1995,5721,446
1774678857,3,2514582.2,2359964.2,367089.8,341415.8,87169.9,87907.2,102462.1,178289.8,88373.9,585.4,28.3,3.6,881,24.8,8.5,1508,1749,2243,1996,1507,1749,2242,1995,5720,445
1774679159,3,2504737.0,2352975.0,366240.4,339950.2,87077.5,87702.8,102461.5,178342.9,88345.5,616.4,28.3,3.6,913,24.8,8.6,1508,1749,2244,1996,1507,1749,2242,1995,5719,446
1774679459,3,2499505.2,2349263.2,366059.4,338819.8,86986.7,87550.0,102123.6,177203.2,88317.6,639.6,28.3,3.6,871,24.8,8.6,1507,1749,2243,1995,1507,1748,2242,1994,5718,446
1774680057,3,3277868.0,3060933.0,456073.2,426756.8,102898.1,103075.6,113375.8,195708.7,89383.1,71.2,28.2,3.3,259,24.6,8.2,1507,1749,2242,1995,1507,1748,2241,1994,5718,446
1774680357,3,3067437.0,2856282.2,432990.3,405625.8,98785.8,99052.9,110837.3,192507.7,89313.0,97.3,28.2,3.4,318,24.7,8.3,1507,1749,2243,1995,1507,1749,2242,1995,5719,446
1774680659,3,2960358.2,2761351.8,423227.4,395020.6,96836.7,97317.6,109690.4,190461.2,89243.8,124.3,28.2,3.4,360,24.7,8.3,1507,1749,2242,1995,1506,1748,2241,1995,5717,445
1774680959,3,2895631.2,2715188.0,416524.1,388268.8,95755.7,96164.9,108907.1,188939.4,89176.6,153.2,28.2,3.5,352,24.7,8.4,1507,1749,2243,1995,1506,1748,2242,1994,5718,446
1774681257,3,2846780.0,2670046.8,412444.1,382824.0,94657.6,95220.0,108179.0,187456.1,89112.2,175.7,28.2,3.5,384,24.7,8.4,1508,1749,2243,1996,1507,1749,2242,1995,5720,446
1774681557,3,2811744.8,2639125.2,407293.5,377854.0,93982.3,94468.3,107694.6,186993.6,89050.4,204.9,28.2,3.5,410,24.7,8.4,1508,1749,2242,1995,1507,1748,2241,1994,5719,446
1774681857,3,2777016.2,2610190.0,405207.8,374721.4,93382.1,93678.2,107125.1,186346.5,88990.9,225.7,28.3,3.5,455,24.7,8.4,1508,1749,2243,1995,1507,1748,2242,1995,5719,445
1774682159,3,2765517.8,2593594.5,402086.7,371336.7,92443.4,92934.5,106718.6,185913.0,88934.1,246.2,28.3,3.5,486,24.7,8.5,1508,1749,2242,1995,1507,1748,2242,1995,5720,446
1774682459,3,2742560.8,2571576.2,398845.1,369228.9,92215.0,92800.1,106355.0,185030.0,88880.4,272.2,28.3,3.5,494,24.8,8.4,1508,1749,2243,1995,1507,1748,2242,1994,5718,446
1774682757,3,2721363.8,2555396.8,396558.1,367185.0,91674.1,92096.6,106045.6,184183.9,88828.8,297.4,28.3,3.6,536,24.8,8.4,1508,1749,2243,1996,1507,1749,2243,1995,5723,446
1774683057,3,2701421.0,2538152.2,394477.2,363831.0,91339.1,91787.2,105825.5,184162.6,88779.8,320.3,28.3,3.6,545,24.8,8.5,1508,1749,2243,1995,1508,1749,2242,1995,5722,446
1774683359,3,2680563.0,2517120.8,392394.8,362370.7,91027.2,91214.7,105412.8,183230.7,88732.7,343.1,28.3,3.6,629,24.8,8.5,1508,1749,2243,1995,1507,1748,2242,1994,5722,446
1774683659,3,2675136.8,2510760.8,391036.9,360853.3,90766.7,91197.3,105164.4,182579.5,88688.6,370.0,28.3,3.6,588,24.8,8.5,1508,1749,2242,1995,1507,1748,2242,1994,5721,446
1774683957,3,2669137.8,2501502.0,390479.8,359010.1,90482.0,90948.5,105060.5,182292.2,88646.9,395.1,28.3,3.6,626,24.8,8.5,1508,1749,2243,1996,1507,1748,2242,1994,5721,446
1774684257,3,2647529.2,2480311.5,387084.4,356658.7,90116.5,90393.8,104717.9,182038.2,88607.2,418.3,28.3,3.5,643,24.8,8.5,1508,1750,2244,1996,1507,1749,2243,1995,5722,446
1774684557,3,2632886.5,2474033.2,383709.1,355265.8,89960.3,90311.1,104405.0,181804.3,88569.5,447.4,28.3,3.6,680,24.8,8.5,1508,1749,2244,1996,1507,1748,2242,1995,5720,446
1774684857,3,2613965.2,2456915.2,381966.0,353799.5,89577.9,89955.4,104258.8,181161.0,88532.9,469.4,28.3,3.6,741,24.8,8.6,1506,1748,2242,1995,1506,1748,2241,1994,5717,446
1774685157,3,2605094.0,2444197.2,382080.3,352843.0,89429.3,89671.2,104125.0,180819.8,88497.3,492.0,28.3,3.6,760,24.8,8.6,1507,1749,2243,1995,1506,1748,2241,1994,5718,445
1774685457,3,2594058.8,2431230.0,378773.2,351133.5,89055.1,89372.4,103713.8,181088.4,88463.5,518.7,28.3,3.6,789,24.8,8.6,1507,1749,2243,1996,1506,1749,2242,1995,5720,445
1774685757,3,2580415.2,2427022.2,377622.1,349147.9,88752.9,89112.5,103536.8,179711.9,88431.8,547.2,28.3,3.6,828,24.8,8.6,1507,1749,2243,1996,1506,1748,2241,1994,5718,445
1774686057,3,2575813.8,2418301.0,375452.0,347501.7,88503.7,89151.2,103318.0,179706.3,88401.5,577.2,28.3,3.6,852,24.8,8.6,1507,1749,2242,1995,1506,1748,2242,1994,5719,446
1774686357,3,2555985.0,2394620.0,374025.8,345942.4,88435.8,88638.3,103039.2,179016.8,88373.2,605.7,28.3,3.6,879,24.8,8.6,1507,1749,2243,1995,1506,1748,2241,1994,5719,445
1774686657,3,2551213.2,2391529.8,372371.6,345163.1,88198.9,88396.4,102992.3,179194.1,88346.3,630.7,28.3,3.6,916,24.8,8.6,1507,1749,2242,1995,1505,1747,2241,1994,5716,445
1774687257,3,3339888.0,3132377.0,464617.2,433838.2,104314.3,104493.5,113819.7,196852.2,89401.3,77.5,28.2,3.3,286,24.6,8.2,1508,1750,2243,1996,1506,1748,2242,1994,5720,446
1774687557,3,3135740.0,2924400.2,441005.5,413343.1,100071.0,100188.2,111672.1,194646.9,89332.4,102.6,28.2,3.4,320,24.7,8.3,1507,1750,2243,1995,1506,1748,2241,1995,5719,446
1774687857,3,3033201.0,2821748.0,431060.3,402931.7,98248.2,98460.5,110372.6,191564.9,89263.9,123.4,28.2,3.5,307,24.7,8.4,1508,1750,2243,1995,1507,1749,2242,1995,5722,446
1774688157,3,2961760.0,2769758.2,424453.2,395667.2,96825.4,97230.7,109672.1,190071.4,89197.7,151.1,28.3,3.5,384,24.7,8.4,1507,1749,2244,1995,1507,1748,2242,1995,5721,446
1774688457,3,2922644.2,2729917.0,419029.6,391845.0,96007.8,96483.1,108972.7,188899.1,89133.2,173.4,28.3,3.5,367,24.7,8.4,1508,1750,2243,1996,1507,1749,2242,1994,5721,446
1774688757,3,2874313.8,2695616.0,415215.8,385977.5,95149.2,95375.9,108426.7,187758.6,89072.1,196.1,28.3,3.5,409,24.8,8.4,1508,1749,2243,1996,1507,1748,2242,1994,5719,446
1774689057,3,2848202.0,2668351.0,411362.0,383019.2,94671.3,94863.9,107994.4,187705.9,89013.3,221.6,28.3,3.5,440,24.8,8.5,1507,1749,2243,1996,1506,1748,2242,1995,5719,445
1774689357,3,2818903.8,2647651.8,409571.0,378398.9,94203.9,93815.4,107504.6,186779.3,88957.1,246.6,28.3,3.5,484,24.8,8.5,1507,1749,2242,1995,1506,1748,2242,1994,5717,445
1774689657,3,2787009.2,2625646.2,406351.5,376766.2,93357.1,93666.8,106911.5,186077.2,88903.0,271.0,28.3,3.5,503,24.8,8.5,1507,1749,2242,1995,1506,1748,2242,1994,5717,445
1774689957,3,2776844.2,2612962.2,405137.9,374368.0,92983.5,93152.9,106566.2,185793.8,88851.7,292.6,28.3,3.6,520,24.8,8.5,1507,1749,2242,1995,1507,1749,2242,1994,5721,445
1774690257,3,2757572.2,2581939.0,401351.3,370385.3,92447.4,92822.4,106385.1,184552.2,88802.9,319.5,28.3,3.6,534,24.8,8.5,1508,1750,2243,1995,1507,1749,2243,1995,5721,446
1774690557,3,2746518.0,2575410.8,400267.6,370000.4,92117.7,92507.4,106063.9,184054.1,88756.0,342.9,28.3,3.6,579,24.8,8.6,1508,1750,2244,1996,1508,1750,2243,1995,5722,445
1774690857,3,2712594.0,2552665.8,396352.3,367008.8,91510.1,91879.5,105604.1,183681.0,88711.7,367.2,28.3,3.6,620,24.8,8.5,1508,1750,2244,1996,1508,1750,2243,1996,5723,446
1774691157,3,2701943.2,2536688.0,393972.2,363544.2,91332.6,91683.0,105412.6,183244.0,88668.9,392.4,28.3,3.6,630,24.8,8.5,1508,1749,2243,1995,1507,1749,2242,1995,5721,446
1774691457,3,2682750.0,2523829.0,393040.3,362589.2,90912.2,91419.3,105165.4,182674.9,88628.2,421.1,28.3,3.6,673,24.8,8.6,1508,1750,2244,1996,1507,1749,2242,1994,5722,446
1774691757,3,2683278.2,2523831.2,392400.5,362387.9,90726.8,91079.4,104843.9,182364.5,88589.5,443.3,28.3,3.6,695,24.8,8.6,1506,1748,2242,1994,1505,1747,2241,1993,5716,445
1774692057,3,2660732.8,2502901.5,390096.5,360036.9,90348.5,90862.2,104936.4,182219.9,88552.6,471.1,28.3,3.6,733,24.8,8.6,1507,1749,2243,1995,1507,1749,2242,1994,5720,446
1774692357,3,2655190.0,2486407.0,387929.9,357265.1,90116.1,90559.3,104487.5,181600.9,88518.0,494.6,28.3,3.6,716,24.8,8.6,1508,1749,2242,1995,1507,1749,2242,1994,5720,446
1774692659,3,2629127.2,2470204.5,384409.1,356101.2,90042.3,90336.3,104468.6,181035.6,88484.2,526.0,28.3,3.6,793,24.8,8.6,1508,1749,2244,1995,1507,1749,2242,1994,5721,446
1774692959,3,2624161.0,2460363.8,384203.1,354843.5,89725.6,90111.7,104088.7,180720.5,88452.4,551.3,28.3,3.6,767,24.8,8.6,1507,1749,2243,1995,1507,1748,2242,1995,5721,445
1774693257,3,2613823.8,2456120.8,382831.2,354314.1,89590.0,89719.9,103971.5,180794.1,88422.0,578.8,28.3,3.6,800,24.8,8.6,1507,1749,2243,1995,1506,1748,2242,1994,5720,446
1774693559,3,2602494.8,2446209.0,382365.6,353254.4,89445.5,89565.8,103886.7,179997.5,88393.4,601.3,28.3,3.6,867,24.8,8.6,1507,1749,2243,1995,1506,1748,2242,1994,5719,446
1774693857,3,2591118.0,2428774.2,380530.0,351705.6,89068.4,89306.4,103441.6,180383.8,88365.1,634.1,28.3,3.6,909,24.8,8.6,1507,1749,2243,1995,1505,1748,2241,1993,5717,445
1774694459,3,3400054.8,3180266.8,470889.9,440361.7,105335.0,105460.3,114351.3,197715.3,89417.5,71.2,28.2,3.3,299,24.7,8.2,1507,1749,2243,1995,1506,1748,2242,1994,5717,446
1774694759,3,3179588.8,2978521.8,448112.2,418435.6,101212.3,101185.9,112150.2,194611.0,89347.2,93.9,28.2,3.4,285,24.7,8.4,1507,1749,2243,1994,1507,1749,2242,1995,5719,445
1774695057,3,3084555.0,2869649.0,436346.5,408156.2,98839.4,99131.3,110899.6,192496.7,89278.7,120.7,28.3,3.4,336,24.7,8.4,1508,1750,2243,1996,1507,1749,2242,1995,5721,446
1774695357,3,3017950.8,2811283.2,429741.6,401461.9,97725.7,97871.7,109893.1,190591.7,89213.0,143.7,28.3,3.5,352,24.8,8.4,1507,1749,2243,1995,1507,1748,2241,1994,5719,445
1774695659,3,2961500.0,2766817.0,424352.2,395925.5,96726.9,97173.9,109122.0,189678.8,89148.7,168.2,28.3,3.5,399,24.8,8.5,1508,1749,2242,1995,1507,1749,2242,1994,5720,445
1774695959,3,2924453.0,2739637.8,421268.8,392896.0,96109.2,96503.5,108786.6,188730.8,89087.1,193.3,28.3,3.5,397,24.8,8.4,1507,1749,2243,1995,1506,1748,2241,1994,5719,446
1774696257,3,2890751.2,2711165.8,417482.0,389884.3,95734.7,95865.7,108438.2,188553.6,89029.3,220.6,28.3,3.5,422,24.8,8.5,1507,1750,2243,1995,1507,1749,2242,1994,5720,445
1774696557,3,2866397.8,2684376.2,414927.7,385508.9,95148.5,95364.2,107888.2,187240.5,88973.0,243.2,28.3,3.5,441,24.8,8.5,1507,1750,2243,1995,1507,1749,2243,1995,5721,446
1774696857,3,2842435.2,2658918.0,411437.0,382287.0,94455.2,94875.7,107772.7,186937.7,88919.5,262.3,28.3,3.5,496,24.8,8.5,1507,1749,2243,1995,1506,1749,2242,1995,5719,446
1774697159,3,2832621.0,2651361.8,409378.1,379725.9,94048.8,94036.6,107200.3,186085.8,88868.0,288.3,28.3,3.6,502,24.8,8.5,1507,1749,2243,1995,1507,1749,2242,1994,5719,445
1774697457,3,2799095.2,2635708.8,408437.2,378659.0,93593.4,93430.9,106865.0,185289.1,88819.8,323.5,28.3,3.5,571,24.8,8.6,1508,1750,2244,1997,1507,1749,2243,1995,5721,446
1774697757,3,2784471.8,2613462.8,406091.2,375122.2,93238.8,93309.8,106445.4,185155.5,88772.8,339.2,28.3,3.6,569,24.8,8.6,1508,1750,2244,1996,1507,1749,2242,1995,5721,446
1774698059,3,2773131.0,2603136.0,404900.2,373041.2,92901.3,92854.2,106330.0,184508.2,88728.4,366.2,28.3,3.5,615,24.8,8.6,1507,1749,2243,1995,1507,1749,2243,1995,5720,445
1774698359,3,2744079.8,2579719.8,401818.4,370662.5,92172.7,92437.3,105936.1,184103.9,88685.1,391.4,28.3,3.6,625,24.8,8.5,1508,1749,2243,1995,1507,1749,2242,1994,5719,445
1774698657,3,2737739.8,2570748.8,401088.1,369529.6,92098.6,92303.8,105747.0,183567.8,88644.6,412.1,28.3,3.6,646,24.8,8.6,1507,1750,2243,1995,1507,1749,2242,1995,5722,446
1774698957,3,2721122.0,2558967.8,399837.8,367388.4,91667.2,92024.5,105379.9,182858.9,88606.0,442.4,28.3,3.6,671,24.8,8.6,1508,1749,2243,1995,1507,1748,2241,1994,5721,446
1774699259,3,2704640.2,2539055.8,396100.5,364424.1,91416.6,91606.7,105293.0,182690.8,88567.7,465.8,28.3,3.6,726,24.8,8.6,1508,1749,2243,1995,1506,1748,2241,1994,5720,445
1774699559,3,2694033.8,2523861.2,393967.3,363222.5,91206.9,91285.4,104954.9,182430.6,88531.5,490.0,28.3,3.6,747,24.8,8.6,1508,1750,2244,1997,1507,1749,2243,1995,5722,446
1774699859,3,2669341.8,2511217.5,392867.0,362156.2,90895.2,91070.9,104730.1,181789.6,88497.0,516.7,28.3,3.6,760,24.8,8.6,1508,1750,2243,1996,1506,1748,2242,1995,5719,446
1774700159,3,2673020.2,2511991.2,392375.8,361214.7,90735.0,90884.1,104381.8,181657.8,88463.6,537.5,28.3,3.6,811,24.8,8.6,1508,1749,2243,1996,1506,1748,2242,1995,5719,445
1774700459,3,2659113.0,2496445.2,389396.5,360405.3,90458.5,90614.1,104381.9,181583.5,88432.3,567.4,28.3,3.6,832,24.8,8.6,1508,1750,2244,1996,1507,1749,2243,1995,5723,446
1774700759,3,2647279.2,2481382.8,387438.4,357815.4,90263.8,90409.3,104258.9,180731.4,88402.4,594.3,28.3,3.6,863,24.8,8.6,1508,1750,2243,1995,1507,1749,2242,1995,5720,445
1774701057,3,2640821.8,2476093.8,386901.3,356363.8,89971.8,90336.2,104139.5,180445.4,88373.9,613.9,28.3,3.6,890,24.8,8.7,1508,1750,2243,1996,1507,1749,2243,1995,5720,445
1774701657,3,3473189.8,3251755.8,479451.6,448748.0,106703.0,106864.5,115285.4,198720.1,89417.9,61.7,28.2,3.3,304,24.7,8.3,1508,1750,2244,1996,1507,1749,2242,1995,5721,446
1774701957,3,3263236.0,3054998.0,456522.8,426670.9,102759.3,102909.5,113160.8,195786.5,89348.5,88.1,28.3,3.4,298,24.7,8.4,1507,1749,2242,1995,1507,1748,2242,1994,5720,446
1774702257,3,3168873.0,2957105.0,446694.1,416874.0,100518.6,100603.9,111590.2,194044.6,89280.1,109.7,28.3,3.5,313,24.8,8.5,1507,1749,2243,1995,1507,1748,2242,1994,5719,446
1774702557,3,3101593.0,2886295.0,438200.8,409127.7,99092.1,99279.3,110836.2,192532.2,89214.3,139.1,28.3,3.5,354,24.8,8.5,1507,1749,2243,1995,1507,1748,2242,1995,5719,445
1774702859,3,3040969.2,2836509.0,433211.1,405104.7,98165.7,98130.8,110232.3,191326.0,89149.9,166.2,28.3,3.5,400,24.8,8.5,1507,1749,2243,1995,1507,1749,2242,1995,5717,445
1774703157,3,3002455.8,2796936.8,428990.0,400290.8,97500.6,97754.6,109590.8,191027.2,89088.6,189.7,28.3,3.5,408,24.8,8.5,1507,1749,2243,1995,1507,1748,2242,1995,5718,446
1774703457,3,2985991.8,2780167.8,427176.0,399126.4,97115.4,97175.0,109217.1,189719.4,89032.4,216.0,28.3,3.5,440,24.8,8.5,1508,1749,2243,1996,1506,1748,2241,1994,5718,446
1774703757,3,2941755.8,2751640.2,422372.2,393883.1,96274.4,96533.8,108822.9,189024.3,88978.5,235.8,28.3,3.5,440,24.8,8.6,1507,1749,2242,1995,1506,1747,2241,1994,5717,446
1774704059,3,2913551.8,2733097.2,420803.8,391893.3,95840.6,96151.9,108261.8,188273.1,88926.5,261.3,28.3,3.5,449,24.8,8.6,1508,1749,2243,1995,1507,1748,2242,1995,5720,446
1774704357,3,2887429.2,2708940.8,417665.9,389362.1,95314.2,95398.2,107808.2,187842.0,88876.8,280.5,28.3,3.5,499,24.8,8.6,1507,1749,2242,1995,1506,1747,2240,1994,5716,445
1774704657,3,2866144.2,2691577.0,415388.9,386451.0,94953.7,95213.8,107416.2,186368.2,88830.2,308.1,28.4,3.6,559,24.8,8.6,1507,1749,2243,1996,1507,1749,2243,1995,5720,446
1774704957,3,2839197.8,2671168.0,413500.3,382406.5,94481.5,94569.2,107091.9,186116.3,88784.9,331.1,28.4,3.5,594,24.9,8.6,1507,1749,2243,1995,1507,1749,2242,1995,5721,446
1774705259,3,2814168.8,2645357.0,410048.8,380339.2,93845.0,94053.8,106848.1,185248.0,88741.4,356.1,28.4,3.6,616,24.9,8.6,1508,1749,2243,1996,1507,1749,2242,1995,5721,445
1774705559,3,2801068.8,2632734.8,408679.0,378817.9,93321.6,93439.9,106309.5,184890.0,88699.7,384.1,28.4,3.6,597,24.9,8.7,1508,1750,2244,1996,1507,1749,2242,1996,5724,446
1774705857,3,2787662.0,2616645.0,405703.4,375379.0,93020.5,93153.6,106144.9,184614.3,88660.2,401.1,28.4,3.6,655,24.9,8.7,1507,1750,2243,1996,1507,1748,2242,1995,5722,446
1774706157,3,2769705.8,2598567.8,405076.0,373673.8,93180.6,92881.3,105972.5,184428.4,88622.7,424.7,28.4,3.6,672,24.9,8.7,1508,1750,2244,1996,1507,1750,2243,1996,5723,446
1774706457,3,2746342.8,2582749.8,402870.0,371795.9,92185.0,92410.4,105676.7,183811.7,88587.3,462.5,28.4,3.6,717,24.9,8.6,1507,1749,2243,1995,1506,1749,2242,1995,5719,445
1774706759,3,2732182.0,2569515.5,400847.0,367796.0,91909.7,92162.9,105607.5,183373.3,88553.3,489.0,28.4,3.6,731,24.9,8.7,1507,1749,2243,1995,1507,1749,2243,1995,5721,446
1774707057,3,2728674.0,2563028.2,399472.1,366982.8,91979.3,91794.2,105043.7,182392.0,88521.0,506.4,28.4,3.6,764,24.9,8.7,1507,1750,2244,1996,1507,1749,2242,1995,5720,446
1774707357,3,2713713.0,2547426.0,398331.7,366790.1,91526.9,91632.3,105205.4,182700.8,88490.0,533.6,28.4,3.6,769,24.9,8.7,1507,1750,2244,1996,1507,1749,2243,1995,5721,446
1774707657,3,2692990.8,2527972.2,396242.0,364218.7,91299.1,91457.5,104723.0,182613.2,88460.0,556.6,28.4,3.6,826,24.9,8.7,1508,1750,2244,1995,1507,1749,2242,1995,5720,445
1774707959,3,2683801.8,2527357.0,395751.2,363356.4,91294.1,91310.4,104807.2,182283.1,88432.1,577.5,28.4,3.6,883,24.9,8.7,1507,1749,2243,1995,1507,1749,2242,1995,5721,446
1774708259,3,2670879.0,2512006.8,393801.8,362047.1,90842.3,91027.6,104465.4,181385.8,88406.2,606.1,28.4,3.6,845,24.9,8.7,1508,1749,2242,1995,1507,1749,2242,1995,5720,446
1774708857,3,3508959.8,3296177.0,484716.1,452173.2,107605.3,107482.5,115403.5,198756.8,89460.0,67.3,28.3,3.3,285,24.8,8.3,1506,1748,2242,1994,1506,1748,2241,1994,5715,445
1774709159,3,3300409.2,3079726.2,460158.1,430410.2,103586.1,103459.3,113135.4,196582.1,89391.6,97.5,28.4,3.4,334,24.8,8.4,1506,1749,2242,1995,1505,1748,2241,1994,5717,446
1774709459,3,3200319.0,2997764.8,449678.4,419776.5,101587.8,100944.5,111716.9,194536.9,89324.0,118.8,28.4,3.4,304,24.9,8.5,1506,1748,2243,1995,1506,1748,2241,1994,5717,445
1774709757,3,3119010.0,2901361.2,441157.6,411802.8,99454.7,99615.1,110985.0,192860.6,89259.6,138.7,28.4,3.5,348,24.9,8.5,1507,1748,2242,1995,1506,1748,2242,1994,5718,445
1774710057,3,3075482.2,2865491.0,437500.1,408748.2,98684.3,98747.4,110564.0,191966.8,89197.0,163.2,28.4,3.5,354,24.9,8.6,1507,1749,2242,1995,1506,1748,2241,1994,5718,446
1774710359,3,3028955.2,2820790.2,432202.4,403012.5,97944.3,98070.6,109739.3,190936.3,89136.4,186.2,28.4,3.5,405,24.9,8.6,1506,1748,2242,1994,1505,1748,2241,1993,5716,445
1774710659,3,2992154.0,2792939.0,429580.6,401014.8,97273.6,97534.8,109003.6,189646.2,89079.3,214.1,28.4,3.5,403,24.9,8.6,1507,1748,2242,1995,1506,1748,2240,1994,5717,445
1774710957,3,2967851.2,2777269.8,426792.7,398115.7,96893.0,97134.6,108832.1,188966.9,89024.4,244.2,28.4,3.5,467,24.9,8.6,1506,1748,2242,1994,1505,1747,2241,1994,5717,445
1774711257,3,2937126.2,2743070.8,422436.3,394033.3,96423.6,96530.7,108387.5,188063.6,88971.8,270.1,28.4,3.6,453,24.9,8.7,1506,1749,2242,1994,1506,1747,2241,1993,5717,445
1774711559,3,2918430.0,2726429.2,421386.9,392592.5,96025.6,96027.6,108027.9,188024.5,88921.5,297.4,28.4,3.5,514,24.9,8.7,1507,1749,2243,1995,1507,1748,2242,1995,5721,446
1774711859,3,2895991.0,2707798.2,418989.5,389933.5,95463.2,95516.5,107664.2,187026.0,88874.4,318.7,28.4,3.5,521,24.9,8.6,1507,1748,2243,1994,1506,1748,2242,1995,5718,445
1774712157,3,2867234.8,2689938.2,416244.2,386632.8,95183.5,95226.0,107412.5,187116.6,88829.9,344.1,28.4,3.6,555,24.9,8.6,1507,1749,2243,1995,1506,1748,2242,1994,5719,446
1774712457,3,2851954.2,2678372.2,414626.5,385426.5,94854.8,94935.8,107222.5,185233.6,88787.0,366.4,28.4,3.6,578,24.9,8.7,1508,1749,2243,1995,1507,1749,2243,1995,5720,446
1774712759,3,2830368.0,2652508.8,411750.6,381662.5,94400.1,94614.4,106849.6,185345.1,88746.2,390.5,28.5,3.5,653,24.9,8.7,1508,1750,2244,1996,1507,1749,2242,1995,5720,446
1774713059,3,2812777.8,2645598.0,411025.3,379398.5,94229.5,93923.5,106382.5,185540.9,88707.8,416.4,28.4,3.5,656,24.9,8.7,1507,1750,2243,1996,1506,1748,2241,1994,5718,445
1774713357,3,2803286.8,2633894.0,409452.2,378271.0,93382.7,93378.4,106358.1,184706.4,88671.3,437.1,28.4,3.6,663,24.9,8.7,1507,1749,2243,1995,1506,1748,2241,1994,5717,445
1774713657,3,2793869.8,2624774.2,408666.5,377291.5,93792.7,93196.7,106229.3,183949.0,88636.8,456.6,28.5,3.6,691,24.9,8.7,1508,1750,2243,1996,1507,1749,2242,1995,5720,445
1774713959,3,2772914.2,2607080.0,405715.3,373808.7,93251.7,92867.9,105888.5,183641.3,88604.0,480.1,28.5,3.5,714,24.9,8.7,1508,1749,2242,1995,1506,1748,2242,1994,5719,445
1774714257,3,2763681.0,2597460.8,404486.0,372745.8,92778.4,92713.4,105919.0,183432.5,88573.1,507.9,28.5,3.6,749,25.0,8.7,1508,1749,2242,1995,1507,1749,2242,1994,5720,445
1774714557,3,2749815.0,2581946.0,402674.4,371090.7,92481.1,92374.0,105324.8,183293.0,88543.4,528.5,28.5,3.6,782,25.0,8.7,1506,1748,2242,1994,1506,1748,2241,1994,5718,445
1774714859,3,2738217.0,2575922.0,402243.8,369329.2,92420.9,92137.6,105164.7,182498.8,88515.2,558.1,28.5,3.6,807,25.0,8.8,1507,1749,2242,1995,1506,1748,2241,1994,5718,445
1774715157,3,2725575.2,2562868.0,400847.6,368081.6,92018.7,91947.0,104919.7,182442.6,88488.0,587.3,28.5,3.6,826,25.0,8.8,1506,1748,2241,1994,1506,1748,2241,1994,5717,445
1774715457,3,2710756.2,2547120.0,399328.0,366708.4,91982.1,91669.5,104924.2,182105.9,88462.7,613.8,28.5,3.6,830,25.0,8.8,1506,1748,2242,1994,1506,1748,2241,1994,5717,445
1774716057,3,3576457.8,3362878.0,492451.7,460265.3,108854.5,108388.4,116087.5,200275.8,89563.2,62.9,28.3,3.3,313,24.8,8.4,1507,1750,2242,1995,1507,1748,2241,1994,5721,446
1774716357,3,3352491.2,3137260.2,466783.6,435741.4,104314.9,104254.4,113531.4,197050.9,89492.3,90.5,28.4,3.4,301,24.9,8.5,1507,1749,2243,1995,1507,1749,2242,1994,5720,446
1774716659,3,3241606.0,3036250.2,455218.0,425129.2,102381.7,102026.5,112498.2,195211.0,89422.6,110.9,28.4,3.5,356,24.9,8.5,1507,1749,2243,1994,1506,1748,2241,1994,5718,445
1774716959,3,3177201.0,2973457.0,447810.4,418209.9,101048.1,100539.5,111452.9,193908.6,89354.9,128.3,28.4,3.5,349,24.9,8.6,1507,1749,2241,1994,1506,1747,2240,1993,5717,445
1774717257,3,3139726.0,2931238.0,443775.5,413621.8,99997.7,99833.8,110789.8,192439.3,89289.4,153.1,28.4,3.5,384,24.9,8.6,1507,1748,2241,1994,1507,1748,2242,1993,5720,446
1774717557,3,3083077.8,2872832.2,438564.4,409351.2,98866.3,98821.3,110450.2,191123.9,89226.7,179.5,28.4,3.5,406,24.9,8.6,1507,1749,2241,1994,1506,1748,2241,1994,5718,445
1774717859,3,3055228.8,2854946.2,435877.1,406379.6,98373.3,98383.4,109696.3,190897.4,89165.5,203.3,28.4,3.5,443,24.9,8.6,1507,1748,2242,1995,1506,1747,2241,1993,5718,445
1774718159,3,3022011.8,2820434.2,433062.5,404159.9,97913.8,98036.1,109205.5,189679.0,89108.3,227.6,28.5,3.5,414,24.9,8.6,1507,1748,2242,1994,1506,1748,2241,1994,5717,446
1774718457,3,3004705.0,2797698.8,430534.0,401831.0,97243.7,97376.0,108909.0,189510.4,86145.7,253.4,28.5,3.5,494,25.0,8.7,1506,1748,2242,1994,1506,1747,2240,1993,5715,445
1774718757,3,2969241.0,2777914.8,427373.3,398877.4,96937.9,96940.4,108565.3,188818.8,80297.1,277.3,28.4,3.5,482,24.9,8.7,1507,1748,2242,1994,1506,1748,2242,1994,5718,445
1774719059,3,2951678.0,2753562.2,425288.1,395767.7,96490.2,96489.8,108343.5,187752.7,80263.8,303.8,28.5,3.5,524,24.9,8.7,1507,1749,2242,1994,1506,1748,2242,1994,5719,445
1774719357,3,2927351.8,2746554.8,423798.6,393834.1,96366.4,96284.9,108066.2,187882.7,80232.1,326.5,28.5,3.5,572,24.9,8.7,1506,1748,2241,1994,1505,1747,2240,1993,5716,445
1774719657,3,2921284.8,2730130.8,421708.8,394315.4,95965.7,95991.2,107596.9,187010.4,80201.8,351.1,28.5,3.5,531,25.0,8.7,1506,1748,2242,1994,1505,1748,2241,1994,5718,445
1774719959,3,2898329.2,2718555.0,419696.2,391408.9,95654.6,95726.0,107715.3,186974.7,80173.2,376.9,28.5,3.6,625,24.9,8.7,1507,1749,2242,1994,1507,1748,2241,1994,5720,445
1774720259,3,2879733.0,2699531.8,418571.7,388467.4,95225.2,95281.2,106999.6,185644.9,80145.8,399.9,28.5,3.5,659,24.9,8.7,1507,1749,2243,1995,1506,1748,2241,1993,5719,446
1774720557,3,2864262.2,2683838.2,415904.0,384584.0,94889.9,94805.6,106753.2,185342.7,80119.5,425.0,28.5,3.6,649,24.9,8.7,1508,1749,2243,1995,1507,1749,2242,1994,5722,446
1774720857,3,2835740.2,2665578.2,413818.7,383055.8,94549.9,94625.9,106811.0,185090.0,80094.4,440.8,28.5,3.5,686,25.0,8.7,1507,1749,2242,1995,1506,1748,2242,1994,5720,445
1774721157,3,2822346.0,2658127.5,412754.0,382241.0,94404.8,94367.8,106542.0,185183.8,80070.4,471.7,28.5,3.6,727,24.9,8.7,1508,1749,2242,1994,1507,1748,2241,1994,5720,445
1774721459,3,2811686.0,2641522.2,411739.6,381163.0,94147.3,93737.0,106222.2,184187.1,80047.7,502.0,28.5,3.6,747,25.0,8.8,1508,1749,2243,1995,1507,1749,2242,1994,5721,446
1774721759,3,2802228.8,2631251.0,409993.6,378309.1,93827.6,93420.6,106204.6,184328.1,80026.0,530.6,28.5,3.6,765,24.9,8.8,1508,1749,2243,1995,1507,1748,2243,1994,5719,446
1774722057,3,2790326.2,2621371.0,408855.6,376942.1,93754.4,93198.2,105943.8,183588.0,80005.3,556.5,28.5,3.6,801,25.0,8.8,1507,1748,2243,1995,1506,1749,2242,1994,5719,446
1774722357,3,2783950.0,2611738.2,407746.0,376141.4,93391.1,92907.6,105788.9,183476.1,79985.0,582.1,28.5,3.5,822,25.0,8.8,1507,1750,2243,1995,1507,1749,2243,1994,5720,446
1774722659,3,2764459.2,2597321.5,405247.2,374702.2,93091.4,92636.3,105543.3,182934.1,79965.9,605.7,28.5,3.6,867,25.0,8.8,1507,1749,2243,1995,1507,1749,2243,1994,5719,445
1774723257,3,3635997.2,3427288.0,501488.6,467312.4,109957.2,109679.7,116721.6,201565.3,80653.4,62.4,28.3,3.3,289,24.8,8.4,1506,1748,2242,1993,1505,1747,2241,1994,5716,445
1774723557,3,3420984.8,3204694.8,475761.8,443032.0,105783.3,105598.1,114453.5,198249.6,80607.0,88.6,28.4,3.4,288,24.9,8.5,1506,1748,2241,1994,1505,1747,2241,1993,5716,445
1774723859,3,3313828.2,3102943.8,463039.3,431797.9,103743.8,103513.0,113033.8,196026.2,80560.8,110.8,28.4,3.4,366,24.9,8.6,1506,1748,2242,1994,1505,1747,2240,1993,5715,445
1774724159,3,3258300.8,3044423.2,455737.9,425514.7,102382.2,101842.2,112092.8,194967.9,80515.5,131.0,28.4,3.5,403,24.9,8.6,1506,1748,2242,1994,1505,1747,2241,1994,5716,445
1774724457,3,3190113.0,2994543.8,450737.0,420923.6,101420.3,100869.8,111038.9,193988.0,80472.6,154.2,28.4,3.4,344,24.9,8.6,1505,1748,2241,1993,1505,1747,2240,1993,5715,445
1774724757,3,3158877.2,2945261.8,446149.5,416679.5,100206.6,100096.9,110911.1,193481.0,80431.0,178.5,28.4,3.5,403,24.9,8.7,1506,1747,2241,1994,1505,1747,2241,1993,5715,445
1774725059,3,3127889.0,2923900.8,442571.1,413152.3,99658.1,99501.9,110589.0,192146.8,80390.4,203.8,28.4,3.5,433,24.9,8.7,1506,1749,2242,1994,1505,1747,2241,1993,5716,445
1774725359,3,3097933.8,2894237.0,441097.9,411428.8,99441.7,99204.2,110209.0,191154.1,80352.3,227.8,28.4,3.5,423,24.9,8.7,1506,1748,2242,1994,1505,1748,2241,1994,5717,445
1774725657,3,3074093.0,2870311.8,438991.2,409290.8,98720.7,98647.0,109905.1,190101.2,80315.9,252.1,28.4,3.5,509,24.9,8.7,1506,1748,2242,1994,1505,1747,2241,1993,5716,445
1774725957,3,3054790.0,2840912.8,435735.5,406814.0,98363.6,98132.7,109272.1,189866.4,80280.8,276.2,28.4,3.5,527,24.9,8.7,1506,1747,2242,1994,1505,1747,2240,1993,5716,445
1774726259,3,3012769.8,2803233.8,432585.6,403545.3,97861.0,97768.7,109019.6,189123.9,80247.2,293.5,28.4,3.5,563,24.9,8.7,1507,1749,2243,1995,1505,1748,2241,1994,5717,445
1774726559,3,2999038.2,2796928.2,430159.7,401308.0,97455.6,97197.9,108691.9,189327.8,80215.3,322.9,28.4,3.5,580,24.9,8.7,1506,1748,2242,1994,1505,1747,2240,1993,5716,445
1774726857,3,2994703.0,2786502.0,429795.8,401301.5,97144.3,97077.7,108558.3,187878.8,80185.5,352.3,28.4,3.6,602,24.9,8.7,1508,1749,2242,1994,1507,1749,2242,1995,5721,445
1774727157,3,2960534.2,2769047.0,426500.8,397959.9,96793.8,96651.1,108353.4,188556.4,80156.3,372.2,28.4,3.5,591,24.9,8.8,1508,1750,2244,1995,1507,1749,2243,1994,5721,446
1774727457,3,2940922.8,2758835.8,425506.7,397069.6,96538.1,96467.4,108211.9,187474.6,80128.1,398.6,28.4,3.5,636,24.9,8.7,1507,1749,2243,1995,1507,1749,2242,1995,5722,446
1774727757,3,2926629.0,2743809.8,424570.2,395623.2,96470.5,96096.9,107769.0,187273.7,80102.2,423.3,28.4,3.6,664,24.9,8.8,1507,1749,2243,1995,1507,1749,2243,1995,5722,446
1774728057,3,2904415.2,2723635.2,421909.3,393602.3,95999.7,95742.2,107451.1,186658.2,80077.2,449.7,28.4,3.5,669,24.9,8.8,1507,1749,2243,1996,1507,1748,2242,1995,5719,445
1774728357,3,2900035.2,2716422.8,420222.0,390850.1,95496.1,95616.9,107244.0,185991.5,80052.9,472.5,28.4,3.6,716,24.9,8.8,1507,1749,2243,1995,1506,1748,2242,1994,5720,445
1774728657,3,2888548.8,2704307.0,419659.2,388888.8,95393.4,95399.2,107271.0,186169.4,80030.3,503.0,28.4,3.6,752,24.9,8.8,1507,1749,2243,1995,1507,1749,2242,1995,5719,446
1774728959,3,2883215.0,2695011.8,418110.8,387959.0,95293.9,95024.9,107098.1,185120.2,80007.3,526.6,28.5,3.6,784,24.9,8.8,1507,1750,2244,1996,1507,1750,2243,1995,5721,445
1774729259,3,2870498.8,2682665.8,416658.8,386112.5,95210.8,94850.5,106649.4,184924.2,79986.1,547.8,28.4,3.6,808,24.9,8.8,1508,1750,2243,1996,1507,1749,2242,1994,5720,446
1774729559,3,2844277.0,2674543.0,415559.0,385556.0,94906.6,94652.3,106809.4,185127.1,79965.7,573.0,28.4,3.6,826,24.9,8.8,1508,1749,2243,1995,1506,1749,2242,1994,5721,446
1774729859,3,2833188.2,2664749.8,414500.0,384310.4,94522.4,93794.5,106369.2,184724.2,79946.4,596.2,28.4,3.6,830,24.9,8.8,1508,1749,2243,1996,1507,1749,2242,1994,5722,446
1774730459,3,3722591.2,3492028.2,509162.1,474814.2,111437.7,110854.6,117720.6,202794.5,80648.2,59.3,28.3,3.3,284,24.8,8.4,1506,1748,2243,1994,1504,1747,2241,1994,5714,445
1774730759,3,3500317.8,3286101.0,484891.0,452755.8,107288.2,106887.7,115438.1,200382.2,80601.7,89.8,28.4,3.4,298,24.8,8.6,1505,1748,2242,1994,1505,1747,2240,1993,5712,445
1774731059,3,3388932.8,3174056.8,471366.0,439534.5,104982.7,104716.5,114016.3,197802.3,80555.2,108.0,28.4,3.4,294,24.9,8.6,1506,1748,2243,1994,1505,1748,2242,1993,5715,445
1774731359,3,3321448.0,3109920.2,464075.5,433381.9,103791.1,103480.8,113024.5,196692.8,80510.0,129.1,28.4,3.4,337,24.9,8.6,1506,1748,2242,1994,1505,1748,2241,1994,5714,445
1774731659,3,3269405.8,3061212.8,458551.0,427968.8,102720.4,102316.9,112350.7,195338.3,80466.9,154.5,28.4,3.4,382,24.9,8.6,1506,1749,2243,1995,1506,1748,2242,1994,5716,445
1774731959,3,3229174.8,3021777.8,454132.7,423930.0,101874.1,101566.9,111803.3,194829.4,80424.4,176.6,28.4,3.5,388,24.9,8.7,1507,1749,2243,1995,1506,1748,2243,1994,5718,445
1774732259,3,3197157.0,2999050.0,450804.2,421137.0,101455.3,100584.8,111514.6,193748.1,80383.6,199.3,28.4,3.5,391,24.9,8.7,1507,1749,2242,1994,1506,1748,2241,1994,5715,445
1774732559,3,3161768.2,2962884.0,447630.8,417424.1,100534.8,100059.1,110821.1,192911.1,80345.3,221.2,28.4,3.5,422,24.9,8.7,1506,1748,2243,1995,1506,1748,2242,1994,5717,445
1774732859,3,3151712.0,2946831.8,445644.2,416220.9,100204.9,99694.0,110377.0,191914.6,80308.3,246.8,28.4,3.5,439,24.9,8.7,1507,1749,2243,1995,1506,1749,2243,1995,5719,445
1774733159,3,3105354.8,2911108.0,442203.3,412545.5,99575.2,99184.9,110001.8,191749.4,80272.8,269.2,28.4,3.5,500,24.9,8.7,1507,1749,2243,1995,1506,1748,2242,1995,5719,445
1774733459,3,3087134.0,2892210.2,440836.8,411508.6,99312.2,98820.1,109778.9,190818.6,80238.6,294.6,28.4,3.5,549,24.9,8.7,1507,1749,2244,1995,1506,1748,2242,1995,5718,445
1774733759,3,3078916.8,2879729.8,439412.9,410014.8,98729.9,98544.5,109538.1,190862.9,80206.1,313.3,28.4,3.5,552,24.9,8.7,1507,1748,2242,1994,1505,1748,2241,1993,5715,445
1774734059,3,3054769.8,2848544.0,436150.6,407061.2,98393.7,98173.7,109203.1,189950.1,80175.0,337.3,28.4,3.5,589,24.9,8.8,1508,1750,2243,1995,1508,1749,2243,1995,5723,446
1774734359,3,3037887.8,2825863.2,434335.6,405125.1,98102.9,97785.9,108974.6,188642.6,80145.4,365.8,28.4,3.5,614,24.9,8.7,1508,1750,2244,1996,1507,1749,2243,1995,5721,446
1774734657,3,3020130.8,2813196.8,432781.5,402761.6,97656.2,97471.6,108479.8,188242.1,80116.3,388.5,28.4,3.5,631,24.9,8.8,1508,1750,2244,1996,1507,1750,2243,1995,5721,446
1774734957,3,2993546.8,2795719.0,432116.5,402204.7,97352.5,97260.1,108510.2,188481.0,80089.2,412.7,28.5,3.5,660,24.9,8.8,1508,1750,2245,1996,1507,1749,2243,1995,5722,446
1774735257,3,2977288.8,2783881.2,428674.7,399240.5,97099.4,97025.6,108290.6,188150.3,80063.7,433.6,28.4,3.5,678,24.9,8.8,1508,1750,2244,1996,1507,1749,2243,1995,5722,446
1774735557,3,2965722.8,2772613.8,428554.8,398974.1,96787.2,96805.1,107983.8,187373.4,80038.8,462.5,28.4,3.5,721,24.9,8.8,1508,1750,2244,1996,1508,1749,2243,1995,5721,446
1774735857,3,2951682.8,2754028.2,425446.4,397038.7,96446.3,96426.3,108188.1,187534.5,80014.1,491.4,28.4,3.5,762,24.9,8.8,1508,1750,2244,1996,1507,1749,2243,1995,5720,446
1774736157,3,2928388.2,2740624.0,425360.3,396503.5,96499.8,96039.4,107750.1,186205.2,79991.0,507.3,28.4,3.6,788,24.9,8.8,1508,1750,2244,1996,1507,1749,2243,1995,5721,446
1774736457,3,2917152.0,2735030.0,423236.9,394557.1,95987.4,95820.9,107769.4,186660.7,79968.8,533.2,28.4,3.5,813,24.9,8.8,1508,1750,2244,1996,1507,1749,2243,1994,5721,445
1774736757,3,2898784.0,2722567.2,422536.0,392219.0,95954.7,95636.0,107344.1,186245.3,79947.6,559.7,28.4,3.5,837,24.9,8.8,1508,1750,2244,1996,1507,1749,2242,1995,5720,446
1774737057,3,2893103.0,2718006.5,421748.7,392310.8,95783.8,95446.9,107395.0,185988.6,79927.6,578.9,28.4,3.6,859,24.9,8.9,1508,1750,2244,1996,1507,1749,2243,1995,5723,446
1774737657,3,3787844.0,3558509.2,517403.6,484081.2,112810.7,112234.0,118807.3,204241.1,80598.4,55.1,28.3,3.3,258,24.8,8.5,1507,1750,2243,1995,1507,1749,2242,1995,5719,445
1774737957,3,3569857.0,3366107.2,493601.6,460427.5,108486.2,107959.1,116242.4,201019.6,80551.2,79.3,28.3,3.4,274,24.8,8.6,1507,1749,2243,1995,1507,1749,2242,1994,5718,445
1774738257,3,3459445.8,3238076.0,480600.5,447183.3,106217.4,105943.5,114912.2,199141.1,80504.9,107.3,28.4,3.4,331,24.9,8.6,1507,1749,2243,1995,1507,1749,2242,1994,5718,445
1774738559,3,3383963.0,3167482.8,472209.2,440727.1,105061.1,104604.8,113918.5,197836.0,80459.8,128.5,28.4,3.4,351,24.9,8.7,1507,1750,2244,1996,1507,1749,2243,1994,5719,445
1774738859,3,3351378.0,3129826.8,467940.1,436078.8,104232.5,103826.6,113160.7,196709.6,80416.6,154.7,28.4,3.5,385,24.9,8.7,1508,1750,2244,1996,1507,1749,2243,1995,5721,446
1774739159,3,3294097.8,3088710.8,461410.4,431899.2,103093.7,102971.7,112599.0,196093.6,80374.6,176.1,28.4,3.5,373,24.9,8.7,1508,1750,2243,1995,1507,1749,2243,1994,5721,445
1774739459,3,3273239.2,3062432.2,460021.2,428784.9,102780.1,102430.9,112141.7,195529.6,80334.9,195.9,28.4,3.5,402,24.9,8.7,1508,1749,2243,1995,1507,1749,2242,1995,5722,446
1774739759,3,3231708.2,3036514.0,456862.4,426537.7,102249.7,101811.7,111719.4,194641.0,80296.9,225.7,28.4,3.5,435,24.9,8.7,1507,1749,2243,1995,1507,1749,2242,1994,5721,445
1774740059,3,3202890.8,3006146.2,453987.8,422435.3,101901.3,101043.3,111372.0,194299.4,80260.2,249.6,28.4,3.5,467,24.9,8.8,1508,1749,2244,1995,1507,1749,2242,1994,5722,446
1774740359,3,3187939.2,2994764.8,451499.7,420384.8,101253.7,100522.1,111014.9,192681.9,80225.1,265.1,28.4,3.5,474,24.9,8.8,1508,1750,2244,1996,1507,1749,2242,1995,5720,446
1774740659,3,3160425.0,2966684.2,448479.9,417969.5,100459.1,100100.9,110717.1,192620.9,80192.1,292.9,28.4,3.5,505,24.9,8.8,1508,1750,2244,1995,1507,1749,2243,1995,5719,446
1774740959,3,3153107.2,2949514.2,447417.5,417285.5,100276.4,99741.0,110490.4,192035.3,80158.8,314.4,28.4,3.5,522,24.9,8.8,1508,1750,2243,1995,1507,1749,2243,1995,5720,446
1774741259,3,3123567.8,2937071.2,445578.9,415675.5,100113.0,99338.5,110268.4,191442.4,80126.9,336.4,28.4,3.5,566,24.9,8.8,1507,1749,2243,1995,1507,1749,2242,1994,5720,446
1774741559,3,3115421.8,2913342.2,443857.5,413632.6,99546.2,99116.8,110070.0,191223.0,80096.5,358.7,28.4,3.5,579,24.9,8.8,1507,1750,2244,1995,1507,1750,2243,1995,5719,446
1774741857,3,3097114.8,2896182.8,442491.8,412162.7,99329.5,98779.2,109926.5,190573.4,80067.3,386.4,28.4,3.5,619,24.9,8.8,1508,1750,2244,1995,1507,1749,2243,1995,5720,446
1774742157,3,3082410.2,2882199.8,441139.9,410592.2,99013.1,98714.1,109713.5,189909.7,80039.8,407.3,28.4,3.5,608,24.9,8.8,1508,1749,2243,1995,1507,1749,2241,1994,5720,446
1774742459,3,3072772.8,2880368.8,439871.9,409752.3,98996.8,98315.3,109453.6,190100.5,80013.9,429.6,28.4,3.5,678,24.9,8.8,1508,1749,2243,1995,1507,1749,2242,1994,5721,446
1774742759,3,3056051.2,2865184.8,438690.7,408769.2,98285.9,98129.5,109143.6,189421.8,79989.6,451.7,28.3,3.6,693,24.8,8.8,1507,1749,2243,1995,1507,1748,2242,1994,5720,445
1774743057,3,3047660.8,2835700.2,435618.0,406378.7,98271.0,97913.2,109171.5,189487.2,79966.4,479.4,28.3,3.5,731,24.8,8.8,1507,1749,2242,1995,1507,1748,2242,1994,5719,445
1774743357,3,3037160.0,2828807.0,435051.0,406368.2,98060.6,97710.2,108877.5,189374.6,79943.8,509.4,28.3,3.5,755,24.8,8.8,1507,1749,2242,1995,1506,1748,2241,1994,5720,446
1774743657,3,2993676.8,2798972.0,433440.9,403334.5,97656.9,97359.2,108669.8,189272.0,79922.4,530.5,28.3,3.6,801,24.8,8.9,1507,1748,2242,1994,1506,1748,2241,1994,5718,445
1774743959,3,3016346.8,2811887.0,433176.8,404016.4,97490.8,97096.3,108653.0,187927.5,79901.8,554.1,28.3,3.5,802,24.8,8.9,1506,1748,2241,1994,1505,1747,2241,1993,5712,445
1774744257,3,2998337.2,2798727.0,431782.7,402799.8,97294.1,97072.9,108381.2,187846.3,79882.5,578.1,28.3,3.6,835,24.8,8.9,1505,1747,2241,1993,1505,1747,2241,1993,5712,445
1774744859,3,3906232.0,3683319.2,531946.5,496361.4,115033.1,114163.6,120027.7,206743.4,80565.4,47.3,28.2,3.3,253,24.7,8.5,1507,1750,2243,1995,1507,1749,2243,1994,5717,445
1774745157,3,3665017.0,3453961.8,504415.7,470367.2,110330.8,109889.5,117685.6,202890.5,80518.9,71.4,28.2,3.4,280,24.7,8.6,1507,1749,2243,1994,1507,1749,2243,1994,5717,445
1774745457,3,3543845.8,3331772.0,491305.3,458899.7,108215.2,107678.8,116058.0,200990.9,80473.5,94.2,28.3,3.4,313,24.8,8.7,1508,1749,2243,1995,1507,1749,2242,1994,5718,445
1774745759,3,3486423.2,3265966.2,484510.8,451138.9,106647.5,106174.4,115170.6,200124.3,80428.8,119.6,28.3,3.4,364,24.8,8.7,1508,1750,2244,1996,1507,1749,2243,1994,5718,446
1774746059,3,3440061.2,3224518.8,478162.8,446417.6,105845.1,105722.2,114679.1,198777.6,80385.2,142.8,28.3,3.4,346,24.8,8.7,1507,1749,2242,1995,1506,1749,2242,1994,5717,445
1774746357,3,3406580.2,3190636.0,474448.2,443177.0,105121.4,104797.1,114075.3,198319.9,80343.9,166.6,28.3,3.4,413,24.8,8.7,1508,1750,2244,1996,1507,1749,2242,1995,5720,446
1774746657,3,3379709.0,3164962.2,471478.4,439991.3,104549.7,104150.2,113491.8,196913.4,80304.3,186.3,28.3,3.5,401,24.8,8.7,1508,1750,2243,1995,1507,1749,2242,1994,5720,445
1774746959,3,3320548.0,3129849.8,467119.3,435524.9,103876.6,103638.6,112887.9,196138.7,80265.8,210.1,28.3,3.5,457,24.8,8.7,1508,1749,2242,1995,1507,1749,2243,1994,5720,445
1774747259,3,3312183.2,3097993.8,465295.5,433048.3,103358.3,102930.0,112616.1,195942.2,80229.4,227.9,28.3,3.5,403,24.8,8.8,1508,1749,2243,1995,1507,1749,2242,1994,5720,445
1774747557,3,3287603.8,3083472.8,461742.0,430597.5,102968.5,102756.8,112306.1,195327.0,80195.0,251.6,28.3,3.5,474,24.8,8.8,1508,1749,2243,1995,1507,1749,2242,1995,5719,446
1774747857,3,3272078.8,3067948.2,461067.2,429989.2,102568.3,102426.2,112247.9,194682.8,80161.6,272.9,28.3,3.5,500,24.8,8.8,1508,1750,2244,1996,1508,1750,2243,1995,5721,446
1774748159,3,3237161.2,3054963.0,459098.9,427113.8,102421.8,101988.8,111810.2,194622.3,80130.1,302.4,28.3,3.5,534,24.8,8.8,1508,1750,2244,1996,1507,1749,2242,1994,5719,445
1774748459,3,3234740.8,3034116.0,456637.0,425879.4,102044.1,101647.4,111424.8,194522.0,80099.4,327.9,28.3,3.5,548,24.8,8.8,1508,1749,2243,1995,1507,1749,2242,1994,5718,445
1774748757,3,3207702.8,3017172.8,454985.2,423370.0,101708.0,100931.3,111367.7,193718.4,80070.0,354.5,28.3,3.5,592,24.8,8.8,1508,1750,2244,1996,1507,1749,2243,1995,5719,445
1774749057,3,3181491.2,2998120.2,453137.6,421681.4,101149.6,100707.5,111097.9,192648.8,80042.8,379.9,28.3,3.5,617,24.8,8.8,1508,1750,2243,1995,1508,1750,2243,1995,5721,445
1774749359,3,3168544.0,2978315.2,450812.8,419446.7,101109.9,100257.7,110984.9,192169.4,80016.6,398.3,28.3,3.5,624,24.8,8.8,1508,1750,2244,1996,1507,1749,2243,1995,5720,445
1774749659,3,3144823.2,2950463.2,447617.5,417480.1,100383.7,99763.4,110628.5,191997.8,79991.5,421.5,28.3,3.5,653,24.8,8.8,1508,1750,2244,1995,1507,1749,2243,1995,5720,445
1774749957,3,3126861.0,2937041.2,446881.1,416805.6,100076.7,99479.5,110325.2,191782.4,79966.7,442.1,28.3,3.5,676,24.8,8.8,1508,1750,2243,1995,1507,1749,2242,1995,5719,446
1774750259,3,3117388.2,2929496.0,444976.8,414556.8,99931.2,99240.9,109943.7,191417.3,79944.0,465.8,28.3,3.5,681,24.8,8.9,1508,1750,2244,1995,1508,1749,2243,1995,5723,446
1774750559,3,3100770.2,2898420.8,443740.0,413280.2,99811.8,98954.3,109824.0,190496.2,79922.6,489.0,28.3,3.5,710,24.8,8.9,1508,1750,2244,1996,1507,1749,2244,1995,5723,446
1774750857,3,3089416.2,2895127.8,442601.5,412070.9,99425.4,98815.4,109799.9,190551.8,79902.3,510.5,28.3,3.5,743,24.8,8.9,1508,1750,2244,1996,1507,1749,2243,1995,5724,446
1774751159,3,3079622.8,2882340.8,441728.8,410972.1,99076.8,98473.2,109566.2,189452.4,79883.5,532.9,28.3,3.5,809,24.8,8.9,1507,1749,2243,1994,1507,1749,2242,1994,5719,446
1774751459,3,3067963.0,2859249.0,438826.0,408633.5,98786.2,98055.7,109302.4,189526.4,79865.5,560.9,28.3,3.6,813,24.8,8.9,1505,1747,2241,1994,1505,1747,2241,1993,5714,445
1774752059,3,3981704.0,3751939.8,541686.8,504029.0,116131.6,115538.7,121009.0,208133.4,80572.7,42.9,28.2,3.3,268,24.7,8.5,1508,1750,2244,1996,1507,1749,2243,1995,5719,446
1774752359,3,3745347.8,3532066.0,513975.5,477750.1,111635.5,111275.6,118339.9,204389.4,80525.6,76.4,28.2,3.4,278,24.7,8.6,1509,1750,2244,1996,1507,1749,2243,1994,5719,445
1774752657,3,3632514.8,3422047.0,500287.2,466213.4,109461.6,108874.7,116727.3,202393.0,80478.9,98.5,28.3,3.4,348,24.8,8.7,1507,1749,2243,1995,1507,1749,2243,1994,5719,446
1774752959,3,3555382.8,3358394.8,492723.9,458761.5,108235.6,107688.8,115938.1,200845.5,80433.4,122.3,28.3,3.4,339,24.8,8.7,1508,1750,2244,1996,1507,1749,2243,1995,5721,445
1774753259,3,3503335.0,3299114.2,487049.8,453110.5,107054.9,106611.2,115337.1,199789.8,80389.2,145.6,28.3,3.4,343,24.8,8.7,1508,1750,2243,1995,1508,1749,2242,1995,5723,446
1774753557,3,3486750.2,3268882.0,484175.6,450937.8,106356.5,105880.9,114847.1,199325.9,80346.1,165.4,28.3,3.5,328,24.8,8.7,1508,1750,2243,1994,1507,1749,2242,1994,5722,446
1774753859,3,3443898.0,3231935.2,479774.8,446918.0,105780.6,105387.0,114293.4,198732.9,80305.5,186.4,28.3,3.5,420,24.8,8.7,1507,1749,2243,1995,1506,1749,2242,1994,5719,445
1774754159,3,3425059.0,3209206.2,477723.9,444697.4,105286.0,104915.3,114082.7,198247.4,80266.7,204.2,28.3,3.5,430,24.8,8.8,1508,1749,2244,1995,1506,1749,2242,1994,5719,445
1774754457,3,3402958.2,3193563.8,475283.7,442873.0,105064.8,104558.3,113761.7,197328.8,80229.0,228.7,28.3,3.5,470,24.7,8.8,1508,1750,2244,1996,1507,1749,2242,1995,5718,446
1774754759,3,3366932.0,3157220.2,471411.8,440283.2,104357.4,104151.5,113571.4,197343.4,80193.5,252.9,28.3,3.5,464,24.7,8.8,1508,1750,2243,1996,1507,1749,2242,1995,5719,445
1774755057,3,3347075.0,3138258.2,469965.9,438263.1,104209.3,103780.3,113241.1,196694.6,80160.3,274.1,28.2,3.5,471,24.7,8.8,1507,1749,2243,1995,1506,1748,2241,1994,5716,445
1774755357,3,3327060.0,3127277.0,468735.3,436715.9,104076.3,103648.1,113034.4,196247.9,80127.8,294.0,28.2,3.5,491,24.7,8.8,1507,1749,2243,1995,1507,1749,2242,1994,5717,445
1774755659,3,3327504.0,3107292.2,466945.3,435690.0,103614.7,103230.7,112842.5,195416.6,80097.0,319.5,28.2,3.5,542,24.7,8.8,1508,1749,2243,1995,1508,1749,2243,1994,5721,446
1774755957,3,3297353.0,3099223.8,464828.0,433161.8,103471.6,102938.5,112603.7,195709.8,80067.5,347.2,28.2,3.5,571,24.7,8.8,1509,1750,2244,1996,1507,1749,2242,1994,5721,445
1774756257,3,3283797.2,3091309.8,464878.8,433219.8,103394.6,102817.6,112387.6,195224.3,80039.7,367.1,28.2,3.5,637,24.7,8.9,1508,1750,2243,1995,1508,1749,2242,1995,5722,446
1774756559,3,3274442.0,3073009.2,462803.5,431843.0,102986.6,102723.6,112388.8,195055.8,80013.5,384.0,28.2,3.5,615,24.7,8.9,1509,1751,2244,1996,1508,1750,2243,1995,5722,446
1774756857,3,3272190.2,3075686.8,461836.0,430283.8,102870.4,102221.7,112354.7,194619.0,79988.4,408.9,28.2,3.5,606,24.7,8.9,1508,1750,2244,1996,1508,1750,2243,1995,5722,446
1774757157,3,3244904.2,3055552.2,459977.8,429194.5,102609.2,102140.6,111925.0,194833.2,79964.5,440.3,28.1,3.5,685,24.6,8.8,1508,1750,2243,1995,1508,1749,2242,1995,5721,446
1774757459,3,3238337.2,3047812.0,459751.6,428637.2,102433.8,101992.5,112016.9,194207.0,79941.9,456.9,28.1,3.5,716,24.6,8.8,1508,1750,2244,1996,1508,1749,2243,1995,5722,446
1774757757,3,3225943.0,3040164.8,457605.5,426130.9,102226.3,101724.7,111783.1,194083.9,79921.0,477.9,28.1,3.5,713,24.6,8.9,1508,1750,2243,1996,1508,1750,2243,1995,5723,446
1774758057,3,3226586.0,3029060.8,456631.6,426299.0,102041.4,101731.7,111571.4,193972.4,79900.1,511.0,28.1,3.5,748,24.6,8.8,1508,1749,2244,1996,1508,1749,2243,1995,5721,445
1774758359,3,3215626.0,3032110.2,456575.8,425379.6,102022.4,101469.3,111619.3,193492.8,79881.0,531.9,28.1,3.5,786,24.6,8.9,1507,1749,2243,1995,1507,1749,2242,1995,5719,445
1774758657,3,3216095.8,3022637.2,455890.8,424224.8,101694.2,100926.3,111415.7,193344.4,79862.5,551.7,28.1,3.5,838,24.6,8.8,1508,1750,2244,1995,1507,1749,2242,1995,5718,446
1774759259,3,4165087.0,3930103.0,561312.7,523499.3,119490.8,118507.0,123299.6,211947.7,80629.0,47.0,27.9,3.3,267,24.4,8.5,1508,1750,2244,1996,1508,1749,2243,1996,5720,446
1774759557,3,3925318.2,3701926.2,533452.0,497730.2,114880.7,114146.2,121160.1,209708.7,80579.3,71.0,28.0,3.3,251,24.4,8.6,1508,1750,2244,1996,1508,1749,2244,1995,5719,446
1774759857,3,3806798.0,3597368.8,519514.7,485459.9,112831.8,112176.6,119590.5,207238.8,80530.5,92.0,28.0,3.4,299,24.5,8.7,1509,1750,2244,1996,1507,1750,2243,1995,5720,446
1774760159,3,3752220.0,3533890.8,513434.7,478599.6,111410.2,110675.8,118827.9,206250.4,80482.3,120.4,28.0,3.4,316,24.5,8.7,1509,1751,2244,1997,1508,1750,2243,1996,5721,446
1774760457,3,3699793.8,3493009.2,508700.1,473984.0,110429.6,109863.9,117999.1,204493.2,80436.7,146.7,28.0,3.4,346,24.5,8.7,1509,1750,2244,1996,1508,1750,2243,1995,5721,446
1774760759,3,3657314.0,3452451.2,502860.9,469214.3,109863.9,109325.2,117483.5,203650.4,80392.9,166.9,28.0,3.4,383,24.4,8.8,1509,1750,2244,1996,1508,1750,2243,1995,5722,446
1774761057,3,3635214.0,3422954.2,500205.8,466320.3,109304.8,108564.2,117215.4,203096.1,80350.7,191.2,28.0,3.4,418,24.4,8.8,1508,1750,2243,1995,1507,1749,2242,1995,5720,446
1774761357,3,3609649.8,3398935.0,497569.8,464594.6,108913.9,108201.7,117019.1,202710.3,80311.2,205.9,27.9,3.4,415,24.4,8.8,1508,1749,2243,1995,1507,1749,2242,1995,5719,446
1774761659,3,3583281.2,3370559.2,494845.2,461688.6,108450.0,107823.0,116707.7,202155.5,80273.1,224.1,27.9,3.4,432,24.4,8.8,1508,1750,2244,1996,1508,1750,2243,1995,5721,446
1774761957,3,3559995.0,3358949.8,493049.5,459245.5,107873.2,107361.7,116422.6,201659.2,80237.0,248.6,27.9,3.4,473,24.4,8.8,1509,1750,2245,1996,1507,1749,2244,1995,5720,446
1774762259,3,3541510.0,3336708.8,490603.2,457561.8,107435.5,107086.5,115963.3,201523.9,80202.3,271.4,27.9,3.4,485,24.4,8.8,1509,1750,2244,1996,1508,1749,2243,1995,5721,446
1774762559,3,3529612.8,3324933.2,488018.1,454991.7,107123.1,106690.8,115941.8,200727.4,80169.1,294.1,27.9,3.5,482,24.4,8.8,1508,1751,2245,1996,1509,1750,2244,1996,5722,446
1774762857,3,3506486.2,3298716.2,485543.2,453236.2,107112.0,106212.0,115636.7,200457.6,80137.9,317.6,27.9,3.5,508,24.4,8.8,1509,1751,2244,1996,1508,1750,2244,1996,5721,446
1774763159,3,3488502.0,3288923.0,484323.4,451245.4,106681.6,105973.9,115364.6,200154.7,80108.0,341.5,27.9,3.4,558,24.4,8.9,1508,1749,2243,1995,1506,1748,2242,1994,5717,446
1774763457,3,3487571.8,3270297.0,484469.6,451044.0,106555.0,105999.7,115159.5,199480.6,80079.3,361.8,27.9,3.5,579,24.4,8.9,1508,1750,2244,1996,1507,1749,2243,1995,5718,446
1774763757,3,3463107.0,3249985.2,482181.0,448092.8,106194.1,105515.3,115032.2,199510.0,80052.1,383.9,27.9,3.4,582,24.4,8.9,1508,1750,2244,1996,1508,1749,2243,1995,5718,445
1774764059,3,3440997.0,3241874.8,480206.0,446917.0,105754.6,105293.3,114584.7,199243.2,80026.1,405.7,27.9,3.5,621,24.4,8.8,1507,1750,2244,1995,1507,1749,2243,1995,5717,445
1774764359,3,3434239.0,3216584.2,478188.4,446005.3,105673.0,104979.2,114616.1,198630.2,80001.3,424.9,27.9,3.5,631,24.4,8.8,1508,1750,2244,1996,1508,1749,2243,1995,5719,446
1774764657,3,3435356.8,3206880.0,478561.2,445422.4,105661.2,104707.2,114378.6,198469.8,79977.9,450.0,27.9,3.5,679,24.3,8.8,1508,1750,2244,1996,1508,1750,2244,1995,5720,446
1774764959,3,3414022.0,3189895.2,476196.9,442747.8,105282.3,104717.7,114385.0,198167.1,79955.0,470.0,27.8,3.5,717,24.3,8.9,1508,1749,2243,1996,1507,1748,2242,1995,5718,446
1774765259,3,3388797.8,3179856.2,474062.7,442012.5,105119.7,104429.8,114357.5,197982.4,79933.6,494.8,27.9,3.5,718,24.3,8.9,1508,1750,2244,1996,1508,1749,2243,1995,5720,446
1774765557,3,3391953.8,3181593.8,473778.3,441866.6,104689.4,104252.1,113867.4,197619.1,79913.4,522.1,27.8,3.5,713,24.3,8.9,1508,1749,2243,1995,1507,1748,2242,1994,5717,446
1774765859,3,3370700.2,3161394.8,472534.6,439713.5,104648.0,104187.4,113909.6,197219.9,79894.1,544.0,27.8,3.5,765,24.3,8.9,1508,1749,2243,1996,1507,1749,2242,1994,5717,445
1774766457,3,4353038.0,4121658.2,582406.8,542027.1,122690.3,121817.7,126259.5,216525.0,80620.5,54.2,27.7,3.2,249,24.2,8.5,1508,1749,2244,1995,1507,1749,2242,1994,5715,445
1774766757,3,4105866.8,3869734.2,552406.1,515333.1,117941.4,117237.4,124017.5,213272.6,80572.2,74.0,27.7,3.3,282,24.2,8.6,1508,1749,2244,1995,1507,1749,2243,1995,5718,445
1774767059,3,3974091.8,3755572.8,539267.3,501711.9,115823.9,114776.6,121959.0,211197.6,80524.0,91.2,27.8,3.4,337,24.2,8.7,1508,1750,2244,1995,1507,1749,2242,1994,5715,446
1774767357,3,3915179.8,3692450.8,531625.9,494846.6,114223.5,113456.7,121142.0,210415.4,80477.1,111.2,27.7,3.4,366,24.2,8.7,1508,1750,2244,1996,1507,1749,2242,1994,5716,445
1774767657,3,3856612.2,3641049.2,525698.6,489255.3,113352.8,112586.4,120305.5,208781.3,80432.2,134.7,27.8,3.4,353,24.2,8.7,1508,1749,2243,1995,1508,1749,2243,1995,5717,446
1774767959,3,3808444.0,3599163.0,520369.5,484681.8,112579.6,111703.8,119863.7,207778.0,80389.2,155.5,27.8,3.4,377,24.2,8.7,1508,1750,2244,1995,1507,1749,2242,1994,5716,446
1774768259,3,3779158.8,3566666.0,516343.1,480519.9,111790.7,110881.0,119518.6,206866.6,80347.8,179.0,27.7,3.4,344,24.2,8.8,1508,1749,2243,1995,1507,1749,2242,1995,5718,446
1774768557,3,3753870.0,3539949.0,513458.8,477399.8,111414.9,110561.8,118813.7,206304.1,80308.6,202.1,27.8,3.4,381,24.2,8.8,1509,1750,2244,1996,1508,1749,2243,1995,5720,446
1774768859,3,3714944.2,3508719.8,510945.0,474607.0,110794.3,110175.0,118487.6,205922.0,80271.1,223.0,27.8,3.4,419,24.2,8.8,1507,1748,2242,1995,1507,1748,2241,1994,5717,445
1774769159,3,3697673.0,3482455.8,507264.0,473217.0,110273.5,109486.8,118068.4,205127.9,80235.0,243.3,27.7,3.4,444,24.2,8.8,1508,1750,2243,1995,1507,1749,2242,1994,5717,445
1774769457,3,3676892.8,3467188.8,505005.4,470361.3,110154.3,108878.1,118099.4,204402.8,80201.0,265.4,27.7,3.4,448,24.2,8.8,1508,1750,2244,1996,1006,1167,1495,1330,3813,297
1774769759,3,3648643.2,3446491.0,503389.7,467901.7,109371.1,108812.2,117696.3,203765.4,80168.6,293.0,27.7,3.4,493,24.2,8.8,1508,1750,2244,1996,1508,1749,2243,1995,5719,446
1774770059,3,3638046.0,3430717.2,500600.9,467702.0,108961.5,108357.2,117264.2,203254.5,80138.0,315.9,27.7,3.4,511,24.2,8.9,1509,1750,2244,1997,1508,1750,2243,1996,5720,445
1774770357,3,3622322.8,3410041.0,499387.8,464150.8,108838.9,108100.8,117231.9,203113.4,80108.9,335.6,27.7,3.4,543,24.2,8.8,1509,1750,2245,1997,1508,1750,2243,1996,5720,446
1774770657,3,3599595.2,3403197.8,496907.1,462368.2,108560.2,107807.3,116787.9,202576.8,80081.0,350.3,27.7,3.4,585,24.2,8.8,1509,1750,2244,1996,1508,1749,2243,1995,5719,446
1774770957,3,3585365.0,3376213.0,494077.3,461461.5,107998.8,107430.4,116596.2,202124.5,80054.2,369.7,27.7,3.5,578,24.2,8.9,1508,1750,2244,1996,1508,1749,2243,1995,5719,446
1774771259,3,3568446.0,3362778.0,493510.3,458691.6,108097.9,107125.9,116387.1,201747.7,80028.8,389.3,27.7,3.5,628,24.2,8.9,1509,1750,2244,1996,1508,1749,2244,1995,5719,446
1774771559,3,3548763.2,3336466.8,490831.0,457425.3,107696.5,106738.8,116283.9,201319.3,80004.2,412.7,27.7,3.5,616,24.2,8.8,1509,1750,2244,1996,1509,1750,2243,1996,5720,446
1774771857,3,3533794.8,3331325.8,490294.5,455196.4,107378.1,106744.7,116185.2,200971.7,79981.4,437.2,27.7,3.5,675,24.2,8.9,1510,1750,2244,1996,1508,1750,2243,1995,5720,446
1774772157,3,3521292.0,3316870.2,487599.3,453416.2,107020.5,106394.2,115909.8,200910.7,79959.5,456.1,27.7,3.5,696,24.2,8.9,1509,1750,2244,1997,1508,1750,2243,1996,5722,446
1774772459,3,3514567.2,3299907.0,487508.9,453222.3,106947.0,106114.7,115700.5,200882.5,79938.0,480.7,27.7,3.5,695,24.2,8.9,1509,1750,2244,1996,1509,1750,2244,1996,5722,446
1774772757,3,3499652.8,3289800.2,486070.6,452619.2,106477.0,105812.1,115597.9,200347.3,79918.0,503.2,27.7,3.5,725,24.2,8.9,1509,1750,2244,1996,1508,1749,2243,1995,5720,446
1774773057,3,3491547.0,3279904.0,484149.2,450694.3,106449.9,105618.3,115491.8,199980.8,79899.3,523.1,27.7,3.5,754,24.2,8.9,1509,1750,2243,1996,1508,1749,2242,1995,5720,446
1774773657,3,4430580.5,4181655.0,589743.5,547859.1,123512.6,122405.3,127011.1,218052.9,80625.3,49.8,27.6,3.2,269,24.0,8.5,1509,1750,2244,1996,1509,1750,2243,1996,5722,446
1774773957,3,4189455.8,3946385.8,561408.0,521590.7,119054.8,117991.1,124569.1,214748.9,80577.3,74.7,27.6,3.3,292,24.1,8.6,1509,1751,2245,1996,1508,1750,2244,1995,5722,446
1774774259,3,4056804.0,3828539.2,547937.2,510050.2,116915.4,115817.6,123042.4,213182.9,80529.5,90.9,27.6,3.3,316,24.1,8.7,1509,1750,2244,1996,1509,1750,2244,1996,5722,446
1774774559,3,3991758.0,3762517.0,539714.4,501157.4,115176.9,114339.4,121997.0,211681.9,80483.1,108.8,27.7,3.3,303,24.1,8.8,1508,1750,2243,1995,1508,1749,2243,1995,5720,446
1774774857,3,3923362.8,3709464.8,532303.6,494850.8,114429.6,113225.9,121225.6,210728.3,80438.2,129.0,27.7,3.4,346,24.1,8.8,1509,1750,2244,1997,1508,1750,2243,1995,5719,446
1774775157,3,3884093.8,3671333.2,528550.6,490783.0,113450.7,112649.5,120627.8,209651.3,80395.8,155.6,27.7,3.4,347,24.1,8.8,1509,1750,2245,1996,1508,1749,2244,1996,5719,446
1774775457,3,3854911.8,3628136.0,523637.1,486557.2,112993.6,111871.9,120172.0,208516.6,80354.5,180.3,27.7,3.4,382,24.1,8.8,1508,1750,2244,1996,1508,1749,2243,1995,5720,445
1774775759,3,3813044.2,3587550.8,520300.7,483057.8,112382.0,111345.0,120013.2,207856.5,80315.4,197.8,27.7,3.4,394,24.2,8.8,1509,1750,2244,1996,1508,1750,2244,1996,5720,446
1774776057,3,3797530.8,3585790.2,518413.0,481273.1,111643.0,110645.3,119284.0,207137.0,80278.8,219.3,27.7,3.4,435,24.1,8.8,1509,1751,2245,1996,1508,1750,2243,1995,5719,446
1774776357,3,3770382.8,3550637.2,515058.5,479101.2,111315.5,110256.6,118892.0,206354.5,80243.1,240.0,27.7,3.4,442,24.1,8.8,1509,1750,2245,1996,1508,1750,2243,1995,5718,446
1774776657,3,3755564.8,3534234.2,512694.1,476103.2,111068.1,109928.2,118387.6,206172.5,80209.1,256.0,27.7,3.4,477,24.2,8.8,1509,1751,2245,1997,1508,1750,2243,1996,5720,446
1774776957,3,3719581.8,3512932.2,510599.8,473690.6,110423.5,109573.7,118283.1,205270.3,80177.0,279.5,27.7,3.4,460,24.1,8.8,1509,1751,2244,1997,1508,1750,2243,1996,5720,446
1774777257,3,3694157.8,3491236.0,507254.6,472030.8,109936.8,109161.4,117828.7,204489.2,80146.2,308.9,27.7,3.4,517,24.2,8.8,1509,1751,2244,1997,1508,1749,2243,1995,5720,446
1774777557,3,3681836.8,3467081.2,505990.5,469162.8,109666.4,108926.2,117675.4,203833.1,80117.0,324.8,27.7,3.4,567,24.2,8.8,1509,1750,2244,1996,1508,1749,2243,1995,5719,446
1774777857,3,3653275.0,3449429.2,503239.9,468095.4,109417.8,108225.3,117393.2,203922.4,80088.4,347.1,27.7,3.4,542,24.2,8.9,1509,1751,2245,1997,1508,1750,2244,1996,5721,446
1774778157,3,3646101.2,3433444.2,501634.8,466634.2,109068.9,108043.4,117239.0,203255.7,80061.3,370.5,27.7,3.4,571,24.2,8.9,1509,1750,2245,1996,1508,1750,2244,1997,5723,446
1774778457,3,3633961.8,3421387.0,499913.5,464941.0,108841.1,107879.0,117039.6,202731.8,80035.4,391.3,27.7,3.4,629,24.2,8.9,1509,1750,2244,1997,1509,1750,2244,1997,5723,446
1774778757,3,3607271.2,3397563.8,498876.2,462358.0,108341.6,107440.0,116423.6,202298.7,80011.0,412.8,27.7,3.4,646,24.2,8.9,1509,1751,2244,1997,1508,1750,2243,1995,5721,446
1774779059,3,3602153.2,3374488.8,496214.5,461764.9,108142.8,107192.2,116544.6,202125.4,79988.0,437.1,27.7,3.5,614,24.2,8.9,1508,1750,2244,1996,1508,1749,2243,1995,5720,446
1774779359,3,3570346.8,3357599.2,494077.9,459396.9,107940.7,106906.0,116241.7,201676.2,79965.6,457.6,27.7,3.4,667,24.2,8.9,1508,1750,2244,1996,1508,1750,2243,1995,5720,446
1774779659,3,3563830.8,3358063.2,492446.6,457953.5,107793.6,106770.1,116373.6,200975.5,79944.4,477.3,27.7,3.5,712,24.2,8.9,1508,1750,2244,1996,1508,1749,2244,1995,5720,446
1774779959,3,3540667.8,3339376.8,491138.7,456703.8,107271.8,106475.6,115951.0,200845.5,79923.9,494.3,27.7,3.5,767,24.2,8.9,1508,1750,2244,1996,1507,1749,2243,1995,5718,446
1774780259,3,3538975.0,3313973.8,491064.4,455849.2,107145.6,106000.6,115735.4,200541.0,79904.4,515.7,27.7,3.5,758,24.2,8.9,1509,1751,2245,1996,1508,1749,2243,1996,5720,446
1774780859,3,4552418.5,4299253.5,603940.9,560759.8,125790.6,124553.8,128371.8,220515.5,80593.4,38.0,27.5,3.2,261,24.0,8.6,1509,1750,2244,1996,1508,1749,2243,1996,5719,446
1774781159,3,4293929.5,4047985.0,573241.9,533300.2,120869.7,119623.0,125964.4,217296.1,80546.6,62.8,27.6,3.2,258,24.1,8.6,1509,1750,2245,1997,1508,1750,2243,1995,5721,446
1774781459,3,4166533.0,3935075.8,559421.6,520256.3,118591.3,117551.4,124597.7,215030.7,80499.7,81.5,27.6,3.3,306,24.1,8.7,1509,1750,2244,1996,1508,1750,2243,1995,5720,446
1774781759,3,4098946.2,3860258.0,551130.4,511201.2,117351.5,115707.9,123257.8,213759.9,80454.3,106.8,27.6,3.4,332,24.1,8.7,1509,1750,2244,1996,1507,1749,2243,1995,5718,446
1774782059,3,4033678.8,3805925.8,544059.2,506019.5,116009.7,114848.9,122384.8,212228.1,80411.3,126.2,27.6,3.4,334,24.1,8.8,1508,1749,2243,1995,1508,1749,2243,1995,5720,446
1774782359,3,3986460.0,3767222.8,539083.0,500997.8,114936.1,114066.4,121887.6,211743.9,80369.7,147.6,27.6,3.4,369,24.1,8.8,1508,1749,2243,1995,1507,1749,2242,1994,5717,446
1774782659,3,3946763.0,3728734.0,535382.0,497810.2,114443.0,113311.0,121506.0,210392.8,80329.7,166.9,27.7,3.4,408,24.1,8.8,1508,1750,2243,1995,1507,1748,2242,1994,5717,446
1774782959,3,3906669.0,3686703.2,530956.2,494165.1,113996.1,112944.0,120811.2,209851.4,80291.2,192.6,27.6,3.4,378,24.1,8.8,1508,1749,2243,1996,1507,1749,2242,1995,5718,446
1774783257,3,3892516.8,3665875.2,528416.8,490938.1,113482.1,112402.1,120703.7,209153.5,80254.6,216.0,27.7,3.4,423,24.2,8.8,1508,1749,2243,1995,1508,1749,2243,1995,5719,446
1774783557,3,3857186.0,3638752.8,525229.6,488440.8,112618.5,111835.3,120253.4,208093.5,80219.2,233.0,27.7,3.4,416,24.1,8.8,1508,1750,2243,1995,1507,1749,2242,1994,5718,446
1774783859,3,3831720.0,3614267.8,521714.8,485199.4,112101.3,111097.2,119770.6,208042.2,80185.3,254.0,27.7,3.4,447,24.1,8.9,1508,1749,2243,1995,1507,1749,2243,1995,5719,445
1774784159,3,3808875.0,3591415.8,519880.5,482662.8,111846.7,110775.6,119579.6,207004.6,80153.5,271.9,27.6,3.4,484,24.2,8.8,1508,1749,2243,1995,1507,1748,2242,1995,5718,445
1774784459,3,3794818.0,3575461.2,517678.2,481289.2,111450.2,110447.5,119215.4,206754.0,80123.1,297.4,27.7,3.4,539,24.2,8.9,1508,1750,2244,1996,1508,1750,2243,1995,5719,446
1774784759,3,3765472.8,3549941.8,514244.8,478983.3,111030.3,110117.8,118857.1,205996.9,80094.0,318.6,27.7,3.4,550,24.2,8.9,1509,1750,2245,1996,1508,1749,2244,1995,5720,446
1774785059,3,3747058.2,3530823.0,513692.8,476721.5,110524.4,109862.3,118303.2,205451.8,80066.2,343.9,27.7,3.5,578,24.2,8.8,1509,1750,2245,1996,1508,1750,2243,1995,5720,446
1774785359,3,3723033.8,3509268.0,510510.7,474786.2,110595.0,109376.3,118126.0,204807.1,80039.2,357.0,27.7,3.4,603,24.1,8.9,1510,1751,2246,1997,1509,1750,2244,1996,5722,446
1774785659,3,3700043.8,3495118.2,509404.7,472895.0,110059.2,109077.1,117835.9,204482.2,80013.4,379.8,27.7,3.4,598,24.2,8.9,1509,1751,2246,1997,1508,1750,2243,1996,5721,446
1774785959,3,3683659.8,3469158.2,506509.6,470513.6,109526.1,108691.9,117536.4,204265.6,79988.9,400.5,27.7,3.4,654,24.1,8.9,1509,1751,2245,1997,1509,1750,2244,1996,5721,446
1774786259,3,3665056.2,3461310.0,505271.8,469854.5,109628.7,108581.9,117476.2,203872.6,79965.8,420.8,27.7,3.5,638,24.2,8.9,1509,1750,2245,1996,1508,1750,2244,1996,5720,446
1774786557,3,3660610.2,3443340.8,503748.1,467040.0,109170.5,108279.9,117193.5,203444.9,79943.5,450.4,27.7,3.4,663,24.2,8.9,1509,1751,2245,1997,1509,1750,2244,1996,5721,446
1774786857,3,3629622.8,3426894.0,502789.1,465640.2,108865.1,107949.9,116941.9,203007.0,79922.0,477.9,27.7,3.5,695,24.2,8.9,1509,1751,2246,1997,1508,1750,2244,1996,5722,446
1774787159,3,3619457.8,3408480.0,499902.8,464971.3,108563.5,107606.6,116753.1,202749.2,79901.1,493.6,27.7,3.4,731,24.2,9.0,1509,1751,2245,1997,1509,1750,2245,1996,5723,446
1774787457,3,3613349.8,3404618.2,499145.1,463353.7,108228.1,107225.0,116709.9,201895.3,79881.2,515.0,27.7,3.5,755,24.1,9.0,1509,1751,2245,1997,1509,1750,2244,1995,5722,446
1774788057,3,4630442.5,4368825.5,613838.8,569674.6,127407.9,125656.0,129379.3,222024.1,80557.1,39.3,27.5,3.2,243,24.0,8.6,1509,1750,2244,1996,1508,1749,2243,1995,5720,445
1774788359,3,4385692.0,4132466.2,583261.2,542597.7,122409.4,121223.9,126946.5,218289.6,80510.1,62.8,27.6,3.3,216,24.1,8.7,1509,1750,2245,1996,1508,1750,2244,1996,5722,446
1774788657,3,4245460.5,4006235.2,569510.9,527929.9,120015.2,118322.0,125300.8,216458.9,80463.7,83.2,27.6,3.3,290,24.1,8.7,1508,1750,2243,1996,1508,1749,2243,1995,5720,446
1774788957,3,4169289.0,3923868.0,559765.4,519045.6,118098.6,117001.8,124565.1,214251.6,80418.7,105.6,27.6,3.3,319,24.1,8.7,1508,1749,2243,1995,1507,1749,2242,1995,5719,446
1774789259,3,4110964.8,3877647.0,552380.8,513697.8,117203.6,116070.6,123131.7,214037.8,80375.3,130.4,27.6,3.3,342,24.1,8.8,1508,1750,2244,1995,1507,1749,2242,1995,5719,445
1774789559,3,4054614.0,3827530.0,547074.2,508336.5,116362.4,115317.5,122616.1,212900.6,80333.5,150.0,27.6,3.4,366,24.1,8.8,1508,1750,2244,1996,1507,1748,2242,1994,5717,445
1774789857,3,4020444.2,3791099.0,542743.2,503956.4,115712.0,114561.1,122144.4,211971.9,80293.4,169.1,27.6,3.4,373,24.1,8.8,1508,1749,2243,1996,1508,1749,2242,1995,5719,445
1774790157,3,3984206.0,3760903.2,539520.4,500823.4,114891.1,113700.9,121734.7,211187.9,80254.9,189.1,27.6,3.4,402,24.1,8.8,1507,1749,2243,1995,1507,1749,2242,1994,5718,446
1774790459,3,3952923.8,3736440.2,537498.1,498149.8,114672.9,113273.0,121327.1,210623.7,80217.9,210.5,27.6,3.4,384,24.1,8.9,1507,1749,2244,1995,1507,1748,2243,1994,5718,445
1774790757,3,3917501.8,3707736.8,533112.9,495151.9,114056.2,112749.8,120753.3,210022.2,80182.8,229.1,27.6,3.4,430,24.1,8.9,1507,1749,2243,1995,1507,1748,2242,1995,5717,446
1774791057,3,3891095.8,3682072.8,530356.9,493207.2,113600.8,112061.5,120438.5,208939.2,80149.2,255.3,27.6,3.4,436,24.1,8.9,1509,1751,2245,1996,1509,1750,2244,1996,5723,446
1774791359,3,3878776.2,3655384.8,528935.4,490772.2,113262.0,112217.4,120252.6,209063.5,80117.2,280.6,27.6,3.4,468,24.1,8.9,1509,1750,2244,1996,1509,1750,2243,1995,5720,446
1774791659,3,3854120.2,3636527.8,526840.0,488054.9,112833.7,111647.3,119889.4,208325.1,80087.0,299.0,27.6,3.4,482,24.1,8.9,1509,1751,2245,1997,1508,1750,2244,1996,5721,446
1774791957,3,3839728.0,3621522.8,523619.8,486323.4,112339.8,111472.6,119747.1,208261.5,80058.2,314.1,27.6,3.4,532,24.1,8.9,1508,1750,2244,1996,1508,1750,2244,1995,5720,446
1774792257,3,3822315.2,3606864.8,522180.1,484522.3,111960.0,111113.8,119290.6,206798.5,80030.8,332.2,27.6,3.4,527,24.1,8.9,1509,1750,2244,1996,1508,1749,2244,1996,5720,446
1774792559,3,3799835.0,3587535.8,519721.8,483061.1,111571.8,110425.3,118963.4,206624.6,80005.0,354.4,27.6,3.4,573,24.1,9.0,1509,1751,2245,1997,1508,1749,2244,1995,5719,446
1774792859,3,3778948.0,3564218.2,517606.8,481221.0,111358.8,110239.9,118780.9,206084.1,79980.3,376.9,27.6,3.4,563,24.1,8.9,1509,1750,2244,1996,1508,1749,2243,1995,5719,446
1774793157,3,3772031.0,3553972.0,515990.1,478873.7,111283.2,110117.0,118395.2,205815.9,79956.7,403.1,27.6,3.4,630,24.1,9.0,1509,1750,2245,1996,1509,1750,2243,1996,5722,446
1774793457,3,3749988.2,3538232.0,513750.0,477458.3,111000.2,109918.8,118635.3,205597.8,79934.7,421.0,27.6,3.4,632,24.1,9.0,1510,1751,2246,1997,1509,1750,2244,1996,5723,446
1774793759,3,3735075.0,3525768.0,513041.0,476578.1,110690.2,109582.7,118215.8,205524.6,79913.7,448.2,27.6,3.4,665,24.1,9.0,1509,1750,2244,1996,1508,1750,2243,1995,5721,446
1774794057,3,3717772.0,3503348.0,510595.2,473969.2,110379.3,109200.1,118090.1,204597.8,79893.6,472.7,27.6,3.4,693,24.1,8.9,1509,1750,2245,1996,1508,1750,2243,1995,5721,446
1774794357,3,3702702.8,3492597.2,509312.8,472558.7,109903.5,108707.6,117769.8,204474.1,79874.3,492.4,27.6,3.4,662,24.1,9.0,1508,1750,2244,1996,1508,1749,2243,1995,5720,446
1774794657,3,3683909.2,3477939.8,507414.5,471171.0,109826.2,108517.8,117710.7,204332.0,79855.6,521.4,27.6,3.5,721,24.1,9.0,1509,1750,2245,1996,1508,1750,2244,1995,5722,446
1774795257,3,4717176.5,4457650.5,623030.6,577802.6,128494.8,126906.1,130298.0,222899.4,80568.8,41.3,27.5,3.2,265,24.0,8.6,1509,1750,2245,1997,1508,1750,2245,1996,5721,446
1774795557,3,4448501.5,4198800.5,591364.2,548929.6,123461.6,122213.5,127600.6,219695.0,80521.5,61.0,27.5,3.3,289,24.0,8.7,1509,1750,2245,1997,1508,1749,2244,1996,5720,446
1774795857,3,4314171.5,4074368.2,576618.2,535862.8,121012.8,119745.0,126253.6,217343.4,80474.9,80.2,27.6,3.3,320,24.0,8.8,1509,1750,2245,1997,1508,1749,2244,1996,5720,446
1774796159,3,4243945.0,3998959.0,568432.8,526231.9,119705.7,118262.4,125472.1,216108.9,80430.0,104.5,27.6,3.3,271,24.1,8.8,1509,1750,2245,1997,1508,1750,2244,1996,5721,446
1774796457,3,4169742.8,3940504.0,560700.8,520425.1,118200.7,117229.6,124522.5,215150.4,80386.4,123.0,27.6,3.4,341,24.1,8.8,1509,1750,2246,1997,1508,1750,2244,1997,5722,446
1774796759,3,4129179.2,3906497.2,556299.7,516094.6,117620.4,116148.8,123130.3,213635.8,80344.6,139.0,27.6,3.4,387,24.1,8.8,1509,1750,2244,1997,1508,1750,2243,1996,5721,446
1774797059,3,4091192.8,3862497.2,551877.4,511424.8,116787.2,115681.2,122851.6,213399.5,80304.7,158.1,27.6,3.4,368,24.1,8.9,1508,1750,2245,1997,1508,1749,2244,1996,5721,446
1774797357,3,4043754.8,3811739.2,547123.9,507789.6,115851.4,114885.5,122465.3,212267.2,80267.3,185.7,27.6,3.4,371,24.1,8.9,1508,1750,2244,1997,1508,1749,2244,1996,5720,446
1774797657,3,4017560.0,3794440.8,544553.7,504754.2,115607.0,114386.7,122092.3,211917.8,80231.1,202.1,27.6,3.4,401,24.1,8.9,1508,1750,2244,1996,1508,1749,2243,1996,5720,446
1774797959,3,3996716.8,3772284.0,540508.9,503716.8,115010.5,114006.8,121524.7,211540.5,80196.8,221.2,27.6,3.4,435,24.1,8.9,1509,1750,2245,1996,1507,1749,2243,1995,5719,445
1774798259,3,3963162.2,3737988.8,537277.7,499953.8,114677.5,113646.8,121375.4,210507.9,80164.1,242.1,27.6,3.4,435,24.1,8.9,1508,1750,2244,1996,1005,1166,1496,1331,3814,297
1774798557,3,3940344.2,3721807.2,536179.1,496739.8,114024.2,112877.1,121138.1,210277.2,80133.6,268.3,27.6,3.4,472,24.1,8.9,1508,1749,2244,1996,1507,1749,2244,1996,5719,446
1774798857,3,3918338.2,3711341.0,533269.2,494587.2,113761.9,112752.8,120662.0,210116.3,80103.7,285.9,27.6,3.4,471,24.1,8.9,1508,1750,2245,1996,1508,1749,2244,1996,5720,446
1774799157,3,3902905.2,3683632.0,531603.6,493176.8,113524.3,112368.6,120468.4,209119.0,80074.9,306.0,27.6,3.4,531,24.1,8.9,1510,1751,2246,1997,1509,1751,2245,1997,5725,446
1774799459,3,3871591.2,3658167.8,527730.4,490793.1,113301.5,111901.4,120169.2,208828.3,80047.8,317.9,27.6,3.4,521,24.1,9.0,1510,1752,2247,1998,1510,1752,2246,1998,5727,446
1774799759,3,3861091.8,3641368.2,527054.7,488295.0,112914.2,111565.5,119509.3,208051.6,80021.9,336.3,27.6,3.4,542,24.1,8.9,1511,1752,2246,1998,1510,1751,2245,1998,5726,446
1774800057,3,3848103.0,3626847.8,525509.6,487313.8,112739.1,111434.6,119506.4,207592.8,79997.5,356.1,27.6,3.4,569,24.1,9.0,1510,1752,2246,1998,1510,1751,2245,1997,5724,446
1774800357,3,3837735.2,3612683.8,524172.0,486520.0,112201.7,111026.2,119592.3,206884.1,79974.0,381.1,27.6,3.4,569,24.1,9.0,1510,1751,2245,1997,1510,1751,2245,1997,5724,446
1774800659,3,3807573.0,3596054.8,521376.5,483682.9,111725.8,110718.9,118973.2,206540.2,79951.6,409.3,27.6,3.4,633,24.1,9.0,1511,1752,2247,1998,1510,1751,2245,1997,5725,446
1774800959,3,3796195.8,3587982.8,520001.3,483161.8,111779.2,110253.1,118802.5,206506.5,79929.3,426.5,27.6,3.4,627,24.1,9.0,1511,1751,2247,1998,1510,1751,2245,1997,5725,446
1774801257,3,3785760.8,3566000.8,517859.4,479871.4,111259.5,109883.6,118751.7,206116.9,79908.9,447.2,27.6,3.5,666,24.1,9.0,1510,1751,2246,1997,1509,1751,2245,1997,5726,446
1774801557,3,3766483.0,3544092.0,516201.1,479126.6,111051.1,109795.3,118423.3,205910.2,79889.5,468.8,27.6,3.5,710,24.1,9.0,1510,1751,2245,1997,1509,1750,2245,1996,5724,446
1774801859,3,3737897.2,3532559.2,514892.1,478158.3,110792.5,109539.6,118387.7,205272.2,79871.4,488.9,27.6,3.4,691,24.1,9.0,1510,1751,2245,1997,1509,1750,2245,1997,5725,446
1774802457,3,4777478.5,4521350.5,630501.8,584389.2,129669.1,127754.0,130692.2,224037.9,80578.7,25.6,27.5,3.2,225,24.0,8.7,1510,1751,2245,1997,1509,1751,2245,1997,5726,446
1774802759,3,4519377.0,4270454.5,598779.9,555825.9,124674.1,123076.7,128110.2,220703.4,80532.6,51.9,27.5,3.3,261,24.0,8.8,1510,1751,2245,1997,1509,1751,2244,1997,5726,446
1774803057,3,4391634.0,4148077.2,584441.4,542516.5,122027.2,120739.3,126924.1,218755.2,80486.0,72.6,27.6,3.3,299,24.1,8.8,1510,1751,2246,1997,1509,1750,2245,1996,5724,446
1774803357,3,4297592.5,4056537.0,574920.2,533890.6,120512.0,119134.9,125980.8,217537.4,80441.4,93.4,27.6,3.3,303,24.1,8.9,1510,1751,2246,1998,1510,1751,2246,1997,5725,446
1774803659,3,4248326.5,4015295.0,568673.1,528043.7,119439.6,118213.6,125290.6,215936.9,80398.7,119.6,27.6,3.3,328,24.1,8.8,1510,1751,2246,1997,1509,1750,2245,1996,5723,446
1774803959,3,4186689.2,3966574.2,562798.2,521903.3,118688.5,116857.4,124322.7,215810.1,80357.7,139.3,27.6,3.4,342,24.1,8.9,1509,1751,2246,1997,1509,1750,2245,1996,5722,446
1774804257,3,4161789.8,3938056.0,559039.8,519533.7,118160.4,116688.8,123610.2,214336.4,80318.6,158.1,27.6,3.3,364,24.1,8.9,1510,1751,2246,1998,1509,1751,2245,1997,5725,446
1774804557,3,4117923.8,3894079.0,554699.9,515729.0,117069.5,116240.2,123337.2,213872.0,80281.3,175.8,27.6,3.4,379,24.1,8.9,1510,1751,2245,1997,1509,1750,2244,1996,5723,446
1774804859,3,4083656.2,3859778.2,552425.5,512464.8,116703.3,115404.3,122689.4,213273.0,80246.0,195.2,27.6,3.4,404,24.1,8.9,1510,1751,2246,1997,1509,1751,2245,1997,5725,446
1774805157,3,4057635.8,3832576.0,550333.4,509694.8,116401.0,115113.4,122248.9,212532.1,80212.0,220.3,27.6,3.4,417,24.1,8.9,1510,1751,2246,1997,1509,1750,2245,1996,5722,446
1774805457,3,4039768.8,3811940.8,546833.4,506206.4,115954.4,114632.5,122084.3,212015.2,80179.8,237.8,27.6,3.4,438,24.1,8.9,1509,1750,2244,1996,1509,1750,2244,1996,5723,446
1774805759,3,4019082.0,3790462.0,543308.7,503975.3,115374.6,113845.4,121869.2,211802.8,80149.5,257.4,27.6,3.4,476,24.1,8.9,1509,1751,2245,1997,1508,1750,2244,1996,5723,446
1774806059,3,3989022.0,3766530.0,540661.6,501892.0,114923.4,113616.6,121315.2,210449.0,80120.6,280.1,27.6,3.4,461,24.1,9.0,1509,1751,2245,1997,1509,1750,2245,1996,5723,446
1774806357,3,3968406.8,3742248.8,539260.7,499496.6,114546.9,113028.4,121277.3,210515.9,80093.1,300.0,27.6,3.4,507,24.1,9.0,1508,1750,2245,1996,1507,1748,2243,1995,5717,446
1774806657,3,3943768.2,3726155.8,536347.2,497970.9,114069.8,113065.6,120726.1,209876.2,80066.7,319.8,27.6,3.4,558,24.1,9.0,1508,1749,2244,1996,1507,1748,2243,1995,5718,445
1774806959,3,3926499.0,3711011.2,534599.4,495928.9,113810.2,112597.5,120346.0,209537.0,80041.6,341.9,27.6,3.4,546,24.1,9.0,1508,1750,2244,1996,1508,1749,2244,1995,5720,446
1774807257,3,3909417.2,3686972.0,533318.4,493925.0,113448.7,112260.7,120352.7,208554.5,80017.7,368.5,27.6,3.4,587,24.1,9.0,1509,1750,2245,1996,1508,1749,2243,1995,5720,446
1774807557,3,3889422.2,3664395.8,529761.6,491499.6,113062.3,111905.7,120111.8,208856.8,79994.7,387.4,27.6,3.4,615,24.1,9.0,1509,1750,2245,1996,1508,1750,2244,1996,5722,446
1774807859,3,3875369.0,3664768.0,529280.5,490052.8,113129.5,111458.4,119718.2,207852.6,79973.2,410.5,27.6,3.4,619,24.1,9.0,1509,1751,2245,1997,1508,1749,2244,1996,5722,446
1774808157,3,3860577.8,3636216.0,527785.1,488431.7,112868.9,111238.2,119387.7,207679.5,79952.2,424.7,27.6,3.4,657,24.1,9.0,1507,1749,2243,1996,1507,1748,2243,1995,5716,445
1774808457,3,3840982.8,3628158.2,525361.6,486830.4,112231.3,111055.5,119340.3,206681.9,79932.5,446.1,27.6,3.4,674,24.1,9.0,1507,1748,2243,1995,1507,1748,2243,1994,5716,445
1774808759,3,3824636.2,3610167.2,523676.3,485234.6,111847.7,110812.4,119192.5,206762.9,79914.0,469.0,27.6,3.4,681,24.1,9.0,1507,1749,2243,1995,1507,1749,2243,1995,5715,445
1774809057,3,3807219.8,3592880.0,521592.6,483169.9,111911.9,110686.4,118871.5,206502.3,79895.9,487.4,27.6,3.4,741,24.1,9.0,1508,1749,2244,1996,1507,1749,2243,1996,5718,446
1774809659,3,4862619.5,4609447.5,639571.0,593620.1,131014.1,128817.5,131436.3,224754.0,80608.1,31.4,27.5,3.2,252,24.0,8.7,1508,1750,2244,1996,1507,1749,2244,1995,5718,446
1774809959,3,4582303.5,4332714.5,607884.4,563026.0,125522.8,124312.2,128933.8,222054.0,80562.6,53.6,27.5,3.3,252,24.0,8.8,1509,1750,2245,1996,1508,1750,2244,1995,5719,446
1774810257,3,4435895.5,4209338.5,591408.6,549008.4,123123.7,121505.6,127466.8,219306.6,80517.7,76.6,27.6,3.3,275,24.0,8.8,1509,1750,2245,1996,1508,1750,2244,1996,5720,446
1774810557,3,4358530.0,4124010.2,582464.5,540022.8,121416.6,119945.6,126385.6,217905.7,80473.5,97.2,27.6,3.3,303,24.1,8.9,1509,1751,2245,1997,1508,1750,2244,1996,5721,446
1774810859,3,4296217.5,4059631.8,574713.5,532764.9,120304.9,118772.5,125422.2,216918.9,80431.1,117.1,27.6,3.3,324,24.1,8.9,1510,1751,2246,1997,1509,1751,2244,1996,5721,446
1774811157,3,4249354.5,4021515.8,569714.5,527900.8,119458.7,117935.2,125165.4,216262.1,80391.2,136.5,27.6,3.3,355,24.1,8.9,1510,1751,2245,1997,1508,1750,2244,1996,5722,446
1774811457,3,4202980.0,3971874.8,564934.5,524775.4,118635.4,117031.6,124385.2,214957.2,80352.3,158.3,27.6,3.4,388,24.1,8.9,1509,1751,2246,1997,1509,1750,2244,1996,5722,446
1774811759,3,4163863.8,3941477.8,562377.3,521002.4,118334.0,116649.8,123482.4,214059.0,80315.5,181.0,27.6,3.4,382,24.1,9.0,1510,1751,2245,1996,1509,1750,2245,1996,5723,446
1774812057,3,4129690.2,3903737.2,557387.8,516442.5,117353.9,115930.2,122843.1,213455.7,80280.7,205.4,27.6,3.4,374,24.1,9.0,1510,1750,2245,1996,1509,1750,2245,1996,5723,446
1774812357,3,4104342.0,3878162.2,553573.9,513575.8,116937.8,115524.3,122692.6,212436.1,80247.3,222.6,27.6,3.4,428,24.1,9.0,1510,1751,2245,1997,1509,1751,2245,1997,5724,446
1774812659,3,4071323.2,3850029.8,550991.8,509933.4,116349.1,114817.1,122242.2,212530.1,80215.5,243.9,27.6,3.4,433,24.1,9.0,1510,1751,2246,1997,1509,1750,2245,1996,5724,446
1774812957,3,4048082.2,3823929.0,548538.8,509087.4,115705.3,114516.9,121586.5,211536.7,80184.8,264.9,27.6,3.4,449,24.1,9.0,1510,1751,2245,1997,1509,1750,2245,1996,5722,446
1774813257,3,4011666.2,3791342.8,546079.2,505272.8,115371.7,114162.4,121667.8,210697.2,80155.4,281.6,27.7,3.4,456,24.1,9.0,1510,1751,2246,1997,1509,1751,2244,1997,5723,446
1774813559,3,3973228.0,3770314.2,541893.8,503425.4,115006.3,113658.7,121018.9,210535.5,80127.3,299.7,27.7,3.4,512,24.1,9.0,1510,1751,2245,1997,1509,1750,2244,1996,5722,446
1774813857,3,3960284.8,3742932.2,539173.2,500074.0,114777.7,113203.9,121028.5,209813.6,80100.4,318.5,27.7,3.4,557,24.2,9.0,1510,1751,2246,1997,1509,1750,2245,1996,5722,446
1774814157,3,3951388.0,3726625.2,538098.3,499277.9,114202.3,112882.9,120538.0,209570.9,80074.6,338.4,27.7,3.4,552,24.2,9.0,1509,1751,2245,1997,1509,1750,2244,1996,5723,446
1774814459,3,3934202.2,3712894.2,536928.6,498568.6,114041.6,112822.1,120338.2,209358.9,80050.3,363.4,27.7,3.4,567,24.2,9.0,1509,1751,2245,1997,1509,1750,2245,1996,5724,446
1774814757,3,3912292.0,3697427.8,533335.4,494554.9,113524.2,111982.8,120187.5,208795.3,80027.1,385.6,27.7,3.4,564,24.2,9.1,1510,1750,2244,1996,1509,1750,2244,1996,5723,446
1774815059,3,3905931.0,3684070.2,532619.6,492797.2,113079.9,111803.8,119636.3,208498.2,80004.8,401.1,27.7,3.4,630,24.2,9.1,1510,1751,2246,1998,1509,1750,2244,1996,5724,446
1774815357,3,3871095.2,3671598.8,529868.3,490577.5,113249.0,111587.8,119557.8,207341.2,79983.4,423.9,27.7,3.4,662,24.2,9.1,1510,1751,2245,1997,1509,1750,2243,1996,5723,446
1774815657,3,3862932.2,3646420.2,528708.4,489440.9,112834.3,111403.4,119234.3,207581.4,79962.8,443.1,27.7,3.4,675,24.2,9.1,1509,1750,2244,1996,1509,1750,2244,1996,5723,446
1774815959,3,3854146.8,3631621.8,526390.3,488378.2,112299.2,111023.9,119247.1,206893.2,79943.1,467.5,27.7,3.4,692,24.2,9.1,1509,1750,2244,1996,1509,1750,2243,1995,5720,446
1774816257,3,3828776.2,3621295.8,525357.4,486473.1,111956.2,110842.8,118883.2,206211.7,79924.0,488.6,27.7,3.4,733,24.2,9.1,1509,1750,2245,1997,1509,1750,2244,1996,5721,446
1774816859,3,4892194.5,4637678.5,643207.0,596878.2,131303.5,129213.7,131371.2,225099.1,80607.9,36.5,27.6,3.2,231,24.1,8.8,1509,1751,2245,1996,1509,1750,2245,1996,5722,446
1774817157,3,4622027.0,4355201.5,611755.5,566949.1,126059.5,124249.9,128945.6,221647.5,80561.7,62.7,27.6,3.2,287,24.1,8.8,1510,1751,2246,1997,1509,1750,2244,1996,5723,446
1774817457,3,4476563.0,4232453.5,596593.2,552902.4,123359.9,122179.5,127513.7,219633.6,80515.5,78.2,27.6,3.3,300,24.1,8.9,1509,1751,2245,1997,1509,1751,2244,1997,5724,446
1774817759,3,4382052.0,4149385.0,585843.8,542926.9,121792.1,120635.3,126232.9,218170.0,80470.8,103.5,27.7,3.3,316,24.1,8.9,1510,1751,2245,1997,1509,1751,2244,1996,5722,446
1774818057,3,4327151.5,4097753.0,579713.4,537512.0,120923.7,119262.5,125771.9,217027.3,80427.5,119.0,27.7,3.3,358,24.1,9.0,1510,1751,2246,1998,1509,1751,2245,1996,5723,446
1774818357,3,4271138.5,4038775.0,573969.3,531464.2,119829.0,118215.2,124917.0,216039.5,80385.5,137.8,27.7,3.4,308,24.2,8.9,1509,1751,2245,1997,1509,1750,2244,1996,5724,446
1774818659,3,4240713.5,4009928.0,569681.5,527810.7,119025.7,117768.7,123923.5,215479.6,80345.3,159.2,27.7,3.4,385,24.2,9.0,1509,1751,2245,1997,1509,1750,2244,1995,5722,446
1774818959,3,4205551.0,3978396.0,566018.1,524490.6,118191.4,117082.2,123414.4,214074.1,80306.6,178.8,27.7,3.4,357,24.2,9.0,1509,1750,2244,1997,1509,1750,2244,1996,5722,446
1774819257,3,4175456.8,3946688.0,562092.2,520344.8,118193.0,116462.7,122872.1,213789.2,80270.5,205.6,27.7,3.4,384,24.2,9.0,1509,1750,2244,1996,1508,1750,2244,1996,5723,446
1774819559,3,4143805.2,3915259.2,558380.8,517353.0,117304.7,116019.9,122702.1,212954.9,80234.7,224.0,27.7,3.4,412,24.2,9.0,1509,1751,2245,1996,1508,1750,2244,1995,5722,446
1774819859,3,4107251.2,3894218.2,555412.8,515665.0,116937.3,115452.2,122235.2,212542.1,80200.8,243.3,27.7,3.4,420,24.2,9.0,1509,1750,2244,1996,1509,1749,2244,1995,5722,446
1774820157,3,4072530.0,3854113.0,552309.7,513158.9,116522.3,114977.7,121806.5,212153.3,80168.8,264.3,27.7,3.4,447,24.2,9.0,1509,1750,2244,1996,1508,1749,2244,1995,5723,446
1774820459,3,4062543.8,3844850.0,551280.9,510158.1,116055.5,114455.9,121852.3,211204.2,80138.2,279.2,27.7,3.4,484,24.2,9.1,1509,1750,2245,1996,1508,1750,2244,1996,5722,446
1774820759,3,4037746.8,3817672.2,548034.8,508691.0,115894.9,113987.1,121465.8,211224.4,80109.1,299.2,27.7,3.4,482,24.2,9.0,1509,1750,2245,1996,1508,1750,2244,1995,5722,445
1774821057,3,4007870.2,3795243.2,545780.5,506935.1,115099.5,113782.7,121237.7,210263.1,80080.6,314.4,27.7,3.4,543,24.2,9.1,1509,1750,2245,1996,1508,1749,2243,1996,5722,446
1774821357,3,4000388.8,3786138.0,543211.2,504760.0,114910.8,113526.7,121239.1,210155.5,80054.5,337.4,27.7,3.4,530,24.2,9.1,1510,1751,2245,1997,1509,1751,2245,1996,5723,446
1774821659,3,3977406.2,3755931.8,541511.3,501529.5,114606.8,113407.0,120679.5,209742.1,80029.1,360.1,27.7,3.4,590,24.2,9.1,1507,1749,2244,1995,1507,1749,2243,1995,5719,445
1774821957,3,3953197.0,3743187.0,538016.1,499212.9,114323.7,112802.5,120197.2,209417.0,80004.7,380.5,27.7,3.4,594,24.2,9.1,1508,1750,2245,1996,1507,1749,2243,1995,5718,445
1774822257,3,3938635.8,3720883.0,536979.7,497395.1,113786.6,112152.1,120135.4,208970.4,79981.3,407.8,27.7,3.4,624,24.2,9.1,1509,1750,2245,1997,1508,1750,2244,1996,5722,446
1774822559,3,3923871.0,3706275.2,535260.8,497203.2,113632.1,112284.8,119752.2,208524.1,79958.5,430.2,27.7,3.4,616,24.2,9.1,1508,1749,2244,1996,1508,1749,2244,1995,5720,446
1774822857,3,3907286.2,3686579.2,533445.4,494313.8,113530.2,111625.4,119477.3,207760.6,79936.7,445.5,27.7,3.4,663,24.2,9.1,1508,1749,2244,1996,1507,1749,2243,1995,5719,446
1774823159,3,3889971.2,3672239.8,531508.5,493243.6,113024.1,111519.5,119140.0,207062.0,79915.6,465.3,27.7,3.4,727,24.2,9.1,1508,1750,2244,1995,1507,1749,2243,1995,5719,446
1774823457,3,3882539.0,3655706.0,529342.3,489892.3,112834.8,111351.8,119122.3,207830.6,79895.4,486.2,27.7,3.4,709,24.2,9.1,1508,1750,2244,1996,1508,1749,2243,1995,5720,446
1774824059,3,4949447.5,4682987.5,650882.0,603458.1,132008.9,130098.2,132135.3,226026.6,80561.6,43.1,27.6,3.2,231,24.1,8.8,1510,1751,2246,1997,1509,1751,2245,1997,5726,446
1774824357,3,4659837.5,4414707.5,616971.1,572846.8,126738.4,125067.7,129216.2,222944.1,80515.2,63.7,27.7,3.2,283,24.1,8.9,1510,1750,2245,1997,1509,1750,2244,1996,5724,446
1774824657,3,4521239.5,4279940.5,601654.1,556883.5,124337.5,122584.0,127647.4,220388.6,80469.1,83.5,27.7,3.3,291,24.2,8.9,1510,1750,2245,1997,1509,1750,2244,1996,5724,446
1774824959,3,4433981.5,4194029.2,591308.0,549066.1,122816.3,120946.9,126471.8,218864.0,80424.9,103.0,27.7,3.3,329,24.2,8.9,1509,1751,2245,1996,1509,1750,2244,1996,5723,446
1774825257,3,4376616.0,4137671.0,585175.7,541954.6,121361.4,119798.8,125916.5,217391.2,80381.6,125.3,27.7,3.3,315,24.2,8.9,1509,1751,2245,1997,1509,1750,2244,1996,5723,446
1774825557,3,4323315.0,4089529.0,578837.2,535863.3,120268.4,118777.4,125426.7,216460.8,80340.0,140.2,27.7,3.3,349,24.2,9.0,1509,1750,2245,1996,1509,1749,2244,1995,5723,446
1774825859,3,4284442.0,4051249.0,574620.2,532196.1,120008.6,118042.5,124806.5,215913.2,80300.5,157.9,27.7,3.3,351,24.2,9.0,1509,1750,2245,1996,1509,1750,2244,1996,5724,446
1774826157,3,4249336.5,4014134.8,570560.9,530538.4,119307.5,117607.5,123881.6,215121.9,80263.0,182.5,27.7,3.4,393,24.2,9.0,1510,1750,2245,1996,1509,1750,2244,1996,5725,446
1774826457,3,4216606.5,3986661.0,567676.6,526008.2,118485.7,116946.9,123469.3,214904.3,80227.1,199.6,27.7,3.4,400,24.2,9.0,1509,1750,2244,1996,1508,1749,2243,1995,5723,446
1774826759,3,4194119.2,3960189.0,564567.0,522195.5,118231.4,116487.8,123098.7,213893.8,80193.1,220.5,27.7,3.4,425,24.2,9.0,1509,1750,2244,1996,1509,1750,2244,1996,5724,445
1774827059,3,4158140.2,3930234.8,560245.5,519821.4,117495.3,116080.9,122775.5,213099.2,80161.1,244.3,27.7,3.4,421,24.2,9.0,1509,1750,2244,1996,1508,1749,2243,1995,5721,446
1774827357,3,4126657.2,3909139.0,557756.9,517318.3,117058.5,115413.6,122595.8,212310.3,80130.5,268.9,27.7,3.4,454,24.2,9.1,1509,1750,2244,1996,1508,1749,2243,1995,5721,446
1774827657,3,4099097.8,3890154.0,554237.4,515096.0,116512.5,115059.5,122054.5,211993.3,80101.0,283.8,27.7,3.4,458,24.2,9.1,1509,1750,2244,1996,1508,1750,2244,1996,5722,446
1774827959,3,4067577.0,3853513.2,551874.3,510220.8,116174.3,114697.2,121751.4,211581.0,80073.1,299.3,27.7,3.4,505,24.2,9.1,1508,1749,2244,1996,1508,1749,2243,1995,5721,445
1774828259,3,4059210.2,3831680.2,549628.6,508782.7,116099.4,114305.6,121451.1,211001.4,80046.4,319.4,27.8,3.4,521,24.2,9.1,1510,1751,2246,1997,1510,1751,2244,1996,5725,446
1774828557,3,4035906.8,3822014.0,548484.2,508285.1,115461.7,114071.0,121068.2,210262.4,80021.0,337.9,27.8,3.4,524,24.2,9.1,1510,1751,2245,1996,1508,1750,2243,1996,5721,446
1774828857,3,4008817.0,3785072.2,546168.9,506116.8,114932.9,113556.0,120662.8,209877.7,79996.7,361.3,27.8,3.4,575,24.3,9.1,1507,1749,2243,1995,1507,1748,2242,1994,5717,445
1774829157,3,3982545.8,3761340.8,542728.3,504147.1,114733.7,113155.4,120558.5,209385.2,79973.5,380.2,27.8,3.4,554,24.3,9.1,1509,1751,2245,1997,1508,1749,2244,1995,5719,446
1774829457,3,3971339.8,3746679.8,539648.7,500483.9,114185.7,112695.9,120056.7,208950.7,79951.8,398.5,27.8,3.5,623,24.3,9.1,1509,1751,2245,1997,1509,1750,2244,1996,5723,446
1774829757,3,3935465.0,3721652.2,538119.5,498940.1,113655.9,112418.9,120072.6,208340.4,79931.1,419.2,27.8,3.4,604,24.3,9.1,1510,1751,2245,1997,1509,1751,2245,1996,5725,446
1774830057,3,3916911.0,3698459.0,535042.8,496865.1,113484.2,112017.1,119392.7,207415.5,79911.5,439.1,27.8,3.4,643,24.3,9.2,1510,1751,2245,1997,1509,1751,2244,1996,5726,446
1774830357,3,3900320.0,3689630.8,533248.5,493793.0,113217.9,111413.5,119204.4,207077.9,79892.5,471.0,27.8,3.4,686,24.3,9.2,1509,1750,2245,1996,1509,1750,2244,1996,5725,446
1774830657,3,3884948.0,3669085.8,530565.0,492988.1,113041.3,111260.8,118929.3,206298.8,79875.3,486.9,27.8,3.4,696,24.3,9.2,1510,1751,2245,1997,1509,1750,2245,1996,5725,446
1774831257,3,4975222.5,4718149.5,654364.8,606519.9,132356.8,130198.4,131922.2,225702.4,80577.8,30.6,27.8,3.2,244,24.2,8.8,1509,1751,2244,1996,1508,1750,2243,1995,5724,446
1774831557,3,4678553.5,4421876.0,618884.3,574373.4,126915.6,124832.9,128878.4,221653.5,80532.7,51.2,27.8,3.2,277,24.3,8.9,1510,1751,2245,1997,1509,1750,2244,1996,5726,446
1774831859,3,4524034.5,4281580.0,601215.2,557723.2,123904.8,122437.2,127239.7,219503.1,80488.1,76.5,27.8,3.3,253,24.3,9.0,1510,1751,2246,1997,1509,1750,2245,1996,5726,446
1774832159,3,4427409.5,4198411.5,591392.6,547634.8,122498.2,120531.5,126445.6,218038.8,80444.5,95.5,27.9,3.3,291,24.4,9.0,1509,1751,2246,1997,1509,1750,2245,1996,5724,446
1774832459,3,4365264.5,4132738.8,584180.1,542542.8,121101.5,119265.7,125244.0,216562.0,80402.7,115.8,27.9,3.3,290,24.3,9.0,1510,1751,2245,1997,1509,1750,2244,1996,5724,446
1774832759,3,4303799.5,4072337.0,578641.8,535952.4,120242.2,118467.4,124114.7,215980.0,80362.3,137.3,27.9,3.3,343,24.4,9.1,1509,1751,2245,1996,1508,1751,2244,1996,5725,446
1774833059,3,4254646.5,4034848.2,572217.5,531321.2,119025.6,117641.7,123491.2,214865.1,80323.4,153.9,27.9,3.4,344,24.4,9.1,1510,1751,2245,1997,1508,1750,2244,1995,5723,446
1774833359,3,4210632.0,3992544.8,568235.1,526263.6,118639.6,116824.0,122844.0,213974.0,80287.1,168.5,27.9,3.4,361,24.4,9.1,1510,1751,2245,1996,1508,1750,2244,1996,5722,446
1774833659,3,4175658.2,3954861.8,564241.7,524590.3,117810.5,116070.3,122468.5,212981.8,80252.1,193.8,27.9,3.4,431,24.4,9.1,1509,1751,2245,1996,1509,1750,2244,1996,5723,446
1774833957,3,4132526.8,3915204.8,560134.0,518606.9,117003.4,115513.4,121878.4,211906.9,80218.4,215.6,28.0,3.4,437,24.4,9.1,1509,1750,2244,1996,1508,1749,2243,1995,5723,445
1774834257,3,4099043.8,3871164.0,555699.2,516464.9,116317.6,114977.2,121535.7,211477.9,80186.2,236.7,28.0,3.4,455,24.5,9.1,1509,1750,2244,1996,1508,1749,2244,1995,5724,446
1774834557,3,4073764.8,3861484.8,554122.9,513432.7,116179.6,114390.4,121138.0,210741.0,80155.7,261.6,28.0,3.4,459,24.5,9.1,1509,1751,2245,1996,1509,1750,2244,1995,5725,445
1774834857,3,4058624.2,3831770.8,550486.1,509492.5,115599.3,114096.3,120690.5,210075.0,80126.5,283.0,28.0,3.4,481,24.5,9.1,1509,1750,2245,1996,1508,1750,2243,1995,5723,446
1774835157,3,4023526.0,3798397.2,547302.6,506815.5,115080.2,113404.6,120175.6,209476.2,80098.6,297.6,28.0,3.4,503,24.5,9.2,1509,1751,2245,1996,1509,1751,2245,1996,5726,446
1774835457,3,3984668.0,3782559.2,543832.8,505058.3,114814.9,113095.8,120008.1,208394.8,80071.8,316.3,28.0,3.4,497,24.5,9.2,1509,1750,2245,1996,1509,1750,2244,1996,5724,446
1774835757,3,3973230.2,3754007.8,541753.8,502138.8,114175.5,112762.7,119495.2,208036.1,80046.3,341.4,28.0,3.4,533,24.5,9.2,1509,1750,2245,1996,1508,1750,2244,1996,5723,446
1774836057,3,3950215.2,3732173.2,540156.7,500701.0,113819.0,112318.9,119192.4,207668.4,80022.2,362.4,28.0,3.5,578,24.5,9.2,1509,1751,2246,1996,1508,1750,2244,1996,5722,446
1774836357,3,3924174.2,3710149.8,538026.3,498409.0,113341.0,111983.0,118914.7,207021.7,79999.4,386.8,28.0,3.4,591,24.5,9.2,1509,1750,2245,1996,1508,1750,2244,1996,5722,446
1774836657,3,3904665.8,3690367.2,534956.1,495798.6,112962.5,111481.9,118617.1,206329.9,79978.0,407.6,28.1,3.4,609,24.5,9.2,1509,1751,2245,1996,1509,1751,2245,1996,5724,446
1774836957,3,3882403.8,3674582.0,533519.5,493514.1,112738.1,111105.1,118375.1,205881.8,79956.7,430.8,28.1,3.4,634,24.6,9.3,1507,1749,2243,1995,1506,1747,2241,1994,5716,445
1774837257,3,3861438.2,3645722.8,529521.4,490694.1,112123.1,110724.8,117719.8,205387.6,79936.2,453.1,28.1,3.4,648,24.6,9.2,1507,1749,2244,1995,1506,1749,2242,1994,5716,445
1774837557,3,3838416.0,3635062.0,527192.2,490495.2,112004.6,110459.7,117914.9,204891.4,79916.6,473.1,28.1,3.5,689,24.6,9.2,1507,1749,2244,1995,1506,1748,2243,1994,5717,445
1774837857,3,3821470.8,3609299.8,526067.6,487628.9,111840.3,110166.4,117761.0,204343.9,79898.4,495.4,28.1,3.4,694,24.6,9.2,1507,1749,2244,1995,1506,1748,2243,1994,5718,445
1774838457,3,4876198.0,4621548.0,644249.7,598176.0,130888.7,128512.0,130213.7,223099.9,80578.1,43.8,28.0,3.2,245,24.5,8.9,1509,1750,2245,1995,1508,1750,2244,1995,5722,446
1774838757,3,4600119.5,4358226.0,612023.1,567833.6,125432.9,123637.7,127394.5,219691.3,80532.6,59.7,28.1,3.3,254,24.5,9.0,1509,1751,2245,1996,1508,1751,2245,1996,5724,446
1774839057,3,4442170.0,4214028.5,593800.8,552850.5,122678.9,120958.2,125884.4,217097.1,80488.0,86.5,28.1,3.3,277,24.6,9.0,1509,1751,2245,1996,1508,1750,2244,1996,5724,446
1774839357,3,4362323.5,4124618.2,585646.7,542878.7,121177.1,119284.3,124387.6,215559.0,80444.2,105.7,28.1,3.3,312,24.6,9.1,1508,1750,2245,1996,1508,1750,2244,1996,5724,445
1774839657,3,4288579.0,4067612.0,577979.2,535985.6,119869.9,118082.8,123436.3,214591.6,80402.5,123.8,28.1,3.3,331,24.6,9.1,1508,1750,2244,1996,1508,1750,2243,1996,5722,446
1774839957,3,4244126.5,4016945.8,573609.1,530781.6,118868.3,117166.3,122839.5,213367.1,80362.2,142.2,28.1,3.4,325,24.6,9.1,1509,1751,2245,1996,1508,1750,2244,1996,5723,446
1774840257,3,4195035.0,3964873.0,567444.2,525774.8,118000.5,116528.1,122132.9,212607.6,80323.9,162.0,28.1,3.4,378,24.6,9.2,1509,1751,2245,1996,1508,1750,2244,1996,5722,446
1774840557,3,4146638.2,3931647.0,562759.2,522071.0,117528.8,115759.0,121930.8,211865.9,80287.1,179.8,28.2,3.4,369,24.6,9.1,1509,1750,2245,1996,1509,1751,2245,1996,5726,446
1774840857,3,4127743.0,3906134.2,560305.9,518924.7,117046.9,115235.8,121213.8,210643.1,80252.1,204.7,28.2,3.4,384,24.6,9.2,1509,1751,2244,1996,1509,1751,2244,1996,5725,445
1774841157,3,4100589.2,3883526.2,556400.6,515860.2,116377.5,114922.6,120910.4,210047.8,80218.9,223.8,28.2,3.4,449,24.7,9.2,1509,1750,2244,1995,1509,1750,2244,1995,5725,446
1774841457,3,4066393.0,3836257.0,552963.2,512588.5,116031.0,114125.5,120651.7,209292.7,80187.2,239.9,28.2,3.4,421,24.7,9.2,1509,1751,2244,1996,1508,1750,2243,1995,5723,446
1774841757,3,4040478.2,3824496.8,551015.6,509852.1,115315.2,113433.0,119987.4,209126.1,80157.7,261.9,28.2,3.4,456,24.7,9.2,1509,1750,2244,1996,1508,1750,2243,1995,5723,446
1774842057,3,4014476.0,3791065.0,547247.5,507448.4,114968.9,113255.2,119527.8,207934.0,80129.1,281.7,28.2,3.4,507,24.7,9.2,1509,1751,2245,1996,1508,1750,2243,1996,5724,446
1774842357,3,3977317.0,3761374.2,544083.6,503780.2,114265.8,112685.6,119403.3,207340.7,80101.5,312.2,28.2,3.4,500,24.7,9.2,1509,1750,2244,1996,1508,1750,2243,1996,5725,446
1774842657,3,3956113.0,3740134.8,541367.2,501870.8,113789.6,112171.6,118935.3,207028.1,80076.1,335.8,28.2,3.4,532,24.7,9.3,1509,1750,2244,1996,1508,1750,2244,1995,5723,446
1774842957,3,3938269.2,3731587.0,538896.8,499476.8,113661.8,111898.5,118743.9,206383.1,80052.1,352.4,28.2,3.4,582,24.7,9.2,1509,1751,2244,1996,1508,1750,2244,1996,5723,446
1774843257,3,3900108.8,3697287.8,536485.1,496863.0,113085.4,111690.5,118366.9,205884.2,80029.2,372.2,28.2,3.4,535,24.7,9.3,1508,1750,2244,1996,1508,1750,2244,1994,5721,445
1774843557,3,3883470.0,3670076.8,533559.1,495161.9,112689.6,111055.3,118185.6,205747.1,80007.0,398.0,28.2,3.4,563,24.7,9.3,1509,1751,2245,1996,1508,1750,2244,1996,5724,446
1774843857,3,3865618.2,3654001.8,532973.2,492642.1,112354.8,110748.5,118073.1,204966.6,79985.8,414.1,28.3,3.5,595,24.7,9.3,1509,1751,2245,1996,1508,1750,2244,1995,5723,446
1774844157,3,3857499.2,3646479.8,530613.4,490832.5,112153.9,110570.4,117610.4,204969.8,79966.0,438.3,28.3,3.4,645,24.7,9.3,1509,1751,2245,1997,1508,1750,2245,1996,5724,446
1774844457,3,3839847.2,3633444.8,529330.7,489729.8,111909.3,110190.7,117429.1,204533.4,79948.3,460.1,28.3,3.5,671,24.8,9.3,1509,1751,2245,1996,1508,1750,2243,1995,5723,446
1774844757,3,3821812.8,3610990.0,525765.6,487730.7,111512.9,109956.6,117070.7,203544.2,79930.4,485.2,28.3,3.5,677,24.8,9.3,1506,1748,2242,1994,1506,1748,2241,1994,5715,445
1774845057,3,3788936.8,3588042.2,523424.9,484806.7,111241.2,109430.2,116889.8,203106.4,79913.5,495.9,28.3,3.5,717,24.8,9.3,1509,1751,2245,1996,1508,1750,2243,1995,5722,445
1774845657,3,4858216.0,4600598.0,644508.3,597746.2,130615.2,128087.7,129259.0,221687.5,80618.8,45.3,28.2,3.2,263,24.7,8.9,1509,1751,2245,1996,1508,1750,2244,1995,5722,445
1774845957,3,4581875.5,4336272.5,611096.6,565597.1,125200.4,123271.9,126964.5,218326.1,80574.3,65.4,28.2,3.3,269,24.7,9.0,1508,1750,2245,1996,1508,1750,2243,1995,5721,445
1774846257,3,4433753.5,4194061.8,594972.2,551420.6,122375.5,120562.0,124713.0,215973.9,80529.2,82.9,28.3,3.3,323,24.7,9.1,1509,1751,2245,1996,1508,1750,2244,1995,5721,446
1774846557,3,4339301.5,4113160.8,584093.6,541644.3,120884.7,118835.2,123567.8,214791.9,80486.4,104.4,28.3,3.4,335,24.8,9.1,1509,1751,2245,1996,1508,1750,2244,1995,5722,446
1774846857,3,4280914.0,4051644.8,578209.4,534611.7,119375.4,117770.5,122866.1,213543.3,80445.3,126.2,28.3,3.4,338,24.8,9.2,1509,1751,2246,1997,1508,1751,2244,1995,5724,445
1774847157,3,4225831.5,3999392.8,571000.8,528970.8,118732.8,116841.5,121966.5,212447.8,80405.4,147.1,28.3,3.4,331,24.8,9.2,1509,1751,2245,1996,1508,1750,2243,1996,5724,446
1774847459,3,4193907.8,3967876.2,568694.6,525456.8,117883.0,116100.9,121417.8,211297.7,80366.6,165.9,28.3,3.4,349,24.8,9.2,1510,1752,2245,1996,1509,1751,2244,1995,5726,446
1774847759,3,4133328.8,3919895.8,562330.8,520148.0,117150.6,115422.9,121100.1,210551.0,80329.5,183.6,28.3,3.4,364,24.8,9.2,1509,1751,2244,1996,1508,1750,2244,1995,5724,446
1774848059,3,4110689.8,3892124.2,558214.4,516883.0,116575.8,114637.3,120882.0,209885.8,80293.6,203.4,28.3,3.4,400,24.8,9.2,1508,1750,2244,1995,1508,1750,2243,1995,5723,446
1774848359,3,4078043.0,3858846.0,555185.7,513668.7,116005.7,114261.5,120069.9,209138.2,80260.3,228.4,28.3,3.4,415,24.8,9.2,1509,1751,2245,1996,1508,1751,2244,1996,5724,446
1774848659,3,4053974.0,3833179.0,552718.5,511155.5,115426.3,113964.9,119612.7,208580.9,80228.1,246.2,28.3,3.4,451,24.8,9.3,1508,1750,2245,1996,1508,1750,2244,1996,5723,446
1774848959,3,4027000.8,3802648.2,550023.3,508786.8,114923.8,113285.5,119501.1,207746.5,80196.9,263.0,28.3,3.4,476,24.8,9.3,1509,1750,2244,1996,1508,1750,2244,1995,5723,446
1774849259,3,3997283.2,3783221.8,547005.0,506118.5,114631.8,112783.6,119083.1,207595.5,80168.2,287.5,28.4,3.4,493,24.8,9.3,1509,1750,2244,1996,1508,1749,2243,1994,5720,445
1774849557,3,3973483.0,3757122.8,545023.3,503656.2,114082.4,112301.9,118687.6,206811.4,80140.0,309.1,28.4,3.4,489,24.8,9.3,1509,1750,2244,1995,1508,1749,2243,1994,5722,446
1774849857,3,3954994.2,3741946.8,542583.9,501425.3,113822.0,112034.6,118542.0,205947.0,80113.2,332.8,28.4,3.4,527,24.8,9.3,1509,1750,2244,1996,1508,1750,2244,1995,5724,446
1774850157,3,3935691.0,3718633.2,538930.5,498424.2,113402.0,111629.3,118107.7,205465.8,80087.5,357.9,28.4,3.4,539,24.9,9.3,1509,1750,2244,1996,1508,1750,2242,1995,5724,445
1774850457,3,3901136.0,3685451.2,536063.8,496382.2,113122.5,111337.0,117804.3,205704.7,80062.6,380.2,28.4,3.4,544,24.8,9.3,1509,1750,2244,1995,1508,1750,2243,1995,5725,446
1774850757,3,3899122.2,3683672.0,536564.3,495791.9,112912.4,111178.0,117852.8,205375.4,80039.1,403.6,28.4,3.5,602,24.9,9.3,1509,1751,2245,1996,1508,1750,2243,1995,5724,446
1774851057,3,3863315.2,3659919.2,532634.1,492879.5,112413.6,110874.3,117440.9,204465.3,80016.4,424.9,28.4,3.5,640,24.9,9.3,1509,1751,2244,1995,1507,1750,2243,1994,5723,445
1774851359,3,3846898.2,3645624.0,531998.1,491107.5,112102.1,110418.5,117223.2,204165.8,79995.2,440.7,28.4,3.4,627,24.8,9.3,1509,1751,2245,1996,1508,1750,2244,1996,5725,446
1774851659,3,3840394.8,3629559.8,529312.8,489932.9,111869.4,110336.1,117249.7,203553.4,79975.2,464.9,28.4,3.5,673,24.9,9.4,1509,1750,2244,1996,1508,1750,2244,1995,5724,446
1774851959,3,3819138.8,3613457.2,527536.1,487924.6,111595.8,109975.9,116948.7,203378.5,79955.8,489.0,28.4,3.5,717,24.8,9.3,1508,1750,2244,1996,1508,1749,2243,1995,5722,446
1774852259,3,3815126.2,3602854.2,526234.9,486406.8,111294.7,109808.9,116792.3,202994.1,79938.0,510.9,28.4,3.5,730,24.9,9.4,1507,1749,2242,1995,1507,1748,2242,1994,5719,445
1774852857,3,4906185.5,4642214.5,649673.0,601601.7,131151.5,128545.2,129726.4,222068.1,80639.2,42.9,28.2,3.2,270,24.7,9.0,1510,1751,2245,1998,1509,1750,2244,1997,5724,446
1774853157,3,4601233.5,4372771.5,615483.4,570507.9,125606.6,123425.7,126806.4,218849.4,80593.6,65.1,28.3,3.2,251,24.8,9.1,1509,1751,2245,1997,1508,1750,2244,1996,5723,445
1774853457,3,4471514.5,4242699.0,599613.4,555443.8,122614.8,120922.6,125326.2,216935.5,80547.5,84.5,28.3,3.3,285,24.8,9.1,1509,1751,2245,1996,1509,1750,2244,1996,5724,445
1774853757,3,4383368.5,4156016.8,589762.5,546377.8,121473.2,119500.4,124264.9,214884.4,80503.4,106.1,28.3,3.3,259,24.8,9.2,1509,1751,2245,1996,1508,1750,2244,1996,5723,446
1774854057,3,4326476.0,4092046.0,583042.0,539515.4,120054.6,118307.6,123114.6,213655.8,80462.1,128.2,28.3,3.3,314,24.8,9.2,1509,1751,2245,1997,1509,1750,2244,1996,5725,446
1774854357,3,4263057.5,4038773.8,576843.8,534786.9,119433.4,117403.2,122397.2,212728.8,80421.6,144.9,28.3,3.4,334,24.8,9.3,1510,1751,2245,1997,1509,1750,2244,1996,5725,446
1774854657,3,4229534.0,4001578.2,571492.9,530552.2,118611.8,116543.2,121843.6,211743.2,80382.5,161.7,28.3,3.4,360,24.8,9.2,1509,1751,2245,1996,1508,1750,2243,1995,5724,446
1774854957,3,4191261.0,3965834.2,569196.2,525453.1,118072.2,116169.6,121738.0,211618.7,80345.7,191.4,28.3,3.4,411,24.8,9.2,1509,1750,2245,1996,1508,1750,2244,1995,5726,446
1774855257,3,4167032.0,3947506.2,565288.5,523092.9,117328.7,115732.3,121348.6,210767.3,80310.6,203.7,28.3,3.4,409,24.8,9.3,1509,1750,2244,1996,1508,1750,2243,1995,5724,445
1774855557,3,4120396.2,3904271.0,560892.6,519553.1,116926.9,115133.9,120652.1,210175.5,80277.2,221.9,28.3,3.4,425,24.8,9.3,1509,1750,2244,1997,1508,1750,2244,1995,5725,446
1774855857,3,4103455.8,3880482.2,558211.8,515996.0,116450.5,114637.3,120221.1,208905.0,80244.4,244.2,28.3,3.4,459,24.8,9.3,1509,1750,2244,1996,1507,1749,2243,1994,5721,446
1774856157,3,4071809.0,3863160.2,555840.4,514366.1,116054.5,114133.2,119876.0,208752.3,80213.7,261.8,28.4,3.4,483,24.8,9.3,1508,1750,2245,1995,1508,1749,2244,1995,5722,445
1774856457,3,4062752.0,3844680.8,554212.9,513617.5,115511.9,113913.0,119742.4,208097.9,80184.6,283.5,28.3,3.4,472,24.8,9.3,1508,1750,2244,1996,1507,1749,2243,1995,5721,445
1774856757,3,4026155.2,3807009.2,550093.0,509071.7,115065.5,113176.4,119301.4,208001.2,80156.6,303.0,28.4,3.4,498,24.8,9.3,1508,1750,2244,1996,1507,1750,2244,1995,5722,446
1774857057,3,4016597.8,3800246.2,549502.2,508844.7,114933.5,112897.3,119198.4,207270.5,80129.7,322.5,28.4,3.4,534,24.8,9.3,1509,1751,2244,1996,1508,1750,2243,1996,5722,446
1774857357,3,3989265.0,3779150.0,547735.7,506195.9,114500.5,112704.6,118950.1,207329.4,80104.4,342.7,28.4,3.4,556,24.8,9.3,1509,1751,2245,1997,1508,1750,2244,1996,5724,446
1774857659,3,3975485.2,3759559.0,544607.7,503072.7,114006.5,112330.7,118739.3,206368.9,80079.7,370.4,28.3,3.5,584,24.8,9.4,1509,1751,2244,1996,1508,1750,2243,1996,5723,446
1774857959,3,3950732.2,3738913.8,542804.3,501831.8,113953.7,111979.3,118392.8,205962.7,80056.9,388.8,28.3,3.5,600,24.9,9.4,1508,1750,2244,1996,1508,1749,2243,1995,5723,446
1774858259,3,3937150.0,3729776.2,542006.9,501055.0,113534.0,111697.2,118230.4,205580.8,80035.1,403.3,28.4,3.5,623,24.8,9.4,1510,1751,2245,1997,1508,1750,2244,1996,5724,446
1774858559,3,3912100.0,3705187.0,538476.4,498024.7,113046.8,111278.2,117874.3,205868.9,80014.4,428.9,28.4,3.4,655,24.8,9.4,1509,1751,2245,1997,1508,1750,2244,1996,5724,446
1774858859,3,3894625.2,3689159.2,536324.2,496859.6,113048.8,111078.7,117948.6,205013.6,79994.3,452.7,28.4,3.4,694,24.9,9.4,1509,1751,2245,1997,1508,1750,2243,1995,5723,446
1774859159,3,3890294.8,3671252.8,534220.5,494430.7,112586.0,110887.2,117985.2,204577.9,79974.7,480.5,28.4,3.5,669,24.8,9.4,1510,1751,2245,1997,1508,1751,2244,1996,5725,446
1774859459,3,3868394.0,3655409.2,533000.8,493077.9,112460.0,110613.6,117466.6,204518.6,79956.7,497.0,28.4,3.5,712,24.8,9.4,1509,1750,2244,1996,1507,1750,2243,1995,5723,446
1774860057,3,4917594.0,4658774.0,651871.6,601651.8,130709.9,127871.0,129398.8,221743.8,80662.1,36.4,28.2,3.2,277,24.7,9.0,1507,1749,2243,1995,1506,1749,2243,1995,5719,445
1774860357,3,4623357.5,4374890.0,615669.4,570920.2,125456.8,122707.9,126276.2,218362.7,80616.6,59.2,28.3,3.3,277,24.7,9.1,1507,1749,2244,1995,1507,1749,2242,1994,5718,445
1774860657,3,4470721.5,4245907.5,600373.4,555914.3,122822.7,120614.4,124582.0,215829.4,80570.6,81.1,28.3,3.3,257,24.8,9.2,1508,1750,2243,1995,1507,1749,2242,1994,5718,445
1774860957,3,4385987.5,4152523.2,591042.8,546055.1,121012.1,119110.9,123653.6,214027.4,80526.8,96.3,28.3,3.3,308,24.8,9.2,1508,1750,2244,1996,1507,1750,2243,1995,5721,445
1774861257,3,4340084.0,4100813.8,583237.6,539969.6,120168.3,117974.5,122889.8,213041.2,80484.5,120.0,28.3,3.4,316,24.8,9.3,1507,1749,2243,1995,1506,1748,2242,1994,5717,445
1774861557,3,4278050.0,4053023.0,579146.2,535100.6,119073.8,117042.8,122361.4,212055.8,80444.3,138.0,28.3,3.4,322,24.8,9.3,1508,1750,2244,1996,1507,1749,2242,1995,5720,445
1774861857,3,4238923.0,4019541.2,574697.6,531054.4,118459.2,116315.3,121852.9,211051.7,80404.9,161.4,28.3,3.4,355,24.8,9.3,1508,1750,2243,1995,1507,1749,2242,1994,5719,446
1774862157,3,4204694.0,3983512.0,570863.8,527283.8,117819.4,115846.4,121221.0,211036.1,80367.4,181.7,28.3,3.4,363,24.8,9.3,1506,1748,2242,1994,1505,1746,2240,1993,5713,445
1774862457,3,4167096.2,3951026.2,566335.9,523277.0,117200.9,115029.1,120978.4,210314.0,80331.8,196.3,28.3,3.4,392,24.8,9.3,1505,1748,2242,1994,1505,1747,2241,1993,5712,445
1774862757,3,4153000.0,3927955.2,563929.5,520181.0,116595.6,114539.6,120439.6,209462.5,80298.0,223.9,28.3,3.4,433,24.8,9.3,1508,1750,2243,1996,1507,1749,2242,1995,5721,446
1774863057,3,4117361.8,3896067.0,561493.2,517956.1,116372.2,114093.8,120337.8,208673.2,80266.2,242.5,28.3,3.4,426,24.8,9.4,1508,1750,2244,1995,1507,1749,2242,1994,5719,445
1774863357,3,4096500.8,3873175.2,558671.2,516193.5,116125.8,114123.2,119773.7,208438.9,80235.4,260.5,28.3,3.4,433,24.8,9.4,1507,1750,2243,1995,1507,1749,2242,1995,5719,446
1774863657,3,4079258.2,3859489.2,555716.1,513848.4,115664.1,113611.9,119471.9,207991.8,80205.6,269.5,28.3,3.4,476,24.8,9.4,1507,1749,2243,1995,1507,1749,2242,1994,5718,445
1774863957,3,4045902.8,3823190.2,552794.8,510757.6,115041.0,113179.0,119059.0,206863.8,80178.7,288.2,28.3,3.4,512,24.8,9.4,1508,1750,2244,1996,1507,1750,2243,1996,5720,445
1774864257,3,4016433.2,3803368.8,550358.4,508587.5,114848.6,112720.0,119039.6,206513.4,80152.5,311.8,28.3,3.4,506,24.8,9.4,1508,1750,2244,1995,1507,1750,2243,1996,5721,445
1774864557,3,4009315.0,3787460.0,546797.0,506521.1,114256.4,112166.8,118615.7,206673.4,80126.2,335.9,28.3,3.5,581,24.8,9.4,1508,1750,2244,1996,1507,1749,2242,1995,5718,445
1774864857,3,3988535.8,3769730.0,546891.3,505981.5,114248.0,111908.6,118392.6,205769.5,80101.6,355.9,28.3,3.4,549,24.8,9.4,1508,1750,2243,1996,1508,1750,2243,1995,5720,445
1774865159,3,3971913.0,3759661.2,543959.4,502358.8,113676.7,111836.7,118468.4,205815.6,80078.2,378.4,28.3,3.5,582,24.8,9.4,1508,1750,2244,1995,1507,1749,2242,1995,5720,445
1774865457,3,3956170.8,3738186.0,542428.0,500653.2,113535.2,111670.4,118248.4,205045.5,80055.7,403.5,28.3,3.5,610,24.8,9.4,1508,1750,2244,1995,1508,1749,2243,1995,5721,446
1774865757,3,3924586.2,3717314.2,539689.8,498599.3,113080.0,111109.2,117652.8,204813.3,80034.6,419.2,28.3,3.4,614,24.8,9.4,1506,1748,2242,1994,1505,1748,2241,1994,5715,445
1774866059,3,3913760.0,3701737.2,538249.8,497273.3,112941.2,110881.1,117557.6,204561.0,80013.7,438.5,28.3,3.5,665,24.8,9.4,1507,1749,2244,1995,1506,1748,2242,1994,5716,445
1774866359,3,3889952.2,3684686.2,535580.9,495440.9,112317.1,110596.4,117381.6,204183.6,79993.9,461.2,28.4,3.5,649,24.8,9.5,1506,1749,2242,1995,1506,1748,2241,1994,5716,445
1774866657,3,3881579.2,3671303.2,535129.9,494103.7,112286.8,110420.1,117259.2,204136.6,79975.2,480.0,28.3,3.5,709,24.8,9.4,1506,1749,2242,1995,1506,1748,2241,1994,5716,445
1774867259,3,5006720.0,4753374.0,664213.4,614113.0,132953.3,130302.0,130897.8,223745.5,80669.4,29.7,28.2,3.2,237,24.7,9.1,1509,1750,2244,1996,1508,1750,2244,1996,5724,446
1774867559,3,4735674.0,4496914.0,631799.0,583425.8,127721.1,125325.4,127979.9,220260.4,80622.7,49.2,28.3,3.3,254,24.7,9.2,1509,1750,2244,1996,1508,1749,2243,1995,5723,446
1774867857,3,4601592.0,4361988.5,614350.9,568241.7,125129.2,122896.1,126663.7,218363.5,80576.9,70.9,28.3,3.3,288,24.8,9.2,1509,1750,2244,1996,1508,1749,2243,1995,5722,446
1774868157,3,4508092.0,4280983.5,605616.1,559291.4,123437.1,121377.8,125734.4,216883.9,80532.0,95.4,28.3,3.3,280,24.8,9.3,1508,1749,2243,1995,1507,1749,2243,1994,5719,445
1774868459,3,4446137.5,4213940.5,597569.7,552265.8,122234.9,120246.4,124261.4,216359.6,80489.4,109.2,28.3,3.4,320,24.8,9.3,1508,1750,2244,1995,1507,1749,2242,1995,5718,445
1774868759,3,4405320.5,4162383.8,592152.6,548150.3,121324.5,119387.9,123621.9,214601.3,80449.2,126.5,28.3,3.4,333,24.8,9.3,1508,1750,2244,1995,1507,1749,2243,1995,5719,445
1774869057,3,4346952.5,4118639.2,585907.3,542640.0,120489.6,118244.1,123127.7,214068.6,80410.1,148.7,28.3,3.4,350,24.8,9.3,1507,1749,2242,1994,1507,1749,2242,1994,5715,445
1774869357,3,4310919.5,4091364.2,583084.5,539883.2,119805.3,117888.2,122569.2,213103.7,80373.1,171.1,28.3,3.4,346,24.8,9.3,1507,1749,2242,1995,1507,1749,2242,1994,5719,445
1774869659,3,4277782.5,4056469.2,579033.1,535418.3,119180.4,117079.0,122211.8,212442.0,80337.6,194.9,28.3,3.4,390,24.8,9.3,1508,1749,2242,1995,1507,1749,2242,1995,5720,445
1774869957,3,4242822.0,4028799.0,576045.8,531337.7,118627.5,116664.5,121710.5,212089.1,80303.5,214.7,28.3,3.4,426,24.8,9.4,1508,1749,2242,1995,1507,1749,2241,1994,5719,445
1774870257,3,4225507.5,4003748.2,572688.2,529814.0,118424.1,116161.8,121574.3,211418.7,80271.1,235.3,28.3,3.4,400,24.8,9.4,1507,1749,2243,1995,1506,1749,2241,1994,5719,445
1774870559,3,4184364.2,3968757.8,569509.8,526507.1,117726.2,115741.3,121252.0,210786.4,80240.3,254.1,28.3,3.4,425,24.8,9.4,1508,1749,2243,1995,1507,1749,2243,1995,5720,445
1774870857,3,4176115.8,3948772.2,567326.1,524259.2,117297.7,115305.8,120844.3,210125.4,80211.5,273.4,28.3,3.4,488,24.8,9.4,1507,1749,2242,1995,1506,1749,2242,1994,5719,445
1774871157,3,4146059.8,3922167.8,564084.3,521783.1,116885.6,114692.7,120553.8,209826.4,80184.1,291.2,28.3,3.4,470,24.8,9.4,1507,1749,2244,1995,1507,1748,2243,1995,5719,445
1774871459,3,4131715.0,3905531.0,562562.4,519718.5,116459.2,114663.1,120073.7,209229.9,80157.5,315.7,28.4,3.4,497,24.8,9.5,1507,1749,2243,1994,1507,1748,2241,1994,5718,445
1774871757,3,4104811.0,3882908.2,560455.4,517624.1,116245.0,114247.7,119824.6,208229.2,80131.7,330.8,28.4,3.5,529,24.8,9.4,1508,1750,2244,1996,1508,1750,2242,1995,5720,446
1774872057,3,4076592.0,3863958.0,557204.1,514944.2,115850.0,113789.7,119686.6,208616.9,80107.3,348.3,28.3,3.4,561,24.8,9.4,1509,1750,2244,1996,1508,1750,2243,1996,5721,445
1774872357,3,4072704.8,3862496.0,557439.6,514992.1,115481.2,113739.8,119312.8,207518.7,80083.6,372.9,28.4,3.5,582,24.8,9.4,1508,1750,2243,1995,1507,1749,2242,1994,5719,445
1774872657,3,4040068.0,3829872.0,552759.1,511023.4,115033.1,113096.8,119274.2,207111.1,80061.5,389.4,28.4,3.5,614,24.9,9.4,1506,1748,2242,1994,1506,1747,2241,1993,5715,445
1774872957,3,4027466.8,3810346.8,551799.7,509750.4,114895.2,112936.8,118830.4,206847.9,80040.4,411.2,28.4,3.5,616,24.9,9.4,1507,1749,2243,1994,1506,1748,2242,1994,5717,445
1774873257,3,4012680.0,3800117.2,550061.2,507821.3,114653.1,112593.2,118738.7,206483.8,80019.7,436.0,28.4,3.5,644,24.9,9.5,1506,1748,2242,1995,1506,1748,2242,1993,5716,445
1774873557,3,3990671.0,3777613.2,548686.2,505720.9,114209.8,112392.5,118504.9,206543.4,80000.0,455.6,28.4,3.5,689,24.9,9.4,1507,1749,2243,1995,1506,1748,2241,1994,5716,445
1774873857,3,3983800.2,3769876.8,548242.2,505702.2,114325.2,112151.2,118520.4,206096.4,79981.0,471.9,28.4,3.5,714,24.8,9.5,1507,1748,2242,1994,1506,1748,2241,1994,5715,445
1774874457,3,5101808.5,4846630.0,672115.4,622835.0,134152.3,131424.1,131291.2,225222.4,80685.4,32.2,28.3,3.2,239,24.7,9.1,1507,1749,2243,1995,1507,1749,2242,1994,5717,445
1774874757,3,4816060.0,4567212.5,638649.2,590169.7,128612.0,126311.6,128527.5,221372.0,80639.6,53.2,28.3,3.3,220,24.8,9.2,1507,1749,2242,1995,1506,1748,2241,1994,5716,445
1774875059,3,4652484.5,4420952.0,621112.9,574160.3,125939.8,123469.4,127059.8,219271.3,80595.1,74.1,28.3,3.3,287,24.8,9.3,1507,1750,2243,1995,1506,1749,2241,1994,5716,445
1774875359,3,4566579.5,4337048.5,611963.2,564838.4,124153.1,121987.5,125911.6,217595.1,80551.3,96.5,28.4,3.3,328,24.8,9.3,1507,1750,2243,1995,1507,1749,2241,1994,5718,445
1774875659,3,4500048.5,4279950.0,604355.2,558984.1,123102.3,120820.8,124560.8,217035.2,80509.2,116.7,28.4,3.3,294,24.9,9.3,1507,1748,2242,1994,1506,1748,2241,1993,5717,445
1774875959,3,4430450.0,4205435.5,596981.4,551976.3,121989.4,120041.4,123973.3,215324.4,80468.7,134.7,28.4,3.4,365,24.9,9.4,1507,1749,2242,1995,1506,1748,2242,1994,5717,445
1774876259,3,4385764.5,4153278.8,592481.2,547669.2,121244.5,119052.9,123506.8,214282.8,80429.5,157.3,28.4,3.3,364,24.9,9.4,1507,1749,2242,1994,1506,1747,2241,1993,5716,445
1774876559,3,4354434.0,4130159.0,587285.8,543395.6,120656.0,118336.7,122623.8,213780.5,80392.2,176.5,28.4,3.4,365,24.9,9.4,1506,1748,2241,1994,1505,1747,2241,1993,5715,445
1774876859,3,4320752.0,4095250.0,583963.2,540573.2,119854.0,117587.4,122531.3,213358.9,80356.7,197.5,28.4,3.4,415,24.9,9.4,1506,1748,2242,1994,1505,1747,2241,1994,5716,445
1774877157,3,4284706.0,4053686.2,579722.8,536971.6,119102.9,116859.0,121845.7,212407.1,80322.9,215.1,28.4,3.4,396,24.9,9.4,1506,1748,2242,1994,1505,1747,2240,1993,5715,445
1774877457,3,4264146.5,4026458.2,576807.7,533563.7,118669.7,116506.4,121502.4,211971.8,80289.8,237.2,28.4,3.4,415,24.9,9.4,1506,1748,2241,1994,1505,1747,2240,1993,5713,445
1774877757,3,4229748.5,3994184.0,572800.7,528681.6,117831.3,116103.6,121097.6,211615.7,80258.7,258.5,28.4,3.4,441,24.9,9.4,1507,1749,2242,1994,1506,1748,2242,1994,5716,445
1774878057,3,4201384.5,3982184.0,571399.6,527633.1,117947.6,115696.4,120933.7,210626.1,80229.3,277.9,28.4,3.4,464,24.9,9.5,1507,1749,2243,1995,1507,1749,2241,1995,5717,445
1774878357,3,4175809.2,3953649.2,568570.6,525032.4,117254.6,115409.5,120462.6,209566.4,80201.1,296.4,28.4,3.4,504,24.9,9.5,1507,1749,2243,1995,1507,1749,2242,1994,5717,445
1774878657,3,4135790.8,3910246.0,564709.8,521152.0,116940.8,114776.4,120076.1,209801.1,80174.4,317.2,28.5,3.4,500,24.9,9.5,1507,1749,2243,1994,1507,1749,2242,1994,5718,445
1774878957,3,4124272.0,3900660.0,562752.4,519335.5,116186.1,114298.8,119739.0,209252.0,80148.8,340.2,28.4,3.5,531,25.0,9.5,1507,1750,2243,1995,1507,1749,2243,1994,5719,446
1774879257,3,4084951.0,3869538.0,559239.3,517151.8,116012.0,113927.8,119515.8,208623.0,80124.6,355.1,28.5,3.4,562,25.0,9.5,1507,1750,2243,1995,1507,1749,2242,1994,5719,445
1774879558,3,4089415.2,3866630.0,558748.6,515618.7,115787.2,113759.5,119388.9,207364.4,80100.6,378.7,28.5,3.4,578,25.0,9.5,1507,1749,2243,1995,1507,1749,2242,1994,5718,445
1774879857,3,4053547.0,3838146.0,554886.4,511954.0,115233.8,113180.2,118909.2,208132.5,80078.3,401.2,28.5,3.5,636,25.0,9.5,1508,1749,2244,1995,1507,1749,2242,1994,5718,445
1774880159,3,4046159.8,3828015.8,553789.8,511995.5,115083.6,113100.2,119106.8,207754.8,80056.2,421.8,28.5,3.4,607,25.0,9.5,1507,1749,2243,1995,1507,1749,2242,1994,5720,446
1774880459,3,4026746.8,3810972.8,552635.9,510194.6,114757.3,112693.2,118697.9,207194.2,80035.8,445.3,28.5,3.5,647,24.9,9.5,1507,1749,2242,1994,1506,1748,2241,1994,5718,445
1774880759,3,4019761.2,3806379.8,550864.8,508679.2,114590.8,112498.7,118382.2,206973.1,80015.8,468.9,28.5,3.5,678,25.0,9.5,1507,1749,2242,1995,1506,1748,2241,1994,5717,445
1774881057,3,3992655.8,3768864.0,547190.0,505894.9,114117.1,112185.0,118120.7,205772.2,79996.7,486.5,28.5,3.4,680,25.0,9.6,1507,1750,2243,1995,1506,1749,2242,1994,5720,445
1774881659,3,5134511.5,4872766.5,677327.0,626266.1,134527.6,131706.6,131198.2,225074.4,80686.2,38.5,28.4,3.2,218,24.8,9.2,1507,1749,2242,1994,1506,1748,2242,1993,5716,445
1774881957,3,4829106.0,4578560.0,641748.6,594280.5,129131.8,126561.6,128190.9,221089.8,80640.4,56.6,28.4,3.3,254,24.9,9.3,1507,1750,2243,1995,1506,1749,2242,1994,5717,445
1774882257,3,4674671.5,4432709.5,623786.9,576020.2,125940.1,123774.7,126841.6,219412.0,80594.7,74.3,28.4,3.3,263,24.9,9.3,1507,1749,2242,1994,1507,1748,2242,1994,5718,445
1774882559,3,4585802.5,4347410.5,612761.5,567122.6,124520.7,121987.6,125874.8,217317.6,80550.3,95.2,28.4,3.3,277,24.9,9.4,1507,1749,2242,1995,1506,1748,2241,1994,5716,445
1774882857,3,4519366.0,4292858.5,608490.2,561333.8,123371.0,121149.6,124608.2,216880.8,80507.4,109.2,28.4,3.4,334,24.9,9.4,1507,1749,2242,1995,1506,1748,2241,1993,5716,445
1774883159,3,4480103.5,4241608.0,602820.3,556443.8,122447.2,120299.0,124062.3,215533.2,80466.7,132.2,28.5,3.4,343,24.9,9.4,1507,1749,2243,1995,1506,1748,2241,1993,5716,445
1774883459,3,4411466.5,4187067.8,596064.2,548924.2,121614.6,119425.3,123333.7,214776.1,80427.3,148.0,28.5,3.4,338,24.9,9.4,1507,1749,2242,1994,1506,1749,2242,1994,5719,445
1774883757,3,4388460.5,4163508.2,592386.2,547719.9,120921.9,118870.4,122853.1,214014.2,80389.8,171.3,28.5,3.4,346,24.9,9.5,1506,1749,2242,1994,1506,1748,2241,1994,5717,445
1774884059,3,4346584.0,4123687.8,587543.9,543061.2,120238.3,118101.8,122685.8,213399.2,80354.0,191.6,28.5,3.4,403,24.9,9.5,1507,1749,2242,1994,1506,1748,2241,1994,5717,445
1774884357,3,4325814.5,4094309.8,583289.3,538607.4,119575.1,117606.0,122238.0,212512.4,80320.0,208.7,28.5,3.4,424,25.0,9.5,1507,1750,2244,1995,1507,1749,2242,1994,5718,445
1774884657,3,4281997.5,4048762.2,580240.5,536421.8,119373.7,117366.2,122135.5,211916.1,80287.2,238.0,28.5,3.4,438,25.0,9.5,1507,1749,2243,1994,1507,1749,2242,1994,5718,445
1774884959,3,4261279.5,4032892.8,577248.2,534068.7,118785.3,116593.1,121571.1,211329.6,80255.9,253.2,28.5,3.4,445,25.0,9.5,1507,1749,2242,1995,1506,1749,2241,1994,5717,445
1774885257,3,4243729.5,4026189.0,577064.2,532645.8,118568.4,116356.7,121369.1,210759.9,80226.2,273.4,28.5,3.5,477,25.0,9.5,1508,1750,2244,1996,1507,1749,2242,1994,5718,445
1774885557,3,4211424.5,3985450.2,573539.3,529189.9,117898.9,115952.2,121038.5,210984.7,80198.1,292.6,28.5,3.4,451,25.0,9.5,1507,1749,2242,1995,1506,1749,2242,1994,5718,445
1774885859,3,4208186.0,3978488.0,571915.8,527813.1,117764.7,115399.3,120805.8,209593.3,80171.5,312.6,28.5,3.4,508,25.0,9.6,1507,1749,2242,1995,1506,1749,2242,1994,5718,445
1774886159,3,4164910.0,3942080.8,567329.5,523956.0,117265.8,115174.6,120067.3,209517.6,80145.4,326.7,28.5,3.4,527,25.0,9.5,1507,1749,2243,1995,1506,1748,2241,1994,5717,445
1774886457,3,4154991.8,3929585.2,566218.9,522544.9,117033.2,114758.0,120317.2,209289.8,80120.6,346.7,28.5,3.5,561,25.0,9.5,1508,1750,2244,1996,1507,1749,2242,1994,5719,445
1774886757,3,4129655.0,3899460.0,563734.2,519754.8,116463.0,114280.6,119763.4,208454.4,80097.3,363.6,28.5,3.5,531,25.0,9.6,1507,1750,2243,1995,1507,1748,2241,1994,5718,445
1774887059,3,4130249.2,3898387.8,563617.2,519447.0,116226.6,114018.0,119641.8,208327.8,80074.6,388.8,28.5,3.4,597,25.0,9.6,1505,1747,2242,1994,1505,1746,2240,1993,5711,445
1774887357,3,4089638.8,3868087.0,559572.7,516019.3,115758.7,113687.7,119502.9,208513.4,80053.5,417.4,28.5,3.5,626,25.0,9.6,1505,1747,2241,1993,1504,1747,2240,1992,5712,445
1774887657,3,4087200.0,3862978.8,559366.2,515437.1,115583.7,113498.6,119213.1,207261.3,80033.0,438.9,28.5,3.4,611,25.0,9.6,1505,1747,2241,1993,1504,1746,2240,1993,5711,444
1774887959,3,4049651.8,3836861.0,555443.3,512148.3,115393.1,113116.0,118831.1,206740.4,80012.7,455.6,28.5,3.4,662,25.0,9.6,1505,1748,2241,1993,1504,1747,2240,1993,5712,445
1774888257,3,4039350.2,3824256.8,553010.4,510508.0,114789.0,112761.1,118735.8,207116.3,79993.8,471.0,28.5,3.5,701,25.0,9.6,1505,1747,2241,1993,1504,1746,2240,1992,5711,445
1774888859,3,5181944.5,4909822.0,682490.9,630575.8,135158.4,131989.2,131484.9,225746.1,80674.0,25.7,28.4,3.2,233,24.8,9.2,1508,1749,2243,1996,1507,1749,2243,1995,5719,445
1774889157,3,4875749.5,4618612.5,646809.1,596842.6,129537.5,127113.1,128800.9,222562.5,80628.5,50.8,28.4,3.3,246,24.9,9.3,1507,1749,2243,1995,1506,1748,2241,1994,5716,445
1774889457,3,4732196.0,4491319.5,631601.8,582465.9,126920.9,124589.1,127193.1,220004.0,80582.9,72.3,28.4,3.3,282,24.9,9.4,1506,1749,2242,1994,1506,1748,2241,1994,5716,445
1774889759,3,4630652.5,4395358.5,620461.2,572461.3,125090.8,122880.7,126256.7,218631.4,80538.8,96.3,28.4,3.3,285,24.9,9.4,1507,1749,2243,1995,1506,1748,2241,1994,5717,445
1774890059,3,4567921.5,4330141.5,611896.7,565251.3,124096.9,121664.1,125461.6,216588.0,80496.8,116.2,28.5,3.3,272,24.9,9.4,1507,1749,2243,1995,1507,1748,2241,1994,5717,445
1774890357,3,4507677.0,4277209.5,606572.3,559469.4,123015.7,120908.9,124341.6,216916.1,80455.9,133.4,28.5,3.4,322,25.0,9.5,1508,1749,2242,1995,1506,1748,2241,1994,5715,445
1774890657,3,4465494.0,4231652.5,601205.4,554940.9,122324.4,119974.8,123985.1,215338.5,80416.3,149.9,28.5,3.4,345,25.0,9.5,1507,1749,2242,1994,1506,1748,2240,1993,5715,445
1774890959,3,4430330.0,4198010.5,597734.9,551331.4,121484.4,119427.7,123496.7,214416.1,80378.9,174.1,28.5,3.4,353,25.0,9.5,1507,1749,2241,1994,1506,1748,2241,1994,5717,445
1774891257,3,4390940.5,4156669.8,593479.2,548015.7,120827.7,118783.7,123186.0,214150.2,80342.9,192.7,28.5,3.4,385,24.9,9.5,1506,1748,2241,1993,1506,1747,2240,1992,5714,445
1774891557,3,4367178.5,4131412.8,590027.4,544177.8,120499.6,118288.9,122443.5,213380.0,80309.5,210.6,28.5,3.4,415,25.0,9.5,1507,1750,2243,1995,1506,1748,2241,1993,5717,445
1774891857,3,4344370.0,4115090.0,588420.2,543165.7,120103.5,117820.0,122325.1,213019.0,80276.6,228.1,28.5,3.4,439,25.0,9.5,1507,1749,2242,1994,1506,1748,2241,1993,5717,445
1774892159,3,4306642.5,4084717.8,584164.9,538892.2,119478.5,117221.1,121984.2,212278.3,80245.3,258.5,28.5,3.4,419,25.0,9.5,1507,1749,2242,1994,1506,1748,2241,1993,5716,445
1774892457,3,4275084.5,4050495.8,580988.7,535304.2,118869.0,116707.9,121761.7,212191.3,80215.6,274.0,28.5,3.4,469,25.0,9.6,1507,1749,2242,1994,1506,1748,2241,1994,5717,445
1774892757,3,4261117.0,4043075.8,579671.2,533853.6,118822.5,116591.9,121565.9,211087.4,80187.5,292.0,28.5,3.4,499,25.0,9.5,1507,1749,2243,1994,1506,1748,2241,1993,5717,445
1774893059,3,4239448.5,4023637.0,576907.1,532926.9,118426.7,116194.1,121116.9,211001.9,80159.8,309.4,28.5,3.4,504,25.0,9.6,1507,1749,2243,1995,1507,1749,2242,1994,5718,445
1774893357,3,4220619.5,4000965.2,574102.1,529340.1,117795.5,115673.5,120785.5,210185.4,80133.8,331.0,28.5,3.4,553,25.0,9.5,1507,1749,2243,1995,1506,1749,2242,1994,5718,445
1774893659,3,4197737.5,3971288.2,571346.1,526890.6,117563.6,115343.4,120931.1,209834.5,80109.3,353.5,28.5,3.5,535,25.0,9.6,1507,1750,2243,1995,1506,1749,2242,1994,5718,445
1774893959,3,4164541.8,3947607.2,569138.2,524707.8,117286.7,115230.1,120534.2,209774.3,80084.8,369.7,28.5,3.4,557,25.0,9.6,1508,1750,2244,1995,1507,1749,2243,1994,5719,445
1774894257,3,4170180.0,3951496.0,568371.6,524749.7,116899.9,114804.9,120296.8,209912.1,80062.1,392.6,28.5,3.5,628,25.0,9.6,1508,1750,2243,1996,1506,1749,2242,1994,5718,445
1774894557,3,4144879.2,3935099.8,566643.2,523073.0,116779.5,114658.8,119916.6,208687.4,80040.0,411.0,28.5,3.5,620,25.0,9.6,1508,1750,2243,1994,1507,1749,2241,1994,5718,445
1774894859,3,4129601.8,3910445.2,565494.5,520326.2,116571.7,114239.1,119546.4,208104.4,80018.4,430.9,28.5,3.5,616,25.0,9.6,1508,1750,2243,1995,1508,1749,2242,1995,5721,445
1774895157,3,4103434.8,3884421.8,562154.1,519192.4,116171.6,114073.7,119420.1,207433.4,79997.4,449.1,28.5,3.5,671,25.0,9.6,1508,1750,2243,1994,1507,1749,2241,1993,5719,445
1774895457,3,4086323.0,3867746.0,559875.3,516294.5,115713.6,113742.0,119239.5,207738.1,79978.3,469.3,28.5,3.5,638,25.0,9.6,1507,1749,2243,1995,1507,1749,2242,1995,5720,445
1774896059,3,5225165.5,4964682.0,688115.0,635900.5,135924.2,132811.4,131968.6,226533.5,80675.2,38.9,28.4,3.2,202,24.8,9.2,1508,1750,2244,1995,1507,1749,2242,1994,5720,445
1774896357,3,4924132.0,4671224.5,653670.1,601964.8,130247.4,127626.3,128821.2,223115.3,80627.5,60.0,28.4,3.3,271,24.9,9.4,1508,1750,2242,1995,1507,1749,2242,1994,5719,445
1774896657,3,4757066.5,4524761.5,635558.7,586750.7,127547.0,124870.9,127476.5,220514.8,80580.1,78.0,28.4,3.3,263,24.9,9.4,1508,1750,2243,1994,1507,1749,2241,1994,5719,445
1774896959,3,4673599.5,4437184.5,625562.1,577617.0,125755.8,123061.4,126639.0,218975.9,80534.0,93.2,28.5,3.3,281,24.9,9.5,1508,1750,2243,1995,1507,1749,2242,1994,5719,446
1774897259,3,4604999.5,4371900.5,617653.1,570248.4,124651.0,122135.2,125398.1,217582.9,80489.5,115.8,28.4,3.4,275,24.9,9.5,1507,1749,2242,1994,1506,1748,2241,1993,5716,445
1774897557,3,4554362.5,4325895.5,611492.3,564229.2,123808.4,121329.9,124802.2,217311.9,80446.7,130.8,28.4,3.4,304,24.9,9.5,1507,1749,2242,1995,1506,1749,2241,1994,5716,445
1774897857,3,4523258.5,4278101.5,607977.0,560671.0,123007.2,120745.4,124208.4,215711.1,80406.2,148.2,28.5,3.4,389,24.9,9.5,1507,1749,2243,1994,1506,1749,2242,1994,5716,445
1774898159,3,4480237.5,4242968.5,603578.2,555854.2,122366.7,119920.1,123734.3,214711.0,80367.8,164.3,28.4,3.4,383,24.9,9.5,1507,1749,2242,1994,1506,1748,2241,1993,5714,445
1774898459,3,4435846.0,4207944.5,598667.5,552456.9,121452.0,119279.4,123201.5,214901.8,80330.8,183.8,28.5,3.4,360,24.9,9.5,1507,1749,2242,1993,1507,1748,2241,1993,5716,445
1774898757,3,4413412.5,4180712.0,595804.6,549984.3,121030.1,118679.4,123139.9,214175.9,80295.3,203.9,28.5,3.4,416,24.9,9.5,1507,1749,2242,1994,1506,1748,2241,1993,5716,445
1774899059,3,4401126.5,4166986.2,593611.3,548327.8,120833.8,118453.1,122809.1,213605.9,80261.1,225.8,28.5,3.4,412,25.0,9.5,1507,1749,2242,1994,1507,1748,2241,1993,5717,445
1774899359,3,4365260.0,4137055.8,590772.3,544725.1,120224.1,118096.8,122609.7,213236.6,80228.3,246.8,28.5,3.4,444,25.0,9.6,1507,1749,2242,1994,1506,1748,2241,1994,5717,445
1774899657,3,4342117.5,4114972.8,587891.8,541743.8,119835.2,117644.8,122153.2,213033.7,80197.8,271.4,28.5,3.4,467,25.0,9.6,1507,1749,2242,1994,1506,1748,2241,1994,5718,445
1774899957,3,4315928.5,4099411.2,585641.2,539988.9,119368.5,117348.7,121849.3,211792.6,80168.2,288.8,28.5,3.4,498,25.0,9.6,1508,1750,2244,1995,1507,1749,2242,1994,5719,445
1774900259,3,4295736.0,4069877.2,582078.6,537577.1,119090.7,116683.7,121340.4,211876.8,80139.4,307.5,28.5,3.4,520,25.0,9.6,1507,1750,2243,1995,1507,1749,2242,1995,5718,445
1774900557,3,4263916.5,4036810.0,580107.2,534253.2,118668.5,116382.7,121326.4,210951.6,80111.4,324.3,28.5,3.4,540,25.0,9.6,1506,1748,2242,1994,1505,1748,2241,1993,5713,445
1774900857,3,4245098.5,4014172.0,577998.1,533103.9,118134.8,115963.6,121180.0,210318.6,80084.3,345.6,28.5,3.5,527,25.0,9.7,1508,1750,2243,1995,1507,1749,2242,1994,5720,445
1774901159,3,4212673.5,3994039.0,573083.9,529329.4,117851.8,115371.8,120573.6,210132.4,80059.6,367.7,28.5,3.5,601,25.0,9.6,1507,1749,2242,1995,1507,1749,2242,1994,5718,445
1774901457,3,4189812.8,3963276.0,572202.9,526674.6,117436.7,115128.5,120507.1,209674.5,80035.0,385.0,28.5,3.4,606,25.0,9.6,1508,1750,2243,1995,1506,1749,2242,1994,5719,445
1774901757,3,4181481.2,3961014.2,569158.6,525280.4,117193.7,114968.4,120348.4,209498.8,80011.5,404.4,28.5,3.5,575,25.0,9.6,1507,1749,2242,1994,1507,1749,2242,1994,5719,445
1774902059,3,4172756.2,3948709.2,568520.2,524506.7,116736.9,114520.9,119966.0,208719.9,79988.4,422.2,28.5,3.5,610,25.0,9.7,1507,1749,2242,1994,1506,1749,2242,1994,5719,445
1774902359,3,4155982.2,3933426.8,567633.4,522897.6,116671.4,114256.1,119800.1,208406.3,79967.1,444.2,28.5,3.4,651,25.0,9.6,1507,1749,2243,1994,1507,1749,2241,1994,5718,445
1774902657,3,4124226.0,3900111.8,564873.1,519997.8,116292.0,113719.2,119471.2,207885.1,79946.7,466.4,28.5,3.5,665,25.0,9.7,1507,1749,2243,1995,1506,1749,2242,1994,5718,445
1774903259,3,5275644.5,5010826.5,694768.9,640195.3,136529.8,133349.5,132133.5,226752.5,80572.5,26.7,28.4,3.2,246,24.9,9.3,1508,1749,2243,1995,1507,1749,2242,1994,5719,445
1774903559,3,4987972.0,4731111.5,659871.5,608604.1,131071.0,128257.4,129355.4,222898.5,80527.0,46.2,28.5,3.3,229,24.9,9.4,1507,1749,2242,1994,1004,1166,1494,1329,3812,297
1774903857,3,4817619.5,4559904.0,640080.4,589928.0,128099.2,125337.6,128122.2,220528.8,80481.7,68.3,28.5,3.3,285,25.0,9.5,1507,1749,2242,1994,1506,1748,2241,1993,5717,445
1774904157,3,4725455.5,4483969.5,631018.3,582210.8,126208.8,123973.5,126780.9,219687.3,80437.5,86.4,28.5,3.4,279,25.0,9.5,1507,1749,2243,1994,1506,1748,2241,1993,5718,445
1774904459,3,4647957.5,4420310.0,623426.6,574106.0,125082.1,122486.2,126028.0,218023.9,80395.0,109.3,28.5,3.3,298,25.0,9.5,1506,1748,2242,1994,1505,1748,2240,1993,5715,445
1774904757,3,4581518.5,4350014.5,615252.8,567344.8,124076.0,121567.8,124663.5,217266.1,80353.8,128.6,28.5,3.4,307,25.0,9.5,1506,1748,2242,1994,1506,1748,2241,1993,5715,445
1774905057,3,4548830.5,4313046.0,609743.2,562211.8,123329.3,120554.4,124445.4,216497.1,80314.7,147.1,28.5,3.4,330,25.0,9.6,1506,1749,2242,1994,1506,1748,2241,1993,5716,445
1774905357,3,4510072.5,4276742.5,607541.0,559262.9,122608.1,120123.6,123765.9,214828.3,80276.3,169.1,28.5,3.4,356,25.0,9.6,1507,1748,2241,1993,1506,1748,2240,1993,5714,445
1774905659,3,4466416.0,4223133.5,601803.2,554448.2,122047.8,119476.9,123349.5,215034.5,80239.9,190.5,28.5,3.4,340,25.0,9.6,1507,1748,2241,1994,1506,1748,2240,1993,5716,445
1774905959,3,4437913.5,4205200.0,598591.5,551722.2,121395.1,118835.9,123084.2,214336.0,80204.7,201.2,28.5,3.4,337,25.0,9.6,1506,1748,2241,1993,1506,1748,2241,1993,5717,445
1774906257,3,4400519.5,4172089.0,594552.2,547603.1,120755.0,118399.5,122589.1,213648.1,80171.3,224.2,28.5,3.4,373,25.0,9.6,1507,1748,2243,1994,1506,1748,2240,1992,5717,445
1774906557,3,4374594.5,4139466.2,591576.0,545187.1,120309.9,117911.1,122361.5,213424.1,80139.1,243.1,28.5,3.4,415,25.0,9.6,1506,1748,2241,1993,1505,1747,2240,1993,5717,445
1774906859,3,4356638.0,4124373.0,589343.4,544021.5,120098.6,117637.0,122054.5,212811.5,80107.3,266.5,28.5,3.4,442,25.0,9.6,1505,1747,2240,1993,1505,1747,2240,1992,5715,445
1774907157,3,4324542.5,4105297.2,587528.8,540989.9,119665.2,117135.4,121656.4,211946.4,80077.8,281.8,28.5,3.4,489,25.0,9.6,1506,1747,2241,1993,1505,1747,2240,1992,5715,445
1774907457,3,4297195.5,4073629.0,583648.2,536967.8,118912.8,116586.0,121543.5,211296.2,80048.8,300.0,28.5,3.4,512,25.0,9.6,1506,1747,2241,1993,1505,1746,2240,1992,5715,445
1774907757,3,4274161.5,4057509.0,581897.9,535635.3,118598.3,116397.0,121485.4,211062.7,80021.0,321.0,28.6,3.4,490,25.0,9.6,1505,1747,2240,1993,1505,1747,2240,1992,5714,445
1774908059,3,4264807.0,4041292.0,581155.5,534716.1,118497.1,116073.4,120873.4,211061.1,79995.1,341.8,28.6,3.4,560,25.0,9.7,1507,1749,2241,1993,1506,1748,2240,1992,5716,445
1774908359,3,4233434.0,4006084.0,576198.2,530539.9,117901.5,115761.0,120892.6,210498.4,79969.9,362.5,28.5,3.5,524,25.0,9.7,1506,1749,2242,1994,1506,1748,2241,1993,5716,445
1774908657,3,4218935.5,4001369.2,575534.5,529839.2,117823.4,115520.4,120765.7,210135.9,79945.9,377.2,28.6,3.5,595,25.0,9.7,1506,1749,2242,1994,1506,1748,2241,1993,5716,445
1774908957,3,4199979.5,3978542.0,573257.6,528240.7,117545.3,115127.9,120087.2,209497.1,79922.7,397.6,28.6,3.5,586,25.1,9.7,1506,1748,2242,1993,1506,1748,2240,1993,5716,445
1774909259,3,4181703.8,3960879.2,571603.7,526156.1,117314.7,114742.8,120015.4,209988.0,79901.0,422.9,28.6,3.5,610,25.1,9.7,1506,1748,2241,1993,1505,1747,2241,1992,5716,445
1774909557,3,4159991.8,3940224.8,569764.3,525157.3,116895.9,114610.0,119797.9,208778.3,79879.8,438.2,28.6,3.5,658,25.1,9.7,1506,1749,2242,1993,1506,1748,2241,1992,5717,445
1774909857,3,4156261.0,3933237.8,568529.4,522830.8,116668.4,114273.0,119540.9,208381.1,79858.6,458.6,28.6,3.5,650,25.1,9.7,1507,1749,2242,1993,1506,1748,2240,1993,5716,445
1774910459,3,5320420.5,5058072.5,699667.1,644686.6,136899.0,133921.1,132259.0,227224.4,80506.8,32.2,28.5,3.2,232,24.9,9.4,1506,1748,2242,1993,1505,1748,2241,1993,5714,445
1774910757,3,5000432.5,4749493.5,662174.8,610573.3,131366.2,128570.2,129546.5,223775.8,80460.0,50.5,28.5,3.3,229,25.0,9.4,1506,1749,2242,1994,1505,1748,2241,1992,5714,445
1774911057,3,4854974.5,4610611.5,645221.8,595143.5,128585.2,126135.5,127976.6,221409.2,80413.2,67.5,28.5,3.3,235,25.0,9.5,1507,1749,2243,1994,1506,1748,2242,1993,5715,445
1774911357,3,4757416.5,4512688.0,634430.2,585270.4,126861.0,124342.0,126844.9,219915.4,80367.3,89.6,28.5,3.3,300,25.0,9.5,1507,1748,2241,1993,1506,1748,2241,1992,5714,445
1774911659,3,4686113.0,4442562.5,626180.2,577324.2,125682.2,123011.6,126683.1,218891.7,80323.1,111.3,28.5,3.4,265,25.0,9.6,1507,1748,2241,1993,1506,1748,2240,1992,5716,445
1774911957,3,4645838.0,4405131.5,621396.5,573688.2,124947.5,122305.1,125122.9,217754.3,80281.0,134.9,28.5,3.4,314,25.0,9.6,1507,1748,2242,1994,1506,1748,2241,1993,5717,445
1774912257,3,4583910.5,4353546.5,615878.3,567435.9,123964.2,121660.9,124799.9,217662.9,80240.0,149.7,28.5,3.4,350,25.0,9.6,1507,1749,2243,1994,1506,1748,2241,1993,5718,445
1774912557,3,4565834.5,4329422.5,613095.0,564778.8,123176.8,120966.8,124291.2,216463.9,80200.7,170.4,28.5,3.4,380,25.0,9.6,1506,1748,2242,1993,1506,1747,2241,1993,5716,445
1774912859,3,4526177.5,4298245.5,610475.2,560371.9,122596.1,120204.9,124005.1,215716.7,80163.8,186.7,28.5,3.4,348,25.0,9.6,1506,1748,2242,1993,1506,1747,2241,1992,5714,445
1774913157,3,4502215.0,4265602.0,605768.0,557960.0,122191.1,119866.6,123699.0,214991.0,80127.9,209.1,28.5,3.4,397,25.0,9.7,1507,1748,2242,1993,1506,1748,2240,1992,5714,445
1774913457,3,4470480.0,4234952.0,602083.7,554478.1,121666.8,119453.3,123136.9,214284.1,80093.7,234.7,28.5,3.4,375,25.0,9.7,1506,1748,2242,1993,1506,1748,2240,1992,5716,445
1774913759,3,4438374.5,4191599.8,597699.5,551218.1,121345.0,118514.8,122690.7,214093.4,80060.9,254.2,28.6,3.4,448,25.0,9.7,1507,1749,2241,1993,1506,1748,2240,1993,5716,445
1774914057,3,4393072.0,4170036.8,594365.5,548405.2,120735.9,118225.8,122441.4,213909.4,80029.2,267.7,28.5,3.4,456,25.0,9.7,1507,1749,2242,1994,1506,1748,2241,1993,5717,445
1774914357,3,4385210.0,4155712.0,594580.2,546998.8,120384.0,117858.4,122233.1,213170.0,79998.6,289.5,28.5,3.4,451,25.0,9.7,1507,1749,2241,1993,1507,1748,2241,1993,5717,445
1774914659,3,4372009.5,4144911.8,591741.8,544254.6,120256.5,117713.6,122408.0,212515.6,79970.0,314.2,28.5,3.5,474,25.0,9.7,1507,1749,2242,1994,1506,1748,2241,1993,5716,445
1774914957,3,4341454.0,4118651.0,589156.4,542829.1,119603.8,117098.2,121887.1,211878.5,79942.2,329.6,28.5,3.4,494,25.0,9.7,1507,1749,2242,1994,1506,1748,2241,1993,5717,445
1774915257,3,4309108.5,4087171.0,585258.2,540084.4,119450.6,117053.2,121636.9,211353.7,79915.5,349.0,28.5,3.4,525,25.0,9.7,1507,1748,2242,1994,1506,1748,2241,1993,5719,445
1774915559,3,4305287.5,4085893.0,585001.2,538839.1,118953.6,116555.4,121140.1,211054.2,79890.8,367.3,28.6,3.4,555,25.0,9.7,1507,1749,2242,1993,1506,1748,2241,1993,5717,445
1774915857,3,4275316.5,4046442.0,580572.9,535102.7,118581.8,116285.2,120920.9,211582.9,79865.8,387.8,28.6,3.4,537,25.0,9.7,1507,1748,2241,1993,1506,1748,2240,1994,5717,445
1774916157,3,4259298.5,4034317.2,580241.6,534070.5,118395.2,116030.1,120714.1,209837.1,79842.9,404.4,28.6,3.4,594,25.0,9.7,1507,1749,2242,1994,1507,1748,2241,1993,5717,445
1774916459,3,4239336.5,4014616.0,575113.1,531650.2,117973.4,115531.5,120537.0,210628.1,79820.6,423.0,28.5,3.4,626,25.1,9.7,1506,1748,2241,1993,1506,1747,2240,1992,5715,445
1774916757,3,4231353.5,4007125.8,576641.7,531397.4,117872.2,115359.2,120264.1,210435.6,79799.9,449.7,28.6,3.5,627,25.1,9.7,1506,1748,2242,1993,1506,1748,2240,1992,5715,445
1774917057,3,4211909.5,3991384.0,574714.5,528899.4,117548.7,115192.8,120091.9,209671.2,79779.5,469.0,28.6,3.5,649,25.1,9.8,1507,1749,2242,1993,1506,1748,2241,1993,5716,445
1774917657,3,5430982.5,5140810.0,711758.8,655308.1,138696.9,135524.3,133455.6,228874.9,80444.4,32.8,28.4,3.2,203,24.9,9.4,1507,1748,2242,1994,1506,1747,2240,1993,5715,445
1774917959,3,5087086.5,4830923.5,671084.8,620397.6,132687.7,129804.2,130501.8,225096.5,80397.2,53.6,28.5,3.3,212,25.0,9.5,1507,1748,2242,1994,1507,1748,2240,1993,5716,445
1774918259,3,4946264.0,4697123.5,654708.3,602934.2,130055.1,127222.7,128891.5,222710.0,80351.0,72.9,28.5,3.3,258,25.0,9.5,1507,1748,2242,1994,1506,1747,2240,1992,5715,445
1774918557,3,4830472.5,4578192.5,643168.8,592561.8,128064.5,125210.3,127745.3,221509.7,80305.3,93.4,28.5,3.3,299,25.0,9.6,1507,1748,2241,1993,1505,1747,2239,1992,5714,445
1774918859,3,4768150.5,4533011.5,636492.4,586323.0,126931.0,124264.7,126981.4,220856.0,80261.5,115.7,28.5,3.4,296,25.0,9.6,1506,1747,2241,1993,1505,1747,2239,1992,5713,445
1774919159,3,4719949.5,4469454.0,629012.2,579512.2,125895.8,123309.9,126347.7,219379.3,80219.6,129.5,28.5,3.4,308,25.0,9.7,1506,1747,2240,1993,1505,1747,2240,1992,5713,445
1774919457,3,4678157.5,4438095.0,626135.2,576803.8,125119.2,122708.2,125358.8,218189.3,80179.2,150.5,28.5,3.4,316,25.0,9.7,1506,1748,2241,1993,1505,1747,2240,1992,5713,445
1774919757,3,4623967.5,4376687.5,620051.3,570800.3,124396.9,121712.7,125096.6,217802.2,80140.5,170.2,28.5,3.3,350,25.0,9.7,1505,1747,2241,1993,1505,1747,2239,1992,5713,445
1774920059,3,4592838.0,4360902.0,615383.5,567271.2,123767.7,121199.8,124606.4,216844.1,80103.4,185.5,28.5,3.4,367,25.0,9.7,1506,1748,2241,1994,1505,1747,2239,1992,5714,445
1774920357,3,4549090.0,4322241.0,611216.8,563050.9,123236.7,120488.7,124363.0,216469.9,80067.5,198.9,28.5,3.4,353,25.0,9.7,1506,1747,2241,1993,1505,1747,2240,1993,5714,445
1774920657,3,4530372.5,4307875.5,610260.3,561388.6,122761.8,120171.8,123871.7,215945.1,80033.4,218.5,28.5,3.4,416,25.0,9.7,1506,1747,2241,1992,1505,1747,2240,1992,5712,445
1774920959,3,4496625.0,4275589.0,607407.3,559093.8,122463.3,119910.8,123641.5,214892.1,80000.6,240.9,28.5,3.4,413,25.0,9.7,1505,1747,2241,1992,1504,1746,2239,1992,5710,445
1774921259,3,4484133.0,4258554.5,604034.0,557241.1,121841.1,119431.9,123303.0,215241.8,79970.1,259.7,28.5,3.4,427,25.0,9.7,1505,1747,2240,1992,1504,1746,2239,1991,5710,445
1774921557,3,4451607.5,4214784.5,600037.4,553274.2,121641.0,119018.8,123083.8,214427.0,79940.4,281.9,28.5,3.4,436,25.0,9.7,1507,1749,2242,1994,1506,1748,2241,1993,5717,445
1774921857,3,4428328.5,4196430.5,598503.3,551988.8,121467.7,118558.2,122886.1,214142.2,79912.2,309.2,28.5,3.4,466,25.0,9.7,1506,1748,2240,1993,1505,1747,2239,1992,5714,445
1774922159,3,4410861.5,4186013.2,596952.7,549350.9,120937.2,118319.5,122694.1,213852.7,79885.0,322.2,28.5,3.4,509,25.0,9.7,1506,1748,2241,1993,1506,1747,2240,1992,5716,445
1774922457,3,4380342.5,4164578.8,594034.4,546696.4,120426.3,118048.2,122429.5,212970.8,79858.2,343.8,28.5,3.5,532,25.0,9.8,1506,1748,2241,1993,1506,1747,2240,1992,5715,445
1774922757,3,4367980.0,4136928.8,590827.9,544646.9,120250.4,117684.0,122049.6,212776.9,79833.4,359.6,28.5,3.4,518,25.0,9.8,1506,1748,2240,1992,1506,1747,2240,1992,5715,445
1774923059,3,4350211.5,4115670.2,590265.9,543607.2,119944.1,117572.7,122097.5,212631.4,79809.5,380.5,28.5,3.4,551,25.0,9.8,1506,1747,2241,1992,1505,1747,2240,1992,5713,445
1774923357,3,4325777.5,4102185.2,587065.9,539634.6,119602.0,117086.0,121709.7,211751.5,79785.8,404.3,28.5,3.4,586,25.0,9.8,1506,1748,2241,1993,1505,1747,2240,1992,5715,445
1774923657,3,4311911.5,4086815.2,585752.4,539763.7,119383.1,116953.8,121863.1,211699.1,79762.8,422.7,28.5,3.5,609,25.0,9.8,1506,1748,2241,1993,1505,1748,2240,1993,5716,445
1774923960,3,4311323.5,4080380.0,585548.8,539615.5,119438.2,116517.3,121418.6,211296.6,79741.0,438.8,28.5,3.5,608,25.0,9.8,1505,1746,2239,1992,1504,1746,2239,1991,5711,445
1774924257,3,4284484.5,4058262.8,583041.5,537174.1,118766.6,116545.2,121429.1,211085.3,79719.5,459.9,28.5,3.4,628,25.0,9.8,1506,1747,2241,1992,1505,1747,2240,1992,5713,444
1774924859,3,5552922.0,5258492.5,724681.8,667230.2,140608.4,136899.5,134483.4,231082.0,80419.8,31.8,28.4,3.2,200,24.8,9.4,1505,1747,2240,1992,1505,1747,2239,1992,5711,444
1774925157,3,5208080.5,4952598.5,685026.4,632310.7,134436.0,131884.2,131889.1,227676.7,80370.5,46.3,28.4,3.3,213,24.9,9.5,1505,1747,2240,1992,1504,1747,2240,1992,5712,445
1774925457,3,5055155.5,4798176.5,667221.8,615559.5,131993.3,128958.8,130384.9,225120.4,80321.9,69.6,28.4,3.3,249,24.9,9.5,1505,1747,2240,1992,1505,1747,2239,1992,5711,444
1774925759,3,4954622.5,4705604.5,656644.8,604836.9,130104.2,127370.6,129030.9,223671.1,80273.6,95.0,28.4,3.3,202,24.9,9.6,1505,1747,2240,1992,1505,1746,2239,1992,5711,444
1774926057,3,4884852.5,4640491.0,651041.2,599250.6,129020.0,126319.0,128419.1,222360.0,80227.4,107.6,28.4,3.4,274,24.9,9.6,1506,1747,2241,1993,1505,1747,2240,1992,5712,445
1774926357,3,4856442.5,4608686.0,645913.0,594720.6,128169.8,125736.1,128086.2,221779.1,80183.7,124.6,28.4,3.4,274,24.9,9.7,1505,1747,2241,1992,1504,1747,2239,1991,5711,444
1774926659,3,4807787.5,4574536.0,640210.7,590592.4,127224.3,124981.5,127716.6,221458.7,80141.1,147.1,28.4,3.4,316,24.9,9.6,1505,1746,2240,1992,1504,1746,2239,1991,5709,444
1774926957,3,4793902.5,4557628.0,637375.1,588072.9,127318.1,124611.8,127177.5,220722.8,80100.8,162.2,28.4,3.4,329,24.9,9.6,1504,1747,2240,1992,1504,1746,2239,1992,5710,444
1774927257,3,4752869.5,4514471.5,634732.9,584872.0,126532.2,123936.5,126967.4,219528.9,80061.7,177.4,28.4,3.4,349,24.8,9.7,1505,1746,2241,1991,1504,1746,2239,1991,5709,444
1774927559,3,4721070.0,4494224.0,631814.8,581162.2,126086.0,123412.8,126632.0,220195.2,80024.9,197.6,28.3,3.4,385,24.8,9.7,1505,1746,2240,1992,1504,1746,2239,1991,5709,444
1774927857,3,4706116.0,4458176.0,629423.2,580061.2,125935.8,123130.6,126483.2,218798.4,79989.7,214.4,28.3,3.4,373,24.8,9.7,1505,1747,2240,1993,1504,1746,2239,1991,5709,444
1774928157,3,4680826.0,4454983.5,626551.2,577433.9,125189.1,122633.4,125981.2,218891.0,79955.8,232.8,28.3,3.4,355,24.8,9.7,1505,1747,2240,1993,1505,1746,2240,1992,5710,445
1774928459,3,4665913.5,4431220.5,624439.8,575967.8,125093.5,122501.8,126085.5,218386.5,79923.6,249.6,28.3,3.4,419,24.8,9.7,1505,1747,2240,1992,1504,1746,2239,1991,5709,444
1774928759,3,4632952.0,4417167.5,622951.3,573953.6,124645.3,122113.9,125357.4,218487.9,79892.9,268.5,28.3,3.4,416,24.8,9.7,1507,1748,2241,1993,1505,1747,2240,1992,5714,445
1774929057,3,4630702.0,4403130.0,620250.3,572817.5,124472.8,121985.4,125190.7,217971.4,79863.7,286.8,28.3,3.4,470,24.8,9.7,1507,1749,2241,1994,1506,1747,2240,1992,5715,445
1774929357,3,4616262.0,4381575.5,619510.1,570473.3,124407.5,121529.5,125455.3,217847.4,79835.6,307.5,28.3,3.4,477,24.8,9.7,1507,1748,2241,1993,1506,1748,2240,1993,5715,445
1774929659,3,4606176.5,4364430.0,617772.4,568519.1,123770.9,121422.8,124893.2,217412.5,79809.1,327.5,28.2,3.4,484,24.7,9.8,1507,1749,2241,1994,1506,1748,2241,1993,5716,445
1774929959,3,4587596.5,4357090.5,614917.8,567016.5,123978.7,121258.3,124757.1,216952.0,79783.6,342.3,28.2,3.4,501,24.7,9.7,1507,1749,2242,1993,1506,1748,2241,1993,5717,445
1774930257,3,4582358.5,4348871.5,615426.2,567993.2,123771.9,121158.6,125007.1,216521.7,79759.5,363.5,28.2,3.4,533,24.7,9.7,1507,1749,2241,1994,1506,1748,2241,1993,5717,445
1774930559,3,4561024.0,4338104.5,613019.2,565902.8,123484.6,120934.1,124726.6,216465.2,79736.7,385.4,28.2,3.4,566,24.7,9.7,1506,1748,2241,1993,1506,1747,2240,1992,5713,444
1774930859,3,4543298.5,4320537.5,612439.1,564711.0,123458.4,120697.4,124589.7,216621.1,79714.9,406.4,28.2,3.4,585,24.7,9.8,1507,1749,2242,1993,1506,1748,2241,1993,5715,445
1774931157,3,4551404.5,4312673.5,610705.0,562873.8,123218.6,120496.8,124567.6,216783.8,79693.8,422.6,28.2,3.4,601,24.7,9.8,1506,1748,2241,1993,1506,1747,2240,1993,5714,445
1774931457,3,4535299.5,4304958.0,609773.2,562650.4,122926.0,120393.3,124386.0,216477.8,79674.2,439.0,28.2,3.4,604,24.7,9.8,1507,1749,2242,1994,1506,1748,2242,1994,5715,445
1774932059,3,5861678.0,5579674.0,755920.8,696408.1,145108.7,141387.8,138058.5,236948.1,80385.3,21.5,28.0,3.2,181,24.5,9.4,1508,1750,2243,1995,1507,1749,2241,1994,5718,445
1774932357,3,5507254.0,5229396.5,715850.7,660192.7,139061.2,135780.0,135152.9,233195.8,80337.6,39.7,28.0,3.2,214,24.5,9.5,1508,1750,2243,1995,1507,1750,2242,1994,5718,445
1774932657,3,5337872.5,5076466.0,695646.9,642531.8,136211.9,133139.1,133656.0,230794.1,80291.2,61.5,28.1,3.3,236,24.5,9.6,1508,1749,2242,1995,1507,1749,2241,1993,5717,445
1774932959,3,5226533.5,4976990.5,685730.9,632851.8,134318.4,131719.2,132391.0,229464.0,80246.0,81.3,28.1,3.3,285,24.5,9.6,1507,1749,2242,1994,1507,1748,2241,1994,5716,445
1774933257,3,5164065.5,4910507.5,679282.4,625575.2,133161.1,130286.2,131825.6,228160.6,80202.1,101.0,28.1,3.3,258,24.5,9.6,1507,1749,2242,1994,1506,1748,2241,1994,5715,445
1774933557,3,5107286.0,4863032.0,673156.3,619983.5,132361.6,129297.8,131052.9,227068.9,80159.7,120.8,28.1,3.3,264,24.5,9.6,1508,1750,2243,1995,1507,1749,2242,1994,5715,445
1774933859,3,5064254.5,4810157.5,667787.0,615867.1,131524.5,128870.2,130756.4,226164.2,80118.5,135.5,28.1,3.3,315,24.5,9.7,1508,1750,2243,1995,1506,1749,2241,1994,5715,445
1774934157,3,5022434.0,4775293.5,663312.8,611379.2,130992.8,128193.0,130304.6,225316.2,80078.7,157.8,28.0,3.3,330,24.5,9.7,1508,1750,2242,1995,1507,1749,2241,1993,5714,445
1774934457,3,4982831.0,4744706.0,658384.1,608249.0,130096.9,127505.9,130033.3,224929.2,80040.5,175.4,28.0,3.3,336,24.5,9.7,1507,1749,2242,1994,1506,1749,2241,1993,5714,445
1774934759,3,4978832.5,4741547.5,657151.6,605871.9,129888.2,127139.1,129627.4,224578.0,80004.0,189.7,28.0,3.4,359,24.5,9.7,1507,1749,2242,1994,1507,1748,2240,1993,5714,445
1774935059,3,4942690.5,4708115.5,653418.9,603168.6,129395.0,126832.9,129477.8,223954.1,79969.5,205.6,28.0,3.4,352,24.5,9.7,1508,1749,2242,1994,1506,1748,2241,1993,5715,445
1774935357,3,4924542.5,4669235.5,652267.1,600586.2,129218.5,126256.6,129138.1,223799.9,79936.1,227.3,28.0,3.4,359,24.5,9.7,1507,1749,2242,1994,1506,1748,2241,1993,5715,445
1774935657,3,4905727.5,4664678.5,649749.5,599063.1,128874.4,126081.9,128866.2,223576.0,79904.4,246.5,28.0,3.4,388,24.5,9.7,1507,1748,2242,1994,1507,1748,2241,1993,5713,445
1774935959,3,4876542.5,4634726.5,646936.1,595535.6,128425.5,125737.0,128987.8,223183.2,79874.4,259.7,28.0,3.4,409,24.5,9.7,1507,1748,2241,1994,1506,1747,2240,1993,5712,445
1774936259,3,4860347.5,4620652.5,644163.5,593893.2,127995.3,125480.2,128664.6,222497.0,79845.7,279.9,28.0,3.4,445,24.5,9.7,1508,1750,2243,1995,1507,1749,2241,1993,5715,445
1774936557,3,4841454.0,4608189.5,641755.0,592173.4,127651.0,124971.0,128303.3,222206.6,79818.0,295.6,28.0,3.4,455,24.4,9.7,1507,1749,2242,1994,1507,1748,2242,1994,5715,445
1774936857,3,4838198.5,4599588.0,642707.0,591332.7,127366.0,124821.1,128403.5,222023.9,79791.5,310.9,27.9,3.4,475,24.4,9.7,1508,1749,2243,1995,1507,1749,2243,1994,5717,445
1774937159,3,4820714.5,4582624.0,638740.8,589327.5,127275.4,124722.2,128094.3,222182.1,79766.5,337.6,27.9,3.4,497,24.4,9.7,1507,1750,2242,1995,1507,1748,2241,1994,5715,445
1774937459,3,4795338.5,4564978.0,637444.2,587396.2,126918.1,124315.7,128028.3,221453.5,79742.0,355.2,27.9,3.4,536,24.4,9.8,1508,1750,2243,1995,1507,1749,2242,1994,5716,445
1774937757,3,4784166.5,4545953.5,635768.2,586007.3,126675.4,124132.4,127924.2,221269.4,79718.8,372.6,27.9,3.4,518,24.4,9.7,1507,1748,2241,1993,1506,1748,2241,1993,5712,445
1774938057,3,4769787.5,4538293.5,634339.7,583142.7,126554.4,123901.6,128018.2,221309.6,79696.6,385.8,27.9,3.4,568,24.4,9.7,1508,1750,2243,1995,1507,1749,2242,1994,5717,445
1774938359,3,4759620.0,4517824.5,633099.2,582478.8,126188.4,123595.4,127693.7,220913.9,79675.5,405.9,27.9,3.4,593,24.4,9.8,1508,1749,2243,1994,1506,1748,2241,1993,5713,445
1774938659,3,4734016.5,4508126.0,630898.6,582448.8,126313.7,123617.2,127752.5,220523.1,79655.7,418.9,27.9,3.4,588,24.4,9.7,1508,1750,2243,1995,1508,1749,2242,1994,5715,445
1774939257,3,6090683.5,5769304.5,775149.3,714260.4,148029.4,144061.9,140329.8,240699.0,80338.2,25.4,27.7,3.1,205,24.2,9.4,1508,1749,2243,1995,1507,1749,2242,1994,5716,445
1774939559,3,5737531.5,5445589.5,737134.0,677379.2,141777.9,138797.0,137460.5,237516.4,80291.3,42.8,27.8,3.2,210,24.3,9.5,1507,1750,2243,1994,1507,1749,2242,1994,5717,445
1774939857,3,5539819.5,5263917.5,718181.2,660718.9,139197.5,136108.8,135849.2,234762.8,80244.6,58.7,27.8,3.3,209,24.3,9.6,1508,1749,2242,1995,1507,1748,2242,1994,5716,445
1774940157,3,5443115.0,5174602.0,705684.2,649565.8,137613.5,134047.0,135159.0,233991.0,80198.9,78.9,27.8,3.3,246,24.3,9.6,1507,1749,2243,1994,1506,1748,2241,1994,5714,445
1774940459,3,5347602.0,5085884.0,696925.6,643364.4,136131.5,133347.9,134312.5,232432.9,80155.5,99.9,27.8,3.3,226,24.3,9.6,1507,1749,2243,1995,1506,1749,2242,1994,5716,445
1774940757,3,5298822.0,5050148.5,691240.8,636767.7,135367.8,132269.6,133652.7,231496.8,80114.0,116.7,27.8,3.3,284,24.3,9.6,1507,1750,2242,1994,1506,1748,2241,1994,5714,445
1774941059,3,5237446.5,4984835.5,685341.7,631354.3,134731.1,131473.8,133221.0,230781.9,80073.5,130.7,27.8,3.3,316,24.3,9.6,1507,1749,2242,1994,1506,1748,2241,1993,5715,445
1774941357,3,5211488.5,4956930.0,682914.2,628019.2,133737.1,130936.1,132569.0,229663.4,80035.0,147.4,27.8,3.3,315,24.3,9.6,1507,1748,2242,1994,1506,1748,2240,1993,5715,445
1774941657,3,5182994.0,4920797.5,679044.5,624829.2,133165.3,130135.5,132198.3,229037.9,79998.1,160.5,27.8,3.3,319,24.3,9.7,1507,1749,2242,1994,1507,1749,2241,1994,5717,445
1774941959,3,5146996.0,4894548.0,675010.2,620583.3,132257.6,129680.0,131859.2,228737.8,79963.5,182.6,27.8,3.3,325,24.3,9.7,1507,1748,2241,1994,1506,1748,2240,1993,5715,445
1774942257,3,5125574.0,4866420.0,671281.2,618201.9,131777.1,129047.4,131362.7,228202.2,79929.4,195.8,27.8,3.3,364,24.3,9.7,1507,1748,2243,1994,1506,1748,2241,1993,5716,445
1774942557,3,5081820.5,4832268.5,668706.6,615561.0,131282.8,128816.7,131331.8,227735.8,79897.7,215.4,27.8,3.4,365,24.3,9.7,1507,1749,2243,1994,1506,1749,2242,1994,5715,445
1774942859,3,5062560.0,4818688.5,666140.9,613384.0,130784.2,128460.6,131260.0,227402.3,79867.0,232.6,27.8,3.4,402,24.3,9.7,1507,1750,2243,1995,1507,1749,2242,1994,5717,445
1774943157,3,5025555.5,4788336.0,661950.3,610633.8,130671.1,127775.4,130565.7,226693.6,79837.7,247.2,27.8,3.4,408,24.3,9.7,1507,1749,2243,1995,1506,1749,2242,1994,5715,445
1774943457,3,5005008.0,4750644.5,660555.8,606107.7,130070.0,127440.2,130343.4,225904.3,79809.5,262.6,27.8,3.3,448,24.3,9.7,1507,1749,2243,1995,1507,1749,2242,1994,5716,445
1774943759,3,4990418.5,4751423.5,657953.8,605479.4,129895.4,127024.8,130066.9,225482.6,79782.9,286.2,27.8,3.4,456,24.3,9.7,1506,1748,2242,1994,1505,1747,2241,1993,5709,444
1774944057,3,4963399.5,4715436.5,655164.8,603215.1,129679.5,126647.1,130023.7,225097.0,79757.0,305.6,27.8,3.4,436,24.3,9.7,1507,1749,2243,1994,1507,1748,2242,1994,5714,445
1774944359,3,4948349.5,4695440.5,652823.9,602207.1,129243.6,126634.8,129873.8,224504.8,79732.5,325.7,27.8,3.4,520,24.3,9.8,1508,1750,2244,1995,1507,1749,2243,1994,5717,445
1774944657,3,4922591.5,4672524.5,651545.0,600246.9,128939.8,126199.6,129562.5,224584.7,79709.4,340.1,27.8,3.4,511,24.2,9.7,1508,1750,2244,1995,1507,1750,2242,1994,5717,445
1774944957,3,4906265.5,4657414.5,648468.1,597478.9,128921.1,125884.0,129445.4,223928.9,79686.9,352.1,27.8,3.4,487,24.3,9.7,1508,1750,2243,1995,1507,1749,2242,1994,5717,445
1774945259,3,4895270.0,4646010.5,646593.4,596401.1,128308.9,125588.1,129394.2,223709.9,79665.4,374.0,27.7,3.3,571,24.3,9.7,1508,1750,2243,1995,1507,1749,2242,1994,5717,445
1774945559,3,4877282.0,4624809.5,645670.9,594772.2,128242.7,125503.0,129007.1,222869.3,79645.0,396.9,27.8,3.4,552,24.2,9.7,1508,1750,2243,1994,1507,1749,2242,1994,5716,445
1774945857,3,4860472.0,4612834.0,644244.2,591475.3,127951.7,124865.0,128919.2,223714.3,79625.4,416.6,27.8,3.4,548,24.2,9.8,1508,1750,2244,1995,1507,1749,2243,1994,5717,445
1774946459,3,6207840.5,5885195.5,789364.3,722856.8,149377.2,145322.0,141138.7,242109.5,80304.2,15.0,27.6,3.1,171,24.1,9.5,1508,1750,2244,1995,1507,1749,2243,1994,5715,445
1774946757,3,5823709.5,5530101.0,746412.7,684652.6,142921.5,139336.0,138272.8,238576.0,80257.7,36.4,27.7,3.2,179,24.1,9.5,1508,1750,2244,1995,1507,1750,2242,1994,5715,445
1774947059,3,5643831.5,5334855.0,726322.2,667872.6,139712.7,136451.6,136741.0,236233.4,80211.2,57.5,27.7,3.2,234,24.2,9.6,1508,1750,2244,1995,1507,1749,2242,1994,5715,445
1774947359,3,5518776.5,5222470.0,713639.3,655216.2,138101.2,134851.1,135507.5,234884.0,80166.9,75.0,27.7,3.3,235,24.2,9.6,1508,1750,2244,1995,1507,1750,2243,1995,5717,445
1774947657,3,5435860.5,5170137.5,706447.7,647201.2,136770.8,133375.8,134787.5,232984.8,80123.9,91.5,27.7,3.3,283,24.2,9.6,1508,1750,2243,1995,1508,1749,2242,1994,5716,445
1774947959,3,5386492.5,5119052.5,697551.4,642652.6,135616.5,132307.1,133906.2,232318.6,80082.4,105.7,27.7,3.3,269,24.2,9.7,1508,1750,2243,1995,1507,1749,2242,1994,5715,445
1774948259,3,5325138.5,5059538.5,692774.2,635918.9,134931.1,131716.5,133572.7,231496.6,80042.7,121.8,27.7,3.3,302,24.2,9.7,1508,1749,2243,1995,1507,1749,2242,1994,5714,445
1774948557,3,5275598.0,5008642.0,688956.3,633330.1,134099.8,130655.3,133160.5,230574.5,80005.1,142.3,27.7,3.3,277,24.2,9.6,1508,1749,2243,1995,1507,1749,2242,1994,5714,445
1774948857,3,5222330.5,4975538.5,683330.1,627952.8,133229.2,130356.7,132642.5,229847.4,79969.1,161.0,27.7,3.3,370,24.2,9.7,1507,1749,2242,1995,1507,1749,2242,1994,5713,445
1774949159,3,5187742.5,4941457.5,679346.2,624241.6,132998.2,129771.9,132392.6,229048.8,79933.9,179.3,27.7,3.3,323,24.2,9.7,1507,1750,2243,1995,1506,1748,2242,1994,5712,445
1774949457,3,5156182.5,4914120.5,676646.2,621068.2,132619.8,129419.0,131893.0,228824.1,79900.6,194.6,27.7,3.3,318,24.2,9.7,1508,1749,2243,1995,1507,1749,2242,1994,5714,445
1774949757,3,5132978.0,4879553.0,673240.9,619658.2,131574.1,128606.9,131196.6,228164.6,79868.7,208.9,27.7,3.3,341,24.2,9.7,1508,1750,2243,1995,1507,1749,2242,1994,5714,445
1774950059,3,5104006.0,4845842.0,668647.0,614950.4,131420.7,128338.5,131187.9,227399.8,79838.6,232.3,27.7,3.3,382,24.2,9.7,1507,1750,2243,1996,1507,1749,2242,1994,5715,445
1774950357,3,5061498.5,4812680.5,666517.9,612049.7,130904.2,127759.9,130618.7,226916.7,79808.9,251.5,27.7,3.3,408,24.2,9.7,1508,1750,2244,1996,1507,1749,2242,1994,5715,445
1774950659,3,5059303.5,4794198.0,664047.3,610321.4,130491.5,127280.0,130821.8,226755.1,79780.8,266.8,27.7,3.4,431,24.2,9.7,1507,1750,2243,1995,1507,1749,2242,1994,5715,445
1774950959,3,5019046.5,4775590.5,660735.5,606589.6,130272.0,126867.2,130403.0,225298.2,79753.8,281.2,27.7,3.4,399,24.2,9.7,1507,1749,2243,1995,1507,1749,2242,1995,5716,445
1774951257,3,5001644.5,4745336.5,658723.3,605641.2,129557.7,126747.2,129786.5,225513.6,79728.3,298.2,27.7,3.4,475,24.2,9.7,1508,1750,2243,1995,1507,1749,2243,1994,5716,445
1774951559,3,4984076.5,4728098.5,656711.2,602229.0,129626.0,126253.1,129831.1,224803.4,79703.5,317.2,27.7,3.3,461,24.2,9.8,1508,1749,2243,1995,1507,1749,2242,1995,5716,445
1774951857,3,4956394.0,4706868.0,653915.0,600002.9,128882.1,125973.9,129572.4,224389.4,79679.1,335.9,27.7,3.4,502,24.2,9.8,1507,1749,2243,1995,1507,1749,2242,1995,5715,445
1774952157,3,4931699.5,4689213.5,652532.1,599154.6,128411.8,125750.5,129416.8,223807.2,79656.3,358.3,27.7,3.4,513,24.2,9.7,1508,1749,2242,1995,1507,1749,2242,1994,5713,445
1774952459,3,4909996.0,4669889.5,649319.8,597100.8,128774.9,125397.8,129080.0,224081.4,79634.6,373.5,27.7,3.4,518,24.2,9.7,1506,1748,2241,1994,1505,1747,2241,1993,5709,444
1774952757,3,4900687.5,4656050.5,648792.1,595119.4,128316.8,125165.3,128849.9,223527.9,79613.6,389.5,27.7,3.3,545,24.2,9.8,1508,1750,2243,1995,1507,1749,2242,1995,5714,445
1774953059,3,4888660.0,4644990.5,646466.7,594174.2,127519.7,124766.9,129042.7,222934.4,79593.7,404.5,27.7,3.4,559,24.2,9.8,1507,1749,2243,1995,1507,1748,2242,1994,5714,445
1774953657,3,6287710.5,5999153.5,799423.8,733289.1,150555.9,146600.1,142244.4,243894.4,80266.5,12.9,27.6,3.1,151,24.1,9.4,1508,1750,2242,1995,1508,1750,2242,1995,5716,445
1774953959,3,5933378.5,5633456.5,758736.8,695991.2,144785.3,140882.7,139241.2,240366.3,80220.3,33.8,27.7,3.2,183,24.1,9.6,1508,1750,2243,1995,1507,1749,2242,1994,5716,445
1774954257,3,5743844.0,5454008.0,737862.0,677606.3,141246.6,137982.9,137556.8,238570.6,80173.8,54.7,27.7,3.3,214,24.2,9.6,1508,1750,2243,1995,1508,1749,2242,1994,5717,445
1774954557,3,5635060.0,5330747.5,724933.2,665068.2,139341.0,136406.5,136606.3,236950.2,80129.5,67.9,27.7,3.2,238,24.2,9.6,1508,1749,2244,1995,1508,1749,2243,1995,5718,445
1774954859,3,5533982.0,5253956.5,716677.3,658224.6,137997.4,134868.1,135777.9,235796.3,80086.0,86.7,27.7,3.3,285,24.2,9.7,1508,1750,2243,1995,1507,1749,2241,1994,5715,445
1774955159,3,5465867.5,5192703.0,709475.4,651333.4,137214.4,133897.4,134839.2,234600.3,80044.5,101.4,27.7,3.3,272,24.2,9.7,1508,1750,2243,1995,1507,1749,2242,1995,5716,445
1774955459,3,5425564.5,5167429.5,704411.3,646896.2,136322.9,133117.6,134673.8,232963.3,80005.2,123.7,27.7,3.3,284,24.2,9.7,1508,1750,2244,1995,1507,1749,2243,1994,5715,445
1774955759,3,5378248.0,5098386.5,698839.5,642108.8,135575.3,132497.9,133964.6,232305.4,79967.2,143.3,27.7,3.3,282,24.2,9.7,1508,1750,2243,1995,1507,1749,2242,1994,5715,445
1774956059,3,5333416.5,5084101.5,694912.8,638578.0,135620.5,131904.2,133133.7,231568.4,79930.2,156.2,27.7,3.3,313,24.2,9.7,1508,1750,2243,1995,1507,1749,2243,1994,5715,445
1774956359,3,5304278.5,5042851.5,691843.8,636000.8,134245.3,130923.5,133283.5,231205.3,79895.1,178.7,27.7,3.3,259,24.2,9.7,1508,1750,2242,1994,1508,1749,2242,1994,5715,445
1774956659,3,5270273.5,5018044.0,687180.6,631987.8,134109.6,130417.4,132874.5,230823.6,79861.9,196.8,27.7,3.3,361,24.2,9.8,1508,1750,2243,1995,1507,1749,2242,1994,5715,445
1774956959,3,5227224.0,4974142.5,684456.2,628438.8,132977.4,130187.9,132376.6,229779.6,79830.2,215.6,27.7,3.3,367,24.2,9.7,1508,1750,2243,1995,1508,1749,2242,1995,5718,445
1774957259,3,5214870.0,4946968.0,681284.3,626212.5,132776.8,129735.7,132203.8,229516.2,79799.4,228.3,27.7,3.4,353,24.2,9.7,1508,1750,2243,1995,1507,1749,2242,1994,5718,445
1774957557,3,5174086.0,4919536.5,678690.0,621788.3,132327.1,129323.0,132083.6,229345.4,79770.3,245.3,27.7,3.3,414,24.2,9.8,1509,1750,2244,1996,1507,1749,2243,1994,5717,445
1774957857,3,5161604.0,4898090.0,674842.5,620297.2,132275.6,129051.1,131759.6,228922.5,79742.5,263.9,27.7,3.3,385,24.2,9.8,1508,1750,2243,1995,1507,1749,2242,1994,5715,445
1774958157,3,5118578.0,4869831.5,672357.4,617933.0,131635.4,128535.4,131380.8,227906.2,79715.6,280.1,27.7,3.3,401,24.2,9.8,1508,1750,2243,1994,1507,1749,2243,1994,5716,445
1774958457,3,5098157.5,4844984.5,669995.7,617273.7,131360.5,128029.0,131112.5,227789.8,79690.1,300.8,27.7,3.3,451,24.2,9.8,1508,1749,2243,1995,1507,1749,2243,1995,5716,445
1774958757,3,5076806.5,4824624.0,667166.8,613296.0,130702.0,127723.9,131059.3,227449.9,79665.2,315.4,27.7,3.3,465,24.2,9.8,1508,1750,2243,1995,1507,1749,2242,1994,5716,445
1774959057,3,5049557.0,4799854.0,665210.8,610749.8,130515.2,127621.2,131071.1,227181.6,79641.8,328.5,27.7,3.3,481,24.2,9.8,1508,1750,2243,1995,1506,1748,2242,1994,5716,445
1774959357,3,5033036.5,4779148.0,661953.8,608362.9,129905.8,126919.1,130445.6,226804.9,79619.3,351.4,27.7,3.4,495,24.2,9.8,1507,1749,2243,1994,1507,1749,2242,1994,5716,445
1774959657,3,5004726.0,4753675.0,659588.2,606552.0,129859.4,126817.9,130008.4,225852.6,79597.5,368.9,27.7,3.3,536,24.2,9.8,1508,1750,2243,1995,1507,1749,2242,1994,5716,445
1774959957,3,4996493.5,4738782.5,657129.0,603937.2,129594.5,126391.0,129889.5,225423.2,79577.2,386.5,27.7,3.4,556,24.2,9.8,1508,1750,2243,1995,1507,1749,2243,1994,5715,445
1774960259,3,4979947.5,4728344.0,655649.8,603060.1,129394.3,126265.1,129589.0,225040.3,79557.8,405.3,27.7,3.4,565,24.2,9.8,1508,1750,2244,1995,1507,1750,2243,1995,5717,445
1774960859,3,6402292.5,6085348.5,808469.4,741526.8,152020.7,147636.8,142868.3,246054.8,80236.3,12.3,27.6,3.1,203,24.1,9.5,1507,1749,2242,1994,1506,1748,2241,1993,5714,445
1774961159,3,6029067.5,5705402.5,768077.4,703579.4,145497.2,142305.3,139850.8,241532.1,80190.8,31.9,27.6,3.2,217,24.1,9.6,1507,1749,2242,1994,1506,1748,2241,1993,5715,445
1774961459,3,5831952.0,5523221.5,746169.8,684877.4,142517.0,138947.9,138223.1,239942.1,80146.1,49.9,27.7,3.2,239,24.1,9.6,1507,1749,2243,1994,1507,1749,2242,1994,5718,445
1774961755,3,5688846.5,5402983.5,732585.3,672373.3,140403.9,137067.2,136979.8,237417.0,80102.1,74.4,27.7,3.2,216,24.2,9.7,1507,1749,2242,1994,1506,1748,2241,1993,5717,445
1774962059,3,5616092.5,5321966.0,723277.3,663062.1,138965.6,135978.1,136165.9,236895.7,80059.7,89.4,27.7,3.3,255,24.2,9.7,1507,1749,2242,1994,1506,1748,2241,1993,5717,445
1774962359,3,5526281.5,5247025.0,716226.2,656860.4,137908.7,134743.5,135560.4,235274.3,80018.7,99.8,27.7,3.3,279,24.2,9.7,1507,1749,2242,1994,1506,1748,2241,1993,5717,445
1774962659,3,5492365.5,5193526.5,710234.2,651589.8,137163.1,133767.8,134803.6,234919.2,79980.0,114.3,27.7,3.3,282,24.2,9.7,1506,1749,2242,1994,1505,1748,2241,1993,5714,445
1774962959,3,5424050.5,5156126.0,703379.4,646905.0,136203.9,132916.4,134476.1,233678.5,79943.0,137.6,27.7,3.3,281,24.2,9.7,1506,1749,2242,1994,1505,1747,2241,1993,5715,445
1774963259,3,5379190.0,5109660.0,697922.2,642645.4,135400.5,132329.7,133918.5,232413.6,79907.3,152.0,27.7,3.3,294,24.2,9.8,1505,1748,2242,1993,1505,1747,2241,1992,5713,445
1774963557,3,5328955.5,5068400.5,694211.3,638596.1,134868.8,131834.2,133705.4,232106.1,79873.2,165.2,27.7,3.3,341,24.2,9.8,1506,1748,2242,1993,1504,1747,2240,1992,5712,445
1774963857,3,5303363.5,5033176.5,692029.1,635431.0,134509.7,131092.3,133084.6,230860.2,79840.9,181.0,27.8,3.3,338,24.2,9.8,1506,1749,2242,1994,1505,1748,2240,1992,5711,445
1774964157,3,5276431.5,5010319.0,687708.2,632325.1,133681.5,130929.5,132843.6,230580.1,79809.9,203.6,27.8,3.3,363,24.2,9.8,1506,1748,2242,1993,1505,1748,2241,1992,5712,445
1774964457,3,5236856.5,4970982.0,685042.1,628755.3,133263.7,130280.2,132396.2,230216.9,79779.8,220.0,27.8,3.3,354,24.2,9.8,1506,1748,2242,1994,1505,1748,2241,1993,5714,445
1774964757,3,5202124.5,4943303.5,680807.0,626602.8,132706.2,129806.6,132137.6,229315.4,79751.7,233.7,27.8,3.3,398,24.2,9.8,1505,1747,2240,1993,1505,1747,2241,1992,5711,445
1774965057,3,5181295.5,4917123.0,678475.8,622781.1,132215.0,129286.4,132035.3,229086.8,79724.4,248.9,27.8,3.3,416,24.2,9.8,1507,1749,2243,1994,1506,1749,2242,1993,5715,445
1774965357,3,5155519.0,4892435.5,676003.8,621388.4,132077.2,129090.0,131630.3,228653.8,79698.5,263.9,27.8,3.3,413,24.2,9.8,1507,1750,2243,1994,1506,1748,2242,1993,5715,445
1774965657,3,5142616.5,4885678.0,673508.9,617646.8,131811.9,128364.8,131432.6,228117.1,79673.9,283.4,27.8,3.3,467,24.3,9.8,1507,1750,2243,1995,1506,1749,2242,1994,5716,445
1774965957,3,5107185.5,4852378.0,670237.2,617850.3,131129.4,127895.6,130998.8,227664.9,79650.4,300.5,27.8,3.3,440,24.3,9.8,1507,1750,2243,1994,1506,1749,2242,1994,5716,445
1774966257,3,5077542.5,4822537.5,667463.5,615363.2,130894.0,127765.1,131017.2,227332.6,79627.8,315.9,27.8,3.4,426,24.3,9.9,1506,1749,2242,1994,1506,1748,2242,1993,5714,445
1774966557,3,5047276.5,4795431.5,664645.5,610624.8,130399.3,127522.6,130429.0,227053.3,79606.4,333.8,27.8,3.4,529,24.3,9.8,1507,1749,2243,1995,1506,1749,2242,1994,5714,445
1774966857,3,5043450.5,4781335.5,662969.6,609662.2,130029.6,127302.5,130158.0,225994.7,79585.9,353.8,27.8,3.4,516,24.3,9.9,1507,1749,2242,1994,1506,1749,2242,1993,5716,445
1774967157,3,5015251.5,4764507.5,661119.5,607425.9,129670.9,127039.9,130093.6,225896.2,79566.7,370.4,27.8,3.4,522,24.3,9.8,1507,1749,2242,1994,1506,1749,2242,1993,5716,445
1774967457,3,4989168.5,4746906.5,658781.0,605206.2,129603.9,126460.4,129891.5,224742.1,79548.1,384.7,27.8,3.4,557,24.3,9.9,1507,1749,2242,1994,1506,1749,2241,1993,5716,445
1774968057,3,6438230.0,6117854.5,814284.6,744673.8,152137.4,148219.1,143097.1,245191.8,80248.7,10.2,27.7,3.1,164,24.2,9.5,1508,1750,2243,1994,1507,1749,2242,1993,5718,445
1774968359,3,6056860.0,5727745.5,769884.2,704901.1,145860.1,142055.7,139769.7,241952.5,80202.3,31.9,27.7,3.2,188,24.2,9.6,1507,1749,2242,1994,1507,1749,2241,1993,5716,445
1774968659,3,5825081.5,5550668.0,748499.3,687090.4,142473.4,139095.5,137902.1,238855.3,80156.6,51.5,27.7,3.2,208,24.2,9.7,1507,1750,2243,1995,1507,1749,2242,1994,5719,445
1774968957,3,5714428.0,5439204.0,735954.8,675458.2,140229.7,137216.0,136921.2,237797.7,80112.7,62.7,27.8,3.2,232,24.2,9.7,1507,1749,2242,1994,1506,1748,2240,1993,5715,445
1774969257,3,5647152.0,5355441.5,727359.2,667015.8,139091.7,135750.5,136159.4,236142.2,80069.6,80.7,27.8,3.3,260,24.3,9.7,1507,1749,2242,1994,1506,1748,2241,1993,5715,445
1774969559,3,5562550.5,5290328.5,719984.9,660804.6,138548.9,134866.4,135503.0,235346.7,80028.7,98.2,27.8,3.3,251,24.3,9.7,1507,1749,2242,1994,1506,1748,2241,1993,5714,445
1774969857,3,5519785.5,5249318.5,713097.8,656126.1,137595.0,134030.6,134904.7,234725.8,79989.5,118.7,27.8,3.3,271,24.3,9.8,1507,1749,2242,1994,1507,1749,2242,1994,5714,445
1774970157,3,5467049.5,5203814.0,708219.0,649384.0,136676.8,133644.0,134401.4,233958.6,79952.1,135.4,27.8,3.3,299,24.3,9.8,1507,1749,2242,1994,1506,1749,2241,1993,5715,445
1774970459,3,5417607.5,5143590.0,703511.7,646890.9,135735.3,132525.9,133845.0,233000.0,79916.5,153.1,27.8,3.3,317,24.3,9.8,1507,1749,2242,1994,1506,1749,2241,1993,5714,445
1774970757,3,5379746.5,5105579.5,699929.0,642826.7,135103.5,132021.4,133583.0,232240.7,79882.2,168.0,27.8,3.3,301,24.3,9.8,1507,1749,2242,1994,1506,1748,2241,1993,5715,445
1774971057,3,5334633.5,5071825.5,694785.7,639338.2,134756.2,131125.5,133327.3,231684.6,79850.0,184.6,27.8,3.3,366,24.3,9.8,1506,1749,2242,1994,1506,1748,2241,1993,5713,445
1774971359,3,5305478.0,5058874.5,692789.8,635847.9,133901.8,131053.9,132974.3,230506.1,79819.0,197.6,27.8,3.3,335,24.3,9.8,1507,1749,2242,1994,1506,1748,2241,1993,5715,445
1774971657,3,5288353.5,5034756.5,689992.0,635616.5,133955.3,130678.6,132806.0,230628.9,79789.4,217.8,27.8,3.3,359,24.3,9.8,1507,1749,2242,1994,1506,1748,2241,1993,5715,445
1774971959,3,5253692.5,4996154.0,686941.9,631132.6,133603.0,129939.9,132259.2,229540.2,79761.0,237.6,27.8,3.3,389,24.3,9.8,1506,1749,2242,1994,1505,1748,2241,1993,5713,445
1774972257,3,5220683.5,4959882.0,683575.4,627223.8,132730.9,129490.2,131986.8,229427.9,79733.9,250.3,27.8,3.4,422,24.3,9.8,1506,1749,2242,1994,1506,1748,2241,1993,5714,445
1774972557,3,5192493.5,4936240.0,680224.3,625680.4,132381.3,129228.1,131870.4,228757.4,79708.4,266.7,27.8,3.3,410,24.3,9.9,1506,1749,2242,1994,1506,1748,2241,1993,5714,445
1774972859,3,5172147.5,4912311.0,677309.6,621952.8,132191.9,129039.1,131275.1,228444.8,79684.7,285.7,27.8,3.4,436,24.3,9.8,1507,1749,2243,1994,1506,1749,2242,1994,5716,445
1774973157,3,5142055.5,4909231.5,675101.0,620064.6,131924.5,128384.4,130911.4,228099.4,79661.3,307.3,27.8,3.4,451,24.3,9.9,1507,1750,2244,1995,1507,1750,2243,1995,5718,445
1774973457,3,5127642.5,4870602.0,673649.0,618564.9,131236.0,128264.5,130933.1,227647.9,79639.2,325.4,27.8,3.4,453,24.3,9.9,1507,1749,2242,1994,1506,1748,2242,1993,5716,445
1774973759,3,5094459.5,4837912.5,669503.6,615594.6,131175.4,127951.0,130726.1,227394.9,79617.9,343.4,27.8,3.3,500,24.3,9.9,1507,1749,2243,1994,1506,1749,2242,1993,5714,445
1774974057,3,5084661.5,4835544.0,668503.9,613900.7,130799.9,127540.1,130603.2,226572.4,79597.6,358.4,27.8,3.4,515,24.3,9.9,1507,1749,2243,1994,1506,1749,2242,1993,5714,445
1774974357,3,5054681.5,4817643.5,665546.7,612191.2,130328.7,127618.0,130452.2,226375.5,79578.6,377.9,27.8,3.4,552,24.3,9.9,1507,1749,2243,1994,1506,1749,2242,1994,5714,445
1774974659,3,5036380.0,4782988.5,663358.6,610645.6,130224.8,126975.2,130047.3,225758.7,79560.4,389.3,27.8,3.4,559,24.3,9.9,1507,1750,2243,1994,1507,1749,2242,1994,5714,445
1774975257,3,6477015.5,6168608.5,819872.5,750893.1,152673.9,148356.2,142775.7,245728.1,80262.1,10.2,27.7,3.1,189,24.2,9.6,1507,1749,2242,1994,1506,1748,2241,1993,5714,445
1774975559,3,6095730.0,5789176.5,775659.2,710252.8,145905.1,142329.2,139850.8,242167.2,80215.8,27.6,27.8,3.2,175,24.2,9.6,1507,1749,2243,1994,1507,1749,2242,1993,5715,445
1774975857,3,5887422.0,5595287.5,753321.1,691451.1,142685.4,139142.3,137952.8,239349.3,80170.1,45.3,27.8,3.2,217,24.2,9.7,1507,1748,2242,1994,1506,1748,2241,1993,5714,445
1774976157,3,5757808.5,5466984.5,740709.4,680134.8,141274.1,137523.9,137221.5,238267.1,80125.6,64.2,27.8,3.2,230,24.3,9.7,1507,1749,2243,1994,1507,1749,2242,1994,5716,445
1774976459,3,5676486.5,5401835.5,732038.3,671587.3,139721.4,136277.5,136221.1,236379.8,80082.5,81.8,27.8,3.3,252,24.3,9.8,1507,1749,2243,1994,1507,1748,2241,1994,5715,445
1774976757,3,5621010.5,5322066.5,722969.0,663006.4,138323.3,135216.8,135541.7,235954.8,80041.3,102.1,27.8,3.3,258,24.3,9.8,1506,1749,2242,1994,1506,1748,2241,1993,5713,445
1774977057,3,5551490.0,5274184.0,719107.9,659969.6,137610.9,134417.4,134917.9,234540.9,80002.0,119.1,27.8,3.3,231,24.3,9.8,1506,1748,2242,1993,1505,1748,2241,1993,5713,445
1774977359,3,5518201.5,5230706.5,713497.2,654060.2,136985.4,133688.0,134607.6,234081.7,79964.2,134.7,27.8,3.3,303,24.3,9.8,1506,1748,2241,1993,1505,1747,2241,1993,5713,445
1774977659,3,5458017.5,5187527.5,707769.6,651544.7,136073.3,132894.7,134344.8,233038.6,79928.0,149.0,27.8,3.3,270,24.3,9.8,1506,1749,2242,1993,1505,1747,2241,1993,5713,445
1774977957,3,5399478.5,5143722.0,702556.3,645125.8,135524.3,132365.7,133622.7,232310.2,79893.7,168.1,27.8,3.3,327,24.3,9.8,1505,1748,2242,1993,1505,1748,2240,1993,5711,445
1774978259,3,5386193.5,5115890.5,701465.3,643640.6,135397.6,131956.4,133240.6,232091.0,79861.1,187.9,27.8,3.3,320,24.3,9.9,1506,1748,2241,1994,1505,1747,2241,1993,5711,445
1774978559,3,5334810.5,5084924.5,696341.9,639500.8,134407.1,131197.2,133021.8,231153.3,79830.3,207.5,27.8,3.3,308,24.3,9.8,1505,1748,2241,1993,1505,1748,2240,1993,5710,445
1774978857,3,5316469.5,5056886.5,693668.7,636483.7,133929.7,130963.6,132848.5,230900.7,79800.6,223.8,27.8,3.3,332,24.3,9.9,1505,1748,2241,1993,1506,1748,2241,1993,5712,445
1774979159,3,5285521.5,5026820.0,690138.8,633978.2,133527.5,130267.3,132503.1,230210.7,79772.1,235.4,27.8,3.3,378,24.3,9.9,1506,1748,2241,1993,1505,1748,2241,1992,5711,445
1774979457,3,5255698.0,5012173.0,688444.3,631209.5,133461.0,130155.2,132431.3,229546.9,79745.1,253.5,27.8,3.3,402,24.3,9.9,1507,1749,2243,1994,1507,1749,2242,1994,5716,445
1774979757,3,5244416.5,4993261.5,685314.0,627632.1,132870.9,129554.0,132101.7,229432.6,79719.5,273.1,27.8,3.4,399,24.3,9.9,1504,1747,2241,1993,1504,1747,2240,1992,5707,444
1774980059,3,5207542.0,4958374.0,682353.7,627215.8,132626.2,129074.2,131673.7,228635.4,79694.7,291.7,27.8,3.3,453,24.3,9.9,1504,1747,2241,1992,1503,1747,2239,1992,5706,444
1774980357,3,5174040.5,4937945.5,679630.9,625030.2,132329.0,128592.7,131305.2,228541.6,79671.1,312.3,27.8,3.3,482,24.3,9.9,1505,1748,2242,1993,1505,1747,2240,1992,5708,444
1774980657,3,5154007.5,4901315.5,677222.9,621351.2,131700.0,128373.3,131269.4,228505.0,79648.6,329.4,27.8,3.3,476,24.3,9.9,1505,1748,2242,1993,1505,1747,2241,1993,5710,444
1774980959,3,5136240.5,4885792.5,673980.5,619262.8,130984.8,128351.3,131156.8,227793.5,79626.6,345.2,27.8,3.3,497,24.3,10.0,1505,1747,2241,1993,1504,1747,2240,1992,5709,444
1774981259,3,5115465.0,4865850.0,672675.4,616189.1,130700.3,128008.1,130944.5,227100.0,79605.8,362.7,27.8,3.3,519,24.3,9.9,1505,1748,2241,1993,1504,1746,2240,1992,5707,444
1774981557,3,5094667.5,4844130.0,670637.7,614921.2,130743.0,127692.1,130556.2,227116.2,79585.8,371.9,27.8,3.4,548,24.3,9.9,1504,1748,2241,1993,1504,1747,2239,1992,5708,444
1774981857,3,5084545.5,4833055.5,669882.2,613914.2,130756.5,127542.2,130556.4,226670.1,79567.3,390.9,27.8,3.4,552,24.3,9.9,1504,1747,2241,1993,1504,1747,2239,1992,5706,444
1774982457,3,6518509.5,6198410.5,821785.8,753885.5,153110.6,149009.9,143683.5,246989.7,80261.3,15.1,27.7,3.1,160,24.2,9.6,1507,1750,2243,1994,1507,1749,2241,1994,5713,445
1774982757,3,6131046.5,5818309.5,781946.9,713995.3,146658.4,142954.3,140410.6,242807.1,80214.5,34.5,27.8,3.1,189,24.2,9.7,1507,1749,2242,1994,1506,1749,2241,1993,5713,445
1774983059,3,5933720.5,5643376.0,759531.5,693068.4,143746.5,139922.9,138541.2,240300.6,80168.3,55.2,27.8,3.2,241,24.3,9.8,1507,1749,2242,1994,1506,1748,2241,1993,5712,445
1774983359,3,5799562.5,5514925.5,744230.6,682864.4,141267.3,138035.9,137288.3,238767.5,80123.8,75.0,27.8,3.2,252,24.3,9.8,1508,1750,2243,1995,1507,1750,2242,1994,5717,445
1774983657,3,5711367.5,5442316.5,735005.1,673743.6,140134.7,136555.1,136732.1,236767.5,80080.4,88.4,27.8,3.3,234,24.3,9.8,1507,1749,2242,1994,1507,1749,2242,1993,5716,445
1774983957,3,5651049.5,5353055.5,726852.6,668293.4,139154.3,135662.9,136000.6,236417.2,80039.0,105.3,27.8,3.3,255,24.3,9.8,1507,1749,2242,1994,1507,1749,2241,1993,5715,445
1774984257,3,5596784.0,5317973.5,722677.9,663550.6,138167.0,134985.3,135305.0,234474.9,79999.1,120.8,27.8,3.3,243,24.3,9.8,1507,1749,2242,1993,1506,1749,2241,1994,5713,445
1774984559,3,5546138.0,5261901.5,717807.7,657872.0,137558.8,133969.4,134953.9,234642.6,79960.4,137.5,27.8,3.3,307,24.3,9.9,1507,1749,2242,1994,1506,1748,2241,1993,5713,445
1774984859,3,5503454.0,5225905.5,712670.7,652842.2,136780.3,133474.1,134541.3,233913.4,79923.2,153.5,27.8,3.3,335,24.3,9.9,1506,1749,2242,1994,1506,1748,2240,1993,5712,445
1774985157,3,5456482.5,5194354.5,708496.2,651302.6,136659.8,133038.6,134143.0,232998.9,79888.0,170.8,27.8,3.3,318,24.3,9.8,1506,1748,2242,1994,1505,1748,2240,1992,5711,444
1774985457,3,5429929.0,5164517.5,705107.2,649041.6,135735.5,132504.3,133627.5,232213.4,79854.2,186.7,27.8,3.3,342,24.3,9.9,1506,1748,2242,1993,1505,1748,2241,1993,5711,445
1774985759,3,5392209.0,5124272.0,701122.8,641988.8,135043.2,131588.4,133314.6,231940.8,79821.5,201.6,27.8,3.3,353,24.3,9.9,1506,1749,2242,1994,1506,1748,2242,1994,5713,445
1774986059,3,5367099.5,5097082.5,699012.8,640494.2,134912.6,131742.3,133067.0,231062.8,79790.3,219.0,27.8,3.3,371,24.3,9.9,1506,1748,2242,1994,1505,1748,2240,1993,5711,444
1774986357,3,5322589.5,5084838.5,695790.8,638267.7,134326.5,131016.9,132762.3,230801.0,79760.5,231.5,27.8,3.3,382,24.3,9.9,1506,1748,2241,1993,1505,1748,2241,1993,5712,444
1774986657,3,5304254.0,5043626.5,691357.2,633664.3,133512.9,130315.5,132485.7,230561.2,79732.0,251.6,27.8,3.3,407,24.3,9.9,1505,1747,2241,1993,1505,1748,2241,1993,5711,445
1774986959,3,5271236.0,5025384.5,690202.5,633406.4,133093.4,129974.7,132223.2,229530.1,79705.1,269.4,27.8,3.3,404,24.3,9.9,1505,1748,2241,1993,1504,1747,2240,1992,5708,444
1774987259,3,5252854.0,4997706.0,686871.3,631264.7,133342.4,129699.4,132040.5,229477.8,79679.3,284.7,27.8,3.3,447,24.3,10.0,1506,1748,2242,1993,1505,1748,2241,1993,5713,445
1774987557,3,5226424.5,4975781.5,684513.4,629031.6,132725.0,129299.6,131773.5,228720.1,79655.2,304.9,27.8,3.4,475,24.3,9.9,1507,1749,2242,1994,1506,1748,2241,1993,5716,445
1774987857,3,5206566.0,4943119.5,682168.9,624602.2,132581.2,129098.8,131322.5,228493.9,79631.7,320.8,27.8,3.3,455,24.3,10.0,1508,1749,2243,1995,1507,1750,2242,1994,5718,445
1774988159,3,5184706.5,4937336.0,679110.0,623220.8,131526.1,128299.9,131225.1,227892.3,79610.2,341.9,27.9,3.3,512,24.3,10.0,1507,1750,2243,1994,1507,1749,2242,1993,5717,445
1774988459,3,5156252.0,4905878.0,676671.8,622078.6,131265.4,128486.9,130918.6,228008.2,79589.3,354.9,27.9,3.3,485,24.3,9.9,1508,1749,2243,1995,1507,1749,2242,1993,5718,445
1774988757,3,5126390.5,4879392.0,674415.8,618586.2,130980.2,127969.5,130385.5,227402.0,79569.4,372.7,27.9,3.4,507,24.4,10.0,1508,1750,2243,1994,1507,1749,2242,1993,5718,445
1774989057,3,5105990.5,4858097.5,671188.9,617191.9,130556.8,127342.6,130306.4,227140.8,79550.9,393.3,27.9,3.4,551,24.4,10.0,1508,1750,2243,1994,1507,1749,2242,1994,5719,445
1774989657,3,6556227.5,6246407.5,825828.9,755632.6,152873.4,148684.6,143237.1,246137.2,80215.1,11.7,27.8,3.1,175,24.3,9.6,1505,1748,2241,1993,1505,1747,2240,1993,5711,445
1774989959,3,6144738.5,5834322.0,778533.9,712709.3,146294.0,142430.4,140122.0,242067.6,80170.2,35.8,27.9,3.2,217,24.3,9.8,1506,1748,2242,1993,1504,1747,2241,1992,5711,445
1774990259,3,5908629.5,5632411.5,758028.2,693628.9,143071.3,139320.8,138058.1,239820.7,80126.1,50.3,27.9,3.2,185,24.4,9.8,1505,1748,2242,1993,1504,1747,2240,1992,5710,445
1774990557,3,5772482.0,5509507.5,743353.5,681157.4,141191.5,137390.9,136869.7,237693.2,80082.9,69.8,27.9,3.3,207,24.4,9.8,1505,1747,2241,1992,1504,1747,2240,1992,5710,445
1774990857,3,5713922.0,5415749.5,733925.2,673727.3,139830.1,135994.9,136002.1,236476.9,80041.2,85.8,27.9,3.2,194,24.4,9.9,1505,1748,2241,1993,1505,1747,2240,1992,5712,445
1774991157,3,5615036.0,5339645.5,725350.0,666254.1,138071.9,134763.8,135172.5,235063.5,80000.8,103.4,28.0,3.3,257,24.4,9.8,1505,1748,2241,1993,1504,1747,2240,1991,5710,444
1774991459,3,5549848.0,5267887.5,718210.5,657415.1,137258.6,133788.8,134736.8,233966.5,79961.8,120.9,28.0,3.3,285,24.5,9.9,1505,1748,2241,1993,1504,1747,2241,1992,5711,444
1774991757,3,5481610.5,5214359.0,713106.4,652741.6,136375.6,132596.0,133635.7,232318.1,79924.8,139.1,28.0,3.3,280,24.5,9.9,1505,1748,2242,1993,1504,1747,2240,1992,5710,444
1774992057,3,5450926.0,5173838.5,705241.2,648439.5,135689.6,132017.1,133465.0,231943.2,79889.1,157.9,28.0,3.3,260,24.5,9.9,1505,1747,2241,1992,1504,1747,2240,1991,5710,445
1774992357,3,5373539.5,5130000.0,700830.6,642704.4,134584.2,131322.5,132829.9,230958.3,79855.2,176.0,28.0,3.3,328,24.5,9.9,1504,1747,2241,1992,1504,1747,2241,1992,5710,444
1774992659,3,5338938.0,5075045.5,697323.2,640039.2,134021.7,130735.1,132135.6,230016.5,79822.6,193.2,28.1,3.3,312,24.6,10.0,1505,1748,2242,1993,1504,1747,2240,1992,5710,444
1774992957,3,5290118.0,5035450.0,692930.8,634520.9,133493.1,129904.6,131739.8,229764.1,79791.3,208.0,28.1,3.3,334,24.6,10.0,1505,1747,2242,1992,1504,1747,2241,1992,5711,444
1774993257,3,5259265.0,4995711.5,687855.2,631858.3,132715.8,129186.5,131423.5,228925.8,79761.5,228.3,28.1,3.4,347,24.6,10.0,1505,1748,2242,1993,1505,1747,2241,1992,5712,445
1774993559,3,5213783.5,4957835.5,683495.6,627173.8,132086.7,128519.6,130757.6,228206.1,79732.1,243.1,28.1,3.3,401,24.6,10.0,1504,1748,2241,1992,1504,1747,2240,1991,5710,444
1774993859,3,5172936.0,4928981.5,680536.1,624495.2,131710.1,128520.9,130723.6,227165.2,79703.7,263.3,28.1,3.4,408,24.6,10.0,1505,1747,2241,1992,1504,1747,2240,1992,5711,444
