1781849753,1AC,19256318.0,18532398.0,1735043.4,1624022.9,298238.8,284197.0,126832.8,175557.2,105488.2,0.0,26.7,26.5,87,22.6,34.9,1714,10981,11797,15542,18733,18598,18564,11471,54649,3228
1781850053,1AC,18585838.0,18063868.0,1701710.9,1586935.1,293308.8,278979.9,125936.5,173899.4,105505.3,0.0,26.8,27.0,110,22.7,35.6,1714,10980,11798,15541,18735,18601,18564,11472,54657,3231
1781850353,1AC,18234664.0,17751952.0,1673699.5,1566793.0,289743.9,275734.6,124653.3,172879.8,105514.4,0.0,26.9,27.5,74,22.8,36.1,1715,10983,11803,15544,18736,18601,18567,11472,54656,3229
1781850654,1AC,18018402.0,17510362.0,1663427.5,1548571.4,287200.6,272645.6,123456.0,171770.6,105518.1,0.0,27.0,27.9,69,22.9,36.6,1715,10984,11801,15541,18731,18599,18561,11471,54645,3228
1781850950,1AC,17864744.0,17402054.0,1647707.9,1544297.4,285916.7,270755.4,123265.0,171407.4,105518.4,0.0,27.0,28.2,85,22.9,37.0,1716,10986,11806,15546,18733,18602,18568,11475,54664,3230
1781851251,1AC,17789936.0,17285896.0,1637453.4,1534206.9,284976.1,269539.4,123038.3,171138.8,105514.2,0.0,27.0,28.5,102,22.9,37.3,1715,10982,11800,15538,18727,18597,18560,11470,54642,3227
1781851551,1AC,17740776.0,17287390.0,1637223.6,1533286.5,284018.3,268376.4,122748.3,170864.7,105507.9,0.0,27.1,28.7,83,23.0,37.6,1715,10985,11805,15544,18735,18601,18566,11473,54660,3229
1781851852,1AC,17702722.0,17264270.0,1634142.4,1530730.5,283632.0,268842.5,122441.4,170564.4,105498.8,0.0,27.1,29.0,98,23.0,37.9,1715,10983,11804,15540,18731,18597,18563,11470,54648,3228
1781852152,1AC,17681502.0,17274680.0,1640115.1,1533705.1,284018.3,268842.6,122519.5,170600.4,105488.1,0.0,27.1,29.2,95,23.1,38.1,1716,10984,11805,15541,18731,18599,18560,11471,54655,3228
1781852452,1AC,17793784.0,17306802.0,1637064.4,1532498.4,284601.1,269152.9,122369.7,170674.2,105475.9,0.0,27.1,29.3,115,23.1,38.3,1716,10988,11810,15544,18736,18601,18566,11474,54665,3229
1781852753,1AC,17834642.0,17333794.0,1641712.9,1536298.1,284084.2,270131.0,122447.8,170755.3,105462.4,0.0,27.2,29.5,83,23.1,38.6,1716,10988,11810,15545,18734,18602,18565,11474,54665,3229
1781853053,1AC,17865674.0,17393494.0,1645240.9,1538070.6,284395.5,269186.5,122363.4,170791.8,105448.2,0.0,27.2,29.7,108,23.1,38.7,1716,10993,11814,15549,18738,18605,18571,11475,54669,3230
1781853354,1AC,17824002.0,17399064.0,1644082.5,1543196.1,285238.8,271527.2,122564.6,170677.6,105433.4,0.0,27.2,29.8,70,23.1,38.9,1717,10993,11813,15551,18737,18605,18569,11477,54672,3229
1781853651,1AC,17997874.0,17477318.0,1654310.6,1550231.1,286129.1,271098.2,122917.1,170802.7,105417.3,0.0,27.2,30.0,86,23.1,39.0,1717,10991,11812,15545,18736,18602,18568,11475,54677,3229
1781853951,1AC,17978134.0,17494928.0,1654710.5,1554839.1,286445.6,272443.2,122883.1,171450.5,105400.9,0.0,27.2,30.1,82,23.2,39.2,1716,10988,11810,15543,18731,18597,18564,11472,54655,3228
1781854252,1AC,18045024.0,17578494.0,1657754.0,1553208.1,286978.9,272486.1,123127.4,171618.0,105383.0,0.0,27.3,30.2,85,23.2,39.3,1715,10986,11806,15540,18728,18596,18560,11470,54647,3228
1781854552,1AC,18165166.0,17717422.0,1669396.5,1562283.0,288327.7,273853.0,123023.1,171901.6,105364.8,0.0,27.3,30.3,110,23.2,39.4,1717,10991,11814,15546,18734,18603,18566,11475,54668,3229
1781854853,1AC,18256350.0,17753112.0,1673651.5,1565888.0,288944.2,275700.8,123754.3,172126.6,105347.0,0.0,27.3,30.4,90,23.2,39.6,1716,10989,11812,15543,18733,18604,18568,11474,54661,3228
1781855153,1AC,18375622.0,17853502.0,1683960.1,1576819.9,289945.4,274972.5,123650.5,172427.3,105328.6,0.0,27.3,30.6,110,23.2,39.7,1716,10992,11814,15548,18735,18604,18569,11475,54670,3229
1781855453,1AC,18498434.0,17979192.0,1690470.0,1580519.1,291086.8,277007.2,123874.3,172901.1,105310.1,0.0,27.3,30.6,105,23.2,39.8,1716,10990,11812,15544,18730,18599,18563,11472,54652,3229
1781855750,1AC,18589582.0,18065770.0,1694936.0,1588172.0,292001.1,278301.2,124333.2,172838.9,105291.1,0.0,27.3,30.7,94,23.2,39.9,1717,10994,11815,15549,18734,18603,18567,11474,54671,3229
1781856051,1AC,18748942.0,18172000.0,1704837.4,1591401.1,292816.5,279195.3,124729.6,173262.2,105272.1,0.0,27.3,30.8,92,23.2,40.0,1716,10990,11812,15543,18733,18602,18565,11472,54667,3228
1781856351,1AC,18889936.0,18282746.0,1716173.5,1596834.0,293840.6,281062.5,124761.0,173541.4,105251.7,0.0,27.3,30.9,98,23.2,40.2,1717,10997,11818,15550,18737,18606,18570,11476,54672,3229
1781856652,1AC,18923046.0,18335578.0,1718647.6,1607655.5,294709.9,282287.5,125070.6,173794.6,105230.2,0.0,27.3,31.0,72,23.3,40.2,1717,10994,11814,15546,18736,18604,18569,11475,54665,3228
1781856952,1AC,19082264.0,18574480.0,1727196.4,1615843.6,295381.4,282841.1,125611.2,174317.8,105209.7,0.0,27.3,31.1,116,23.3,40.3,1717,10996,11820,15552,18738,18608,18574,11478,54681,3229
1781857253,1AC,19155322.0,18571834.0,1731382.9,1625034.5,296571.0,283723.5,125651.8,174857.3,105188.8,0.0,27.4,31.2,103,23.3,40.4,1717,10995,11818,15551,18740,18609,18574,11478,54678,3229
1781857553,1AC,19294562.0,18854130.0,1740477.6,1633034.5,297887.9,285117.1,126339.0,175277.0,105167.4,0.0,27.4,31.2,90,23.3,40.5,1717,10993,11816,15548,18732,18602,18567,11475,54671,3229
1781857854,1AC,19344646.0,18835600.0,1752316.0,1640115.9,299146.3,286738.2,126243.0,175973.0,105146.2,0.0,27.4,31.3,111,23.3,40.6,1716,10988,11809,15540,18732,18600,18568,11473,54658,3228
1781858151,1AC,19559804.0,19057232.0,1763550.0,1648481.1,300888.8,287177.8,126551.7,175965.4,105124.8,0.0,27.4,31.4,87,23.3,40.6,1717,10996,11820,15551,18738,18608,18573,11478,54682,3230
1781858451,1AC,19617654.0,19171082.0,1771239.6,1649985.6,302054.8,287976.5,127014.7,175949.8,105103.2,0.0,27.4,31.4,91,23.3,40.7,1717,10993,11816,15546,18732,18602,18568,11475,54664,3229
1781858752,1AC,19714238.0,19142152.0,1773096.6,1661868.6,303011.0,289120.0,126893.8,176925.3,105080.1,0.0,27.4,31.5,98,23.3,40.8,1717,10995,11818,15549,18736,18605,18570,11475,54672,3229
1781859053,1AC,19853938.0,19372030.0,1784767.0,1676488.1,303912.2,290719.3,127719.3,177135.8,105057.4,0.0,27.4,31.6,100,23.3,40.9,1717,10993,11817,15548,18736,18602,18569,11476,54671,3228
1781859353,1AC,19951922.0,19550640.0,1793262.5,1677776.0,305647.0,291928.5,128098.3,178340.4,105034.0,0.0,27.4,31.6,95,23.3,40.9,1716,10991,11814,15544,18733,18601,18567,11475,54669,3229
1781859654,1AC,20131310.0,19636570.0,1804562.4,1693961.1,306888.8,292604.1,128406.0,177915.1,105011.8,0.0,27.4,31.7,84,23.3,41.0,1717,10998,11819,15551,18738,18609,18573,11478,54681,3230
1781859951,1AC,20147566.0,19673546.0,1814013.5,1697902.5,307703.3,293752.7,128663.9,178281.9,104989.0,0.0,27.4,31.7,121,23.3,41.1,1717,10997,11818,15551,18738,18607,18574,11477,54684,3230
1781860251,1AC,20363936.0,19856008.0,1822324.4,1705143.1,309148.0,295587.4,128900.4,178978.4,104966.3,0.0,27.4,31.8,102,23.3,41.1,1716,10991,11816,15544,18735,18602,18570,11475,54670,3231
1781860552,1AC,20445888.0,19929902.0,1834565.5,1721730.1,310571.5,297041.9,129157.0,179111.3,104943.4,0.0,27.4,31.8,119,23.3,41.2,1717,10998,11821,15551,18746,18616,18582,11482,54708,3231
1781860853,1AC,20646312.0,20147544.0,1841598.0,1731037.0,311697.5,297685.2,129738.9,179770.7,104920.6,0.0,27.4,31.9,79,23.3,41.3,1718,10998,11820,15553,18739,18610,18575,11477,54679,3229
1781861151,1AC,20794838.0,20194738.0,1849148.6,1734916.1,312890.5,298382.8,130149.2,180437.1,104898.8,0.0,27.4,32.0,98,23.3,41.3,1717,10997,11821,15552,18743,18610,18578,11480,54687,3230
1781861452,1AC,20840030.0,20367902.0,1856799.1,1745578.0,314185.2,300046.2,130425.5,180519.1,104877.0,0.0,27.4,32.0,110,23.3,41.4,1718,10998,11820,15554,18741,18607,18573,11477,54677,3230
1781861752,1AC,20936098.0,20430168.0,1872233.1,1756158.0,315724.8,300921.5,130742.4,181406.5,104854.9,0.0,27.4,32.0,94,23.3,41.4,1717,10995,11819,15552,18736,18608,18573,11477,54677,3230
1781862053,1AC,21082546.0,20572562.0,1876746.9,1766423.0,316689.0,302795.7,131278.9,181839.2,104832.2,0.0,27.4,32.1,85,23.3,41.4,1717,10992,11817,15548,18735,18602,18568,11475,54667,3229
1781862354,1AC,21300842.0,20716218.0,1890643.0,1777474.4,318436.3,304000.3,131221.6,181980.7,104809.6,0.0,27.4,32.1,90,23.3,41.5,1717,10993,11816,15549,18740,18607,18574,11479,54683,3229
1781862651,1AC,21333046.0,20878086.0,1896763.9,1777478.5,319573.0,305463.8,131677.4,182454.2,104787.2,0.0,27.4,32.2,91,23.3,41.6,1718,11001,11823,15556,18745,18615,18581,11481,54703,3233
1781862952,1AC,21534482.0,20937084.0,1910366.4,1795013.5,320773.5,306534.3,132072.3,182953.1,104764.9,0.0,27.4,32.2,90,23.3,41.6,1717,10995,11820,15551,18740,18609,18575,11478,54691,3230
1781863252,1AC,21576798.0,21034606.0,1916962.0,1793159.0,321525.8,307344.9,132431.7,183193.0,104742.1,0.0,27.4,32.3,75,23.3,41.7,1718,10996,11818,15550,18737,18608,18572,11477,54674,3229
1781863553,1AC,21692534.0,21323494.0,1925562.9,1811236.6,323602.5,308473.5,133466.1,183454.3,104719.5,0.0,27.4,32.3,100,23.3,41.7,1718,10999,11821,15553,18747,18614,18579,11482,54705,3231
1781863853,1AC,21844818.0,21310686.0,1938057.4,1817779.0,324554.9,309374.0,133803.7,184659.5,104697.7,0.0,27.4,32.3,92,23.3,41.8,1717,10993,11817,15549,18737,18609,18571,11479,54682,3230
1781864151,1AC,21975730.0,21394014.0,1946255.6,1824479.1,326180.8,311172.2,134091.9,184817.2,104675.4,0.0,27.4,32.4,83,23.3,41.8,1717,10996,11819,15553,18735,18607,18573,11478,54676,3230
1781864451,1AC,22140480.0,21628672.0,1959184.5,1834565.6,327494.6,312579.5,134560.6,185400.6,104653.9,0.0,27.3,32.4,91,23.3,41.8,1717,10997,11820,15553,18740,18609,18575,11478,54685,3229
1781864752,1AC,22313698.0,21734792.0,1968714.1,1843978.9,329021.1,313396.4,134835.6,185700.5,104633.3,0.0,27.4,32.5,87,23.3,41.9,1717,10996,11820,15551,18737,18609,18572,11477,54685,3229
1781865053,1AC,22409594.0,21891392.0,1975346.6,1856521.0,330592.7,314719.8,135274.8,186520.7,104611.6,0.0,27.4,32.5,85,23.3,41.9,1717,10998,11820,15553,18740,18611,18576,11478,54686,3229
1781865353,1AC,22468976.0,21951606.0,1986256.5,1861930.9,330942.5,315480.7,135392.5,186530.1,104589.9,0.0,27.3,32.5,99,23.3,42.0,1718,10995,11820,15553,18741,18611,18577,11479,54690,3230
1781865650,1AC,22711154.0,22176688.0,1996189.0,1870369.6,332658.8,317685.3,135729.5,187203.7,104567.2,0.0,27.4,32.5,110,23.3,42.0,1717,10996,11820,15552,18744,18615,18581,11481,54706,3232
1781865951,1AC,22844970.0,22271778.0,2010435.0,1877090.0,333929.3,318441.8,136199.3,187453.7,104544.8,0.0,27.4,32.6,68,23.3,42.0,1718,10997,11820,15554,18740,18612,18574,11478,54689,3229
1781866252,1AC,22951678.0,22330100.0,2015564.1,1890646.0,335162.0,319394.7,136524.4,187660.4,104523.6,0.0,27.3,32.6,66,23.3,42.0,1718,11000,11824,15557,18743,18613,18578,11479,54697,3230
1781866553,1AC,23141122.0,22524662.0,2031782.0,1903873.1,337293.1,321124.0,137327.1,188440.6,104502.2,0.0,27.4,32.6,94,23.3,42.1,1718,11000,11823,15557,18745,18612,18581,11481,54696,3230
1781866853,1AC,23239090.0,22665992.0,2044574.6,1908084.1,338040.5,322487.3,137733.4,188712.0,104481.7,0.0,27.3,32.7,90,23.3,42.1,1717,10996,11820,15552,18738,18611,18576,11478,54684,3230
1781867154,1AC,23393832.0,22807310.0,2055696.4,1915174.6,339117.2,323129.0,137643.3,188967.5,104460.8,0.0,27.4,32.7,82,23.3,42.2,1717,10997,11820,15556,18744,18615,18578,11480,54702,3230
1781867451,1AC,23467858.0,22909486.0,2056892.1,1929989.6,340989.8,324996.8,138372.3,190300.3,104439.0,0.0,27.3,32.7,101,23.3,42.2,1717,10995,11820,15551,18743,18615,18577,11480,54695,3231
1781867752,1AC,23662378.0,23113880.0,2069356.1,1938468.1,342242.2,325972.3,138286.6,190515.1,104417.6,0.0,27.3,32.8,88,23.3,42.2,1717,10996,11819,15552,18741,18612,18576,11478,54693,3230
1781868052,1AC,23750714.0,23140458.0,2074039.6,1945938.0,343087.6,327235.2,138857.8,190594.9,104398.0,0.0,27.3,32.8,88,23.3,42.2,1718,10997,11821,15554,18743,18616,18579,11479,54699,3231
1781868353,1AC,23903170.0,23323290.0,2089189.6,1961111.0,344309.3,328724.6,139373.6,191405.2,104377.4,0.0,27.3,32.8,84,23.3,42.3,1717,10996,11821,15552,18737,18610,18572,11477,54682,3229
1781868650,1AC,24054682.0,23382614.0,2093342.4,1968638.0,346310.5,329674.1,139866.1,191230.7,104356.5,0.0,27.3,32.8,75,23.3,42.3,1717,10996,11819,15551,18739,18611,18576,11478,54680,3231
1781868951,1AC,24176880.0,23518458.0,2105882.2,1972959.9,347543.2,331415.6,140360.2,192077.8,104335.9,0.0,27.3,32.8,85,23.3,42.3,1718,10996,11821,15555,18743,18612,18578,11479,54688,3230
1781869252,1AC,24241106.0,23636066.0,2117438.8,1981319.0,349014.9,331552.8,140387.6,192585.6,104315.2,0.0,27.3,32.9,84,23.3,42.3,1718,10997,11820,15557,18746,18616,18581,11482,54697,3230
1781869552,1AC,24411962.0,23904050.0,2130542.2,2001952.5,350700.9,333658.7,140815.1,193054.9,104296.1,0.0,27.3,32.9,85,23.3,42.4,1718,10998,11821,15556,18746,18617,18583,11482,54705,3230
1781869853,1AC,24592186.0,23953662.0,2135761.2,2005843.6,351287.0,335134.2,141102.6,193560.9,104276.5,0.0,27.3,33.0,102,23.2,42.4,1718,10998,11822,15559,18746,18617,18584,11484,54709,3231
1781870154,1AC,24669482.0,24036454.0,2144418.8,2012257.5,352739.4,335700.6,141208.0,194202.2,104256.9,0.0,27.3,32.9,101,23.3,42.5,1718,10999,11823,15558,18751,18619,18583,11484,54710,3231
1781870451,1AC,24897338.0,24214554.0,2166155.8,2023292.4,353972.2,337483.2,141983.5,194236.4,104236.5,0.0,27.3,33.0,68,23.3,42.5,1718,10996,11820,15555,18745,18613,18581,11480,54692,3230
1781870752,1AC,25122062.0,24374002.0,2170074.8,2034403.1,355115.9,338015.9,141995.8,194903.6,104216.4,0.0,27.3,33.0,74,23.3,42.5,1718,10997,11820,15553,18743,18612,18576,11479,54692,3230
1781871053,1AC,25339846.0,24538936.0,2182735.2,2048091.6,356446.2,339251.2,142398.9,195356.3,104196.4,0.0,27.3,33.0,80,23.3,42.5,1718,11002,11826,15561,18751,18617,18586,11484,54717,3231
1781871354,1AC,25375574.0,24653790.0,2190032.0,2054275.0,357770.3,341081.7,142895.4,195988.8,104176.1,0.0,27.3,33.1,71,23.3,42.5,1718,11002,11826,15561,18752,18623,18586,11485,54722,3232
1781871651,1AC,25520424.0,24708266.0,2206917.0,2061364.5,359905.1,341871.3,143079.1,196946.4,104156.7,0.0,27.3,33.1,81,23.3,42.6,1718,11002,11828,15565,18751,18622,18585,11484,54706,3232
1781871952,1AC,25743790.0,25071448.0,2221982.2,2074126.5,361163.7,343109.6,143620.2,197237.2,104138.1,0.0,27.3,33.1,73,23.3,42.6,1718,11002,11826,15563,18755,18621,18591,11486,54721,3232
1781872252,1AC,25819298.0,25226130.0,2222548.2,2085028.9,362300.4,345116.8,144083.1,197408.7,104120.0,0.0,27.3,33.1,103,23.3,42.6,1718,10999,11824,15561,18752,18618,18583,11483,54712,3232
1781872553,1AC,25994514.0,25252090.0,2238258.8,2089312.4,363196.0,346283.0,144075.2,198072.4,104102.0,0.0,27.3,33.1,92,23.2,42.7,1719,11002,11827,15563,18750,18621,18582,11484,54709,3232
1781872854,1AC,26040584.0,25387518.0,2250689.0,2102445.5,364775.1,346240.2,144544.3,198198.0,104084.8,0.0,27.3,33.2,91,23.3,42.7,1719,11003,11828,15565,18751,18622,18586,11486,54715,3231
1781873151,1AC,26210512.0,25568690.0,2258924.8,2107344.0,366440.5,348568.0,145080.0,198847.1,104066.4,0.0,27.3,33.2,86,23.2,42.7,1718,11004,11827,15564,18749,18617,18582,11483,54716,3232
1781873452,1AC,26323688.0,25693888.0,2266099.8,2117687.8,367420.2,350083.0,145152.2,198793.4,104046.1,0.0,27.3,33.2,97,23.3,42.7,1718,10997,11821,15555,18747,18614,18582,11481,54700,3231
1781873752,1AC,26451922.0,25794038.0,2278545.5,2129913.8,368439.7,350250.9,145681.7,199551.5,104026.1,0.0,27.3,33.2,105,23.2,42.7,1718,10996,11819,15554,18742,18612,18576,11479,54693,3229
1781874053,1AC,26569846.0,25956544.0,2293354.2,2137386.2,370188.0,352344.8,146052.2,199854.2,104006.1,0.0,27.3,33.2,98,23.2,42.8,1718,10997,11820,15555,18743,18613,18578,11479,54691,3230
1781874353,1AC,26866578.0,26143970.0,2303698.2,2146897.2,371402.7,353189.5,146205.8,200520.9,103986.5,0.0,27.3,33.2,83,23.2,42.8,1718,10996,11821,15552,18743,18610,18579,11479,54694,3230
1781874654,1AC,26931776.0,26343520.0,2321355.2,2157323.8,372618.6,354025.0,146586.0,200546.7,103966.5,0.0,27.3,33.3,74,23.2,42.8,1718,11000,11824,15562,18753,18620,18587,11485,54724,3232
1781874951,1AC,27017186.0,26387648.0,2327052.8,2165209.2,374227.8,356065.8,147192.2,201171.0,103947.7,0.0,27.3,33.3,112,23.2,42.8,1718,10999,11823,15560,18747,18618,18582,11480,54704,3230
1781875251,1AC,27188912.0,26504350.0,2334403.0,2177638.2,375579.5,357473.6,146908.0,202228.3,103929.6,0.0,27.3,33.3,92,23.2,42.8,1718,11001,11824,15559,18748,18615,18583,11482,54701,3231
1781875552,1AC,27322238.0,26610576.0,2337442.0,2191732.8,377150.6,358387.2,148073.3,202264.9,103910.8,0.0,27.3,33.3,84,23.2,42.9,1718,10996,11821,15558,18740,18610,18575,11478,54686,3230
1781875852,1AC,27465374.0,26660962.0,2354531.0,2200388.2,378418.4,359626.8,147824.6,202874.5,103892.9,0.0,27.3,33.3,78,23.2,42.9,1718,10996,11820,15555,18741,18609,18575,11479,54677,3229
1781876153,1AC,27579136.0,26928358.0,2365485.8,2213974.5,379685.7,361075.3,148683.7,203195.8,103874.6,0.0,27.3,33.3,71,23.2,42.9,1718,10995,11822,15557,18745,18610,18579,11480,54708,3231
1781876453,1AC,27820498.0,27090166.0,2373222.8,2219754.8,381519.7,362482.6,148915.0,203195.7,103855.7,0.0,27.3,33.4,89,23.2,42.9,1718,10997,11822,15557,18746,18612,18581,11480,54692,3232
1781876751,1AC,27951530.0,27184736.0,2387230.2,2220384.0,382323.7,362900.4,149467.8,204526.8,103837.0,0.0,27.3,33.4,87,23.2,42.9,1718,10996,11818,15553,18743,18613,18578,11478,54692,3230
1781877051,1AC,28023106.0,27367594.0,2393325.2,2246265.0,383074.8,363993.4,149762.6,204493.3,103819.5,0.0,27.3,33.4,95,23.2,43.0,1718,10997,11820,15556,18750,18616,18585,11482,54711,3231
1781877352,1AC,28230258.0,27417946.0,2407844.0,2254899.8,385552.1,366462.8,149839.8,205543.2,103801.2,0.0,27.3,33.4,100,23.2,43.0,1717,10991,11815,15551,18739,18607,18572,11478,54685,3229
1781877652,1AC,28330530.0,27602738.0,2413984.0,2267061.0,386701.1,366829.3,150852.1,205311.2,103783.5,0.0,27.3,33.4,60,23.2,43.0,1719,11000,11823,15561,18747,18615,18581,11481,54701,3232
1781877953,1AC,28494752.0,27729482.0,2426199.8,2281891.0,387853.2,368405.0,150526.6,206359.8,103766.5,0.0,27.3,33.4,78,23.2,43.0,1718,10995,11820,15553,18744,18610,18578,11480,54687,3231
1781878253,1AC,28638792.0,27916120.0,2444721.8,2291507.8,389264.1,369757.2,152006.2,206292.5,103748.5,0.0,27.3,33.5,81,23.2,43.0,1717,10995,11818,15553,18742,18609,18576,11479,54696,3233
1781878551,1AC,28814254.0,28000520.0,2444810.2,2306141.8,390555.9,371126.2,151786.6,207532.4,103732.7,0.0,27.3,33.5,80,23.2,43.1,1717,10994,11817,15551,18744,18610,18575,11480,54682,3230
1781878851,1AC,28962898.0,28139390.0,2460038.8,2309760.8,392202.2,372441.3,152521.5,207942.3,103716.1,0.0,27.3,33.5,96,23.2,43.1,1718,10997,11822,15560,18747,18612,18581,11482,54695,3230
1781879152,1AC,29211246.0,28263570.0,2468536.8,2318155.0,393441.3,373287.8,152385.9,208704.8,103699.3,0.0,27.3,33.5,90,23.2,43.1,1718,10998,11823,15560,18745,18611,18579,11482,54691,3230
1781879452,1AC,29424570.0,28491694.0,2484334.8,2336251.8,394608.8,375029.4,152900.3,208963.1,103681.9,0.0,27.3,33.5,103,23.2,43.1,1718,10999,11823,15562,18746,18615,18580,11481,54702,3231
1781879753,1AC,29443624.0,28518544.0,2489273.0,2341366.8,396018.2,376068.6,153433.0,209303.7,103665.6,0.0,27.3,33.5,78,23.2,43.1,1717,10991,11817,15551,18740,18605,18573,11476,54674,3229
1781880053,1AC,29619242.0,28739534.0,2496395.2,2347588.2,396891.2,377163.7,153659.3,208854.3,103649.6,0.0,27.3,33.5,74,23.2,43.1,1717,10996,11821,15557,18748,18616,18582,11483,54703,3232
1781880351,1AC,29858552.0,28974178.0,2507308.8,2358522.2,398642.8,378841.3,153921.5,210033.1,103633.2,0.0,27.3,33.5,86,23.2,43.1,1718,10997,11821,15558,18751,18620,18587,11485,54717,3231
1781880651,1AC,29830914.0,28992650.0,2515040.2,2371090.8,399548.0,379573.0,154324.6,210640.0,103616.6,0.0,27.3,33.6,75,23.2,43.2,1718,10997,11821,15560,18746,18618,18585,11483,54707,3231
1781880952,1AC,30085306.0,29226054.0,2527338.0,2374296.2,400932.8,381468.7,154554.7,211155.2,103600.6,0.0,27.3,33.6,97,23.2,43.2,1718,10996,11821,15558,18742,18609,18579,11480,54695,3230
1781881252,1AC,30162848.0,29513210.0,2539467.0,2382780.2,402275.7,382051.4,155025.7,211356.5,103584.0,0.0,27.3,33.6,72,23.2,43.2,1718,10996,11819,15556,18743,18613,18577,11481,54693,3231
1781881553,1AC,30296790.0,29570758.0,2550467.0,2398028.2,404052.6,383063.3,155338.2,212000.5,103568.8,0.0,27.3,33.6,74,23.2,43.2,1718,10996,11820,15557,18754,18616,18584,11485,54709,3234
1781881854,1AC,30482184.0,29710662.0,2559024.2,2402952.0,406544.3,385158.3,156020.5,212382.0,103552.8,0.0,27.3,33.6,87,23.2,43.2,1718,10997,11820,15557,18743,18610,18579,11482,54694,3230
1781882151,1AC,30664782.0,29891848.0,2570027.2,2410190.0,407092.0,385720.1,156188.3,212615.4,103536.7,0.0,27.3,33.6,63,23.2,43.2,1718,10997,11820,15558,18741,18612,18579,11479,54689,3231
1781882452,1AC,30660526.0,29875976.0,2577242.2,2420216.2,408867.7,386940.4,156730.5,212936.6,103520.7,0.0,27.3,33.7,78,23.2,43.2,1718,10998,11822,15561,18747,18617,18582,11483,54703,3231
1781882752,1AC,30933728.0,30146086.0,2593605.8,2437451.8,409945.7,388987.7,156551.4,213521.4,103505.2,0.0,27.3,33.7,89,23.2,43.2,1718,10999,11823,15561,18748,18614,18580,11481,54697,3231
1781883053,1AC,30948882.0,30225864.0,2591067.8,2439131.2,411186.1,389683.6,157281.3,213549.5,103489.4,0.0,27.3,33.7,73,23.2,43.3,1718,10998,11822,15559,18751,18619,18586,11485,54713,3231
1781883353,1AC,31144414.0,30364898.0,2610061.0,2453741.0,411993.9,390390.1,157546.7,213848.0,103474.6,0.0,27.3,33.7,90,23.2,43.3,1718,10996,11819,15557,18747,18614,18581,11482,54700,3231
1781883654,1AC,31320040.0,30546616.0,2618715.8,2462222.0,413108.4,392406.6,157455.5,214735.1,103459.8,0.0,27.3,33.7,84,23.2,43.3,1718,10999,11821,15560,18746,18614,18578,11481,54695,3231
1781883951,1AC,31470216.0,30683134.0,2626471.8,2464852.0,414541.4,392887.6,158135.6,215174.3,103445.6,0.0,27.3,33.7,59,23.2,43.3,1718,10997,11821,15559,18747,18615,18583,11482,54704,3231
1781884251,1AC,31578962.0,30749328.0,2631865.2,2485257.2,417421.2,394569.7,158358.9,215028.5,103430.7,0.0,27.2,33.7,86,23.2,43.3,1718,11000,11824,15563,18753,18619,18587,11484,54716,3232
1781884552,1AC,31721514.0,30894382.0,2642206.8,2481653.0,419189.4,395390.3,158326.6,216291.9,103415.5,0.0,27.3,33.7,75,23.2,43.4,1718,11001,11824,15565,18751,18620,18585,11485,54715,3232
1781884852,1AC,31819946.0,31139880.0,2659911.8,2497004.8,419865.2,396557.0,159196.4,215809.5,103402.0,0.0,27.3,33.7,61,23.2,43.3,1718,11000,11826,15562,18751,18621,18588,11485,54712,3233
1781885153,1AC,31943842.0,31193136.0,2661193.8,2505102.2,421969.5,397608.3,159568.9,216419.1,103387.9,0.0,27.2,33.8,82,23.2,43.4,1717,10994,11819,15555,18740,18608,18579,11480,54688,3231
1781885454,1AC,32071000.0,31221694.0,2673812.2,2518457.0,422738.7,399093.1,159485.2,216320.6,103372.8,0.0,27.3,33.8,86,23.2,43.4,1719,11001,11826,15564,18752,18619,18587,11485,54714,3231
1781885751,1AC,32219272.0,31345784.0,2685820.2,2525009.2,424186.7,400755.8,159881.7,217379.6,103359.1,0.0,27.3,33.8,94,23.2,43.4,1718,11000,11824,15565,18752,18621,18587,11483,54709,3232
1781886051,1AC,32292294.0,31588870.0,2694340.0,2527134.8,426350.8,401953.5,160402.9,217743.8,103345.1,0.0,27.2,33.8,65,23.2,43.4,1719,11004,11827,15567,18754,18627,18591,11488,54732,3233
1781886352,1AC,32490456.0,31689874.0,2707962.8,2540519.2,427306.1,403029.5,160473.5,217748.4,103330.7,0.0,27.3,33.8,100,23.2,43.4,1719,11000,11824,15561,18750,18617,18586,11483,54710,3232
1781886652,1AC,32558490.0,31818824.0,2712699.0,2552716.0,429181.6,403823.1,160871.8,218904.7,103316.8,0.0,27.2,33.8,104,23.2,43.4,1718,11001,11822,15564,18750,18616,18584,11485,54713,3232
1781886953,1AC,32730518.0,31864054.0,2718250.2,2554243.2,430172.0,405478.7,161121.0,219313.3,103303.2,0.0,27.3,33.8,59,23.2,43.4,1718,10999,11822,15561,18749,18617,18583,11483,54704,3233
1781887254,1AC,32877666.0,32048926.0,2733138.8,2573407.0,431132.4,405670.2,161316.9,219678.2,103289.4,0.0,27.3,33.8,66,23.2,43.5,1718,11001,11824,15564,18751,18619,18586,11486,54705,3231
1781887551,1AC,33113286.0,32294426.0,2746903.2,2575228.0,432732.8,408541.2,162043.0,219999.2,103275.6,0.0,27.3,33.8,105,23.2,43.5,1718,10998,11824,15562,18751,18621,18585,11484,54713,3232
1781887851,1AC,33178310.0,32365744.0,2747646.0,2598029.0,434522.7,410135.0,162119.7,220804.7,103261.3,0.0,27.3,33.8,63,23.2,43.5,1718,10997,11821,15559,18751,18620,18586,11485,54711,3233
1781888152,1AC,33400608.0,32476264.0,2753472.8,2595101.0,434999.5,410291.4,162516.5,221000.3,103247.6,0.0,27.3,33.9,101,23.2,43.5,1718,10998,11825,15562,18753,18618,18585,11485,54714,3231
1781888453,1AC,33453362.0,32656616.0,2776675.2,2608341.8,436091.2,412665.8,162666.3,221198.2,103233.2,0.0,27.3,33.9,87,23.2,43.5,1718,10999,11822,15559,18748,18612,18581,11481,54694,3231
1781888753,1AC,33553202.0,32787674.0,2778329.0,2622019.0,437845.8,413784.5,162688.0,221759.8,103219.8,0.0,27.3,33.9,83,23.2,43.5,1719,10999,11824,15564,18751,18616,18584,11484,54703,3231
1781889054,1AC,33752748.0,32925230.0,2789025.2,2629235.2,439080.0,416542.2,163884.6,222084.1,103206.1,0.0,27.3,33.9,69,23.2,43.5,1719,10997,11823,15561,18748,18614,18583,11481,54702,3231
1781889351,1AC,33978636.0,33090088.0,2800704.0,2634170.8,440159.4,417126.1,163746.4,222123.7,103192.6,0.0,27.3,33.9,90,23.2,43.5,1718,10999,11822,15560,18750,18618,18584,11484,54713,3231
1781889652,1AC,34129824.0,33173168.0,2814342.8,2643248.0,441876.1,417953.7,163822.4,222919.5,103179.0,0.0,27.3,33.9,74,23.2,43.5,1718,10997,11823,15559,18746,18616,18581,11481,54704,3231
1781889953,1AC,34185108.0,33302218.0,2817847.2,2657495.0,442995.2,419651.5,164854.0,222968.8,103163.8,0.0,27.3,33.9,85,23.2,43.5,1718,10997,11822,15561,18746,18611,18581,11480,54702,3231
1781890254,1AC,34240336.0,33400294.0,2832506.8,2664097.2,443894.6,421218.0,164740.8,223819.8,103147.9,0.0,27.3,33.9,58,23.2,43.6,1719,10999,11824,15562,18755,18622,18588,11487,54720,3232
1781890551,1AC,34388832.0,33532506.0,2845774.8,2671863.8,445516.1,421946.8,165022.7,224369.7,103132.5,0.0,27.2,33.9,70,23.2,43.6,1718,11001,11825,15565,18755,18621,18587,11485,54719,3232
1781890852,1AC,34458496.0,33582652.0,2846634.0,2682733.2,446343.4,423218.8,165702.5,225018.3,103117.6,0.0,27.2,33.9,86,23.2,43.6,1718,10997,11821,15560,18745,18614,18582,11482,54704,3231
1781891153,1AC,34791916.0,33926540.0,2856839.8,2700467.0,448749.3,424748.3,166317.2,225668.1,103102.2,0.0,27.2,33.9,86,23.2,43.6,1717,10994,11818,15556,18739,18608,18574,11478,54686,3229
1781891453,1AC,34870836.0,34058460.0,2870340.2,2705941.8,449298.9,426633.5,165916.3,225996.1,103087.8,0.0,27.2,33.9,84,23.2,43.6,1718,10996,11822,15558,18742,18609,18577,11478,54682,3230
1781891750,1AC,35046868.0,34177668.0,2875085.8,2718518.0,451683.0,427729.8,166909.4,226560.8,103073.0,0.0,27.2,34.0,78,23.1,43.6,1718,11000,11823,15563,18750,18616,18581,11484,54705,3234
1781892051,1AC,35165156.0,34215292.0,2883917.0,2717492.2,452668.8,429982.1,167180.3,227079.4,103059.2,0.0,27.2,34.0,83,23.1,43.6,1719,11002,11825,15567,18755,18620,18587,11485,54717,3232
1781892352,1AC,35215892.0,34406612.0,2897540.2,2731213.2,453949.6,429884.5,167431.5,227009.0,103045.1,0.0,27.2,34.0,70,23.1,43.6,1719,11001,11825,15566,18753,18617,18586,11486,54713,3232
1781892652,1AC,35471972.0,34599192.0,2909646.0,2737618.2,454864.1,431555.3,167679.5,227613.5,103031.7,0.0,27.2,34.0,92,23.1,43.6,1718,10997,11822,15562,18751,18621,18586,11485,54719,3232
1781892953,1AC,35548296.0,34689424.0,2928257.8,2749373.5,456493.3,432533.8,167955.6,228044.1,103017.5,0.0,27.2,34.0,71,23.1,43.7,1718,10998,11823,15563,18754,18617,18586,11484,54710,3232
1781893253,1AC,35744704.0,34869632.0,2928984.8,2768568.8,458442.0,434241.6,168371.5,227885.2,103003.6,0.0,27.2,34.0,83,23.1,43.7,1717,10994,11818,15558,18746,18610,18581,11480,54698,3231
1781893551,1AC,35809068.0,34899648.0,2932035.0,2762192.0,458230.2,434745.3,168359.3,228358.3,102990.1,0.0,27.2,34.0,60,23.1,43.7,1719,10999,11825,15567,18756,18621,18590,11487,54724,3232
1781893851,1AC,35951668.0,35065040.0,2954667.0,2778740.8,460468.4,436573.5,169058.4,228842.3,102976.9,0.0,27.2,34.0,99,23.1,43.7,1717,10996,11821,15559,18750,18617,18584,11482,54709,3234
1781894152,1AC,36218692.0,35270692.0,2962668.2,2781044.2,462764.2,437067.4,169000.8,229896.4,102963.9,0.0,27.2,34.0,72,23.1,43.7,1718,10997,11822,15563,18752,18619,18587,11484,54712,3232
1781894452,1AC,36318524.0,35389444.0,2971135.0,2791554.0,464080.6,438931.7,169490.2,229349.8,102951.7,0.0,27.2,34.0,74,23.1,43.7,1719,10997,11824,15563,18748,18617,18584,11484,54710,3231
1781894753,1AC,36452716.0,35389644.0,2984006.0,2800897.8,464511.3,439645.9,169812.0,230069.7,102939.0,0.0,27.2,34.0,76,23.1,43.7,1718,10997,11821,15559,18751,18617,18585,11483,54721,3232
1781895053,1AC,36542464.0,35687192.0,2983828.0,2810179.2,466438.9,440709.3,170358.2,230467.7,102925.9,0.0,27.2,34.0,52,23.1,43.7,1718,10994,11819,15556,18747,18612,18581,11481,54705,3231
1781895354,1AC,36717132.0,35858348.0,3007324.2,2828756.8,467446.1,442346.2,170135.9,231142.6,102913.3,0.0,27.2,34.1,74,23.1,43.7,1719,11000,11824,15565,18754,18618,18590,11485,54717,3232
1781895651,1AC,37002472.0,35996268.0,3014917.8,2839834.2,468559.0,443405.6,170974.7,231236.9,102901.3,0.0,27.2,34.1,76,23.1,43.7,1719,11001,11827,15566,18752,18619,18588,11486,54722,3233
1781895952,1AC,36980580.0,36038592.0,3017870.2,2838982.2,469929.4,444292.7,171350.9,231385.8,102889.2,0.0,27.2,34.1,85,23.1,43.7,1718,10997,11822,15561,18751,18618,18586,11485,54712,3232
1781896252,1AC,37101404.0,36154124.0,3022014.2,2844785.2,471228.2,445385.3,171364.9,232045.3,102876.3,0.0,27.2,34.1,74,23.1,43.7,1719,10998,11825,15564,18756,18621,18590,11486,54727,3233
1781896553,1AC,37079616.0,36215164.0,3030080.8,2854330.0,472928.1,447015.8,171666.0,232325.6,102864.6,0.0,27.2,34.1,71,23.1,43.8,1718,10996,11820,15557,18753,18618,18586,11485,54710,3231
1781896853,1AC,37396352.0,36394416.0,3044792.0,2867547.8,474515.1,448277.3,171588.2,232597.5,102852.3,0.0,27.2,34.1,76,23.1,43.8,1717,10992,11817,15554,18742,18611,18577,11479,54693,3230
1781897153,1AC,37513372.0,36628528.0,3061502.2,2874769.0,476320.4,448757.4,172130.9,232917.9,102840.1,0.0,27.2,34.1,94,23.1,43.8,1718,10997,11820,15561,18751,18614,18585,11483,54710,3232
1781897451,1AC,37765900.0,36645004.0,3064579.8,2890468.2,476866.6,450306.5,172932.6,233517.1,102827.6,0.0,27.2,34.1,81,23.1,43.8,1718,11000,11825,15563,18754,18623,18590,11485,54728,3232
1781897751,1AC,37846656.0,36898060.0,3079920.8,2893448.0,478177.2,451445.3,173101.1,234371.5,102816.1,0.0,27.2,34.1,91,23.1,43.8,1719,10996,11823,15563,18750,18616,18584,11483,54706,3232
1781898052,1AC,38029024.0,36936768.0,3091524.2,2904985.2,479257.6,452138.2,173672.1,234391.3,102804.2,0.0,27.2,34.1,76,23.1,43.8,1718,10999,11825,15563,18747,18613,18581,11482,54706,3230
1781898352,1AC,38128176.0,37152276.0,3090036.8,2921860.2,482163.3,453546.7,173528.0,234940.7,102791.8,0.0,27.2,34.1,66,23.1,43.8,1718,10998,11825,15563,18753,18619,18589,11484,54715,3232
1781898653,1AC,38178012.0,37211916.0,3094680.0,2917714.0,482452.4,454360.3,173308.0,235295.6,102779.8,0.0,27.2,34.1,63,23.1,43.8,1718,10995,11823,15558,18752,18616,18587,11484,54707,3233
1781898954,1AC,38358580.0,37447244.0,3115040.8,2928617.0,484064.7,455431.0,173854.7,235460.5,102767.1,0.0,27.2,34.1,94,23.1,43.8,1718,10998,11825,15566,18753,18619,18584,11486,54713,3232
1781899251,1AC,38468140.0,37585796.0,3125379.0,2941091.0,485792.0,457158.9,174878.6,235881.5,102754.8,0.0,27.2,34.2,74,23.1,43.8,1718,10994,11820,15559,18748,18613,18582,11483,54704,3232
1781899552,1AC,38499116.0,37599980.0,3122295.0,2950596.2,486353.5,459174.7,174909.1,236125.9,102743.5,0.0,27.2,34.1,87,23.1,43.8,1718,11001,11827,15567,18755,18619,18591,11487,54718,3233
1781899853,1AC,38755056.0,37756048.0,3144553.2,2954708.0,487705.2,459097.6,175074.1,236407.9,102732.0,0.0,27.2,34.1,65,23.1,43.8,1718,10993,11820,15557,18747,18614,18583,11483,54697,3231
1781900153,1AC,38969260.0,37955552.0,3147861.2,2977481.0,488419.6,461391.4,175567.3,237682.4,102720.4,0.0,27.2,34.2,82,23.1,43.9,1718,10999,11825,15566,18756,18620,18588,11487,54719,3232
1781900454,1AC,39139888.0,38094640.0,3157687.8,2983163.8,490936.0,462761.5,175965.7,237324.0,102709.3,0.0,27.2,34.2,84,23.1,43.8,1719,10997,11822,15562,18750,18615,18584,11482,54706,3232
1781900751,1AC,39158832.0,38134244.0,3170891.8,2983655.2,491544.0,463678.2,175545.0,237977.0,102697.3,0.0,27.2,34.2,87,23.1,43.8,1719,11000,11825,15564,18758,18621,18590,11487,54724,3233
1781901052,1AC,39246244.0,38205764.0,3172002.0,2990046.0,492287.1,465075.0,176114.0,238619.4,102685.8,0.0,27.2,34.2,74,23.1,43.9,1718,10995,11818,15559,18748,18614,18581,11482,54701,3231
1781901353,1AC,39454144.0,38486972.0,3180428.2,3005699.2,493470.9,465888.8,176475.9,238739.4,102674.8,0.0,27.2,34.2,59,23.1,43.9,1718,10995,11821,15560,18749,18613,18582,11484,54705,3231
1781901653,1AC,39567484.0,38519756.0,3194299.8,3012799.2,494726.2,467467.6,176540.5,238854.7,102663.6,0.0,27.2,34.2,76,23.1,43.9,1719,10999,11823,15563,18749,18617,18583,11483,54703,3231
1781901950,1AC,39622740.0,38688572.0,3198726.2,3016136.0,496118.7,467881.1,177446.8,239603.0,102652.1,0.0,27.2,34.2,69,23.1,43.9,1716,10990,11815,15550,18738,18606,18573,11477,54674,3232
1781902251,1AC,39894144.0,38947048.0,3219203.0,3025183.0,498012.8,471262.2,176921.0,239638.5,102641.6,0.0,27.2,34.2,84,23.1,43.9,1718,10996,11820,15560,18748,18615,18583,11483,54704,3231
1781902552,1AC,39893104.0,38837260.0,3226866.0,3039280.0,498876.4,471398.6,177376.5,239846.0,102630.9,0.0,27.2,34.2,76,23.1,43.9,1718,10996,11821,15561,18751,18615,18583,11484,54696,3231
1781902853,1AC,40033260.0,39198992.0,3226054.0,3045931.0,499526.3,472171.2,177987.4,240314.8,102620.9,0.0,27.2,34.2,95,23.1,43.9,1718,10997,11823,15562,18753,18621,18585,11484,54711,3232
1781903153,1AC,40242444.0,39279140.0,3247028.2,3057843.0,501417.6,474184.2,179066.8,240940.9,102610.0,0.0,27.2,34.2,59,23.1,43.9,1718,10997,11821,15563,18748,18618,18583,11482,54708,3231
1781903451,1AC,40410756.0,39243252.0,3254620.0,3061212.0,502768.2,474682.6,179224.9,241487.1,102598.9,0.0,27.2,34.2,63,23.1,43.9,1719,11002,11824,15565,18756,18623,18591,11488,54727,3233
1781903751,1AC,40429324.0,39431656.0,3276671.8,3074099.0,503237.3,476688.8,178272.3,241472.0,102587.8,0.0,27.2,34.2,94,23.1,43.9,1719,10998,11825,15565,18758,18624,18593,11487,54731,3233
1781904052,1AC,40601004.0,39538708.0,3279183.8,3082703.8,504431.2,477299.5,179324.8,241517.2,102577.5,0.0,27.2,34.2,39,23.1,43.9,1718,10999,11823,15561,18756,18620,18589,11486,54715,3233
1781904352,1AC,40747632.0,39739216.0,3274107.2,3092896.0,506446.2,478518.4,179569.0,242296.4,102566.8,0.0,27.2,34.2,44,23.1,44.0,1719,11000,11825,15563,18754,18622,18585,11486,54719,3233
1781904653,1AC,40936612.0,39816992.0,3278289.2,3097823.0,506743.7,479668.1,180262.0,242844.0,102556.1,0.0,27.2,34.2,45,23.1,43.9,1718,10998,11824,15561,18749,18620,18589,11485,54713,3232
1781904951,1AC,41097180.0,39926832.0,3298678.8,3103347.2,509063.9,481135.6,179434.6,243398.9,102546.0,0.0,27.2,34.2,77,23.1,44.0,1718,10992,11820,15560,18746,18614,18579,11481,54692,3231
1781905251,1AC,41150468.0,40004492.0,3313197.0,3115398.0,509461.1,482109.6,181011.5,242750.1,102535.6,0.0,27.2,34.2,62,23.1,44.0,1718,10997,11824,15566,18753,18617,18585,11484,54708,3232
1781905552,1AC,41244812.0,40126908.0,3302244.0,3126942.8,510566.9,483659.8,181500.8,243073.1,102524.8,0.0,27.2,34.3,50,23.1,43.9,1719,10999,11823,15562,18752,18614,18581,11483,54702,3233
1781905853,1AC,41359900.0,40257616.0,3330272.2,3131482.8,511402.5,483685.1,181635.2,243898.0,102514.0,0.0,27.2,34.3,70,23.1,44.0,1718,10996,11819,15558,18754,18620,18588,11484,54717,3231
1781906153,1AC,41415616.0,40284784.0,3331949.0,3136179.2,512662.4,484988.3,180835.3,244400.7,102506.5,0.0,27.2,34.3,51,23.1,44.0,1718,10996,11825,15563,18754,18621,18589,11485,54709,3233
1781906454,1AC,41761460.0,40618104.0,3338929.2,3152365.0,514051.5,485871.8,181595.1,244122.2,102501.2,0.0,27.2,34.2,65,23.1,44.0,1718,10998,11823,15560,18748,18614,18583,11483,54710,3232
1781906751,1AC,41723600.0,40708364.0,3350447.2,3153917.2,514745.1,487276.5,181643.6,244161.6,102497.1,0.0,27.2,34.3,83,23.1,44.0,1718,10998,11823,15560,18755,18622,18589,11485,54724,3233
1781907051,1AC,42048468.0,40770092.0,3362810.0,3159280.8,515972.6,488444.6,181855.7,244872.7,102493.5,0.0,27.2,34.3,62,23.2,44.0,1718,10998,11826,15563,18753,18618,18588,11487,54715,3233
1781907352,1AC,42179484.0,40917824.0,3376025.8,3175489.8,515995.8,488714.0,182496.5,244749.0,102490.6,0.0,27.3,34.3,64,23.2,44.0,1718,10997,11823,15559,18747,18614,18579,11482,54702,3232
1781907652,1AC,42268288.0,40928524.0,3381668.8,3171778.0,517607.5,489603.6,182866.0,245098.9,102487.1,0.0,27.3,34.2,71,23.2,44.0,1718,10998,11825,15562,18750,18618,18588,11485,54716,3232
1781907953,1AC,42367860.0,41209344.0,3389193.8,3184876.8,517879.0,491432.0,182903.4,245419.1,102483.9,0.0,27.3,34.3,62,23.2,44.0,1718,10996,11825,15561,18749,18616,18584,11484,54708,3231
1781908251,1AC,42321884.0,41018404.0,3388068.8,3183229.2,518809.4,491218.7,183528.6,245397.5,102484.9,0.0,27.3,34.3,59,23.2,44.0,1719,11001,11829,15567,18758,18624,18592,11489,54738,3233
1781908551,1AC,42359852.0,41240816.0,3391990.0,3195139.0,519746.3,490849.4,183388.5,245526.9,102483.3,0.0,27.3,34.3,82,23.2,44.0,1719,11000,11828,15563,18755,18622,18589,11487,54722,3232
1781908852,1AC,42511280.0,41289644.0,3392715.0,3199979.8,520219.8,492056.9,183873.1,245581.7,102481.6,0.0,27.4,34.3,62,23.3,44.0,1718,10997,11824,15559,18749,18615,18582,11483,54707,3231
1781909153,1AC,42634000.0,41461964.0,3404680.2,3207385.0,520141.5,492571.1,183451.3,246008.4,102481.7,0.0,27.4,34.3,83,23.3,44.0,1718,10994,11824,15558,18742,18610,18577,11478,54686,3229
1781909453,1AC,42648240.0,41571604.0,3420595.2,3207199.8,521780.9,493463.0,183918.6,245657.1,102481.2,0.0,27.4,34.3,57,23.3,44.0,1718,10997,11826,15558,18746,18612,18581,11483,54699,3231
1781909754,1AC,42571940.0,41416260.0,3411073.2,3203937.0,521935.9,493139.7,183731.4,245881.3,102479.6,0.0,27.4,34.3,70,23.3,44.0,1719,10998,11826,15561,18746,18616,18583,11483,54713,3230
1781910051,1AC,42771188.0,41707880.0,3418931.0,3215984.0,521652.5,493660.4,184203.3,245995.6,102478.3,0.0,27.5,34.2,97,23.4,44.0,1719,11002,11831,15563,18752,18623,18591,11485,54729,3231
1781910351,1AC,42846964.0,41586976.0,3422313.2,3218524.8,521461.7,495025.6,183884.4,245854.5,102476.3,0.0,27.5,34.3,68,23.4,44.0,1719,11001,11831,15564,18753,18620,18589,11487,54725,3233
1781910652,1AC,42843296.0,41602676.0,3416163.2,3209424.8,522993.8,495215.1,184088.5,246014.6,102473.6,0.0,27.5,34.3,88,23.4,44.0,1719,11001,11829,15559,18745,18612,18580,11482,54703,3230
1781910953,1AC,42948804.0,41986432.0,3440199.8,3224560.8,523598.4,495382.0,184233.7,245961.5,102471.5,0.0,27.5,34.3,57,23.4,44.1,1719,10998,11828,15559,18750,18616,18584,11485,54718,3230
1781911253,1AC,43079244.0,42074688.0,3437721.0,3221507.0,524569.0,496025.4,184512.0,246497.7,102468.7,0.0,27.5,34.3,54,23.5,44.0,1719,11003,11832,15564,18752,18621,18589,11487,54726,3231
1781911550,1AC,43140544.0,41770184.0,3431172.8,3234354.8,524758.0,497023.9,184473.4,247166.1,102465.5,0.0,27.6,34.3,60,23.5,44.1,1720,11003,11832,15562,18753,18620,18587,11487,54721,3232
1781911851,1AC,43055452.0,42222484.0,3447536.0,3240871.2,524969.2,496502.5,184434.7,246433.7,102464.1,0.0,27.6,34.3,80,23.5,44.0,1720,10999,11831,15559,18749,18616,18586,11484,54707,3231
1781912151,1AC,43255096.0,42195652.0,3455621.2,3243214.2,526047.1,496961.3,184835.2,246351.1,102461.1,0.0,27.6,34.3,81,23.5,44.1,1720,11003,11833,15560,18748,18616,18583,11483,54713,3231
1781912452,1AC,43056356.0,42223256.0,3460245.8,3238001.8,526946.9,498260.4,184797.0,246769.0,102456.2,0.0,27.6,34.3,61,23.5,44.1,1720,11002,11835,15560,18748,18622,18589,11485,54715,3230
1781912752,1AC,43317988.0,42336604.0,3472464.8,3258450.0,527188.7,498408.8,185286.0,246849.4,102451.5,0.0,27.6,34.3,80,23.6,44.1,1720,11002,11833,15563,18747,18619,18585,11485,54722,3230
1781913053,1AC,43372560.0,42449836.0,3465413.2,3250165.2,527704.4,499384.6,184995.3,247752.0,102447.4,0.0,27.7,34.3,66,23.6,44.1,1719,11002,11833,15560,18749,18619,18585,11483,54716,3231
1781913354,1AC,43505536.0,42491096.0,3475614.0,3260509.8,528897.6,500927.2,185314.1,247205.6,102443.4,0.0,27.7,34.3,78,23.6,44.1,1720,11002,11835,15562,18742,18617,18581,11483,54708,3229
1781913651,1AC,43419728.0,42440308.0,3475215.0,3269258.2,529052.6,500543.2,185583.3,247456.2,102438.0,0.0,27.7,34.3,62,23.6,44.1,1719,11002,11833,15558,18746,18617,18585,11485,54712,3230
1781913951,1AC,43670004.0,42670876.0,3481967.2,3269768.2,529146.3,502161.5,185990.3,247995.8,102431.9,0.0,27.7,34.3,84,23.6,44.1,1720,11003,11834,15561,18747,18618,18585,11484,54710,3230
1781914252,1AC,43792028.0,42644000.0,3485251.2,3277214.0,529725.3,501590.2,185708.0,248050.6,102426.3,0.0,27.7,34.3,73,23.6,44.1,1720,11014,11839,15563,18744,18622,18588,11487,54744,3231
1781914552,1AC,43542188.0,42717012.0,3489477.0,3270846.8,531118.4,502917.7,186277.4,247426.2,102422.6,0.0,27.7,34.3,88,23.7,44.1,1719,11002,11832,15556,18741,18610,18578,11480,54703,3228
1781914853,1AC,43784068.0,42982692.0,3495389.2,3283852.0,530743.3,503518.9,185722.9,248366.4,102416.2,0.0,27.8,34.3,56,23.7,44.1,1720,11004,11837,15562,18752,18622,18588,11486,54721,3231
1781915153,1AC,43866868.0,42802620.0,3506433.2,3292270.0,532650.9,504362.8,185927.0,248041.6,102410.3,0.0,27.8,34.3,66,23.7,44.1,1720,11001,11834,15559,18745,18612,18580,11482,54710,3228
1781915454,1AC,44240080.0,43037908.0,3512986.8,3303104.8,533091.6,504875.9,186332.0,248709.4,102404.9,0.0,27.8,34.3,71,23.7,44.1,1720,11005,11839,15563,18750,18622,18588,11486,54730,3230
1781915751,1AC,44031008.0,43050332.0,3511138.2,3304169.0,532587.0,505387.1,186728.0,248516.8,102398.4,0.0,27.8,34.3,88,23.7,44.1,1720,11006,11837,15562,18745,18618,18584,11485,54722,3229
1781916051,1AC,44231544.0,43303596.0,3522201.2,3316992.2,534985.6,506463.3,186906.6,249030.8,102390.5,0.0,27.8,34.3,70,23.7,44.2,1720,11005,11838,15564,18746,18621,18586,11485,54711,3229
1781916352,1AC,44272800.0,43123700.0,3525983.2,3308042.8,534584.3,506089.1,186579.2,248252.6,102384.0,0.0,27.8,34.3,72,23.7,44.2,1721,11006,11840,15564,18751,18622,18589,11487,54735,3230
1781916652,1AC,44335788.0,43224240.0,3531230.2,3316831.2,535673.9,507684.4,187136.6,249414.8,102376.2,0.0,27.8,34.3,68,23.7,44.1,1720,11010,11840,15566,18747,18624,18587,11487,54723,3230
1781916953,1AC,44466936.0,43271548.0,3535002.2,3327652.8,537724.7,508392.6,187057.7,249280.8,102368.5,0.0,27.8,34.3,56,23.7,44.1,1721,11009,11842,15567,18752,18620,18589,11486,54733,3230
1781917253,1AC,44376544.0,43349952.0,3541647.2,3325575.0,538147.8,509319.7,187222.0,249959.4,102361.3,0.0,27.8,34.3,74,23.8,44.1,1720,11007,11838,15562,18749,18621,18589,11488,54727,3230
1781917551,1AC,44538116.0,43515236.0,3539545.2,3349439.2,539518.4,510067.4,187123.9,249438.7,102353.6,0.0,27.8,34.3,72,23.8,44.2,1720,11009,11842,15566,18754,18626,18592,11489,54739,3230
1781917851,1AC,44680420.0,43495092.0,3562661.2,3338194.8,539327.6,510003.0,187382.5,249228.4,102346.8,0.0,27.8,34.4,74,23.8,44.2,1720,11006,11840,15562,18748,18621,18587,11485,54724,3230
1781918152,1AC,44688944.0,43671204.0,3558805.8,3348923.2,539978.6,510908.1,187813.6,250342.1,102338.0,0.0,27.8,34.3,83,23.8,44.2,1720,11007,11840,15563,18752,18622,18588,11487,54722,3229
1781918452,1AC,44826624.0,43680288.0,3567514.8,3365260.8,540814.8,511884.0,187642.6,249705.7,102330.7,0.0,27.9,34.3,57,23.8,44.2,1720,11005,11838,15559,18744,18618,18582,11482,54710,3229
1781918753,1AC,44839172.0,43671024.0,3572785.8,3361507.2,541940.9,512824.6,187933.9,250185.2,102323.5,0.0,27.9,34.4,68,23.8,44.2,1720,11005,11839,15561,18748,18622,18588,11486,54722,3230
1781919053,1AC,45081568.0,43935664.0,3576237.8,3378889.2,542350.9,513299.6,188242.4,250784.6,102315.8,0.0,27.9,34.3,67,23.8,44.2,1720,11009,11842,15563,18750,18623,18587,11487,54724,3232
1781919351,1AC,45289812.0,44102124.0,3590223.0,3383438.0,542864.6,513922.8,188704.0,251077.3,102308.0,0.0,27.9,34.3,53,23.8,44.2,1721,11010,11845,15566,18755,18627,18594,11489,54744,3230
1781919651,1AC,45153760.0,44044324.0,3590717.0,3382797.2,543938.2,514730.4,188761.3,250717.9,102300.7,0.0,27.9,34.4,74,23.8,44.2,1722,11013,11844,15568,18759,18633,18598,11493,54758,3231
1781919952,1AC,45190492.0,44197216.0,3598330.8,3404291.8,544954.5,515716.2,189062.6,251481.8,102293.5,0.0,27.9,34.4,77,23.8,44.2,1720,11005,11840,15561,18746,18618,18584,11484,54718,3229
1781920252,1AC,45441108.0,44394940.0,3622045.0,3410969.2,545860.2,516646.1,189018.3,251697.3,102286.3,0.0,27.9,34.4,80,23.8,44.2,1720,11009,11842,15563,18752,18624,18591,11487,54736,3231
1781920552,1AC,45566800.0,44389676.0,3605163.2,3413066.2,546659.2,516174.0,188793.9,252776.6,102279.3,0.0,27.9,34.4,62,23.8,44.2,1721,11011,11847,15568,18756,18631,18596,11490,54753,3233
1781920853,1AC,45640276.0,44539988.0,3630244.2,3426339.2,548526.2,518588.1,189788.0,252113.9,102272.9,0.0,27.9,34.4,48,23.8,44.3,1721,11009,11844,15563,18752,18626,18593,11488,54741,3230
1781921153,1AC,45724224.0,44730092.0,3625563.0,3426952.2,548103.2,519249.8,189866.5,252160.3,102266.1,0.0,27.9,34.4,72,23.9,44.2,1720,11009,11842,15563,18752,18626,18590,11488,54733,3229
1781921454,1AC,45776544.0,44730540.0,3639081.2,3435406.0,550307.4,520171.9,189509.0,252765.2,102258.2,0.0,27.9,34.4,67,23.9,44.2,1720,11008,11843,15563,18748,18622,18586,11485,54724,3229
1781921751,1AC,45897140.0,44755428.0,3640345.8,3446800.0,550162.5,520091.6,189507.4,253135.1,102250.7,0.0,27.9,34.4,77,23.9,44.2,1720,11008,11841,15561,18752,18626,18592,11488,54735,3231
1781922051,1AC,45972512.0,44745612.0,3652021.8,3443216.8,550566.0,520765.6,190559.7,252133.5,102242.7,0.0,27.9,34.4,47,23.9,44.3,1721,11009,11842,15562,18748,18622,18587,11486,54727,3230
1781922352,1AC,46050448.0,44917156.0,3651734.8,3454267.8,550953.1,522137.9,190639.9,252553.5,102235.9,0.0,27.9,34.4,78,23.9,44.3,1720,11008,11840,15559,18743,18615,18584,11484,54721,3228
1781922652,1AC,46163452.0,45107140.0,3657228.2,3466700.0,553576.6,523426.3,190737.8,253429.6,102227.5,0.0,27.9,34.4,42,23.9,44.3,1721,11007,11842,15558,18744,18619,18584,11483,54720,3229
1781922953,1AC,46142144.0,45040604.0,3669075.0,3462946.8,553441.2,523794.8,190562.9,253648.2,102219.1,0.0,28.0,34.4,86,23.9,44.3,1720,11006,11838,15558,18744,18617,18585,11483,54724,3230
1781923253,1AC,46317148.0,45249376.0,3683259.0,3471605.0,553859.8,524431.2,190774.2,253309.5,102211.1,0.0,28.0,34.4,70,23.9,44.3,1720,11007,11839,15559,18745,18619,18583,11483,54716,3228
1781923554,1AC,46463788.0,45577180.0,3688292.8,3491605.8,555834.1,525890.0,190971.5,253883.1,102203.3,0.0,28.0,34.4,98,23.9,44.3,1720,11004,11839,15559,18747,18622,18587,11486,54719,3228
1781923851,1AC,46594320.0,45431168.0,3693311.0,3484865.2,556899.4,527143.2,191689.4,254346.9,102195.6,0.0,28.0,34.4,73,23.9,44.3,1721,11009,11845,15564,18752,18625,18591,11489,54741,3230
1781924152,1AC,46690788.0,45622724.0,3692788.2,3497755.0,558035.3,528371.2,191578.7,254558.8,102187.1,0.0,28.0,34.4,73,23.9,44.3,1721,11012,11846,15566,18754,18628,18594,11489,54743,3230
1781924453,1AC,46696924.0,45740016.0,3709716.0,3502096.0,558016.6,529662.5,192187.9,254010.8,102178.9,0.0,28.0,34.4,87,23.9,44.3,1721,11013,11847,15568,18756,18629,18595,11491,54742,3231
1781924753,1AC,46832444.0,45847316.0,3718966.0,3514501.0,559535.0,529019.2,192465.3,254607.0,102171.8,0.0,28.0,34.4,85,23.9,44.3,1721,11011,11843,15564,18751,18624,18589,11487,54729,3230
1781925050,1AC,46868812.0,45910880.0,3724351.2,3515694.0,560230.7,530123.9,192550.7,255143.5,102165.3,0.0,28.0,34.4,84,23.9,44.3,1720,11010,11844,15562,18747,18619,18585,11485,54722,3231
1781925351,1AC,47007536.0,45916316.0,3731139.2,3512542.2,561077.2,530907.7,192656.2,255504.4,102158.4,0.0,28.0,34.5,81,23.9,44.3,1721,11011,11844,15566,18752,18626,18590,11487,54734,3230
1781925652,1AC,47244912.0,46192020.0,3735379.2,3524466.0,561771.8,532306.2,192211.7,255734.1,102152.4,0.0,28.0,34.4,82,23.9,44.3,1720,11002,11838,15555,18744,18616,18581,11482,54710,3228
1781925952,1AC,47288924.0,46078740.0,3736977.0,3531798.2,563045.8,533020.4,192670.8,256424.7,102145.1,0.0,28.0,34.4,103,23.9,44.4,1721,11009,11844,15563,18748,18621,18589,11486,54727,3230
1781926253,1AC,47422924.0,46283980.0,3750373.2,3540619.0,563222.9,533869.0,193509.3,256366.6,102137.4,0.0,28.0,34.4,74,23.9,44.3,1720,11005,11840,15561,18743,18619,18582,11482,54716,3229
1781926553,1AC,47512580.0,46447708.0,3762244.8,3545069.0,564685.2,535094.2,194034.5,256295.5,102130.4,0.0,28.0,34.5,57,23.9,44.4,1720,11005,11840,15558,18744,18617,18585,11485,54723,3228
1781926854,1AC,47647164.0,46578288.0,3765095.8,3551492.0,565663.4,534608.1,194376.7,257511.9,102123.0,0.0,28.0,34.4,75,23.9,44.4,1720,11006,11840,15558,18744,18620,18582,11484,54714,3229
1781927151,1AC,47529568.0,46467028.0,3771602.2,3560989.2,566865.3,536307.6,194064.9,257018.9,102116.5,0.0,28.0,34.5,49,23.9,44.3,1720,11005,11839,15557,18749,18622,18584,11485,54727,3229
1781927451,1AC,47846604.0,46592256.0,3789341.2,3568497.0,567629.1,536788.5,194787.0,257933.7,102110.4,0.0,28.0,34.5,66,23.9,44.3,1720,11008,11840,15560,18744,18616,18582,11483,54711,3228
1781927752,1AC,48087136.0,46918816.0,3799069.2,3579474.2,569475.8,538720.1,194606.6,257312.4,102104.1,0.0,28.0,34.4,73,23.9,44.4,1721,11013,11844,15563,18755,18629,18598,11491,54751,3231
1781928052,1AC,48149356.0,47004132.0,3814359.8,3587448.0,568997.2,539159.1,194112.3,257693.9,102097.6,0.0,28.0,34.5,65,23.9,44.4,1720,11006,11843,15562,18747,18621,18587,11486,54726,3230
1781928353,1AC,48176244.0,47024432.0,3810068.2,3588855.0,569814.9,540359.9,195234.1,258089.0,102091.0,0.0,28.0,34.5,65,23.9,44.4,1720,11008,11843,15563,18745,18618,18585,11486,54715,3229
1781928654,1AC,48370324.0,47151556.0,3815851.2,3591016.2,570644.5,540073.6,195675.0,258208.4,102085.7,0.0,28.0,34.5,80,23.9,44.4,1720,11007,11843,15561,18751,18623,18587,11486,54723,3229
1781928951,1AC,48478352.0,47277540.0,3833082.0,3608036.0,571279.5,541955.8,195345.6,258221.0,102080.1,0.0,28.0,34.5,47,23.9,44.4,1721,11006,11842,15561,18749,18619,18587,11486,54724,3228
1781929252,1AC,48469948.0,47307396.0,3826623.0,3613639.8,572645.0,542309.8,195540.3,258845.4,102076.1,0.0,28.0,34.5,87,23.9,44.4,1721,11009,11843,15563,18746,18617,18586,11485,54718,3228
1781929552,1AC,48713932.0,47431932.0,3837442.8,3616246.8,574208.2,543115.8,195932.9,258863.1,102072.5,0.0,28.0,34.5,82,23.9,44.4,1721,11011,11845,15566,18749,18622,18587,11486,54732,3229
1781929853,1AC,48795952.0,47415664.0,3855592.8,3616093.8,574868.1,543590.4,196434.4,258688.5,102069.2,0.0,28.0,34.5,78,24.0,44.4,1721,11010,11843,15562,18750,18624,18590,11489,54735,3230
1781930154,1AC,48835916.0,47542560.0,3841948.2,3630859.2,575026.7,545850.4,195992.9,259524.2,102065.5,0.0,28.0,34.5,47,24.0,44.4,1720,11010,11845,15563,18753,18622,18589,11487,54738,3229
1781930451,1AC,48912356.0,47716548.0,3850509.0,3639915.2,576137.2,545324.4,196021.2,259296.6,102061.0,0.0,28.0,34.5,58,24.0,44.4,1721,11012,11847,15567,18751,18626,18594,11490,54743,3230
1781930751,1AC,49200372.0,47828528.0,3854847.2,3633373.0,576240.7,545852.2,196145.5,259546.0,102057.2,0.0,28.1,34.5,56,24.0,44.4,1721,11011,11846,15565,18753,18627,18591,11488,54734,3231
1781931052,1AC,48981388.0,47814508.0,3869343.8,3638426.2,577106.7,546780.4,196689.5,260037.7,102052.0,0.0,28.1,34.5,90,24.0,44.4,1721,11009,11845,15562,18750,18622,18588,11488,54732,3229
1781931353,1AC,49112204.0,48054884.0,3875424.0,3648698.8,577144.8,546369.7,196910.4,260063.7,102048.3,0.0,28.1,34.5,66,24.0,44.4,1721,11013,11847,15567,18754,18627,18593,11489,54744,3232
1781931653,1AC,49473252.0,48030628.0,3881662.0,3655129.0,577912.8,547152.5,196824.3,260409.4,102044.5,0.0,28.1,34.5,68,24.0,44.4,1721,11011,11847,15564,18748,18624,18587,11485,54727,3231
1781931951,1AC,49617604.0,48064876.0,3900006.0,3663414.0,580675.6,548729.4,197522.7,260507.2,102041.7,0.0,28.1,34.5,83,24.0,44.4,1721,11010,11848,15563,18751,18627,18592,11488,54738,3231
1781932252,1AC,49661968.0,48078396.0,3893405.8,3667174.8,580903.6,550114.8,196944.9,260182.5,102037.8,0.0,28.1,34.5,67,24.0,44.4,1721,11014,11847,15565,18750,18626,18589,11487,54733,3229
1781932552,1AC,49673860.0,48157716.0,3897272.8,3666629.0,579972.6,550097.4,197287.4,260994.4,102033.1,0.0,28.1,34.5,80,24.0,44.4,1721,11012,11847,15563,18750,18628,18588,11488,54745,3229
1781932853,1AC,49816340.0,48307412.0,3901964.2,3678345.8,580914.8,550058.2,197676.2,261455.2,102028.7,0.0,28.1,34.5,59,24.0,44.4,1721,11009,11844,15560,18744,18618,18584,11485,54717,3230
1781933154,1AC,49866284.0,48434012.0,3913049.0,3688216.0,583222.7,552710.9,197617.0,261577.9,102023.6,0.0,28.1,34.5,59,24.0,44.4,1721,11010,11847,15563,18752,18628,18592,11489,54739,3230
1781933451,1AC,49996256.0,48832320.0,3918705.8,3690402.8,583315.7,553758.8,198371.1,260988.1,102018.7,0.0,28.1,34.5,48,24.0,44.4,1721,11012,11845,15562,18751,18628,18590,11488,54729,3232
1781933752,1AC,50073964.0,48838912.0,3924683.2,3695791.2,583642.8,553918.6,198618.4,261573.3,102013.4,0.0,28.1,34.5,89,24.1,44.5,1721,11008,11843,15561,18746,18621,18584,11484,54722,3230
1781934053,1AC,50086852.0,49069412.0,3926864.2,3710444.8,586018.6,554117.9,198749.9,262211.2,102009.1,0.0,28.1,34.5,78,24.1,44.5,1720,11007,11842,15558,18740,18616,18581,11481,54710,3227
1781934353,1AC,50235872.0,49191524.0,3941943.0,3713237.8,586929.9,554783.4,198693.3,262353.5,102004.8,0.0,28.1,34.5,58,24.1,44.5,1721,11011,11846,15561,18743,18621,18586,11484,54723,3229
1781934952,1AC,64177604.0,63007164.0,4959919.0,4708415.5,721697.8,694097.1,252239.3,344147.7,105376.6,0.0,27.9,19.2,91,23.8,28.3,1722,11023,11857,15579,18766,18642,18601,11496,54796,3230
1781935252,1AC,90291520.0,88059832.0,6537079.5,6148144.5,884301.5,836175.5,271625.1,351268.8,105488.0,0.0,28.0,22.4,88,23.9,30.6,1721,11019,11853,15573,18758,18633,18596,11492,54764,3230
1781935553,1AC,90188416.0,87808000.0,6506493.5,6093465.5,879711.3,827314.8,270026.2,348312.8,105532.5,0.0,28.0,24.1,104,23.9,32.1,1722,11026,11858,15580,18770,18646,18611,11499,54811,3232
1781935851,1AC,87382504.0,85414296.0,6316566.5,5935830.5,859453.1,810715.2,265755.7,344361.7,105548.5,0.0,28.0,25.0,93,24.0,33.1,1722,11022,11857,15574,18761,18637,18599,11494,54781,3230
1781936151,1AC,85276024.0,83059800.0,6170977.5,5828316.5,844735.7,797456.7,263229.9,340022.0,105552.2,0.0,28.1,25.6,83,24.0,33.9,1722,11021,11857,15575,18761,18636,18600,11495,54783,3230
1781936452,1AC,83539832.0,81747008.0,6037056.5,5732770.5,832693.2,784390.4,261030.8,337560.8,105547.9,0.0,28.1,26.2,74,24.0,34.6,1722,11021,11853,15573,18759,18635,18599,11491,54777,3230
1781936753,1AC,82222568.0,80144952.0,5960479.5,5640816.0,822430.1,774295.6,258142.9,333990.5,105537.3,0.0,28.1,26.6,110,24.0,35.0,1722,11022,11854,15574,18758,18633,18595,11490,54760,3230
1781937053,1AC,80849832.0,78938720.0,5885186.0,5571538.0,812782.0,767498.2,255265.2,331865.2,105524.4,0.0,28.1,26.9,81,24.0,35.4,1721,11019,11851,15569,18756,18632,18594,11492,54762,3232
1781937351,1AC,79941120.0,78047936.0,5841136.0,5518614.5,805629.4,760821.0,254253.0,330894.3,105509.6,0.0,28.1,27.1,76,24.0,35.7,1722,11022,11856,15574,18760,18638,18600,11492,54776,3230
1781937651,1AC,79281416.0,77333896.0,5786121.5,5457183.5,799757.2,755266.2,252669.9,328604.0,105494.8,0.0,28.1,27.4,83,24.0,36.0,1722,11021,11854,15572,18758,18635,18597,11492,54765,3230
1781937952,1AC,78408096.0,76710632.0,5740462.5,5419411.5,794701.4,748796.5,251710.3,327024.9,105476.4,0.0,28.1,27.6,102,24.0,36.2,1723,11021,11854,15574,18761,18636,18598,11493,54762,3232
1781938253,1AC,77845160.0,75852040.0,5703710.0,5401838.5,790126.6,745128.5,250482.0,325010.8,105459.3,0.0,28.1,27.8,89,24.0,36.4,1722,11020,11853,15570,18755,18630,18593,11490,54760,3229
1781938553,1AC,77215200.0,75568920.0,5662829.5,5365664.5,787210.2,742062.4,249359.6,324242.8,105440.6,0.0,28.1,27.9,91,24.0,36.6,1722,11021,11854,15571,18753,18629,18591,11487,54749,3229
1781938851,1AC,77182560.0,75069152.0,5637706.0,5335316.5,783920.4,740149.6,249104.8,323283.3,105421.6,0.0,28.1,28.1,87,24.1,36.8,1722,11021,11856,15574,18762,18636,18602,11494,54778,3231
1781939151,1AC,76500328.0,74682600.0,5598309.5,5298566.5,780268.0,735968.2,248014.7,322156.3,105401.7,0.0,28.1,28.2,104,24.1,37.0,1722,11021,11854,15572,18761,18633,18602,11493,54768,3230
1781939452,1AC,75951888.0,74033768.0,5574679.5,5275156.5,777235.5,733255.3,247431.5,322029.6,105381.3,0.0,28.1,28.3,93,24.1,37.2,1721,11021,11855,15572,18756,18631,18595,11490,54761,3230
1781939753,1AC,75709704.0,73925728.0,5562074.0,5254630.0,775681.8,731150.5,246498.9,320644.0,105360.7,0.0,28.1,28.4,91,24.1,37.3,1722,11021,11854,15570,18759,18633,18598,11493,54768,3230
1781940054,1AC,75555624.0,73483304.0,5531843.5,5247750.0,773621.2,729664.0,245303.0,319340.5,105341.2,0.0,28.1,28.5,91,24.1,37.4,1722,11020,11854,15572,18757,18633,18597,11491,54759,3230
1781940351,1AC,74874184.0,73240992.0,5532249.5,5215132.5,770347.5,727922.5,244860.4,319506.2,105320.3,0.0,28.1,28.7,68,24.1,37.5,1722,11023,11857,15572,18762,18636,18602,11494,54779,3230
1781940652,1AC,74816008.0,72991440.0,5503567.5,5207136.5,768708.3,725729.0,244500.8,318307.8,105299.2,0.0,28.1,28.7,96,24.1,37.7,1722,11025,11857,15575,18761,18635,18600,11494,54779,3231
1781940953,1AC,74547160.0,72734808.0,5477220.5,5209094.0,768666.5,724521.9,244006.8,317574.6,105278.5,0.0,28.1,28.8,116,24.1,37.7,1721,11019,11852,15568,18755,18630,18593,11490,54760,3229
1781941254,1AC,74112944.0,72218888.0,5471885.5,5165108.0,764936.5,722135.8,243734.8,316998.6,105256.5,0.0,28.1,28.9,107,24.1,37.9,1722,11023,11858,15574,18764,18637,18602,11494,54774,3230
1781941551,1AC,73922248.0,72187992.0,5470206.5,5169904.0,763155.2,721321.7,243049.0,316767.1,105235.2,0.0,28.1,29.0,95,24.1,38.0,1722,11021,11855,15571,18758,18634,18597,11492,54771,3230
1781941852,1AC,73562888.0,71931824.0,5428293.5,5146145.0,762508.3,720381.2,242750.0,316963.7,105214.1,0.0,28.1,29.0,106,24.1,38.1,1722,11022,11858,15574,18765,18635,18603,11494,54778,3230
1781942152,1AC,73407336.0,71795560.0,5438996.5,5136849.5,761089.6,718119.3,242791.3,315958.3,105192.6,0.0,28.1,29.1,97,24.1,38.1,1722,11020,11855,15571,18757,18633,18598,11493,54768,3230
1781942453,1AC,73296080.0,71489272.0,5428077.5,5131206.0,761257.9,717471.4,242306.7,315559.6,105170.8,0.0,28.1,29.2,120,24.1,38.2,1723,11026,11859,15576,18767,18639,18602,11498,54782,3231
1781942754,1AC,73316384.0,71650984.0,5417840.5,5126434.0,760515.8,716041.2,241489.2,315423.1,105149.1,0.0,28.2,29.2,108,24.1,38.3,1722,11020,11855,15570,18760,18634,18600,11494,54775,3230
1781943051,1AC,72960984.0,71387232.0,5414800.5,5122388.5,757571.3,715506.5,241707.6,314858.2,105127.0,0.0,28.1,29.3,101,24.1,38.4,1722,11022,11856,15573,18759,18632,18599,11492,54772,3230
1781943351,1AC,72901232.0,71413512.0,5398407.5,5123717.5,756241.9,716267.2,241423.2,314663.9,105106.9,0.0,28.1,29.4,102,24.1,38.4,1722,11020,11853,15570,18754,18630,18597,11490,54756,3232
1781943652,1AC,72748824.0,71307976.0,5397757.0,5094140.5,757111.7,714108.5,241470.5,314608.4,105087.0,0.0,28.2,29.4,86,24.1,38.5,1722,11019,11852,15568,18757,18633,18598,11490,54759,3230
1781943952,1AC,72810008.0,71063576.0,5409272.5,5103740.5,755292.3,713066.7,241624.9,313574.2,105065.4,0.0,28.2,29.5,99,24.1,38.6,1722,11019,11853,15568,18758,18633,18598,11493,54760,3231
1781944254,1AC,72458904.0,71000968.0,5382608.0,5081938.5,755735.8,710627.0,240891.5,313319.4,105045.4,0.0,28.2,29.5,105,24.1,38.7,1723,11026,11858,15576,18764,18638,18602,11495,54783,3231
1781944550,1AC,72369160.0,70794008.0,5368607.5,5080249.5,753773.5,710594.7,239629.5,313404.8,105024.8,0.0,28.2,29.6,102,24.1,38.6,1722,11023,11856,15571,18763,18637,18602,11494,54774,3233
1781944851,1AC,72491064.0,70718984.0,5374696.0,5079233.5,753167.2,710164.8,240584.6,313023.7,105004.5,0.0,28.2,29.7,87,24.1,38.7,1721,11018,11850,15567,18754,18627,18591,11489,54749,3229
1781945152,1AC,72200936.0,70911560.0,5353434.0,5076244.0,753252.2,711248.2,240759.3,312354.7,104984.5,0.0,28.2,29.7,91,24.1,38.8,1721,11020,11854,15568,18756,18633,18594,11492,54761,3229
1781945453,1AC,72272096.0,70643208.0,5354997.5,5067711.5,753263.1,709122.5,239482.7,313133.7,104965.1,0.0,28.1,29.8,116,24.1,38.9,1722,11023,11854,15571,18759,18633,18598,11494,54771,3230
1781945753,1AC,72305656.0,70643592.0,5353583.5,5065537.5,751978.8,709140.1,240387.3,312479.8,104944.0,0.0,28.2,29.8,115,24.1,38.9,1722,11015,11849,15563,18752,18624,18592,11488,54744,3230
1781946054,1AC,71985864.0,70349944.0,5343051.0,5059334.5,749946.8,709974.5,240024.1,312301.5,104923.5,0.0,28.2,29.9,84,24.1,39.0,1722,11023,11856,15572,18762,18637,18602,11494,54778,3232
1781946354,1AC,71700224.0,70251104.0,5331982.5,5053611.5,750932.5,709280.5,239543.7,311662.2,104903.4,0.0,28.2,29.9,88,24.1,39.0,1723,11023,11856,15572,18756,18633,18594,11490,54765,3230
1781946651,1AC,72073640.0,70399288.0,5347998.0,5064458.5,751275.2,710603.2,239426.7,312189.9,104883.2,0.0,28.2,29.9,88,24.1,39.0,1723,11024,11860,15577,18763,18637,18603,11495,54783,3232
1781946952,1AC,71781000.0,70270272.0,5335439.0,5055156.0,751181.8,708841.9,238739.1,311817.1,104864.0,0.0,28.2,30.0,85,24.1,39.1,1722,11020,11853,15572,18755,18630,18593,11491,54761,3229
1781947253,1AC,71812488.0,70228984.0,5327343.5,5050434.0,749010.8,709515.2,240071.3,311862.7,104845.2,0.0,28.2,30.0,81,24.1,39.2,1722,11020,11853,15569,18758,18633,18595,11492,54757,3230
1781947553,1AC,71855624.0,70369480.0,5336493.5,5050041.5,749888.8,707827.0,239009.1,311829.2,104826.3,0.0,28.2,30.0,96,24.1,39.2,1722,11019,11853,15569,18756,18631,18594,11492,54760,3229
1781947854,1AC,71864216.0,70212552.0,5340186.0,5041858.5,749145.1,708136.0,239322.7,311141.4,104808.1,0.0,28.2,30.1,92,24.1,39.2,1723,11022,11857,15575,18762,18634,18598,11494,54774,3230
1781948151,1AC,71438296.0,69961624.0,5319258.5,5037424.0,747331.0,707113.3,238512.0,311375.8,104788.1,0.0,28.2,30.1,72,24.1,39.3,1723,11027,11863,15578,18766,18640,18606,11496,54789,3231
1781948452,1AC,71485240.0,69922120.0,5312428.0,5040585.5,749506.6,707760.7,238680.2,310677.6,104768.5,0.0,28.2,30.2,91,24.1,39.4,1723,11024,11858,15576,18761,18639,18600,11494,54778,3230
1781948752,1AC,71687936.0,70190112.0,5316783.5,5040662.0,749485.5,708004.8,238265.3,310523.6,104749.7,0.0,28.2,30.2,83,24.1,39.4,1723,11022,11858,15576,18768,18641,18604,11496,54790,3231
1781949053,1AC,71452552.0,69909024.0,5325896.5,5040958.0,749499.0,706651.2,239132.0,311386.2,104730.2,0.0,28.2,30.3,64,24.1,39.4,1723,11024,11858,15575,18761,18638,18600,11494,54773,3231
1781949353,1AC,71575416.0,70017416.0,5329638.0,5031492.5,747801.8,709020.8,238496.2,311286.8,104710.4,0.0,28.2,30.3,94,24.1,39.5,1722,11022,11858,15572,18756,18633,18598,11490,54763,3231
1781949654,1AC,71622216.0,70003096.0,5307280.5,5030882.5,749007.8,708626.7,238952.9,310740.0,104692.0,0.0,28.2,30.3,104,24.1,39.5,1722,11022,11855,15572,18752,18633,18595,11492,54756,3229
1781949951,1AC,71424984.0,69919744.0,5312252.5,5042069.5,746204.8,706670.0,238854.1,311080.1,104672.1,0.0,28.2,30.3,88,24.1,39.5,1722,11021,11855,15570,18758,18632,18597,11492,54773,3232
1781950251,1AC,71184568.0,69830760.0,5311599.5,5036165.5,748575.0,707515.2,238539.5,310879.2,104652.6,0.0,28.2,30.4,77,24.1,39.5,1722,11022,11856,15572,18759,18638,18602,11494,54776,3231
1781950552,1AC,71534760.0,70123752.0,5317014.0,5043977.0,747446.5,706609.3,238752.7,309927.5,104632.9,0.0,28.2,30.4,71,24.1,39.6,1722,11018,11855,15573,18757,18631,18595,11489,54751,3229
1781950852,1AC,71219392.0,69818824.0,5311518.5,5035672.5,748300.2,707369.7,238702.4,310978.2,104613.7,0.0,28.2,30.4,99,24.1,39.6,1723,11026,11860,15577,18765,18639,18603,11497,54784,3231
1781951153,1AC,71384632.0,69896312.0,5308445.0,5039789.5,749646.7,708908.8,239048.5,310134.5,104594.8,0.0,28.2,30.5,93,24.1,39.7,1723,11025,11858,15575,18760,18638,18600,11494,54774,3230
1781951453,1AC,71321152.0,69958072.0,5318220.0,5034638.5,747838.5,707218.7,238158.2,310616.4,104577.3,0.0,28.2,30.5,74,24.1,39.7,1722,11021,11854,15570,18756,18629,18596,11491,54762,3230
1781951754,1AC,71428264.0,69780296.0,5306483.5,5043564.5,749059.9,707500.5,238343.8,310653.3,104558.1,0.0,28.2,30.5,87,24.1,39.7,1723,11024,11857,15573,18758,18637,18600,11492,54774,3230
1781952051,1AC,71545688.0,69874056.0,5318675.0,5035523.5,747656.9,707290.3,238542.6,310938.0,104539.2,0.0,28.2,30.6,85,24.1,39.8,1722,11023,11857,15574,18761,18638,18601,11494,54778,3230
1781952352,1AC,71510560.0,69824608.0,5324353.5,5044211.5,748793.9,708084.9,237993.1,310535.7,104521.8,0.0,28.2,30.6,90,24.1,39.8,1723,11022,11859,15576,18763,18640,18604,11495,54779,3230
1781952653,1AC,71448192.0,69710040.0,5303414.5,5025466.0,750205.2,706720.5,238358.8,310267.3,104505.0,0.0,28.2,30.6,88,24.1,39.9,1723,11023,11858,15574,18761,18635,18599,11494,54771,3230
1781952954,1AC,71545512.0,69905832.0,5325414.5,5035683.5,750016.7,706921.8,238099.0,310121.0,104486.9,0.0,28.2,30.6,73,24.1,39.9,1722,11025,11859,15578,18764,18640,18604,11496,54783,3231
1781953254,1AC,71538136.0,69915896.0,5318506.5,5039828.0,748880.5,708920.9,238480.0,310117.7,104469.7,0.0,28.2,30.6,92,24.1,39.9,1722,11019,11854,15569,18757,18630,18594,11491,54766,3229
1781953552,1AC,71579576.0,69983432.0,5330398.0,5050836.0,748819.2,708567.8,238544.9,310433.5,104453.3,0.0,28.2,30.7,90,24.1,39.9,1722,11023,11857,15575,18760,18635,18597,11494,54774,3230
1781953852,1AC,71312504.0,69853048.0,5327972.5,5043120.5,749488.7,707960.6,238028.5,310605.1,104436.8,0.0,28.2,30.7,84,24.1,39.9,1723,11025,11859,15576,18765,18644,18604,11496,54790,3232
1781954153,1AC,71473112.0,69858848.0,5314674.5,5044518.0,749893.3,708014.5,238134.0,310273.0,104420.3,0.0,28.2,30.7,87,24.1,40.0,1722,11022,11856,15573,18754,18634,18595,11492,54764,3230
1781954454,1AC,71434696.0,69763928.0,5331192.5,5055492.5,749553.9,708669.7,239085.1,310187.9,104403.3,0.0,28.2,30.7,94,24.1,40.0,1723,11026,11860,15577,18762,18641,18601,11495,54782,3230
1781954751,1AC,71492600.0,70001624.0,5326704.5,5045252.0,750464.7,708465.0,238847.7,310203.3,104386.4,0.0,28.2,30.8,76,24.2,40.0,1723,11027,11862,15580,18766,18643,18605,11497,54797,3231
1781955052,1AC,71514424.0,69909144.0,5328329.0,5049715.5,751002.2,708733.2,238222.6,310375.7,104370.2,0.0,28.2,30.8,93,24.2,40.1,1722,11022,11858,15575,18755,18632,18593,11490,54759,3229
1781955352,1AC,71629976.0,70067672.0,5330616.5,5049168.0,750871.7,708170.1,238391.7,309779.3,104353.2,0.0,28.2,30.8,85,24.2,40.1,1722,11022,11856,15574,18763,18642,18603,11494,54788,3230
1781955653,1AC,71547488.0,70038456.0,5330610.0,5060464.5,750542.8,707963.9,238089.0,310328.2,104336.4,0.0,28.2,30.8,65,24.2,40.1,1723,11026,11859,15577,18763,18641,18605,11496,54796,3230
1781955953,1AC,71477512.0,70116456.0,5343126.0,5056346.5,750890.8,709381.5,238639.5,309699.3,104319.1,0.0,28.2,30.8,83,24.2,40.1,1722,11023,11858,15572,18760,18639,18601,11494,54781,3230
1781956254,1AC,71657192.0,70071912.0,5339790.5,5049918.5,751273.3,709031.8,238214.2,310611.4,104302.0,0.0,28.2,30.9,65,24.2,40.2,1722,11020,11854,15569,18753,18629,18592,11489,54752,3229
1781956551,1AC,71619216.0,70006360.0,5342216.0,5051528.5,751240.0,709903.9,237830.0,310028.9,104284.4,0.0,28.2,30.9,74,24.2,40.2,1722,11019,11853,15570,18756,18631,18596,11491,54760,3229
1781956852,1AC,71670584.0,70141464.0,5335946.5,5055692.0,751045.2,709176.7,238196.7,309723.8,104267.1,0.0,28.2,30.9,72,24.2,40.2,1723,11024,11859,15574,18760,18635,18598,11493,54776,3231
1781957152,1AC,71625984.0,70148160.0,5335613.5,5047431.5,751078.6,710529.8,238796.2,310266.2,104249.3,0.0,28.2,30.9,88,24.2,40.2,1722,11019,11855,15569,18753,18629,18592,11490,54753,3231
1781957453,1AC,71669752.0,70103392.0,5347232.5,5056468.5,751777.1,709869.6,238471.1,310838.9,104231.6,0.0,28.2,31.0,95,24.2,40.3,1722,11022,11858,15574,18761,18635,18602,11493,54775,3229
1781957753,1AC,71891304.0,70430040.0,5348318.0,5069745.5,754013.5,711656.4,239379.2,310194.3,104214.6,0.0,28.2,31.0,95,24.2,40.2,1722,11019,11854,15569,18757,18636,18598,11493,54768,3230
1781958054,1AC,71639880.0,70449816.0,5337874.5,5072386.0,754341.6,711798.8,238955.5,310573.5,104198.0,0.0,28.3,31.0,102,24.2,40.3,1722,11021,11856,15571,18754,18632,18596,11491,54769,3229
1781958354,1AC,71956888.0,70315264.0,5349646.5,5076890.5,754479.3,712063.7,239193.0,309655.6,104180.8,0.0,28.2,31.0,81,24.2,40.3,1722,11022,11857,15572,18762,18634,18602,11494,54773,3230
1781958652,1AC,71862632.0,70492136.0,5365287.5,5076898.0,756075.7,712081.2,239230.7,311279.2,104165.0,0.0,28.2,31.1,94,24.2,40.4,1722,11020,11858,15570,18757,18636,18597,11492,54781,3230
1781958952,1AC,71855320.0,70450976.0,5353349.5,5076154.0,753789.8,712368.0,239609.8,310400.0,104149.5,0.0,28.2,31.1,87,24.2,40.4,1722,11018,11854,15568,18752,18625,18591,11490,54753,3229
1781959253,1AC,71879096.0,70310112.0,5350005.5,5067242.5,754459.4,713244.3,238719.9,310894.1,104134.1,0.0,28.3,31.1,81,24.2,40.4,1723,11024,11860,15577,18765,18639,18603,11497,54789,3232
1781959553,1AC,71909920.0,70323928.0,5351155.5,5078347.5,753581.7,713685.2,239319.8,310524.2,104118.2,0.0,28.2,31.1,79,24.2,40.4,1722,11019,11854,15568,18755,18629,18595,11491,54759,3231
1781959854,1AC,71959144.0,70598224.0,5361100.5,5077522.5,756383.9,714506.1,238505.8,310418.0,104102.1,0.0,28.2,31.1,80,24.2,40.5,1722,11019,11855,15568,18756,18628,18594,11489,54757,3231
1781960151,1AC,72077496.0,70522360.0,5368590.5,5080824.0,757296.2,713923.8,239271.6,310778.6,104087.4,0.0,28.2,31.1,77,24.2,40.5,1722,11017,11854,15569,18756,18632,18593,11490,54762,3229
1781960452,1AC,72236872.0,70488576.0,5353132.0,5085548.0,757194.2,713890.8,239474.2,310654.7,104073.8,0.0,28.2,31.2,75,24.2,40.5,1721,11013,11851,15563,18749,18622,18590,11486,54738,3228
1781960752,1AC,71930720.0,70468064.0,5365058.5,5084751.5,757930.8,715297.4,239684.4,310205.8,104060.2,0.0,28.2,31.2,63,24.2,40.5,1723,11024,11860,15574,18763,18638,18600,11494,54775,3230
1781961053,1AC,72265912.0,70733768.0,5372166.0,5098542.5,755984.3,715410.3,239816.2,310802.8,104046.3,0.0,28.3,31.2,87,24.2,40.5,1722,11024,11860,15576,18764,18639,18605,11496,54782,3231
1781961353,1AC,71933288.0,70580952.0,5368650.0,5103596.0,757330.0,715802.0,240184.1,310414.2,104031.1,0.0,28.3,31.2,73,24.2,40.5,1723,11024,11860,15576,18756,18636,18598,11495,54772,3230
1781961654,1AC,72326200.0,70567256.0,5382441.5,5086654.5,758887.2,714320.3,239555.7,310787.9,104014.3,0.0,28.3,31.2,82,24.2,40.5,1723,11020,11857,15571,18762,18632,18598,11493,54760,3229
1781961954,1AC,72232960.0,70681368.0,5365752.5,5095157.0,757626.4,714777.8,239696.8,310348.2,103996.4,0.0,28.3,31.2,77,24.2,40.6,1723,11025,11862,15577,18765,18641,18605,11497,54790,3231
1781962251,1AC,72284288.0,70738240.0,5370883.5,5096574.5,760466.8,718648.8,239752.4,311511.5,103979.4,0.0,28.3,31.3,82,24.2,40.6,1723,11024,11861,15575,18764,18637,18604,11495,54788,3230
1781962552,1AC,72528768.0,70820392.0,5387760.5,5112060.0,758835.5,716662.0,239895.6,310751.5,103961.6,0.0,28.3,31.3,81,24.2,40.6,1723,11024,11860,15577,18764,18641,18606,11496,54785,3231
1781962852,1AC,72429928.0,70943328.0,5394982.0,5111046.5,760707.9,717610.6,239978.9,311077.0,103944.4,0.0,28.3,31.3,79,24.2,40.6,1722,11021,11855,15570,18758,18634,18597,11492,54770,3229
1781963153,1AC,72345784.0,70984416.0,5395675.5,5112039.5,759738.0,717668.3,240319.0,311574.1,103926.5,0.0,28.2,31.3,74,24.2,40.6,1723,11021,11859,15574,18763,18637,18603,11494,54777,3231
1781963453,1AC,72654432.0,71232168.0,5406292.5,5118832.5,761111.6,719524.3,240475.5,311332.6,103908.8,0.0,28.2,31.3,84,24.2,40.7,1722,11020,11857,15573,18760,18638,18602,11496,54780,3230
1781963754,1AC,72389624.0,71066080.0,5405553.5,5121708.0,760530.3,720079.2,240503.2,311645.0,103890.7,0.0,28.2,31.4,112,24.2,40.7,1723,11023,11860,15575,18762,18639,18602,11495,54781,3231
1781964051,1AC,72791720.0,71174488.0,5413384.0,5130811.5,761289.8,720373.8,240100.1,312053.4,103873.5,0.0,28.2,31.4,49,24.2,40.7,1723,11025,11863,15580,18769,18642,18607,11499,54790,3233
1781964352,1AC,72699672.0,71205992.0,5426436.5,5145690.0,764654.0,721539.4,241044.4,312151.6,103857.0,0.0,28.2,31.4,101,24.1,40.7,1723,11025,11862,15579,18763,18637,18601,11496,54775,3231
1781964652,1AC,72896024.0,71184912.0,5418736.0,5138493.5,764475.2,721968.6,241045.6,312085.7,103840.4,0.0,28.2,31.4,96,24.1,40.8,1723,11023,11859,15579,18764,18639,18605,11497,54787,3231
1781964953,1AC,72870904.0,71405656.0,5428324.5,5148060.5,765312.1,722627.5,240413.2,311649.2,103823.5,0.0,28.2,31.4,94,24.1,40.8,1723,11024,11860,15580,18763,18635,18601,11494,54763,3232
1781965254,1AC,73298936.0,71411544.0,5430677.5,5157368.5,765805.1,721622.0,241202.6,311667.5,103807.9,0.0,28.2,31.4,84,24.1,40.8,1723,11021,11857,15576,18757,18632,18598,11492,54762,3229
1781965554,1AC,73265208.0,71391360.0,5436233.0,5165170.5,765365.3,723580.4,240917.4,311882.9,103791.9,0.0,28.2,31.4,98,24.1,40.8,1723,11021,11857,15576,18759,18634,18600,11495,54769,3230
1781965851,1AC,73010920.0,71683208.0,5434783.0,5160444.0,765862.4,722848.3,240995.0,312736.1,103776.0,0.0,28.2,31.5,73,24.1,40.8,1723,11024,11859,15577,18766,18640,18602,11495,54786,3233
1781966152,1AC,73378016.0,71746816.0,5444989.0,5165501.0,767390.2,725836.8,241969.0,313216.5,103760.1,0.0,28.2,31.5,75,24.1,40.8,1723,11021,11858,15575,18763,18635,18602,11496,54777,3230
1781966453,1AC,73213344.0,71775456.0,5450533.5,5161707.5,767916.6,725239.5,241970.9,312513.0,103742.2,0.0,28.2,31.5,63,24.1,40.9,1723,11022,11858,15575,18764,18640,18601,11495,54774,3231
1781966753,1AC,73312264.0,71890488.0,5459557.5,5184474.0,768576.7,726402.4,242103.5,312728.5,103724.8,0.0,28.2,31.5,52,24.1,40.9,1723,11023,11859,15580,18769,18642,18608,11497,54794,3232
1781967054,1AC,73598568.0,71924648.0,5463427.5,5188054.0,769245.1,726804.7,241711.1,312971.7,103708.2,0.0,28.2,31.5,74,24.1,40.8,1722,11018,11853,15571,18757,18632,18597,11492,54761,3230
1781967351,1AC,73717864.0,72150472.0,5465886.0,5193230.5,770464.8,728763.5,242003.8,313924.5,103690.9,0.0,28.2,31.5,65,24.1,40.9,1723,11019,11856,15573,18757,18629,18595,11490,54755,3232
1781967652,1AC,73909056.0,72166328.0,5479311.0,5209412.0,772364.3,728920.2,242362.4,313036.0,103673.7,0.0,28.1,31.5,86,24.1,40.9,1722,11022,11856,15575,18761,18634,18598,11492,54767,3230
1781967952,1AC,73821704.0,72099456.0,5468326.0,5206307.5,770530.0,729927.2,242556.7,313702.9,103657.8,0.0,28.1,31.6,100,24.1,40.9,1722,11020,11854,15572,18762,18636,18600,11493,54771,3230
1781968252,1AC,73862408.0,72485528.0,5483092.0,5208604.5,773377.4,729697.6,242587.7,314039.6,103641.2,0.0,28.1,31.6,99,24.1,40.9,1721,11017,11852,15568,18756,18632,18596,11491,54761,3230
1781968553,1AC,73979304.0,72472856.0,5503327.0,5220403.5,773361.2,732837.1,243048.8,313892.6,103625.4,0.0,28.1,31.6,86,24.0,41.0,1720,11011,11846,15560,18749,18622,18589,11487,54732,3228
1781968853,1AC,74042584.0,72560984.0,5511506.5,5233274.0,774820.2,733405.6,243201.0,314738.2,103609.5,0.0,28.1,31.6,73,24.0,41.0,1721,11014,11848,15567,18752,18628,18594,11489,54748,3230
1781969154,1AC,74178704.0,72354968.0,5510589.5,5227742.5,776857.7,733580.7,243560.9,314872.5,103594.6,0.0,28.1,31.6,90,24.0,41.0,1722,11020,11853,15570,18755,18630,18596,11490,54761,3230
1781969451,1AC,74477600.0,72674752.0,5522371.5,5243421.5,776441.7,734215.4,243475.5,315119.0,103580.5,0.0,28.1,31.7,91,24.0,41.0,1722,11016,11853,15573,18757,18629,18596,11490,54761,3230
1781969752,1AC,74558656.0,72906016.0,5520984.5,5252097.5,777765.8,734226.1,244079.5,315390.8,103566.6,0.0,28.1,31.6,78,24.0,41.0,1722,11019,11854,15575,18762,18634,18598,11493,54766,3230
1781970052,1AC,74565344.0,73093984.0,5526266.0,5245148.5,778471.6,735564.5,244115.2,315176.1,103553.3,0.0,28.1,31.7,86,24.0,41.0,1721,11015,11849,15569,18753,18626,18590,11489,54739,3229
1781970353,1AC,74446000.0,72681448.0,5549434.0,5257280.0,778688.7,736533.8,244075.8,315823.5,103542.5,0.0,28.1,31.7,51,24.0,41.0,1722,11016,11852,15570,18759,18636,18599,11492,54770,3231
1781970653,1AC,74630664.0,73026680.0,5547181.5,5248371.5,779473.4,735688.0,244399.4,315793.7,103530.5,0.0,28.1,31.7,81,24.0,41.1,1722,11020,11853,15575,18764,18636,18600,11493,54768,3230
1781970954,1AC,74719520.0,73138816.0,5545614.5,5278516.0,780937.3,737276.1,243885.0,315538.5,103518.1,0.0,28.1,31.7,72,24.0,41.1,1722,11018,11854,15573,18762,18632,18597,11492,54761,3230
1781971251,1AC,74908584.0,73132784.0,5548887.5,5269633.5,780475.7,736572.3,244399.2,316408.5,103505.1,0.0,28.1,31.7,76,24.0,41.1,1722,11017,11853,15570,18759,18634,18597,11491,54760,3230
1781971551,1AC,74928904.0,73017240.0,5542281.5,5281358.5,781818.9,737273.8,243917.1,315177.6,103491.7,0.0,28.1,31.7,80,24.0,41.1,1721,11014,11850,15568,18755,18627,18594,11491,54752,3230
1781971851,1AC,74986376.0,73436472.0,5553644.0,5275693.0,781672.3,738414.3,244745.9,315865.5,103478.4,0.0,28.1,31.7,62,24.0,41.1,1722,11018,11853,15572,18760,18631,18599,11491,54767,3232
1781972151,1AC,75129016.0,73583136.0,5566289.5,5290015.5,783808.3,739791.5,244447.2,316201.9,103465.5,0.0,28.1,31.7,87,24.0,41.1,1722,11019,11854,15574,18759,18633,18599,11492,54771,3230
1781972452,1AC,75050784.0,73375496.0,5561670.0,5288654.5,783134.7,741201.4,245537.6,317314.8,103451.8,0.0,28.1,31.7,89,24.0,41.1,1723,11020,11856,15579,18764,18633,18600,11494,54771,3231
1781972752,1AC,75670984.0,73519968.0,5580616.5,5309338.0,784013.2,741851.9,244247.2,315933.7,103438.7,0.0,28.1,31.8,66,24.0,41.1,1722,11020,11855,15575,18760,18634,18599,11494,54763,3231
1781973052,1AC,75228968.0,73811936.0,5583912.0,5303839.0,785883.2,741446.4,245311.8,316259.1,103426.2,0.0,28.1,31.8,66,24.0,41.2,1722,11018,11852,15570,18761,18633,18599,11494,54766,3232
1781973353,1AC,75210128.0,73884632.0,5590872.5,5317154.0,784727.9,741917.9,245319.6,316939.4,103412.2,0.0,28.1,31.8,21,24.0,41.2,1722,11017,11855,15575,18762,18637,18598,11493,54767,3230
1781973653,1AC,75301664.0,73696472.0,5582243.5,5310345.5,785566.1,741666.3,245892.6,316828.1,103398.3,0.0,28.1,31.8,60,24.0,41.2,1722,11014,11850,15569,18759,18631,18599,11492,54763,3230
1781973953,1AC,75361152.0,73918104.0,5598946.5,5314408.5,787313.8,743537.0,246354.2,317015.3,103383.9,0.0,28.1,31.8,73,24.0,41.2,1722,11016,11853,15573,18763,18632,18599,11492,54764,3230
1781974253,1AC,75534360.0,73869848.0,5605814.5,5326757.5,787342.2,743221.8,245085.8,317233.4,103370.8,0.0,28.1,31.8,92,24.0,41.2,1722,11017,11853,15573,18762,18634,18601,11493,54767,3231
1781974554,1AC,75411848.0,73975304.0,5597689.5,5312807.5,786733.7,743306.5,246188.9,317852.7,103358.5,0.0,28.1,31.8,87,24.0,41.2,1721,11017,11851,15571,18760,18633,18598,11494,54771,3230
1781974854,1AC,75631744.0,74415808.0,5616984.0,5327881.5,789129.3,745567.7,246504.9,317252.5,103345.6,0.0,28.1,31.8,69,24.0,41.2,1722,11018,11851,15575,18756,18633,18598,11491,54755,3232
1781975154,1AC,76065208.0,74315200.0,5628039.5,5336152.0,791068.8,746321.7,245993.8,317657.7,103332.2,0.0,28.1,31.8,80,24.0,41.2,1722,11016,11852,15573,18764,18637,18602,11494,54766,3230
1781975451,1AC,76083968.0,74271560.0,5622401.5,5322510.5,790837.8,747497.0,246978.9,318144.8,103319.2,0.0,28.0,31.9,77,24.0,41.2,1723,11021,11855,15580,18759,18634,18598,11493,54756,3230
1781975751,1AC,76191392.0,74421792.0,5624738.5,5354607.5,791058.6,747743.7,247174.4,317669.4,103306.8,0.0,28.1,31.9,64,24.0,41.3,1721,11014,11850,15569,18753,18628,18592,11489,54744,3230
1781976052,1AC,76379008.0,74582080.0,5642591.5,5356195.0,792204.4,746945.5,246040.5,318434.5,103294.3,0.0,28.1,31.9,103,24.0,41.3,1721,11014,11848,15569,18756,18629,18591,11488,54742,3229
1781976352,1AC,76366808.0,74552032.0,5645308.0,5361084.5,792197.8,748118.8,246795.3,318486.5,103282.0,0.0,28.0,31.9,77,24.0,41.3,1722,11015,11851,15573,18757,18630,18595,11490,54750,3230
1781976652,1AC,76259968.0,74602616.0,5649853.5,5355480.0,794174.7,749687.2,246910.5,318795.7,103269.4,0.0,28.0,31.9,106,24.0,41.3,1722,11017,11852,15575,18757,18632,18596,11491,54754,3231
1781976952,1AC,76479448.0,74614432.0,5655261.5,5370380.5,795499.2,751709.4,246903.2,318457.2,103258.1,0.0,28.0,31.9,64,24.0,41.3,1722,11019,11852,15574,18765,18637,18602,11496,54769,3231
1781977253,1AC,76506184.0,74879552.0,5668888.0,5385451.5,794639.8,752664.8,246540.4,318582.0,103246.5,0.0,28.0,31.9,81,24.0,41.3,1722,11018,11852,15576,18762,18632,18598,11492,54759,3231
1781977553,1AC,76607424.0,74709464.0,5654273.5,5384735.5,795657.1,751424.0,246689.9,319391.1,103236.0,0.0,28.0,31.9,79,24.0,41.4,1722,11015,11848,15570,18753,18626,18591,11490,54745,3230
1781977853,1AC,76762040.0,75255104.0,5668804.5,5402969.0,796268.5,752491.6,247844.1,318924.6,103224.9,0.0,28.0,31.9,65,24.0,41.4,1722,11015,11850,15572,18755,18630,18593,11489,54756,3230
1781978153,1AC,76808248.0,75128480.0,5678961.5,5380286.5,797228.6,752616.8,248124.5,319180.2,103213.5,0.0,28.0,31.9,63,24.0,41.4,1722,11018,11852,15574,18757,18631,18597,11492,54755,3232
1781978454,1AC,76724072.0,75138936.0,5683248.0,5394681.5,797516.2,753230.3,247474.6,319435.3,103202.2,0.0,28.0,32.0,64,24.0,41.4,1721,11010,11844,15567,18751,18622,18589,11487,54738,3229
1781978754,1AC,76957112.0,75349080.0,5699501.5,5409621.5,798263.8,754133.9,248004.1,319103.3,103191.3,0.0,28.0,32.0,80,24.0,41.4,1722,11016,11850,15573,18760,18634,18598,11495,54763,3231
1781979051,1AC,77101432.0,75335512.0,5699229.5,5406466.5,798741.3,754308.8,247924.4,319601.0,103180.2,0.0,28.0,32.0,52,24.0,41.4,1721,11012,11847,15569,18759,18630,18592,11489,54741,3229
1781979352,1AC,76966336.0,75228256.0,5688016.5,5408409.5,800050.1,755962.5,248746.4,319104.0,103168.2,0.0,28.0,32.0,81,24.0,41.4,1721,11014,11849,15571,18756,18628,18594,11490,54755,3230
1781979652,1AC,77185184.0,75497952.0,5696391.5,5411610.0,801445.3,756705.3,248339.5,320338.5,103156.7,0.0,28.0,32.0,83,24.0,41.4,1721,11014,11847,15571,18760,18631,18595,11492,54759,3230
1781979953,1AC,77242344.0,75614888.0,5708307.5,5439291.5,801146.8,757704.6,249273.8,320131.0,103146.0,0.0,28.0,32.0,87,23.9,41.4,1721,11012,11848,15570,18759,18626,18594,11488,54750,3230
1781980253,1AC,77373256.0,75647384.0,5716696.0,5425164.0,801746.2,758239.4,248991.0,320627.8,103135.0,0.0,28.0,32.0,86,23.9,41.4,1722,11018,11853,15577,18766,18638,18604,11495,54780,3231
1781980553,1AC,77197352.0,75672656.0,5718484.5,5426414.5,801751.6,758541.3,248648.6,321040.1,103124.7,0.0,28.0,32.0,70,23.9,41.4,1722,11019,11853,15576,18764,18636,18601,11494,54765,3231
1781980854,1AC,77564384.0,75900264.0,5725646.0,5443116.0,802505.2,760027.0,249840.3,320998.2,103113.7,0.0,28.0,32.0,66,23.9,41.5,1722,11017,11851,15574,18763,18638,18601,11494,54770,3231
1781981151,1AC,77758912.0,75751488.0,5731806.5,5452192.0,802927.2,759660.7,249135.4,320641.7,103103.0,0.0,28.0,32.0,74,23.9,41.5,1721,11013,11847,15568,18753,18629,18591,11488,54737,3230
1781981452,1AC,77369384.0,75779800.0,5742732.0,5453242.0,803724.7,760255.7,248902.1,320799.1,103092.9,0.0,28.0,32.0,87,23.9,41.5,1722,11016,11851,15573,18763,18633,18599,11493,54761,3232
1781981753,1AC,77839976.0,76047176.0,5747938.5,5448287.5,806187.1,761414.7,249286.5,321244.0,103082.5,0.0,28.0,32.0,57,23.9,41.5,1722,11018,11851,15574,18761,18633,18600,11494,54763,3230
1781982053,1AC,78181144.0,75968544.0,5750230.5,5472255.5,806056.2,760323.7,249547.0,321007.2,103072.1,0.0,28.0,32.0,51,23.9,41.5,1723,11019,11853,15578,18766,18636,18603,11493,54772,3233
1781982353,1AC,77986760.0,76166152.0,5757742.5,5481662.0,808163.4,762010.7,249591.4,320412.6,103063.2,0.0,28.0,32.1,71,23.9,41.5,1722,11018,11853,15575,18761,18634,18599,11492,54761,3231
1781982654,1AC,77878912.0,76250232.0,5762382.0,5462430.5,808428.3,762550.4,249483.2,321518.7,103054.1,0.0,28.0,32.1,85,23.9,41.5,1721,11013,11848,15570,18755,18627,18591,11489,54738,3230
1781982954,1AC,77845368.0,76328152.0,5761164.5,5472316.0,809788.7,763666.5,249522.1,321863.6,103044.2,0.0,28.0,32.1,82,23.9,41.5,1722,11018,11850,15574,18760,18635,18599,11494,54773,3233
1781983251,1AC,78022552.0,76400320.0,5780296.5,5493717.0,808824.2,764234.4,250585.4,321325.3,103034.5,0.0,28.0,32.1,76,23.9,41.5,1722,11017,11852,15574,18764,18637,18603,11496,54777,3232
1781983551,1AC,78331680.0,76284392.0,5786582.5,5481099.5,809307.5,765635.7,250460.2,322130.2,103025.1,0.0,28.0,32.1,81,23.9,41.5,1722,11019,11853,15576,18761,18636,18601,11494,54775,3231
1781983852,1AC,78321888.0,76467552.0,5773467.5,5485700.0,809727.8,766312.4,250079.8,322097.3,103014.3,0.0,28.0,32.1,67,23.9,41.6,1721,11015,11849,15572,18759,18630,18596,11493,54760,3230
1781984152,1AC,78274208.0,76646040.0,5778054.0,5498298.5,810698.2,766509.6,250894.4,322327.9,103004.7,0.0,28.0,32.1,67,23.9,41.6,1722,11016,11851,15574,18761,18631,18597,11492,54760,3230
1781984452,1AC,78625248.0,76778328.0,5800201.5,5502274.5,812492.6,766795.2,250291.3,322406.4,102995.0,0.0,28.0,32.1,59,23.9,41.6,1722,11018,11854,15577,18761,18633,18597,11491,54760,3230
1781984753,1AC,78240360.0,76573608.0,5794988.0,5493892.5,812528.8,765942.3,250561.2,322495.5,102985.4,0.0,28.0,32.1,71,23.9,41.6,1721,11010,11846,15567,18756,18628,18595,11489,54748,3230
1781985053,1AC,78718496.0,76577952.0,5797584.0,5506952.5,813948.8,766795.2,251159.2,322054.9,102975.6,0.0,28.0,32.2,69,23.9,41.6,1722,11021,11853,15579,18762,18637,18601,11495,54773,3231
1781985353,1AC,78727688.0,76984440.0,5810792.5,5520422.5,814237.6,767358.2,250578.1,323564.6,102966.4,0.0,28.0,32.1,76,23.9,41.6,1721,11012,11847,15570,18755,18624,18592,11488,54744,3230
1781985654,1AC,78724504.0,77177384.0,5815617.5,5526598.5,812958.0,768785.9,251655.2,322129.7,102956.7,0.0,28.0,32.1,79,23.9,41.6,1721,11011,11847,15569,18751,18626,18592,11489,54742,3230
1781985951,1AC,78801976.0,77008472.0,5817356.5,5524330.5,815673.5,770180.3,251962.5,323467.9,102948.6,0.0,28.0,32.1,83,23.9,41.6,1722,11014,11850,15573,18755,18626,18591,11488,54746,3230
1781986251,1AC,78718088.0,76986072.0,5821474.5,5527500.0,815213.6,769904.0,251555.0,322700.1,102937.9,0.0,28.0,32.1,60,23.9,41.6,1721,11014,11848,15571,18758,18631,18595,11490,54759,3230
1781986552,1AC,79057056.0,77305600.0,5831556.5,5526935.5,814861.6,770495.7,251832.2,322905.0,102928.8,0.0,28.0,32.2,79,23.9,41.6,1721,11013,11848,15568,18760,18635,18599,11492,54756,3232
1781986853,1AC,78999776.0,77139744.0,5831353.5,5537219.5,816222.0,772038.8,252042.8,323145.6,102919.3,0.0,28.0,32.2,85,23.9,41.6,1721,11013,11848,15570,18756,18632,18594,11488,54750,3230
1781987153,1AC,79143104.0,77559848.0,5829612.5,5557920.5,818937.0,771903.9,252132.2,323475.1,102909.3,0.0,28.0,32.2,64,23.9,41.6,1722,11017,11850,15573,18764,18638,18603,11494,54766,3231
1781987454,1AC,79240616.0,77566176.0,5846481.5,5548938.0,819150.0,773651.8,252042.2,323496.2,102899.2,0.0,28.0,32.2,63,23.9,41.7,1721,11011,11845,15568,18752,18625,18590,11486,54739,3229
1781987754,1AC,79194216.0,77326824.0,5853150.5,5556673.5,819098.3,774004.7,251940.9,323938.3,102889.7,0.0,28.0,32.2,53,23.9,41.7,1721,11013,11850,15570,18757,18629,18594,11491,54747,3230
1781988051,1AC,79435064.0,77712088.0,5852386.0,5561790.5,819248.7,774660.6,252778.1,323563.3,102880.3,0.0,28.0,32.2,57,23.9,41.7,1721,11016,11851,15574,18763,18636,18601,11494,54761,3231
1781988351,1AC,79559168.0,77660600.0,5858611.5,5580797.0,820380.6,774196.2,252670.5,324428.1,102872.1,0.0,28.0,32.2,72,23.9,41.7,1722,11016,11850,15574,18756,18627,18594,11489,54748,3230
1781988652,1AC,79582064.0,77613096.0,5862464.5,5573681.5,820099.3,774040.9,252928.1,324384.0,102863.8,0.0,28.0,32.2,65,23.9,41.7,1722,11017,11851,15576,18759,18630,18599,11490,54762,3231
1781988952,1AC,79456680.0,77587128.0,5875710.5,5594338.0,821265.2,776676.2,253346.8,323559.4,102855.5,0.0,28.0,32.2,69,23.9,41.7,1722,11017,11852,15576,18760,18633,18600,11492,54763,3231
1781989252,1AC,79695272.0,77756264.0,5870912.0,5586361.0,822382.8,775201.3,252653.5,323976.2,102846.0,0.0,28.0,32.3,53,23.9,41.7,1722,11016,11853,15577,18761,18632,18600,11493,54768,3232
1781989553,1AC,79780576.0,77994824.0,5874063.5,5580113.5,823383.8,775990.8,252547.0,324987.6,102838.0,0.0,28.0,32.2,51,23.9,41.7,1722,11013,11848,15570,18751,18625,18588,11487,54733,3229
1781989853,1AC,79869568.0,78021952.0,5881848.5,5607249.5,824565.3,778413.2,253509.1,325244.9,102828.8,0.0,28.0,32.3,84,23.9,41.7,1722,11017,11852,15577,18760,18634,18598,11492,54756,3230
1781990153,1AC,79932120.0,77799400.0,5891368.0,5601114.5,824670.5,778379.2,253572.7,324666.9,102819.7,0.0,28.0,32.3,72,23.9,41.7,1722,11016,11849,15573,18759,18629,18597,11491,54759,3230
1781990453,1AC,79967704.0,78091280.0,5891414.5,5608239.5,825601.5,778260.8,253651.0,324357.7,102810.5,0.0,28.0,32.3,81,23.9,41.7,1722,11017,11852,15577,18760,18628,18596,11490,54754,3231
1781990754,1AC,80011240.0,78227368.0,5915260.0,5603496.0,825315.2,779040.8,253608.2,324984.8,102802.7,0.0,28.0,32.3,73,23.9,41.8,1722,11016,11851,15574,18763,18635,18601,11494,54771,3231
1781991054,1AC,80041648.0,78294440.0,5899173.5,5612309.5,826566.8,780023.0,254186.9,325241.4,102794.6,0.0,28.0,32.3,59,23.9,41.7,1721,11014,11849,15571,18760,18635,18598,11492,54766,3231
1781991353,1AC,80440744.0,78396096.0,5892807.5,5622075.5,826344.4,781104.1,254171.7,325278.4,102785.8,0.0,28.0,32.3,64,23.9,41.8,1721,11013,11849,15569,18758,18629,18596,11490,54756,3230
1781991654,1AC,80467840.0,78588312.0,5934421.5,5625872.5,826783.8,780745.4,254152.9,325957.6,102777.4,0.0,28.0,32.3,78,23.9,41.8,1722,11017,11852,15577,18763,18636,18603,11495,54774,3231
1781991954,1AC,80153088.0,78625320.0,5925221.5,5618401.5,828209.8,782768.6,254189.7,325099.9,102769.7,0.0,28.0,32.3,74,23.9,41.8,1723,11021,11856,15578,18769,18637,18603,11495,54777,3231
1781992254,1AC,80455368.0,78487448.0,5926546.5,5637490.5,828624.1,782013.5,253816.6,325672.6,102762.3,0.0,28.0,32.3,79,23.9,41.8,1722,11021,11856,15580,18770,18638,18606,11499,54787,3232
1781992554,1AC,80245640.0,78749880.0,5922960.5,5633258.0,830715.7,782897.6,253679.8,325964.5,102754.2,0.0,28.0,32.3,63,23.9,41.8,1723,11021,11855,15585,18767,18641,18606,11498,54787,3233
1781992851,1AC,80472600.0,78706816.0,5925424.5,5643962.5,829472.9,784297.1,254663.1,325270.6,102747.9,0.0,28.0,32.3,70,23.9,41.8,1723,11018,11854,15581,18765,18641,18605,11494,54777,3231
1781993151,1AC,80654128.0,78706232.0,5923362.0,5636122.5,830944.8,784604.6,255104.8,325789.0,102740.9,0.0,28.0,32.3,76,23.9,41.8,1722,11013,11849,15569,18757,18629,18595,11490,54747,3229
1781993452,1AC,80384832.0,78768024.0,5926062.0,5637256.0,831756.9,784685.4,254385.8,326766.2,102733.0,0.0,28.0,32.3,84,23.9,41.8,1722,11015,11851,15575,18758,18628,18597,11490,54748,3230
1781993752,1AC,80729256.0,78987040.0,5928658.5,5653871.5,832251.9,786070.9,254902.5,326380.3,102726.3,0.0,28.0,32.3,53,24.0,41.8,1722,11016,11848,15570,18759,18630,18595,11492,54751,3230
1781994052,1AC,80826152.0,79048264.0,5950029.5,5661352.0,830894.8,785702.8,254694.1,326108.8,102720.0,0.0,28.0,32.3,54,23.9,41.8,1722,11015,11849,15573,18758,18629,18595,11489,54747,3229
1781994353,1AC,80996832.0,79083488.0,5923002.0,5655562.5,833091.2,786515.2,254532.9,327316.4,102714.5,0.0,28.0,32.3,53,24.0,41.8,1722,11013,11849,15571,18759,18630,18599,11491,54758,3230
1781994653,1AC,80836776.0,79178888.0,5938444.0,5665344.5,832191.0,785546.8,254818.0,325766.2,102708.2,0.0,28.0,32.3,69,24.0,41.8,1722,11013,11849,15570,18754,18628,18593,11490,54750,3229
1781994954,1AC,81038720.0,79296448.0,5941680.0,5675872.5,833503.2,787517.4,255069.8,325947.8,102701.5,0.0,28.0,32.3,73,24.0,41.9,1722,11015,11850,15572,18756,18627,18593,11489,54749,3229
1781995254,1AC,80952168.0,79017960.0,5962654.5,5674622.0,833147.8,786329.9,255095.3,326346.7,102695.8,0.0,28.0,32.4,52,24.0,41.9,1722,11012,11847,15569,18750,18624,18589,11486,54725,3229
1781995551,1AC,81106920.0,79447472.0,5956081.5,5672920.5,834409.1,787365.1,255313.4,327040.4,102687.8,0.0,28.0,32.4,72,24.0,41.9,1722,11018,11854,15576,18759,18631,18598,11493,54760,3230
1781995852,1AC,81503576.0,79563344.0,5972801.5,5679552.0,835039.3,789330.2,255976.3,326888.6,102683.1,0.0,28.0,32.4,53,24.0,41.9,1722,11013,11849,15569,18757,18630,18595,11489,54753,3230
1781996152,1AC,81023712.0,79024520.0,5956203.5,5684368.0,834459.3,787601.2,255736.8,326780.9,102684.6,0.0,28.1,32.4,76,24.0,41.9,1722,11018,11853,15573,18761,18634,18601,11493,54756,3232
1781996452,1AC,81355912.0,79509984.0,5979159.5,5691399.5,835807.0,787994.8,255415.8,326840.5,102683.0,0.0,28.1,32.4,52,24.0,41.9,1722,11010,11848,15567,18752,18622,18588,11487,54731,3229
1781996753,1AC,81107736.0,79451904.0,5977288.0,5674449.5,833739.0,789105.9,255600.3,326621.7,102680.5,0.0,28.1,32.4,73,24.0,41.9,1722,11017,11854,15573,18760,18630,18597,11492,54758,3230
1781997053,1AC,81106400.0,79604448.0,5960852.0,5686617.5,833279.8,788369.6,255735.8,327267.0,102677.0,0.0,28.1,32.4,55,24.0,41.9,1722,11017,11854,15576,18765,18637,18602,11495,54776,3231
1781997353,1AC,81186144.0,79603976.0,5966743.5,5676029.5,834447.3,789342.8,255638.4,326103.9,102674.0,0.0,28.1,32.4,80,24.1,41.9,1722,11015,11853,15571,18756,18628,18596,11490,54755,3231
1781997653,1AC,81232760.0,79497608.0,5978833.5,5684746.5,835194.2,788045.5,254836.2,326828.3,102669.0,0.0,28.1,32.4,88,24.1,41.9,1722,11016,11854,15572,18757,18633,18596,11491,54753,3230
1781997954,1AC,81045384.0,79393080.0,5973136.0,5687274.0,833544.0,789917.0,255202.2,326226.9,102664.7,0.0,28.1,32.4,57,24.1,41.9,1722,11017,11854,15574,18760,18633,18598,11493,54764,3230
1781998254,1AC,81151928.0,79784736.0,5963539.5,5681068.5,834983.0,788945.4,255335.5,326149.9,102660.7,0.0,28.2,32.4,68,24.1,41.9,1722,11015,11852,15569,18759,18630,18594,11491,54755,3229
1781998554,1AC,81214472.0,79771016.0,5947662.5,5677451.5,835302.4,790306.2,255676.5,326208.0,102655.8,0.0,28.2,32.4,76,24.1,41.9,1722,11018,11855,15570,18756,18626,18596,11488,54746,3229
1781998851,1AC,81076088.0,79727640.0,5965355.5,5686967.5,835877.8,791243.1,255178.9,326335.3,102653.2,0.0,28.2,32.4,69,24.1,41.9,1723,11021,11857,15578,18762,18635,18600,11493,54768,3230
1781999151,1AC,80926968.0,79655392.0,5957997.5,5693980.5,834863.2,788942.9,255873.5,326212.2,102649.7,0.0,28.2,32.4,59,24.1,42.0,1722,11022,11857,15577,18761,18637,18601,11493,54772,3230
1781999452,1AC,81513920.0,79752136.0,5987254.5,5696788.0,832894.5,788833.6,255312.3,326991.3,102644.4,0.0,28.2,32.4,71,24.1,41.9,1723,11021,11860,15580,18766,18639,18604,11494,54776,3230
1781999752,1AC,81129608.0,79574560.0,5960986.0,5682698.0,835145.8,789803.8,255245.4,326259.5,102639.4,0.0,28.2,32.4,70,24.1,41.9,1723,11023,11861,15577,18767,18639,18605,11495,54782,3232
1782000052,1AC,80874096.0,79617888.0,5972720.5,5695013.5,837394.4,789524.5,255040.9,326762.8,102635.1,0.0,28.2,32.4,77,24.2,41.9,1723,11021,11858,15575,18763,18639,18602,11494,54777,3231
1782000352,1AC,81453480.0,79816472.0,5986478.5,5695136.0,836254.3,790440.8,255286.5,326183.8,102631.5,0.0,28.2,32.5,63,24.2,42.0,1723,11022,11859,15576,18760,18634,18600,11492,54765,3230
1782000653,1AC,81376712.0,79397720.0,5982289.5,5708131.5,835055.5,790309.8,255391.7,326167.5,102627.0,0.0,28.2,32.4,73,24.2,42.0,1723,11023,11860,15579,18765,18641,18602,11494,54773,3231
1782000953,1AC,81331840.0,79867784.0,5974957.5,5685366.5,834012.1,790535.3,255444.6,326114.6,102620.4,0.0,28.2,32.5,87,24.2,42.0,1723,11020,11858,15573,18761,18634,18599,11492,54763,3230
1782001253,1AC,81412280.0,79636896.0,5985620.0,5685354.5,837971.3,791351.9,255883.9,327244.8,102613.7,0.0,28.3,32.4,81,24.2,42.0,1723,11017,11857,15572,18759,18634,18600,11494,54756,3230
1782001553,1AC,81521720.0,79882400.0,5968068.5,5697764.0,836624.5,791004.2,255416.8,326947.8,102608.1,0.0,28.3,32.5,82,24.2,42.0,1722,11019,11858,15574,18757,18632,18597,11491,54753,3229
1782001854,1AC,81383984.0,79837376.0,5996731.5,5691127.5,837950.0,791138.6,255745.1,326891.8,102602.2,0.0,28.3,32.4,71,24.2,42.0,1723,11023,11861,15578,18762,18639,18602,11496,54773,3230
1782002154,1AC,81353464.0,79567720.0,5991353.5,5695488.0,838275.0,794261.3,256150.5,326938.0,102595.0,0.0,28.3,32.4,81,24.2,42.0,1723,11023,11861,15574,18769,18643,18605,11498,54790,3233
1782002454,1AC,81628696.0,79851872.0,5995106.5,5710190.5,836928.5,792096.7,255829.5,326998.0,102588.5,0.0,28.3,32.5,67,24.2,42.0,1722,11017,11856,15571,18756,18631,18596,11490,54757,3229
1782002754,1AC,81422536.0,80101432.0,6000644.5,5702316.0,836090.3,790287.5,255968.3,326326.7,102578.8,0.0,28.3,32.5,72,24.2,42.0,1723,11020,11856,15571,18756,18631,18596,11490,54754,3229
1782003054,1AC,81537416.0,80241400.0,6003688.5,5720851.5,839450.6,792488.2,256189.7,326939.6,102566.4,0.0,28.3,32.5,50,24.2,42.0,1724,11023,11862,15578,18764,18638,18604,11496,54779,3230
1782003351,1AC,81260984.0,79772520.0,6004533.5,5723568.0,838348.7,793658.6,256398.6,327156.1,102552.7,0.0,28.3,32.5,58,24.2,42.0,1722,11020,11855,15568,18759,18632,18598,11490,54756,3229
1782003651,1AC,81739520.0,80020864.0,6009578.0,5726630.5,841197.3,794974.2,256480.1,327129.5,102539.2,0.0,28.3,32.5,61,24.2,42.0,1723,11022,11858,15574,18762,18638,18604,11494,54776,3231
1782003952,1AC,82130552.0,80044632.0,6031169.5,5738488.0,841557.2,795231.8,256318.0,328124.0,102525.3,0.0,28.3,32.5,73,24.2,42.1,1722,11018,11856,15570,18758,18631,18596,11491,54753,3229
1782004252,1AC,81868600.0,80383768.0,6027000.0,5728490.5,841637.8,797332.0,256495.9,327436.1,102509.9,0.0,28.2,32.5,59,24.2,42.1,1723,11021,11856,15576,18760,18633,18599,11493,54767,3230
1782004552,1AC,82502432.0,80572144.0,6033710.0,5742203.5,843619.2,797860.9,256601.5,327440.2,102495.0,0.0,28.2,32.5,70,24.1,42.1,1723,11018,11854,15569,18759,18633,18599,11492,54764,3231
1782004852,1AC,82035816.0,80554488.0,6048715.5,5766198.5,845182.9,798023.2,257196.8,328720.4,102479.3,0.0,28.2,32.5,71,24.1,42.1,1722,11017,11855,15573,18759,18634,18600,11492,54767,3230
1782005153,1AC,82253344.0,80860632.0,6057958.0,5762872.5,846202.6,800490.3,257361.7,329126.4,102464.2,0.0,28.2,32.5,86,24.1,42.1,1722,11015,11851,15568,18756,18630,18594,11489,54752,3230
1782005453,1AC,82478368.0,80989928.0,6073827.5,5782342.5,847518.8,801507.8,257751.0,328821.3,102448.5,0.0,28.2,32.5,97,24.1,42.1,1723,11018,11857,15577,18762,18632,18598,11492,54767,3232
1782005754,1AC,82688952.0,81249608.0,6073756.0,5791527.5,848451.6,803632.9,257370.1,329434.6,102432.6,0.0,28.1,32.6,52,24.1,42.1,1722,11016,11853,15574,18762,18634,18602,11493,54779,3231
1782006051,1AC,82708872.0,81410536.0,6097050.0,5812446.0,850066.7,805273.4,258674.9,329856.6,102417.6,0.0,28.1,32.6,61,24.1,42.1,1722,11015,11852,15571,18759,18629,18598,11492,54757,3231
1782006351,1AC,83071512.0,81252104.0,6107633.5,5804352.0,851657.2,806784.8,259050.7,329993.3,102402.4,0.0,28.1,32.6,67,24.0,42.1,1722,11016,11853,15574,18758,18629,18596,11490,54756,3230
1782006652,1AC,83114728.0,81469160.0,6108235.5,5829324.5,853700.4,806670.8,259481.2,329638.9,102387.3,0.0,28.1,32.6,73,24.0,42.1,1722,11017,11853,15575,18760,18632,18598,11492,54765,3231
1782006952,1AC,83550496.0,81565640.0,6122768.0,5829999.5,854403.5,808972.2,259288.9,330839.7,102371.8,0.0,28.1,32.6,66,24.0,42.1,1722,11014,11854,15575,18767,18637,18606,11495,54777,3232
1782007252,1AC,83722456.0,81667152.0,6121977.5,5833985.5,856144.8,809899.7,259955.7,331943.7,102357.2,0.0,28.0,32.6,76,24.0,42.1,1723,11018,11856,15580,18766,18639,18606,11495,54777,3232
1782007553,1AC,83663992.0,81963512.0,6140322.0,5862831.5,857983.8,810542.1,260060.2,332611.6,102343.2,0.0,28.0,32.6,76,23.9,42.1,1722,11013,11851,15574,18761,18631,18600,11493,54756,3230
1782007853,1AC,83983680.0,82102368.0,6163885.5,5873038.0,859824.1,811904.8,260201.2,333592.5,102329.1,0.0,28.0,32.6,95,23.9,42.2,1723,11021,11859,15585,18771,18640,18609,11499,54781,3233
1782008153,1AC,84003768.0,82306392.0,6160378.5,5882568.5,861811.8,813248.4,260403.9,334018.0,102315.5,0.0,28.0,32.6,64,23.9,42.1,1722,11017,11852,15576,18762,18635,18599,11492,54755,3231
1782008454,1AC,84275112.0,82349088.0,6202464.5,5886110.5,865106.0,813396.3,260149.6,332893.7,102302.1,0.0,28.0,32.7,75,23.9,42.2,1723,11018,11856,15579,18770,18644,18608,11498,54783,3232
1782008754,1AC,84527544.0,82602392.0,6199928.5,5900075.5,864490.0,817296.3,260629.9,333160.2,102288.7,0.0,28.0,32.6,54,23.9,42.1,1722,11014,11850,15575,18760,18633,18599,11491,54753,3231
1782009054,1AC,84639008.0,82654456.0,6207112.5,5901230.0,865035.8,816850.7,262109.8,334519.6,102274.8,0.0,27.9,32.7,44,23.9,42.2,1722,11014,11849,15572,18763,18637,18600,11492,54762,3231
1782009351,1AC,85047128.0,83106632.0,6229971.5,5922782.0,867456.6,819164.0,261722.0,334273.3,102261.3,0.0,27.9,32.7,48,23.8,42.2,1722,11015,11852,15578,18768,18638,18608,11495,54778,3232
1782009652,1AC,84958488.0,82907976.0,6232375.5,5936156.0,866053.6,820204.6,262464.1,335187.2,102248.7,0.0,27.9,32.7,58,23.8,42.2,1723,11017,11854,15582,18772,18642,18609,11497,54781,3232
1782009952,1AC,85102184.0,83315992.0,6268706.5,5936244.0,869447.2,821949.7,262931.8,335682.0,102236.1,0.0,27.9,32.7,52,23.8,42.2,1722,11013,11848,15573,18764,18635,18602,11493,54765,3232
1782010252,1AC,85343080.0,83819808.0,6246009.5,5956682.0,870483.9,822338.2,262432.2,335337.0,102224.9,0.0,27.9,32.7,94,23.8,42.2,1722,11013,11850,15576,18766,18637,18603,11495,54765,3233
1782010552,1AC,85515224.0,83753400.0,6258768.0,5968297.5,873178.5,824312.6,263890.8,336267.3,102213.3,0.0,27.9,32.7,64,23.8,42.2,1721,11015,11849,15577,18763,18632,18602,11494,54770,3232
1782010853,1AC,85632360.0,83867672.0,6283761.5,5980984.0,872748.2,824646.3,263183.9,336857.3,102202.1,0.0,27.8,32.7,75,23.8,42.2,1721,11010,11845,15573,18756,18627,18596,11489,54744,3231
1782011154,1AC,85672440.0,84003104.0,6302328.5,5989582.5,873051.1,827001.2,264071.4,336266.1,102190.5,0.0,27.8,32.7,85,23.7,42.2,1721,11008,11842,15568,18756,18625,18596,11489,54735,3230
1782011454,1AC,86460712.0,84230312.0,6333728.5,5996778.5,877238.2,829669.7,264945.3,336876.2,102180.3,0.0,27.8,32.7,53,23.7,42.2,1721,11012,11845,15576,18762,18630,18599,11492,54749,3231
1782011751,1AC,86221352.0,84536072.0,6313794.5,6012398.5,879330.3,829477.2,264392.7,338505.2,102170.6,0.0,27.8,32.7,81,23.7,42.2,1722,11011,11847,15573,18759,18630,18598,11491,54746,3232
1782012051,1AC,86428360.0,84302696.0,6325666.0,6007987.5,879932.0,829547.3,264487.8,337439.2,102160.4,0.0,27.8,32.7,53,23.7,42.2,1721,11009,11844,15572,18759,18626,18594,11489,54746,3231
1782012352,1AC,86050840.0,84527400.0,6348686.5,6019493.5,879962.7,833544.3,265664.1,338113.8,102150.5,0.0,27.8,32.7,44,23.7,42.2,1721,11009,11843,15572,18761,18632,18598,11491,54753,3231
1782012652,1AC,86745256.0,84764288.0,6351427.5,6021770.5,882162.7,833206.2,265875.2,338059.6,102141.0,0.0,27.8,32.7,50,23.7,42.2,1721,11009,11844,15574,18760,18627,18595,11489,54743,3232
1782012952,1AC,87219240.0,84994464.0,6362008.0,6042235.5,882713.8,834758.6,265567.1,338221.8,102131.5,0.0,27.8,32.7,67,23.7,42.2,1721,11012,11846,15576,18766,18631,18602,11492,54763,3231
1782013253,1AC,86773952.0,85133352.0,6373387.5,6048155.5,885289.3,835502.5,265605.3,338807.3,102122.6,0.0,27.7,32.7,63,23.7,42.2,1721,11007,11843,15572,18755,18627,18593,11488,54738,3231
1782013552,1AC,86991472.0,85254696.0,6385953.5,6055463.5,883093.6,836540.5,266324.3,339272.4,102114.5,0.0,27.7,32.7,54,23.7,42.2,1721,11013,11847,15576,18762,18631,18600,11493,54760,3234
1782013852,1AC,87309352.0,85401336.0,6393297.5,6083298.5,886591.7,837368.3,266745.9,339173.0,102105.7,0.0,27.7,32.7,68,23.6,42.3,1721,11013,11846,15577,18768,18635,18604,11494,54772,3232
1782014153,1AC,87758472.0,85766664.0,6402622.5,6091895.5,886795.5,838501.0,267027.9,339440.6,102096.5,0.0,27.7,32.7,48,23.6,42.2,1721,11011,11844,15577,18764,18632,18598,11493,54757,3232
1782014453,1AC,87589432.0,86010424.0,6433916.5,6082322.0,889327.7,840862.1,266947.4,339577.7,102087.5,0.0,27.7,32.7,72,23.6,42.3,1721,11007,11843,15575,18765,18633,18599,11491,54753,3232
1782014754,1AC,87693088.0,85923552.0,6416137.5,6102652.5,890282.2,841696.3,267000.0,339739.9,102078.9,0.0,27.7,32.7,96,23.6,42.3,1721,11010,11843,15576,18764,18629,18600,11491,54754,3232
1782015054,1AC,87711464.0,86136736.0,6424849.5,6111001.5,893368.6,842026.5,267637.8,341126.5,102070.6,0.0,27.7,32.8,59,23.6,42.3,1721,11006,11840,15574,18755,18624,18592,11489,54732,3230
1782015354,1AC,88104576.0,86201816.0,6449203.5,6121494.5,892519.6,844682.3,267370.2,340349.6,102063.2,0.0,27.7,32.8,75,23.6,42.3,1721,11007,11841,15571,18763,18629,18598,11491,54754,3232
1782015651,1AC,87821760.0,86296544.0,6458655.5,6119217.5,893011.9,845325.0,267895.6,341826.7,102055.7,0.0,27.6,32.8,73,23.6,42.3,1721,11008,11841,15572,18763,18630,18600,11493,54752,3232
1782015952,1AC,88488856.0,86505656.0,6474300.0,6143420.0,895042.9,845290.7,268030.6,341845.2,102048.6,0.0,27.6,32.8,57,23.6,42.3,1722,11012,11846,15581,18770,18637,18605,11497,54768,3233
1782016252,1AC,88506104.0,86502016.0,6484823.5,6144049.5,895129.5,847298.4,268218.8,341505.7,102040.5,0.0,27.6,32.8,34,23.6,42.3,1721,11010,11844,15575,18761,18631,18600,11490,54752,3232
1782016552,1AC,88500008.0,86875528.0,6503281.5,6171489.5,898011.6,848635.7,268114.6,342427.5,102033.4,0.0,27.6,32.8,61,23.6,42.3,1721,11009,11843,15577,18766,18634,18601,11492,54759,3232
1782016853,1AC,88688360.0,86872936.0,6504670.5,6158329.5,898434.4,849848.9,268568.7,342613.4,102026.6,0.0,27.6,32.8,63,23.5,42.3,1721,11006,11841,15572,18760,18623,18593,11488,54745,3230
1782017153,1AC,88814040.0,87067424.0,6520616.5,6185775.5,898242.2,849545.9,268961.6,342202.9,102019.8,0.0,27.6,32.8,43,23.5,42.3,1721,11009,11842,15576,18768,18633,18603,11493,54753,3233
1782017454,1AC,88972792.0,87298560.0,6531170.5,6182943.5,900091.2,851677.3,269115.3,342882.6,102012.4,0.0,27.6,32.8,60,23.5,42.3,1720,11007,11838,15573,18758,18626,18592,11487,54739,3231
1782017754,1AC,89255640.0,87173080.0,6519388.0,6203494.0,903386.8,851338.2,268931.4,342238.3,102006.0,0.0,27.6,32.8,82,23.5,42.3,1722,11011,11844,15578,18766,18635,18605,11494,54760,3233
1782018054,1AC,89161792.0,87493088.0,6523342.5,6210453.5,904874.4,853775.2,269437.4,343197.0,101999.2,0.0,27.6,32.8,60,23.5,42.3,1721,11008,11843,15576,18767,18633,18601,11495,54759,3232
1782018351,1AC,89390472.0,87492944.0,6543687.5,6213646.0,903620.4,854371.5,270026.9,344101.4,101993.2,0.0,27.6,32.8,47,23.5,42.3,1721,11010,11843,15579,18769,18637,18605,11495,54766,3233
1782018652,1AC,89579392.0,87696352.0,6565448.5,6216552.5,907113.3,855044.1,270397.3,343592.5,101987.7,0.0,27.6,32.8,68,23.5,42.3,1720,11008,11839,15575,18767,18634,18604,11494,54763,3233
1782018952,1AC,89740472.0,87882112.0,6552142.5,6233182.5,907570.9,854999.5,270828.0,344096.2,101981.8,0.0,27.6,32.8,58,23.5,42.3,1721,11009,11843,15578,18768,18636,18603,11495,54765,3233
1782019252,1AC,89875008.0,88017600.0,6564706.0,6227884.0,907332.5,857503.1,270529.1,344294.6,101975.6,0.0,27.6,32.8,47,23.5,42.3,1721,11008,11840,15576,18764,18631,18599,11493,54751,3233
1782019553,1AC,89841152.0,87896024.0,6570896.5,6254440.0,906921.7,857840.2,270672.5,343815.1,101969.8,0.0,27.6,32.8,50,23.5,42.3,1721,11009,11840,15577,18767,18635,18602,11493,54761,3232
1782019853,1AC,89783416.0,88350440.0,6579270.5,6235613.5,907608.2,859601.0,270355.5,343838.2,101964.4,0.0,27.5,32.8,86,23.5,42.3,1721,11008,11840,15578,18762,18629,18597,11492,54740,3231
1782020154,1AC,90039520.0,88384744.0,6602362.0,6276388.5,909023.2,860098.2,271268.8,345499.0,101959.8,0.0,27.5,32.8,60,23.5,42.4,1721,11008,11840,15575,18764,18632,18598,11489,54753,3233
1782020451,1AC,89869952.0,88367680.0,6610293.5,6286221.5,911226.2,862299.7,271133.7,344695.0,101953.8,0.0,27.5,32.8,31,23.5,42.4,1720,11008,11839,15575,18765,18629,18599,11490,54751,3232
1782020751,1AC,90205248.0,88511264.0,6607704.5,6269042.5,909252.7,860722.8,271232.1,345701.7,101948.3,0.0,27.5,32.8,70,23.5,42.3,1720,11004,11837,15572,18762,18627,18599,11491,54740,3234
1782021352,1AC,100534656.0,100460376.0,7881782.5,7592056.0,1084649.1,1042770.1,333574.0,441810.8,105776.4,0.0,27.3,18.4,81,23.2,27.1,1722,11019,11853,15600,18792,18657,18629,11510,54839,3236
1782021653,1AC,102400000.0,102400000.0,10218003.0,9752216.0,1330110.9,1260695.5,360506.3,454018.1,105872.8,0.0,27.4,21.4,101,23.3,29.3,1722,11017,11849,15595,18784,18648,18619,11503,54806,3234
1782021953,1AC,102400000.0,102400000.0,10279892.0,9795909.0,1331364.5,1258743.4,359420.8,451266.5,105908.8,0.0,27.4,23.0,102,23.3,30.7,1722,11017,11848,15592,18784,18652,18620,11503,54805,3234
1782022253,1AC,102400000.0,102400000.0,10075352.0,9635023.0,1308198.4,1235855.9,356444.6,446037.5,105918.8,0.0,27.4,23.9,103,23.3,31.7,1722,11019,11852,15594,18789,18654,18627,11506,54818,3236
1782022554,1AC,102400000.0,102400000.0,9908736.0,9441217.0,1289385.1,1212800.4,352571.5,442354.3,105917.2,0.0,27.4,24.5,89,23.3,32.5,1722,11021,11854,15599,18792,18655,18629,11508,54818,3235
1782022854,1AC,102400000.0,102400000.0,9749320.0,9281315.0,1271041.5,1191470.6,349720.0,439730.3,105908.5,0.0,27.4,25.0,97,23.3,33.0,1721,11017,11850,15593,18780,18649,18619,11502,54795,3234
1782023154,1AC,102400000.0,102400000.0,9625156.0,9155777.0,1256479.4,1182256.9,346609.6,435390.1,105895.2,0.0,27.4,25.4,114,23.3,33.4,1722,11020,11854,15598,18787,18654,18626,11508,54812,3236
1782023452,1AC,102400000.0,102400000.0,9513588.0,9077000.0,1243555.9,1171430.5,345186.4,433000.6,105879.1,0.0,27.4,25.7,90,23.3,33.8,1722,11021,11852,15597,18788,18655,18626,11507,54821,3236
1782023752,1AC,102400000.0,102400000.0,9414976.0,8989253.0,1236939.6,1159858.8,341851.2,430728.3,105861.4,0.0,27.4,25.9,78,23.3,34.1,1722,11018,11850,15594,18776,18643,18614,11499,54783,3234
1782024052,1AC,102400000.0,102400000.0,9322223.0,8890941.0,1223597.0,1154086.9,339626.0,429360.8,105842.2,0.0,27.4,26.1,96,23.3,34.4,1722,11018,11850,15593,18783,18648,18621,11502,54797,3237
1782024353,1AC,102400000.0,102400000.0,9265457.0,8826393.0,1213948.1,1143731.4,338635.0,426463.0,105821.9,0.0,27.4,26.4,83,23.3,34.6,1721,11012,11843,15585,18776,18641,18615,11499,54781,3235
1782024653,1AC,102400000.0,102400000.0,9213537.0,8778640.0,1209660.4,1138839.4,336903.0,423627.2,105801.4,0.0,27.4,26.5,74,23.3,34.8,1721,11012,11842,15585,18776,18641,18613,11499,54776,3235
1782024954,1AC,102400000.0,102400000.0,9158320.0,8728295.0,1202622.5,1132029.9,335183.1,422069.6,105780.3,0.0,27.4,26.6,100,23.3,34.9,1722,11015,11847,15591,18780,18647,18618,11501,54791,3234
1782025254,1AC,102400000.0,102400000.0,9105388.0,8704984.0,1197865.5,1129969.4,334426.6,420058.6,105758.4,0.0,27.4,26.8,86,23.3,35.1,1721,11012,11844,15585,18777,18643,18614,11499,54783,3235
1782025554,1AC,102400000.0,102400000.0,9075284.0,8661772.0,1192651.1,1122059.1,333558.7,419099.6,105736.3,0.0,27.4,26.9,80,23.3,35.3,1721,11015,11846,15589,18783,18650,18619,11501,54795,3235
1782025851,1AC,102400000.0,102400000.0,9016347.0,8607853.0,1191064.6,1120784.9,332508.0,418821.5,105714.7,0.0,27.4,27.0,77,23.3,35.4,1722,11020,11851,15597,18787,18652,18622,11505,54802,3235
1782026152,1AC,102400000.0,102400000.0,9000881.0,8593085.0,1183066.6,1115450.1,331254.5,417288.9,105691.9,0.0,27.4,27.1,116,23.3,35.5,1722,11020,11852,15595,18788,18655,18626,11505,54811,3236
1782026452,1AC,102400000.0,102400000.0,8956447.0,8556767.0,1178310.4,1112484.4,330646.6,416284.8,105669.7,0.0,27.4,27.2,129,23.3,35.7,1721,11012,11844,15585,18777,18636,18609,11497,54769,3233
1782026753,1AC,102400000.0,102400000.0,8927697.0,8528151.0,1174707.1,1111723.0,330411.5,415389.6,105647.2,0.0,27.4,27.3,75,23.3,35.7,1722,11015,11847,15592,18781,18646,18618,11502,54796,3234
1782027053,1AC,102400000.0,102400000.0,8889803.0,8483463.0,1171661.6,1107116.1,328895.2,414808.8,105624.8,0.0,27.4,27.4,91,23.3,35.9,1722,11013,11844,15588,18780,18643,18615,11498,54779,3234
1782027354,1AC,102400000.0,102400000.0,8887584.0,8473933.0,1170066.4,1104084.5,328628.3,413961.8,105601.7,0.0,27.4,27.5,101,23.3,36.0,1722,11017,11848,15594,18784,18648,18622,11503,54794,3234
1782027654,1AC,102400000.0,102400000.0,8840467.0,8436381.0,1165233.5,1098929.1,327560.6,412747.4,105578.9,0.0,27.4,27.5,90,23.3,36.1,1721,11014,11845,15586,18781,18650,18617,11501,54795,3235
1782027951,1AC,102400000.0,102400000.0,8831968.0,8403046.0,1162856.5,1101402.5,327183.1,411755.2,105556.1,0.0,27.4,27.6,94,23.3,36.2,1722,11014,11845,15586,18780,18645,18616,11500,54779,3234
1782028252,1AC,102400000.0,102400000.0,8800916.0,8404323.0,1161513.0,1097073.1,327191.5,411575.7,105534.2,0.0,27.4,27.7,87,23.3,36.2,1722,11018,11850,15595,18789,18653,18626,11507,54807,3236
1782028552,1AC,102400000.0,102400000.0,8752069.0,8392499.0,1158556.9,1093162.9,325640.5,410533.4,105511.4,0.0,27.4,27.8,95,23.3,36.3,1722,11015,11847,15593,18784,18651,18622,11505,54807,3236
1782028852,1AC,102400000.0,102400000.0,8766633.0,8370886.5,1159446.1,1091307.6,325024.0,410363.9,105489.0,0.0,27.4,27.8,107,23.3,36.4,1722,11015,11847,15593,18785,18650,18622,11505,54809,3235
1782029152,1AC,102400000.0,102400000.0,8731932.0,8341068.0,1154394.0,1091009.4,325793.8,410148.2,105466.7,0.0,27.4,27.9,85,23.3,36.5,1722,11018,11849,15594,18786,18650,18622,11504,54800,3236
1782029453,1AC,102400000.0,102400000.0,8743980.0,8336758.0,1154477.0,1086832.0,324874.0,409483.5,105444.5,0.0,27.4,27.9,102,23.3,36.6,1723,11020,11852,15600,18790,18653,18623,11507,54812,3235
1782029753,1AC,102400000.0,102400000.0,8705564.0,8327914.5,1155017.9,1087420.4,324427.8,408367.2,105422.1,0.0,27.4,28.0,104,23.3,36.6,1722,11015,11846,15591,18779,18643,18614,11499,54776,3234
1782030054,1AC,102400000.0,102400000.0,8694115.0,8296732.5,1150916.9,1086138.0,324035.7,408290.8,105399.6,0.0,27.4,28.0,97,23.3,36.7,1721,11009,11840,15582,18771,18637,18606,11494,54757,3233
1782030354,1AC,102400000.0,102400000.0,8649027.0,8294052.0,1147096.1,1082623.9,322389.2,407635.1,105376.8,0.0,27.4,28.1,65,23.3,36.8,1721,11013,11844,15588,18776,18640,18610,11499,54767,3233
1782030652,1AC,102400000.0,102400000.0,8669163.0,8272559.5,1146120.8,1083603.1,323518.8,406825.2,105355.0,0.0,27.4,28.2,77,23.3,36.8,1721,11013,11844,15588,18783,18648,18620,11504,54803,3235
1782030952,1AC,102400000.0,102400000.0,8651816.0,8254319.5,1142422.4,1079541.0,323051.1,407208.7,105332.9,0.0,27.4,28.2,93,23.3,36.9,1722,11017,11850,15597,18789,18652,18624,11507,54810,3235
1782031253,1AC,102400000.0,102400000.0,8663025.0,8245837.5,1142569.9,1078813.9,323107.9,406574.2,105311.1,0.0,27.4,28.3,90,23.3,36.9,1721,11015,11846,15592,18781,18649,18619,11502,54785,3235
1782031553,1AC,102400000.0,102400000.0,8619837.0,8238272.5,1143502.1,1076433.4,321505.7,406537.4,105289.4,0.0,27.4,28.3,72,23.3,37.0,1722,11014,11845,15591,18780,18646,18616,11501,54788,3236
1782031853,1AC,102400000.0,102400000.0,8594971.0,8236001.5,1141220.9,1078256.5,321680.0,405249.8,105268.0,0.0,27.4,28.3,89,23.3,37.0,1722,11016,11847,15593,18786,18652,18622,11504,54798,3235
1782032154,1AC,102400000.0,102400000.0,8595593.0,8204916.0,1140215.5,1077639.1,321769.1,404848.1,105245.9,0.0,27.4,28.3,86,23.3,37.1,1722,11016,11848,15591,18779,18644,18616,11500,54784,3234
1782032454,1AC,102400000.0,102400000.0,8592027.0,8203260.5,1138333.4,1074132.4,321133.6,404358.0,105224.0,0.0,27.4,28.4,75,23.3,37.2,1722,11015,11847,15592,18783,18647,18618,11502,54790,3235
1782032751,1AC,102400000.0,102400000.0,8578511.0,8211186.5,1138864.1,1073423.1,320232.7,405110.5,105202.5,0.0,27.4,28.5,81,23.3,37.2,1722,11016,11847,15592,18785,18651,18622,11504,54799,3235
1782033051,1AC,102400000.0,102400000.0,8563340.0,8194144.0,1136211.5,1072281.0,320519.1,405147.6,105181.1,0.0,27.4,28.5,105,23.3,37.2,1722,11013,11844,15589,18779,18645,18615,11501,54783,3234
1782033352,1AC,102400000.0,102400000.0,8543775.0,8181620.5,1136962.5,1073959.9,320583.4,404269.6,105160.0,0.0,27.4,28.6,87,23.3,37.3,1722,11010,11843,15588,18784,18645,18619,11502,54795,3235
1782033652,1AC,102400000.0,102400000.0,8565197.0,8173622.5,1135362.4,1069267.0,320088.2,402117.0,105139.7,0.0,27.4,28.6,105,23.3,37.4,1722,11014,11846,15590,18784,18647,18621,11503,54793,3236
1782033953,1AC,102400000.0,102400000.0,8544228.0,8156830.0,1133329.0,1072569.4,320432.5,404020.2,105118.6,0.0,27.3,28.6,88,23.3,37.4,1722,11017,11849,15596,18793,18657,18628,11507,54819,3236
1782034253,1AC,102400000.0,102400000.0,8518393.0,8125792.0,1131403.1,1070688.9,319918.3,403524.5,105098.0,0.0,27.4,28.7,85,23.3,37.4,1722,11015,11849,15594,18789,18652,18624,11504,54806,3237
1782034553,1AC,102400000.0,102400000.0,8533597.0,8135753.5,1129930.8,1069839.0,320131.5,403262.8,105078.3,0.0,27.4,28.7,75,23.3,37.5,1722,11013,11844,15589,18781,18642,18616,11500,54781,3235
1782034854,1AC,102400000.0,102400000.0,8528972.0,8130513.5,1131112.9,1068384.5,319269.9,401460.6,105058.1,0.0,27.4,28.7,85,23.3,37.5,1722,11014,11843,15590,18782,18644,18615,11501,54780,3234
1782035154,1AC,102400000.0,102400000.0,8511797.0,8124419.5,1129404.0,1065619.1,319149.8,401588.2,105038.6,0.0,27.4,28.7,93,23.3,37.6,1722,11019,11849,15595,18787,18652,18625,11506,54808,3236
1782035451,1AC,102400000.0,102400000.0,8499491.0,8115549.5,1129317.4,1065189.4,319188.8,402806.8,105018.4,0.0,27.4,28.8,89,23.3,37.6,1722,11015,11845,15588,18781,18646,18618,11500,54796,3235
1782035752,1AC,102400000.0,102400000.0,8487810.0,8112988.5,1131426.1,1065424.8,317843.5,400846.8,104998.6,0.0,27.4,28.8,90,23.3,37.6,1723,11019,11851,15598,18791,18657,18626,11506,54820,3237
1782036052,1AC,102400000.0,102400000.0,8482460.0,8103658.5,1127854.5,1064953.1,318694.5,400549.8,104979.2,0.0,27.4,28.8,77,23.3,37.7,1721,11015,11845,15589,18780,18646,18617,11500,54791,3235
1782036352,1AC,102400000.0,102400000.0,8503028.0,8110823.5,1125810.0,1065530.9,318946.6,400895.8,104959.0,0.0,27.4,28.9,77,23.3,37.7,1722,11013,11844,15590,18780,18645,18621,11501,54785,3237
1782036653,1AC,102400000.0,102400000.0,8475535.0,8087216.0,1124350.6,1062501.0,318450.0,399940.5,104939.7,0.0,27.4,28.9,55,23.3,37.7,1721,11011,11843,15587,18779,18642,18613,11498,54777,3234
1782036953,1AC,102400000.0,102400000.0,8466965.0,8086579.5,1125094.6,1062699.9,317718.8,399997.9,104920.1,0.0,27.4,28.9,96,23.3,37.8,1721,11011,11842,15585,18780,18641,18614,11499,54784,3237
1782037254,1AC,102400000.0,102400000.0,8461462.0,8072121.5,1125067.0,1063471.9,318588.0,400004.8,104899.9,0.0,27.4,29.0,97,23.3,37.8,1721,11008,11839,15583,18776,18642,18612,11499,54770,3234
1782037554,1AC,102400000.0,102400000.0,8460814.0,8087488.5,1123798.5,1061239.4,318374.5,399806.6,104880.2,0.0,27.4,29.0,77,23.3,37.8,1721,11011,11843,15586,18776,18642,18615,11500,54782,3235
1782037851,1AC,102400000.0,102400000.0,8456426.0,8069330.0,1122680.4,1062456.1,316353.3,398886.4,104860.8,0.0,27.4,29.0,75,23.3,37.9,1721,11012,11843,15589,18777,18644,18615,11498,54780,3234
1782038152,1AC,102400000.0,102400000.0,8438723.0,8061107.5,1124886.9,1062828.2,318332.9,399217.2,104841.2,0.0,27.4,29.0,85,23.3,37.9,1721,11011,11841,15587,18773,18637,18610,11495,54766,3233
1782038452,1AC,102400000.0,102400000.0,8458556.0,8050676.0,1123318.0,1062035.1,317825.2,399231.4,104822.0,0.0,27.4,29.1,113,23.3,37.9,1722,11014,11846,15590,18779,18647,18617,11502,54781,3235
1782038753,1AC,102400000.0,102400000.0,8437074.0,8052604.5,1121449.6,1058152.4,317553.9,399055.3,104802.7,0.0,27.4,29.1,97,23.3,38.0,1722,11015,11847,15593,18785,18652,18623,11505,54803,3236
1782039053,1AC,102400000.0,102400000.0,8427612.0,8062526.5,1122287.4,1057409.9,316751.5,398646.3,104783.1,0.0,27.4,29.1,118,23.3,38.0,1722,11015,11848,15595,18787,18653,18624,11505,54804,3236
1782039353,1AC,102400000.0,102400000.0,8430310.0,8038450.0,1119099.5,1059058.8,317402.1,397570.8,104763.4,0.0,27.4,29.1,80,23.3,38.0,1721,11012,11845,15589,18777,18643,18616,11499,54775,3235
1782039654,1AC,102400000.0,102400000.0,8416595.0,8034464.0,1122577.0,1057527.4,317021.2,396745.7,104745.1,0.0,27.4,29.2,99,23.3,38.0,1721,11012,11844,15586,18775,18640,18616,11498,54777,3234
1782039954,1AC,102400000.0,102400000.0,8423300.0,8053246.0,1122045.0,1058989.5,316530.0,397266.2,104725.6,0.0,27.4,29.2,70,23.3,38.1,1721,11011,11844,15588,18779,18643,18614,11499,54785,3235
1782040251,1AC,102400000.0,102400000.0,8425734.0,8047840.0,1120267.6,1056143.6,316178.4,397030.0,104707.4,0.0,27.4,29.2,99,23.3,38.1,1721,11011,11842,15585,18776,18640,18612,11498,54770,3233
1782040552,1AC,102400000.0,102400000.0,8413709.0,8013342.5,1119195.9,1056733.5,316425.0,397141.3,104688.5,0.0,27.4,29.2,98,23.3,38.1,1721,11012,11843,15588,18780,18643,18617,11500,54780,3234
1782040852,1AC,102400000.0,102400000.0,8408550.0,8037206.5,1118742.9,1058190.1,317176.8,397220.4,104670.2,0.0,27.4,29.2,90,23.3,38.1,1722,11012,11844,15589,18777,18643,18614,11497,54772,3235
1782041153,1AC,102400000.0,102400000.0,8408775.0,8044162.5,1118128.4,1055843.2,315842.5,396721.9,104651.4,0.0,27.4,29.3,69,23.3,38.2,1721,11009,11843,15586,18777,18640,18614,11499,54772,3234
1782041453,1AC,102400000.0,102400000.0,8395635.0,8025172.5,1119515.1,1054841.6,315627.3,397138.0,104633.3,0.0,27.4,29.3,95,23.3,38.2,1722,11014,11846,15590,18781,18646,18620,11502,54791,3236
1782041753,1AC,102400000.0,102400000.0,8400679.0,8032524.5,1117321.8,1055262.6,316785.8,397164.2,104615.3,0.0,27.4,29.3,85,23.3,38.2,1721,11009,11841,15584,18772,18639,18608,11498,54760,3234
1782042054,1AC,102400000.0,102400000.0,8407336.0,8012406.0,1117686.6,1056708.9,315502.0,396376.4,104596.9,0.0,27.4,29.3,84,23.3,38.2,1721,11007,11839,15582,18772,18635,18608,11496,54751,3232
1782042354,1AC,102400000.0,102400000.0,8389991.0,8042072.5,1121745.4,1056162.1,316414.5,395803.1,104578.9,0.0,27.4,29.3,88,23.3,38.3,1721,11011,11843,15590,18780,18643,18616,11501,54773,3234
1782042651,1AC,102400000.0,102400000.0,8401573.0,8004775.5,1116367.9,1055286.2,316426.7,396752.8,104560.9,0.0,27.3,29.4,78,23.3,38.3,1721,11012,11845,15587,18777,18643,18614,11500,54784,3234
1782042952,1AC,102400000.0,102400000.0,8397287.0,8017914.0,1116661.6,1054844.4,315047.6,395697.7,104544.0,0.0,27.3,29.4,72,23.3,38.3,1721,11010,11842,15586,18778,18641,18613,11498,54770,3233
1782043252,1AC,102400000.0,102400000.0,8388010.0,8023639.5,1120549.9,1055033.4,315888.3,395858.2,104526.3,0.0,27.3,29.4,106,23.3,38.3,1722,11013,11844,15590,18781,18647,18618,11502,54783,3235
1782043552,1AC,102400000.0,102400000.0,8383133.5,7999071.5,1116568.1,1055984.1,315983.4,396371.8,104509.1,0.0,27.3,29.4,107,23.3,38.4,1721,11012,11844,15589,18780,18645,18618,11499,54783,3235
1782043853,1AC,102400000.0,102400000.0,8387720.5,8004532.5,1115229.4,1053022.8,315712.3,395462.3,104491.7,0.0,27.4,29.5,60,23.3,38.4,1721,11008,11843,15586,18777,18643,18616,11498,54771,3234
1782044153,1AC,102400000.0,102400000.0,8382481.5,8013094.5,1117191.0,1056700.8,315599.1,396300.0,104475.2,0.0,27.4,29.5,78,23.3,38.4,1722,11012,11845,15591,18780,18645,18617,11500,54779,3235
1782044453,1AC,102400000.0,102400000.0,8383579.5,7993282.5,1116125.5,1056678.8,316043.6,395667.2,104458.3,0.0,27.4,29.5,76,23.3,38.4,1721,11012,11844,15588,18777,18640,18612,11497,54763,3236
1782044754,1AC,102400000.0,102400000.0,8387826.5,7995062.5,1115578.4,1056510.8,314844.4,395931.4,104442.1,0.0,27.4,29.5,72,23.3,38.4,1722,11011,11844,15588,18779,18645,18619,11501,54782,3236
1782045051,1AC,102400000.0,102400000.0,8359701.5,8003492.0,1116765.0,1057564.4,315441.0,395180.3,104425.3,0.0,27.4,29.5,84,23.3,38.5,1721,11012,11844,15588,18780,18645,18618,11501,54783,3236
1782045352,1AC,102400000.0,102400000.0,8363148.0,7995584.5,1116510.0,1054732.5,315219.0,396016.5,104408.6,0.0,27.4,29.5,80,23.3,38.5,1722,11013,11843,15590,18784,18648,18619,11502,54786,3234
1782045652,1AC,102400000.0,102400000.0,8373610.0,8009858.5,1114900.1,1054512.6,315915.6,395100.2,104391.3,0.0,27.4,29.5,88,23.3,38.5,1721,11011,11843,15586,18776,18643,18614,11498,54779,3234
1782045953,1AC,102400000.0,102400000.0,8367596.0,7999398.0,1113792.2,1054068.8,314570.3,394588.5,104374.2,0.0,27.4,29.6,91,23.3,38.5,1722,11014,11846,15593,18782,18645,18618,11500,54787,3234
1782046253,1AC,102400000.0,102400000.0,8362316.5,7985516.5,1117282.1,1055081.2,315376.4,394968.5,104358.2,0.0,27.4,29.6,69,23.3,38.6,1722,11011,11843,15588,18778,18643,18613,11498,54775,3234
1782046553,1AC,102400000.0,102400000.0,8355824.0,7974007.5,1114921.5,1054051.2,314942.8,395133.5,104341.7,0.0,27.4,29.6,85,23.3,38.6,1722,11012,11843,15589,18777,18642,18613,11500,54776,3234
1782046854,1AC,102400000.0,102400000.0,8349786.5,7988577.5,1118417.1,1050832.2,314915.8,395145.0,104325.1,0.0,27.4,29.6,87,23.3,38.6,1722,11012,11845,15590,18783,18644,18617,11500,54778,3235
1782047154,1AC,102400000.0,102400000.0,8368514.0,7999412.0,1114854.4,1053476.1,314841.9,394464.4,104309.2,0.0,27.4,29.7,101,23.3,38.6,1721,11009,11841,15584,18777,18642,18613,11500,54774,3233
1782047454,1AC,102400000.0,102400000.0,8362291.5,8000324.5,1116645.6,1053590.4,314830.2,394660.6,104293.1,0.0,27.4,29.7,88,23.3,38.6,1721,11008,11839,15581,18775,18640,18610,11496,54768,3234
1782047754,1AC,102400000.0,102400000.0,8376097.5,8003496.5,1116291.4,1051159.6,314903.3,394991.5,104277.4,0.0,27.4,29.7,73,23.3,38.6,1722,11013,11844,15590,18778,18645,18615,11499,54781,3234
1782048054,1AC,102400000.0,102400000.0,8365428.5,7979228.5,1113730.6,1051033.4,315569.9,394492.0,104261.2,0.0,27.4,29.7,83,23.3,38.7,1721,11011,11843,15590,18782,18646,18619,11502,54785,3235
1782048354,1AC,102400000.0,102400000.0,8365992.5,7988336.0,1115133.8,1053311.5,313519.1,394712.8,104245.2,0.0,27.4,29.7,69,23.3,38.7,1721,11011,11842,15586,18779,18644,18614,11499,54772,3235
1782048654,1AC,102400000.0,102400000.0,8384188.5,7990496.0,1116055.9,1054799.1,314720.0,394373.7,104228.7,0.0,27.4,29.7,97,23.3,38.7,1722,11014,11846,15593,18780,18644,18616,11501,54785,3234
1782048954,1AC,102400000.0,102400000.0,8362986.0,7971001.5,1116636.1,1055160.5,315036.5,394511.9,104213.1,0.0,27.4,29.7,72,23.3,38.7,1721,11015,11845,15592,18776,18641,18613,11500,54775,3235
1782049254,1AC,102400000.0,102400000.0,8357136.0,8002196.0,1116276.1,1050596.8,315347.4,394015.5,104196.9,0.0,27.4,29.7,81,23.3,38.7,1722,11015,11845,15590,18779,18641,18618,11501,54782,3235
1782049554,1AC,102400000.0,102400000.0,8357092.5,7995363.5,1117412.1,1053648.1,315434.2,394190.1,104181.6,0.0,27.4,29.8,51,23.3,38.8,1722,11014,11847,15593,18778,18645,18618,11501,54794,3235
1782049854,1AC,102400000.0,102400000.0,8365937.5,7982849.5,1115098.4,1054231.1,314772.4,394492.0,104166.3,0.0,27.4,29.8,77,23.3,38.8,1721,11010,11842,15586,18775,18640,18611,11498,54763,3235
1782050152,1AC,102400000.0,102400000.0,8361504.0,7976113.5,1114259.5,1054298.9,314929.5,394118.2,104150.6,0.0,27.4,29.8,73,23.3,38.8,1723,11018,11849,15597,18790,18652,18625,11506,54807,3236
1782050452,1AC,102400000.0,102400000.0,8341768.0,7985106.0,1116393.5,1053103.4,315559.4,394921.9,104135.6,0.0,27.4,29.8,76,23.3,38.8,1722,11014,11845,15591,18783,18646,18617,11502,54791,3235
1782050753,1AC,102400000.0,102400000.0,8353357.5,8005338.0,1116400.9,1055735.0,315206.3,393350.5,104120.7,0.0,27.4,29.8,72,23.3,38.8,1721,11012,11842,15587,18780,18646,18616,11501,54781,3234
1782051054,1AC,102400000.0,102400000.0,8374310.0,8005067.5,1116578.1,1053952.9,315060.7,393708.6,104105.6,0.0,27.3,29.8,60,23.3,38.8,1723,11014,11846,15591,18786,18651,18624,11505,54799,3236
1782051354,1AC,102400000.0,102400000.0,8360104.5,7993041.5,1115701.9,1055078.1,314781.4,394498.9,104090.6,0.0,27.4,29.9,101,23.3,38.8,1722,11016,11847,15594,18783,18648,18620,11502,54783,3235
1782051651,1AC,102400000.0,102400000.0,8344998.0,7980489.5,1115719.5,1054317.1,315396.2,394504.3,104076.0,0.0,27.4,29.8,77,23.3,38.8,1722,11010,11842,15587,18783,18648,18619,11503,54788,3234
1782051951,1AC,102400000.0,102400000.0,8345460.0,7990074.0,1116751.6,1054594.9,315064.4,394184.7,104061.1,0.0,27.4,29.9,69,23.3,38.9,1722,11011,11844,15589,18778,18643,18616,11500,54776,3234
1782052252,1AC,102400000.0,102400000.0,8342400.5,7989470.0,1116310.6,1052767.6,315111.8,393947.4,104046.8,0.0,27.4,29.9,90,23.3,38.9,1722,11014,11845,15592,18782,18646,18619,11500,54789,3235
1782052552,1AC,102400000.0,102400000.0,8371324.0,7993661.5,1113167.5,1053860.1,314616.7,394138.2,104032.5,0.0,27.4,29.9,92,23.3,38.9,1722,11014,11846,15588,18779,18644,18616,11498,54782,3234
1782052852,1AC,102400000.0,102400000.0,8363896.5,7990900.5,1116440.4,1053350.8,313799.3,394161.0,104018.0,0.0,27.4,29.9,95,23.3,38.9,1722,11012,11843,15588,18781,18644,18615,11501,54777,3234
1782053152,1AC,102400000.0,102400000.0,8373456.5,7989308.5,1114571.4,1055966.4,314705.0,393732.7,104003.8,0.0,27.4,29.9,62,23.3,38.9,1722,11016,11847,15593,18783,18648,18619,11501,54785,3235
1782053452,1AC,102400000.0,102400000.0,8367848.0,7996705.5,1118996.0,1053523.1,314547.3,393383.8,103989.7,0.0,27.4,29.9,91,23.3,39.0,1722,11012,11843,15588,18780,18644,18614,11501,54777,3234
1782053752,1AC,102400000.0,102400000.0,8334678.5,7970074.0,1115509.0,1055480.6,314757.1,394332.3,103975.4,0.0,27.4,29.9,87,23.3,39.0,1722,11012,11845,15590,18782,18646,18619,11503,54787,3235
1782054052,1AC,102400000.0,102400000.0,8336518.0,7974495.5,1117219.5,1053690.1,315144.5,394768.6,103960.7,0.0,27.4,30.0,84,23.3,39.0,1722,11011,11842,15586,18779,18642,18614,11500,54778,3235
1782054352,1AC,102400000.0,102400000.0,8366616.5,7995970.0,1116651.4,1051417.8,313783.3,394252.7,103946.0,0.0,27.4,30.0,72,23.3,39.0,1721,11008,11840,15584,18774,18638,18612,11498,54764,3234
1782054652,1AC,102400000.0,102400000.0,8362616.5,7976523.5,1115437.5,1055410.4,314512.2,393200.6,103932.0,0.0,27.4,30.0,71,23.3,39.0,1722,11011,11843,15589,18781,18646,18618,11501,54786,3235
1782054952,1AC,102400000.0,102400000.0,8349018.5,7990403.5,1114884.6,1054823.8,314960.9,394091.6,103917.5,0.0,27.4,30.0,70,23.3,39.0,1721,11012,11845,15590,18777,18644,18616,11500,54780,3234
1782055251,1AC,102400000.0,102400000.0,8364788.5,7998335.5,1117479.9,1054464.9,314481.9,393533.0,103903.4,0.0,27.4,30.0,73,23.3,39.1,1722,11012,11844,15592,18783,18647,18619,11503,54784,3235
1782055551,1AC,102400000.0,102400000.0,8363214.5,7987598.5,1118159.6,1054121.1,314621.1,394686.0,103889.3,0.0,27.4,30.0,57,23.3,39.1,1722,11014,11846,15592,18782,18644,18617,11501,54780,3235
1782055851,1AC,102400000.0,102400000.0,8356845.5,7992647.5,1116653.0,1056764.4,315128.9,393421.7,103875.1,0.0,27.4,30.0,82,23.3,39.1,1722,11013,11845,15592,18784,18642,18617,11501,54782,3235
1782056151,1AC,102400000.0,102400000.0,8381100.5,8017606.0,1118685.0,1053056.4,315677.0,393999.1,103861.8,0.0,27.4,30.1,74,23.3,39.1,1722,11015,11846,15593,18786,18651,18622,11505,54797,3236
1782056452,1AC,102400000.0,102400000.0,8372486.0,7995360.5,1117428.0,1055122.9,314127.0,394297.0,103848.3,0.0,27.4,30.1,75,23.3,39.1,1722,11010,11843,15587,18779,18641,18614,11501,54774,3234
1782056752,1AC,102400000.0,102400000.0,8368726.5,8006779.5,1116725.4,1056266.9,316073.1,393156.8,103837.9,0.0,27.4,30.1,63,23.3,39.1,1722,11012,11844,15590,18783,18646,18618,11503,54782,3235
1782057053,1AC,102400000.0,102400000.0,8377404.0,7998517.5,1118262.0,1056904.9,314517.9,393889.5,103825.0,0.0,27.4,30.1,74,23.3,39.1,1722,11015,11847,15595,18787,18651,18619,11502,54791,3236
1782057353,1AC,102400000.0,102400000.0,8397874.0,8006732.5,1118738.5,1056472.6,315042.9,393360.5,103812.2,0.0,27.4,30.1,61,23.3,39.1,1722,11011,11844,15589,18783,18647,18618,11501,54784,3235
1782057654,1AC,102400000.0,102400000.0,8364068.5,7976813.5,1115959.1,1053005.0,314685.8,393941.9,103799.1,0.0,27.4,30.1,58,23.3,39.1,1722,11011,11845,15591,18781,18645,18616,11502,54783,3235
1782057954,1AC,102400000.0,102400000.0,8384194.5,7986500.0,1116249.6,1056398.5,315011.5,392902.0,103785.7,0.0,27.4,30.1,84,23.3,39.2,1722,11014,11847,15591,18784,18651,18622,11504,54799,3237
1782058251,1AC,102400000.0,102400000.0,8366422.0,7992131.5,1118568.5,1053556.0,314406.3,393698.4,103772.4,0.0,27.4,30.1,86,23.3,39.2,1722,11013,11844,15592,18780,18644,18617,11501,54786,3234
1782058552,1AC,102400000.0,102400000.0,8381046.0,7996756.0,1118426.1,1056934.8,314558.0,393894.2,103759.1,0.0,27.4,30.1,55,23.3,39.2,1722,11010,11842,15587,18776,18640,18614,11497,54767,3234
1782058852,1AC,102400000.0,102400000.0,8377200.0,8007121.5,1119209.0,1056014.6,314542.2,393224.4,103745.6,0.0,27.4,30.1,75,23.3,39.2,1722,11015,11848,15594,18785,18649,18621,11504,54791,3237
1782059152,1AC,102400000.0,102400000.0,8366482.5,8006399.5,1117258.4,1056078.2,314768.5,394264.2,103732.6,0.0,27.4,30.2,77,23.3,39.2,1721,11011,11843,15587,18778,18643,18615,11498,54777,3235
1782059453,1AC,102400000.0,102400000.0,8355476.5,8016907.5,1117371.5,1056223.4,314780.0,393881.5,103719.8,0.0,27.4,30.2,83,23.3,39.2,1722,11013,11846,15591,18782,18647,18619,11501,54784,3235
1782059753,1AC,102400000.0,102400000.0,8369562.5,8015252.5,1118088.8,1057718.6,315263.7,393544.9,103707.1,0.0,27.4,30.2,76,23.3,39.2,1722,11017,11848,15595,18791,18657,18625,11507,54809,3237
1782060054,1AC,102400000.0,102400000.0,8351230.0,8005054.0,1118904.5,1057171.0,314934.9,393696.5,103694.0,0.0,27.4,30.2,69,23.3,39.3,1722,11014,11845,15591,18788,18650,18622,11504,54795,3235
1782060354,1AC,102400000.0,102400000.0,8397465.0,7995859.5,1117693.4,1057703.0,314579.4,393798.9,103681.4,0.0,27.4,30.2,90,23.3,39.3,1722,11012,11845,15591,18786,18649,18621,11503,54792,3237
1782060654,1AC,102400000.0,102400000.0,8380323.5,8000158.5,1120736.4,1056659.1,315110.5,394079.5,103667.8,0.0,27.4,30.2,92,23.3,39.3,1722,11013,11846,15591,18784,18647,18618,11504,54780,3235
1782060955,1AC,102400000.0,102400000.0,8390061.0,8014076.5,1118428.9,1056772.5,313990.7,393813.7,103654.9,0.0,27.4,30.2,60,23.3,39.3,1722,11014,11844,15590,18779,18644,18615,11497,54776,3234
1782061251,1AC,102400000.0,102400000.0,8379675.5,8031363.5,1121076.9,1057511.0,315493.0,393937.9,103641.9,0.0,27.4,30.2,70,23.3,39.3,1722,11013,11847,15593,18784,18648,18618,11500,54787,3235
1782061551,1AC,102400000.0,102400000.0,8371220.5,8020129.5,1119246.9,1060943.9,314821.5,394765.5,103629.1,0.0,27.4,30.3,78,23.3,39.3,1722,11015,11847,15592,18785,18654,18624,11506,54796,3236
1782061851,1AC,102400000.0,102400000.0,8372883.5,8028748.0,1120822.0,1058576.1,314627.0,393716.4,103616.4,0.0,27.4,30.3,79,23.3,39.3,1722,11011,11844,15588,18784,18650,18620,11502,54788,3236
1782062152,1AC,102400000.0,102400000.0,8395169.0,8033015.5,1119493.4,1056710.0,314992.0,393080.5,103603.9,0.0,27.4,30.3,46,23.3,39.3,1722,11013,11845,15591,18784,18647,18617,11502,54779,3235
1782062453,1AC,102400000.0,102400000.0,8390180.0,8022048.0,1122137.8,1058641.4,315096.0,393739.6,103591.2,0.0,27.4,30.3,92,23.3,39.4,1722,11016,11848,15595,18791,18655,18623,11507,54808,3236
1782062753,1AC,102400000.0,102400000.0,8383986.0,8032757.5,1122557.0,1059719.9,314717.5,394550.2,103579.7,0.0,27.4,30.3,79,23.3,39.3,1722,11013,11845,15591,18787,18650,18622,11503,54796,3236
1782063053,1AC,102400000.0,102400000.0,8397887.0,8030202.0,1122934.5,1059482.1,315396.3,394487.2,103567.2,0.0,27.4,30.3,81,23.3,39.4,1723,11014,11845,15592,18783,18649,18617,11503,54785,3235
1782063354,1AC,102400000.0,102400000.0,8397701.0,8025496.0,1120818.6,1057572.1,314952.0,393713.2,103554.0,0.0,27.4,30.3,59,23.3,39.4,1722,11014,11845,15590,18782,18648,18618,11501,54784,3235
1782063654,1AC,102400000.0,102400000.0,8400893.0,8040272.5,1122512.9,1059385.0,315435.5,394108.2,103541.9,0.0,27.4,30.3,84,23.3,39.4,1722,11012,11844,15588,18785,18647,18619,11501,54786,3236
1782063954,1AC,102400000.0,102400000.0,8403594.0,8032587.5,1122542.6,1059914.0,315421.7,394598.3,103529.8,0.0,27.4,30.3,64,23.3,39.4,1721,11013,11844,15589,18785,18647,18617,11502,54780,3235
1782064255,1AC,102400000.0,102400000.0,8394430.0,8041516.0,1123065.8,1060900.0,315426.5,394437.3,103518.4,0.0,27.4,30.3,63,23.3,39.4,1722,11012,11844,15589,18785,18648,18619,11502,54793,3235
1782064552,1AC,102400000.0,102400000.0,8390791.0,8036265.5,1123748.1,1060879.2,314761.6,393945.3,103507.8,0.0,27.4,30.3,67,23.3,39.4,1721,11010,11840,15585,18775,18641,18612,11497,54766,3234
1782064852,1AC,102400000.0,102400000.0,8396360.0,8048068.0,1126143.8,1060274.6,315007.8,394242.8,103496.5,0.0,27.4,30.4,75,23.3,39.5,1722,11014,11846,15594,18785,18649,18619,11502,54787,3234
1782065153,1AC,102400000.0,102400000.0,8406877.0,8018445.5,1124790.9,1061215.8,315782.3,394321.2,103485.1,0.0,27.4,30.3,94,23.3,39.5,1722,11015,11848,15594,18791,18652,18623,11504,54798,3236
1782065453,1AC,102400000.0,102400000.0,8403453.0,8026467.5,1125673.5,1059678.9,315594.3,394533.0,103474.0,0.0,27.4,30.4,65,23.3,39.5,1722,11011,11843,15588,18778,18639,18614,11498,54775,3235
1782065753,1AC,102400000.0,102400000.0,8418220.0,8036478.5,1124993.4,1059556.8,315720.1,394047.5,103463.8,0.0,27.4,30.4,70,23.3,39.5,1722,11014,11846,15594,18784,18646,18620,11503,54784,3236
1782066054,1AC,102400000.0,102400000.0,8431688.0,8032528.5,1121868.0,1062267.9,315710.5,393635.9,103453.1,0.0,27.4,30.4,61,23.3,39.5,1722,11014,11847,15595,18782,18647,18617,11501,54776,3236
1782066354,1AC,102400000.0,102400000.0,8410246.0,8030014.5,1124170.0,1060385.9,316053.3,393841.6,103443.0,0.0,27.4,30.4,70,23.3,39.5,1723,11015,11848,15596,18785,18648,18620,11503,54791,3235
1782066651,1AC,102400000.0,102400000.0,8408214.0,8056869.5,1126361.9,1063141.9,314674.4,393891.5,103432.6,0.0,27.4,30.4,69,23.3,39.5,1722,11009,11844,15589,18777,18645,18611,11499,54773,3235
1782066952,1AC,102400000.0,102400000.0,8416494.0,8042600.5,1124990.9,1061160.8,315498.3,394038.4,103423.1,0.0,27.4,30.5,66,23.3,39.5,1722,11012,11845,15591,18785,18648,18619,11503,54793,3235
1782067252,1AC,102400000.0,102400000.0,8403539.0,8053825.5,1126032.6,1062826.8,315006.4,393882.8,103413.5,0.0,27.4,30.4,61,23.3,39.5,1722,11014,11847,15592,18782,18644,18617,11501,54788,3235
1782067553,1AC,102400000.0,102400000.0,8431104.0,8042424.0,1124906.9,1063241.4,316141.0,394376.2,103402.5,0.0,27.4,30.4,91,23.3,39.5,1722,11010,11843,15592,18780,18645,18618,11502,54785,3235
1782067853,1AC,102400000.0,102400000.0,8420415.0,8050784.0,1124787.2,1062088.2,315738.5,394135.0,103389.9,0.0,27.4,30.4,68,23.3,39.5,1722,11015,11847,15596,18783,18649,18620,11503,54789,3236
1782068154,1AC,102400000.0,102400000.0,8424226.0,8040288.0,1124411.1,1061488.8,315876.9,394358.7,103376.6,0.0,27.4,30.4,73,23.3,39.6,1721,11013,11846,15593,18785,18647,18621,11504,54790,3235
1782068454,1AC,102400000.0,102400000.0,8420343.0,8052891.5,1123591.6,1062942.8,315927.8,394311.6,103364.0,0.0,27.4,30.5,56,23.3,39.6,1722,11012,11846,15594,18787,18649,18623,11507,54793,3236
1782068754,1AC,102400000.0,102400000.0,8417225.0,8070162.5,1126109.4,1064258.9,315362.9,394207.5,103351.1,0.0,27.4,30.5,53,23.3,39.6,1722,11014,11848,15594,18784,18648,18619,11504,54794,3235
1782069055,1AC,102400000.0,102400000.0,8409861.0,8052232.0,1125938.5,1067843.5,315269.0,394131.1,103337.6,0.0,27.4,30.5,55,23.3,39.6,1721,11008,11841,15589,18780,18645,18617,11501,54777,3234
1782069352,1AC,102400000.0,102400000.0,8435202.0,8067629.5,1126060.2,1062924.4,314845.0,394164.8,103325.1,0.0,27.4,30.5,80,23.3,39.6,1722,11010,11843,15588,18775,18642,18613,11500,54764,3236
1782069653,1AC,102400000.0,102400000.0,8415010.0,8049932.0,1126723.0,1065389.4,316706.0,394670.9,103312.8,0.0,27.4,30.5,74,23.3,39.6,1722,11011,11846,15594,18786,18647,18623,11505,54803,3235
1782069953,1AC,102400000.0,102400000.0,8434892.0,8088204.5,1125101.4,1065788.2,315760.7,394316.8,103299.6,0.0,27.4,30.5,52,23.3,39.6,1722,11012,11846,15592,18783,18647,18621,11503,54788,3236
1782070254,1AC,102400000.0,102400000.0,8447542.0,8078742.5,1127466.0,1063538.9,315781.2,394755.8,103287.8,0.0,27.4,30.5,57,23.3,39.6,1722,11011,11844,15592,18783,18644,18620,11504,54789,3236
1782070555,1AC,102400000.0,102400000.0,8438104.0,8079648.0,1128250.1,1064343.4,316081.9,394580.1,103275.2,0.0,27.4,30.5,63,23.3,39.6,1722,11011,11844,15592,18780,18647,18618,11501,54784,3235
1782070852,1AC,102400000.0,102400000.0,8442558.0,8068053.5,1129410.6,1069412.6,316338.9,394646.3,103262.6,0.0,27.4,30.5,81,23.3,39.7,1722,11015,11848,15595,18787,18652,18624,11504,54801,3235
1782071152,1AC,102400000.0,102400000.0,8451710.0,8094068.0,1129972.9,1066352.9,315663.2,394617.9,103250.2,0.0,27.3,30.5,65,23.3,39.6,1723,11012,11845,15591,18782,18649,18619,11502,54785,3235
1782071452,1AC,102400000.0,102400000.0,8466373.0,8089808.5,1129559.1,1068413.5,315746.1,395980.4,103239.8,0.0,27.3,30.5,38,23.3,39.7,1722,11010,11843,15590,18780,18645,18617,11502,54776,3234
1782071752,1AC,102400000.0,102400000.0,8463326.0,8091253.5,1129925.9,1066918.5,316132.0,395341.4,103228.1,0.0,27.3,30.6,81,23.3,39.7,1722,11011,11844,15591,18780,18645,18618,11501,54777,3235
1782072053,1AC,102400000.0,102400000.0,8460174.0,8099736.5,1131012.6,1069716.5,316607.6,395046.3,103216.9,0.0,27.3,30.6,76,23.2,39.7,1721,11007,11839,15584,18777,18641,18613,11498,54757,3234
1782072353,1AC,102400000.0,102400000.0,8477529.0,8096772.5,1132945.9,1068985.6,316281.0,394841.1,103209.4,0.0,27.3,30.6,61,23.3,39.7,1721,11007,11840,15583,18772,18637,18610,11496,54754,3233
1782072653,1AC,102400000.0,102400000.0,8466740.0,8109534.0,1131470.1,1069306.0,315774.2,395192.8,103203.3,0.0,27.3,30.6,75,23.3,39.7,1723,11013,11846,15591,18785,18649,18622,11505,54790,3235
1782072954,1AC,102400000.0,102400000.0,8453028.0,8094092.5,1131651.0,1068381.9,316298.8,394293.0,103198.5,0.0,27.3,30.6,68,23.3,39.7,1721,11011,11844,15590,18780,18641,18617,11500,54775,3234
1782073254,1AC,102400000.0,102400000.0,8470261.0,8090666.0,1130199.9,1068821.5,316343.2,394936.7,103194.6,0.0,27.4,30.6,67,23.3,39.7,1722,11014,11848,15594,18786,18650,18623,11504,54793,3236
1782073555,1AC,102400000.0,102400000.0,8451149.0,8102004.0,1134008.9,1069059.5,316455.8,394302.3,103192.2,0.0,27.4,30.6,67,23.3,39.7,1722,11013,11846,15591,18783,18649,18621,11503,54783,3235
1782073852,1AC,102400000.0,102400000.0,8452144.0,8070632.0,1129711.6,1068555.5,316144.2,395068.3,103188.6,0.0,27.4,30.6,48,23.3,39.7,1722,11013,11849,15595,18784,18650,18621,11501,54790,3235
1782074152,1AC,102400000.0,102400000.0,8439818.0,8052678.0,1130271.8,1066827.1,316846.9,394444.1,103185.0,0.0,27.4,30.6,67,23.3,39.8,1723,11014,11850,15597,18784,18651,18624,11506,54797,3237
1782074452,1AC,102400000.0,102400000.0,8438243.0,8096970.0,1130939.6,1066691.0,316610.4,394184.0,103182.3,0.0,27.4,30.6,69,23.4,39.7,1723,11015,11848,15592,18784,18647,18620,11502,54783,3236
1782074753,1AC,102400000.0,102400000.0,8448062.0,8075612.0,1129022.0,1067756.1,315523.9,393161.6,103179.5,0.0,27.5,30.6,60,23.4,39.8,1722,11008,11845,15585,18774,18639,18610,11498,54762,3234
1782075053,1AC,102400000.0,102400000.0,8458051.0,8080049.5,1129373.9,1064968.6,315050.4,393404.8,103176.8,0.0,27.5,30.6,55,23.4,39.8,1722,11011,11845,15588,18781,18647,18618,11500,54784,3234
1782075353,1AC,102400000.0,102400000.0,8427387.0,8041476.0,1127361.4,1063998.1,315457.6,392631.0,103174.8,0.0,27.5,30.6,82,23.4,39.8,1722,11009,11843,15582,18776,18639,18613,11498,54764,3235
1782075654,1AC,102400000.0,102400000.0,8414509.0,8072504.0,1126722.4,1062684.9,315396.1,393146.8,103172.2,0.0,27.5,30.6,60,23.4,39.8,1722,11011,11846,15588,18773,18639,18610,11495,54764,3233
1782075954,1AC,102400000.0,102400000.0,8413497.0,8039530.0,1126681.0,1065173.4,315242.7,393531.0,103170.6,0.0,27.5,30.6,41,23.5,39.8,1722,11010,11845,15585,18773,18638,18609,11496,54758,3233
1782076255,1AC,102400000.0,102400000.0,8398123.0,8047841.5,1125627.1,1060269.8,314298.3,392057.8,103168.2,0.0,27.6,30.6,68,23.5,39.8,1722,11011,11846,15586,18774,18636,18611,11497,54759,3233
1782076552,1AC,102400000.0,102400000.0,8399799.0,8020520.5,1121164.1,1059579.9,314615.1,391791.9,103165.6,0.0,27.6,30.7,56,23.5,39.8,1721,11009,11846,15582,18772,18637,18611,11495,54760,3233
1782076852,1AC,102400000.0,102400000.0,8389842.0,8024388.0,1122415.5,1059004.9,314906.3,391971.4,103162.5,0.0,27.6,30.6,55,23.5,39.8,1722,11012,11848,15586,18774,18642,18613,11498,54773,3234
1782077152,1AC,102400000.0,102400000.0,8374256.0,8014078.5,1117821.8,1056982.6,314325.6,392477.4,103159.7,0.0,27.6,30.7,72,23.5,39.8,1722,11010,11846,15581,18770,18639,18611,11495,54765,3233
1782077453,1AC,102400000.0,102400000.0,8355192.0,8007766.5,1119326.0,1057158.1,313413.2,391844.6,103155.9,0.0,27.6,30.6,56,23.6,39.8,1722,11013,11848,15586,18783,18644,18619,11502,54790,3234
1782077753,1AC,102400000.0,102400000.0,8352460.5,8017642.0,1120467.5,1057016.4,313640.7,391183.1,103152.6,0.0,27.7,30.7,63,23.6,39.8,1722,11014,11849,15585,18777,18642,18613,11498,54772,3233
1782078054,1AC,102400000.0,102400000.0,8344473.5,7987599.5,1117951.4,1054326.0,314297.5,391568.4,103148.0,0.0,27.7,30.7,67,23.6,39.8,1722,11015,11851,15587,18777,18645,18614,11498,54780,3233
1782078354,1AC,102400000.0,102400000.0,8359013.5,7986282.0,1118532.6,1054688.6,313061.7,391006.7,103142.9,0.0,27.7,30.7,66,23.6,39.9,1723,11015,11852,15587,18775,18643,18613,11500,54781,3234
1782078654,1AC,102400000.0,102400000.0,8341276.0,7965771.5,1114262.9,1055076.4,313043.6,390357.2,103137.3,0.0,27.7,30.7,75,23.6,39.9,1723,11019,11855,15593,18786,18653,18625,11505,54812,3235
1782078955,1AC,102400000.0,102400000.0,8345778.5,7971599.5,1114670.9,1055363.5,313139.7,390199.3,103131.4,0.0,27.7,30.7,62,23.7,39.9,1722,11015,11851,15586,18780,18645,18616,11501,54790,3234
1782079251,1AC,102400000.0,102400000.0,8341164.5,7986816.5,1114323.4,1054842.8,314077.4,390246.3,103125.3,0.0,27.7,30.7,86,23.7,39.9,1722,11013,11848,15580,18772,18639,18611,11497,54767,3234
1782079552,1AC,102400000.0,102400000.0,8347857.5,7977541.5,1114345.1,1051627.1,313441.8,389209.9,103119.4,0.0,27.7,30.7,65,23.7,39.9,1723,11017,11853,15587,18778,18644,18618,11501,54791,3234
1782079852,1AC,102400000.0,102400000.0,8325412.0,7976653.5,1111815.1,1050011.0,312364.0,388865.8,103113.2,0.0,27.8,30.7,40,23.7,39.9,1722,11013,11851,15584,18774,18641,18615,11499,54774,3232
1782080152,1AC,102400000.0,102400000.0,8309112.0,7964339.5,1113902.6,1050644.9,312530.7,390439.0,103106.7,0.0,27.8,30.7,73,23.7,39.9,1723,11014,11855,15587,18783,18651,18621,11503,54802,3234
1782080453,1AC,102400000.0,102400000.0,8322761.5,7974296.0,1115673.9,1051317.0,311854.9,388626.2,103100.6,0.0,27.8,30.7,71,23.7,39.9,1722,11012,11851,15581,18776,18640,18610,11497,54770,3232
1782080753,1AC,102400000.0,102400000.0,8330010.5,7962456.0,1114369.4,1048728.6,313188.2,389328.8,103093.0,0.0,27.8,30.7,85,23.7,39.9,1723,11019,11856,15589,18784,18649,18624,11504,54792,3234
1782081053,1AC,102400000.0,102400000.0,8302050.0,7963018.5,1111806.9,1051844.5,312415.3,388679.2,103085.6,0.0,27.8,30.7,93,23.7,39.9,1723,11019,11856,15587,18779,18650,18619,11500,54782,3233
1782081354,1AC,102400000.0,102400000.0,8287322.5,7949510.0,1110144.6,1049839.6,311730.0,388634.3,103078.4,0.0,27.8,30.7,62,23.7,39.9,1723,11020,11856,15587,18780,18650,18621,11501,54793,3233
1782081654,1AC,102400000.0,102400000.0,8292316.0,7940221.5,1111330.4,1050005.0,311869.9,388869.0,103071.1,0.0,27.8,30.7,78,23.8,39.9,1723,11020,11857,15593,18774,18645,18615,11500,54781,3233
1782081954,1AC,102400000.0,102400000.0,8268208.5,7927259.5,1112071.9,1048710.9,312350.3,388432.1,103063.0,0.0,27.8,30.8,77,23.8,40.0,1722,11013,11850,15582,18771,18639,18611,11496,54764,3232
1782082255,1AC,102400000.0,102400000.0,8293436.5,7927595.5,1107770.4,1048789.1,311280.6,388454.8,103055.3,0.0,27.8,30.7,82,23.8,40.0,1723,11023,11861,15593,18782,18652,18621,11503,54799,3233
1782082555,1AC,102400000.0,102400000.0,8298252.5,7957132.0,1109502.5,1047222.0,311849.4,387814.0,103047.8,0.0,27.8,30.7,74,23.8,40.0,1723,11019,11858,15592,18779,18647,18619,11501,54788,3233
1782082852,1AC,102400000.0,102400000.0,8292656.5,7928578.5,1108367.2,1047057.1,311819.1,387234.3,103039.4,0.0,27.9,30.8,62,23.8,40.0,1725,11024,11861,15596,18785,18657,18624,11504,54800,3234
1782083152,1AC,102400000.0,102400000.0,8267920.5,7924340.0,1108008.8,1049300.9,311579.1,387803.7,103030.9,0.0,27.9,30.8,50,23.8,40.0,1723,11019,11857,15589,18783,18652,18622,11503,54801,3233
1782083452,1AC,102400000.0,102400000.0,8288052.5,7929646.5,1108463.9,1048737.1,311263.0,387887.6,103022.9,0.0,27.9,30.8,75,23.8,40.0,1723,11018,11857,15587,18778,18646,18618,11501,54777,3232
1782083753,1AC,102400000.0,102400000.0,8286674.0,7933427.5,1106934.0,1047871.9,310820.6,387216.9,103014.8,0.0,27.9,30.8,83,23.8,40.0,1724,11022,11861,15591,18782,18650,18618,11502,54792,3233
1782084053,1AC,102400000.0,102400000.0,8283348.0,7918045.5,1108072.8,1048855.6,311409.8,388246.9,103007.6,0.0,27.9,30.8,65,23.8,40.0,1723,11016,11854,15583,18775,18643,18617,11501,54782,3234
1782084353,1AC,102400000.0,102400000.0,8287076.5,7924566.5,1108978.9,1047668.1,311309.7,387830.1,102999.4,0.0,27.9,30.8,68,23.8,40.0,1723,11017,11855,15584,18774,18641,18614,11496,54770,3232
1782084654,1AC,102400000.0,102373400.0,8268423.5,7915694.5,1107237.5,1046793.6,310754.4,387089.9,102990.5,0.0,27.9,30.8,89,23.8,40.0,1723,11013,11852,15581,18772,18644,18613,11498,54764,3232
1782084954,1AC,102400000.0,102400000.0,8274092.0,7914116.5,1105847.8,1049027.4,310567.8,387154.2,102982.9,0.0,27.9,30.8,70,23.8,40.0,1724,11020,11859,15588,18782,18650,18621,11503,54797,3233
1782085255,1AC,102400000.0,102400000.0,8266302.0,7919071.5,1108957.0,1049257.2,310957.9,387677.9,102976.1,0.0,27.9,30.8,54,23.8,40.0,1723,11018,11855,15585,18772,18644,18612,11497,54776,3232
1782085551,1AC,102400000.0,102400000.0,8270736.0,7931310.5,1108025.9,1047404.4,311061.6,387084.1,102968.4,0.0,27.9,30.8,70,23.8,40.0,1723,11020,11858,15587,18778,18649,18617,11501,54788,3234
1782085852,1AC,102400000.0,102400000.0,8272881.5,7909323.5,1109876.6,1046441.9,310649.9,386264.5,102960.7,0.0,27.9,30.8,96,23.9,40.1,1724,11020,11859,15590,18776,18646,18615,11499,54779,3232
1782086152,1AC,102400000.0,102400000.0,8271892.0,7915166.5,1104379.9,1046162.1,311519.2,387048.5,102953.2,0.0,27.9,30.8,69,23.9,40.1,1724,11023,11862,15590,18782,18651,18622,11503,54795,3233
1782086453,1AC,102400000.0,102400000.0,8267861.5,7914186.0,1108224.6,1046992.8,311059.5,386263.3,102945.9,0.0,27.9,30.8,67,23.9,40.1,1723,11021,11857,15587,18780,18647,18615,11500,54788,3232
1782086753,1AC,102400000.0,102400000.0,8263458.0,7911700.0,1107271.5,1046694.8,309910.6,386454.0,102937.7,0.0,27.9,30.8,79,23.9,40.1,1724,11022,11859,15587,18782,18652,18623,11506,54802,3233
1782087053,1AC,102400000.0,102386688.0,8256664.5,7902671.5,1109254.6,1045209.4,311698.6,386187.2,102926.7,0.0,28.0,30.8,37,23.9,40.1,1724,11021,11861,15591,18782,18652,18621,11503,54803,3233
1782087354,1AC,102400000.0,102360136.0,8249895.5,7908144.5,1108514.4,1045752.8,311390.0,387415.3,102913.5,0.0,28.0,30.8,52,23.9,40.1,1723,11019,11858,15585,18776,18647,18616,11500,54789,3232
1782087654,1AC,102400000.0,102400000.0,8256138.5,7916757.5,1107373.5,1047225.6,309868.1,386942.5,102899.1,0.0,28.0,30.8,69,23.9,40.1,1723,11020,11860,15590,18779,18649,18621,11502,54797,3234
1782087954,1AC,102400000.0,102400000.0,8264414.5,7925498.5,1109113.9,1048641.4,310912.2,386775.0,102884.0,0.0,28.0,30.9,64,23.9,40.1,1724,11021,11860,15588,18779,18647,18618,11503,54791,3233
1782088255,1AC,102400000.0,102386680.0,8271046.5,7904872.5,1109105.5,1049673.2,311267.4,387273.8,102868.7,0.0,27.9,30.9,66,23.9,40.1,1724,11019,11859,15590,18782,18652,18618,11502,54790,3233
1782088555,1AC,102400000.0,102373368.0,8304381.5,7921323.5,1111720.5,1050396.0,310933.3,386957.4,102852.8,0.0,27.9,30.9,43,23.9,40.1,1723,11019,11855,15584,18777,18647,18616,11501,54785,3233
1782088852,1AC,102386680.0,102373400.0,8291800.5,7928917.5,1111346.9,1048136.1,311775.3,387503.7,102837.2,0.0,27.9,30.9,58,23.8,40.1,1723,11021,11858,15589,18782,18649,18620,11501,54791,3234
1782089152,1AC,102400000.0,102386688.0,8317115.5,7938244.0,1112662.8,1048927.8,311888.8,386848.5,102821.4,0.0,27.9,30.9,68,23.8,40.2,1724,11020,11857,15590,18781,18650,18619,11503,54788,3233
1782089452,1AC,102400000.0,102400000.0,8286695.5,7940134.0,1114495.0,1052907.8,312090.8,388127.2,102805.7,0.0,27.9,30.9,54,23.8,40.2,1724,11022,11858,15590,18776,18648,18617,11500,54788,3233
1782089753,1AC,102400000.0,102373400.0,8315512.0,7964068.0,1114851.4,1053265.6,312404.5,387260.5,102790.0,0.0,27.9,30.9,72,23.8,40.2,1723,11019,11858,15591,18783,18652,18622,11504,54798,3233
1782090053,1AC,102400000.0,102254240.0,8326741.5,7950528.0,1113201.0,1052705.4,311703.1,387776.3,102773.5,0.0,27.9,30.9,78,23.8,40.2,1723,11015,11854,15583,18777,18648,18617,11500,54785,3234
1782090353,1AC,102400000.0,102360136.0,8323301.5,7954953.5,1115559.1,1054550.0,312607.3,388471.2,102758.4,0.0,27.8,30.9,55,23.8,40.2,1723,11020,11857,15588,18774,18646,18614,11498,54778,3232
1782090654,1AC,102400000.0,102386680.0,8336955.5,7964960.0,1117936.9,1055000.9,313408.4,388036.4,102742.5,0.0,27.8,31.0,59,23.8,40.2,1723,11019,11855,15587,18777,18647,18617,11500,54784,3234
1782090954,1AC,102400000.0,102360136.0,8367906.0,7999482.5,1118883.1,1057894.1,313244.9,388061.4,102727.3,0.0,27.8,31.0,59,23.7,40.2,1723,11017,11855,15588,18780,18649,18619,11502,54788,3233
1782091255,1AC,102386680.0,102400000.0,8328716.5,7997976.5,1119660.9,1057325.0,312616.7,388118.8,102712.1,0.0,27.8,31.0,86,23.7,40.2,1723,11019,11856,15588,18779,18649,18618,11502,54792,3234
1782091552,1AC,102400000.0,102400000.0,8360999.5,8008051.5,1120192.6,1058891.9,313684.1,389055.5,102696.6,0.0,27.8,31.0,48,23.7,40.2,1722,11018,11854,15587,18772,18644,18612,11497,54778,3232
1782091852,1AC,102400000.0,102400000.0,8371807.5,8022444.5,1124149.2,1058732.6,314129.5,388800.6,102680.9,0.0,27.8,31.0,68,23.7,40.2,1723,11017,11854,15587,18783,18650,18622,11503,54789,3234
1782092152,1AC,102400000.0,102400000.0,8364379.5,8027159.5,1122201.1,1062006.6,313877.0,388963.5,102666.3,0.0,27.8,31.0,68,23.7,40.3,1723,11020,11857,15592,18783,18652,18622,11503,54797,3234
1782092453,1AC,102400000.0,102386680.0,8388108.5,8035201.5,1123622.4,1062955.9,314011.9,388416.1,102651.4,0.0,27.7,31.0,62,23.7,40.2,1723,11016,11853,15588,18780,18647,18618,11501,54783,3233
1782092753,1AC,102400000.0,102400000.0,8400435.0,8039512.0,1126444.4,1064279.8,314053.8,389176.6,102636.4,0.0,27.7,31.0,53,23.6,40.3,1723,11018,11854,15588,18782,18650,18620,11502,54789,3235
1782093053,1AC,102400000.0,102400000.0,8395252.0,8056878.5,1127619.0,1066832.1,314368.0,389447.1,102622.1,0.0,27.7,31.0,58,23.6,40.2,1723,11021,11856,15590,18780,18647,18620,11500,54788,3234
1782093354,1AC,102400000.0,102400000.0,8414495.0,8052454.0,1127667.4,1066310.5,315041.8,389480.8,102607.6,0.0,27.7,31.1,65,23.6,40.2,1723,11019,11855,15591,18782,18651,18620,11503,54793,3234
1782093654,1AC,102400000.0,102400000.0,8425150.0,8087062.0,1130926.0,1067751.1,315126.1,391219.8,102593.4,0.0,27.7,31.0,51,23.6,40.3,1723,11018,11853,15592,18782,18649,18615,11500,54781,3234
1782093954,1AC,102400000.0,102400000.0,8449769.0,8079956.0,1131579.5,1068496.1,315471.2,390035.0,102579.5,0.0,27.7,31.1,56,23.6,40.3,1722,11012,11849,15584,18781,18647,18620,11500,54786,3234
1782094255,1AC,102400000.0,102400000.0,8444671.0,8081442.5,1132842.9,1069243.0,315095.4,390124.2,102565.0,0.0,27.7,31.1,60,23.6,40.3,1722,11015,11849,15586,18775,18645,18613,11498,54765,3232
1782094555,1AC,102400000.0,102400000.0,8463632.0,8104124.0,1131193.6,1071342.4,316025.6,390093.5,102550.7,0.0,27.6,31.1,66,23.6,40.3,1722,11014,11852,15588,18779,18648,18617,11501,54778,3233
1782094852,1AC,102400000.0,102400000.0,8458309.0,8104824.0,1134296.9,1072503.4,315970.8,391243.2,102537.2,0.0,27.6,31.1,67,23.6,40.3,1722,11012,11847,15583,18773,18641,18610,11496,54761,3233
1782095152,1AC,102400000.0,102400000.0,8463796.0,8115235.5,1134886.9,1073277.9,316000.5,391674.4,102524.2,0.0,27.6,31.1,61,23.6,40.3,1722,11013,11849,15588,18779,18645,18617,11501,54783,3234
1782095452,1AC,102400000.0,102386680.0,8484241.0,8143304.5,1136490.0,1075686.4,315856.8,391892.0,102511.5,0.0,27.6,31.1,66,23.5,40.3,1722,11012,11849,15587,18780,18644,18614,11500,54780,3233
1782095752,1AC,102400000.0,102400000.0,8489030.0,8126758.0,1135344.9,1074438.0,316093.8,391795.6,102498.2,0.0,27.6,31.1,78,23.5,40.3,1723,11016,11851,15588,18784,18651,18621,11503,54791,3235
1782096053,1AC,102400000.0,102386688.0,8494263.0,8144156.0,1136670.9,1075284.4,316882.6,391165.9,102485.3,0.0,27.6,31.1,79,23.5,40.3,1722,11014,11849,15590,18783,18648,18619,11501,54786,3234
1782096353,1AC,102400000.0,102400000.0,8504632.0,8129714.0,1140033.4,1075255.6,317430.2,390729.8,102472.7,0.0,27.6,31.1,53,23.5,40.3,1723,11014,11850,15591,18782,18646,18619,11500,54789,3235
1782096653,1AC,102400000.0,102400000.0,8508559.0,8156507.5,1137132.5,1078253.9,317679.7,393332.5,102460.2,0.0,27.6,31.1,55,23.5,40.4,1722,11013,11848,15587,18778,18641,18613,11499,54771,3234
1782096954,1AC,102400000.0,102400000.0,8506772.0,8168593.5,1142661.5,1078104.6,317021.1,391558.8,102448.0,0.0,27.6,31.1,74,23.5,40.3,1721,11007,11845,15581,18773,18639,18609,11495,54756,3233
1782097254,1AC,102400000.0,102400000.0,8538011.0,8158657.5,1142573.9,1078650.9,317647.0,392070.9,102436.4,0.0,27.6,31.1,74,23.5,40.4,1722,11013,11849,15586,18778,18644,18616,11499,54775,3234
1782097555,1AC,102400000.0,102400000.0,8545160.0,8181382.0,1142504.4,1080773.1,318056.2,393928.6,102425.2,0.0,27.5,31.1,39,23.5,40.4,1722,11007,11842,15580,18775,18640,18611,11496,54761,3233
1782097855,1AC,102400000.0,102400000.0,8539019.0,8180398.0,1145508.5,1082954.9,318080.0,392711.3,102413.4,0.0,27.5,31.1,82,23.5,40.4,1723,11015,11851,15593,18790,18654,18626,11506,54805,3236
1782098152,1AC,102400000.0,102400000.0,8553625.0,8184346.5,1145789.2,1083590.6,317974.0,392754.5,102401.3,0.0,27.5,31.1,61,23.4,40.4,1722,11011,11847,15587,18779,18648,18618,11500,54780,3235
1782098452,1AC,102400000.0,102400000.0,8576963.0,8213229.5,1146015.5,1084025.9,318614.6,392395.1,102390.4,0.0,27.5,31.1,45,23.4,40.4,1723,11013,11850,15590,18788,18651,18622,11503,54798,3235
1782098753,1AC,102400000.0,102400000.0,8567644.0,8190533.5,1146922.9,1084608.1,317665.2,395334.8,102379.4,0.0,27.5,31.2,54,23.4,40.4,1722,11013,11848,15591,18784,18650,18620,11503,54790,3235
1782099053,1AC,102400000.0,102400000.0,8576507.0,8223796.5,1148416.4,1085153.2,318551.2,394240.0,102368.4,0.0,27.5,31.1,48,23.4,40.4,1723,11012,11848,15588,18782,18649,18620,11501,54792,3235
1782099354,1AC,102400000.0,102400000.0,8584092.0,8230014.0,1149595.0,1086168.5,318634.2,394382.2,102357.2,0.0,27.5,31.1,53,23.4,40.4,1722,11013,11848,15589,18783,18648,18619,11502,54789,3235
1782099654,1AC,102400000.0,102400000.0,8578268.0,8246242.5,1148303.1,1085493.4,319065.2,393956.8,102347.6,0.0,27.5,31.1,42,23.4,40.4,1722,11015,11849,15593,18789,18652,18624,11504,54801,3236
1782099955,1AC,102400000.0,102400000.0,8569059.0,8224472.5,1149549.5,1087185.5,319230.5,395224.8,102340.2,0.0,27.5,31.2,82,23.4,40.4,1722,11010,11842,15584,18780,18645,18617,11500,54772,3234
1782100252,1AC,102400000.0,102400000.0,8602284.0,8241985.5,1153335.6,1087850.4,319632.0,395130.5,102330.9,0.0,27.5,31.2,52,23.4,40.4,1723,11013,11850,15594,18781,18644,18618,11499,54784,3235
1782100552,1AC,102400000.0,102400000.0,8609243.0,8272734.5,1152694.6,1089889.6,318789.5,396180.3,102321.1,0.0,27.5,31.2,64,23.4,40.4,1722,11009,11845,15587,18779,18643,18618,11500,54782,3234
1782100853,1AC,102400000.0,102400000.0,8613132.0,8253662.5,1153515.0,1090909.5,319125.3,395656.2,102310.8,0.0,27.5,31.2,50,23.4,40.4,1722,11011,11845,15587,18778,18642,18615,11497,54769,3234
1782101153,1AC,102400000.0,102400000.0,8601127.0,8264104.0,1154452.6,1091145.0,319975.4,394730.2,102300.9,0.0,27.4,31.2,43,23.4,40.4,1722,11012,11847,15592,18779,18644,18616,11499,54779,3234
1782101453,1AC,102400000.0,102400000.0,8628376.0,8266266.5,1155017.1,1089918.8,319698.8,395142.6,102290.7,0.0,27.4,31.2,64,23.4,40.4,1723,11013,11847,15590,18784,18648,18620,11501,54785,3235
1782101754,1AC,102400000.0,102400000.0,8639908.0,8284411.5,1154910.1,1091538.1,319509.1,396371.0,102280.7,0.0,27.4,31.2,58,23.4,40.4,1722,11008,11842,15583,18770,18633,18607,11494,54751,3233
1782102054,1AC,102400000.0,102400000.0,8634569.0,8268006.5,1152621.5,1094232.5,319442.0,396368.2,102271.6,0.0,27.4,31.2,76,23.3,40.4,1722,11007,11843,15586,18776,18637,18612,11495,54754,3233
1782102354,1AC,102400000.0,102400000.0,8655551.0,8305635.5,1155431.1,1094159.4,320246.7,395813.3,102262.3,0.0,27.4,31.2,74,23.4,40.5,1722,11009,11843,15589,18777,18641,18615,11500,54770,3234
1782102655,1AC,102400000.0,102400000.0,8634832.0,8280346.5,1160586.4,1096144.5,320336.8,396587.8,102253.0,0.0,27.4,31.2,60,23.3,40.5,1722,11011,11845,15590,18785,18648,18621,11502,54793,3235
1782102952,1AC,102400000.0,102400000.0,8658951.0,8278818.5,1159206.5,1096260.1,319998.5,396717.8,102244.3,0.0,27.4,31.2,50,23.3,40.5,1721,11009,11843,15587,18781,18643,18614,11498,54775,3235
1782103252,1AC,102400000.0,102400000.0,8682340.0,8314826.5,1158490.1,1097176.5,320471.5,396216.8,102235.5,0.0,27.4,31.2,74,23.3,40.5,1722,11012,11845,15588,18784,18648,18619,11502,54783,3236
1782103553,1AC,102400000.0,102400000.0,8675903.0,8310523.5,1161330.4,1096308.9,321629.1,396679.8,102227.0,0.0,27.4,31.2,41,23.3,40.4,1721,11009,11842,15587,18778,18641,18612,11498,54761,3235
1782103853,1AC,102400000.0,102400000.0,8668701.0,8319036.0,1162597.8,1098225.4,321023.0,396999.9,102218.5,0.0,27.4,31.2,54,23.3,40.5,1722,11006,11841,15584,18775,18639,18612,11497,54761,3233
1782104154,1AC,102400000.0,102400000.0,8673215.0,8309246.0,1161402.4,1096815.1,320786.4,397143.9,102210.2,0.0,27.4,31.2,53,23.3,40.5,1722,11010,11844,15590,18778,18644,18615,11498,54771,3234
1782104454,1AC,102400000.0,102400000.0,8690843.0,8318804.5,1165019.0,1096101.4,321232.2,397014.7,102202.5,0.0,27.4,31.3,63,23.3,40.5,1722,11011,11845,15589,18783,18646,18620,11501,54782,3235
1782104755,1AC,102400000.0,102400000.0,8700224.0,8346632.0,1165057.1,1101704.4,321335.1,397325.5,102194.3,0.0,27.4,31.2,59,23.3,40.5,1722,11006,11841,15585,18777,18640,18613,11498,54758,3235
1782105052,1AC,102400000.0,102400000.0,8682072.0,8337930.0,1166663.9,1099572.0,320823.3,397243.7,102186.1,0.0,27.4,31.2,82,23.3,40.5,1722,11008,11843,15589,18779,18642,18614,11498,54769,3234
1782105353,1AC,102400000.0,102400000.0,8713713.0,8344087.5,1164273.6,1102197.4,321233.1,397442.1,102178.2,0.0,27.4,31.3,58,23.3,40.5,1721,11007,11840,15585,18771,18634,18608,11495,54742,3233
1782105653,1AC,102400000.0,102400000.0,8709301.0,8333557.5,1164015.1,1099849.9,321613.3,397529.9,102170.3,0.0,27.4,31.2,48,23.3,40.5,1721,11006,11841,15586,18772,18636,18611,11496,54758,3234
1782105954,1AC,102400000.0,102400000.0,8722177.0,8339196.5,1165263.6,1102077.5,322302.0,397487.5,102163.7,0.0,27.4,31.3,73,23.3,40.5,1721,11004,11838,15582,18771,18634,18607,11495,54752,3233
1782106254,1AC,102400000.0,102400000.0,8710476.0,8349925.5,1165705.4,1103386.9,321420.0,397759.0,102156.7,0.0,27.4,31.3,58,23.3,40.5,1722,11008,11844,15587,18778,18640,18616,11500,54770,3236
1782106555,1AC,102400000.0,102400000.0,8746036.0,8367236.0,1166854.4,1104173.9,322168.0,397806.0,102150.0,0.0,27.3,31.3,47,23.3,40.5,1721,11004,11838,15584,18774,18636,18610,11497,54756,3234
1782106852,1AC,102400000.0,102400000.0,8737724.0,8391692.0,1167146.6,1104250.6,322364.0,397705.6,102143.5,0.0,27.3,31.3,44,23.3,40.5,1722,11009,11844,15593,18784,18647,18619,11502,54777,3234
1782107152,1AC,102400000.0,102400000.0,8720872.0,8363892.5,1168510.5,1102458.1,321874.9,397795.9,102136.8,0.0,27.3,31.3,64,23.3,40.5,1722,11008,11843,15589,18775,18639,18611,11498,54761,3234
1782107753,1AC,102400000.0,102400000.0,10111604.0,9825911.0,1369017.6,1318256.6,388319.8,493807.1,105482.7,0.0,27.1,17.6,86,23.0,26.1,1722,11017,11852,15604,18800,18657,18631,11508,54844,3237
1782108054,1AC,102400000.0,102400000.0,12996145.0,12582049.0,1674440.1,1583420.1,424655.4,510740.7,105573.8,0.0,27.2,20.5,56,23.1,28.2,1723,11019,11852,15605,18801,18659,18635,11509,54853,3237
1782108354,1AC,102400000.0,102400000.0,13300976.0,12779477.0,1684331.4,1596184.0,426466.6,513050.2,105607.3,0.0,27.2,21.9,66,23.1,29.6,1722,11015,11849,15598,18791,18651,18624,11504,54817,3236
1782108655,1AC,102400000.0,102400000.0,13156313.0,12575965.0,1662740.5,1567705.6,422614.6,511084.7,105616.6,0.0,27.3,22.9,81,23.2,30.5,1722,11016,11849,15600,18793,18650,18625,11504,54823,3236
1782108951,1AC,102400000.0,102400000.0,12934669.0,12386757.0,1640791.5,1550465.6,417950.1,507637.2,105614.6,0.0,27.2,23.5,89,23.2,31.2,1722,11016,11850,15598,18793,18654,18625,11506,54828,3238
1782109252,1AC,102400000.0,102400000.0,12730576.0,12188369.0,1621227.5,1525859.5,414251.9,502815.7,105604.8,0.0,27.3,24.0,67,23.2,31.7,1722,11014,11848,15599,18790,18653,18625,11503,54825,3235
1782109552,1AC,102400000.0,102400000.0,12599136.0,12036433.0,1599015.5,1509181.9,410468.6,501539.9,105591.2,0.0,27.3,24.3,64,23.2,32.1,1722,11014,11847,15596,18790,18654,18626,11505,54823,3237
1782109853,1AC,102400000.0,102400000.0,12404927.0,11909200.0,1583352.4,1499463.0,408306.6,497639.5,105574.9,0.0,27.3,24.6,112,23.2,32.4,1723,11014,11847,15596,18788,18650,18624,11504,54807,3236
1782110153,1AC,102400000.0,102400000.0,12249165.0,11771451.0,1570618.4,1483350.9,404563.0,495153.5,105556.7,0.0,27.3,24.8,76,23.2,32.7,1722,11013,11849,15597,18790,18652,18626,11504,54823,3237
1782110453,1AC,102400000.0,102400000.0,12150797.0,11711533.0,1558060.1,1474375.0,404038.0,493452.7,105537.9,0.0,27.3,25.0,81,23.2,32.9,1723,11018,11851,15604,18798,18658,18632,11507,54837,3237
1782110754,1AC,102400000.0,102400000.0,12082489.0,11632796.0,1547310.4,1463606.9,401256.2,492410.5,105518.7,0.0,27.3,25.2,100,23.2,33.2,1722,11017,11850,15602,18794,18656,18630,11508,54829,3237
1782111054,1AC,102400000.0,102400000.0,12017768.0,11534019.0,1542670.4,1454567.0,399786.9,490335.1,105498.4,0.0,27.3,25.4,84,23.2,33.4,1722,11014,11848,15600,18789,18650,18624,11504,54818,3236
1782111355,1AC,102400000.0,102400000.0,11987409.0,11481249.0,1528813.9,1449947.4,396523.2,487721.0,105477.1,0.0,27.2,25.5,99,23.2,33.5,1722,11016,11849,15600,18791,18651,18625,11505,54824,3237
1782111652,1AC,102400000.0,102400000.0,11895711.0,11413297.0,1524404.0,1444596.5,396596.6,487119.5,105455.7,0.0,27.3,25.6,84,23.2,33.6,1723,11013,11847,15597,18794,18654,18627,11506,54825,3237
1782111952,1AC,102400000.0,102400000.0,11853876.0,11352384.0,1516671.4,1435226.1,394218.8,485393.1,105434.2,0.0,27.2,25.7,118,23.2,33.8,1723,11016,11850,15600,18792,18655,18626,11506,54820,3237
1782112253,1AC,102400000.0,102400000.0,11807091.0,11305425.0,1510774.6,1432781.4,393239.7,483589.8,105413.0,0.0,27.3,25.8,94,23.2,33.9,1723,11020,11851,15603,18802,18665,18637,11510,54843,3238
1782112553,1AC,102400000.0,102400000.0,11733807.0,11266824.0,1504104.6,1423342.5,391795.6,482398.2,105391.1,0.0,27.2,25.9,104,23.2,34.1,1723,11015,11847,15599,18790,18653,18626,11503,54808,3236
1782112854,1AC,102400000.0,102400000.0,11653092.0,11222421.0,1501357.0,1420311.9,391277.9,481400.8,105368.8,0.0,27.3,26.0,82,23.2,34.2,1722,11011,11844,15593,18783,18649,18619,11500,54794,3235
1782113154,1AC,102400000.0,102400000.0,11621731.0,11189864.0,1494442.6,1415564.0,389540.2,480004.0,105346.8,0.0,27.3,26.2,96,23.2,34.3,1721,11011,11844,15594,18788,18651,18624,11504,54817,3236
1782113454,1AC,102400000.0,102400000.0,11617908.0,11107825.0,1490791.1,1411461.4,389200.7,478878.3,105324.8,0.0,27.2,26.2,63,23.2,34.4,1722,11014,11849,15599,18792,18654,18627,11502,54813,3236
1782113752,1AC,102400000.0,102400000.0,11570973.0,11106959.0,1486305.4,1407803.4,387473.1,477895.0,105302.4,0.0,27.2,26.3,53,23.2,34.5,1722,11010,11843,15594,18786,18648,18621,11502,54809,3236
1782114052,1AC,102400000.0,102400000.0,11554131.0,11049911.0,1484096.0,1405538.0,385424.5,476770.8,105279.7,0.0,27.2,26.4,80,23.2,34.6,1722,11013,11846,15595,18789,18650,18622,11503,54805,3236
1782114352,1AC,102400000.0,102400000.0,11495940.0,11035485.0,1480851.9,1399720.4,386901.9,475651.8,105257.6,0.0,27.2,26.4,101,23.2,34.6,1721,11012,11844,15593,18789,18653,18623,11504,54811,3236
1782114653,1AC,102400000.0,102400000.0,11484255.0,10995728.0,1477326.5,1396401.1,385097.0,476017.3,105235.8,0.0,27.2,26.5,93,23.2,34.7,1722,11012,11845,15594,18790,18652,18624,11504,54814,3237
1782114953,1AC,102400000.0,102400000.0,11426977.0,10957288.0,1473086.6,1397047.4,384581.5,475304.5,105214.1,0.0,27.2,26.6,89,23.2,34.8,1723,11017,11851,15604,18797,18660,18631,11507,54830,3237
1782115254,1AC,102400000.0,102400000.0,11385527.0,10953309.0,1470589.9,1391412.1,384169.2,473268.6,105192.1,0.0,27.2,26.6,78,23.2,34.9,1723,11016,11849,15602,18796,18656,18627,11506,54825,3237
1782115554,1AC,102400000.0,102400000.0,11352229.0,10904099.0,1469319.4,1388997.5,382080.2,472673.7,105170.1,0.0,27.3,26.7,101,23.2,34.9,1722,11011,11844,15593,18788,18648,18621,11502,54805,3236
1782115851,1AC,102400000.0,102400000.0,11349489.0,10945659.0,1465858.4,1386991.6,381955.5,471486.9,105148.3,0.0,27.2,26.7,85,23.2,35.0,1721,11010,11844,15593,18786,18646,18620,11500,54800,3237
1782116152,1AC,102400000.0,102400000.0,11308040.0,10861304.0,1460503.9,1383904.0,381443.2,471151.4,105126.4,0.0,27.2,26.8,84,23.2,35.1,1722,11009,11844,15593,18785,18647,18620,11500,54793,3236
1782116453,1AC,102400000.0,102400000.0,11294373.0,10823981.0,1461487.4,1380790.4,382436.3,471002.5,105104.6,0.0,27.2,26.8,90,23.1,35.1,1721,11008,11842,15590,18786,18646,18620,11500,54795,3235
1782116753,1AC,102400000.0,102400000.0,11227613.0,10805379.0,1456386.4,1380136.9,380913.9,470237.7,105083.2,0.0,27.2,26.9,110,23.2,35.2,1722,11010,11844,15592,18791,18652,18625,11505,54812,3236
1782117053,1AC,102400000.0,102400000.0,11227805.0,10780988.0,1456621.5,1375223.9,380676.5,468759.5,105062.3,0.0,27.2,26.9,84,23.2,35.3,1722,11013,11846,15595,18789,18650,18623,11503,54811,3236
1782117354,1AC,102400000.0,102400000.0,11245672.0,10778488.0,1452798.9,1374249.6,379166.0,469703.0,105041.3,0.0,27.2,27.0,79,23.2,35.3,1722,11010,11844,15596,18789,18650,18622,11503,54805,3236
1782117654,1AC,102400000.0,102400000.0,11195784.0,10735157.0,1448689.4,1375018.6,377482.9,467870.7,105019.6,0.0,27.3,27.0,76,23.2,35.4,1723,11016,11850,15601,18789,18651,18624,11504,54809,3236
1782117955,1AC,102400000.0,102400000.0,11165291.0,10735049.0,1448857.5,1372887.9,378925.2,467428.2,104997.7,0.0,27.2,27.1,68,23.2,35.4,1722,11009,11843,15591,18786,18647,18620,11501,54801,3235
1782118252,1AC,102400000.0,102400000.0,11195916.0,10705493.0,1448278.4,1368054.1,378297.8,467625.5,104976.0,0.0,27.2,27.1,90,23.2,35.5,1722,11014,11847,15600,18792,18654,18626,11504,54817,3236
1782118552,1AC,102400000.0,102400000.0,11149787.0,10687273.0,1444771.0,1366664.0,378268.5,466632.5,104954.3,0.0,27.2,27.1,69,23.2,35.5,1722,11009,11842,15593,18784,18647,18620,11500,54792,3237
1782118852,1AC,102400000.0,102400000.0,11156964.0,10675009.0,1442862.6,1362654.1,377251.3,466140.7,104933.2,0.0,27.3,27.2,100,23.1,35.6,1722,11012,11845,15598,18790,18649,18622,11503,54801,3237
1782119153,1AC,102400000.0,102400000.0,11090951.0,10689924.0,1440575.5,1364721.1,378265.1,466696.7,104912.9,0.0,27.2,27.2,83,23.2,35.6,1723,11012,11846,15598,18791,18653,18627,11505,54820,3236
1782119454,1AC,102400000.0,102400000.0,11095888.0,10654511.0,1439327.0,1361574.4,376650.7,465376.9,104892.4,0.0,27.2,27.2,63,23.2,35.7,1721,11008,11843,15591,18781,18642,18616,11498,54788,3234
1782119754,1AC,102400000.0,102400000.0,11060767.0,10638177.0,1437176.0,1360172.6,377273.0,465335.0,104871.3,0.0,27.2,27.3,75,23.2,35.7,1722,11006,11842,15589,18782,18645,18615,11498,54792,3235
1782120055,1AC,102400000.0,102400000.0,11053209.0,10608056.0,1436482.4,1358578.0,376530.2,463966.3,104850.5,0.0,27.2,27.3,100,23.2,35.8,1722,11013,11847,15597,18789,18650,18625,11503,54814,3236
1782120352,1AC,102400000.0,102400000.0,11072805.0,10612087.0,1433008.6,1356280.9,375867.3,463862.2,104830.0,0.0,27.3,27.4,73,23.2,35.8,1723,11012,11848,15597,18791,18652,18623,11504,54812,3236
1782120652,1AC,102400000.0,102400000.0,11082383.0,10600177.0,1431701.1,1355284.0,376160.8,462778.5,104809.1,0.0,27.2,27.4,72,23.1,35.8,1722,11011,11846,15596,18792,18651,18626,11505,54820,3236
1782120953,1AC,102400000.0,102400000.0,11035411.0,10607031.0,1432104.6,1356448.9,374917.9,462989.3,104789.3,0.0,27.2,27.4,76,23.2,35.9,1722,11015,11848,15600,18794,18653,18625,11505,54815,3237
1782121253,1AC,102400000.0,102400000.0,11008525.0,10550421.0,1429489.0,1351719.0,374638.8,463061.0,104768.6,0.0,27.2,27.4,90,23.2,35.9,1722,11010,11844,15595,18789,18650,18620,11502,54805,3236
1782121554,1AC,102400000.0,102400000.0,10976937.0,10548781.0,1427283.5,1350539.4,374521.1,462558.0,104748.5,0.0,27.2,27.5,71,23.2,36.0,1722,11014,11847,15598,18795,18653,18627,11505,54822,3237
1782121854,1AC,102400000.0,102400000.0,11010056.0,10538361.0,1424917.9,1351545.9,374969.6,461978.8,104728.7,0.0,27.2,27.5,68,23.2,36.0,1723,11015,11850,15599,18797,18655,18631,11506,54828,3237
1782122151,1AC,102400000.0,102400000.0,10973787.0,10540625.0,1424369.4,1349641.6,373818.7,461520.5,104709.5,0.0,27.2,27.6,82,23.2,36.0,1722,11012,11845,15594,18788,18649,18621,11500,54810,3238
1782122452,1AC,102400000.0,102400000.0,10943072.0,10505475.0,1422965.6,1347882.5,372821.5,460259.1,104690.0,0.0,27.2,27.6,86,23.2,36.1,1722,11013,11846,15598,18790,18651,18626,11504,54808,3237
1782122753,1AC,102400000.0,102400000.0,11003555.0,10511163.0,1421540.9,1348055.6,372944.4,460514.1,104670.8,0.0,27.2,27.6,89,23.2,36.1,1722,11013,11846,15597,18786,18650,18619,11500,54809,3236
1782123053,1AC,102400000.0,102400000.0,10932096.0,10480799.0,1421629.4,1345133.6,373118.9,459575.0,104650.9,0.0,27.2,27.6,79,23.2,36.2,1722,11014,11846,15598,18792,18650,18625,11505,54818,3239
1782123354,1AC,102400000.0,102400000.0,10917591.0,10496673.0,1418542.5,1343089.1,372652.4,459501.5,104631.3,0.0,27.2,27.7,84,23.2,36.2,1722,11010,11844,15591,18783,18647,18617,11500,54795,3235
1782123654,1AC,102400000.0,102400000.0,10951733.0,10489391.0,1422205.6,1342966.1,372098.1,459681.5,104611.9,0.0,27.2,27.7,70,23.2,36.2,1721,11008,11841,15591,18785,18645,18620,11500,54788,3235
1782123954,1AC,102400000.0,102400000.0,10921153.0,10473439.0,1417115.6,1341313.1,371977.9,459216.0,104593.1,0.0,27.2,27.7,70,23.2,36.3,1722,11010,11844,15594,18784,18647,18619,11499,54803,3236
1782124254,1AC,102400000.0,102400000.0,10910984.0,10425627.0,1416089.0,1340865.0,372463.8,459182.8,104574.7,0.0,27.2,27.7,72,23.2,36.3,1722,11008,11844,15593,18783,18649,18621,11500,54797,3236
1782124554,1AC,102400000.0,102400000.0,10859159.0,10443199.0,1415650.4,1336834.9,371798.7,457853.0,104555.6,0.0,27.2,27.8,63,23.2,36.3,1722,11012,11846,15598,18791,18654,18625,11505,54828,3237
1782124854,1AC,102400000.0,102400000.0,10886004.0,10393087.0,1412936.5,1338674.1,372123.8,457484.6,104536.6,0.0,27.2,27.8,64,23.2,36.3,1722,11011,11844,15594,18786,18648,18620,11502,54799,3236
1782125154,1AC,102400000.0,102400000.0,10884168.0,10424844.0,1413990.1,1337218.8,370817.4,458519.9,104517.9,0.0,27.2,27.8,85,23.2,36.4,1722,11010,11844,15595,18784,18645,18620,11502,54802,3236
1782125455,1AC,102400000.0,102400000.0,10830199.0,10413143.0,1412258.4,1338865.9,371525.0,456472.5,104499.4,0.0,27.2,27.9,81,23.2,36.4,1721,11010,11843,15593,18783,18644,18617,11499,54785,3235
1782125755,1AC,102400000.0,102400000.0,10836977.0,10382976.0,1411273.0,1336413.5,370472.1,457548.8,104481.3,0.0,27.2,27.9,77,23.2,36.5,1722,11010,11845,15595,18787,18648,18621,11503,54803,3236
1782126051,1AC,102400000.0,102400000.0,10837739.0,10378182.0,1408509.0,1335336.0,369881.1,456977.9,104462.2,0.0,27.3,27.9,79,23.2,36.5,1722,11010,11844,15597,18790,18650,18625,11503,54815,3238
1782126351,1AC,102400000.0,102400000.0,10809787.0,10355161.0,1411082.1,1335882.5,370512.1,457500.7,104442.7,0.0,27.3,27.9,76,23.2,36.5,1721,11005,11839,15586,18784,18645,18616,11498,54789,3236
1782126652,1AC,102400000.0,102400000.0,10834355.0,10395129.0,1408809.5,1333745.4,370358.4,456329.0,104424.5,0.0,27.2,27.9,78,23.2,36.5,1721,11006,11840,15588,18778,18638,18611,11497,54776,3234
1782126952,1AC,102400000.0,102400000.0,10818309.0,10361887.0,1408364.6,1333411.0,370351.2,456052.7,104406.6,0.0,27.2,27.9,69,23.2,36.6,1722,11013,11845,15596,18787,18650,18623,11502,54805,3237
1782127252,1AC,102400000.0,102400000.0,10840491.0,10375304.0,1407534.6,1330848.1,369767.6,455557.7,104388.0,0.0,27.2,28.0,50,23.2,36.6,1722,11012,11846,15597,18791,18651,18624,11504,54812,3236
1782127552,1AC,102400000.0,102400000.0,10805401.0,10372824.0,1405635.4,1331248.6,369494.1,455640.7,104369.9,0.0,27.2,28.0,83,23.2,36.6,1722,11010,11844,15596,18789,18648,18623,11501,54806,3236
1782127852,1AC,102400000.0,102400000.0,10750151.0,10337725.0,1407022.6,1328637.6,369029.8,455803.3,104352.0,0.0,27.2,28.0,66,23.2,36.6,1722,11010,11844,15594,18783,18646,18620,11499,54792,3235
1782128152,1AC,102400000.0,102400000.0,10785287.0,10340144.0,1404677.4,1329676.0,369339.4,454917.0,104333.5,0.0,27.2,28.1,67,23.2,36.7,1723,11013,11846,15597,18790,18650,18623,11501,54809,3236
1782128452,1AC,102400000.0,102400000.0,10765421.0,10327021.0,1403412.5,1329055.4,369360.2,455088.7,104315.7,0.0,27.2,28.1,68,23.2,36.7,1722,11009,11844,15595,18785,18646,18620,11501,54795,3235
1782128752,1AC,102400000.0,102400000.0,10809566.0,10315287.0,1403720.0,1328551.9,368507.2,455468.7,104298.7,0.0,27.2,28.1,80,23.2,36.7,1722,11011,11844,15596,18786,18645,18621,11500,54803,3235
1782129052,1AC,102400000.0,102400000.0,10759982.0,10299777.0,1403276.4,1328758.5,369445.0,454149.1,104281.3,0.0,27.2,28.1,65,23.2,36.7,1722,11010,11844,15596,18791,18652,18626,11504,54814,3237
1782129352,1AC,102400000.0,102400000.0,10725488.0,10285005.0,1402503.6,1326876.1,368789.4,453619.0,104264.2,0.0,27.2,28.1,100,23.2,36.8,1722,11011,11844,15594,18786,18646,18620,11503,54804,3235
1782129652,1AC,102400000.0,102400000.0,10749944.0,10275447.0,1402542.9,1325160.5,369529.3,453499.1,104247.0,0.0,27.2,28.1,62,23.2,36.8,1722,11007,11841,15591,18785,18647,18619,11500,54794,3235
1782129952,1AC,102400000.0,102400000.0,10745532.0,10297376.0,1401029.4,1325092.4,369143.5,453410.0,104229.4,0.0,27.2,28.2,42,23.2,36.8,1722,11012,11845,15597,18786,18648,18623,11504,54802,3236
1782130252,1AC,102400000.0,102400000.0,10733067.0,10282409.0,1400693.4,1325309.2,368127.5,454315.0,104212.3,0.0,27.2,28.2,61,23.2,36.9,1721,11007,11840,15588,18781,18642,18616,11498,54792,3235
1782130552,1AC,102400000.0,102400000.0,10692892.0,10253815.0,1398343.6,1325877.4,367373.5,452838.7,104195.9,0.0,27.2,28.2,77,23.2,36.9,1722,11012,11846,15598,18787,18649,18621,11504,54801,3236
1782130852,1AC,102400000.0,102400000.0,10727673.0,10261828.0,1397467.5,1324744.1,367711.4,452959.5,104178.2,0.0,27.2,28.2,83,23.2,36.9,1721,11009,11842,15591,18782,18646,18618,11500,54796,3235
1782131152,1AC,102400000.0,102400000.0,10723537.0,10243791.0,1399214.0,1325309.9,367606.8,453097.2,104161.0,0.0,27.3,28.2,77,23.2,36.9,1721,11005,11839,15587,18777,18638,18612,11497,54780,3234
1782131452,1AC,102400000.0,102400000.0,10709084.0,10218124.0,1397579.5,1323099.6,367314.4,452547.1,104144.1,0.0,27.2,28.3,63,23.2,37.0,1721,11005,11841,15590,18779,18642,18614,11497,54779,3235
1782131752,1AC,102400000.0,102400000.0,10707317.0,10237484.0,1394528.6,1322325.5,367402.5,452557.2,104128.4,0.0,27.2,28.3,95,23.2,36.9,1722,11012,11845,15595,18790,18654,18624,11505,54813,3237
1782132052,1AC,102400000.0,102400000.0,10703997.0,10236705.0,1396515.4,1325034.2,367407.7,452768.6,104113.4,0.0,27.2,28.3,109,23.2,37.0,1722,11014,11846,15600,18794,18653,18627,11505,54817,3237
1782132352,1AC,102400000.0,102400000.0,10692843.0,10233101.0,1395371.4,1320848.1,367958.9,451218.2,104097.0,0.0,27.3,28.3,57,23.2,37.0,1722,11013,11846,15598,18788,18650,18625,11503,54806,3236
1782132652,1AC,102400000.0,102400000.0,10668649.0,10217579.0,1395094.6,1320835.6,366463.9,452268.8,104080.8,0.0,27.2,28.3,51,23.2,37.0,1722,11011,11845,15595,18786,18649,18620,11500,54799,3235
1782132952,1AC,102400000.0,102400000.0,10663253.0,10232219.0,1396242.5,1319398.8,366928.7,451739.5,104063.8,0.0,27.2,28.3,73,23.2,37.0,1723,11013,11846,15597,18787,18652,18622,11503,54801,3235
1782133252,1AC,102400000.0,102400000.0,10713809.0,10236870.0,1395103.6,1320005.9,366181.2,451823.7,104047.1,0.0,27.2,28.4,54,23.2,37.1,1722,11012,11848,15598,18792,18656,18627,11505,54822,3237
1782133552,1AC,102400000.0,102400000.0,10629139.0,10247687.0,1394318.0,1318940.1,366946.8,450173.0,104030.3,0.0,27.2,28.4,66,23.2,37.1,1721,11009,11842,15592,18784,18644,18620,11500,54794,3235
1782133852,1AC,102400000.0,102400000.0,10694216.0,10198240.0,1396242.6,1321286.5,365802.8,450842.8,104013.8,0.0,27.2,28.4,44,23.2,37.1,1722,11012,11844,15596,18789,18651,18622,11504,54805,3236
1782134152,1AC,102400000.0,102400000.0,10648867.0,10200205.0,1394309.9,1317393.0,365620.0,451488.6,103997.3,0.0,27.2,28.4,76,23.2,37.1,1722,11009,11844,15596,18782,18643,18617,11500,54791,3235
1782134452,1AC,102400000.0,102400000.0,10667159.0,10212600.0,1393172.5,1320787.0,366522.7,450881.0,103980.8,0.0,27.2,28.4,69,23.1,37.1,1722,11011,11846,15596,18789,18650,18624,11502,54818,3237
1782134751,1AC,102400000.0,102400000.0,10680401.0,10219157.0,1392746.4,1319545.5,367556.8,450874.1,103964.2,0.0,27.2,28.4,59,23.2,37.2,1722,11010,11847,15599,18792,18655,18627,11507,54813,3238
1782135051,1AC,102400000.0,102400000.0,10684441.0,10203539.0,1389894.1,1315433.9,367404.6,450007.2,103948.4,0.0,27.2,28.5,87,23.2,37.2,1722,11008,11843,15594,18787,18652,18621,11503,54799,3236
1782135355,1AC,102400000.0,102400000.0,10667935.0,10211924.0,1391194.0,1316082.4,365355.4,450471.4,103932.3,0.0,27.2,28.5,74,23.1,37.2,1722,11009,11843,15594,18786,18648,18622,11503,54807,3236
1782135655,1AC,102400000.0,102400000.0,10638552.0,10187671.0,1391978.1,1317307.5,365762.7,450168.4,103916.5,0.0,27.2,28.5,89,23.1,37.2,1722,11009,11843,15595,18787,18647,18621,11502,54795,3235
1782135955,1AC,102400000.0,102400000.0,10645441.0,10185192.0,1392414.6,1317685.8,366098.5,450793.4,103900.6,0.0,27.2,28.5,74,23.1,37.3,1722,11010,11844,15598,18782,18646,18620,11501,54793,3235
1782136255,1AC,102400000.0,102400000.0,10648124.0,10198000.0,1389006.5,1315873.5,365577.8,450720.1,103885.1,0.0,27.2,28.5,87,23.1,37.2,1722,11011,11844,15596,18787,18653,18624,11503,54814,3236
1782136555,1AC,102400000.0,102400000.0,10629207.0,10195009.0,1392108.1,1317945.1,365805.5,449953.3,103869.2,0.0,27.2,28.5,59,23.1,37.3,1722,11011,11846,15598,18790,18649,18625,11502,54809,3236
1782136854,1AC,102400000.0,102400000.0,10648720.0,10182532.0,1390929.9,1318350.0,366539.1,449932.8,103853.9,0.0,27.2,28.5,88,23.1,37.3,1722,11009,11843,15594,18784,18645,18620,11501,54806,3236
1782137154,1AC,102400000.0,102400000.0,10678791.0,10178815.0,1390172.1,1315574.0,365624.4,449329.6,103838.0,0.0,27.2,28.6,73,23.1,37.3,1722,11012,11847,15599,18792,18649,18624,11505,54818,3237
1782137455,1AC,102400000.0,102400000.0,10649492.0,10185231.0,1391282.6,1317226.0,366506.0,449754.0,103822.4,0.0,27.2,28.6,77,23.1,37.3,1721,11007,11842,15594,18785,18646,18620,11501,54807,3236
1782137751,1AC,102400000.0,102400000.0,10659603.0,10186650.0,1389684.1,1316293.5,365877.2,449221.2,103806.7,0.0,27.2,28.6,57,23.1,37.3,1721,11007,11840,15593,18785,18645,18618,11500,54795,3238
1782138052,1AC,102400000.0,102400000.0,10586365.0,10197907.0,1391242.0,1315000.1,365657.4,449625.4,103791.4,0.0,27.2,28.6,91,23.1,37.3,1722,11008,11841,15593,18784,18646,18617,11502,54786,3236
1782138352,1AC,102400000.0,102400000.0,10639592.0,10164040.0,1389472.4,1316011.9,365534.4,448977.2,103775.7,0.0,27.2,28.6,77,23.1,37.4,1722,11007,11842,15593,18784,18642,18619,11501,54794,3236
1782138653,1AC,102400000.0,102400000.0,10619795.0,10169803.0,1390408.0,1314160.9,364716.6,448640.4,103760.8,0.0,27.2,28.6,50,23.1,37.4,1722,11011,11845,15597,18785,18649,18621,11502,54801,3236
1782138953,1AC,102400000.0,102400000.0,10625709.0,10159745.0,1391035.0,1315880.1,366349.0,448957.6,103745.9,0.0,27.2,28.6,58,23.1,37.4,1722,11009,11841,15594,18783,18643,18619,11499,54787,3236
1782139253,1AC,102400000.0,102400000.0,10626352.0,10192249.0,1392802.1,1316566.5,365620.8,448116.3,103731.1,0.0,27.2,28.7,73,23.1,37.4,1721,11008,11841,15590,18783,18645,18617,11498,54784,3235
1782139553,1AC,102400000.0,102400000.0,10612867.0,10166897.0,1391415.6,1313635.9,365906.4,448857.0,103716.1,0.0,27.2,28.7,77,23.1,37.5,1722,11007,11842,15595,18785,18646,18619,11501,54794,3235
1782139853,1AC,102400000.0,102400000.0,10644948.0,10164189.0,1391668.9,1314724.4,366480.9,448238.2,103701.4,0.0,27.2,28.7,45,23.1,37.5,1722,11012,11844,15597,18789,18653,18623,11504,54810,3236
1782140153,1AC,102400000.0,102400000.0,10634815.0,10152476.0,1388997.9,1313489.1,365452.5,448473.8,103687.0,0.0,27.2,28.7,69,23.1,37.5,1722,11008,11842,15596,18786,18649,18622,11499,54799,3236
1782140453,1AC,102400000.0,102400000.0,10641231.0,10157529.0,1388566.0,1317754.1,366297.7,449087.4,103672.7,0.0,27.2,28.7,48,23.1,37.5,1721,11008,11843,15594,18791,18652,18626,11504,54811,3238
1782140753,1AC,102400000.0,102400000.0,10606760.0,10145236.0,1390274.1,1315360.6,365763.6,448133.8,103658.2,0.0,27.2,28.7,68,23.1,37.5,1722,11008,11844,15595,18790,18651,18626,11504,54811,3237
1782141053,1AC,102400000.0,102400000.0,10613917.0,10150145.0,1390753.5,1314756.4,365855.5,448604.3,103643.5,0.0,27.2,28.8,65,23.1,37.5,1722,11009,11843,15598,18785,18648,18621,11501,54797,3236
1782141353,1AC,102400000.0,102400000.0,10629325.0,10150457.0,1391563.2,1314865.5,365676.7,447997.0,103629.2,0.0,27.2,28.7,81,23.1,37.5,1722,11010,11841,15596,18788,18650,18621,11502,54799,3236
1782141653,1AC,102400000.0,102400000.0,10600048.0,10196641.0,1394219.6,1316518.0,365923.8,448176.4,103615.6,0.0,27.2,28.8,43,23.1,37.6,1722,11012,11844,15598,18792,18650,18626,11506,54814,3237
1782141953,1AC,102400000.0,102400000.0,10595559.0,10160455.0,1393348.6,1316243.6,365484.0,448156.2,103601.2,0.0,27.2,28.8,76,23.1,37.6,1722,11007,11840,15592,18787,18646,18619,11501,54796,3236
1782142253,1AC,102400000.0,102400000.0,10640500.0,10151279.0,1391612.9,1314656.4,365777.7,447930.6,103587.3,0.0,27.1,28.8,60,23.1,37.6,1722,11007,11840,15595,18787,18651,18622,11502,54804,3236
1782142553,1AC,102400000.0,102400000.0,10629335.0,10175213.0,1392009.9,1315904.9,365437.2,448007.2,103573.4,0.0,27.2,28.8,56,23.1,37.6,1722,11010,11844,15596,18786,18647,18621,11501,54796,3237
1782142854,1AC,102400000.0,102400000.0,10614488.0,10183028.0,1392690.9,1316004.8,365211.5,447310.7,103559.4,0.0,27.1,28.8,75,23.1,37.6,1721,11004,11838,15590,18779,18641,18615,11497,54774,3235
1782143154,1AC,102400000.0,102400000.0,10580377.0,10158057.0,1391483.0,1316022.4,366359.0,447216.8,103547.8,0.0,27.2,28.8,46,23.1,37.7,1722,11006,11840,15594,18783,18645,18620,11500,54793,3235
1782143454,1AC,102400000.0,102400000.0,10653745.0,10173072.0,1390508.6,1315413.8,364984.7,447395.8,103535.6,0.0,27.1,28.8,59,23.1,37.6,1722,11007,11842,15593,18785,18645,18620,11501,54791,3237
1782143754,1AC,102400000.0,102400000.0,10585108.0,10187232.0,1389134.0,1315205.5,366146.3,447296.0,103526.7,0.0,27.2,28.9,95,23.1,37.7,1721,11006,11839,15594,18786,18646,18619,11499,54793,3235
1782144054,1AC,102400000.0,102400000.0,10598808.0,10165733.0,1390577.0,1314472.0,363905.5,446373.9,103518.4,0.0,27.2,28.9,50,23.1,37.7,1722,11011,11843,15598,18790,18650,18623,11505,54808,3237
1782144354,1AC,102400000.0,102400000.0,10605208.0,10168941.0,1387500.2,1315144.4,364034.3,447242.3,103512.1,0.0,27.2,28.9,69,23.1,37.7,1722,11009,11843,15598,18791,18653,18624,11503,54806,3236
1782144654,1AC,102400000.0,102400000.0,10610797.0,10130347.0,1387184.1,1313299.1,365314.5,446385.5,103506.2,0.0,27.2,28.9,70,23.1,37.7,1722,11009,11841,15591,18783,18644,18617,11498,54786,3236
1782144954,1AC,102400000.0,102400000.0,10599025.0,10130247.0,1386945.9,1312805.1,365029.6,446867.0,103500.4,0.0,27.2,28.9,49,23.1,37.7,1722,11007,11841,15591,18782,18645,18615,11499,54778,3234
1782145254,1AC,102400000.0,102400000.0,10601380.0,10125756.0,1385151.9,1309787.9,363687.3,445827.1,103495.7,0.0,27.2,28.9,91,23.2,37.8,1722,11008,11843,15594,18785,18647,18619,11499,54795,3235
1782145554,1AC,102400000.0,102400000.0,10550203.0,10122044.0,1383533.5,1310608.6,365046.7,445916.8,103492.0,0.0,27.2,28.9,59,23.2,37.8,1721,11006,11840,15590,18783,18647,18617,11501,54786,3235
1782145854,1AC,102400000.0,102400000.0,10541091.0,10107201.0,1383668.1,1307224.9,364792.0,445160.8,103489.1,0.0,27.3,28.9,35,23.2,37.8,1722,11011,11844,15594,18786,18647,18620,11501,54797,3235
1782146154,1AC,102400000.0,102400000.0,10525879.0,10085176.0,1378958.4,1311319.9,361275.5,444370.3,103486.5,0.0,27.3,28.9,61,23.2,37.8,1722,11009,11845,15595,18784,18648,18618,11501,54791,3235
1782146454,1AC,102400000.0,102400000.0,10489024.0,10074463.0,1379194.5,1305944.6,361614.0,443774.9,103484.6,0.0,27.3,28.9,73,23.2,37.8,1721,11007,11840,15589,18781,18643,18616,11497,54773,3234
1782146754,1AC,102400000.0,102400000.0,10496461.0,10069211.0,1375981.5,1305086.6,362294.7,443906.2,103481.5,0.0,27.3,28.9,64,23.3,37.8,1722,11013,11847,15594,18787,18648,18622,11502,54810,3235
1782147054,1AC,102400000.0,102400000.0,10468203.0,10057733.0,1375298.9,1301407.6,361396.1,443270.9,103478.7,0.0,27.4,28.9,46,23.3,37.8,1721,11005,11841,15587,18777,18639,18613,11496,54769,3234
1782147354,1AC,102400000.0,102400000.0,10473028.0,10041595.0,1372937.5,1299267.0,360590.6,442315.6,103475.4,0.0,27.4,29.0,63,23.3,37.9,1721,11005,11842,15587,18779,18641,18612,11497,54778,3233
1782147655,1AC,102400000.0,102400000.0,10444155.0,10020961.0,1372955.4,1299910.1,363024.0,441783.0,103471.8,0.0,27.4,29.0,46,23.3,37.9,1722,11012,11848,15595,18779,18644,18616,11500,54783,3234
1782147952,1AC,102400000.0,102400000.0,10423640.0,10009924.0,1365368.9,1297315.9,360631.0,441470.8,103469.1,0.0,27.4,29.0,43,23.4,37.8,1722,11012,11848,15594,18782,18646,18618,11501,54796,3235
1782148252,1AC,102400000.0,102400000.0,10408472.0,10005539.0,1369866.4,1294024.5,359645.3,441239.3,103466.0,0.0,27.5,29.0,38,23.4,37.9,1721,11009,11846,15589,18777,18642,18615,11496,54775,3234
1782148552,1AC,102400000.0,102400000.0,10414328.0,9987763.0,1368069.9,1293712.6,359990.7,440556.7,103462.8,0.0,27.5,29.0,61,23.4,37.9,1722,11009,11847,15590,18780,18647,18617,11500,54792,3235
1782148852,1AC,102400000.0,102400000.0,10383532.0,9967643.0,1363709.4,1291963.1,359383.2,440805.4,103458.8,0.0,27.5,29.0,49,23.4,37.9,1723,11014,11850,15598,18791,18656,18626,11506,54816,3236
1782149152,1AC,102400000.0,102400000.0,10361171.0,9921137.0,1361892.4,1291266.9,358354.5,441099.0,103454.5,0.0,27.5,29.0,51,23.4,37.9,1722,11013,11850,15592,18782,18647,18617,11500,54789,3235
1782149453,1AC,102400000.0,102400000.0,10358997.0,9949148.0,1360020.6,1288754.0,358218.2,439475.3,103451.4,0.0,27.6,29.0,54,23.5,37.9,1722,11014,11850,15593,18782,18647,18618,11500,54795,3234
1782149753,1AC,102400000.0,102400000.0,10337253.0,9908989.0,1358774.0,1287409.5,358310.4,437933.3,103448.0,0.0,27.6,29.0,57,23.5,38.0,1723,11013,11851,15595,18784,18650,18619,11501,54797,3235
1782150054,1AC,102400000.0,102400000.0,10326565.0,9920205.0,1357394.5,1284076.4,357691.6,438658.1,103443.9,0.0,27.6,29.0,71,23.5,37.9,1723,11014,11853,15593,18786,18650,18623,11502,54803,3235
1782150354,1AC,102400000.0,102400000.0,10295705.0,9892199.0,1350607.1,1281398.6,359369.0,437142.9,103439.6,0.0,27.6,29.0,58,23.5,38.0,1722,11011,11849,15588,18781,18646,18618,11501,54798,3234
1782150654,1AC,102400000.0,102400000.0,10282547.0,9855633.0,1349777.0,1281542.9,356386.6,437681.3,103436.3,0.0,27.6,29.0,57,23.6,38.0,1723,11015,11853,15594,18783,18651,18621,11501,54799,3234
1782150955,1AC,102400000.0,102400000.0,10283867.0,9858485.0,1348073.6,1281108.4,356091.7,435828.1,103431.9,0.0,27.7,29.0,68,23.6,38.0,1723,11013,11853,15593,18780,18646,18619,11501,54798,3233
1782151252,1AC,102400000.0,102400000.0,10230808.0,9879536.0,1348191.1,1275456.1,356457.0,435359.2,103427.8,0.0,27.7,29.1,87,23.6,38.0,1723,11014,11853,15590,18781,18646,18617,11502,54796,3234
1782151552,1AC,102400000.0,102400000.0,10215833.0,9839789.0,1345537.0,1271389.5,356277.8,434990.2,103424.3,0.0,27.7,29.0,87,23.6,38.0,1723,11014,11853,15591,18786,18653,18621,11504,54809,3234
1782151852,1AC,102400000.0,102400000.0,10230746.0,9842724.0,1343424.0,1275260.1,356061.5,433997.2,103418.6,0.0,27.7,29.1,67,23.7,38.0,1724,11017,11856,15593,18780,18649,18621,11501,54808,3234
1782152153,1AC,102400000.0,102400000.0,10212093.0,9821759.0,1346182.5,1273328.4,355523.3,434170.9,103411.8,0.0,27.8,29.1,66,23.7,38.0,1724,11015,11855,15590,18787,18655,18625,11505,54820,3234
1782152453,1AC,102400000.0,102400000.0,10188272.0,9799737.0,1339764.5,1273182.2,356117.0,434683.2,103406.0,0.0,27.8,29.1,72,23.7,38.0,1722,11014,11854,15589,18780,18648,18619,11502,54803,3233
1782152753,1AC,102400000.0,102400000.0,10202277.0,9782758.0,1341097.9,1267289.1,354344.2,434271.9,103399.8,0.0,27.8,29.1,65,23.7,38.1,1723,11014,11853,15589,18778,18645,18617,11502,54791,3233
1782153053,1AC,102400000.0,102400000.0,10151717.0,9762679.0,1339324.4,1267527.9,354134.0,433088.0,103394.6,0.0,27.8,29.1,60,23.7,38.1,1724,11020,11860,15596,18782,18651,18621,11501,54808,3235
1782153354,1AC,102400000.0,102400000.0,10131084.0,9761399.0,1339493.4,1263285.4,354477.9,433081.6,103388.2,0.0,27.8,29.1,82,23.7,38.1,1723,11014,11855,15588,18779,18647,18614,11498,54796,3234
1782153654,1AC,102400000.0,102400000.0,10137680.0,9748427.0,1335442.0,1257735.5,353060.4,431575.9,103382.7,0.0,27.8,29.1,76,23.8,38.1,1723,11014,11854,15587,18778,18648,18617,11500,54801,3233
1782153951,1AC,102400000.0,102400000.0,10129672.0,9721050.0,1336620.6,1262340.0,352869.5,432305.9,103375.1,0.0,27.9,29.1,88,23.8,38.1,1723,11014,11855,15589,18779,18648,18620,11500,54798,3234
1782154252,1AC,102400000.0,102400000.0,10136667.0,9729156.0,1335458.4,1261612.5,354570.5,430955.0,103366.3,0.0,27.9,29.1,75,23.8,38.1,1723,11011,11853,15586,18778,18643,18613,11500,54784,3233
1782154553,1AC,102400000.0,102400000.0,10111517.0,9727212.0,1334890.1,1260168.4,352954.5,431619.2,103357.4,0.0,27.9,29.1,77,23.8,38.1,1723,11018,11857,15592,18782,18650,18621,11503,54811,3234
1782154853,1AC,102400000.0,102400000.0,10094573.0,9716123.0,1331319.2,1258148.9,351985.5,431553.7,103348.4,0.0,27.9,29.2,78,23.8,38.1,1723,11014,11854,15587,18780,18643,18617,11500,54804,3233
1782155153,1AC,102400000.0,102400000.0,10111727.0,9699203.0,1329958.9,1255448.9,351647.6,431424.9,103340.4,0.0,27.9,29.2,69,23.8,38.1,1724,11019,11858,15593,18782,18649,18620,11501,54809,3234
1782155454,1AC,102400000.0,102400000.0,10094625.0,9688305.0,1328040.0,1253987.0,352442.5,430406.5,103332.4,0.0,27.9,29.2,57,23.8,38.2,1723,11017,11859,15589,18779,18645,18617,11500,54798,3232
1782155754,1AC,102400000.0,102400000.0,10083809.0,9693465.0,1329461.0,1256949.8,351321.2,429824.6,103323.7,0.0,27.9,29.2,92,23.8,38.2,1723,11014,11856,15586,18780,18646,18620,11502,54801,3233
1782156055,1AC,102400000.0,102400000.0,10062359.0,9676604.0,1327181.5,1252659.4,352173.8,429401.1,103315.2,0.0,27.9,29.2,82,23.8,38.2,1723,11016,11858,15587,18780,18649,18619,11501,54800,3233
1782156351,1AC,102400000.0,102400000.0,10060900.0,9657300.0,1325726.4,1255035.0,351750.9,427737.2,103304.7,0.0,27.9,29.2,69,23.9,38.2,1723,11018,11859,15588,18775,18642,18617,11497,54791,3234
1782156652,1AC,102400000.0,102400000.0,10040495.0,9658449.0,1326874.8,1252320.4,351420.5,430205.0,103295.5,0.0,27.9,29.3,65,23.9,38.2,1724,11021,11862,15595,18783,18652,18623,11503,54815,3233
1782156952,1AC,102400000.0,102400000.0,10066115.0,9672801.0,1325331.1,1251721.6,351380.0,429198.3,103287.0,0.0,27.9,29.2,69,23.9,38.2,1723,11019,11861,15594,18782,18650,18622,11502,54811,3233
1782157252,1AC,102400000.0,102400000.0,10023416.0,9647858.0,1323598.4,1252111.9,351656.6,428420.2,103277.0,0.0,28.0,29.3,47,23.9,38.3,1723,11014,11856,15586,18777,18646,18615,11501,54792,3234
1782157553,1AC,102400000.0,102400000.0,10036295.0,9646265.0,1323724.5,1251272.6,351461.9,427722.2,103266.1,0.0,27.9,29.2,52,23.9,38.2,1724,11021,11864,15597,18788,18656,18626,11506,54826,3234
1782157853,1AC,102400000.0,102400000.0,10031745.0,9631621.0,1323201.6,1248267.4,350792.3,428851.7,103256.0,0.0,28.0,29.3,71,23.9,38.3,1724,11021,11861,15593,18780,18648,18617,11500,54808,3234
1782158153,1AC,102400000.0,102400000.0,10033528.0,9643129.0,1323626.5,1249547.6,350925.1,428183.5,103246.2,0.0,28.0,29.3,49,23.9,38.3,1723,11012,11853,15585,18768,18636,18607,11494,54763,3231
1782158453,1AC,102400000.0,102400000.0,10001921.0,9633753.0,1322633.2,1248773.5,350567.5,427546.6,103236.1,0.0,28.0,29.3,72,23.9,38.3,1724,11017,11860,15591,18778,18648,18617,11500,54800,3233
1782158754,1AC,102400000.0,102400000.0,10038383.0,9655453.0,1321500.4,1247634.1,351307.5,428549.8,103226.4,0.0,28.0,29.3,81,23.9,38.3,1723,11015,11858,15587,18779,18646,18617,11501,54800,3232
1782159054,1AC,102400000.0,102400000.0,10012488.0,9613545.0,1323576.6,1248041.1,349984.2,427936.4,103216.3,0.0,28.0,29.3,92,23.9,38.3,1724,11017,11860,15588,18773,18644,18615,11499,54789,3232
1782159354,1AC,102400000.0,102400000.0,10006952.0,9623445.0,1321920.4,1250195.1,349713.3,426743.1,103205.4,0.0,28.0,29.3,59,23.9,38.3,1723,11017,11858,15588,18777,18649,18617,11502,54798,3233
1782159654,1AC,102400000.0,102400000.0,9992989.0,9609945.0,1321791.5,1249143.6,349673.9,427307.4,103195.4,0.0,28.0,29.3,89,23.9,38.3,1724,11021,11860,15591,18780,18650,18619,11502,54801,3232
1782159954,1AC,102400000.0,102400000.0,9993711.0,9604257.0,1319219.0,1246908.4,349197.2,426297.5,103185.4,0.0,28.0,29.3,73,23.9,38.4,1724,11019,11860,15589,18782,18648,18621,11502,54805,3233
1782160254,1AC,102400000.0,102400000.0,10008713.0,9605631.0,1319830.0,1248069.4,350047.0,425793.3,103175.7,0.0,28.0,29.3,64,23.9,38.3,1724,11021,11862,15593,18784,18657,18625,11505,54821,3234
1782160555,1AC,102400000.0,102400000.0,9995460.0,9610289.0,1321501.6,1245645.0,350108.2,426995.7,103166.0,0.0,28.0,29.3,37,23.9,38.4,1724,11020,11861,15590,18784,18657,18623,11505,54824,3234
1782160852,1AC,102400000.0,102400000.0,9986052.0,9599288.0,1317866.4,1245494.9,351207.2,425920.1,103155.0,0.0,28.0,29.3,80,23.9,38.4,1724,11020,11862,15592,18782,18654,18623,11504,54814,3234
1782161152,1AC,102400000.0,102400000.0,9994373.0,9612191.0,1319269.4,1248063.4,350393.7,426373.6,103142.6,0.0,28.0,29.4,52,23.9,38.4,1724,11023,11864,15597,18786,18658,18626,11506,54825,3235
1782161453,1AC,102400000.0,102400000.0,9992036.0,9592673.0,1317041.1,1247594.5,350561.2,425283.4,103132.8,0.0,28.0,29.3,65,23.9,38.4,1724,11020,11863,15595,18781,18651,18620,11504,54803,3233
1782161753,1AC,102400000.0,102400000.0,9990052.0,9590872.0,1320000.5,1245820.6,349210.5,425357.3,103122.0,0.0,28.0,29.4,98,23.9,38.4,1724,11019,11862,15591,18779,18651,18619,11502,54810,3234
1782162054,1AC,102400000.0,102400000.0,9985079.0,9602305.0,1318216.5,1245710.0,349321.5,425102.7,103111.4,0.0,28.0,29.4,63,23.9,38.4,1724,11019,11861,15589,18782,18654,18622,11503,54811,3233
1782162354,1AC,102400000.0,102400000.0,10015745.0,9602052.0,1318358.0,1244818.5,349623.4,425890.7,103101.0,0.0,28.0,29.4,50,23.9,38.4,1723,11018,11861,15591,18778,18649,18619,11500,54801,3233
1782162655,1AC,102400000.0,102400000.0,9985301.0,9581116.0,1317606.9,1247850.9,348892.2,425497.0,103090.8,0.0,28.0,29.4,69,24.0,38.5,1725,11023,11866,15597,18788,18659,18628,11508,54832,3234
1782162951,1AC,102400000.0,102400000.0,9993460.0,9588832.0,1315561.4,1240552.6,349187.8,424277.2,103082.5,0.0,28.0,29.4,66,23.9,38.4,1724,11022,11864,15592,18783,18652,18623,11503,54808,3235
1782163252,1AC,102400000.0,102400000.0,9973300.0,9577189.0,1316738.1,1245467.5,348784.2,425228.3,103074.1,0.0,28.0,29.4,50,24.0,38.5,1723,11019,11861,15588,18776,18646,18615,11498,54793,3232
1782163552,1AC,102400000.0,102400000.0,9964101.0,9579901.0,1315391.9,1242922.4,349065.2,425309.9,103064.4,0.0,28.0,29.4,80,24.0,38.5,1724,11021,11864,15591,18783,18653,18622,11504,54812,3233
1782163853,1AC,102400000.0,102400000.0,9968155.0,9591712.0,1316719.1,1241053.2,349084.1,424848.1,103055.7,0.0,28.0,29.5,67,24.0,38.5,1724,11019,11860,15589,18781,18651,18621,11504,54813,3233
1782164153,1AC,102400000.0,102400000.0,9974121.0,9569552.0,1314121.6,1243175.1,348799.7,424022.4,103048.3,0.0,28.0,29.5,56,24.0,38.5,1724,11018,11861,15590,18776,18645,18615,11499,54797,3232
1782164453,1AC,102400000.0,102400000.0,9955901.0,9572381.0,1316072.0,1243883.1,349197.1,424390.1,103039.1,0.0,28.1,29.5,61,24.0,38.5,1726,11026,11869,15597,18786,18659,18628,11506,54829,3234
1782164754,1AC,102400000.0,102400000.0,9953736.0,9553115.0,1311844.9,1241019.6,348814.9,424475.2,103029.5,0.0,28.0,29.5,70,24.0,38.5,1724,11022,11865,15593,18787,18654,18625,11507,54824,3233
1782165054,1AC,102400000.0,102400000.0,9959777.0,9530287.0,1314711.0,1244534.9,348300.1,423649.0,103020.2,0.0,28.1,29.5,42,24.0,38.5,1724,11026,11867,15597,18786,18656,18627,11507,54823,3235
1782165354,1AC,102400000.0,102400000.0,9947444.0,9560101.0,1315124.4,1241519.1,348265.5,424410.7,103009.9,0.0,28.1,29.5,57,24.0,38.5,1723,11020,11862,15591,18783,18654,18622,11503,54806,3233
1782165655,1AC,102400000.0,102400000.0,9964063.0,9557583.0,1312816.5,1242885.1,347673.3,423148.2,102999.9,0.0,28.1,29.5,56,24.0,38.5,1724,11019,11862,15589,18774,18644,18614,11498,54790,3231
1782165951,1AC,102400000.0,102400000.0,9934419.0,9539333.0,1312856.5,1238240.9,348814.1,422908.5,102988.9,0.0,28.1,29.5,58,24.0,38.5,1724,11025,11866,15593,18784,18653,18624,11505,54824,3234
1782166255,1AC,102400000.0,102400000.0,9920924.0,9553876.0,1312387.5,1236637.6,347981.3,424096.0,102978.7,0.0,28.1,29.5,62,24.0,38.6,1724,11025,11867,15598,18789,18656,18629,11507,54832,3234
1782166552,1AC,102400000.0,102400000.0,9918568.0,9531506.0,1313612.4,1239187.6,348084.8,423152.9,102968.7,0.0,28.1,29.5,62,24.0,38.6,1724,11023,11865,15594,18779,18650,18622,11503,54808,3233
1782166852,1AC,102400000.0,102400000.0,9943512.0,9540532.0,1310756.6,1238912.5,347095.5,422852.8,102958.8,0.0,28.1,29.5,46,24.0,38.6,1724,11020,11863,15591,18779,18650,18619,11501,54807,3234
1782167152,1AC,102400000.0,102400000.0,9911640.0,9519379.0,1311167.0,1239501.4,348234.1,423282.0,102949.1,0.0,28.1,29.5,64,24.0,38.6,1724,11018,11863,15589,18783,18651,18621,11502,54814,3232
1782167452,1AC,102400000.0,102400000.0,9914793.0,9537076.0,1312105.0,1234915.6,346967.6,423027.9,102939.1,0.0,28.1,29.5,63,24.0,38.6,1724,11023,11866,15593,18783,18652,18625,11505,54815,3233
1782167752,1AC,102400000.0,102400000.0,9909320.0,9544813.0,1312151.4,1239038.9,347741.7,422581.7,102928.6,0.0,28.1,29.5,64,24.0,38.6,1724,11021,11865,15592,18782,18652,18623,11504,54818,3234
1782168053,1AC,102400000.0,102400000.0,9914339.0,9531365.0,1310846.0,1239463.6,348454.6,422970.8,102917.9,0.0,28.1,29.5,61,24.0,38.6,1724,11023,11865,15592,18783,18653,18622,11505,54819,3233
1782168353,1AC,102400000.0,102400000.0,9899876.0,9521949.0,1309579.9,1236781.0,348044.9,422846.2,102909.3,0.0,28.1,29.6,72,24.0,38.6,1725,11022,11866,15594,18786,18655,18627,11504,54821,3233
1782168654,1AC,102400000.0,102400000.0,9911816.0,9521763.0,1309876.6,1235930.1,347547.0,421907.7,102900.0,0.0,28.1,29.6,57,24.0,38.6,1724,11019,11862,15590,18784,18652,18621,11504,54815,3233
1782168954,1AC,102400000.0,102400000.0,9929617.0,9538065.0,1311026.4,1235084.4,346986.6,422986.9,102890.8,0.0,28.1,29.6,45,24.0,38.6,1725,11023,11866,15593,18785,18655,18623,11504,54819,3234
1782169254,1AC,102400000.0,102400000.0,9881344.0,9512929.0,1310766.6,1239845.9,346537.5,421468.8,102882.0,0.0,28.1,29.6,62,24.0,38.7,1725,11022,11865,15593,18785,18655,18626,11506,54815,3236
1782169551,1AC,102400000.0,102400000.0,9913301.0,9535787.0,1308911.6,1232897.1,346646.9,422357.8,102874.8,0.0,28.1,29.6,39,24.0,38.7,1724,11021,11864,15590,18779,18648,18619,11500,54803,3234
1782169852,1AC,102400000.0,102400000.0,9892312.0,9500764.0,1308733.4,1234771.9,346655.6,422081.3,102868.2,0.0,28.1,29.6,53,24.1,38.7,1725,11023,11867,15595,18781,18651,18621,11505,54814,3233
1782170152,1AC,102400000.0,102400000.0,9894316.0,9516321.0,1308384.6,1236246.6,347810.0,422500.6,102862.4,0.0,28.1,29.6,57,24.1,38.7,1724,11022,11866,15591,18785,18652,18622,11504,54813,3232
1782170453,1AC,102400000.0,102400000.0,9885773.0,9504802.0,1308920.5,1233198.1,347041.8,420963.2,102854.7,0.0,28.2,29.6,45,24.1,38.7,1724,11022,11865,15592,18782,18651,18621,11503,54808,3232
1782170753,1AC,102400000.0,102400000.0,9891414.0,9496483.0,1307578.1,1234899.1,346706.5,420741.4,102845.0,0.0,28.2,29.6,71,24.1,38.7,1724,11022,11866,15594,18779,18650,18621,11503,54807,3232
1782171053,1AC,102400000.0,102400000.0,9905169.0,9503508.0,1305547.9,1235526.9,346252.5,421320.3,102836.4,0.0,28.2,29.6,61,24.1,38.7,1724,11019,11866,15591,18781,18649,18623,11504,54817,3233
1782171353,1AC,102400000.0,102400000.0,9872813.0,9508480.0,1306481.6,1232426.1,345633.3,421156.2,102826.0,0.0,28.2,29.6,63,24.1,38.7,1725,11023,11869,15595,18786,18657,18627,11507,54825,3233
1782171653,1AC,102400000.0,102400000.0,9853431.0,9500385.0,1304372.0,1232087.1,345473.4,421401.9,102816.0,0.0,28.2,29.6,83,24.1,38.7,1724,11022,11868,15592,18781,18653,18624,11505,54817,3233
1782171954,1AC,102400000.0,102400000.0,9884080.0,9497661.0,1306037.5,1235147.1,345105.5,420638.7,102809.1,0.0,28.2,29.7,68,24.1,38.7,1725,11024,11866,15595,18780,18649,18621,11501,54809,3232
1782172254,1AC,102400000.0,102400000.0,9877519.0,9480297.0,1303551.9,1231450.9,345778.8,419886.6,102800.4,0.0,28.2,29.6,46,24.1,38.7,1725,11025,11868,15594,18787,18655,18626,11506,54824,3233
1782172554,1AC,102400000.0,102400000.0,9875064.0,9476684.0,1305166.9,1231383.1,345578.5,420277.7,102790.9,0.0,28.2,29.6,60,24.1,38.7,1724,11019,11865,15589,18778,18650,18622,11504,54812,3233
1782172854,1AC,102400000.0,102400000.0,9868487.0,9520003.0,1303921.2,1230498.5,345502.2,420669.8,102781.1,0.0,28.2,29.7,50,24.1,38.7,1724,11018,11863,15588,18774,18648,18618,11501,54798,3231
1782173154,1AC,102400000.0,102400000.0,9864205.0,9472915.0,1306923.1,1233692.5,345602.4,420340.4,102772.0,0.0,28.2,29.7,59,24.1,38.7,1725,11027,11871,15597,18790,18662,18632,11510,54837,3234
1782173455,1AC,102400000.0,102400000.0,9846555.0,9475511.0,1304872.0,1230770.1,345383.8,419989.3,102762.0,0.0,28.2,29.7,84,24.1,38.8,1724,11023,11866,15593,18780,18651,18620,11502,54813,3232
1782173752,1AC,102400000.0,102400000.0,9860461.0,9463503.0,1304557.1,1231398.4,344704.8,419239.4,102751.6,0.0,28.2,29.7,67,24.1,38.8,1724,11020,11864,15589,18776,18647,18617,11500,54798,3231
1782174052,1AC,102400000.0,102400000.0,9840559.0,9474659.0,1303962.5,1231574.9,344794.1,419891.5,102741.5,0.0,28.2,29.7,62,24.1,38.8,1724,11022,11867,15592,18780,18650,18621,11501,54807,3231
1782174352,1AC,102400000.0,102400000.0,9848717.0,9465037.0,1304644.4,1235083.0,346270.7,419217.7,102732.4,0.0,28.2,29.7,64,24.1,38.8,1724,11022,11865,15587,18780,18651,18622,11504,54819,3233
1782174653,1AC,102400000.0,102400000.0,9851585.0,9468505.0,1304333.5,1229312.4,344980.8,419503.9,102721.9,0.0,28.2,29.7,51,24.1,38.8,1725,11021,11865,15588,18780,18652,18622,11503,54806,3232
1782174953,1AC,102400000.0,102400000.0,9848108.0,9497088.0,1304003.1,1230130.1,345184.8,418715.1,102712.3,0.0,28.2,29.7,86,24.1,38.8,1724,11021,11867,15589,18779,18653,18621,11503,54810,3234
1782175253,1AC,102400000.0,102400000.0,9841899.0,9470180.0,1303635.2,1229039.1,345133.2,419400.0,102702.2,0.0,28.2,29.7,81,24.1,38.8,1725,11022,11867,15592,18780,18650,18620,11501,54806,3232
1782175554,1AC,102400000.0,102400000.0,9853792.0,9454522.0,1302355.5,1232198.9,344788.3,419031.9,102691.5,0.0,28.2,29.7,43,24.1,38.8,1724,11020,11864,15589,18773,18647,18616,11501,54799,3231
1782175854,1AC,102400000.0,102400000.0,9815515.0,9462892.0,1304569.8,1231958.9,344026.8,419423.3,102681.6,0.0,28.2,29.8,58,24.1,38.9,1724,11021,11867,15593,18781,18652,18623,11505,54810,3234
1782176154,1AC,102400000.0,102400000.0,9848305.0,9467200.0,1303919.9,1230386.6,345038.0,419146.5,102671.3,0.0,28.2,29.7,68,24.1,38.8,1724,11023,11869,15592,18784,18655,18624,11506,54817,3233
1782176454,1AC,102400000.0,102400000.0,9853140.0,9471413.0,1304484.4,1233148.5,344393.3,418977.4,102661.6,0.0,28.2,29.7,60,24.1,38.9,1725,11024,11868,15593,18781,18649,18621,11502,54805,3233
1782176755,1AC,102400000.0,102400000.0,9828872.0,9477864.0,1305448.6,1231413.6,344097.1,419498.1,102653.0,0.0,28.2,29.7,63,24.1,38.9,1725,11027,11872,15598,18790,18659,18632,11510,54845,3234
1782177051,1AC,102400000.0,102400000.0,9840735.0,9476528.0,1300448.9,1232325.0,344787.2,418940.0,102644.1,0.0,28.2,29.8,71,24.2,38.9,1725,11025,11871,15596,18783,18656,18625,11505,54815,3233
1782177352,1AC,102400000.0,102400000.0,9841756.0,9450361.0,1304451.6,1232509.1,345256.4,418954.8,102634.4,0.0,28.2,29.8,84,24.2,38.9,1724,11021,11866,15590,18781,18654,18624,11504,54813,3233
1782177652,1AC,102400000.0,102400000.0,9856520.0,9443183.0,1301409.0,1230375.9,344224.9,418224.8,102624.7,0.0,28.2,29.8,75,24.2,38.9,1725,11026,11870,15596,18782,18657,18626,11506,54826,3234
1782177952,1AC,102400000.0,102400000.0,9819223.0,9437869.0,1302203.5,1231477.0,344477.6,418646.3,102615.4,0.0,28.2,29.8,50,24.1,38.9,1724,11020,11865,15589,18774,18647,18617,11502,54801,3232
1782178253,1AC,102400000.0,102400000.0,9823711.0,9473009.0,1302114.0,1228641.2,345260.8,418847.9,102607.2,0.0,28.2,29.8,45,24.2,38.9,1725,11022,11867,15593,18781,18650,18619,11503,54809,3232
1782178553,1AC,102400000.0,102400000.0,9840759.0,9463223.0,1304505.6,1229648.5,344796.4,418200.2,102597.0,0.0,28.2,29.8,70,24.2,38.9,1725,11021,11866,15593,18776,18646,18617,11503,54797,3231
1782178853,1AC,102400000.0,102400000.0,9836604.0,9461519.0,1303633.0,1231417.4,344205.3,418038.1,102587.4,0.0,28.2,29.8,39,24.2,38.9,1724,11022,11864,15587,18782,18654,18624,11504,54818,3233
1782179154,1AC,102400000.0,102400000.0,9842153.0,9447883.0,1302203.9,1230742.4,344753.9,417664.0,102576.8,0.0,28.2,29.8,59,24.2,38.9,1724,11018,11864,15589,18778,18648,18619,11502,54808,3231
1782179454,1AC,102400000.0,102400000.0,9837137.0,9463244.0,1300197.5,1227504.0,343791.6,418064.2,102565.3,0.0,28.2,29.8,44,24.2,39.0,1724,11022,11866,15589,18779,18645,18617,11503,54806,3232
1782179755,1AC,102400000.0,102400000.0,9833305.0,9471100.0,1304481.4,1230686.1,343436.7,417858.9,102554.0,0.0,28.2,29.8,72,24.1,39.0,1725,11025,11870,15596,18779,18653,18620,11504,54811,3232
1782180055,1AC,102400000.0,102400000.0,9844803.0,9457172.0,1305675.4,1228442.4,344751.8,418136.6,102542.2,0.0,28.2,29.8,53,24.2,39.0,1725,11023,11867,15595,18781,18652,18622,11504,54817,3232
1782180355,1AC,102400000.0,102400000.0,9830317.0,9474809.0,1303769.5,1232833.6,344447.2,418012.4,102531.5,0.0,28.2,29.8,74,24.1,39.0,1724,11020,11865,15589,18773,18645,18616,11502,54794,3231
1782180652,1AC,102400000.0,102400000.0,9829459.0,9469967.0,1304444.2,1230935.0,343820.8,418052.9,102520.6,0.0,28.2,29.8,73,24.1,39.0,1723,11016,11861,15586,18769,18638,18610,11498,54775,3230
1782180952,1AC,102400000.0,102400000.0,9842395.0,9462049.0,1302412.1,1230671.1,344802.9,418234.2,102508.7,0.0,28.2,29.8,65,24.1,39.0,1724,11021,11865,15591,18779,18649,18618,11502,54805,3232
1782181252,1AC,102400000.0,102400000.0,9859152.0,9480807.0,1303657.9,1231458.9,344271.2,418520.6,102496.7,0.0,28.2,29.8,65,24.1,39.0,1724,11016,11861,15585,18773,18643,18614,11499,54785,3233
1782181552,1AC,102400000.0,102400000.0,9835260.0,9461422.0,1303752.0,1235163.8,344723.0,418659.0,102485.7,0.0,28.2,29.9,63,24.1,39.0,1724,11020,11865,15589,18778,18646,18618,11502,54797,3233
1782181852,1AC,102400000.0,102400000.0,9861675.0,9474057.0,1308028.1,1232400.0,344660.6,417544.8,102474.6,0.0,28.2,29.9,52,24.1,39.0,1724,11019,11864,15589,18777,18646,18617,11502,54794,3232
1782182152,1AC,102400000.0,102400000.0,9844287.0,9462012.0,1309760.9,1232354.6,344183.2,418218.3,102464.1,0.0,28.2,29.9,70,24.1,39.0,1724,11017,11862,15584,18773,18641,18613,11498,54782,3231
1782182452,1AC,102400000.0,102400000.0,9846900.0,9463336.0,1307073.4,1234181.1,345203.8,418617.4,102453.5,0.0,28.2,29.9,25,24.1,39.0,1725,11020,11866,15591,18780,18649,18621,11503,54812,3232
1782182752,1AC,102400000.0,102400000.0,9879951.0,9487507.0,1307758.6,1234378.6,344634.3,417771.2,102443.5,0.0,28.2,29.9,41,24.1,39.0,1724,11021,11865,15591,18778,18650,18618,11501,54802,3231
1782183052,1AC,102400000.0,102400000.0,9884612.0,9481985.0,1306009.6,1234434.1,344769.2,417770.1,102433.0,0.0,28.2,29.9,48,24.1,39.1,1724,11015,11860,15584,18771,18643,18611,11497,54781,3231
1782183352,1AC,102400000.0,102400000.0,9854932.0,9481716.0,1308517.1,1235690.9,345072.4,417462.4,102422.6,0.0,28.2,29.9,59,24.1,39.0,1724,11020,11864,15589,18779,18647,18618,11500,54793,3232
1782183652,1AC,102400000.0,102400000.0,9844848.0,9494161.0,1305647.8,1233340.9,344765.2,418365.7,102412.4,0.0,28.2,29.9,51,24.1,39.1,1724,11019,11865,15591,18779,18645,18616,11501,54804,3232
1782183952,1AC,102400000.0,102400000.0,9855023.0,9479591.0,1306807.5,1234021.9,344723.8,417992.3,102402.8,0.0,28.2,29.9,84,24.1,39.0,1724,11021,11865,15592,18781,18649,18620,11501,54809,3233
1782184253,1AC,102400000.0,102400000.0,9866817.0,9501147.0,1306950.6,1234353.0,345137.8,417519.2,102393.5,0.0,28.1,30.0,49,24.1,39.1,1724,11017,11861,15587,18775,18642,18615,11498,54787,3231
1782184553,1AC,102400000.0,102400000.0,9884043.0,9486773.0,1308644.6,1236718.5,344509.2,417561.2,102383.8,0.0,28.2,29.9,57,24.1,39.1,1724,11016,11861,15585,18779,18649,18618,11501,54810,3232
1782184853,1AC,102400000.0,102400000.0,9865647.0,9491546.0,1306854.6,1240569.1,345766.3,417383.3,102374.0,0.0,28.1,30.0,39,24.1,39.1,1724,11016,11861,15584,18777,18648,18615,11498,54793,3232
1782185153,1AC,102400000.0,102400000.0,9877821.0,9494272.0,1307390.6,1235798.0,345102.2,418058.1,102363.9,0.0,28.1,30.0,51,24.1,39.1,1724,11018,11862,15589,18781,18647,18621,11503,54807,3232
1782185453,1AC,102400000.0,102400000.0,9886999.0,9502941.0,1307793.6,1236463.6,345453.5,417732.5,102354.7,0.0,28.1,29.9,52,24.1,39.1,1724,11017,11861,15587,18777,18647,18615,11498,54798,3233
1782185754,1AC,102400000.0,102400000.0,9892019.0,9532993.0,1311975.1,1236609.5,345252.5,417764.5,102345.2,0.0,28.1,29.9,69,24.1,39.1,1724,11019,11863,15590,18777,18645,18614,11498,54786,3231
1782186054,1AC,102400000.0,102400000.0,9920839.0,9505695.0,1311091.9,1239577.6,345925.5,418083.1,102336.9,0.0,28.1,30.0,58,24.1,39.1,1724,11019,11862,15590,18780,18648,18617,11500,54800,3231
1782186354,1AC,102400000.0,102400000.0,9886163.0,9502104.0,1310615.0,1239496.1,347391.8,417720.0,102329.9,0.0,28.1,30.0,46,24.1,39.1,1724,11022,11863,15592,18779,18652,18619,11504,54806,3232
1782186654,1AC,102400000.0,102400000.0,9875249.0,9504575.0,1311426.1,1236622.9,346624.0,417683.8,102321.8,0.0,28.1,30.0,67,24.1,39.1,1724,11021,11866,15593,18782,18654,18621,11503,54814,3232
1782186954,1AC,102400000.0,102400000.0,9896855.0,9522455.0,1312448.5,1241333.4,345072.8,418208.0,102312.4,0.0,28.1,30.0,73,24.1,39.1,1724,11018,11862,15590,18781,18651,18618,11502,54807,3232
1782187254,1AC,102400000.0,102400000.0,9932557.0,9518191.0,1310837.0,1236723.6,344682.9,418195.0,102303.9,0.0,28.1,30.0,57,24.1,39.1,1724,11017,11861,15586,18782,18649,18618,11502,54802,3232
1782187554,1AC,102400000.0,102400000.0,9914225.0,9538447.0,1310121.5,1237505.6,345035.3,417242.4,102295.0,0.0,28.1,30.0,51,24.1,39.2,1724,11022,11865,15595,18785,18654,18621,11505,54817,3232
1782187854,1AC,102400000.0,102400000.0,9906642.0,9502831.0,1313034.4,1237319.1,346467.2,417694.5,102285.9,0.0,28.1,30.0,57,24.1,39.1,1724,11016,11862,15589,18777,18645,18617,11500,54791,3231
1782188154,1AC,102400000.0,102400000.0,9879513.0,9495115.0,1309312.9,1239603.4,345447.5,417890.7,102277.2,0.0,28.1,30.0,63,24.1,39.2,1724,11021,11864,15592,18781,18652,18621,11505,54800,3232
1782188455,1AC,102400000.0,102400000.0,9877711.0,9525816.0,1312828.1,1240207.6,345028.4,418026.0,102269.2,0.0,28.1,30.0,49,24.0,39.2,1724,11023,11866,15594,18787,18654,18624,11505,54821,3234
1782188752,1AC,102400000.0,102400000.0,9905517.0,9526929.0,1312036.5,1238846.5,346450.7,417896.9,102261.5,0.0,28.1,30.0,20,24.1,39.2,1724,11020,11865,15594,18782,18655,18621,11504,54815,3233
1782189053,1AC,102400000.0,102400000.0,9908883.0,9523623.0,1313400.6,1236553.9,345017.8,418107.8,102253.5,0.0,28.1,30.0,42,24.1,39.2,1723,11016,11860,15587,18776,18645,18617,11501,54789,3232
1782189353,1AC,102400000.0,102400000.0,9904413.0,9532770.0,1313119.9,1239092.6,346649.4,418253.3,102245.3,0.0,28.1,30.0,31,24.1,39.2,1724,11022,11865,15589,18781,18652,18617,11501,54808,3232
1782189653,1AC,102400000.0,102400000.0,9906289.0,9529897.0,1311402.4,1240492.2,345147.3,417122.1,102237.1,0.0,28.1,30.0,86,24.0,39.2,1724,11018,11862,15587,18773,18645,18613,11497,54783,3232
1782189954,1AC,102400000.0,102400000.0,9908376.0,9545197.0,1310808.0,1241466.4,344800.9,417906.7,102229.6,0.0,28.1,30.0,66,24.0,39.2,1724,11019,11865,15591,18779,18650,18620,11502,54803,3232
1782190254,1AC,102400000.0,102400000.0,9896356.0,9528224.0,1312894.9,1237155.1,344929.4,418207.2,102220.5,0.0,28.1,30.1,49,24.0,39.2,1724,11022,11866,15594,18782,18651,18621,11503,54811,3232
1782190555,1AC,102400000.0,102400000.0,9937855.0,9559226.0,1313939.2,1245543.5,345478.8,417428.9,102212.3,0.0,28.1,30.0,46,24.0,39.2,1724,11017,11861,15589,18776,18647,18615,11499,54792,3231
1782190855,1AC,102400000.0,102400000.0,9925817.0,9530068.0,1311367.0,1238824.4,345565.9,416235.3,102205.0,0.0,28.1,30.1,56,24.0,39.2,1725,11021,11865,15590,18783,18657,18623,11503,54812,3235
1782191152,1AC,102400000.0,102400000.0,9911492.0,9546031.0,1312210.2,1239377.9,345310.6,417970.8,102198.6,0.0,28.1,30.1,42,24.0,39.2,1724,11020,11864,15589,18779,18651,18623,11502,54808,3234
1782191453,1AC,102400000.0,102400000.0,9914880.0,9559889.0,1312198.4,1237834.1,345317.6,417690.5,102191.8,0.0,28.1,30.1,31,24.0,39.3,1723,11017,11862,15588,18777,18648,18617,11499,54790,3231
1782191753,1AC,102400000.0,102400000.0,9905211.0,9538878.0,1313362.0,1238568.6,345490.8,417611.4,102186.5,0.0,28.1,30.1,54,24.0,39.2,1724,11019,11863,15591,18778,18649,18619,11501,54809,3232
1782192054,1AC,102400000.0,102400000.0,9923292.0,9537009.0,1315737.9,1241155.0,345963.5,417280.2,102179.8,0.0,28.1,30.1,54,24.0,39.2,1723,11016,11859,15585,18771,18641,18611,11496,54780,3231
1782192354,1AC,102400000.0,102400000.0,9920305.0,9546711.0,1315163.6,1240870.6,345913.8,418028.9,102174.0,0.0,28.1,30.1,63,24.0,39.3,1724,11019,11864,15590,18776,18647,18616,11499,54793,3232
1782192654,1AC,102400000.0,102400000.0,9914525.0,9546983.0,1314732.1,1240422.1,346028.8,417143.3,102167.7,0.0,28.1,30.1,47,24.1,39.3,1724,11020,11864,15591,18782,18653,18622,11504,54810,3234
1782192955,1AC,102400000.0,102400000.0,9910255.0,9548632.0,1314339.9,1241148.9,345818.1,417576.8,102162.1,0.0,28.1,30.1,58,24.0,39.3,1724,11017,11862,15586,18780,18647,18619,11500,54805,3233
1782193255,1AC,102400000.0,102400000.0,9896205.0,9532483.0,1316545.0,1239671.9,345644.0,415876.5,102155.7,0.0,28.1,30.1,70,24.0,39.3,1724,11017,11862,15586,18776,18651,18619,11500,54801,3232
1782193552,1AC,102400000.0,102400000.0,9894495.0,9546880.0,1313839.6,1241072.1,345623.0,417143.4,102151.2,0.0,28.1,30.1,61,24.1,39.3,1723,11016,11861,15587,18774,18647,18617,11500,54791,3232
1782194153,1AC,102400000.0,102400000.0,11006373.0,10763045.0,1509918.4,1465438.6,412014.5,511706.3,105356.1,0.0,27.9,16.9,71,23.8,25.3,1725,11027,11870,15601,18795,18665,18635,11509,54865,3234
1782194453,1AC,102400000.0,102400000.0,14121851.0,13758696.0,1852820.6,1763389.4,448651.0,531048.3,105449.4,0.0,28.0,19.7,92,23.9,27.3,1725,11030,11870,15602,18793,18667,18635,11509,54861,3235
1782194754,1AC,102400000.0,102400000.0,14482275.0,14101681.0,1870827.1,1775206.6,452874.7,533333.2,105483.5,0.0,28.0,21.1,76,24.0,28.6,1726,11032,11874,15604,18795,18663,18635,11509,54862,3235
1782195054,1AC,102400000.0,102400000.0,14470084.0,14085892.0,1851043.4,1758516.6,450949.1,530450.6,105494.9,0.0,28.0,22.0,106,24.0,29.5,1725,11030,11873,15607,18797,18665,18635,11511,54869,3235
1782195354,1AC,102400000.0,102400000.0,14371920.0,13934745.0,1826007.6,1734370.5,447095.2,527363.1,105494.6,0.0,28.1,22.6,82,24.0,30.1,1724,11028,11871,15601,18788,18660,18629,11507,54850,3234
1782195655,1AC,102400000.0,102400000.0,14174196.0,13793387.0,1802412.9,1708815.9,443872.3,523554.2,105487.7,0.0,28.1,23.0,88,24.0,30.6,1726,11035,11876,15605,18797,18668,18635,11512,54859,3235
1782195955,1AC,102400000.0,102400000.0,14026435.0,13636717.0,1787373.5,1687790.0,441637.8,521635.2,105476.8,0.0,28.1,23.4,91,24.0,31.0,1725,11030,11872,15604,18792,18665,18633,11510,54853,3235
1782196252,1AC,102400000.0,102400000.0,13928476.0,13476968.0,1765036.4,1673213.1,437315.4,517719.1,105463.0,0.0,28.1,23.7,75,24.0,31.3,1725,11028,11871,15601,18789,18660,18628,11505,54832,3234
1782196553,1AC,102400000.0,102400000.0,13760385.0,13340537.0,1748209.6,1656930.1,433314.0,515353.1,105447.2,0.0,28.1,23.9,82,24.0,31.6,1725,11029,11870,15600,18793,18661,18634,11509,54856,3234
1782196853,1AC,102400000.0,102400000.0,13727267.0,13236840.0,1733650.4,1645828.5,431403.3,513001.8,105429.4,0.0,28.1,24.1,81,24.0,31.9,1725,11028,11871,15599,18793,18662,18633,11510,54855,3234
1782197153,1AC,102400000.0,102400000.0,13608100.0,13131589.0,1724362.6,1633270.4,429083.8,511479.2,105411.4,0.0,28.1,24.3,85,24.0,32.0,1725,11032,11874,15605,18801,18674,18640,11513,54878,3238
1782197453,1AC,102400000.0,102400000.0,13491933.0,13014915.0,1715432.6,1622674.1,427157.5,509200.0,105392.3,0.0,28.1,24.4,92,24.0,32.3,1726,11033,11874,15603,18799,18667,18637,11510,54861,3235
1782197754,1AC,102400000.0,102400000.0,13416920.0,12957825.0,1700450.6,1617721.0,424355.9,506711.8,105373.3,0.0,28.1,24.6,70,24.0,32.4,1725,11028,11872,15601,18792,18661,18633,11509,54855,3234
1782198054,1AC,102400000.0,102400000.0,13352115.0,12852835.0,1693319.6,1608944.6,424304.4,504910.1,105353.1,0.0,28.1,24.7,92,24.0,32.6,1725,11028,11872,15600,18792,18661,18632,11508,54848,3234
1782198354,1AC,102400000.0,102400000.0,13322987.0,12786057.0,1687584.0,1600030.6,422766.2,503492.2,105331.9,0.0,28.1,24.8,70,24.0,32.7,1726,11031,11874,15605,18796,18666,18636,11511,54861,3235
1782198655,1AC,102400000.0,102400000.0,13208780.0,12744212.0,1677409.4,1593500.6,421878.5,502156.9,105311.0,0.0,28.1,24.9,94,24.0,32.8,1725,11029,11871,15602,18797,18663,18634,11512,54862,3234
1782198955,1AC,102400000.0,102400000.0,13165363.0,12681197.0,1675228.6,1585202.5,420160.3,501015.9,105290.8,0.0,28.1,25.0,94,24.0,33.0,1726,11031,11874,15606,18795,18665,18634,11510,54861,3234
1782199255,1AC,102400000.0,102400000.0,13070548.0,12627219.0,1665598.5,1579898.5,419077.8,499050.8,105270.2,0.0,28.1,25.1,111,24.0,33.1,1725,11027,11870,15601,18793,18661,18635,11508,54848,3234
1782199552,1AC,102400000.0,102400000.0,13034027.0,12567741.0,1660023.4,1571707.4,417320.0,498259.0,105248.9,0.0,28.1,25.2,73,24.0,33.2,1725,11029,11870,15599,18791,18660,18631,11507,54846,3235
1782199852,1AC,102400000.0,102400000.0,13031741.0,12530288.0,1656551.6,1563795.6,415362.8,497229.9,105228.4,0.0,28.1,25.2,76,24.0,33.3,1725,11028,11871,15599,18792,18664,18631,11508,54852,3234
1782200153,1AC,102400000.0,102400000.0,12974728.0,12462885.0,1649825.4,1562873.0,414800.6,496214.2,105207.7,0.0,28.1,25.3,74,24.0,33.3,1726,11032,11873,15605,18800,18667,18639,11514,54872,3235
1782200453,1AC,102400000.0,102400000.0,12914671.0,12447660.0,1643469.4,1556082.6,414182.5,494639.1,105187.2,0.0,28.1,25.4,85,24.0,33.4,1725,11029,11873,15603,18793,18662,18633,11510,54855,3235
1782200753,1AC,102400000.0,102400000.0,12826789.0,12368107.0,1639037.0,1550807.1,411699.8,493086.6,105166.3,0.0,28.1,25.5,77,24.1,33.5,1725,11030,11872,15602,18794,18666,18634,11510,54852,3235
1782201054,1AC,102400000.0,102400000.0,12820124.0,12329985.0,1634846.5,1545520.9,412512.8,492502.2,105145.6,0.0,28.1,25.5,115,24.0,33.6,1726,11032,11874,15604,18795,18667,18635,11509,54864,3235
1782201354,1AC,102400000.0,102400000.0,12762459.0,12299187.0,1630368.4,1543133.6,411733.4,491240.2,105124.2,0.0,28.1,25.6,101,24.1,33.7,1725,11027,11869,15598,18785,18658,18626,11505,54831,3234
1782201655,1AC,102400000.0,102400000.0,12768033.0,12273961.0,1629065.0,1541601.5,410337.3,490729.2,105103.6,0.0,28.1,25.6,81,24.1,33.8,1725,11028,11872,15600,18791,18659,18630,11506,54847,3234
1782201952,1AC,102400000.0,102400000.0,12745752.0,12193984.0,1621063.9,1534237.9,409113.5,490091.4,105082.8,0.0,28.1,25.7,80,24.1,33.8,1725,11027,11871,15599,18793,18663,18634,11509,54848,3235
1782202253,1AC,102400000.0,102400000.0,12685355.0,12172456.0,1618681.9,1530501.4,408945.8,488896.5,105062.1,0.0,28.1,25.7,88,24.1,33.9,1725,11028,11870,15598,18788,18659,18629,11506,54841,3234
1782202554,1AC,102400000.0,102400000.0,12650651.0,12162740.0,1617196.9,1530033.9,408240.8,488271.7,105040.5,0.0,28.1,25.8,81,24.1,34.0,1725,11030,11873,15601,18797,18667,18636,11512,54863,3235
1782202854,1AC,102400000.0,102400000.0,12633037.0,12153404.0,1613132.4,1526184.5,407154.7,488131.7,105019.4,0.0,28.1,25.9,62,24.1,34.0,1725,11029,11873,15601,18791,18663,18629,11507,54846,3236
1782203155,1AC,102400000.0,102400000.0,12596389.0,12087095.0,1606218.9,1523216.4,406894.1,485679.6,104998.0,0.0,28.1,25.9,85,24.1,34.1,1725,11028,11872,15598,18790,18662,18630,11507,54845,3234
1782203455,1AC,102400000.0,102400000.0,12522301.0,12052411.0,1602538.0,1518073.9,405676.2,485695.4,104976.8,0.0,28.1,25.9,90,24.1,34.1,1725,11029,11872,15602,18789,18659,18630,11508,54835,3233
1782203752,1AC,102400000.0,102400000.0,12501549.0,12012959.0,1600327.1,1516539.9,405641.5,485372.7,104955.4,0.0,28.1,26.0,104,24.1,34.2,1725,11026,11871,15598,18792,18662,18630,11508,54844,3234
1782204053,1AC,102400000.0,102400000.0,12504549.0,12017523.0,1598586.1,1508822.5,405090.7,484626.1,104933.5,0.0,28.1,26.1,90,24.1,34.3,1725,11030,11875,15604,18793,18667,18635,11511,54860,3236
1782204353,1AC,102400000.0,102400000.0,12451292.0,11985608.0,1596587.0,1512591.5,404381.3,484026.9,104912.2,0.0,28.1,26.1,101,24.1,34.3,1726,11031,11874,15604,18797,18667,18639,11512,54868,3235
1782204654,1AC,102400000.0,102400000.0,12410420.0,11975257.0,1590505.6,1508552.0,404274.7,481964.5,104891.4,0.0,28.1,26.1,97,24.1,34.4,1726,11030,11874,15605,18795,18668,18634,11510,54856,3235
1782204954,1AC,102400000.0,102400000.0,12357813.0,11926557.0,1590751.6,1504781.6,403651.5,482074.6,104871.3,0.0,28.1,26.2,59,24.1,34.4,1725,11026,11871,15598,18789,18659,18630,11507,54844,3234
1782205255,1AC,102400000.0,102400000.0,12373599.0,11932091.0,1588231.0,1505427.0,402778.1,482181.1,104850.7,0.0,28.1,26.2,76,24.1,34.5,1725,11032,11874,15603,18792,18665,18630,11508,54849,3234
1782205555,1AC,102400000.0,102400000.0,12370493.0,11857035.0,1583751.1,1502933.6,402128.6,480820.7,104829.3,0.0,28.1,26.2,102,24.1,34.5,1726,11033,11876,15608,18802,18672,18641,11513,54868,3236
1782205855,1AC,102400000.0,102400000.0,12316073.0,11860675.0,1581793.9,1501028.6,401444.0,480533.8,104808.7,0.0,28.1,26.3,93,24.1,34.6,1725,11026,11869,15598,18791,18661,18629,11508,54841,3234
1782206152,1AC,102400000.0,102400000.0,12321041.0,11909845.0,1578841.6,1498121.6,401162.9,479441.6,104788.0,0.0,28.1,26.3,90,24.1,34.6,1725,11029,11874,15603,18791,18662,18631,11509,54848,3234
1782206453,1AC,102400000.0,102400000.0,12300471.0,11846999.0,1574924.5,1494424.0,400553.0,479327.4,104767.7,0.0,28.1,26.4,96,24.1,34.7,1725,11026,11870,15598,18787,18660,18626,11505,54834,3233
1782206753,1AC,102400000.0,102400000.0,12218701.0,11805405.0,1569579.9,1490080.1,399801.5,479106.7,104748.3,0.0,28.2,26.4,74,24.1,34.7,1725,11027,11871,15599,18789,18660,18630,11506,54843,3234
1782207053,1AC,102400000.0,102400000.0,12228321.0,11806385.0,1569910.4,1493617.5,399877.9,477722.9,104729.6,0.0,28.1,26.4,89,24.1,34.7,1725,11027,11872,15597,18791,18664,18630,11508,54848,3234
1782207353,1AC,102400000.0,102400000.0,12192296.0,11778019.0,1567384.5,1490139.6,399350.4,477344.8,104709.7,0.0,28.1,26.5,79,24.1,34.8,1725,11026,11872,15597,18793,18662,18632,11509,54849,3235
1782207654,1AC,102400000.0,102400000.0,12203511.0,11772320.0,1569468.1,1484356.9,399407.3,476727.5,104689.5,0.0,28.1,26.5,77,24.1,34.8,1725,11030,11874,15603,18797,18664,18636,11511,54856,3235
1782207954,1AC,102400000.0,102400000.0,12183880.0,11773925.0,1564695.0,1483459.4,398297.3,476528.5,104668.8,0.0,28.1,26.5,76,24.1,34.9,1727,11037,11880,15611,18801,18673,18642,11516,54883,3236
1782208255,1AC,102400000.0,102400000.0,12197733.0,11716619.0,1567346.9,1484880.5,398665.0,476594.4,104648.7,0.0,28.2,26.6,74,24.1,34.9,1725,11027,11873,15599,18792,18662,18632,11508,54854,3234
1782208555,1AC,102400000.0,102400000.0,12151879.0,11690443.0,1561111.0,1481520.6,398060.6,476017.5,104629.1,0.0,28.2,26.6,84,24.1,34.9,1725,11027,11870,15598,18787,18655,18628,11505,54833,3233
1782208852,1AC,102400000.0,102400000.0,12141279.0,11709020.0,1560338.6,1479609.4,397689.0,474725.4,104609.9,0.0,28.2,26.6,98,24.1,35.0,1725,11028,11873,15602,18793,18661,18631,11507,54847,3233
1782209153,1AC,102400000.0,102400000.0,12089119.0,11692265.0,1556988.1,1477739.0,396298.0,475154.6,104590.4,0.0,28.2,26.6,85,24.1,35.0,1725,11025,11870,15596,18787,18658,18628,11507,54844,3233
1782209453,1AC,102400000.0,102400000.0,12092136.0,11665588.0,1558826.4,1476503.6,397171.0,473782.8,104571.1,0.0,28.1,26.7,80,24.1,35.0,1725,11030,11872,15599,18790,18661,18630,11506,54848,3233
1782209754,1AC,102400000.0,102400000.0,12104864.0,11662064.0,1553725.1,1471731.4,395255.7,474221.6,104551.1,0.0,28.1,26.7,69,24.1,35.1,1724,11025,11870,15596,18788,18661,18631,11507,54843,3234
1782210054,1AC,102400000.0,102400000.0,12046175.0,11653901.0,1554145.4,1474569.5,395855.0,473710.9,104532.4,0.0,28.2,26.7,80,24.1,35.1,1725,11028,11871,15600,18791,18663,18633,11508,54845,3235
1782210354,1AC,102400000.0,102400000.0,12039540.0,11600091.0,1551884.5,1470926.5,396047.4,472944.7,104511.9,0.0,28.1,26.7,80,24.1,35.2,1725,11026,11871,15596,18789,18660,18629,11506,54835,3234
1782210655,1AC,102400000.0,102400000.0,12041227.0,11581739.0,1548111.9,1470807.4,395528.0,472780.0,104492.7,0.0,28.2,26.8,79,24.1,35.2,1725,11030,11873,15602,18793,18661,18631,11509,54843,3234
1782210955,1AC,102400000.0,102400000.0,12037060.0,11573061.0,1548742.1,1468694.4,394863.2,472167.1,104475.1,0.0,28.1,26.8,61,24.1,35.2,1726,11029,11872,15601,18790,18664,18632,11507,54850,3234
1782211252,1AC,102400000.0,102400000.0,12007733.0,11607132.0,1548336.0,1465299.4,395466.0,472095.6,104457.8,0.0,28.1,26.8,64,24.1,35.2,1726,11032,11875,15604,18794,18664,18633,11509,54853,3235
1782211553,1AC,102400000.0,102400000.0,12003321.0,11571288.0,1545316.5,1470857.0,393346.4,471659.4,104441.2,0.0,28.2,26.8,63,24.1,35.3,1725,11025,11870,15598,18783,18656,18625,11504,54832,3232
1782211853,1AC,102400000.0,102400000.0,11978813.0,11554073.0,1543390.9,1463532.9,394486.3,470729.2,104423.7,0.0,28.2,26.9,73,24.1,35.3,1725,11029,11874,15601,18790,18662,18631,11509,54848,3234
1782212154,1AC,102400000.0,102400000.0,11960065.0,11525089.0,1543928.4,1463589.9,393890.7,470378.2,104406.3,0.0,28.2,26.9,70,24.1,35.3,1725,11029,11873,15601,18794,18663,18631,11508,54847,3234
1782212454,1AC,102400000.0,102400000.0,11911136.0,11511097.0,1540499.0,1462259.9,394468.5,470367.1,104389.0,0.0,28.2,26.9,98,24.1,35.4,1725,11027,11871,15599,18791,18662,18634,11509,54855,3233
1782212754,1AC,102400000.0,102400000.0,11920372.0,11516935.0,1537760.0,1465195.1,392132.7,469469.9,104371.2,0.0,28.2,27.0,80,24.1,35.4,1725,11029,11873,15599,18792,18663,18632,11508,54850,3235
1782213055,1AC,102400000.0,102400000.0,11926788.0,11506184.0,1538024.5,1460021.1,393624.3,469991.2,104353.5,0.0,28.2,27.0,68,24.1,35.4,1725,11030,11875,15602,18795,18663,18634,11510,54857,3234
1782213355,1AC,102400000.0,102400000.0,11880411.0,11473701.0,1535712.9,1455957.5,392858.6,468898.4,104336.5,0.0,28.2,27.0,87,24.1,35.5,1724,11028,11869,15596,18786,18660,18627,11505,54834,3233
1782213652,1AC,102400000.0,102400000.0,11891681.0,11457369.0,1533837.4,1457430.6,391905.9,468620.1,104320.7,0.0,28.2,27.0,73,24.1,35.5,1726,11031,11876,15601,18795,18665,18636,11510,54860,3235
1782213952,1AC,102400000.0,102400000.0,11885137.0,11465720.0,1532292.9,1457586.9,392283.7,468116.3,104304.2,0.0,28.2,27.0,80,24.1,35.5,1725,11026,11872,15597,18790,18661,18630,11507,54841,3234
1782214253,1AC,102400000.0,102400000.0,11886588.0,11479055.0,1528475.4,1456142.9,390870.0,467922.3,104287.8,0.0,28.2,27.0,69,24.1,35.6,1725,11028,11872,15597,18785,18660,18628,11507,54829,3233
1782214553,1AC,102400000.0,102400000.0,11877236.0,11428148.0,1533263.9,1453520.0,390435.0,467970.0,104270.4,0.0,28.2,27.1,58,24.1,35.5,1725,11030,11874,15602,18787,18659,18628,11506,54841,3233
1782214854,1AC,102400000.0,102400000.0,11871913.0,11424235.0,1526034.4,1453941.6,390406.0,467020.6,104253.0,0.0,28.2,27.1,82,24.1,35.6,1725,11025,11868,15593,18784,18653,18625,11504,54829,3232
1782215154,1AC,102400000.0,102400000.0,11834891.0,11432452.0,1527611.1,1451621.0,389755.1,466937.5,104235.6,0.0,28.2,27.1,77,24.1,35.6,1725,11025,11869,15595,18786,18656,18627,11504,54832,3234
1782215454,1AC,102400000.0,102400000.0,11814223.0,11411904.0,1523544.1,1449195.1,389915.7,465869.3,104217.0,0.0,28.2,27.1,70,24.1,35.6,1725,11033,11875,15604,18795,18665,18634,11510,54862,3235
1782215755,1AC,102400000.0,102400000.0,11835293.0,11403415.0,1523635.1,1450235.5,389462.5,466426.1,104200.5,0.0,28.2,27.2,69,24.1,35.7,1726,11030,11875,15602,18791,18660,18631,11509,54853,3234
1782216055,1AC,102400000.0,102400000.0,11793739.0,11409616.0,1522498.0,1448401.6,389462.0,465858.2,104184.1,0.0,28.2,27.2,85,24.1,35.7,1725,11029,11874,15600,18791,18664,18633,11510,54854,3234
1782216352,1AC,102400000.0,102400000.0,11795228.0,11369407.0,1520213.4,1447520.5,389265.8,465806.5,104166.6,0.0,28.2,27.2,90,24.1,35.7,1726,11029,11876,15603,18797,18664,18636,11511,54865,3235
1782216653,1AC,102400000.0,102400000.0,11805773.0,11373316.0,1522898.6,1446638.1,388641.2,465757.9,104149.6,0.0,28.2,27.2,70,24.1,35.7,1726,11032,11875,15605,18791,18664,18633,11508,54853,3235
1782216954,1AC,102400000.0,102400000.0,11775317.0,11325089.0,1519797.5,1445323.6,388846.1,465006.6,104132.1,0.0,28.2,27.2,57,24.1,35.8,1725,11028,11873,15602,18790,18658,18628,11507,54839,3233
1782217254,1AC,102400000.0,102400000.0,11752955.0,11365705.0,1520803.0,1443178.5,387253.2,464648.5,104114.6,0.0,28.2,27.3,70,24.1,35.8,1725,11024,11869,15596,18779,18648,18620,11500,54815,3232
1782217554,1AC,102400000.0,102400000.0,11773669.0,11344611.0,1520632.0,1441004.5,387960.7,464505.2,104099.1,0.0,28.2,27.3,79,24.1,35.9,1726,11031,11875,15603,18794,18663,18632,11509,54858,3234
1782217855,1AC,102400000.0,102400000.0,11721401.0,11320285.0,1517740.5,1440692.1,387588.2,464616.4,104084.2,0.0,28.2,27.3,54,24.1,35.8,1725,11025,11871,15599,18782,18653,18626,11503,54823,3232
1782218155,1AC,102400000.0,102400000.0,11722471.0,11337992.0,1518702.4,1439112.9,387547.2,463351.4,104068.5,0.0,28.2,27.3,62,24.1,35.8,1725,11030,11873,15601,18789,18660,18631,11508,54848,3234
1782218452,1AC,102400000.0,102400000.0,11735844.0,11324799.0,1517985.1,1442103.4,387657.2,463890.0,104053.5,0.0,28.2,27.3,80,24.1,35.9,1725,11029,11871,15597,18787,18661,18629,11507,54834,3233
1782218753,1AC,102400000.0,102400000.0,11699684.0,11298216.0,1513325.9,1440158.6,386950.1,463597.8,104039.3,0.0,28.2,27.3,56,24.1,35.9,1725,11027,11870,15595,18787,18661,18631,11507,54842,3233
1782219053,1AC,102400000.0,102400000.0,11711299.0,11302187.0,1511603.6,1435993.6,387437.3,462827.4,104023.6,0.0,28.2,27.3,70,24.2,35.9,1726,11032,11875,15604,18790,18662,18630,11508,54846,3235
1782219354,1AC,102400000.0,102400000.0,11693971.0,11286271.0,1516059.9,1436146.4,385866.6,463168.3,104006.6,0.0,28.2,27.4,94,24.1,35.9,1725,11027,11871,15596,18782,18655,18624,11505,54828,3232
1782219654,1AC,102400000.0,102400000.0,11671012.0,11294975.0,1513310.4,1435273.4,386278.7,461767.3,103989.9,0.0,28.2,27.4,56,24.1,36.0,1725,11027,11872,15597,18787,18660,18630,11507,54846,3233
1782219955,1AC,102400000.0,102400000.0,11671117.0,11274867.0,1512749.5,1433890.4,386291.6,462402.8,103974.8,0.0,28.2,27.4,50,24.1,36.0,1725,11025,11870,15595,18787,18657,18628,11504,54843,3233
1782220255,1AC,102400000.0,102400000.0,11666093.0,11256976.0,1509985.6,1433095.6,386226.7,461487.3,103959.3,0.0,28.2,27.4,79,24.2,36.0,1725,11026,11871,15598,18787,18656,18628,11504,54838,3233
1782220552,1AC,102400000.0,102400000.0,11636328.0,11251093.0,1509873.0,1432892.5,386006.9,461816.3,103944.4,0.0,28.2,27.4,57,24.1,36.1,1725,11028,11873,15601,18789,18656,18629,11507,54848,3233
1782220852,1AC,102400000.0,102400000.0,11650125.0,11261773.0,1509303.5,1431775.0,385371.8,461074.4,103929.5,0.0,28.2,27.5,84,24.1,36.1,1725,11024,11869,15594,18786,18653,18627,11506,54826,3233
1782221153,1AC,102400000.0,102400000.0,11629928.0,11229856.0,1506762.0,1430461.9,385231.2,461250.4,103914.5,0.0,28.2,27.5,79,24.2,36.1,1725,11024,11870,15595,18787,18659,18628,11507,54845,3234
1782221454,1AC,102400000.0,102400000.0,11615843.0,11210085.0,1507228.4,1428596.6,384798.8,461456.8,103899.0,0.0,28.2,27.5,71,24.1,36.1,1726,11030,11874,15602,18793,18663,18631,11509,54851,3235
1782221755,1AC,102400000.0,102400000.0,11612357.0,11240432.0,1506195.9,1430871.9,384640.5,460455.0,103884.5,0.0,28.2,27.5,54,24.1,36.1,1725,11027,11872,15597,18792,18659,18631,11507,54848,3234
1782222055,1AC,102400000.0,102400000.0,11607964.0,11230079.0,1505465.1,1427190.5,385236.4,460585.0,103868.7,0.0,28.2,27.5,82,24.1,36.1,1727,11031,11875,15603,18794,18666,18635,11511,54860,3234
1782222352,1AC,102400000.0,102400000.0,11594947.0,11192768.0,1504924.1,1429292.0,385532.8,460608.7,103853.6,0.0,28.2,27.6,50,24.2,36.2,1726,11026,11872,15598,18792,18659,18632,11508,54852,3233
1782222652,1AC,102400000.0,102400000.0,11590267.0,11215919.0,1503278.0,1428637.1,384825.8,459324.3,103838.8,0.0,28.2,27.6,84,24.2,36.2,1726,11029,11874,15600,18796,18664,18636,11510,54860,3234
1782222953,1AC,102400000.0,102400000.0,11568656.0,11184585.0,1505382.5,1426094.4,384361.5,458468.5,103823.5,0.0,28.2,27.6,55,24.1,36.2,1726,11030,11876,15605,18793,18663,18634,11509,54859,3234
1782223253,1AC,102400000.0,102400000.0,11592083.0,11199971.0,1504100.5,1430834.9,384481.5,460463.8,103807.9,0.0,28.2,27.6,80,24.1,36.2,1726,11028,11873,15599,18789,18657,18630,11507,54843,3233
1782223553,1AC,102400000.0,102400000.0,11580383.0,11180215.0,1501356.9,1430542.4,384582.0,459728.2,103792.5,0.0,28.2,27.6,76,24.1,36.2,1725,11025,11870,15597,18789,18657,18632,11507,54846,3234
1782223853,1AC,102400000.0,102400000.0,11552567.0,11184933.0,1499217.9,1425177.6,383534.6,458777.7,103775.6,0.0,28.2,27.6,68,24.2,36.3,1726,11029,11875,15604,18793,18660,18632,11509,54854,3234
1782224154,1AC,102400000.0,102400000.0,11569525.0,11171339.0,1500017.0,1426196.6,383353.0,459156.0,103758.8,0.0,28.2,27.6,78,24.1,36.3,1726,11030,11877,15607,18798,18665,18636,11511,54864,3235
1782224454,1AC,102400000.0,102400000.0,11587056.0,11156937.0,1499012.5,1425213.5,384072.0,458856.4,103742.5,0.0,28.2,27.7,75,24.1,36.3,1725,11025,11872,15598,18787,18656,18625,11505,54842,3233
1782224754,1AC,102400000.0,102400000.0,11570404.0,11173917.0,1498669.6,1423922.4,383552.8,458264.4,103725.6,0.0,28.2,27.7,52,24.1,36.3,1725,11029,11874,15602,18792,18661,18629,11509,54848,3234
1782225054,1AC,102400000.0,102400000.0,11542204.0,11150383.0,1498163.1,1425979.6,383622.7,458604.4,103708.9,0.0,28.2,27.7,75,24.1,36.3,1725,11026,11872,15601,18790,18660,18633,11509,54843,3235
1782225355,1AC,102400000.0,102400000.0,11543336.0,11144696.0,1501602.4,1423098.6,383751.6,458229.1,103692.3,0.0,28.2,27.7,57,24.1,36.3,1725,11025,11870,15597,18792,18658,18631,11507,54848,3233
1782225652,1AC,102400000.0,102400000.0,11558743.0,11151341.0,1498941.4,1425272.6,383608.2,458076.0,103676.4,0.0,28.2,27.7,57,24.1,36.3,1725,11024,11868,15595,18783,18653,18625,11503,54826,3233
1782225953,1AC,102400000.0,102400000.0,11516227.0,11156013.0,1499074.0,1423641.9,383308.4,457531.2,103660.6,0.0,28.2,27.7,72,24.1,36.4,1726,11025,11870,15599,18788,18655,18627,11506,54832,3233
1782226253,1AC,102400000.0,102400000.0,11530444.0,11143571.0,1501150.9,1424651.0,383530.2,458741.1,103644.0,0.0,28.2,27.7,70,24.1,36.4,1726,11029,11876,15606,18798,18663,18638,11512,54861,3235
1782226553,1AC,102400000.0,102400000.0,11535415.0,11158229.0,1498065.0,1425621.1,383207.2,457342.0,103628.3,0.0,28.2,27.8,70,24.1,36.4,1726,11025,11871,15598,18791,18660,18632,11509,54849,3234
1782226853,1AC,102400000.0,102400000.0,11553965.0,11189093.0,1499862.6,1420369.6,383066.9,458370.8,103613.5,0.0,28.2,27.8,91,24.1,36.5,1726,11031,11875,15605,18797,18666,18636,11511,54863,3235
1782227153,1AC,102400000.0,102400000.0,11522817.0,11165627.0,1497479.1,1426801.4,383495.9,457458.5,103598.6,0.0,28.2,27.8,59,24.1,36.5,1726,11029,11876,15605,18794,18662,18635,11510,54858,3236
1782227454,1AC,102400000.0,102400000.0,11549032.0,11152335.0,1497937.6,1424506.4,383441.5,457527.6,103582.4,0.0,28.1,27.8,46,24.1,36.4,1726,11030,11874,15603,18794,18663,18633,11510,54853,3235
1782227755,1AC,102400000.0,102400000.0,11517932.0,11165516.0,1499747.1,1424959.9,383398.2,458269.9,103568.2,0.0,28.1,27.8,67,24.1,36.5,1725,11026,11871,15601,18790,18661,18630,11508,54846,3234
1782228055,1AC,102400000.0,102400000.0,11504319.0,11149107.0,1498591.6,1423077.1,383467.5,457158.2,103553.4,0.0,28.1,27.8,93,24.1,36.5,1725,11025,11870,15598,18788,18658,18628,11506,54837,3234
1782228352,1AC,102400000.0,102400000.0,11499851.0,11161376.0,1497476.1,1425620.1,383274.0,457486.0,103538.6,0.0,28.1,27.8,90,24.1,36.5,1725,11026,11869,15600,18786,18657,18626,11505,54830,3233
1782228652,1AC,102400000.0,102400000.0,11504732.0,11131667.0,1497869.4,1423820.6,382985.3,456512.4,103524.2,0.0,28.1,27.8,46,24.1,36.5,1726,11029,11873,15602,18792,18661,18634,11510,54848,3236
1782228953,1AC,102400000.0,102400000.0,11535608.0,11153611.0,1497421.9,1421621.0,382551.8,457819.2,103510.9,0.0,28.1,27.9,68,24.1,36.6,1726,11029,11872,15602,18790,18662,18633,11510,54845,3234
1782229253,1AC,102400000.0,102400000.0,11505264.0,11135455.0,1497274.4,1423790.5,382716.5,456873.8,103496.5,0.0,28.1,27.9,40,24.1,36.5,1725,11027,11871,15598,18791,18657,18629,11506,54831,3234
1782229553,1AC,102400000.0,102400000.0,11496905.0,11130225.0,1496797.6,1423750.4,383225.0,457296.6,103485.2,0.0,28.1,27.9,91,24.1,36.6,1725,11026,11870,15599,18799,18665,18637,11510,54860,3235
1782229854,1AC,102400000.0,102400000.0,11510335.0,11131728.0,1498432.4,1421439.9,382546.9,455882.0,103473.3,0.0,28.1,27.9,72,24.1,36.6,1725,11031,11875,15607,18799,18668,18639,11514,54871,3236
1782230154,1AC,102400000.0,102400000.0,11462607.0,11145027.0,1494695.4,1421871.6,382433.2,456532.6,103459.4,0.0,28.1,27.9,79,24.0,36.6,1725,11027,11871,15599,18788,18658,18629,11507,54842,3234
1782230454,1AC,102400000.0,102400000.0,11478132.0,11133903.0,1500457.5,1424490.4,381168.9,456513.4,103445.5,0.0,28.1,27.9,85,24.1,36.6,1726,11028,11873,15604,18793,18663,18632,11508,54851,3234
1782230755,1AC,102400000.0,102400000.0,11472364.0,11129188.0,1495514.0,1420452.9,383056.5,455559.2,103431.4,0.0,28.1,28.0,50,24.1,36.7,1726,11031,11874,15604,18795,18662,18633,11509,54856,3235
1782231055,1AC,102400000.0,102400000.0,11491429.0,11110813.0,1496101.6,1419917.1,382927.5,455217.8,103418.1,0.0,28.1,28.0,57,24.0,36.7,1724,11022,11867,15595,18781,18651,18623,11501,54819,3232
1782231352,1AC,102400000.0,102400000.0,11484987.0,11115671.0,1495296.4,1416997.0,382025.6,455446.6,103404.5,0.0,28.1,28.0,67,24.0,36.7,1725,11027,11872,15601,18794,18660,18633,11510,54842,3234
1782231652,1AC,102400000.0,102400000.0,11495996.0,11086519.0,1495820.1,1418707.0,382156.2,456444.2,103391.1,0.0,28.1,28.0,67,24.1,36.7,1725,11025,11868,15600,18789,18658,18628,11506,54839,3235
1782231953,1AC,102400000.0,102400000.0,11466012.0,11115249.0,1493632.1,1417641.5,380970.8,455677.2,103377.4,0.0,28.1,28.0,77,24.0,36.7,1725,11026,11871,15602,18791,18661,18633,11510,54853,3235
1782232253,1AC,102400000.0,102400000.0,11474004.0,11112367.0,1496385.1,1419809.6,381950.8,456042.4,103364.4,0.0,28.1,28.0,84,24.0,36.7,1726,11030,11873,15602,18795,18663,18635,11510,54853,3235
1782232554,1AC,102400000.0,102400000.0,11471913.0,11098417.0,1494341.6,1421830.5,381732.3,455810.2,103352.6,0.0,28.1,28.0,72,24.0,36.7,1725,11025,11868,15599,18787,18656,18625,11505,54840,3234
1782232854,1AC,102400000.0,102400000.0,11462936.0,11108581.0,1496916.5,1417746.4,381049.2,455233.0,103339.7,0.0,28.1,28.0,61,24.0,36.7,1725,11023,11867,15597,18783,18654,18624,11504,54826,3234
1782233155,1AC,102400000.0,102400000.0,11487753.0,11108406.0,1496688.4,1419121.5,381213.8,455487.9,103327.8,0.0,28.1,28.0,45,24.0,36.8,1725,11024,11866,15597,18790,18660,18629,11506,54836,3233
1782233455,1AC,102400000.0,102400000.0,11438955.0,11092911.0,1492435.1,1418491.9,380883.8,454919.3,103315.5,0.0,28.1,28.0,47,24.0,36.8,1725,11028,11871,15603,18793,18660,18631,11508,54850,3234
1782233752,1AC,102400000.0,102400000.0,11457993.0,11110851.0,1492281.0,1419161.0,380275.5,454898.8,103303.3,0.0,28.1,28.0,44,24.0,36.8,1725,11027,11871,15603,18789,18657,18629,11506,54836,3234
1782234053,1AC,102400000.0,102400000.0,11445805.0,11094680.0,1494486.9,1417338.4,381416.0,454459.5,103291.1,0.0,28.1,28.1,74,24.0,36.8,1725,11025,11869,15598,18786,18657,18627,11503,54832,3233
1782234353,1AC,102400000.0,102400000.0,11436293.0,11102163.0,1490716.5,1418966.5,380535.9,454377.1,103279.9,0.0,28.1,28.1,71,24.0,36.8,1726,11029,11874,15602,18794,18663,18635,11511,54855,3236
1782234653,1AC,102400000.0,102400000.0,11426212.0,11098801.0,1493463.9,1422232.1,380579.3,454612.0,103268.7,0.0,28.1,28.1,61,24.0,36.8,1725,11026,11868,15600,18788,18659,18631,11506,54842,3235
1782234954,1AC,102400000.0,102400000.0,11425800.0,11082503.0,1490153.6,1416857.0,379945.7,454361.9,103256.9,0.0,28.1,28.1,67,24.0,36.9,1724,11024,11865,15594,18789,18656,18627,11505,54826,3236
1782235255,1AC,102400000.0,102400000.0,11436544.0,11097879.0,1492434.6,1416540.4,380333.8,454318.5,103245.1,0.0,28.1,28.1,66,24.0,36.9,1724,11022,11865,15592,18781,18652,18622,11503,54829,3232
1782235555,1AC,102400000.0,102400000.0,11443665.0,11104651.0,1491863.9,1417919.4,381007.5,454384.5,103234.3,0.0,28.1,28.1,56,24.0,36.9,1725,11025,11869,15601,18790,18659,18630,11507,54839,3233
1782235852,1AC,102400000.0,102400000.0,11376136.0,11075993.0,1490121.4,1414107.0,379746.2,453605.4,103223.5,0.0,28.1,28.1,88,24.0,36.9,1725,11028,11872,15603,18796,18666,18637,11510,54859,3234
1782236152,1AC,102400000.0,102400000.0,11374175.0,11092031.0,1493087.4,1415194.6,379297.1,454274.2,103213.9,0.0,28.1,28.1,51,24.0,37.0,1725,11023,11867,15597,18783,18654,18623,11502,54821,3234
1782236453,1AC,102400000.0,102400000.0,11417964.0,11060587.0,1491359.0,1415784.1,379602.2,453257.1,103204.1,0.0,28.1,28.2,53,24.0,36.9,1725,11027,11871,15601,18787,18656,18628,11505,54833,3233
1782236753,1AC,102400000.0,102400000.0,11393611.0,11061077.0,1487246.5,1415947.1,380003.5,453654.8,103194.0,0.0,28.1,28.2,79,24.1,36.9,1725,11028,11873,15603,18794,18663,18632,11508,54842,3234
1782237054,1AC,102400000.0,102400000.0,11384293.0,11064487.0,1488710.4,1415238.6,379623.6,453623.0,103186.7,0.0,28.1,28.2,75,24.0,36.9,1725,11028,11872,15601,18789,18662,18632,11508,54848,3233
1782237354,1AC,102400000.0,102400000.0,11362629.0,11046728.0,1489954.4,1414174.1,379189.2,452979.6,103177.4,0.0,28.1,28.2,50,24.1,37.0,1726,11028,11872,15603,18793,18665,18633,11510,54857,3234
1782237655,1AC,102400000.0,102400000.0,11359785.0,11054799.0,1487370.5,1411049.1,379546.8,452393.2,103170.9,0.0,28.1,28.2,47,24.1,37.0,1725,11027,11872,15602,18793,18663,18633,11510,54853,3233
1782237955,1AC,102400000.0,102400000.0,11348196.0,11031641.0,1486047.0,1413524.0,379321.9,452039.0,103164.8,0.0,28.2,28.2,56,24.1,37.0,1724,11019,11863,15592,18782,18650,18621,11502,54820,3232
1782238252,1AC,102400000.0,102400000.0,11361204.0,11052436.0,1485534.4,1411639.5,379279.9,451803.9,103158.5,0.0,28.2,28.2,82,24.1,37.0,1725,11025,11870,15597,18790,18660,18628,11507,54844,3234
1782238552,1AC,102400000.0,102400000.0,11342116.0,11031658.0,1483337.6,1409858.1,378934.5,451729.4,103151.0,0.0,28.2,28.2,85,24.1,37.0,1725,11025,11870,15598,18790,18659,18629,11507,54832,3233
1782238853,1AC,102400000.0,102400000.0,11332192.0,10991921.0,1481144.4,1408745.0,378178.1,452057.2,103143.5,0.0,28.2,28.3,64,24.1,37.0,1725,11027,11871,15598,18788,18656,18630,11507,54832,3233
1782239153,1AC,102400000.0,102400000.0,11330912.0,10977191.0,1478073.4,1407726.6,377549.1,452324.3,103135.1,0.0,28.2,28.2,30,24.1,37.0,1724,11024,11870,15596,18788,18661,18627,11507,54842,3233
1782239453,1AC,102400000.0,102400000.0,11335001.0,10977790.0,1480047.6,1403470.0,377322.1,450780.1,103126.0,0.0,28.2,28.2,68,24.1,37.0,1725,11023,11867,15594,18786,18655,18626,11503,54822,3232
1782239753,1AC,102400000.0,102400000.0,11288023.0,10949417.0,1482033.4,1404741.9,377420.5,450520.5,103116.9,0.0,28.2,28.2,60,24.1,37.0,1725,11026,11871,15599,18788,18656,18627,11505,54834,3233
1782240053,1AC,102400000.0,102400000.0,11276125.0,10970347.0,1480767.4,1404113.6,377568.7,450181.8,103107.0,0.0,28.2,28.3,63,24.2,37.1,1725,11027,11873,15600,18790,18660,18631,11508,54836,3234
1782240353,1AC,102400000.0,102400000.0,11284175.0,10949488.0,1477507.1,1405063.4,376897.2,450503.8,103097.4,0.0,28.2,28.3,70,24.1,37.1,1726,11029,11874,15602,18792,18663,18633,11509,54854,3234
1782240654,1AC,102400000.0,102400000.0,11285335.0,10951303.0,1477831.9,1406531.0,376596.5,450135.8,103087.4,0.0,28.2,28.3,53,24.1,37.1,1726,11030,11875,15602,18798,18664,18635,11509,54851,3234
1782240954,1AC,102400000.0,102400000.0,11271687.0,10939056.0,1476194.6,1400604.5,376811.3,450168.2,103075.7,0.0,28.2,28.3,48,24.1,37.1,1725,11025,11872,15598,18792,18659,18631,11507,54832,3233
1782241254,1AC,102400000.0,102400000.0,11248459.0,10940341.0,1475449.5,1402568.5,376480.5,449840.8,103064.3,0.0,28.2,28.3,82,24.2,37.1,1726,11028,11873,15601,18791,18661,18631,11507,54853,3234
1782241554,1AC,102400000.0,102400000.0,11265585.0,10938421.0,1478678.1,1402607.6,376417.5,449112.3,103053.9,0.0,28.2,28.3,86,24.1,37.1,1725,11028,11874,15601,18789,18660,18633,11509,54846,3233
1782241854,1AC,102400000.0,102400000.0,11254159.0,10924963.0,1476450.9,1404905.6,376925.2,449242.0,103043.1,0.0,28.2,28.3,67,24.1,37.1,1725,11028,11873,15601,18790,18659,18630,11507,54845,3233
1782242155,1AC,102400000.0,102400000.0,11236304.0,10900787.0,1475329.0,1401230.0,375674.2,449000.0,103033.0,0.0,28.2,28.3,72,24.2,37.2,1725,11029,11873,15598,18793,18664,18632,11509,54842,3233
1782242455,1AC,102400000.0,102400000.0,11252835.0,10897603.0,1476720.9,1401141.0,376282.0,449200.6,103022.9,0.0,28.2,28.4,77,24.2,37.2,1725,11026,11870,15596,18783,18654,18625,11503,54823,3233
1782242752,1AC,102400000.0,102400000.0,11249100.0,10907636.0,1471494.9,1397916.1,375516.8,448811.4,103013.1,0.0,28.2,28.4,67,24.1,37.2,1725,11028,11873,15597,18787,18660,18627,11506,54832,3232
1782243052,1AC,102400000.0,102400000.0,11226741.0,10898077.0,1474119.6,1398072.1,376115.4,449874.7,103003.2,0.0,28.2,28.4,77,24.2,37.2,1726,11029,11873,15600,18790,18665,18633,11508,54848,3235
1782243353,1AC,102400000.0,102400000.0,11214941.0,10902309.0,1476496.5,1399480.6,375733.5,448536.0,102993.3,0.0,28.2,28.4,58,24.2,37.2,1725,11024,11868,15596,18781,18654,18622,11504,54817,3232
1782243653,1AC,102400000.0,102400000.0,11226243.0,10874077.0,1472415.9,1399690.6,375429.9,448701.2,102982.6,0.0,28.2,28.4,54,24.2,37.2,1725,11027,11871,15597,18790,18661,18632,11509,54851,3234
1782243954,1AC,102400000.0,102400000.0,11217787.0,10899168.0,1473695.4,1397590.1,375624.8,448676.1,102970.9,0.0,28.2,28.4,52,24.2,37.2,1725,11028,11872,15598,18794,18666,18633,11510,54851,3233
1782244254,1AC,102400000.0,102400000.0,11211427.0,10880983.0,1471901.5,1398224.0,375742.6,448912.4,102959.3,0.0,28.2,28.4,59,24.2,37.2,1725,11030,11875,15601,18793,18666,18634,11509,54859,3234
1782244555,1AC,102400000.0,102400000.0,11233980.0,10910285.0,1471125.5,1398417.6,376073.1,448143.9,102948.4,0.0,28.2,28.4,47,24.2,37.2,1725,11021,11866,15590,18782,18655,18624,11505,54825,3232
1782244855,1AC,102400000.0,102400000.0,11212717.0,10895329.0,1474409.9,1399312.9,374805.1,448371.2,102938.1,0.0,28.2,28.4,64,24.2,37.3,1725,11027,11871,15596,18786,18656,18628,11506,54834,3234
1782245152,1AC,102400000.0,102400000.0,11207159.0,10854451.0,1473446.6,1399696.0,375099.1,448018.6,102927.0,0.0,28.2,28.4,75,24.2,37.3,1725,11027,11872,15599,18789,18656,18626,11506,54830,3234
1782245452,1AC,102400000.0,102400000.0,11216937.0,10853205.0,1472927.0,1398369.6,375417.1,447667.5,102917.4,0.0,28.2,28.4,50,24.1,37.3,1725,11021,11868,15592,18783,18651,18622,11505,54823,3232
1782245752,1AC,102400000.0,102400000.0,11181365.0,10856269.0,1472987.9,1396664.6,375401.6,447857.6,102906.8,0.0,28.2,28.4,67,24.2,37.3,1725,11024,11871,15595,18780,18651,18620,11501,54823,3233
1782246053,1AC,102400000.0,102400000.0,11208139.0,10861819.0,1470296.1,1396477.1,374834.3,447908.9,102895.7,0.0,28.2,28.5,63,24.2,37.3,1725,11027,11872,15597,18787,18658,18630,11505,54834,3233
1782246353,1AC,102400000.0,102400000.0,11213720.0,10861539.0,1469922.4,1397929.1,374756.4,447465.8,102885.4,0.0,28.2,28.5,62,24.2,37.3,1725,11028,11874,15599,18792,18660,18632,11509,54854,3234
1782246654,1AC,102400000.0,102400000.0,11171603.0,10870724.0,1473774.6,1398640.1,375044.1,447264.1,102875.3,0.0,28.2,28.5,53,24.2,37.3,1725,11022,11868,15591,18780,18648,18621,11502,54810,3231
1782246954,1AC,102400000.0,102400000.0,11180463.0,10834335.0,1469776.0,1397554.4,374374.7,447347.3,102863.6,0.0,28.2,28.5,55,24.2,37.4,1725,11023,11869,15595,18787,18658,18628,11507,54841,3233
1782247254,1AC,102400000.0,102400000.0,11182789.0,10811668.0,1470762.4,1395008.0,374513.6,447221.9,102854.5,0.0,28.2,28.5,48,24.2,37.3,1724,11021,11866,15588,18777,18649,18619,11500,54811,3233
1782247555,1AC,102400000.0,102400000.0,11182551.0,10835173.0,1469577.6,1396624.9,374548.6,447023.2,102845.3,0.0,28.2,28.5,63,24.2,37.4,1725,11025,11869,15596,18787,18660,18627,11507,54841,3233
1782247855,1AC,102400000.0,102400000.0,11180965.0,10811923.0,1471272.1,1395111.9,374117.4,447468.7,102834.5,0.0,28.2,28.5,43,24.2,37.4,1725,11025,11871,15597,18783,18654,18626,11505,54826,3233
1782248152,1AC,102400000.0,102400000.0,11179173.0,10838387.0,1470728.1,1397632.6,374526.6,447243.0,102824.7,0.0,28.2,28.5,44,24.2,37.4,1725,11027,11873,15603,18787,18659,18629,11508,54842,3234
1782248452,1AC,102400000.0,102400000.0,11166391.0,10798925.0,1466722.9,1396455.1,374429.9,446131.1,102815.5,0.0,28.2,28.5,76,24.2,37.4,1725,11026,11872,15601,18787,18658,18629,11509,54837,3233
1782248753,1AC,102400000.0,102400000.0,11156803.0,10779615.0,1472609.1,1397160.5,373201.2,445513.8,102809.5,0.0,28.2,28.5,68,24.2,37.4,1725,11019,11866,15590,18780,18651,18620,11501,54812,3232
1782249053,1AC,102400000.0,102400000.0,11152548.0,10834160.0,1468466.5,1392919.1,373830.8,446168.6,102802.9,0.0,28.2,28.5,23,24.2,37.4,1725,11026,11871,15599,18784,18656,18625,11504,54822,3232
1782249353,1AC,102400000.0,102400000.0,11170941.0,10803767.0,1466335.4,1394266.6,374004.8,446392.9,102794.3,0.0,28.2,28.5,62,24.2,37.4,1724,11021,11867,15591,18779,18654,18622,11503,54815,3233
1782249654,1AC,102400000.0,102400000.0,11149875.0,10815609.0,1467388.0,1392639.1,373988.3,445282.3,102786.7,0.0,28.2,28.5,67,24.2,37.5,1725,11022,11868,15594,18781,18652,18621,11503,54814,3232
1782249954,1AC,102400000.0,102400000.0,11161184.0,10790820.0,1465750.0,1393933.4,373358.5,445085.5,102777.8,0.0,28.2,28.6,58,24.2,37.4,1725,11025,11870,15595,18782,18653,18624,11506,54828,3232
1782250255,1AC,102400000.0,102400000.0,11152595.0,10755005.0,1466501.1,1394392.9,374083.7,445555.6,102769.5,0.0,28.3,28.6,81,24.2,37.4,1725,11023,11870,15596,18781,18653,18624,11504,54825,3233
1782250555,1AC,102400000.0,102400000.0,11106405.0,10751988.0,1463806.1,1392329.0,373465.8,445332.4,102761.5,0.0,28.3,28.6,66,24.2,37.5,1725,11025,11871,15597,18789,18662,18630,11507,54845,3234
1782250852,1AC,102400000.0,102400000.0,11099059.0,10750673.0,1464792.9,1393843.9,372747.3,444543.2,102752.8,0.0,28.3,28.6,50,24.2,37.5,1725,11021,11867,15590,18782,18655,18626,11504,54834,3234
1782251152,1AC,102400000.0,102400000.0,11094173.0,10736727.0,1462577.1,1393219.9,373057.9,444734.5,102743.2,0.0,28.3,28.6,45,24.2,37.5,1724,11020,11868,15592,18779,18648,18621,11502,54809,3233
1782251453,1AC,102400000.0,102400000.0,11100841.0,10751884.0,1463556.0,1388650.5,373187.3,444735.3,102734.9,0.0,28.3,28.6,56,24.2,37.5,1725,11024,11871,15594,18785,18654,18628,11506,54832,3233
1782251753,1AC,102400000.0,102400000.0,11096827.0,10739840.0,1464486.1,1392305.5,372712.7,444140.6,102726.0,0.0,28.3,28.6,57,24.2,37.5,1725,11028,11873,15597,18787,18657,18628,11505,54834,3232
1782252053,1AC,102400000.0,102400000.0,11073517.0,10721692.0,1467968.6,1390328.6,372515.3,444373.5,102716.7,0.0,28.3,28.6,67,24.2,37.5,1725,11022,11868,15594,18785,18652,18625,11506,54824,3234
1782252354,1AC,102400000.0,102400000.0,11050153.0,10718683.0,1462988.6,1392797.0,372789.0,444238.6,102708.1,0.0,28.3,28.6,39,24.2,37.5,1726,11027,11872,15596,18788,18658,18630,11508,54837,3233
1782252654,1AC,102400000.0,102400000.0,11071968.0,10729692.0,1461954.9,1391624.4,372275.1,444176.5,102698.2,0.0,28.3,28.6,54,24.2,37.6,1726,11029,11876,15600,18788,18660,18629,11508,54840,3234
1782252955,1AC,102400000.0,102400000.0,11040262.0,10734479.0,1462653.1,1386583.0,372642.2,444245.2,102689.3,0.0,28.3,28.6,53,24.2,37.5,1725,11026,11872,15599,18789,18657,18629,11508,54832,3233
1782253255,1AC,102400000.0,102400000.0,11042496.0,10725936.0,1461823.1,1388172.4,372082.8,443529.3,102680.4,0.0,28.3,28.6,67,24.2,37.5,1726,11028,11875,15601,18791,18662,18632,11510,54848,3234
1782253552,1AC,102400000.0,102400000.0,11049359.0,10717992.0,1463717.5,1392010.2,372122.7,443285.0,102670.9,0.0,28.3,28.6,74,24.2,37.6,1726,11030,11876,15604,18795,18668,18635,11511,54852,3234
1782253853,1AC,102400000.0,102400000.0,11051053.0,10719035.0,1462587.5,1387667.6,372893.8,443778.0,102662.2,0.0,28.3,28.7,55,24.2,37.6,1726,11030,11876,15603,18796,18665,18634,11512,54846,3235
1782254153,1AC,102400000.0,102400000.0,11073955.0,10701009.0,1460875.9,1389805.4,372242.6,444411.4,102654.0,0.0,28.3,28.7,75,24.2,37.6,1726,11028,11873,15603,18788,18660,18629,11508,54841,3233
1782254454,1AC,102400000.0,102400000.0,11021927.0,10698373.0,1464121.6,1388362.9,371750.6,443096.0,102646.4,0.0,28.3,28.7,61,24.2,37.6,1725,11026,11873,15599,18793,18659,18632,11510,54845,3234
1782254754,1AC,102400000.0,102400000.0,11031831.0,10686663.0,1463439.5,1389709.6,372062.0,444039.0,102637.9,0.0,28.3,28.7,56,24.2,37.6,1726,11031,11877,15604,18794,18663,18633,11509,54849,3234
1782255054,1AC,102400000.0,102400000.0,11043807.0,10682927.0,1458947.0,1388962.0,371880.5,442455.4,102629.8,0.0,28.3,28.7,56,24.2,37.6,1726,11029,11875,15601,18795,18665,18634,11510,54852,3235
1782255355,1AC,102400000.0,102400000.0,11004799.0,10699575.0,1460166.6,1387338.6,371629.8,442837.9,102622.8,0.0,28.3,28.7,55,24.2,37.6,1726,11029,11875,15601,18795,18664,18634,11509,54849,3234
1782255655,1AC,102400000.0,102400000.0,10998876.0,10732736.0,1462679.9,1388886.1,372243.9,443783.9,102616.7,0.0,28.3,28.7,68,24.2,37.6,1726,11026,11872,15600,18786,18655,18627,11507,54830,3233
1782255952,1AC,102400000.0,102400000.0,10995237.0,10672608.0,1457131.6,1387950.2,371143.8,442863.3,102610.6,0.0,28.3,28.7,71,24.2,37.7,1726,11029,11876,15602,18792,18663,18632,11510,54843,3234
1782256252,1AC,102400000.0,102400000.0,10972101.0,10643979.0,1458383.6,1383885.5,371448.8,443528.6,102602.7,0.0,28.3,28.7,58,24.2,37.7,1726,11030,11877,15602,18788,18657,18630,11507,54838,3233
1782256553,1AC,102400000.0,102400000.0,10932209.0,10644144.0,1458676.1,1384353.6,371784.5,442694.6,102593.6,0.0,28.3,28.7,62,24.2,37.6,1726,11033,11879,15607,18794,18665,18635,11510,54857,3234
1782256853,1AC,102400000.0,102400000.0,10968161.0,10687939.0,1458611.0,1388021.9,371072.5,442209.8,102588.0,0.0,28.3,28.7,80,24.3,37.7,1726,11030,11875,15600,18788,18658,18630,11507,54838,3233
1782257153,1AC,102400000.0,102400000.0,10949137.0,10650741.0,1459977.5,1384926.9,370911.9,441968.8,102581.5,0.0,28.3,28.7,58,24.3,37.7,1725,11025,11872,15595,18790,18657,18628,11506,54833,3233
1782257454,1AC,102400000.0,102400000.0,10958485.0,10694864.0,1461908.4,1384236.4,371067.4,441625.5,102575.7,0.0,28.4,28.7,55,24.3,37.7,1726,11030,11876,15601,18796,18664,18635,11510,54855,3234
1782257754,1AC,102400000.0,102400000.0,10968477.0,10659469.0,1456798.1,1383057.4,370869.0,441931.8,102571.7,0.0,28.4,28.7,35,24.3,37.7,1726,11031,11878,15601,18796,18665,18637,11512,54864,3234
1782258055,1AC,102400000.0,102400000.0,10945624.0,10629161.0,1454839.0,1382760.1,370134.1,441415.2,102567.6,0.0,28.4,28.7,39,24.3,37.7,1726,11029,11876,15599,18786,18660,18628,11506,54839,3233
1782258355,1AC,102400000.0,102400000.0,10907908.0,10635313.0,1455131.0,1384883.1,369924.5,441309.8,102561.2,0.0,28.4,28.8,53,24.3,37.7,1727,11036,11881,15609,18798,18672,18638,11513,54872,3234
1782258652,1AC,102400000.0,102400000.0,10921390.0,10651488.0,1452931.5,1382905.9,369159.8,441453.5,102554.4,0.0,28.4,28.8,52,24.3,37.8,1726,11031,11879,15604,18792,18662,18633,11509,54853,3234
1782258952,1AC,102400000.0,102400000.0,10902821.0,10596309.0,1452422.4,1381860.4,370027.7,440018.4,102546.6,0.0,28.4,28.8,64,24.3,37.7,1726,11030,11876,15599,18796,18665,18635,11511,54859,3234
1782259253,1AC,102400000.0,102400000.0,10912151.0,10581009.0,1452587.4,1382464.1,369828.1,440333.2,102538.4,0.0,28.4,28.7,42,24.3,37.8,1726,11028,11876,15597,18788,18658,18629,11507,54838,3233
1782259553,1AC,102400000.0,102400000.0,10912039.0,10632536.0,1453577.0,1378556.1,369692.7,440251.7,102530.4,0.0,28.4,28.8,55,24.3,37.7,1726,11029,11878,15603,18794,18663,18633,11510,54856,3234
1782259853,1AC,102400000.0,102400000.0,10877763.0,10564837.0,1452735.4,1378876.0,369421.5,439928.4,102522.4,0.0,28.4,28.8,59,24.3,37.8,1725,11027,11874,15595,18787,18659,18628,11506,54834,3233
1782260154,1AC,102400000.0,102400000.0,10905392.0,10580392.0,1450600.5,1379317.4,369276.1,440523.3,102514.2,0.0,28.4,28.8,51,24.3,37.8,1727,11033,11880,15605,18797,18664,18636,11512,54869,3234
1782260454,1AC,102400000.0,102400000.0,10880603.0,10575655.0,1451523.9,1378921.5,368689.8,439672.8,102505.5,0.0,28.4,28.8,56,24.3,37.8,1726,11027,11875,15596,18789,18661,18630,11508,54844,3233
1782260754,1AC,102400000.0,102400000.0,10882699.0,10578115.0,1449230.1,1376938.4,368827.9,439572.3,102496.0,0.0,28.4,28.8,55,24.3,37.8,1726,11030,11880,15603,18793,18665,18635,11512,54861,3234
1782261055,1AC,102400000.0,102400000.0,10876991.0,10617397.0,1448787.1,1377498.2,368078.2,439000.8,102487.3,0.0,28.4,28.8,52,24.3,37.8,1726,11027,11875,15597,18792,18661,18633,11510,54851,3233
1782261355,1AC,102400000.0,102400000.0,10883367.0,10560856.0,1449112.0,1377944.9,369627.6,439460.2,102478.0,0.0,28.4,28.8,65,24.3,37.8,1726,11031,11879,15602,18793,18663,18633,11510,54854,3234
1782261652,1AC,102400000.0,102400000.0,10859111.0,10602469.0,1447990.9,1378220.9,369059.8,439617.2,102469.5,0.0,28.4,28.8,32,24.3,37.8,1726,11029,11876,15599,18792,18659,18631,11508,54840,3233
1782261953,1AC,102400000.0,102400000.0,10864107.0,10571188.0,1448195.4,1377882.5,369363.5,439191.5,102461.0,0.0,28.4,28.9,36,24.3,37.9,1726,11032,11878,15603,18792,18662,18630,11508,54841,3233
1782262253,1AC,102400000.0,102400000.0,10874248.0,10558901.0,1452219.0,1377878.5,368554.6,439112.9,102452.4,0.0,28.4,28.9,53,24.3,37.9,1726,11031,11879,15600,18789,18659,18628,11507,54843,3235
1782262553,1AC,102400000.0,102400000.0,10851209.0,10554697.0,1449872.9,1375790.1,368738.3,439644.7,102443.1,0.0,28.4,28.8,63,24.3,37.8,1725,11027,11874,15596,18786,18657,18627,11505,54836,3232
1782262854,1AC,102400000.0,102400000.0,10858400.0,10571531.0,1449453.4,1377776.4,368643.5,438684.6,102433.4,0.0,28.4,28.9,81,24.3,37.8,1726,11028,11875,15598,18787,18660,18630,11508,54843,3233
1782263154,1AC,102400000.0,102400000.0,10839539.0,10572312.0,1450405.1,1377992.0,368007.7,439516.8,102423.1,0.0,28.4,28.9,49,24.3,37.9,1725,11028,11874,15595,18786,18661,18631,11509,54840,3233
1782263455,1AC,102400000.0,102400000.0,10873683.0,10562674.0,1447543.1,1377616.1,368160.0,439262.8,102411.7,0.0,28.4,28.9,55,24.3,37.9,1726,11028,11875,15597,18791,18662,18632,11508,54843,3233
1782263752,1AC,102400000.0,102400000.0,10863795.0,10557019.0,1448153.1,1377461.0,368305.4,438895.2,102399.3,0.0,28.4,28.9,28,24.3,37.8,1726,11030,11877,15599,18785,18656,18626,11505,54827,3232
1782264052,1AC,102400000.0,102400000.0,10842551.0,10562979.0,1447604.9,1374962.8,368864.5,438999.8,102386.6,0.0,28.4,28.9,66,24.3,37.9,1726,11029,11875,15599,18789,18663,18632,11509,54847,3234
1782264353,1AC,102400000.0,102400000.0,10881227.0,10578049.0,1452723.0,1378249.6,368099.4,439497.5,102373.1,0.0,28.4,28.9,46,24.3,37.9,1725,11025,11872,15592,18786,18656,18624,11505,54834,3233
1782264653,1AC,102400000.0,102400000.0,10859876.0,10565313.0,1452929.4,1379619.0,368743.4,439467.7,102361.0,0.0,28.4,28.9,45,24.3,37.9,1726,11026,11872,15598,18785,18657,18626,11506,54826,3232
1782264954,1AC,102400000.0,102400000.0,10863555.0,10552880.0,1451342.0,1377982.6,368896.2,438968.7,102346.4,0.0,28.3,28.9,55,24.3,37.9,1725,11024,11871,15592,18786,18659,18629,11506,54836,3233
1782265254,1AC,102400000.0,102400000.0,10876131.0,10579828.0,1454817.6,1377985.4,368655.8,439284.4,102330.0,0.0,28.3,28.9,81,24.3,37.9,1725,11028,11874,15600,18786,18660,18627,11506,54838,3233
1782265555,1AC,102400000.0,102400000.0,10894676.0,10572575.0,1453775.6,1382198.9,368938.0,440072.0,102313.4,0.0,28.3,28.9,82,24.2,37.9,1725,11022,11870,15592,18780,18656,18622,11502,54823,3232
1782265852,1AC,102400000.0,102400000.0,10884203.0,10545029.0,1456998.1,1378227.0,369678.0,439946.9,102297.6,0.0,28.3,28.9,48,24.2,37.9,1725,11024,11869,15591,18784,18655,18625,11504,54831,3233
1782266153,1AC,102400000.0,102400000.0,10877087.0,10607627.0,1458216.0,1383896.1,369538.9,439433.2,102281.6,0.0,28.3,29.0,41,24.2,37.9,1725,11028,11874,15602,18792,18664,18634,11509,54848,3234
1782266453,1AC,102400000.0,102400000.0,10916417.0,10582736.0,1454731.6,1387036.1,369781.1,440381.8,102266.7,0.0,28.2,28.9,49,24.2,38.0,1724,11022,11866,15591,18783,18658,18623,11503,54824,3235
1782266753,1AC,102400000.0,102400000.0,10888359.0,10588593.0,1457147.9,1383527.1,369906.5,440403.5,102251.1,0.0,28.2,29.0,58,24.1,38.0,1725,11028,11871,15599,18790,18659,18629,11507,54834,3234
1782267054,1AC,102400000.0,102400000.0,10901807.0,10620413.0,1457378.4,1385359.9,369732.4,440854.8,102235.9,0.0,28.2,29.0,70,24.1,38.0,1726,11028,11874,15604,18796,18665,18638,11512,54862,3236
1782267354,1AC,102400000.0,102400000.0,10934368.0,10621919.0,1458078.6,1388925.9,370202.2,440457.6,102221.1,0.0,28.2,29.0,53,24.1,38.0,1725,11026,11871,15600,18787,18659,18629,11505,54831,3235
1782267655,1AC,102400000.0,102400000.0,10933261.0,10646252.0,1464010.6,1387949.4,370428.9,440725.8,102205.4,0.0,28.1,29.0,58,24.1,38.0,1725,11026,11870,15601,18790,18663,18630,11506,54843,3234
1782267952,1AC,102400000.0,102400000.0,10941427.0,10637376.0,1464032.0,1389158.4,371013.9,441993.3,102190.6,0.0,28.1,29.0,40,24.1,38.0,1725,11020,11866,15595,18783,18650,18623,11501,54820,3233
1782268253,1AC,102400000.0,102400000.0,10941363.0,10623543.0,1466686.1,1391003.4,370963.3,441390.1,102176.8,0.0,28.1,29.0,52,24.0,38.0,1725,11024,11869,15599,18788,18654,18627,11506,54826,3234
1782268553,1AC,102400000.0,102400000.0,10969871.0,10662448.0,1465606.5,1393020.1,370981.8,441069.6,102162.7,0.0,28.1,29.0,42,24.0,38.0,1725,11024,11868,15602,18789,18656,18630,11506,54831,3234
1782268853,1AC,102400000.0,102400000.0,10963197.0,10644441.0,1469145.9,1391823.9,371635.3,441796.3,102148.4,0.0,28.1,29.1,50,24.0,38.0,1725,11021,11866,15597,18790,18655,18629,11505,54828,3234
1782269154,1AC,102400000.0,102400000.0,10999344.0,10686620.0,1469851.4,1392456.4,372924.4,441886.9,102134.0,0.0,28.1,29.1,42,24.0,38.0,1725,11023,11867,15598,18791,18657,18629,11508,54832,3235
1782269455,1AC,102400000.0,102400000.0,10994711.0,10670876.0,1468723.6,1396473.0,371749.7,442236.0,102120.4,0.0,28.0,29.0,46,24.0,38.0,1725,11020,11868,15599,18790,18660,18631,11506,54837,3235
1782269755,1AC,102400000.0,102400000.0,11013005.0,10695956.0,1473690.4,1398621.4,371973.5,442254.3,102107.3,0.0,28.0,29.1,43,23.9,38.0,1725,11020,11865,15598,18786,18654,18629,11505,54817,3234
1782270052,1AC,102400000.0,102400000.0,10999975.0,10677200.0,1471596.4,1399966.1,371987.5,442221.6,102093.3,0.0,28.0,29.1,33,23.9,38.1,1725,11026,11868,15604,18801,18668,18640,11512,54865,3237
1782270353,1AC,102400000.0,102400000.0,11006659.0,10695968.0,1474062.0,1400188.1,372624.5,442962.7,102080.0,0.0,28.0,29.1,64,23.9,38.0,1724,11021,11865,15599,18792,18659,18633,11507,54833,3235
1782270653,1AC,102400000.0,102400000.0,11017147.0,10696517.0,1477428.9,1404893.0,374120.8,443111.9,102066.9,0.0,28.0,29.1,40,23.9,38.1,1725,11023,11866,15601,18790,18655,18629,11505,54830,3235
1782270954,1AC,102400000.0,102400000.0,11010205.0,10738027.0,1476003.1,1401273.4,373108.8,443345.3,102054.5,0.0,27.9,29.1,50,23.9,38.1,1725,11019,11865,15598,18787,18655,18626,11503,54822,3235
1782271254,1AC,102400000.0,102400000.0,11045365.0,10743161.0,1478256.5,1402170.5,373290.0,444121.0,102042.1,0.0,27.9,29.1,46,23.9,38.1,1724,11020,11864,15601,18791,18657,18631,11508,54827,3235
1782271555,1AC,102400000.0,102400000.0,11036223.0,10758635.0,1480232.1,1404447.0,373937.2,444391.1,102031.4,0.0,27.9,29.1,50,23.8,38.1,1725,11020,11863,15600,18795,18660,18635,11509,54838,3235
1782271855,1AC,102400000.0,102400000.0,11084699.0,10760041.0,1482405.6,1407866.0,373286.5,443537.3,102019.3,0.0,27.9,29.1,45,23.8,38.1,1724,11015,11860,15595,18788,18654,18625,11504,54822,3234
1782272152,1AC,102400000.0,102400000.0,11064707.0,10777400.0,1483539.5,1406920.5,373680.3,443873.6,102008.0,0.0,27.9,29.1,52,23.8,38.1,1723,11014,11859,15592,18782,18648,18621,11501,54810,3234
1782272453,1AC,102400000.0,102400000.0,11065375.0,10764088.0,1484528.1,1411458.0,375511.0,444012.0,101996.5,0.0,27.9,29.2,37,23.8,38.1,1724,11016,11858,15594,18793,18656,18627,11506,54826,3234
1782272753,1AC,102400000.0,102400000.0,11083651.0,10769004.0,1486156.4,1409418.6,375230.4,443332.0,101983.0,0.0,27.9,29.1,39,23.8,38.1,1723,11015,11857,15592,18783,18648,18622,11501,54809,3235
1782273054,1AC,102400000.0,102400000.0,11062816.0,10787671.0,1489329.4,1410684.5,374265.8,444844.0,101972.1,0.0,27.8,29.1,50,23.8,38.1,1724,11018,11860,15598,18785,18649,18625,11502,54815,3234
1782273355,1AC,102400000.0,102400000.0,11128776.0,10787492.0,1487417.6,1410321.6,373611.2,443745.5,101961.3,0.0,27.8,29.1,45,23.7,38.1,1724,11015,11860,15597,18788,18654,18625,11504,54814,3234
1782273652,1AC,102400000.0,102400000.0,11117485.0,10785707.0,1488744.6,1413498.6,375729.1,445656.6,101950.5,0.0,27.8,29.2,58,23.7,38.1,1724,11014,11856,15596,18787,18651,18625,11503,54817,3234
1782273953,1AC,102400000.0,102400000.0,11119165.0,10793139.0,1491852.9,1416532.4,374358.3,446423.1,101940.1,0.0,27.8,29.2,68,23.7,38.1,1724,11015,11858,15597,18787,18653,18623,11505,54809,3234
1782274253,1AC,102400000.0,102400000.0,11119871.0,10806869.0,1488587.5,1416356.5,375792.8,444900.2,101930.3,0.0,27.8,29.2,44,23.7,38.1,1724,11017,11859,15600,18790,18657,18627,11505,54826,3234
1782274554,1AC,102400000.0,102400000.0,11126851.0,10845071.0,1493968.4,1419357.1,377129.3,444585.1,101921.3,0.0,27.8,29.2,62,23.7,38.2,1723,11013,11854,15592,18785,18649,18625,11502,54812,3234
1782274854,1AC,102400000.0,102400000.0,11131056.0,10813123.0,1494945.9,1418192.6,376529.3,446216.8,101912.6,0.0,27.8,29.2,61,23.7,38.1,1724,11018,11857,15598,18791,18655,18630,11507,54819,3237
1782275154,1AC,102400000.0,102400000.0,11148080.0,10837840.0,1497148.0,1419805.6,376718.2,445447.0,101903.0,0.0,27.7,29.2,48,23.7,38.2,1723,11013,11855,15594,18790,18654,18625,11505,54821,3235
1782275455,1AC,102400000.0,102400000.0,11139417.0,10862792.0,1496242.5,1422949.4,376887.2,447309.7,101893.3,0.0,27.7,29.2,80,23.6,38.1,1723,11015,11855,15596,18787,18649,18625,11502,54806,3234
1782275755,1AC,102400000.0,102400000.0,11160588.0,10859594.0,1502751.0,1419273.5,378197.2,447361.3,101885.1,0.0,27.7,29.2,42,23.6,38.2,1724,11017,11857,15600,18792,18659,18629,11507,54825,3235
1782276052,1AC,102400000.0,102400000.0,11151473.0,10846856.0,1498134.9,1423854.9,377721.5,447308.0,101876.9,0.0,27.7,29.2,60,23.6,38.2,1724,11013,11856,15596,18786,18652,18623,11503,54817,3235
1782276353,1AC,102400000.0,102400000.0,11152948.0,10860629.0,1502196.0,1425264.0,378230.7,446884.5,101867.6,0.0,27.7,29.2,25,23.6,38.2,1723,11015,11855,15595,18789,18653,18627,11505,54820,3235
1782276653,1AC,102400000.0,102400000.0,11169503.0,10852167.0,1499992.9,1424217.4,377899.1,447044.5,101859.6,0.0,27.7,29.2,47,23.6,38.2,1723,11012,11853,15594,18782,18650,18618,11501,54804,3234
1782276954,1AC,102400000.0,102400000.0,11187223.0,10856030.0,1501374.6,1423027.5,378051.4,447681.1,101851.6,0.0,27.7,29.2,37,23.6,38.2,1724,11016,11858,15599,18797,18661,18635,11508,54840,3237
1782277254,1AC,102400000.0,102400000.0,11153663.0,10864425.0,1502889.0,1425645.0,377297.9,447075.7,101844.0,0.0,27.7,29.2,45,23.6,38.2,1724,11016,11858,15598,18790,18657,18628,11505,54817,3235
1782277555,1AC,102400000.0,102400000.0,11176920.0,10880615.0,1506283.4,1429739.0,377834.5,446394.5,101836.4,0.0,27.6,29.2,36,23.6,38.2,1724,11018,11860,15603,18793,18656,18630,11506,54832,3236
1782277852,1AC,102400000.0,102400000.0,11208479.0,10892391.0,1501970.1,1430352.4,378381.3,448000.4,101830.2,0.0,27.7,29.2,59,23.6,38.2,1723,11013,11853,15595,18785,18649,18623,11504,54809,3235
1782278152,1AC,102400000.0,102400000.0,11175541.0,10893819.0,1504032.5,1428559.9,379274.1,447933.2,101823.8,0.0,27.7,29.2,46,23.6,38.2,1724,11015,11854,15598,18785,18647,18623,11502,54802,3235
1782278453,1AC,102400000.0,102400000.0,11201037.0,10933460.0,1507272.6,1431400.9,378666.1,446286.1,101817.0,0.0,27.6,29.2,30,23.6,38.2,1724,11016,11857,15601,18790,18652,18624,11504,54811,3234
1782278753,1AC,102400000.0,102400000.0,11178445.0,10871231.0,1505635.4,1429518.4,378748.5,447607.2,101810.8,0.0,27.6,29.2,46,23.6,38.2,1724,11016,11858,15601,18793,18656,18632,11508,54835,3236
1782279053,1AC,102400000.0,102400000.0,11192052.0,10896095.0,1505407.4,1432555.6,378753.3,447636.8,101805.8,0.0,27.6,29.3,60,23.6,38.2,1723,11013,11852,15598,18786,18649,18626,11503,54812,3235
1782279354,1AC,102400000.0,102400000.0,11189567.0,10881703.0,1510395.4,1431444.5,378338.1,447543.0,101799.7,0.0,27.6,29.2,56,23.5,38.2,1723,11011,11851,15594,18785,18648,18622,11501,54802,3234
1782279654,1AC,102400000.0,102400000.0,11206392.0,10899156.0,1508697.9,1430253.4,378285.1,447916.9,101794.4,0.0,27.6,29.3,40,23.5,38.2,1722,11009,11849,15591,18787,18650,18622,11504,54809,3236
1782279955,1AC,102400000.0,102400000.0,11239392.0,10906516.0,1511028.1,1432432.5,378264.8,447779.2,101788.6,0.0,27.6,29.2,35,23.5,38.2,1723,11011,11852,15594,18780,18643,18620,11501,54792,3234
1782280553,1AC,102400000.0,102400000.0,12460837.0,12208107.0,1732333.1,1675754.6,441470.9,545605.2,105487.1,0.0,27.4,16.5,70,23.3,24.7,1724,11022,11861,15611,18805,18666,18639,11513,54865,3236
1782280853,1AC,102400000.0,102400000.0,15767956.0,15411216.0,2088757.0,2004263.1,482380.5,564797.8,105570.9,0.0,27.4,19.2,92,23.4,26.7,1724,11018,11858,15607,18800,18662,18633,11509,54857,3236
1782281154,1AC,102400000.0,102400000.0,16181576.0,15877152.0,2128954.8,2021123.5,488542.2,568348.0,105600.5,0.0,27.5,20.6,104,23.4,27.9,1723,11019,11859,15607,18801,18664,18636,11510,54848,3237
1782281454,1AC,102400000.0,102400000.0,16193796.0,15818776.0,2105176.2,2004760.4,487419.8,566494.0,105608.2,0.0,27.5,21.4,97,23.4,28.8,1724,11023,11861,15611,18802,18667,18638,11513,54865,3237
1782281754,1AC,102400000.0,102400000.0,16082215.0,15691053.0,2078211.0,1981314.5,485305.5,562235.9,105604.8,0.0,27.5,22.0,118,23.4,29.4,1724,11022,11860,15608,18796,18660,18635,11509,54851,3238
1782282055,1AC,102400000.0,102400000.0,15908941.0,15502129.0,2050942.1,1959387.4,481016.0,560496.0,105593.9,0.0,27.5,22.5,73,23.4,29.9,1724,11020,11860,15609,18800,18663,18635,11509,54846,3236
1782282355,1AC,102400000.0,102400000.0,15786713.0,15413513.0,2036156.5,1936722.0,479138.8,556023.4,105580.4,0.0,27.5,22.8,94,23.4,30.3,1724,11017,11857,15604,18798,18655,18631,11506,54842,3236
1782282653,1AC,102400000.0,102400000.0,15675987.0,15249099.0,2019915.9,1921455.4,475034.6,552493.8,105563.0,0.0,27.5,23.1,96,23.4,30.6,1724,11019,11858,15608,18799,18661,18634,11511,54849,3236
1782282953,1AC,102400000.0,102400000.0,15523573.0,15136172.0,2000779.0,1906803.4,473166.5,550591.2,105545.4,0.0,27.5,23.3,78,23.4,30.9,1724,11021,11862,15610,18802,18663,18638,11511,54859,3237
1782283254,1AC,102400000.0,102400000.0,15457579.0,15022841.0,1989583.6,1891739.5,469926.0,548127.7,105525.4,0.0,27.5,23.5,84,23.4,31.1,1724,11022,11862,15611,18805,18664,18638,11511,54862,3237
1782283554,1AC,102400000.0,102400000.0,15353517.0,14920613.0,1970841.0,1879497.4,469098.5,545542.6,105504.8,0.0,27.5,23.7,97,23.4,31.3,1724,11020,11859,15607,18796,18658,18631,11507,54837,3235
1782283855,1AC,102400000.0,102400000.0,15217940.0,14824877.0,1964433.0,1871734.9,466138.4,543249.6,105483.8,0.0,27.5,23.8,90,23.4,31.5,1724,11017,11856,15604,18793,18654,18628,11505,54830,3235
1782284155,1AC,102400000.0,102400000.0,15138036.0,14750600.0,1951452.6,1859563.4,465349.3,542457.6,105462.3,0.0,27.5,23.9,90,23.4,31.6,1723,11017,11856,15604,18792,18658,18630,11508,54838,3235
1782284452,1AC,102400000.0,102400000.0,15099097.0,14656064.0,1942705.0,1849998.1,463759.0,540841.2,105440.5,0.0,27.5,24.1,80,23.4,31.7,1724,11018,11858,15606,18800,18662,18634,11510,54846,3237
1782284753,1AC,102400000.0,102400000.0,15018711.0,14628935.0,1938810.1,1844605.0,461735.0,538318.3,105418.8,0.0,27.5,24.2,97,23.4,31.9,1723,11017,11856,15602,18792,18656,18631,11506,54833,3236
1782285053,1AC,102400000.0,102400000.0,14908317.0,14557504.0,1932007.5,1838173.0,460687.0,536863.0,105396.5,0.0,27.5,24.3,101,23.4,32.1,1724,11021,11859,15609,18800,18660,18634,11509,54848,3236
1782285354,1AC,102400000.0,102400000.0,14863409.0,14486235.0,1924532.9,1830816.4,459490.0,535101.3,105374.7,0.0,27.5,24.4,84,23.4,32.1,1724,11019,11858,15605,18800,18661,18636,11511,54847,3236
1782285655,1AC,102400000.0,102400000.0,14815607.0,14460156.0,1915827.5,1824268.9,457663.8,535837.9,105352.5,0.0,27.5,24.4,77,23.4,32.2,1723,11017,11855,15603,18794,18654,18629,11506,54830,3236
1782285952,1AC,102400000.0,102400000.0,14753361.0,14380249.0,1908448.5,1818910.9,457490.3,533925.1,105330.6,0.0,27.5,24.5,67,23.4,32.3,1723,11017,11856,15605,18801,18662,18635,11509,54847,3236
1782286253,1AC,102400000.0,102400000.0,14785529.0,14358531.0,1903539.6,1814693.6,456227.1,532717.7,105308.6,0.0,27.5,24.6,80,23.4,32.4,1723,11015,11854,15601,18797,18656,18632,11507,54839,3236
1782286553,1AC,102400000.0,102400000.0,14670611.0,14271228.0,1898443.4,1806814.0,454828.2,529998.8,105286.7,0.0,27.5,24.7,88,23.4,32.5,1723,11014,11854,15604,18794,18655,18630,11507,54835,3237
1782286854,1AC,102400000.0,102400000.0,14617545.0,14255549.0,1895089.4,1798646.0,452672.0,529684.4,105264.1,0.0,27.5,24.7,76,23.4,32.6,1723,11015,11854,15600,18791,18650,18626,11506,54830,3235
1782287154,1AC,102400000.0,102400000.0,14585115.0,14223316.0,1889307.1,1796714.4,452107.2,528077.9,105241.2,0.0,27.5,24.8,68,23.4,32.6,1723,11015,11854,15603,18793,18659,18631,11506,54836,3237
1782287455,1AC,102400000.0,102400000.0,14547780.0,14164193.0,1886384.4,1793669.5,451725.5,527789.9,105218.9,0.0,27.5,24.8,69,23.4,32.7,1723,11019,11858,15605,18799,18657,18632,11509,54843,3237
1782287752,1AC,102400000.0,102400000.0,14491851.0,14149065.0,1882368.0,1789935.4,450671.3,526815.2,105197.0,0.0,27.5,24.9,79,23.4,32.8,1724,11017,11854,15601,18796,18655,18630,11507,54836,3236
1782288053,1AC,102400000.0,102400000.0,14469188.0,14091875.0,1877232.6,1783718.9,449424.0,525861.8,105174.7,0.0,27.5,25.0,80,23.4,32.9,1723,11015,11852,15600,18791,18651,18629,11506,54829,3235
1782288353,1AC,102400000.0,102400000.0,14437783.0,14073369.0,1872865.0,1784194.1,449481.7,525066.4,105152.1,0.0,27.5,25.0,85,23.4,32.9,1723,11016,11853,15600,18793,18654,18628,11505,54827,3235
1782288654,1AC,102400000.0,102400000.0,14393567.0,14017451.0,1869815.6,1777754.0,449130.7,523579.4,105130.5,0.0,27.5,25.1,67,23.4,33.0,1723,11015,11855,15603,18795,18653,18627,11504,54827,3238
1782288955,1AC,102400000.0,102400000.0,14383835.0,14006084.0,1865680.5,1775826.6,448799.1,523232.8,105108.8,0.0,27.5,25.1,74,23.4,33.1,1723,11016,11854,15604,18799,18659,18632,11509,54841,3236
1782289255,1AC,102400000.0,102400000.0,14332635.0,13946281.0,1857922.6,1768471.1,446610.0,522880.1,105087.5,0.0,27.5,25.2,81,23.4,33.1,1723,11014,11854,15601,18789,18650,18625,11502,54821,3235
1782289552,1AC,102400000.0,102400000.0,14280121.0,13976056.0,1856685.5,1767142.0,445778.5,521454.5,105065.7,0.0,27.5,25.2,89,23.4,33.2,1724,11018,11858,15607,18799,18660,18633,11509,54852,3237
1782289853,1AC,102400000.0,102400000.0,14273079.0,13910136.0,1853558.6,1766728.1,445383.6,520203.2,105044.0,0.0,27.5,25.3,82,23.4,33.2,1723,11017,11857,15604,18801,18659,18636,11510,54851,3237
1782290153,1AC,102400000.0,102400000.0,14266669.0,13905305.0,1851837.1,1760403.6,444912.4,521792.6,105022.7,0.0,27.5,25.3,66,23.4,33.3,1724,11017,11856,15607,18801,18661,18639,11512,54861,3237
1782290454,1AC,102400000.0,102400000.0,14246747.0,13810505.0,1848327.5,1759471.4,443832.6,520146.4,105001.2,0.0,27.5,25.3,87,23.4,33.3,1724,11019,11858,15606,18800,18661,18635,11511,54843,3237
1782290754,1AC,102400000.0,102400000.0,14194811.0,13823324.0,1845023.0,1758040.0,444629.5,518844.4,104979.2,0.0,27.5,25.4,91,23.4,33.4,1723,11016,11857,15605,18799,18661,18635,11509,54847,3237
1782291055,1AC,102400000.0,102400000.0,14179483.0,13798044.0,1842311.4,1755151.5,443476.8,517683.4,104957.3,0.0,27.5,25.4,58,23.4,33.4,1724,11015,11854,15601,18796,18653,18629,11507,54828,3236
1782291356,1AC,102400000.0,102400000.0,14140007.0,13794317.0,1840294.0,1747412.6,442685.2,517074.4,104936.2,0.0,27.5,25.5,88,23.4,33.5,1723,11015,11854,15604,18792,18654,18626,11504,54819,3236
1782291652,1AC,102400000.0,102400000.0,14122277.0,13732424.0,1840170.5,1751041.5,441945.8,516795.3,104914.9,0.0,27.5,25.5,78,23.4,33.5,1724,11021,11861,15612,18803,18663,18639,11513,54854,3237
1782291953,1AC,102400000.0,102400000.0,14092281.0,13739881.0,1831868.4,1742623.1,442788.8,517238.3,104893.9,0.0,27.5,25.5,59,23.4,33.6,1724,11018,11858,15610,18804,18663,18638,11511,54847,3237
1782292253,1AC,102400000.0,102400000.0,14090619.0,13731984.0,1831586.0,1745465.0,441478.1,515257.2,104872.9,0.0,27.5,25.6,101,23.4,33.6,1724,11018,11857,15608,18795,18659,18633,11509,54838,3236
1782292554,1AC,102400000.0,102400000.0,14038628.0,13714829.0,1828850.1,1738237.1,440138.3,515263.0,104851.5,0.0,27.5,25.6,68,23.4,33.6,1723,11015,11856,15603,18794,18658,18631,11505,54826,3236
1782292854,1AC,102400000.0,102400000.0,14052768.0,13626673.0,1824856.9,1737303.1,441541.5,514798.2,104831.3,0.0,27.5,25.6,55,23.4,33.7,1724,11020,11859,15608,18799,18661,18633,11508,54846,3239
1782293155,1AC,102400000.0,102400000.0,14018896.0,13653205.0,1824057.1,1730594.1,439422.2,514209.5,104811.6,0.0,27.5,25.7,62,23.4,33.7,1723,11014,11853,15602,18797,18656,18632,11507,54831,3236
1782293456,1AC,102400000.0,102400000.0,13977856.0,13638067.0,1821547.0,1732466.4,438759.2,514294.4,104790.9,0.0,27.5,25.7,52,23.4,33.8,1724,11020,11859,15610,18802,18661,18636,11510,54843,3237
1782293753,1AC,102400000.0,102400000.0,13970404.0,13602516.0,1818385.0,1727088.6,439146.2,514227.7,104770.6,0.0,27.5,25.7,93,23.4,33.8,1723,11015,11854,15603,18793,18657,18633,11508,54836,3237
1782294053,1AC,102400000.0,102400000.0,13975593.0,13612799.0,1816160.4,1725943.4,438718.2,512507.9,104750.5,0.0,27.5,25.7,55,23.4,33.9,1724,11019,11858,15607,18802,18664,18637,11511,54858,3239
1782294355,1AC,102400000.0,102400000.0,13907688.0,13558415.0,1815261.6,1726938.0,438535.0,512072.7,104731.4,0.0,27.5,25.8,78,23.4,33.9,1724,11015,11855,15604,18795,18656,18630,11507,54834,3236
1782294655,1AC,102400000.0,102400000.0,13899776.0,13548507.0,1812796.9,1720706.0,436429.4,512890.3,104712.0,0.0,27.5,25.8,71,23.4,33.9,1723,11016,11855,15603,18791,18654,18626,11504,54821,3235
1782294956,1AC,102400000.0,102400000.0,13871559.0,13507704.0,1812526.4,1719439.1,437260.5,511194.1,104692.6,0.0,27.5,25.8,81,23.4,33.9,1723,11016,11854,15603,18790,18654,18626,11503,54821,3235
1782295252,1AC,102400000.0,102400000.0,13866912.0,13486521.0,1808653.1,1718872.6,435852.2,511222.2,104672.7,0.0,27.5,25.9,99,23.4,34.0,1724,11020,11857,15607,18802,18666,18641,11511,54861,3238
1782295554,1AC,102400000.0,102400000.0,13830417.0,13451265.0,1807694.9,1714227.5,437013.4,509936.2,104653.1,0.0,27.5,25.9,78,23.4,34.0,1723,11020,11858,15609,18799,18660,18634,11510,54843,3237
1782295854,1AC,102400000.0,102400000.0,13899393.0,13501097.0,1806297.4,1717453.4,436225.9,509430.5,104633.2,0.0,27.5,25.9,89,23.4,34.0,1724,11020,11858,15607,18798,18659,18635,11509,54844,3237
1782296155,1AC,102400000.0,102400000.0,13815968.0,13443863.0,1800375.5,1713101.6,435428.7,509186.4,104613.5,0.0,27.5,25.9,83,23.4,34.1,1724,11017,11857,15606,18799,18656,18634,11507,54843,3236
1782296455,1AC,102400000.0,102400000.0,13777827.0,13422560.0,1796469.1,1713105.5,434963.8,509445.1,104594.2,0.0,27.5,26.0,87,23.4,34.1,1723,11014,11852,15600,18797,18657,18633,11506,54833,3236
1782296752,1AC,102400000.0,102400000.0,13804203.0,13371184.0,1802080.5,1710975.9,435316.8,508181.2,104575.6,0.0,27.5,26.0,79,23.4,34.1,1723,11012,11852,15599,18790,18654,18626,11505,54819,3237
1782297053,1AC,102400000.0,102400000.0,13796120.0,13395853.0,1796481.9,1710383.6,433323.8,508224.0,104557.4,0.0,27.5,26.0,60,23.4,34.2,1723,11014,11852,15602,18790,18654,18627,11502,54818,3235
1782297353,1AC,102400000.0,102400000.0,13740281.0,13361641.0,1793310.1,1708557.0,434554.4,507776.8,104538.7,0.0,27.5,26.0,79,23.4,34.2,1723,11011,11850,15597,18786,18650,18623,11501,54813,3235
1782297654,1AC,102400000.0,102400000.0,13718919.0,13360069.0,1794785.5,1705190.9,433808.0,507720.4,104519.6,0.0,27.5,26.1,88,23.4,34.3,1723,11014,11852,15599,18789,18651,18624,11502,54820,3235
1782297954,1AC,102400000.0,102400000.0,13756380.0,13337267.0,1791710.6,1705257.1,432810.3,507222.2,104501.1,0.0,27.5,26.1,98,23.4,34.3,1723,11017,11855,15604,18794,18658,18631,11508,54835,3236
1782298255,1AC,102400000.0,102400000.0,13708024.0,13344568.0,1791964.4,1703663.6,432738.3,506909.2,104481.7,0.0,27.5,26.1,52,23.4,34.3,1724,11013,11853,15601,18797,18661,18632,11508,54841,3237
1782298555,1AC,102400000.0,102400000.0,13685845.0,13317415.0,1789692.0,1695432.6,432039.3,505567.8,104463.7,0.0,27.5,26.1,76,23.4,34.3,1723,11013,11851,15598,18791,18654,18625,11505,54817,3236
1782298853,1AC,102400000.0,102400000.0,13671201.0,13283720.0,1788175.4,1699923.4,432132.2,505985.5,104445.3,0.0,27.5,26.2,67,23.4,34.3,1723,11018,11855,15605,18795,18659,18632,11508,54832,3236
1782299153,1AC,102400000.0,102400000.0,13667792.0,13311000.0,1788186.6,1696714.1,432428.9,505352.7,104427.8,0.0,27.5,26.2,86,23.4,34.4,1725,11020,11857,15606,18799,18659,18633,11508,54836,3237
1782299454,1AC,102400000.0,102400000.0,13658797.0,13267035.0,1785308.1,1696036.1,431470.4,505045.3,104409.8,0.0,27.5,26.2,75,23.4,34.4,1723,11017,11855,15607,18800,18659,18633,11507,54834,3237
1782299754,1AC,102400000.0,102400000.0,13604655.0,13286892.0,1783594.9,1695238.4,431861.2,504514.5,104391.9,0.0,27.5,26.2,71,23.4,34.4,1724,11017,11856,15605,18795,18660,18632,11508,54835,3237
1782300055,1AC,102400000.0,102400000.0,13592488.0,13229560.0,1779216.5,1689757.6,431492.8,504666.8,104374.0,0.0,27.5,26.3,85,23.4,34.5,1723,11017,11854,15604,18793,18655,18628,11506,54826,3236
1782300356,1AC,102400000.0,102400000.0,13617363.0,13251680.0,1779813.4,1690196.4,430372.0,503208.2,104355.2,0.0,27.5,26.3,58,23.4,34.5,1724,11015,11852,15602,18795,18657,18631,11507,54831,3236
1782300653,1AC,102400000.0,102400000.0,13588443.0,13254447.0,1781790.0,1692019.1,431058.5,503854.0,104337.3,0.0,27.5,26.3,72,23.4,34.5,1723,11014,11853,15602,18790,18651,18627,11503,54819,3236
1782300953,1AC,102400000.0,102400000.0,13537015.0,13242312.0,1776762.5,1688023.1,429588.1,502736.5,104319.8,0.0,27.5,26.3,64,23.4,34.5,1723,11014,11852,15602,18791,18651,18626,11503,54821,3235
1782301253,1AC,102400000.0,102400000.0,13582501.0,13195541.0,1775434.9,1686347.6,429066.4,503132.6,104303.5,0.0,27.5,26.3,76,23.4,34.6,1722,11012,11849,15597,18787,18648,18623,11501,54803,3237
1782301554,1AC,102400000.0,102400000.0,13571329.0,13158304.0,1775668.6,1683993.1,427719.2,503632.5,104287.4,0.0,27.5,26.4,76,23.4,34.6,1724,11017,11854,15604,18794,18655,18631,11507,54831,3236
1782301855,1AC,102400000.0,102400000.0,13534256.0,13171795.0,1773993.4,1686418.0,429631.8,501977.0,104270.3,0.0,27.5,26.4,87,23.4,34.6,1723,11010,11849,15596,18791,18649,18624,11503,54818,3235
1782302155,1AC,102400000.0,102400000.0,13537976.0,13188549.0,1769068.4,1682759.4,427839.1,501940.6,104253.0,0.0,27.5,26.4,63,23.4,34.7,1723,11013,11853,15599,18788,18652,18626,11503,54817,3235
1782302456,1AC,102400000.0,102400000.0,13543069.0,13112388.0,1774283.5,1677866.4,427440.0,501755.3,104236.0,0.0,27.5,26.4,73,23.4,34.6,1723,11013,11852,15600,18793,18655,18629,11505,54832,3236
1782302753,1AC,102400000.0,102400000.0,13500759.0,13126057.0,1765989.9,1680339.9,426969.6,501057.5,104219.4,0.0,27.5,26.4,75,23.4,34.7,1724,11016,11853,15602,18792,18657,18630,11507,54832,3236
1782303053,1AC,102400000.0,102400000.0,13510909.0,13125097.0,1768961.6,1679095.9,426921.3,500851.1,104202.0,0.0,27.5,26.5,89,23.4,34.7,1723,11016,11855,15602,18790,18653,18628,11504,54816,3235
1782303353,1AC,102400000.0,102400000.0,13455423.0,13121488.0,1767137.6,1677000.6,427658.8,501183.3,104186.0,0.0,27.5,26.5,67,23.4,34.7,1723,11015,11853,15603,18792,18655,18628,11506,54828,3238
1782303654,1AC,102400000.0,102400000.0,13468113.0,13087675.0,1766394.4,1680092.5,426919.2,499691.4,104170.0,0.0,27.5,26.5,53,23.4,34.8,1723,11014,11853,15599,18792,18654,18628,11506,54829,3236
1782303954,1AC,102400000.0,102400000.0,13428896.0,13096759.0,1764686.5,1677765.1,426133.0,500311.1,104154.0,0.0,27.5,26.5,78,23.4,34.8,1723,11011,11850,15597,18790,18652,18626,11502,54812,3235
1782304255,1AC,102400000.0,102400000.0,13453881.0,13107732.0,1764939.6,1670346.5,426086.4,499259.8,104137.7,0.0,27.5,26.5,67,23.4,34.8,1724,11014,11853,15601,18791,18656,18629,11505,54822,3238
1782304555,1AC,102400000.0,102400000.0,13481621.0,13086185.0,1764920.1,1675695.4,425103.9,501681.8,104122.2,0.0,27.5,26.5,74,23.4,34.8,1723,11014,11852,15600,18793,18657,18630,11505,54829,3236
1782304856,1AC,102400000.0,102400000.0,13402721.0,13032317.0,1757829.0,1674491.5,425679.2,498863.5,104107.1,0.0,27.5,26.5,68,23.4,34.8,1723,11016,11854,15601,18797,18659,18635,11508,54843,3236
1782305153,1AC,102400000.0,102400000.0,13423268.0,13019956.0,1758369.4,1673280.5,425246.2,498795.2,104093.0,0.0,27.5,26.6,95,23.4,34.9,1723,11015,11854,15602,18790,18654,18628,11503,54821,3235
1782305453,1AC,102400000.0,102400000.0,13407087.0,13046704.0,1761682.6,1668843.9,425093.8,498890.1,104078.0,0.0,27.5,26.6,80,23.4,34.8,1723,11013,11853,15601,18794,18654,18628,11507,54827,3235
1782305754,1AC,102400000.0,102400000.0,13380115.0,13009316.0,1762276.1,1668108.9,424167.2,497905.7,104062.6,0.0,27.5,26.6,65,23.4,34.9,1723,11014,11854,15605,18792,18655,18628,11506,54827,3235
1782306054,1AC,102400000.0,102400000.0,13348400.0,13013969.0,1755321.4,1667037.5,424929.4,497318.2,104045.8,0.0,27.5,26.6,98,23.4,34.9,1723,11013,11851,15600,18789,18651,18625,11502,54813,3234
1782306355,1AC,102400000.0,102400000.0,13354267.0,13003880.0,1756193.9,1666295.9,425228.4,498163.8,104030.5,0.0,27.5,26.6,74,23.4,35.0,1723,11013,11851,15599,18789,18653,18625,11504,54821,3235
1782306655,1AC,102400000.0,102400000.0,13321227.0,12984999.0,1755969.1,1666713.1,423703.4,497984.1,104014.8,0.0,27.5,26.7,78,23.4,35.0,1723,11012,11851,15598,18789,18650,18624,11503,54816,3236
1782306955,1AC,102400000.0,102400000.0,13351592.0,12966705.0,1756719.9,1662047.1,423287.1,498377.7,104000.0,0.0,27.5,26.7,46,23.4,35.0,1724,11015,11855,15603,18794,18659,18628,11507,54834,3237
1782307252,1AC,102400000.0,102400000.0,13336068.0,12962705.0,1755560.4,1662297.9,423527.1,498288.8,103984.9,0.0,27.5,26.7,72,23.4,35.0,1723,11012,11851,15601,18793,18654,18630,11508,54830,3238
1782307553,1AC,102400000.0,102400000.0,13344431.0,13005069.0,1751666.6,1658935.9,423784.7,497150.8,103969.5,0.0,27.5,26.7,70,23.4,35.0,1723,11014,11854,15604,18790,18651,18624,11505,54819,3237
1782307853,1AC,102400000.0,102400000.0,13333771.0,12936901.0,1747880.6,1661286.5,423681.2,495361.8,103954.4,0.0,27.5,26.7,57,23.4,35.0,1723,11013,11851,15600,18787,18652,18624,11504,54811,3236
1782308154,1AC,102400000.0,102400000.0,13310459.0,12932332.0,1751108.9,1660583.0,422975.2,495584.5,103938.7,0.0,27.5,26.7,86,23.4,35.1,1723,11012,11851,15601,18790,18653,18626,11505,54817,3235
1782308454,1AC,102400000.0,102400000.0,13292973.0,12894548.0,1746680.5,1659038.4,423253.5,495760.6,103923.0,0.0,27.5,26.8,55,23.4,35.1,1722,11013,11850,15600,18791,18652,18624,11503,54812,3238
1782308755,1AC,102400000.0,102400000.0,13276749.0,12896557.0,1746165.9,1655744.1,422470.3,495217.5,103907.9,0.0,27.5,26.8,85,23.4,35.1,1723,11015,11854,15604,18800,18659,18633,11510,54844,3237
1782309056,1AC,102400000.0,102400000.0,13252820.0,12907381.0,1749118.0,1655559.4,421938.3,495312.5,103892.6,0.0,27.5,26.8,87,23.4,35.1,1723,11016,11856,15604,18792,18656,18629,11507,54828,3236
1782309353,1AC,102400000.0,102400000.0,13236524.0,12874532.0,1749125.6,1655659.6,422297.2,494009.3,103877.9,0.0,27.5,26.8,83,23.4,35.2,1724,11019,11858,15608,18801,18664,18636,11512,54845,3238
1782309653,1AC,102400000.0,102400000.0,13270403.0,12889521.0,1745132.5,1655427.1,421893.3,494987.3,103862.7,0.0,27.5,26.8,75,23.4,35.1,1723,11016,11854,15603,18793,18655,18628,11508,54828,3238
1782309954,1AC,102400000.0,102400000.0,13235288.0,12867645.0,1747017.4,1655198.4,421825.7,494433.8,103846.3,0.0,27.5,26.8,78,23.4,35.2,1724,11018,11855,15607,18799,18662,18635,11511,54843,3237
1782310255,1AC,102400000.0,102400000.0,13230736.0,12866152.0,1743035.1,1655106.0,421497.9,494620.9,103831.7,0.0,27.5,26.8,94,23.4,35.2,1723,11015,11851,15604,18789,18654,18627,11506,54819,3237
1782310556,1AC,102400000.0,102400000.0,13220525.0,12882879.0,1741637.9,1651639.6,422649.3,494520.7,103814.9,0.0,27.5,26.8,70,23.4,35.2,1723,11014,11850,15600,18788,18653,18623,11504,54811,3235
1782310853,1AC,102400000.0,102400000.0,13233273.0,12864217.0,1744153.5,1648756.6,420788.7,493949.5,103799.0,0.0,27.5,26.8,72,23.4,35.2,1723,11014,11850,15600,18788,18652,18626,11504,54811,3235
1782311153,1AC,102400000.0,102400000.0,13199839.0,12847204.0,1742395.0,1652660.9,421354.2,494489.4,103783.5,0.0,27.5,26.9,50,23.4,35.2,1724,11016,11853,15604,18793,18656,18628,11507,54825,3236
1782311454,1AC,102400000.0,102400000.0,13211843.0,12850339.0,1741310.6,1655345.5,420846.2,494122.0,103767.3,0.0,27.4,26.9,41,23.4,35.2,1723,11015,11853,15604,18790,18654,18626,11506,54814,3236
1782311755,1AC,102400000.0,102400000.0,13226453.0,12872197.0,1738394.5,1651735.1,421443.4,494260.0,103750.3,0.0,27.5,26.9,68,23.4,35.2,1723,11013,11851,15603,18793,18653,18627,11506,54819,3236
1782312055,1AC,102400000.0,102400000.0,13192160.0,12863092.0,1741729.5,1650376.4,420565.1,492926.1,103734.7,0.0,27.4,26.9,47,23.4,35.3,1723,11016,11854,15606,18798,18660,18634,11509,54832,3236
1782312352,1AC,102400000.0,102400000.0,13179297.0,12831008.0,1741315.0,1647671.9,420903.1,493861.1,103719.0,0.0,27.4,26.9,63,23.4,35.3,1723,11014,11853,15604,18796,18660,18632,11509,54832,3237
1782312653,1AC,102400000.0,102400000.0,13209025.0,12815055.0,1745081.1,1652170.4,420286.5,492548.2,103705.2,0.0,27.4,26.9,77,23.4,35.3,1723,11014,11851,15602,18796,18658,18631,11509,54833,3237
1782312953,1AC,102400000.0,102400000.0,13161564.0,12825224.0,1738273.4,1648289.0,421198.4,492810.4,103690.3,0.0,27.4,27.0,38,23.4,35.3,1723,11017,11854,15606,18793,18654,18627,11507,54817,3238
1782313254,1AC,102400000.0,102400000.0,13189324.0,12798647.0,1740116.6,1650959.6,420371.0,492338.1,103675.2,0.0,27.4,27.0,80,23.3,35.3,1723,11011,11848,15598,18790,18653,18625,11505,54811,3235
1782313555,1AC,102400000.0,102400000.0,13215200.0,12804727.0,1738853.5,1649883.5,420194.4,491995.8,103659.3,0.0,27.4,27.0,65,23.4,35.4,1723,11016,11851,15606,18794,18655,18630,11506,54826,3236
1782313856,1AC,102400000.0,102400000.0,13187968.0,12804577.0,1739962.6,1649833.5,420310.3,492281.0,103644.8,0.0,27.4,27.0,51,23.4,35.4,1723,11012,11850,15602,18794,18658,18626,11506,54815,3235
1782314153,1AC,102400000.0,102400000.0,13138832.0,12806143.0,1738416.5,1648456.5,419734.1,491719.7,103629.2,0.0,27.4,27.0,60,23.3,35.4,1722,11011,11847,15597,18788,18650,18622,11503,54799,3235
1782314454,1AC,102400000.0,102400000.0,13164065.0,12782945.0,1736552.4,1648698.6,420439.3,492118.9,103614.7,0.0,27.4,27.0,75,23.3,35.4,1723,11017,11855,15607,18794,18655,18630,11507,54828,3237
1782314755,1AC,102400000.0,102400000.0,13117415.0,12803327.0,1736756.6,1646637.9,419370.4,491956.9,103600.5,0.0,27.4,27.0,37,23.3,35.4,1723,11015,11853,15607,18798,18662,18632,11509,54835,3236
1782315055,1AC,102400000.0,102400000.0,13138175.0,12758412.0,1735654.0,1650754.5,420504.3,491943.1,103586.4,0.0,27.4,27.0,62,23.3,35.5,1723,11012,11851,15605,18795,18655,18630,11508,54826,3236
1782315353,1AC,102400000.0,102400000.0,13130331.0,12769579.0,1737287.0,1643485.9,420698.2,491849.2,103572.9,0.0,27.4,27.1,59,23.3,35.5,1723,11012,11850,15601,18790,18651,18625,11504,54816,3235
1782315653,1AC,102400000.0,102400000.0,13123389.0,12753372.0,1736621.0,1647418.4,419686.6,491279.5,103558.0,0.0,27.4,27.1,90,23.3,35.5,1723,11012,11849,15602,18789,18650,18622,11503,54811,3237
1782315953,1AC,102400000.0,102400000.0,13148729.0,12777611.0,1737510.6,1647170.4,419326.2,491609.8,103543.2,0.0,27.4,27.1,85,23.3,35.5,1723,11012,11848,15600,18790,18650,18624,11502,54810,3236
1782316254,1AC,102400000.0,102400000.0,13107217.0,12787207.0,1736829.6,1647128.9,419610.5,491317.9,103530.4,0.0,27.4,27.1,50,23.3,35.5,1723,11011,11850,15602,18792,18652,18624,11504,54818,3235
1782316555,1AC,102400000.0,102400000.0,13135228.0,12746956.0,1736657.0,1641836.9,419278.1,491148.7,103517.8,0.0,27.4,27.1,54,23.3,35.5,1723,11011,11849,15602,18794,18655,18628,11505,54822,3236
1782316853,1AC,102400000.0,102400000.0,13104709.0,12772036.0,1735363.9,1643326.4,419430.5,490684.7,103504.6,0.0,27.4,27.1,59,23.3,35.6,1723,11009,11848,15601,18791,18652,18625,11506,54824,3236
1782317153,1AC,102400000.0,102400000.0,13114811.0,12760568.0,1736226.4,1646772.0,419495.7,490813.8,103490.8,0.0,27.4,27.1,58,23.3,35.6,1723,11009,11847,15599,18790,18648,18623,11503,54806,3235
1782317454,1AC,102400000.0,102400000.0,13083759.0,12712907.0,1733837.5,1642944.9,419119.5,490268.1,103479.3,0.0,27.4,27.1,67,23.3,35.6,1723,11011,11851,15603,18796,18659,18631,11508,54834,3236
1782317754,1AC,102400000.0,102400000.0,13080071.0,12750328.0,1731948.1,1642775.6,418488.9,490761.7,103471.4,0.0,27.4,27.1,98,23.3,35.6,1723,11011,11849,15600,18795,18655,18628,11507,54823,3236
1782318054,1AC,102400000.0,102400000.0,13097289.0,12749721.0,1732566.1,1643550.5,418883.0,490127.8,103465.9,0.0,27.4,27.2,81,23.3,35.6,1723,11012,11849,15603,18791,18651,18625,11505,54821,3237
1782318355,1AC,102400000.0,102400000.0,13048439.0,12725237.0,1732662.9,1640398.1,418738.7,489884.8,103461.6,0.0,27.4,27.2,54,23.3,35.6,1723,11011,11849,15600,18792,18653,18625,11504,54819,3236
1782318655,1AC,102400000.0,102400000.0,13068877.0,12715576.0,1728309.5,1637723.9,418573.6,489312.0,103456.6,0.0,27.4,27.2,68,23.4,35.6,1723,11015,11852,15602,18794,18654,18629,11507,54818,3237
1782318953,1AC,102400000.0,102400000.0,13066704.0,12701480.0,1731851.1,1637336.1,418439.0,489622.8,103453.7,0.0,27.5,27.2,69,23.4,35.7,1723,11015,11854,15604,18794,18656,18630,11508,54823,3236
1782319253,1AC,102400000.0,102400000.0,13036716.0,12669464.0,1726236.6,1641191.4,417732.4,488453.7,103450.5,0.0,27.5,27.2,67,23.4,35.7,1723,11015,11854,15605,18797,18658,18632,11509,54832,3236
1782319554,1AC,102400000.0,102400000.0,13012765.0,12654056.0,1721042.6,1634965.0,416736.6,488353.7,103446.1,0.0,27.5,27.2,52,23.4,35.7,1723,11015,11855,15603,18800,18658,18635,11510,54838,3236
1782319854,1AC,102400000.0,102400000.0,13012512.0,12632669.0,1721110.9,1632041.0,417363.6,487362.6,103442.6,0.0,27.5,27.2,55,23.4,35.7,1724,11019,11857,15608,18794,18657,18631,11508,54828,3235
1782320155,1AC,102400000.0,102400000.0,12962283.0,12629936.0,1717445.1,1631171.1,416059.8,486748.3,103439.9,0.0,27.5,27.2,62,23.5,35.7,1724,11015,11854,15603,18793,18656,18629,11507,54823,3235
1782320455,1AC,102400000.0,102400000.0,12961365.0,12611992.0,1720815.1,1626338.4,415762.0,487470.4,103437.2,0.0,27.6,27.2,54,23.5,35.7,1724,11016,11855,15604,18793,18654,18631,11508,54830,3236
1782320756,1AC,102400000.0,102400000.0,12920144.0,12601827.0,1711277.6,1623306.6,415714.4,486962.3,103432.7,0.0,27.6,27.2,57,23.5,35.7,1723,11009,11848,15592,18783,18644,18617,11500,54796,3234
1782321053,1AC,102400000.0,102400000.0,12877385.0,12518651.0,1709068.9,1621941.9,414422.0,485769.2,103428.0,0.0,27.6,27.2,76,23.5,35.7,1723,11013,11853,15599,18787,18650,18621,11504,54812,3235
1782321353,1AC,102400000.0,102400000.0,12891888.0,12550185.0,1706169.0,1624388.0,414327.5,485763.3,103423.9,0.0,27.6,27.3,73,23.6,35.7,1724,11013,11854,15599,18786,18647,18621,11501,54813,3235
1782321654,1AC,102400000.0,102400000.0,12848425.0,12477069.0,1704058.0,1617224.0,414779.4,484935.7,103419.6,0.0,27.6,27.3,67,23.6,35.7,1723,11012,11853,15597,18788,18652,18621,11504,54816,3235
1782321955,1AC,102400000.0,102400000.0,12866240.0,12530391.0,1703901.0,1611439.5,412850.2,484547.3,103415.2,0.0,27.7,27.3,76,23.6,35.8,1724,11015,11856,15601,18788,18649,18624,11504,54817,3234
1782322255,1AC,102400000.0,102400000.0,12809564.0,12472939.0,1702224.4,1613555.4,413316.8,483449.7,103410.8,0.0,27.7,27.3,84,23.6,35.8,1724,11014,11856,15598,18791,18653,18627,11506,54823,3235
1782322555,1AC,102400000.0,102400000.0,12789401.0,12446311.0,1696705.0,1610922.4,411656.3,483533.3,103405.8,0.0,27.7,27.3,70,23.6,35.8,1723,11015,11856,15600,18796,18658,18631,11510,54836,3236
1782322856,1AC,102400000.0,102400000.0,12788076.0,12443643.0,1699045.0,1609515.6,410838.1,483034.2,103401.9,0.0,27.7,27.3,72,23.7,35.8,1724,11016,11856,15599,18787,18651,18625,11506,54816,3234
1782323153,1AC,102400000.0,102400000.0,12738461.0,12442592.0,1689958.5,1607842.9,411043.5,481929.4,103398.0,0.0,27.7,27.3,81,23.7,35.8,1725,11018,11859,15602,18792,18654,18628,11505,54819,3235
1782323453,1AC,102400000.0,102400000.0,12744013.0,12401324.0,1689359.1,1602226.9,409766.2,481547.4,103394.4,0.0,27.8,27.3,69,23.7,35.8,1724,11016,11858,15598,18790,18653,18625,11506,54816,3234
1782323753,1AC,102400000.0,102400000.0,12711865.0,12401392.0,1687464.5,1604160.5,409596.4,481391.6,103389.6,0.0,27.8,27.3,67,23.7,35.9,1723,11016,11858,15598,18789,18654,18624,11505,54819,3235
1782324054,1AC,102400000.0,102400000.0,12712919.0,12369477.0,1683039.9,1599220.1,410255.2,481112.2,103385.2,0.0,27.8,27.3,77,23.7,35.9,1725,11021,11863,15605,18794,18656,18630,11509,54835,3235
1782324354,1AC,102400000.0,102400000.0,12637023.0,12316925.0,1682556.1,1595092.4,409661.0,480476.1,103380.0,0.0,27.8,27.3,46,23.8,35.9,1725,11019,11863,15600,18794,18659,18630,11508,54837,3235
1782324655,1AC,102400000.0,102400000.0,12647863.0,12347008.0,1682530.6,1596570.0,409637.2,479613.0,103374.8,0.0,27.9,27.3,66,23.8,35.9,1724,11019,11861,15599,18786,18653,18626,11503,54818,3234
1782324955,1AC,102400000.0,102400000.0,12652188.0,12326068.0,1675986.9,1592223.9,408611.5,478863.1,103369.3,0.0,27.9,27.3,47,23.8,35.9,1724,11017,11859,15596,18787,18651,18624,11503,54821,3235
1782325255,1AC,102400000.0,102400000.0,12619620.0,12293117.0,1676474.6,1590619.1,408687.6,477946.6,103363.5,0.0,27.9,27.4,57,23.8,35.9,1724,11015,11859,15594,18785,18651,18623,11505,54816,3233
1782325555,1AC,102400000.0,102400000.0,12590249.0,12278232.0,1670406.4,1587787.4,407141.0,477750.7,103356.9,0.0,27.9,27.4,89,23.8,35.9,1724,11015,11859,15594,18783,18645,18617,11500,54798,3233
1782325856,1AC,102400000.0,102400000.0,12611645.0,12250735.0,1669184.4,1584777.9,407444.2,478078.5,103350.2,0.0,27.9,27.4,55,23.8,35.9,1724,11017,11862,15595,18788,18651,18625,11504,54813,3233
1782326153,1AC,102400000.0,102400000.0,12542963.0,12243491.0,1665740.9,1584382.9,406775.2,476651.2,103341.7,0.0,27.9,27.4,58,23.9,35.9,1725,11020,11865,15600,18790,18656,18630,11506,54830,3234
1782326453,1AC,102400000.0,102400000.0,12534108.0,12213436.0,1667521.5,1579283.5,406883.8,476183.5,103335.1,0.0,27.9,27.4,45,23.9,36.0,1724,11017,11862,15598,18791,18656,18626,11505,54834,3234
1782326753,1AC,102400000.0,102400000.0,12527816.0,12209908.0,1663958.4,1575581.5,406598.2,475226.3,103328.6,0.0,28.0,27.4,57,23.9,36.0,1724,11017,11859,15596,18783,18650,18623,11502,54812,3233
1782327054,1AC,102400000.0,102400000.0,12500953.0,12205899.0,1657873.1,1573468.9,404668.0,475341.4,103321.5,0.0,28.0,27.4,63,23.9,36.0,1725,11021,11866,15602,18795,18661,18635,11510,54845,3234
1782327354,1AC,102400000.0,102400000.0,12489663.0,12175829.0,1661402.6,1573286.0,404117.2,476552.8,103315.3,0.0,28.0,27.4,65,23.9,36.0,1725,11022,11868,15602,18795,18659,18633,11508,54842,3234
1782327654,1AC,102400000.0,102400000.0,12509359.0,12142760.0,1658045.1,1571753.0,404904.8,474426.9,103308.0,0.0,28.0,27.4,57,23.9,36.0,1724,11017,11863,15597,18788,18653,18627,11504,54830,3233
1782327955,1AC,102400000.0,102400000.0,12455599.0,12130808.0,1652317.1,1568749.6,403450.1,474519.5,103301.8,0.0,28.0,27.4,45,23.9,36.0,1725,11022,11866,15601,18791,18656,18631,11507,54837,3234
1782328255,1AC,102400000.0,102400000.0,12427851.0,12119560.0,1653901.9,1567716.9,403345.8,473680.4,103295.1,0.0,28.0,27.5,48,23.9,36.0,1725,11023,11869,15603,18794,18657,18630,11508,54834,3234
1782328556,1AC,102400000.0,102400000.0,12465792.0,12094780.0,1650752.1,1566837.9,402498.3,473862.2,103287.5,0.0,28.0,27.4,54,24.0,36.0,1725,11026,11870,15605,18798,18662,18636,11511,54857,3235
1782328853,1AC,102400000.0,102400000.0,12438533.0,12095235.0,1650158.1,1568696.4,402853.5,473591.2,103279.7,0.0,28.0,27.5,72,24.0,36.0,1724,11017,11864,15597,18786,18655,18629,11507,54834,3233
1782329153,1AC,102400000.0,102400000.0,12409208.0,12044107.0,1648649.4,1563636.6,402967.6,472710.9,103274.4,0.0,28.0,27.5,73,24.0,36.1,1725,11022,11866,15603,18793,18658,18633,11510,54838,3235
1782329453,1AC,102400000.0,102400000.0,12390365.0,12058272.0,1648729.4,1563849.4,401668.2,472143.1,103267.3,0.0,28.1,27.5,55,24.0,36.1,1726,11026,11870,15604,18794,18661,18632,11510,54846,3234
1782329754,1AC,102400000.0,102400000.0,12368844.0,12052707.0,1648010.9,1562321.4,401926.2,472579.5,103259.0,0.0,28.1,27.5,48,24.0,36.1,1726,11028,11873,15610,18797,18663,18635,11512,54858,3235
1782330054,1AC,102400000.0,102400000.0,12366457.0,12026800.0,1645030.0,1557438.9,401701.1,470949.0,103251.9,0.0,28.1,27.5,62,24.0,36.1,1725,11020,11868,15598,18789,18655,18629,11506,54830,3235
1782330354,1AC,102400000.0,102400000.0,12334691.0,11986955.0,1641644.0,1558272.4,401183.0,470478.3,103244.0,0.0,28.1,27.5,57,24.0,36.1,1725,11022,11868,15601,18787,18658,18629,11506,54829,3233
1782330655,1AC,102400000.0,102400000.0,12359643.0,12026531.0,1640578.5,1553911.5,399980.9,471102.6,103236.2,0.0,28.1,27.5,64,24.0,36.1,1725,11024,11870,15602,18795,18660,18633,11508,54851,3234
1782330955,1AC,102400000.0,102400000.0,12346112.0,11961535.0,1634728.0,1550676.6,400385.2,471453.6,103226.2,0.0,28.1,27.6,63,24.0,36.2,1725,11024,11870,15598,18791,18660,18633,11508,54841,3235
1782331255,1AC,102400000.0,102400000.0,12299316.0,11960771.0,1639525.5,1550471.9,399674.0,470348.9,103217.9,0.0,28.1,27.5,79,24.1,36.2,1725,11024,11869,15601,18790,18656,18626,11507,54833,3234
1782331556,1AC,102400000.0,102400000.0,12286004.0,11920315.0,1635796.0,1551457.5,400431.9,470377.2,103208.6,0.0,28.1,27.5,59,24.1,36.2,1725,11023,11869,15600,18790,18657,18629,11510,54841,3234
1782331853,1AC,102400000.0,102400000.0,12320343.0,11932821.0,1632858.4,1549648.5,399135.3,469669.5,103199.7,0.0,28.1,27.6,46,24.1,36.2,1724,11020,11867,15594,18788,18656,18630,11509,54824,3234
1782332153,1AC,102400000.0,102400000.0,12272785.0,11913476.0,1633011.6,1551297.9,399553.2,469338.2,103191.6,0.0,28.1,27.6,62,24.1,36.2,1726,11028,11873,15606,18794,18664,18635,11511,54848,3235
1782332454,1AC,102400000.0,102400000.0,12226635.0,11895507.0,1632061.9,1553115.4,399280.0,468672.9,103183.6,0.0,28.2,27.6,99,24.1,36.2,1724,11018,11866,15594,18785,18654,18624,11505,54825,3233
1782332754,1AC,102400000.0,102400000.0,12238347.0,11887757.0,1628879.9,1546423.5,398966.5,468538.3,103175.0,0.0,28.2,27.6,63,24.1,36.2,1725,11022,11870,15602,18786,18655,18628,11507,54835,3233
1782333055,1AC,102400000.0,102400000.0,12229304.0,11859337.0,1628954.4,1545466.1,398834.0,467719.6,103167.3,0.0,28.2,27.6,80,24.1,36.2,1725,11025,11871,15603,18791,18663,18633,11508,54844,3234
1782333355,1AC,102400000.0,102400000.0,12237032.0,11829489.0,1626004.6,1542659.1,398664.7,468401.8,103158.0,0.0,28.2,27.6,58,24.1,36.2,1725,11023,11870,15600,18788,18653,18626,11507,54826,3233
1782333655,1AC,102400000.0,102400000.0,12214345.0,11860507.0,1625703.9,1545910.0,397394.0,467711.0,103149.0,0.0,28.2,27.6,65,24.1,36.3,1725,11025,11870,15600,18788,18659,18631,11506,54840,3233
1782333956,1AC,102400000.0,102400000.0,12198264.0,11807387.0,1626755.5,1540710.9,397114.6,468053.2,103140.7,0.0,28.2,27.7,54,24.1,36.3,1725,11020,11868,15596,18788,18652,18627,11506,54830,3233
1782334256,1AC,102400000.0,102400000.0,12204572.0,11803315.0,1627336.5,1538517.0,397925.2,467005.0,103131.3,0.0,28.2,27.6,81,24.1,36.3,1725,11024,11871,15602,18788,18656,18628,11507,54827,3233
1782334553,1AC,102400000.0,102400000.0,12184135.0,11787743.0,1626273.0,1540442.6,397231.2,466073.9,103122.1,0.0,28.2,27.7,69,24.1,36.3,1725,11020,11867,15594,18781,18651,18623,11504,54821,3232
1782334853,1AC,102400000.0,102400000.0,12171140.0,11809033.0,1619728.0,1534778.6,397258.8,466525.5,103112.7,0.0,28.2,27.6,67,24.2,36.3,1725,11020,11867,15597,18783,18649,18624,11503,54816,3233
1782335153,1AC,102400000.0,102400000.0,12147767.0,11807228.0,1624175.5,1540577.9,396206.7,466394.6,103103.2,0.0,28.2,27.7,48,24.2,36.3,1724,11020,11866,15592,18782,18651,18623,11505,54821,3233
1782335454,1AC,102400000.0,102400000.0,12144343.0,11806773.0,1618605.5,1541817.5,397100.1,466247.5,103094.7,0.0,28.2,27.7,62,24.2,36.4,1725,11019,11868,15595,18783,18652,18623,11504,54813,3232
1782335754,1AC,102400000.0,102400000.0,12168216.0,11763493.0,1617863.4,1535006.5,397046.7,466851.9,103086.5,0.0,28.2,27.7,58,24.2,36.4,1725,11020,11868,15594,18782,18651,18625,11505,54821,3232
1782336055,1AC,102400000.0,102400000.0,12147247.0,11770117.0,1618307.6,1539366.1,396405.8,465380.5,103077.9,0.0,28.2,27.7,54,24.2,36.4,1725,11023,11871,15599,18783,18652,18626,11506,54830,3233
1782336355,1AC,102400000.0,102400000.0,12117415.0,11752920.0,1617029.1,1534000.4,395606.6,465692.2,103068.6,0.0,28.3,27.7,76,24.2,36.4,1726,11027,11874,15603,18789,18657,18631,11509,54845,3233
1782336656,1AC,102400000.0,102400000.0,12124732.0,11771108.0,1616171.5,1530039.1,395776.0,464019.3,103060.0,0.0,28.3,27.7,34,24.2,36.4,1725,11023,11870,15597,18789,18656,18630,11507,54845,3233
1782336953,1AC,102400000.0,102400000.0,12090951.0,11725467.0,1614205.6,1532343.4,394620.0,464581.5,103049.5,0.0,28.3,27.7,54,24.2,36.4,1725,11020,11868,15594,18787,18652,18623,11505,54825,3232
1782337253,1AC,102400000.0,102400000.0,12099527.0,11742995.0,1617261.5,1527771.4,395681.6,464403.6,103039.5,0.0,28.3,27.7,67,24.2,36.4,1726,11025,11874,15600,18796,18661,18636,11509,54858,3236
1782337553,1AC,102400000.0,102400000.0,12079935.0,11702232.0,1615098.4,1532246.9,394963.8,464137.3,103030.2,0.0,28.3,27.7,56,24.2,36.4,1725,11020,11868,15593,18784,18651,18625,11504,54827,3232
1782337854,1AC,102400000.0,102400000.0,12048765.0,11701865.0,1613242.0,1525861.5,394690.1,463380.0,103020.2,0.0,28.3,27.8,60,24.2,36.4,1725,11025,11873,15602,18785,18654,18626,11506,54825,3232
1782338154,1AC,102400000.0,102400000.0,12071299.0,11712581.0,1611228.4,1529136.1,394595.1,464369.3,103009.8,0.0,28.3,27.7,69,24.2,36.5,1726,11023,11873,15596,18787,18656,18629,11506,54836,3234
1782338454,1AC,102400000.0,102400000.0,12053456.0,11705483.0,1613679.0,1532818.5,394250.5,463656.5,102998.9,0.0,28.3,27.8,74,24.2,36.4,1726,11025,11874,15599,18787,18657,18630,11506,54841,3233
1782338755,1AC,102400000.0,102400000.0,12048095.0,11676587.0,1609048.0,1523810.5,393857.2,463670.8,102989.5,0.0,28.3,27.8,51,24.2,36.5,1726,11026,11871,15599,18785,18654,18624,11504,54822,3233
1782339055,1AC,102400000.0,102400000.0,12048264.0,11671028.0,1610233.9,1524896.5,393796.8,463240.5,102979.6,0.0,28.3,27.8,30,24.2,36.5,1726,11026,11874,15601,18791,18659,18631,11508,54844,3233
1782339355,1AC,102400000.0,102400000.0,12007549.0,11657640.0,1610764.4,1525968.0,393544.3,462545.2,102970.0,0.0,28.3,27.8,67,24.2,36.5,1725,11024,11871,15599,18788,18654,18627,11505,54826,3233
1782339656,1AC,102400000.0,102400000.0,12037156.0,11682037.0,1608713.9,1519227.0,394244.3,463654.6,102959.2,0.0,28.3,27.8,51,24.2,36.5,1725,11025,11874,15600,18792,18662,18634,11509,54853,3234
1782339953,1AC,102400000.0,102400000.0,12001707.0,11651551.0,1609978.1,1521553.0,393019.6,463009.0,102949.7,0.0,28.3,27.8,80,24.2,36.5,1725,11023,11870,15598,18784,18654,18626,11506,54831,3232
1782340253,1AC,102400000.0,102400000.0,12033475.0,11641099.0,1605233.9,1518570.4,393475.5,463182.9,102940.8,0.0,28.3,27.8,74,24.2,36.5,1725,11022,11872,15597,18789,18657,18630,11507,54844,3233
1782340553,1AC,102400000.0,102400000.0,12015100.0,11642185.0,1607197.4,1520748.4,394109.5,462003.7,102931.4,0.0,28.3,27.8,52,24.2,36.6,1726,11023,11871,15596,18788,18655,18628,11506,54824,3233
1782340854,1AC,102400000.0,102400000.0,11984788.0,11639319.0,1603381.9,1519641.1,393225.8,461638.0,102921.9,0.0,28.3,27.8,77,24.2,36.6,1725,11023,11870,15597,18785,18652,18625,11504,54828,3232
1782341154,1AC,102400000.0,102400000.0,11992415.0,11651296.0,1608090.4,1520771.4,393534.8,462041.3,102911.5,0.0,28.3,27.8,73,24.3,36.6,1725,11022,11870,15595,18784,18654,18625,11505,54823,3233
1782341454,1AC,102400000.0,102400000.0,11966669.0,11616864.0,1603992.0,1522289.4,392674.9,462410.4,102900.4,0.0,28.3,27.8,72,24.3,36.6,1725,11022,11871,15596,18779,18651,18622,11502,54813,3232
1782341755,1AC,102400000.0,102400000.0,11959353.0,11595284.0,1603446.4,1516055.1,392073.6,462129.6,102888.8,0.0,28.3,27.9,67,24.3,36.6,1725,11021,11872,15595,18784,18653,18625,11504,54822,3232
1782342055,1AC,102400000.0,102400000.0,11938023.0,11624073.0,1602708.1,1522116.1,393155.3,460606.8,102876.8,0.0,28.3,27.9,36,24.3,36.6,1725,11024,11871,15596,18786,18656,18629,11507,54827,3232
1782342355,1AC,102400000.0,102400000.0,11969511.0,11644179.0,1599296.4,1516192.4,392603.4,462245.8,102864.0,0.0,28.3,27.9,64,24.2,36.6,1725,11025,11872,15597,18787,18656,18628,11506,54837,3234
1782342656,1AC,102400000.0,102400000.0,11939960.0,11597921.0,1603198.5,1519177.0,392413.8,460893.4,102850.8,0.0,28.3,27.9,74,24.2,36.6,1725,11024,11872,15599,18787,18655,18626,11505,54830,3233
1782342953,1AC,102400000.0,102400000.0,11949801.0,11622567.0,1599486.0,1518571.6,392848.4,460354.5,102836.2,0.0,28.3,27.9,42,24.2,36.6,1726,11027,11876,15603,18788,18657,18630,11506,54845,3233
1782343253,1AC,102400000.0,102400000.0,11966317.0,11600053.0,1605834.6,1518437.4,392289.6,460825.8,102821.5,0.0,28.3,27.9,37,24.2,36.6,1725,11022,11871,15596,18787,18654,18629,11505,54832,3233
1782343553,1AC,102400000.0,102400000.0,11959795.0,11624077.0,1606948.9,1519235.4,392272.3,461252.2,102806.2,0.0,28.3,27.9,65,24.2,36.6,1725,11021,11868,15592,18783,18651,18625,11504,54820,3232
1782343854,1AC,102400000.0,102400000.0,11940581.0,11618853.0,1602247.5,1519471.9,392460.7,461396.6,102789.3,0.0,28.3,27.9,62,24.2,36.7,1725,11019,11868,15592,18783,18651,18624,11503,54819,3232
1782344154,1AC,102400000.0,102400000.0,11991432.0,11615021.0,1605652.4,1520249.6,392447.4,460597.1,102772.7,0.0,28.3,27.9,43,24.2,36.7,1725,11025,11873,15599,18790,18659,18630,11506,54834,3233
1782344454,1AC,102400000.0,102400000.0,11946089.0,11614431.0,1604552.9,1520566.6,392182.0,462559.4,102755.3,0.0,28.2,27.9,75,24.2,36.7,1726,11025,11873,15600,18789,18656,18628,11505,54831,3233
1782344755,1AC,102400000.0,102400000.0,11992033.0,11606236.0,1603332.4,1520220.6,391623.2,461781.1,102739.4,0.0,28.2,27.9,45,24.2,36.7,1725,11020,11869,15597,18787,18655,18628,11506,54833,3233
1782345055,1AC,102400000.0,102400000.0,11954077.0,11590301.0,1606831.1,1521627.4,392366.2,461229.1,102723.3,0.0,28.2,27.9,80,24.2,36.7,1725,11025,11871,15597,18789,18659,18629,11508,54839,3234
1782345355,1AC,102400000.0,102400000.0,12000816.0,11588295.0,1607465.9,1521413.6,393121.1,461490.8,102706.5,0.0,28.2,27.9,37,24.1,36.7,1724,11018,11867,15591,18782,18650,18623,11503,54819,3235
1782345653,1AC,102400000.0,102400000.0,11998159.0,11629701.0,1608364.0,1523039.4,392695.6,461847.3,102689.3,0.0,28.2,28.0,43,24.1,36.7,1725,11020,11868,15595,18785,18654,18626,11505,54826,3233
1782345953,1AC,102400000.0,102400000.0,12002459.0,11599911.0,1607552.4,1524138.9,392898.5,462134.2,102673.1,0.0,28.2,28.0,55,24.1,36.7,1725,11019,11866,15595,18777,18647,18620,11500,54809,3232
1782346253,1AC,102400000.0,102400000.0,11974844.0,11665741.0,1611535.5,1520871.6,393384.9,462197.8,102656.5,0.0,28.1,28.0,84,24.1,36.8,1725,11023,11871,15602,18790,18658,18631,11508,54835,3234
1782346554,1AC,102400000.0,102400000.0,11988412.0,11614841.0,1612358.4,1528694.4,392962.0,462381.9,102640.7,0.0,28.1,28.0,50,24.0,36.7,1724,11016,11863,15591,18779,18648,18621,11500,54804,3232
1782346854,1AC,102400000.0,102400000.0,12019575.0,11621725.0,1611930.4,1525927.9,393027.1,462619.4,102623.8,0.0,28.1,28.0,50,24.0,36.8,1725,11022,11868,15599,18790,18659,18630,11508,54834,3234
1782347154,1AC,102400000.0,102400000.0,12044960.0,11668484.0,1612123.6,1525415.0,393902.1,461577.6,102608.3,0.0,28.1,28.0,72,24.0,36.8,1724,11017,11864,15594,18786,18650,18625,11503,54814,3233
1782347454,1AC,102400000.0,102400000.0,12034244.0,11645217.0,1615540.0,1528785.0,393009.9,462882.3,102592.0,0.0,28.1,28.0,47,24.0,36.8,1725,11024,11869,15602,18792,18655,18628,11508,54828,3234
1782347755,1AC,102400000.0,102400000.0,12025351.0,11639440.0,1615994.9,1533735.4,394075.1,463671.1,102576.3,0.0,28.0,28.0,41,24.0,36.8,1725,11024,11869,15601,18792,18659,18630,11507,54840,3234
1782348055,1AC,102400000.0,102400000.0,12055773.0,11700709.0,1617296.6,1530745.6,393179.5,462378.5,102560.9,0.0,28.0,28.1,78,24.0,36.8,1725,11021,11866,15600,18794,18659,18630,11508,54838,3234
1782348355,1AC,102400000.0,102400000.0,12032075.0,11654571.0,1621303.1,1536825.1,394829.5,464081.7,102545.3,0.0,28.0,28.1,57,24.0,36.8,1724,11014,11861,15596,18782,18649,18623,11501,54810,3233
1782348656,1AC,102400000.0,102400000.0,12057033.0,11683545.0,1618713.9,1532560.4,393849.0,462558.0,102529.1,0.0,28.0,28.1,75,23.9,36.8,1724,11019,11864,15597,18790,18652,18628,11506,54826,3235
1782348953,1AC,102400000.0,102400000.0,12067012.0,11677348.0,1620599.0,1536162.0,393617.5,462741.3,102514.9,0.0,28.0,28.1,61,23.9,36.8,1724,11015,11860,15595,18783,18649,18623,11502,54808,3232
1782349253,1AC,102400000.0,102400000.0,12072880.0,11702323.0,1623113.1,1536355.4,395226.3,464540.7,102500.5,0.0,28.0,28.1,41,23.9,36.8,1724,11017,11863,15596,18787,18652,18628,11504,54824,3233
1782349554,1AC,102400000.0,102400000.0,12064768.0,11721337.0,1623911.0,1541921.4,394478.2,463656.2,102486.9,0.0,28.0,28.1,65,23.9,36.8,1725,11019,11865,15601,18788,18650,18625,11504,54818,3233
1782349854,1AC,102400000.0,102400000.0,12091188.0,11738667.0,1624301.5,1540639.6,395016.1,463046.9,102472.4,0.0,28.0,28.1,53,23.9,36.8,1724,11019,11863,15597,18788,18655,18626,11505,54819,3235
1782350154,1AC,102400000.0,102400000.0,12101753.0,11760323.0,1629181.4,1539890.4,396569.2,464364.9,102457.5,0.0,27.9,28.1,51,23.9,36.9,1725,11016,11861,15596,18785,18652,18624,11505,54814,3233
1782350455,1AC,102400000.0,102400000.0,12083921.0,11738096.0,1625569.6,1538921.0,394905.1,463655.8,102444.4,0.0,27.9,28.1,69,23.8,36.9,1724,11014,11859,15594,18783,18650,18623,11503,54813,3233
1782350755,1AC,102400000.0,102400000.0,12116992.0,11777215.0,1628737.6,1543737.5,394774.1,464437.5,102431.6,0.0,27.9,28.1,57,23.8,36.9,1724,11019,11862,15601,18789,18655,18628,11504,54823,3233
1782351054,1AC,102400000.0,102400000.0,12110408.0,11746893.0,1625571.6,1545360.6,396594.2,464262.7,102417.5,0.0,27.9,28.1,56,23.8,36.9,1725,11018,11861,15597,18788,18653,18625,11504,54821,3234
1782351354,1AC,102400000.0,102400000.0,12097043.0,11748360.0,1630547.6,1544001.9,396464.2,464381.5,102404.5,0.0,27.9,28.1,50,23.8,36.9,1725,11020,11865,15603,18789,18657,18630,11507,54834,3235
1782351654,1AC,102400000.0,102400000.0,12103152.0,11759321.0,1631604.6,1544411.9,395294.5,464558.2,102390.9,0.0,27.9,28.1,48,23.8,36.9,1724,11017,11862,15602,18790,18655,18628,11506,54826,3234
1782351954,1AC,102400000.0,102400000.0,12105079.0,11758661.0,1631331.4,1547120.4,396110.5,464120.3,102378.8,0.0,27.9,28.2,32,23.8,36.9,1724,11015,11857,15594,18782,18649,18621,11500,54807,3234
1782352254,1AC,102400000.0,102400000.0,12114320.0,11782975.0,1630160.6,1548851.0,396145.9,464767.1,102368.4,0.0,27.8,28.2,42,23.8,36.9,1724,11016,11858,15596,18786,18651,18627,11502,54816,3234
1782352554,1AC,102400000.0,102400000.0,12111724.0,11798207.0,1631783.4,1546878.5,396547.2,464700.9,102356.9,0.0,27.8,28.2,49,23.8,36.9,1724,11015,11858,15596,18786,18649,18622,11502,54816,3233
1782352854,1AC,102400000.0,102400000.0,12134161.0,11795536.0,1630417.9,1548542.9,395764.8,463855.5,102344.6,0.0,27.8,28.2,75,23.8,36.9,1724,11017,11862,15601,18788,18653,18627,11504,54814,3234
1782353154,1AC,102400000.0,102400000.0,12129596.0,11790639.0,1632142.5,1550212.1,396204.2,466054.5,102331.6,0.0,27.8,28.2,52,23.7,37.0,1724,11020,11862,15604,18797,18660,18632,11509,54841,3235
1782353454,1AC,102400000.0,102400000.0,12155265.0,11799209.0,1635644.9,1553093.5,395992.4,465128.3,102321.5,0.0,27.8,28.2,56,23.7,36.9,1725,11020,11864,15604,18794,18660,18632,11508,54843,3237
1782353754,1AC,102400000.0,102400000.0,12136097.0,11801964.0,1635933.6,1552840.0,396749.1,463763.2,102311.2,0.0,27.8,28.2,36,23.7,37.0,1725,11018,11862,15602,18790,18656,18629,11506,54820,3234
1782354054,1AC,102400000.0,102400000.0,12132565.0,11759720.0,1637359.9,1553152.9,396259.5,464522.0,102299.2,0.0,27.8,28.2,74,23.7,36.9,1724,11019,11861,15603,18792,18655,18630,11506,54823,3234
1782354354,1AC,102400000.0,102400000.0,12156080.0,11819601.0,1636004.5,1552297.0,397116.7,464559.5,102289.0,0.0,27.8,28.2,44,23.7,37.0,1724,11020,11862,15604,18791,18657,18630,11506,54834,3235
1782354654,1AC,102400000.0,102400000.0,12178215.0,11803673.0,1640455.4,1552904.6,397753.1,465802.0,102277.7,0.0,27.8,28.2,73,23.7,37.0,1724,11016,11859,15599,18791,18656,18629,11507,54823,3235
1782354954,1AC,102400000.0,102400000.0,12167311.0,11829449.0,1639249.4,1554853.9,396578.8,464656.2,102267.4,0.0,27.8,28.2,77,23.7,37.0,1723,11014,11856,15596,18785,18644,18622,11501,54799,3233
1782355254,1AC,102400000.0,102400000.0,12155127.0,11834084.0,1637586.4,1552760.9,396662.1,465762.4,102256.6,0.0,27.8,28.2,57,23.7,37.0,1724,11015,11857,15596,18782,18647,18618,11500,54801,3233
1782355554,1AC,102400000.0,102400000.0,12190612.0,11854523.0,1639336.9,1558401.1,397398.5,465987.3,102246.1,0.0,27.7,28.2,48,23.7,37.0,1723,11014,11854,15595,18784,18646,18621,11501,54806,3234
1782355854,1AC,102400000.0,102400000.0,12142205.0,11825835.0,1638393.0,1556621.0,396662.2,466276.6,102234.9,0.0,27.7,28.3,58,23.7,37.0,1723,11012,11856,15596,18789,18650,18624,11504,54819,3234
1782356154,1AC,102400000.0,102400000.0,12177992.0,11798275.0,1640891.0,1559035.4,397241.8,465605.2,102226.0,0.0,27.7,28.3,38,23.7,37.0,1724,11012,11855,15596,18785,18651,18625,11503,54814,3234
1782356454,1AC,102400000.0,102400000.0,12151401.0,11852332.0,1642204.1,1556018.1,396955.9,466649.9,102215.1,0.0,27.7,28.3,30,23.6,37.0,1725,11017,11861,15602,18798,18656,18633,11509,54838,3236
1782356754,1AC,102400000.0,102400000.0,12181125.0,11869415.0,1642802.0,1559716.6,397318.7,465451.2,102204.2,0.0,27.7,28.3,48,23.6,37.0,1724,11016,11860,15602,18793,18658,18630,11507,54826,3235
1782357054,1AC,102400000.0,102400000.0,12168707.0,11874241.0,1643910.5,1557719.6,397913.1,466580.1,102195.2,0.0,27.7,28.3,51,23.6,37.0,1723,11011,11854,15593,18781,18643,18619,11500,54803,3235
1782357355,1AC,102400000.0,102400000.0,12196504.0,11868647.0,1644008.6,1558339.6,396869.4,465268.5,102186.4,0.0,27.7,28.3,51,23.6,37.1,1723,11014,11855,15598,18791,18655,18630,11506,54826,3235
1782357655,1AC,102400000.0,102400000.0,12198079.0,11845944.0,1641883.0,1558773.0,398256.0,465087.4,102177.1,0.0,27.7,28.3,44,23.6,37.0,1724,11019,11859,15603,18793,18655,18629,11505,54828,3235
1782357955,1AC,102400000.0,102400000.0,12199833.0,11861885.0,1640600.1,1561844.1,398199.0,467576.7,102167.5,0.0,27.7,28.3,42,23.6,37.1,1724,11015,11856,15599,18791,18654,18629,11505,54823,3235
1782358255,1AC,102400000.0,102400000.0,12169727.0,11861267.0,1649935.6,1560599.4,397869.3,466551.6,102158.9,0.0,27.7,28.3,42,23.6,37.1,1724,11018,11861,15604,18798,18658,18631,11508,54841,3236
1782358555,1AC,102400000.0,102400000.0,12208092.0,11863623.0,1647440.1,1562480.1,397911.7,467910.7,102149.3,0.0,27.7,28.3,57,23.6,37.1,1724,11014,11855,15599,18790,18653,18624,11504,54823,3234
1782358855,1AC,102400000.0,102400000.0,12234709.0,11855147.0,1650195.0,1560342.9,397380.3,465591.0,102140.5,0.0,27.7,28.3,49,23.6,37.1,1724,11015,11857,15601,18792,18655,18628,11505,54826,3235
1782359155,1AC,102400000.0,102400000.0,12192473.0,11891327.0,1647719.6,1561420.6,397752.3,466270.0,102128.5,0.0,27.7,28.3,36,23.6,37.1,1723,11014,11854,15598,18790,18654,18629,11506,54813,3236
1782359455,1AC,102400000.0,102400000.0,12158371.0,11859624.0,1648591.1,1565118.0,397164.2,465033.5,102120.5,0.0,27.7,28.3,22,23.6,37.1,1724,11015,11856,15601,18794,18656,18631,11507,54827,3237
1782359756,1AC,102400000.0,102400000.0,12231113.0,11852999.0,1650107.1,1567363.0,398377.0,466064.9,102110.6,0.0,27.6,28.3,81,23.6,37.1,1724,11016,11857,15602,18792,18655,18627,11507,54829,3235
1782360053,1AC,102400000.0,102400000.0,12224277.0,11907669.0,1650262.0,1565583.9,398009.8,467359.8,102102.1,0.0,27.6,28.3,51,23.6,37.1,1724,11015,11856,15604,18796,18660,18632,11509,54822,3236
1782360353,1AC,102400000.0,102400000.0,12213257.0,11896279.0,1651521.1,1566758.9,397506.5,466764.2,102094.8,0.0,27.6,28.4,58,23.5,37.1,1724,11020,11861,15610,18799,18664,18638,11512,54841,3237
1782360654,1AC,102400000.0,102400000.0,12201053.0,11902997.0,1651517.5,1568575.6,397446.9,466792.2,102086.0,0.0,27.6,28.4,81,23.5,37.1,1724,11016,11858,15605,18797,18658,18632,11509,54831,3236
1782360954,1AC,102400000.0,102400000.0,12220747.0,11889503.0,1652059.6,1566343.6,397696.9,466771.9,102077.6,0.0,27.6,28.3,46,23.5,37.2,1725,11019,11861,15607,18801,18661,18634,11508,54837,3237
1782361255,1AC,102400000.0,102400000.0,12220371.0,11906531.0,1652262.4,1567095.5,398018.7,466762.9,102069.9,0.0,27.6,28.4,51,23.5,37.1,1723,11008,11850,15595,18784,18647,18620,11499,54793,3233
1782361556,1AC,102400000.0,102400000.0,12213312.0,11857801.0,1656937.6,1567581.5,398677.4,466635.2,102061.4,0.0,27.6,28.4,64,23.5,37.2,1724,11012,11854,15599,18791,18651,18626,11504,54810,3234
1782361853,1AC,102400000.0,102400000.0,12200659.0,11886419.0,1647078.4,1568786.1,397846.5,466757.5,102054.4,0.0,27.6,28.4,63,23.5,37.1,1723,11015,11854,15601,18789,18648,18625,11503,54820,3234
1782362153,1AC,102400000.0,102400000.0,12256737.0,11950096.0,1652973.1,1569836.5,397916.5,465820.4,102047.5,0.0,27.6,28.4,45,23.5,37.2,1724,11015,11857,15602,18794,18656,18631,11507,54828,3236
1782362454,1AC,102400000.0,102400000.0,12226647.0,11896485.0,1652257.1,1568511.1,398205.2,467764.8,102040.7,0.0,27.6,28.4,39,23.5,37.2,1724,11015,11856,15603,18795,18661,18633,11509,54840,3236
1782362754,1AC,102400000.0,102400000.0,12252609.0,11918511.0,1652902.0,1572365.4,398761.5,466689.6,102034.3,0.0,27.6,28.4,49,23.5,37.2,1723,11011,11853,15598,18789,18649,18626,11505,54810,3235
1782363055,1AC,102400000.0,102400000.0,12221665.0,11866523.0,1655588.6,1567557.1,397650.9,466582.7,102027.0,0.0,27.6,28.4,25,23.5,37.2,1723,11010,11851,15597,18785,18646,18620,11501,54803,3234
1782363355,1AC,102400000.0,102400000.0,12221547.0,11927792.0,1658539.5,1570620.1,398371.8,466325.4,102020.3,0.0,27.6,28.4,29,23.5,37.2,1724,11014,11853,15601,18788,18651,18624,11503,54814,3235
1782363652,1AC,102400000.0,102400000.0,12231148.0,11915969.0,1652868.1,1572014.9,398222.6,466244.4,102014.2,0.0,27.6,28.4,59,23.5,37.2,1723,11013,11855,15600,18799,18658,18632,11508,54835,3238
1782363953,1AC,102400000.0,102400000.0,12195512.0,11905359.0,1655896.4,1572935.9,398911.0,467273.7,102005.4,0.0,27.6,28.4,46,23.5,37.2,1723,11012,11852,15598,18788,18650,18623,11502,54805,3234
1782364253,1AC,102400000.0,102400000.0,12225768.0,11900544.0,1656999.6,1569040.4,398370.8,466071.7,101998.5,0.0,27.6,28.4,45,23.5,37.2,1723,11014,11853,15601,18793,18656,18629,11507,54825,3237
1782364554,1AC,102400000.0,102400000.0,12202983.0,11906951.0,1655905.6,1573153.1,398098.0,466854.0,101991.7,0.0,27.6,28.4,61,23.5,37.2,1723,11012,11852,15598,18791,18656,18627,11506,54817,3237
1782364854,1AC,102400000.0,102400000.0,12231556.0,11898320.0,1654708.1,1571490.5,397804.8,466574.9,101985.4,0.0,27.6,28.4,39,23.5,37.2,1724,11016,11856,15601,18794,18658,18631,11506,54832,3236
1782365155,1AC,102400000.0,102400000.0,12239164.0,11963351.0,1656482.9,1573014.9,397829.1,467393.4,101979.5,0.0,27.5,28.5,39,23.5,37.2,1723,11011,11851,15597,18788,18650,18624,11501,54812,3234
1782365455,1AC,102400000.0,102400000.0,12212669.0,11910716.0,1655794.4,1574825.6,398007.5,467193.7,101974.0,0.0,27.6,28.4,47,23.5,37.3,1723,11009,11850,15597,18786,18651,18624,11502,54810,3234
1782365755,1AC,102400000.0,102400000.0,12224003.0,11855099.0,1657315.0,1571973.4,398310.1,467581.7,101967.7,0.0,27.6,28.4,55,23.5,37.2,1723,11011,11853,15598,18791,18652,18627,11504,54814,3235
1782366053,1AC,102400000.0,102400000.0,12222745.0,11909241.0,1653918.0,1574313.1,397539.9,465681.7,101962.3,0.0,27.5,28.4,64,23.5,37.2,1722,11008,11850,15595,18781,18644,18619,11500,54800,3234
1782366353,1AC,102400000.0,102400000.0,12223707.0,11927093.0,1656396.9,1571256.9,397506.6,466637.8,101956.1,0.0,27.5,28.5,43,23.5,37.3,1723,11011,11851,15597,18787,18651,18624,11503,54809,3235
1782366955,1AC,102400000.0,102400000.0,13496848.0,13162265.0,1849472.6,1798269.1,460750.3,562609.4,105417.5,0.0,27.3,16.1,83,23.2,24.2,1723,11020,11858,15612,18806,18665,18640,11512,54871,3237
1782367255,1AC,102400000.0,102400000.0,16838698.0,16478217.0,2208298.0,2132264.5,500663.5,584779.6,105499.2,0.0,27.4,18.7,76,23.3,26.1,1724,11015,11857,15609,18797,18659,18635,11508,54846,3238
1782367553,1AC,102400000.0,102400000.0,17290470.0,16954032.0,2263455.8,2174455.0,507322.0,585968.2,105527.6,0.0,27.4,20.1,103,23.3,27.3,1723,11012,11852,15602,18797,18656,18631,11507,54838,3236
1782367853,1AC,102400000.0,102400000.0,17307592.0,16887170.0,2263949.8,2168156.2,505804.2,584125.9,105534.4,0.0,27.4,20.9,77,23.4,28.1,1724,11018,11857,15608,18803,18665,18636,11511,54862,3237
1782368154,1AC,102400000.0,102400000.0,17182920.0,16770049.0,2241233.2,2143798.0,503439.1,582046.9,105530.6,0.0,27.4,21.5,81,23.4,28.7,1724,11017,11857,15608,18802,18662,18636,11510,54845,3237
1782368454,1AC,102400000.0,102400000.0,17027774.0,16642957.0,2220961.8,2121626.8,500389.0,576623.2,105520.5,0.0,27.5,21.8,101,23.4,29.2,1723,11015,11856,15606,18800,18660,18635,11508,54846,3237
1782368755,1AC,102400000.0,102400000.0,16868958.0,16460344.0,2199590.8,2097252.2,497326.4,574794.7,105506.6,0.0,27.4,22.2,88,23.4,29.6,1724,11020,11861,15611,18805,18662,18640,11511,54858,3237
1782369056,1AC,102400000.0,102400000.0,16702681.0,16333663.0,2176961.2,2071711.9,494592.8,571351.2,105489.6,0.0,27.5,22.5,96,23.4,29.9,1723,11017,11857,15606,18798,18662,18637,11509,54845,3237
1782369353,1AC,102400000.0,102400000.0,16556257.0,16186220.0,2161164.8,2059986.5,492351.5,568677.0,105471.2,0.0,27.5,22.7,96,23.4,30.1,1724,11017,11855,15605,18793,18656,18629,11506,54828,3237
1782369654,1AC,102400000.0,102400000.0,16478849.0,16079387.0,2147718.2,2048427.1,488812.9,566202.6,105452.4,0.0,27.4,22.9,71,23.4,30.4,1724,11017,11855,15606,18805,18666,18640,11511,54856,3238
1782369954,1AC,102400000.0,102400000.0,16368579.0,15979111.0,2134895.0,2032698.6,487830.2,563652.0,105432.4,0.0,27.4,23.1,85,23.4,30.6,1724,11018,11857,15606,18800,18661,18634,11508,54847,3237
1782370255,1AC,102400000.0,102400000.0,16266163.0,15865360.0,2121572.8,2021275.1,485616.8,561917.0,105412.5,0.0,27.5,23.2,86,23.4,30.7,1723,11013,11851,15601,18790,18650,18624,11501,54810,3235
1782370556,1AC,102400000.0,102400000.0,16143877.0,15788537.0,2105227.2,2010854.5,483763.1,558772.8,105391.8,0.0,27.4,23.4,99,23.4,30.9,1723,11017,11857,15607,18798,18660,18635,11508,54844,3237
1782370853,1AC,102400000.0,102400000.0,16097560.0,15723405.0,2098062.2,2001714.5,482538.6,557510.8,105370.3,0.0,27.4,23.4,108,23.4,31.0,1724,11017,11857,15608,18802,18662,18636,11507,54855,3237
1782371153,1AC,102400000.0,102400000.0,16011635.0,15599365.0,2088167.4,1994774.0,480864.8,556512.1,105347.8,0.0,27.4,23.6,87,23.4,31.1,1723,11014,11853,15604,18796,18657,18631,11507,54837,3236
1782371454,1AC,102400000.0,102400000.0,15988745.0,15556211.0,2079503.0,1986026.0,479353.9,554920.3,105325.4,0.0,27.4,23.7,98,23.4,31.2,1723,11010,11848,15597,18787,18648,18623,11502,54811,3234
1782371754,1AC,102400000.0,102400000.0,15885029.0,15501856.0,2079340.1,1976488.9,477911.4,553306.6,105303.4,0.0,27.4,23.7,84,23.4,31.4,1723,11012,11850,15596,18790,18646,18623,11501,54809,3236
1782372055,1AC,102400000.0,102400000.0,15851639.0,15468207.0,2067402.1,1972038.9,476822.3,551247.1,105282.0,0.0,27.4,23.9,85,23.4,31.5,1723,11013,11852,15602,18794,18655,18628,11505,54835,3236
1782372355,1AC,102400000.0,102400000.0,15766287.0,15351293.0,2065292.0,1965374.5,476083.8,551163.2,105261.2,0.0,27.4,23.9,89,23.4,31.5,1723,11016,11855,15606,18798,18659,18632,11509,54845,3236
1782372656,1AC,102400000.0,102400000.0,15722219.0,15372669.0,2057230.0,1964816.1,474070.2,548733.5,105238.8,0.0,27.4,24.0,99,23.4,31.7,1723,11014,11853,15603,18797,18658,18631,11507,54836,3236
1782372953,1AC,102400000.0,102400000.0,15678139.0,15350373.0,2050725.9,1950978.6,473472.0,548591.5,105217.7,0.0,27.4,24.1,72,23.4,31.7,1724,11015,11854,15606,18798,18657,18633,11509,54839,3237
1782373254,1AC,102400000.0,102400000.0,15619252.0,15221189.0,2044986.6,1946684.1,472000.9,546832.5,105195.8,0.0,27.4,24.1,82,23.4,31.8,1723,11017,11855,15608,18800,18661,18635,11508,54850,3237
1782373554,1AC,102400000.0,102400000.0,15589872.0,15195995.0,2039222.5,1946931.6,471085.1,546638.7,105173.9,0.0,27.4,24.2,89,23.4,31.9,1723,11013,11853,15605,18791,18648,18626,11502,54823,3237
1782373855,1AC,102400000.0,102400000.0,15555583.0,15156461.0,2032482.9,1941554.5,470408.1,544272.7,105152.8,0.0,27.5,24.3,72,23.4,32.0,1723,11015,11853,15603,18799,18663,18636,11507,54852,3237
1782374156,1AC,102400000.0,102400000.0,15478697.0,15138069.0,2031257.4,1936366.1,470340.0,543556.4,105131.2,0.0,27.5,24.3,99,23.4,32.0,1723,11014,11853,15602,18797,18658,18633,11506,54847,3236
1782374453,1AC,102400000.0,102400000.0,15434473.0,15039683.0,2024537.0,1930179.4,469148.8,543406.9,105108.8,0.0,27.5,24.4,55,23.4,32.1,1723,11016,11855,15607,18795,18655,18628,11506,54831,3237
1782374754,1AC,102400000.0,102400000.0,15442133.0,15031640.0,2019171.4,1926148.1,468667.1,541863.1,105086.5,0.0,27.5,24.4,58,23.4,32.2,1724,11014,11856,15608,18796,18655,18632,11506,54834,3236
1782375054,1AC,102400000.0,102400000.0,15372143.0,14987352.0,2017501.6,1920648.6,467544.0,540506.4,105065.0,0.0,27.4,24.5,90,23.4,32.3,1724,11018,11857,15609,18799,18661,18635,11509,54840,3237
1782375355,1AC,102400000.0,102400000.0,15311525.0,14978360.0,2012218.6,1915485.5,466838.6,539809.4,105043.1,0.0,27.5,24.5,89,23.4,32.3,1723,11012,11853,15603,18794,18658,18632,11507,54836,3237
1782375655,1AC,102400000.0,102400000.0,15265016.0,14905660.0,2008624.5,1911745.5,465510.7,539307.1,105022.4,0.0,27.5,24.5,95,23.4,32.3,1724,11017,11856,15607,18803,18665,18636,11509,54845,3237
1782375956,1AC,102400000.0,102400000.0,15263225.0,14904617.0,2004963.1,1909189.1,464989.8,538532.9,105000.9,0.0,27.5,24.6,69,23.4,32.4,1724,11019,11858,15608,18796,18659,18630,11507,54832,3236
1782376253,1AC,102400000.0,102400000.0,15236948.0,14844200.0,1995354.6,1907640.0,464040.0,537210.8,104978.4,0.0,27.4,24.6,111,23.4,32.4,1724,11015,11855,15604,18798,18659,18632,11506,54840,3236
1782376554,1AC,102400000.0,102400000.0,15182224.0,14784700.0,1997441.1,1903309.6,463931.8,537493.2,104956.1,0.0,27.5,24.6,84,23.4,32.5,1723,11013,11854,15604,18798,18657,18631,11506,54832,3236
1782376854,1AC,102400000.0,102400000.0,15154867.0,14800607.0,1993810.4,1900139.4,463075.0,536161.2,104934.8,0.0,27.4,24.7,79,23.4,32.5,1724,11013,11853,15603,18796,18656,18632,11506,54838,3236
1782377155,1AC,102400000.0,102400000.0,15112123.0,14783385.0,1990731.5,1894316.6,462363.9,535143.8,104913.5,0.0,27.4,24.7,99,23.4,32.6,1723,11016,11856,15606,18797,18660,18633,11507,54835,3238
1782377456,1AC,102400000.0,102400000.0,15103335.0,14719285.0,1985974.4,1891574.6,461273.0,535171.7,104892.4,0.0,27.4,24.8,91,23.4,32.6,1723,11014,11852,15603,18793,18653,18630,11505,54831,3236
1782377753,1AC,102400000.0,102400000.0,15089129.0,14702888.0,1981073.6,1890585.4,461320.8,534387.0,104872.1,0.0,27.4,24.8,74,23.4,32.7,1723,11012,11852,15602,18793,18656,18629,11505,54830,3235
1782378053,1AC,102400000.0,102400000.0,15071231.0,14691268.0,1979535.0,1886399.0,460705.8,533048.1,104851.8,0.0,27.4,24.9,100,23.4,32.7,1723,11013,11852,15604,18795,18655,18629,11505,54828,3236
1782378354,1AC,102400000.0,102400000.0,14972031.0,14639601.0,1974393.6,1883605.1,460190.8,532925.2,104830.9,0.0,27.4,24.9,59,23.4,32.8,1724,11017,11857,15607,18797,18657,18632,11506,54836,3236
1782378654,1AC,102400000.0,102400000.0,15001721.0,14628100.0,1975435.0,1875894.6,459445.9,532300.2,104809.9,0.0,27.5,24.9,68,23.4,32.8,1723,11011,11850,15600,18793,18656,18628,11505,54825,3237
1782378955,1AC,102400000.0,102400000.0,14984881.0,14617983.0,1968555.6,1880199.5,458857.9,531496.2,104790.3,0.0,27.4,24.9,99,23.4,32.9,1724,11018,11855,15608,18798,18660,18633,11507,54842,3236
1782379255,1AC,102400000.0,102400000.0,14961703.0,14605980.0,1968431.1,1873853.0,458113.9,530619.2,104769.8,0.0,27.5,25.0,77,23.4,32.9,1723,11016,11853,15604,18795,18658,18631,11508,54840,3236
1782379556,1AC,102400000.0,102400000.0,14899076.0,14547721.0,1968035.4,1875326.1,457890.8,530128.8,104749.0,0.0,27.5,25.0,49,23.4,32.9,1723,11015,11851,15602,18790,18653,18628,11505,54821,3235
1782379853,1AC,102400000.0,102400000.0,14899351.0,14510367.0,1963409.1,1868075.4,457262.5,528778.2,104727.8,0.0,27.5,25.0,62,23.4,33.0,1724,11014,11854,15606,18798,18661,18632,11509,54844,3237
1782380153,1AC,102400000.0,102400000.0,14894140.0,14524011.0,1960520.4,1872690.0,456811.4,529545.0,104707.6,0.0,27.5,25.1,85,23.4,33.0,1723,11014,11852,15602,18795,18659,18633,11506,54841,3236
1782380454,1AC,102400000.0,102400000.0,14851135.0,14467689.0,1960372.9,1867156.9,456699.8,528331.0,104689.0,0.0,27.5,25.1,81,23.4,33.0,1723,11016,11855,15607,18800,18661,18634,11509,54848,3237
1782380754,1AC,102400000.0,102400000.0,14852576.0,14475877.0,1952266.0,1859824.1,455637.6,527577.0,104669.0,0.0,27.4,25.1,97,23.4,33.1,1724,11017,11855,15608,18800,18660,18633,11509,54841,3238
1782381055,1AC,102400000.0,102400000.0,14777893.0,14445801.0,1954407.6,1860477.0,454767.5,527907.2,104649.0,0.0,27.5,25.2,67,23.4,33.1,1722,11011,11850,15600,18795,18657,18629,11507,54822,3236
1782381356,1AC,102400000.0,102400000.0,14797961.0,14471177.0,1947905.1,1858634.9,455409.2,527108.9,104629.6,0.0,27.5,25.2,65,23.4,33.2,1724,11016,11852,15601,18788,18652,18627,11502,54824,3234
1782381653,1AC,102400000.0,102400000.0,14780895.0,14402252.0,1944316.4,1855471.6,454773.3,526392.5,104609.5,0.0,27.5,25.2,73,23.4,33.2,1723,11015,11854,15605,18793,18655,18628,11505,54822,3235
1782381954,1AC,102400000.0,102400000.0,14743028.0,14419739.0,1946863.1,1852132.5,454101.7,525686.6,104589.9,0.0,27.5,25.2,70,23.4,33.2,1723,11015,11854,15604,18795,18657,18630,11506,54834,3236
1782382255,1AC,102400000.0,102400000.0,14740952.0,14353800.0,1940934.4,1850205.6,453248.1,525840.5,104570.9,0.0,27.5,25.3,76,23.4,33.2,1724,11020,11858,15610,18804,18665,18638,11510,54851,3237
1782382555,1AC,102400000.0,102400000.0,14692363.0,14321936.0,1937183.4,1850500.0,453085.7,524368.4,104551.7,0.0,27.5,25.3,80,23.4,33.3,1724,11015,11852,15604,18798,18660,18633,11509,54843,3238
1782382853,1AC,102400000.0,102400000.0,14664352.0,14354645.0,1938054.5,1844998.9,452747.7,524870.8,104532.4,0.0,27.5,25.3,74,23.4,33.3,1724,11016,11855,15605,18798,18656,18631,11507,54829,3237
1782383153,1AC,102400000.0,102400000.0,14662733.0,14338696.0,1936103.5,1843587.1,452030.9,523642.5,104511.8,0.0,27.5,25.4,74,23.4,33.4,1723,11017,11854,15604,18800,18658,18633,11508,54842,3236
1782383454,1AC,102400000.0,102400000.0,14626237.0,14263957.0,1932676.4,1841421.4,451574.9,524101.4,104492.6,0.0,27.5,25.4,59,23.4,33.4,1724,11013,11852,15602,18796,18659,18631,11507,54825,3236
1782383754,1AC,102400000.0,102400000.0,14624716.0,14262121.0,1935144.9,1841732.9,451397.2,523044.8,104473.2,0.0,27.5,25.4,95,23.4,33.4,1723,11014,11854,15603,18797,18658,18632,11508,54839,3236
1782384055,1AC,102400000.0,102400000.0,14597137.0,14260849.0,1933498.0,1836956.1,451204.9,522217.6,104455.7,0.0,27.5,25.4,65,23.4,33.4,1724,11014,11855,15607,18795,18655,18632,11507,54835,3236
1782384355,1AC,102400000.0,102400000.0,14581333.0,14207241.0,1928781.4,1840235.4,451283.2,522126.5,104436.9,0.0,27.5,25.5,72,23.4,33.5,1723,11014,11854,15604,18797,18661,18637,11508,54841,3237
1782384656,1AC,102400000.0,102400000.0,14586127.0,14228323.0,1925233.1,1834868.1,450001.0,521790.8,104419.2,0.0,27.5,25.5,71,23.4,33.5,1723,11013,11851,15604,18795,18656,18633,11505,54826,3236
1782384953,1AC,102400000.0,102400000.0,14524781.0,14170565.0,1924443.9,1831989.4,449281.9,521470.8,104400.2,0.0,27.5,25.5,69,23.4,33.5,1723,11015,11853,15603,18799,18660,18632,11506,54836,3236
1782385253,1AC,102400000.0,102400000.0,14594109.0,14173789.0,1920490.6,1838157.5,449359.3,521222.5,104382.0,0.0,27.5,25.5,70,23.4,33.6,1724,11020,11860,15615,18801,18665,18638,11510,54855,3237
1782385554,1AC,102400000.0,102400000.0,14535619.0,14181885.0,1916532.6,1830748.0,448864.6,521826.8,104364.4,0.0,27.5,25.5,60,23.4,33.6,1723,11016,11855,15605,18796,18656,18632,11506,54837,3236
1782385854,1AC,102400000.0,102400000.0,14540829.0,14186389.0,1917947.4,1827614.9,448524.3,520163.2,104346.3,0.0,27.5,25.5,64,23.4,33.6,1723,11017,11857,15607,18802,18662,18638,11511,54852,3237
1782386155,1AC,102400000.0,102400000.0,14505141.0,14170015.0,1917305.0,1826239.5,448350.3,519896.8,104329.3,0.0,27.5,25.6,71,23.4,33.6,1723,11013,11854,15603,18795,18654,18629,11506,54824,3236
1782386455,1AC,102400000.0,102400000.0,14504033.0,14114331.0,1913514.4,1825014.6,448762.2,519440.8,104312.1,0.0,27.5,25.6,43,23.4,33.7,1724,11018,11857,15608,18798,18662,18634,11508,54842,3237
1782386752,1AC,102400000.0,102400000.0,14452948.0,14056463.0,1908377.4,1820578.5,447124.2,518602.2,104295.1,0.0,27.5,25.6,76,23.4,33.7,1723,11015,11854,15603,18795,18655,18631,11507,54832,3237
1782387053,1AC,102400000.0,102400000.0,14452397.0,14075883.0,1910363.1,1820559.9,447574.6,520137.3,104278.0,0.0,27.5,25.6,63,23.4,33.7,1724,11016,11858,15606,18802,18666,18637,11509,54855,3236
1782387354,1AC,102400000.0,102400000.0,14396895.0,14094745.0,1910258.1,1816656.4,446781.5,517292.8,104260.4,0.0,27.5,25.6,72,23.4,33.7,1724,11018,11857,15606,18801,18662,18636,11508,54846,3237
1782387655,1AC,102400000.0,102400000.0,14450220.0,14038065.0,1903541.6,1814800.4,446829.2,516855.4,104241.6,0.0,27.5,25.7,73,23.4,33.8,1724,11017,11856,15608,18798,18657,18633,11506,54840,3236
1782387955,1AC,102400000.0,102400000.0,14377105.0,14018100.0,1906996.4,1814735.1,445746.2,517075.1,104223.6,0.0,27.5,25.7,71,23.4,33.8,1724,11014,11854,15603,18801,18664,18638,11511,54855,3237
1782388253,1AC,102400000.0,102400000.0,14384417.0,14002767.0,1902257.5,1814957.5,445342.7,517262.8,104206.1,0.0,27.5,25.7,54,23.4,33.8,1724,11018,11856,15607,18801,18663,18636,11510,54852,3236
1782388553,1AC,102400000.0,102400000.0,14332567.0,13976365.0,1898943.1,1813508.5,444945.2,517890.3,104188.5,0.0,27.5,25.7,63,23.4,33.9,1724,11016,11854,15605,18795,18656,18630,11506,54828,3236
1782388854,1AC,102400000.0,102400000.0,14344795.0,13965412.0,1900861.1,1808894.0,444352.5,516474.2,104171.0,0.0,27.5,25.8,77,23.4,33.9,1724,11016,11856,15606,18796,18658,18633,11507,54835,3236
1782389154,1AC,102400000.0,102400000.0,14344657.0,13914023.0,1899301.4,1808747.6,443454.7,515886.7,104153.6,0.0,27.5,25.8,109,23.4,33.9,1724,11014,11855,15602,18796,18658,18634,11507,54841,3237
1782389455,1AC,102400000.0,102400000.0,14309481.0,13981871.0,1897980.4,1805646.0,444514.4,515229.8,104136.1,0.0,27.5,25.8,67,23.4,33.9,1724,11017,11856,15607,18799,18658,18634,11508,54838,3237
1782389755,1AC,102400000.0,102400000.0,14305408.0,13959775.0,1895524.5,1807156.5,443027.2,515824.5,104119.1,0.0,27.5,25.8,64,23.4,34.0,1724,11013,11852,15600,18791,18653,18629,11502,54816,3236
1782390053,1AC,102400000.0,102400000.0,14303904.0,13953221.0,1895836.4,1805950.9,444157.9,514832.1,104100.8,0.0,27.5,25.8,49,23.4,33.9,1724,11015,11857,15605,18794,18657,18630,11506,54837,3236
1782390353,1AC,102400000.0,102400000.0,14260819.0,13908600.0,1889899.0,1799385.4,444321.0,514118.7,104083.7,0.0,27.5,25.8,83,23.5,33.9,1723,11013,11852,15603,18792,18655,18629,11503,54823,3235
1782390654,1AC,102400000.0,102400000.0,14216353.0,13916688.0,1891629.4,1802069.1,442221.8,514292.4,104066.4,0.0,27.5,25.9,65,23.4,34.0,1724,11018,11857,15604,18800,18661,18635,11507,54843,3236
1782390954,1AC,102400000.0,102400000.0,14238485.0,13899075.0,1889392.1,1800723.0,442236.8,513076.9,104049.4,0.0,27.5,25.9,43,23.4,34.0,1724,11013,11853,15602,18798,18658,18633,11506,54839,3236
1782391255,1AC,102400000.0,102400000.0,14238192.0,13873261.0,1883965.0,1799303.1,441434.6,514579.2,104032.5,0.0,27.5,25.9,55,23.4,34.0,1723,11011,11851,15601,18793,18655,18630,11505,54820,3236
1782391555,1AC,102400000.0,102400000.0,14218269.0,13835025.0,1886594.9,1799022.0,441965.7,513325.5,104015.7,0.0,27.5,25.9,68,23.4,34.1,1724,11018,11858,15609,18797,18661,18636,11508,54840,3237
1782391853,1AC,102400000.0,102400000.0,14209619.0,13816084.0,1882089.6,1790580.5,441274.6,512355.4,104000.2,0.0,27.5,25.9,59,23.4,34.1,1724,11017,11856,15606,18795,18656,18632,11507,54835,3235
1782392153,1AC,102400000.0,102400000.0,14193981.0,13843833.0,1883254.9,1796926.0,440868.6,511882.5,103983.4,0.0,27.5,25.9,99,23.4,34.1,1724,11015,11856,15604,18801,18664,18640,11510,54851,3237
1782392454,1AC,102400000.0,102400000.0,14165537.0,13850963.0,1875308.1,1793512.9,440962.2,511757.9,103966.6,0.0,27.5,25.9,76,23.4,34.1,1724,11012,11853,15601,18794,18656,18630,11507,54828,3238
1782392755,1AC,102400000.0,102400000.0,14170632.0,13798471.0,1881265.6,1792055.9,440142.3,511647.6,103950.9,0.0,27.5,26.0,81,23.4,34.1,1724,11017,11858,15608,18801,18660,18637,11508,54842,3236
1782393055,1AC,102400000.0,102400000.0,14159653.0,13825009.0,1881921.5,1792771.6,440268.9,511334.0,103933.9,0.0,27.5,26.0,69,23.4,34.1,1724,11018,11860,15611,18802,18664,18639,11510,54855,3238
1782393355,1AC,102400000.0,102400000.0,14133188.0,13813785.0,1873546.0,1789726.6,439301.9,510326.2,103916.4,0.0,27.5,26.0,41,23.4,34.2,1724,11015,11855,15605,18798,18660,18634,11507,54841,3239
1782393652,1AC,102400000.0,102400000.0,14135464.0,13789283.0,1875713.1,1789482.6,439587.4,510587.0,103899.8,0.0,27.5,26.0,85,23.4,34.2,1723,11012,11853,15599,18793,18655,18628,11505,54829,3236
1782393953,1AC,102400000.0,102400000.0,14083416.0,13773391.0,1872054.4,1784577.6,439068.7,511348.8,103883.6,0.0,27.5,26.0,58,23.4,34.2,1724,11016,11856,15607,18796,18657,18633,11506,54833,3237
1782394253,1AC,102400000.0,102400000.0,14097448.0,13740371.0,1872503.6,1780615.9,438917.8,510042.3,103868.3,0.0,27.5,26.1,58,23.4,34.2,1724,11013,11854,15600,18794,18654,18630,11505,54829,3236
1782394554,1AC,102400000.0,102400000.0,14100760.0,13741096.0,1873669.4,1784691.1,439238.1,510871.1,103852.3,0.0,27.5,26.1,89,23.4,34.3,1724,11017,11855,15605,18805,18663,18642,11513,54859,3237
1782394854,1AC,102400000.0,102400000.0,14065751.0,13727364.0,1871799.9,1788608.4,438365.3,509211.5,103835.4,0.0,27.5,26.1,59,23.4,34.3,1723,11012,11851,15599,18792,18650,18626,11503,54819,3235
1782395155,1AC,102400000.0,102400000.0,14034577.0,13713211.0,1869675.0,1777701.9,438674.6,508885.8,103819.2,0.0,27.5,26.1,69,23.4,34.3,1724,11015,11854,15604,18797,18658,18633,11507,54838,3237
1782395455,1AC,102400000.0,102400000.0,14083197.0,13718216.0,1869619.9,1778717.9,437589.2,509590.4,103803.4,0.0,27.5,26.1,57,23.4,34.3,1723,11012,11852,15601,18794,18651,18626,11503,54823,3237
1782395753,1AC,102400000.0,102400000.0,14046705.0,13739843.0,1866734.1,1780587.4,437961.3,508580.4,103787.9,0.0,27.5,26.1,60,23.4,34.3,1725,11019,11859,15608,18800,18663,18636,11511,54846,3237
1782396053,1AC,102400000.0,102400000.0,14000231.0,13692591.0,1863830.0,1774720.9,437693.1,508493.3,103771.9,0.0,27.5,26.1,55,23.4,34.4,1723,11013,11854,15602,18790,18653,18628,11503,54819,3235
1782396354,1AC,102400000.0,102400000.0,14041456.0,13707651.0,1867748.6,1780276.0,438696.2,508042.2,103755.7,0.0,27.5,26.2,55,23.4,34.3,1723,11016,11856,15607,18795,18656,18632,11507,54830,3235
1782396654,1AC,102400000.0,102400000.0,14053287.0,13680181.0,1864162.1,1775761.5,437363.8,509168.6,103740.2,0.0,27.5,26.2,75,23.5,34.4,1724,11017,11857,15609,18798,18661,18633,11509,54845,3236
1782396955,1AC,102400000.0,102400000.0,13983041.0,13630712.0,1865428.9,1776321.6,436948.5,508291.8,103723.9,0.0,27.5,26.2,71,23.4,34.4,1724,11017,11857,15608,18798,18661,18634,11508,54834,3236
1782397255,1AC,102400000.0,102400000.0,14006113.0,13661783.0,1867282.9,1775912.6,436706.8,506735.9,103710.0,0.0,27.5,26.2,79,23.4,34.4,1723,11010,11852,15601,18789,18651,18627,11504,54818,3235
1782397553,1AC,102400000.0,102400000.0,13993931.0,13612444.0,1862298.6,1778373.9,436748.2,507289.5,103696.2,0.0,27.5,26.2,65,23.5,34.4,1724,11013,11853,15602,18798,18660,18631,11508,54835,3236
1782397854,1AC,102400000.0,102400000.0,14002352.0,13613085.0,1861026.0,1774710.0,436360.0,506873.4,103680.5,0.0,27.5,26.2,76,23.4,34.4,1724,11017,11857,15608,18797,18656,18632,11507,54840,3235
1782398154,1AC,102400000.0,102400000.0,13948376.0,13645569.0,1862082.4,1767858.9,435942.5,506127.3,103665.5,0.0,27.5,26.3,75,23.4,34.5,1723,11014,11854,15604,18795,18658,18632,11508,54831,3236
1782398455,1AC,102400000.0,102400000.0,13992864.0,13611141.0,1862571.5,1771898.6,435774.1,507220.2,103650.6,0.0,27.5,26.3,74,23.4,34.5,1724,11016,11856,15607,18800,18664,18639,11511,54857,3237
1782398756,1AC,102400000.0,102400000.0,13935081.0,13608619.0,1856405.1,1767559.6,435611.6,506309.2,103636.8,0.0,27.5,26.3,55,23.4,34.5,1724,11014,11854,15605,18790,18652,18625,11504,54818,3234
1782399053,1AC,102400000.0,102400000.0,13932975.0,13576189.0,1856085.0,1772583.5,435310.8,506126.1,103621.6,0.0,27.5,26.3,45,23.4,34.5,1724,11017,11857,15609,18796,18659,18634,11509,54847,3236
1782399354,1AC,102400000.0,102400000.0,13950144.0,13551061.0,1855668.1,1770051.6,435992.3,505297.7,103607.2,0.0,27.5,26.3,58,23.5,34.5,1723,11012,11853,15601,18792,18652,18626,11506,54812,3235
1782399654,1AC,102400000.0,102400000.0,13892303.0,13549067.0,1854643.5,1769912.5,435024.8,505223.1,103592.8,0.0,27.5,26.3,63,23.4,34.5,1723,11012,11852,15601,18798,18657,18631,11508,54825,3237
1782399955,1AC,102400000.0,102400000.0,13940372.0,13581725.0,1855427.6,1763080.1,434860.9,505791.2,103579.1,0.0,27.5,26.3,52,23.5,34.5,1723,11011,11851,15601,18792,18652,18626,11502,54821,3235
1782400252,1AC,102400000.0,102400000.0,13884739.0,13553976.0,1854151.1,1763663.4,434185.0,504993.8,103566.7,0.0,27.5,26.3,70,23.5,34.6,1723,11015,11855,15605,18797,18657,18633,11507,54835,3238
1782400553,1AC,102400000.0,102400000.0,13897392.0,13549068.0,1853706.4,1765768.1,433142.3,504702.3,103553.0,0.0,27.5,26.4,46,23.5,34.5,1724,11015,11856,15604,18795,18658,18634,11508,54834,3236
1782400854,1AC,102400000.0,102400000.0,13866499.0,13557383.0,1853088.4,1761758.4,433953.5,504459.4,103538.7,0.0,27.5,26.3,67,23.5,34.6,1724,11012,11854,15602,18796,18655,18630,11507,54833,3236
1782401154,1AC,102400000.0,102400000.0,13891241.0,13512636.0,1854100.1,1761517.4,433540.3,504105.0,103524.5,0.0,27.5,26.4,57,23.5,34.6,1723,11013,11854,15602,18790,18651,18627,11505,54824,3235
1782401455,1AC,102400000.0,102400000.0,13859911.0,13521372.0,1845027.4,1762395.9,433947.5,504295.5,103511.2,0.0,27.5,26.4,78,23.5,34.7,1724,11018,11858,15609,18800,18660,18635,11510,54834,3238
1782401756,1AC,102400000.0,102400000.0,13836541.0,13533104.0,1850451.5,1765538.1,432632.9,503589.5,103496.9,0.0,27.5,26.4,64,23.5,34.7,1724,11014,11856,15605,18795,18659,18633,11507,54836,3236
1782402053,1AC,102400000.0,102400000.0,13861015.0,13468880.0,1847365.9,1759423.6,433201.8,503209.9,103482.6,0.0,27.5,26.4,92,23.5,34.7,1723,11011,11853,15600,18790,18651,18628,11505,54814,3235
1782402354,1AC,102400000.0,102400000.0,13846136.0,13522483.0,1848443.1,1756597.9,434079.0,503154.3,103468.7,0.0,27.5,26.4,53,23.5,34.7,1723,11011,11851,15600,18791,18653,18626,11506,54824,3236
1782402655,1AC,102400000.0,102400000.0,13836763.0,13492991.0,1845740.4,1758681.9,432697.8,503697.3,103456.2,0.0,27.5,26.4,48,23.5,34.7,1723,11014,11854,15603,18799,18658,18633,11508,54833,3236
1782402955,1AC,102400000.0,102400000.0,13800371.0,13489933.0,1844385.4,1756910.4,432988.5,502537.1,103444.5,0.0,27.5,26.4,49,23.5,34.7,1723,11013,11852,15602,18788,18652,18624,11504,54809,3236
1782403256,1AC,102400000.0,102400000.0,13817576.0,13472533.0,1846723.6,1758695.5,432642.8,502143.1,103431.0,0.0,27.5,26.4,70,23.5,34.7,1724,11015,11856,15605,18795,18656,18631,11508,54830,3235
1782403553,1AC,102400000.0,102400000.0,13777041.0,13422675.0,1843418.9,1756847.9,432520.2,502515.2,103419.1,0.0,27.5,26.5,75,23.5,34.7,1724,11013,11855,15605,18791,18652,18627,11505,54821,3235
1782403853,1AC,102400000.0,102400000.0,13791144.0,13416403.0,1842165.9,1753850.9,432189.5,502026.2,103406.2,0.0,27.6,26.5,40,23.5,34.7,1725,11016,11858,15610,18802,18660,18637,11510,54842,3237
1782404154,1AC,102400000.0,102400000.0,13794801.0,13409440.0,1838243.1,1751362.6,431376.6,501898.3,103393.1,0.0,27.6,26.5,43,23.5,34.8,1724,11017,11858,15608,18798,18662,18636,11511,54842,3238
1782404455,1AC,102400000.0,102400000.0,13756201.0,13407501.0,1839692.0,1752366.5,431926.9,501208.3,103379.7,0.0,27.5,26.5,49,23.5,34.8,1724,11018,11859,15609,18797,18659,18633,11509,54830,3236
1782404755,1AC,102400000.0,102400000.0,13747360.0,13398319.0,1838393.9,1753584.5,431341.0,501207.5,103367.0,0.0,27.6,26.5,67,23.5,34.8,1724,11015,11855,15604,18796,18657,18632,11506,54821,3235
1782405052,1AC,102400000.0,102400000.0,13768980.0,13369029.0,1841032.9,1755093.4,431522.5,501114.9,103354.5,0.0,27.5,26.5,59,23.5,34.8,1724,11015,11855,15603,18794,18655,18629,11504,54827,3236
1782405353,1AC,102400000.0,102400000.0,13720431.0,13413897.0,1838081.1,1752591.0,431262.6,503068.1,103341.5,0.0,27.6,26.5,69,23.5,34.8,1724,11013,11854,15603,18794,18654,18630,11506,54819,3237
1782405654,1AC,102400000.0,102400000.0,13710892.0,13387044.0,1837568.6,1747900.6,430599.5,500869.9,103329.8,0.0,27.6,26.5,68,23.5,34.8,1724,11015,11856,15604,18794,18653,18627,11505,54818,3235
1782405954,1AC,102400000.0,102400000.0,13705776.0,13402587.0,1835908.4,1751786.5,430601.9,500617.0,103316.9,0.0,27.6,26.5,57,23.5,34.8,1723,11014,11856,15603,18794,18655,18630,11506,54824,3235
1782406255,1AC,102400000.0,102400000.0,13716264.0,13320369.0,1834160.6,1749626.0,430556.3,499541.2,103304.2,0.0,27.6,26.6,64,23.5,34.9,1724,11015,11856,15608,18797,18662,18635,11509,54840,3236
1782406555,1AC,102400000.0,102400000.0,13653757.0,13366183.0,1834799.1,1745523.1,430523.9,499861.2,103289.0,0.0,27.6,26.6,64,23.5,34.9,1724,11017,11857,15608,18800,18661,18636,11509,54848,3237
1782406855,1AC,102400000.0,102400000.0,13677651.0,13376027.0,1832352.0,1749130.4,429527.0,499369.5,103272.5,0.0,27.5,26.6,67,23.5,34.9,1724,11018,11859,15609,18800,18663,18636,11511,54852,3239
1782407153,1AC,102400000.0,102400000.0,13657240.0,13342875.0,1834270.1,1748501.9,430214.4,499185.3,103254.2,0.0,27.5,26.6,68,23.5,34.9,1723,11010,11853,15599,18789,18648,18623,11502,54804,3234
1782407453,1AC,102400000.0,102400000.0,13695292.0,13322429.0,1838012.6,1743932.5,430341.9,499536.6,103237.0,0.0,27.5,26.6,59,23.5,34.9,1724,11016,11855,15605,18789,18652,18627,11505,54814,3237
1782407754,1AC,102400000.0,102400000.0,13683373.0,13352403.0,1830099.0,1747962.4,430042.5,499255.3,103218.8,0.0,27.5,26.6,67,23.4,34.9,1723,11013,11854,15604,18793,18655,18630,11507,54822,3235
1782408054,1AC,102400000.0,102400000.0,13697368.0,13311009.0,1833412.1,1744284.4,429681.5,500679.2,103202.3,0.0,27.5,26.6,58,23.4,34.9,1724,11015,11856,15606,18797,18658,18630,11508,54833,3236
1782408355,1AC,102400000.0,102400000.0,13678477.0,13323316.0,1832041.0,1743715.0,429778.5,499199.0,103186.8,0.0,27.5,26.6,56,23.4,35.0,1724,11012,11852,15601,18792,18654,18627,11505,54817,3235
1782408655,1AC,102400000.0,102400000.0,13706568.0,13309208.0,1833700.4,1744201.9,430080.8,499353.1,103170.8,0.0,27.5,26.7,62,23.4,34.9,1724,11018,11856,15609,18797,18659,18634,11508,54832,3237
1782408956,1AC,102400000.0,102400000.0,13695436.0,13351248.0,1835284.4,1745372.9,429552.7,499615.8,103155.1,0.0,27.5,26.6,31,23.4,35.0,1724,11012,11852,15604,18794,18654,18629,11506,54826,3236
1782409253,1AC,102400000.0,102400000.0,13666393.0,13332093.0,1837740.1,1745188.1,430033.0,499530.3,103141.0,0.0,27.5,26.7,67,23.4,35.0,1724,11013,11854,15604,18792,18655,18630,11506,54825,3237
1782409553,1AC,102400000.0,102400000.0,13644897.0,13301656.0,1832577.0,1745455.0,429628.7,499361.5,103128.2,0.0,27.5,26.7,50,23.4,35.0,1723,11011,11850,15600,18794,18655,18629,11504,54818,3236
1782409854,1AC,102400000.0,102400000.0,13706675.0,13303608.0,1838528.0,1746237.9,429631.4,499328.9,103113.9,0.0,27.5,26.7,59,23.4,35.0,1723,11010,11848,15600,18790,18650,18623,11503,54806,3235
1782410154,1AC,102400000.0,102400000.0,13661304.0,13328612.0,1835261.6,1748317.4,428846.5,498441.8,103100.5,0.0,27.5,26.7,68,23.4,35.0,1723,11009,11848,15598,18786,18648,18623,11502,54811,3236
1782410455,1AC,102400000.0,102400000.0,13646520.0,13321175.0,1838481.6,1748051.9,429521.8,499309.2,103087.6,0.0,27.5,26.7,64,23.4,35.1,1723,11013,11852,15604,18797,18657,18632,11507,54823,3237
1782410756,1AC,102400000.0,102400000.0,13644324.0,13295823.0,1833794.1,1748760.1,429818.7,499035.4,103077.2,0.0,27.5,26.7,67,23.4,35.1,1723,11010,11850,15600,18791,18652,18627,11503,54813,3235
1782411053,1AC,102400000.0,102400000.0,13686239.0,13311461.0,1832412.1,1743249.5,429534.0,498343.1,103067.5,0.0,27.5,26.7,55,23.4,35.1,1723,11010,11849,15601,18789,18650,18628,11503,54809,3235
1782411353,1AC,102400000.0,102400000.0,13660404.0,13335900.0,1830244.5,1744047.4,429027.1,497951.0,103059.1,0.0,27.5,26.7,61,23.4,35.1,1723,11010,11850,15602,18794,18652,18627,11504,54813,3235
1782411654,1AC,102400000.0,102400000.0,13606404.0,13329969.0,1831706.5,1744347.5,428715.7,497930.4,103053.9,0.0,27.5,26.8,61,23.4,35.1,1724,11015,11855,15606,18796,18655,18629,11507,54830,3238
1782411955,1AC,102400000.0,102400000.0,13687385.0,13287856.0,1831602.6,1742198.5,429084.4,498451.2,103050.7,0.0,27.5,26.8,64,23.4,35.1,1723,11012,11851,15604,18792,18652,18626,11505,54814,3235
1782412256,1AC,102400000.0,102400000.0,13587144.0,13303115.0,1827192.4,1738648.1,428091.6,497737.6,103047.3,0.0,27.5,26.8,52,23.4,35.1,1724,11012,11852,15602,18792,18655,18627,11505,54822,3235
1782412552,1AC,102400000.0,102400000.0,13607375.0,13260744.0,1824621.1,1739415.9,427695.1,497362.0,103044.1,0.0,27.5,26.8,57,23.5,35.1,1724,11014,11853,15602,18794,18655,18629,11506,54826,3238
1782412853,1AC,102400000.0,102400000.0,13603789.0,13249197.0,1822826.0,1736891.4,428312.9,496529.5,103041.0,0.0,27.6,26.8,59,23.5,35.1,1724,11018,11860,15607,18802,18662,18640,11510,54846,3237
1782413154,1AC,102400000.0,102400000.0,13559800.0,13225929.0,1819912.5,1736243.9,427528.0,497355.7,103038.8,0.0,27.6,26.8,60,23.5,35.1,1724,11013,11855,15602,18793,18655,18630,11507,54828,3236
1782413455,1AC,102400000.0,102400000.0,13515029.0,13190456.0,1815944.9,1732831.6,426701.8,496167.7,103036.4,0.0,27.6,26.8,41,23.5,35.2,1724,11015,11857,15607,18798,18659,18634,11508,54842,3236
1782413755,1AC,102400000.0,102400000.0,13527539.0,13208400.0,1815709.1,1727066.6,426579.7,495012.6,103033.4,0.0,27.6,26.8,56,23.6,35.2,1725,11016,11857,15602,18794,18656,18630,11506,54830,3236
1782414056,1AC,102400000.0,102400000.0,13461580.0,13220581.0,1812936.5,1730921.6,425649.3,494513.3,103030.2,0.0,27.7,26.8,38,23.6,35.2,1725,11022,11864,15611,18806,18668,18639,11513,54865,3237
1782414356,1AC,102400000.0,102400000.0,13481620.0,13092809.0,1809650.5,1726793.4,425270.4,495022.5,103026.3,0.0,27.7,26.8,56,23.6,35.2,1724,11018,11859,15605,18791,18656,18630,11506,54826,3235
1782414653,1AC,102400000.0,102400000.0,13484311.0,13115397.0,1806567.1,1716867.9,424552.2,493410.1,103023.4,0.0,27.7,26.8,59,23.6,35.2,1724,11016,11858,15601,18789,18652,18626,11503,54821,3236
1782414954,1AC,102400000.0,102400000.0,13432851.0,13113337.0,1805069.5,1718272.4,424494.4,492694.6,103020.5,0.0,27.7,26.8,39,23.7,35.2,1725,11020,11863,15609,18799,18664,18638,11511,54852,3236
1782415255,1AC,102400000.0,102400000.0,13450867.0,13102576.0,1800448.1,1715220.4,423567.2,492822.8,103017.3,0.0,27.7,26.8,59,23.7,35.2,1725,11018,11861,15607,18797,18659,18630,11507,54839,3236
1782415555,1AC,102400000.0,102400000.0,13399531.0,13062167.0,1802938.0,1711423.1,423313.2,491921.5,103011.5,0.0,27.8,26.8,47,23.7,35.2,1725,11018,11863,15605,18796,18657,18633,11507,54834,3235
1782415855,1AC,102400000.0,102400000.0,13363263.0,13038497.0,1798706.1,1709920.1,424178.6,490451.9,103005.8,0.0,27.8,26.8,63,23.7,35.3,1724,11019,11862,15604,18796,18659,18633,11508,54839,3237
1782416156,1AC,102400000.0,102400000.0,13386664.0,13045184.0,1791346.1,1710650.5,421712.8,490317.5,102999.5,0.0,27.8,26.9,62,23.7,35.3,1725,11021,11865,15607,18798,18660,18633,11509,54846,3236
1782416456,1AC,102400000.0,102400000.0,13329443.0,13002501.0,1791130.5,1700721.5,421832.2,490015.4,102993.4,0.0,27.8,26.8,43,23.8,35.3,1725,11022,11866,15609,18801,18669,18640,11512,54866,3236
1782416753,1AC,102400000.0,102400000.0,13315507.0,12996307.0,1787130.6,1702330.6,422471.2,490891.2,102984.7,0.0,27.8,26.8,29,23.8,35.3,1725,11022,11865,15608,18797,18661,18634,11511,54848,3236
1782417054,1AC,102400000.0,102400000.0,13330839.0,12992007.0,1784283.1,1701963.9,420131.0,490004.5,102978.3,0.0,27.9,26.9,75,23.8,35.3,1725,11024,11868,15610,18798,18664,18634,11510,54845,3236
1782417354,1AC,102400000.0,102400000.0,13292363.0,12977271.0,1782120.5,1696094.6,419639.2,489676.0,102970.5,0.0,27.9,26.9,50,23.8,35.3,1725,11023,11867,15609,18799,18664,18637,11512,54863,3237
1782417655,1AC,102400000.0,102400000.0,13236949.0,12940184.0,1781778.6,1697266.9,419303.5,489369.2,102965.4,0.0,27.9,26.9,56,23.8,35.3,1725,11024,11868,15608,18799,18666,18637,11513,54857,3236
1782417955,1AC,102400000.0,102400000.0,13255107.0,12886232.0,1775872.1,1692604.9,418191.3,487739.9,102960.4,0.0,27.9,26.9,52,23.8,35.3,1724,11019,11862,15604,18791,18657,18629,11506,54830,3235
1782418255,1AC,102400000.0,102400000.0,13206051.0,12920109.0,1778559.9,1693639.9,418444.5,487757.1,102955.4,0.0,27.9,26.9,52,23.8,35.4,1725,11020,11867,15606,18796,18660,18635,11510,54848,3236
1782418555,1AC,102400000.0,102400000.0,13209407.0,12919781.0,1775239.0,1689429.1,418912.8,488011.1,102951.2,0.0,28.0,26.9,72,23.9,35.4,1725,11023,11867,15608,18802,18666,18638,11512,54859,3236
1782418856,1AC,102400000.0,102400000.0,13223404.0,12851520.0,1773479.5,1682997.1,418233.5,487415.8,102946.9,0.0,28.0,26.9,22,23.9,35.3,1726,11025,11871,15610,18799,18666,18638,11513,54852,3236
1782419156,1AC,102400000.0,102400000.0,13170740.0,12829689.0,1772017.9,1684389.6,419029.1,486223.7,102940.8,0.0,28.0,26.9,52,23.9,35.4,1725,11025,11869,15608,18795,18665,18635,11511,54850,3237
1782419453,1AC,102400000.0,102400000.0,13159700.0,12826392.0,1770703.4,1684104.1,416462.7,485739.0,102935.9,0.0,28.0,26.9,47,23.9,35.4,1725,11023,11869,15607,18794,18661,18634,11511,54851,3236
1782419754,1AC,102400000.0,102400000.0,13092817.0,12765869.0,1765172.1,1678782.4,415910.1,484162.0,102930.4,0.0,28.0,26.9,67,23.9,35.4,1725,11024,11869,15605,18796,18663,18635,11510,54853,3236
1782420054,1AC,102400000.0,102400000.0,13096553.0,12812748.0,1762838.9,1676577.1,416910.3,485102.5,102925.3,0.0,28.0,26.9,53,24.0,35.4,1725,11021,11868,15604,18793,18660,18633,11507,54842,3235
1782420355,1AC,102400000.0,102400000.0,13091960.0,12732036.0,1758961.4,1673591.9,415595.5,483511.9,102919.1,0.0,28.1,27.0,24,24.0,35.4,1726,11025,11872,15609,18804,18667,18640,11512,54866,3236
1782420655,1AC,102400000.0,102400000.0,13104041.0,12730048.0,1758102.9,1676762.6,414323.2,484190.5,102912.3,0.0,28.0,27.0,91,24.0,35.4,1726,11024,11870,15605,18794,18659,18633,11507,54834,3236
1782420955,1AC,102400000.0,102400000.0,13074115.0,12679384.0,1756547.6,1669887.5,414994.0,483605.7,102906.6,0.0,28.1,27.0,56,24.0,35.5,1726,11026,11872,15608,18798,18667,18637,11513,54859,3235
1782421256,1AC,102400000.0,102400000.0,13075584.0,12708737.0,1755166.6,1670333.5,414253.3,482934.8,102900.1,0.0,28.1,27.0,65,24.0,35.5,1726,11027,11873,15607,18799,18664,18636,11511,54852,3235
1782421556,1AC,102400000.0,102400000.0,13026733.0,12678720.0,1751848.9,1663540.4,413597.9,482600.4,102893.1,0.0,28.1,27.0,59,24.0,35.5,1725,11024,11870,15606,18798,18660,18634,11511,54849,3234
1782421853,1AC,102400000.0,102400000.0,13013316.0,12646367.0,1750454.4,1663979.4,412361.0,482200.0,102886.2,0.0,28.1,27.0,50,24.1,35.5,1725,11022,11869,15603,18794,18660,18632,11509,54842,3235
1782422154,1AC,102400000.0,102400000.0,12980189.0,12662955.0,1747831.1,1660850.6,412314.1,481924.2,102879.6,0.0,28.1,27.0,44,24.1,35.5,1725,11023,11871,15602,18792,18659,18632,11508,54837,3234
1782422454,1AC,102400000.0,102400000.0,12941112.0,12629876.0,1743276.0,1660160.9,412622.0,480619.7,102872.8,0.0,28.2,27.0,59,24.1,35.5,1725,11021,11868,15601,18788,18655,18627,11507,54827,3233
1782422755,1AC,102400000.0,102400000.0,12968615.0,12593955.0,1743293.4,1654540.6,412604.4,481182.7,102864.4,0.0,28.2,27.0,48,24.1,35.5,1725,11024,11872,15605,18797,18664,18638,11512,54860,3235
1782423055,1AC,102400000.0,102400000.0,12938028.0,12585429.0,1740150.6,1658534.4,411472.4,480895.8,102854.6,0.0,28.2,27.0,59,24.1,35.5,1726,11026,11873,15605,18796,18661,18632,11509,54842,3235
1782423356,1AC,102400000.0,102400000.0,12929896.0,12586271.0,1739935.5,1653012.4,411382.1,479791.0,102844.6,0.0,28.2,27.1,53,24.1,35.6,1726,11025,11873,15605,18795,18662,18633,11510,54850,3234
1782423653,1AC,102400000.0,102400000.0,12876476.0,12553667.0,1736738.1,1649321.4,411411.8,480156.2,102835.1,0.0,28.2,27.0,43,24.1,35.6,1725,11024,11871,15603,18791,18662,18632,11510,54850,3234
1782423953,1AC,102400000.0,102400000.0,12897083.0,12548745.0,1738336.0,1654717.4,410598.5,479650.8,102825.2,0.0,28.2,27.0,48,24.1,35.6,1726,11027,11875,15607,18797,18665,18635,11511,54860,3235
1782424254,1AC,102400000.0,102400000.0,12900551.0,12558177.0,1737886.9,1649628.1,410626.4,479893.5,102815.4,0.0,28.2,27.1,54,24.1,35.6,1725,11024,11870,15602,18787,18653,18628,11506,54826,3233
1782424554,1AC,102400000.0,102400000.0,12851717.0,12519043.0,1735051.9,1648669.1,409999.0,479615.8,102805.1,0.0,28.2,27.1,51,24.1,35.6,1726,11023,11871,15601,18792,18659,18630,11508,54837,3234
1782424855,1AC,102400000.0,102400000.0,12886275.0,12535672.0,1735059.1,1647488.0,410222.3,478074.8,102796.8,0.0,28.2,27.1,50,24.2,35.6,1726,11023,11871,15602,18789,18656,18629,11506,54832,3233
1782425155,1AC,102400000.0,102400000.0,12843856.0,12506884.0,1734938.6,1650113.6,410440.9,478501.6,102789.6,0.0,28.2,27.1,47,24.2,35.6,1725,11024,11872,15603,18793,18660,18631,11507,54849,3234
1782425455,1AC,102400000.0,102400000.0,12823911.0,12502621.0,1733178.4,1646164.5,409509.2,478629.0,102782.1,0.0,28.2,27.1,46,24.2,35.6,1726,11025,11873,15601,18792,18662,18632,11509,54848,3234
1782425756,1AC,102400000.0,102400000.0,12796773.0,12529493.0,1730849.9,1645759.0,409472.0,477504.2,102776.2,0.0,28.2,27.1,46,24.2,35.6,1726,11024,11875,15605,18797,18663,18636,11510,54855,3234
1782426056,1AC,102400000.0,102400000.0,12765319.0,12452771.0,1725262.9,1646555.0,408637.4,477843.5,102770.2,0.0,28.3,27.1,51,24.2,35.6,1726,11026,11875,15604,18794,18660,18632,11510,54843,3235
1782426356,1AC,102400000.0,102400000.0,12797005.0,12473009.0,1728421.5,1642824.0,409294.7,477925.8,102764.8,0.0,28.3,27.1,81,24.2,35.7,1726,11024,11874,15605,18790,18659,18631,11507,54844,3233
1782426653,1AC,102400000.0,102400000.0,12750629.0,12419975.0,1728770.1,1640180.5,408496.4,476243.8,102758.3,0.0,28.3,27.1,66,24.2,35.7,1726,11030,11877,15607,18797,18665,18638,11512,54864,3235
1782426954,1AC,102400000.0,102400000.0,12789651.0,12391833.0,1724950.5,1638419.5,407559.7,476225.2,102751.4,0.0,28.3,27.1,59,24.2,35.7,1726,11030,11877,15606,18790,18661,18631,11508,54833,3233
1782427254,1AC,102400000.0,102400000.0,12744079.0,12435283.0,1722910.4,1637105.9,407778.2,475928.4,102742.6,0.0,28.3,27.1,62,24.2,35.7,1725,11025,11872,15600,18793,18664,18632,11509,54851,3233
1782427554,1AC,102400000.0,102400000.0,12752893.0,12389853.0,1721487.9,1631399.4,407373.3,475095.0,102733.6,0.0,28.3,27.1,67,24.3,35.7,1725,11024,11872,15597,18787,18656,18626,11505,54826,3235
1782427855,1AC,102400000.0,102400000.0,12716143.0,12416555.0,1715504.4,1631780.6,406715.3,475823.8,102725.5,0.0,28.3,27.1,62,24.3,35.7,1726,11030,11878,15606,18790,18662,18630,11508,54848,3233
1782428155,1AC,102400000.0,102400000.0,12717269.0,12356280.0,1718044.5,1638118.4,406653.6,474938.1,102714.7,0.0,28.4,27.2,72,24.3,35.7,1726,11026,11876,15602,18792,18662,18632,11508,54843,3233
1782428456,1AC,102400000.0,102400000.0,12697557.0,12346124.0,1713266.1,1632714.6,405707.0,474979.1,102705.3,0.0,28.3,27.2,34,24.3,35.8,1726,11025,11874,15600,18785,18656,18628,11505,54834,3233
1782428756,1AC,102400000.0,102400000.0,12698253.0,12358199.0,1714128.0,1628891.5,405425.5,475179.3,102695.0,0.0,28.4,27.2,60,24.3,35.8,1726,11028,11876,15602,18794,18664,18636,11510,54855,3234
1782429053,1AC,102400000.0,102400000.0,12664216.0,12321008.0,1711222.0,1630153.6,406167.8,474325.0,102685.1,0.0,28.4,27.2,63,24.3,35.8,1726,11028,11878,15605,18796,18668,18637,11512,54859,3234
1782429354,1AC,102400000.0,102400000.0,12648384.0,12305556.0,1714300.6,1625706.6,405525.4,473950.4,102674.5,0.0,28.4,27.2,53,24.3,35.7,1727,11030,11878,15607,18799,18668,18639,11512,54871,3234
1782429654,1AC,102400000.0,102400000.0,12675443.0,12271387.0,1711372.5,1629499.6,405384.2,473897.0,102664.2,0.0,28.4,27.2,31,24.3,35.7,1725,11024,11873,15598,18785,18654,18626,11505,54829,3234
1782429954,1AC,102400000.0,102400000.0,12664236.0,12322719.0,1708529.5,1625461.9,405012.0,473409.1,102653.2,0.0,28.4,27.2,58,24.3,35.8,1726,11023,11872,15595,18782,18650,18621,11502,54815,3234
1782430255,1AC,102400000.0,102400000.0,12620797.0,12303843.0,1709737.6,1620753.0,405244.2,473108.5,102641.9,0.0,28.4,27.2,44,24.3,35.8,1726,11025,11873,15600,18788,18659,18630,11509,54846,3233
1782430556,1AC,102400000.0,102400000.0,12629443.0,12309879.0,1705886.4,1619229.5,404618.2,472886.4,102629.7,0.0,28.4,27.2,17,24.3,35.8,1726,11026,11875,15602,18787,18658,18628,11506,54830,3233
1782430856,1AC,102400000.0,102400000.0,12616989.0,12272480.0,1709063.9,1622199.5,404354.7,472897.8,102618.1,0.0,28.4,27.2,66,24.3,35.8,1726,11027,11876,15603,18791,18659,18630,11507,54838,3233
1782431153,1AC,102400000.0,102400000.0,12603311.0,12261015.0,1707693.1,1626501.6,404719.2,472616.8,102606.5,0.0,28.4,27.3,44,24.3,35.8,1725,11024,11874,15603,18789,18658,18630,11507,54839,3234
1782431453,1AC,102400000.0,102400000.0,12592955.0,12260221.0,1707474.6,1621977.0,404211.1,472374.3,102595.2,0.0,28.4,27.3,66,24.3,35.8,1726,11026,11877,15603,18791,18660,18632,11507,54843,3233
1782431753,1AC,102400000.0,102400000.0,12607849.0,12277093.0,1706714.9,1625079.4,403913.2,472507.8,102584.0,0.0,28.4,27.3,61,24.3,35.9,1726,11028,11878,15602,18794,18665,18638,11510,54861,3234
1782432054,1AC,102400000.0,102400000.0,12601776.0,12282393.0,1707983.0,1622405.1,405068.9,472165.3,102573.3,0.0,28.4,27.3,40,24.3,35.9,1726,11024,11873,15598,18788,18658,18630,11507,54840,3232
1782432354,1AC,102400000.0,102400000.0,12613633.0,12271619.0,1713790.9,1622064.4,404550.6,472695.7,102562.5,0.0,28.4,27.3,33,24.3,35.9,1726,11022,11872,15597,18785,18656,18627,11506,54831,3233
1782432654,1AC,102400000.0,102400000.0,12575907.0,12290801.0,1710460.5,1621569.6,403923.5,472358.1,102551.1,0.0,28.4,27.3,57,24.3,35.9,1726,11023,11872,15597,18786,18656,18627,11506,54839,3233
1782432955,1AC,102400000.0,102400000.0,12610048.0,12269371.0,1701369.6,1617972.6,403804.8,472709.0,102540.0,0.0,28.4,27.3,49,24.3,35.9,1727,11030,11879,15609,18793,18667,18637,11511,54859,3234
1782433255,1AC,102400000.0,102400000.0,12552720.0,12242703.0,1702035.6,1622608.5,403463.0,471189.2,102529.2,0.0,28.4,27.3,50,24.3,35.9,1726,11028,11878,15606,18791,18659,18631,11509,54840,3233
1782433556,1AC,102400000.0,102400000.0,12561913.0,12231777.0,1705427.6,1619651.5,403874.9,472162.2,102518.5,0.0,28.4,27.3,50,24.3,35.9,1726,11028,11878,15604,18793,18662,18632,11508,54856,3234
1782433856,1AC,102400000.0,102400000.0,12564463.0,12232823.0,1703718.5,1617621.9,402759.5,471535.2,102508.7,0.0,28.4,27.3,48,24.3,35.9,1726,11028,11877,15606,18790,18659,18630,11507,54845,3234
1782434156,1AC,102400000.0,102400000.0,12592127.0,12231579.0,1703682.6,1617909.1,404116.6,470891.6,102498.8,0.0,28.4,27.3,63,24.3,35.9,1726,11029,11879,15606,18798,18668,18641,11513,54865,3234
1782434453,1AC,102400000.0,102400000.0,12597593.0,12197833.0,1705214.5,1619120.0,403460.0,471570.1,102488.3,0.0,28.4,27.3,53,24.3,35.9,1727,11029,11881,15608,18799,18669,18640,11512,54871,3236
1782434753,1AC,102400000.0,102400000.0,12584943.0,12176471.0,1704860.1,1622360.5,403551.2,470590.0,102478.8,0.0,28.4,27.3,46,24.3,36.0,1726,11027,11877,15604,18794,18663,18635,11511,54855,3235
1782435054,1AC,102400000.0,102400000.0,12551749.0,12225400.0,1705546.0,1617993.6,402605.2,469970.1,102469.2,0.0,28.4,27.3,59,24.3,36.0,1727,11029,11876,15606,18792,18662,18633,11509,54848,3234
1782435354,1AC,102400000.0,102400000.0,12549031.0,12196745.0,1701963.6,1620294.1,403222.9,471440.5,102459.7,0.0,28.4,27.4,39,24.3,36.0,1726,11024,11876,15603,18794,18665,18636,11510,54855,3234
1782435655,1AC,102400000.0,102400000.0,12494051.0,12216231.0,1705442.4,1619053.0,402549.6,471224.9,102450.3,0.0,28.4,27.4,28,24.3,36.0,1726,11025,11875,15603,18789,18659,18630,11507,54840,3233
1782435955,1AC,102400000.0,102400000.0,12554316.0,12182836.0,1700871.4,1617319.4,402405.5,470142.5,102441.0,0.0,28.4,27.4,38,24.3,36.0,1726,11028,11878,15606,18788,18662,18633,11509,54856,3233
1782436255,1AC,102400000.0,102400000.0,12530155.0,12226596.0,1704810.0,1613980.5,402830.1,470029.5,102431.6,0.0,28.4,27.4,43,24.3,36.0,1726,11028,11880,15605,18792,18663,18635,11510,54858,3235
1782436556,1AC,102400000.0,102400000.0,12512755.0,12148087.0,1701863.0,1616500.9,402108.5,470517.6,102421.8,0.0,28.4,27.4,38,24.3,36.0,1726,11029,11877,15604,18798,18665,18640,11513,54870,3235
1782436853,1AC,102400000.0,102400000.0,12525968.0,12166529.0,1698983.6,1615910.4,401855.2,470609.3,102411.9,0.0,28.4,27.4,55,24.3,36.0,1726,11026,11874,15603,18790,18661,18632,11509,54849,3234
1782437154,1AC,102400000.0,102400000.0,12482419.0,12134083.0,1700335.1,1613911.6,402348.0,469373.0,102402.5,0.0,28.4,27.4,37,24.3,36.1,1726,11027,11875,15600,18790,18661,18632,11508,54847,3234
1782437454,1AC,102400000.0,102400000.0,12452411.0,12142015.0,1697180.4,1615390.0,402160.1,470062.9,102393.8,0.0,28.4,27.4,69,24.3,36.0,1725,11025,11876,15602,18786,18659,18631,11507,54843,3233
1782437755,1AC,102400000.0,102400000.0,12481489.0,12212387.0,1696404.6,1615254.4,402025.9,469281.4,102384.1,0.0,28.4,27.4,54,24.3,36.1,1726,11025,11875,15600,18786,18657,18629,11507,54838,3232
1782438055,1AC,102400000.0,102400000.0,12489757.0,12108440.0,1695665.5,1612026.6,401309.5,469039.5,102375.1,0.0,28.4,27.4,55,24.3,36.1,1725,11020,11870,15593,18784,18653,18625,11505,54834,3232
1782438356,1AC,102400000.0,102400000.0,12474668.0,12122351.0,1693332.6,1609453.6,401276.2,469398.1,102365.6,0.0,28.4,27.5,55,24.3,36.1,1726,11023,11872,15598,18783,18655,18626,11504,54829,3232
1782438656,1AC,102400000.0,102400000.0,12485295.0,12096696.0,1696824.1,1611713.0,401899.0,469104.3,102356.6,0.0,28.4,27.4,27,24.3,36.1,1726,11029,11878,15604,18794,18664,18638,11512,54869,3236
1782438953,1AC,102400000.0,102400000.0,12462721.0,12148691.0,1693051.6,1606690.5,401504.8,470059.5,102348.4,0.0,28.4,27.5,66,24.3,36.1,1727,11029,11879,15606,18789,18659,18631,11508,54852,3234
1782439253,1AC,102400000.0,102400000.0,12464199.0,12062011.0,1695090.0,1610923.5,401228.9,468619.3,102338.7,0.0,28.4,27.5,74,24.3,36.1,1726,11027,11875,15603,18794,18662,18632,11510,54850,3234
1782439554,1AC,102400000.0,102400000.0,12466792.0,12139627.0,1695768.0,1610994.4,401383.4,469410.8,102330.7,0.0,28.4,27.5,56,24.3,36.1,1726,11025,11877,15601,18790,18663,18635,11509,54850,3235
1782439854,1AC,102400000.0,102400000.0,12435239.0,12073811.0,1692107.5,1607388.1,400718.2,469644.4,102322.1,0.0,28.4,27.4,38,24.3,36.1,1726,11027,11877,15602,18789,18661,18633,11508,54843,3234
1782440155,1AC,102400000.0,102400000.0,12447576.0,12097864.0,1693865.6,1608811.4,401258.5,468380.2,102314.1,0.0,28.4,27.5,43,24.3,36.1,1727,11029,11880,15609,18796,18668,18640,11513,54863,3234
1782440455,1AC,102400000.0,102400000.0,12468392.0,12085795.0,1693458.0,1610553.4,400514.8,469098.9,102305.7,0.0,28.4,27.5,66,24.3,36.1,1725,11024,11873,15598,18788,18662,18634,11507,54847,3234
1782440756,1AC,102400000.0,102400000.0,12404879.0,12080445.0,1694153.4,1608139.6,400733.2,467903.1,102298.3,0.0,28.4,27.5,45,24.3,36.1,1726,11023,11873,15598,18787,18657,18629,11506,54845,3235
1782441053,1AC,102400000.0,102400000.0,12416005.0,12074200.0,1692661.4,1609552.6,400851.4,467705.4,102290.4,0.0,28.4,27.5,43,24.3,36.2,1727,11032,11882,15609,18796,18669,18642,11513,54864,3235
1782441353,1AC,102400000.0,102400000.0,12373387.0,12105019.0,1694227.5,1610108.4,400670.1,467751.5,102281.5,0.0,28.4,27.5,22,24.3,36.2,1726,11028,11878,15603,18789,18663,18632,11509,54851,3234
1782441654,1AC,102400000.0,102400000.0,12374131.0,12063923.0,1688153.0,1605106.4,400491.5,467119.2,102273.3,0.0,28.4,27.5,56,24.3,36.2,1725,11022,11871,15596,18791,18658,18630,11506,54839,3233
1782441954,1AC,102400000.0,102400000.0,12385857.0,12039920.0,1688886.5,1604036.5,399711.8,467231.9,102264.8,0.0,28.4,27.5,49,24.3,36.2,1726,11026,11877,15604,18787,18657,18630,11507,54830,3233
1782442255,1AC,102400000.0,102400000.0,12359315.0,11992592.0,1689694.6,1601606.0,399961.2,468319.2,102256.5,0.0,28.4,27.5,59,24.3,36.2,1725,11025,11876,15599,18783,18653,18625,11507,54831,3234
1782442556,1AC,102400000.0,102400000.0,12370884.0,12088296.0,1687323.1,1605446.6,399903.8,466436.0,102248.4,0.0,28.4,27.5,45,24.4,36.2,1726,11025,11875,15599,18786,18657,18629,11507,54825,3232
1782442856,1AC,102400000.0,102400000.0,12442027.0,12048265.0,1688449.9,1606499.9,399888.9,467628.2,102239.3,0.0,28.4,27.5,49,24.4,36.2,1726,11027,11878,15605,18790,18659,18630,11508,54839,3233
1782443156,1AC,102400000.0,102400000.0,12401100.0,12043240.0,1689668.4,1602655.6,399652.1,466968.4,102231.6,0.0,28.4,27.5,70,24.3,36.2,1726,11025,11878,15603,18787,18657,18630,11507,54828,3232
1782443453,1AC,102400000.0,102400000.0,12355807.0,12063312.0,1684518.6,1605090.1,399011.5,467017.7,102224.0,0.0,28.4,27.6,42,24.3,36.2,1726,11024,11873,15596,18786,18656,18626,11505,54828,3232
1782443754,1AC,102400000.0,102400000.0,12380904.0,12050268.0,1684348.6,1603135.1,399912.2,466715.9,102216.8,0.0,28.4,27.5,41,24.3,36.2,1726,11027,11878,15604,18793,18662,18635,11509,54855,3233
1782444054,1AC,102400000.0,102400000.0,12388316.0,11992023.0,1685490.0,1600025.1,399197.8,466392.3,102210.2,0.0,28.4,27.6,29,24.4,36.2,1726,11026,11875,15600,18784,18656,18629,11505,54830,3232
1782444355,1AC,102400000.0,102400000.0,12338007.0,12051140.0,1689472.9,1603299.6,398853.4,466170.4,102203.4,0.0,28.4,27.6,48,24.4,36.3,1726,11029,11877,15602,18789,18661,18633,11510,54852,3233
1782444655,1AC,102400000.0,102400000.0,12336603.0,12022748.0,1684223.6,1599122.9,398287.0,466739.0,102196.8,0.0,28.4,27.6,49,24.4,36.2,1725,11025,11876,15600,18789,18660,18631,11509,54840,3233
1782444955,1AC,102400000.0,102400000.0,12307289.0,12035499.0,1679871.4,1601205.9,398743.0,464947.8,102190.8,0.0,28.4,27.6,62,24.4,36.3,1727,11027,11878,15604,18789,18660,18633,11511,54849,3233
1782445256,1AC,102400000.0,102400000.0,12318929.0,12007568.0,1685908.1,1602129.9,398571.0,464749.0,102183.5,0.0,28.4,27.6,44,24.4,36.3,1726,11024,11875,15602,18789,18658,18631,11507,54841,3232
1782445556,1AC,102400000.0,102400000.0,12351789.0,12000991.0,1682657.9,1601200.9,399367.4,464610.2,102177.6,0.0,28.5,27.6,52,24.4,36.3,1726,11025,11876,15602,18786,18657,18629,11507,54836,3232
1782445856,1AC,102400000.0,102400000.0,12296616.0,11959691.0,1682548.9,1598393.5,397751.3,465659.0,102172.3,0.0,28.4,27.6,12,24.4,36.3,1727,11029,11881,15608,18793,18662,18635,11509,54849,3233
1782446153,1AC,102400000.0,102400000.0,12275400.0,11968145.0,1680147.1,1600353.6,398227.7,465121.0,102165.5,0.0,28.4,27.6,76,24.4,36.3,1726,11027,11878,15602,18789,18661,18633,11508,54842,3233
1782446454,1AC,102400000.0,102400000.0,12265775.0,11983292.0,1679080.9,1598423.6,398141.9,465151.4,102159.6,0.0,28.5,27.6,43,24.4,36.3,1727,11028,11879,15603,18789,18661,18634,11510,54842,3233
1782446754,1AC,102400000.0,102400000.0,12264168.0,11950440.0,1678280.6,1601943.6,397755.0,464680.9,102153.6,0.0,28.5,27.6,44,24.4,36.3,1726,11028,11877,15601,18792,18663,18633,11511,54849,3234
1782447054,1AC,102400000.0,102400000.0,12268529.0,11959555.0,1677963.4,1599022.6,397878.2,464656.9,102146.8,0.0,28.5,27.6,27,24.4,36.3,1726,11028,11878,15604,18787,18659,18630,11507,54841,3232
1782447355,1AC,102400000.0,102400000.0,12260555.0,11969085.0,1679453.0,1597161.0,397537.7,463787.9,102139.5,0.0,28.5,27.6,46,24.4,36.3,1726,11025,11877,15599,18788,18658,18631,11509,54838,3232
1782447655,1AC,102400000.0,102400000.0,12222425.0,11957624.0,1676539.5,1593775.9,396795.1,465291.5,102133.3,0.0,28.5,27.6,66,24.4,36.4,1725,11025,11876,15599,18787,18658,18630,11508,54838,3232
1782447955,1AC,102400000.0,102400000.0,12232472.0,11913723.0,1676248.4,1591996.6,397327.2,464656.7,102127.1,0.0,28.5,27.7,40,24.4,36.3,1726,11025,11875,15599,18781,18654,18624,11504,54819,3231
1782448256,1AC,102400000.0,102400000.0,12204281.0,11945697.0,1673395.6,1600781.4,397314.0,464365.3,102120.6,0.0,28.5,27.7,60,24.4,36.4,1725,11023,11873,15595,18779,18650,18625,11502,54817,3231
1782448556,1AC,102400000.0,102400000.0,12214373.0,11903607.0,1673495.1,1592424.6,396737.7,463629.4,102113.1,0.0,28.5,27.7,38,24.4,36.4,1726,11025,11878,15599,18792,18662,18634,11510,54845,3233
1782448853,1AC,102400000.0,102400000.0,12214684.0,11927825.0,1670082.5,1597474.4,397077.5,465013.3,102106.5,0.0,28.5,27.6,47,24.4,36.4,1726,11025,11878,15599,18790,18660,18633,11509,54852,3232
1782449154,1AC,102400000.0,102400000.0,12243199.0,11892764.0,1668872.6,1592848.5,396901.4,464157.7,102099.1,0.0,28.5,27.7,74,24.4,36.4,1726,11027,11878,15602,18788,18656,18632,11509,54831,3232
1782449454,1AC,102400000.0,102400000.0,12206837.0,11877780.0,1672197.9,1589650.5,397501.0,463025.3,102090.3,0.0,28.5,27.7,54,24.4,36.4,1726,11027,11878,15603,18790,18660,18630,11509,54846,3233
1782449754,1AC,102400000.0,102400000.0,12202415.0,11882448.0,1671388.4,1590800.0,396414.5,462751.4,102079.5,0.0,28.5,27.7,81,24.4,36.4,1726,11027,11878,15602,18789,18663,18634,11511,54850,3233
1782450055,1AC,102400000.0,102400000.0,12199369.0,11902668.0,1671844.5,1587684.9,397111.6,463649.6,102068.3,0.0,28.5,27.7,50,24.4,36.4,1725,11020,11872,15595,18784,18656,18626,11506,54835,3232
1782450355,1AC,102400000.0,102400000.0,12175716.0,11876465.0,1668619.0,1594541.9,396768.8,462818.6,102056.8,0.0,28.5,27.7,28,24.4,36.4,1726,11025,11877,15600,18787,18656,18630,11505,54837,3232
1782450655,1AC,102400000.0,102400000.0,12202292.0,11856199.0,1670513.9,1591839.1,396199.4,462323.3,102045.1,0.0,28.5,27.7,51,24.4,36.4,1727,11032,11883,15612,18799,18668,18640,11512,54859,3234
1782450955,1AC,102400000.0,102400000.0,12203287.0,11878699.0,1669882.1,1590894.0,396091.3,462570.0,102031.5,0.0,28.5,27.7,38,24.4,36.4,1725,11024,11873,15595,18786,18657,18628,11506,54829,3233
1782451256,1AC,102400000.0,102400000.0,12178120.0,11897661.0,1668244.4,1590154.0,397022.0,462889.9,102018.7,0.0,28.5,27.7,49,24.4,36.4,1726,11029,11880,15605,18795,18663,18633,11512,54840,3233
1782451556,1AC,102400000.0,102400000.0,12204484.0,11887077.0,1677831.6,1593214.6,396976.1,463357.5,102004.9,0.0,28.4,27.7,42,24.4,36.4,1726,11026,11878,15605,18789,18660,18632,11508,54844,3232
1782451856,1AC,102400000.0,102400000.0,12179521.0,11903499.0,1673662.0,1589951.9,396445.1,463518.6,101990.6,0.0,28.4,27.7,58,24.3,36.4,1726,11023,11872,15596,18788,18658,18627,11507,54829,3232
1782452153,1AC,102400000.0,102400000.0,12182639.0,11896761.0,1673714.4,1594540.6,396758.6,463683.1,101974.8,0.0,28.4,27.7,37,24.3,36.5,1726,11022,11873,15599,18786,18657,18628,11506,54839,3233
1782452454,1AC,102400000.0,102400000.0,12241392.0,11915856.0,1672820.9,1592658.5,396004.4,463264.3,101960.0,0.0,28.4,27.7,48,24.3,36.4,1726,11025,11875,15602,18789,18659,18630,11507,54844,3233
1782452754,1AC,102400000.0,102400000.0,12248452.0,11912772.0,1673987.1,1593744.6,396733.0,463988.7,101944.7,0.0,28.4,27.8,55,24.3,36.5,1726,11022,11872,15600,18785,18654,18626,11505,54820,3232
1782453355,1AC,102400000.0,102400000.0,13457881.0,13237704.0,1844428.6,1809416.1,460468.2,561217.4,105038.0,0.0,28.1,15.7,75,24.0,23.6,1726,11032,11880,15614,18809,18676,18647,11517,54899,3236
1782453655,1AC,102400000.0,102400000.0,17005688.0,16637707.0,2220757.8,2142644.8,501219.0,584161.1,105113.5,0.0,28.1,18.2,75,24.1,25.6,1726,11030,11876,15609,18801,18669,18641,11515,54881,3235
1782453956,1AC,102400000.0,102400000.0,17514930.0,17158050.0,2280738.8,2196136.8,507970.1,587082.7,105136.0,0.0,28.1,19.5,70,24.1,26.7,1725,11024,11872,15605,18796,18666,18639,11512,54871,3234
1782454256,1AC,102400000.0,102400000.0,17535738.0,17149986.0,2275089.2,2198660.8,507833.3,585987.7,105136.2,0.0,28.2,20.3,70,24.1,27.5,1726,11026,11873,15606,18797,18664,18637,11511,54857,3234
1782454553,1AC,102400000.0,102400000.0,17415686.0,17039826.0,2270664.8,2182576.2,506702.7,582698.7,105124.9,0.0,28.2,20.8,66,24.1,28.1,1725,11027,11875,15608,18807,18677,18648,11517,54902,3237
1782454853,1AC,102400000.0,102400000.0,17318880.0,16881546.0,2253338.0,2167837.8,503679.6,580967.2,105107.5,0.0,28.1,21.3,74,24.1,28.6,1726,11029,11876,15610,18802,18669,18642,11513,54876,3235
1782455154,1AC,102400000.0,102400000.0,17139750.0,16798168.0,2233621.0,2144952.5,500910.1,576899.0,105087.1,0.0,28.1,21.6,65,24.1,28.9,1726,11028,11874,15609,18802,18669,18640,11513,54870,3235
1782455455,1AC,102400000.0,102400000.0,17000668.0,16623284.0,2217656.2,2136495.8,498055.7,574795.8,105064.6,0.0,28.1,21.9,84,24.0,29.2,1726,11029,11876,15612,18800,18667,18639,11512,54862,3235
1782455755,1AC,102400000.0,102400000.0,16878252.0,16532521.0,2207898.2,2120877.0,496029.6,571360.6,105040.5,0.0,28.1,22.1,73,24.0,29.5,1726,11024,11871,15606,18797,18666,18638,11511,54867,3235
1782456056,1AC,102400000.0,102400000.0,16778838.0,16382417.0,2189888.0,2107957.0,493548.8,569020.2,105015.0,0.0,28.1,22.3,58,24.0,29.7,1725,11027,11872,15608,18796,18663,18636,11510,54861,3234
1782456356,1AC,102400000.0,102400000.0,16699619.0,16347311.0,2182096.8,2093828.9,491615.5,566781.0,104989.1,0.0,28.1,22.4,54,24.0,29.9,1726,11026,11873,15611,18807,18673,18644,11516,54889,3236
1782456656,1AC,102400000.0,102400000.0,16599719.0,16241685.0,2177411.8,2085228.9,490081.9,565016.4,104963.0,0.0,28.0,22.6,77,24.0,30.0,1726,11028,11873,15611,18801,18666,18637,11512,54860,3234
1782456953,1AC,102400000.0,102400000.0,16549861.0,16163087.0,2166943.0,2075496.5,488125.2,564957.6,104935.6,0.0,28.0,22.7,85,23.9,30.2,1725,11024,11871,15608,18798,18660,18635,11511,54859,3235
1782457254,1AC,102400000.0,102400000.0,16476137.0,16108343.0,2158871.2,2070476.6,488303.4,562962.1,104907.5,0.0,28.0,22.8,69,23.9,30.3,1726,11024,11871,15609,18802,18669,18641,11512,54877,3235
1782457555,1AC,102400000.0,102400000.0,16403223.0,16020209.0,2151298.2,2062440.1,487031.2,560822.8,104879.0,0.0,28.0,22.9,85,23.9,30.5,1725,11025,11869,15607,18797,18664,18636,11509,54859,3235
1782457855,1AC,102400000.0,102400000.0,16366727.0,15984963.0,2142589.2,2052737.0,483995.2,559001.7,104850.3,0.0,28.0,23.1,88,23.9,30.6,1725,11024,11869,15609,18800,18666,18638,11511,54856,3235
1782458156,1AC,102400000.0,102400000.0,16315085.0,15935840.0,2143095.0,2054303.4,484758.7,558408.5,104822.2,0.0,27.9,23.1,87,23.9,30.6,1725,11022,11866,15609,18795,18659,18633,11509,54855,3234
1782458456,1AC,102400000.0,102400000.0,16241792.0,15904547.0,2137002.2,2045435.5,483676.4,557056.3,104793.9,0.0,27.9,23.2,69,23.9,30.8,1725,11026,11871,15612,18801,18668,18640,11511,54871,3236
1782458753,1AC,102400000.0,102400000.0,16196016.0,15817444.0,2129260.0,2045913.0,482505.8,556098.0,104766.2,0.0,27.9,23.3,51,23.8,30.8,1725,11023,11868,15610,18801,18665,18641,11514,54876,3236
1782459054,1AC,102400000.0,102400000.0,16166277.0,15792092.0,2127287.0,2033063.0,481054.5,554373.9,104738.8,0.0,27.9,23.4,84,23.8,30.9,1725,11021,11865,15606,18797,18663,18635,11510,54849,3235
1782459354,1AC,102400000.0,102400000.0,16095640.0,15741016.0,2123250.0,2031822.6,481843.1,554310.6,104711.9,0.0,27.9,23.5,68,23.8,31.0,1725,11026,11868,15609,18807,18668,18644,11514,54875,3236
1782459655,1AC,102400000.0,102400000.0,16070188.0,15772821.0,2119924.0,2027242.0,479926.9,552471.0,104685.3,0.0,27.9,23.5,75,23.8,31.1,1725,11022,11867,15607,18798,18661,18638,11512,54852,3235
1782459955,1AC,102400000.0,102400000.0,16083016.0,15727640.0,2116752.8,2028937.4,479863.4,553329.2,104658.9,0.0,27.9,23.6,76,23.8,31.2,1725,11021,11864,15605,18794,18660,18632,11508,54841,3236
1782460256,1AC,102400000.0,102400000.0,16075773.0,15673213.0,2114084.2,2021819.5,478023.7,553091.7,104632.4,0.0,27.8,23.6,78,23.8,31.2,1725,11021,11864,15607,18790,18657,18631,11508,54830,3234
1782460553,1AC,102400000.0,102400000.0,16007607.0,15627972.0,2109188.2,2018652.0,478712.3,551854.2,104606.6,0.0,27.8,23.7,65,23.8,31.3,1725,11023,11866,15609,18799,18664,18640,11512,54859,3236
1782460854,1AC,102400000.0,102400000.0,15975520.0,15588269.0,2105411.2,2014904.9,478001.9,550699.5,104580.8,0.0,27.8,23.7,64,23.7,31.4,1725,11019,11865,15607,18801,18660,18637,11511,54855,3235
1782461154,1AC,102400000.0,102400000.0,15939448.0,15556863.0,2099864.2,2011022.5,476208.1,551590.3,104555.3,0.0,27.8,23.8,77,23.7,31.4,1724,11019,11864,15607,18798,18662,18635,11508,54854,3235
1782461455,1AC,102400000.0,102400000.0,15904408.0,15559051.0,2102703.8,2008385.0,475367.3,549045.3,104530.2,0.0,27.8,23.8,85,23.7,31.5,1725,11021,11864,15608,18797,18664,18639,11512,54860,3237
1782461755,1AC,102400000.0,102400000.0,15887960.0,15544177.0,2094733.5,2009675.4,475725.2,548494.2,104506.1,0.0,27.8,23.9,51,23.7,31.6,1724,11020,11863,15608,18797,18659,18634,11508,54847,3235
1782462056,1AC,102400000.0,102400000.0,15846019.0,15508083.0,2091159.4,2006743.9,474709.9,547552.6,104481.6,0.0,27.8,23.9,82,23.7,31.6,1724,11021,11863,15607,18794,18657,18632,11508,54846,3236
1782462353,1AC,102400000.0,102400000.0,15816465.0,15490492.0,2090544.6,1996910.9,474290.6,547150.7,104457.4,0.0,27.7,24.0,72,23.7,31.7,1724,11016,11860,15602,18793,18659,18635,11509,54837,3235
1782462654,1AC,102400000.0,102400000.0,15809896.0,15424563.0,2086694.4,1994560.4,473280.9,547287.2,104433.7,0.0,27.7,24.0,63,23.7,31.7,1724,11016,11860,15605,18793,18661,18634,11509,54851,3235
1782462955,1AC,102400000.0,102400000.0,15814379.0,15411784.0,2083935.6,1996818.4,473563.7,548545.3,104409.7,0.0,27.7,24.0,66,23.7,31.8,1724,11019,11861,15607,18798,18663,18637,11510,54854,3236
1782463255,1AC,102400000.0,102400000.0,15784828.0,15420629.0,2079038.0,1992632.0,472667.6,547479.8,104386.6,0.0,27.7,24.1,75,23.7,31.8,1724,11018,11860,15605,18792,18659,18631,11506,54835,3235
1782463556,1AC,102400000.0,102400000.0,15708736.0,15399104.0,2078280.4,1990911.5,471913.6,545603.0,104363.7,0.0,27.7,24.1,89,23.7,31.8,1724,11020,11864,15608,18794,18660,18635,11508,54846,3235
1782463856,1AC,102400000.0,102400000.0,15680679.0,15355373.0,2077373.5,1990128.0,471602.2,544549.4,104341.6,0.0,27.7,24.2,84,23.7,31.9,1724,11017,11860,15605,18795,18657,18634,11509,54846,3236
1782464153,1AC,102400000.0,102400000.0,15691591.0,15368205.0,2072044.0,1988761.9,471686.3,543720.6,104319.0,0.0,27.7,24.2,62,23.7,31.9,1725,11021,11863,15610,18802,18669,18641,11513,54870,3237
1782464454,1AC,102400000.0,102400000.0,15681137.0,15291021.0,2071284.9,1980308.4,471213.3,544355.3,104296.8,0.0,27.7,24.2,62,23.6,32.0,1724,11016,11860,15604,18796,18659,18633,11508,54847,3235
1782464754,1AC,102400000.0,102400000.0,15596964.0,15348487.0,2069183.0,1979285.6,470384.1,543449.2,104274.4,0.0,27.7,24.3,73,23.6,32.0,1724,11013,11857,15600,18790,18656,18628,11507,54830,3237
1782465054,1AC,102400000.0,102400000.0,15640007.0,15265523.0,2064977.4,1976598.4,469775.7,544162.8,104252.9,0.0,27.7,24.3,57,23.6,32.1,1724,11019,11861,15609,18795,18658,18636,11509,54846,3238
1782465355,1AC,102400000.0,102400000.0,15602116.0,15242549.0,2063250.0,1970892.0,468897.7,544307.7,104231.4,0.0,27.7,24.4,80,23.6,32.1,1724,11017,11862,15608,18795,18657,18634,11507,54836,3235
1782465656,1AC,102400000.0,102400000.0,15568396.0,15262968.0,2063594.6,1969360.5,469498.8,541320.2,104209.8,0.0,27.7,24.4,77,23.6,32.1,1724,11018,11861,15607,18797,18663,18636,11509,54849,3236
1782465956,1AC,102400000.0,102400000.0,15592759.0,15220548.0,2061747.5,1972038.0,467944.5,540826.3,104188.7,0.0,27.7,24.4,57,23.6,32.2,1725,11022,11863,15614,18806,18666,18642,11514,54873,3237
1782466253,1AC,102400000.0,102400000.0,15517525.0,15190196.0,2058255.0,1968124.0,467514.9,542169.7,104168.3,0.0,27.7,24.4,56,23.6,32.2,1724,11018,11861,15607,18796,18660,18634,11509,54838,3236
1782466554,1AC,102400000.0,102400000.0,15509921.0,15169341.0,2052819.6,1965364.6,467037.8,540035.3,104147.6,0.0,27.7,24.4,63,23.6,32.3,1724,11019,11860,15609,18797,18660,18634,11508,54832,3235
1782466854,1AC,102400000.0,102400000.0,15516189.0,15178349.0,2056411.6,1963650.6,467687.4,540686.7,104127.0,0.0,27.7,24.5,63,23.6,32.3,1724,11020,11860,15609,18800,18663,18637,11512,54855,3236
1782467155,1AC,102400000.0,102400000.0,15491744.0,15160929.0,2047228.5,1959113.6,466398.2,538591.3,104106.2,0.0,27.7,24.5,81,23.6,32.3,1725,11022,11864,15612,18804,18665,18639,11514,54863,3237
1782467455,1AC,102400000.0,102400000.0,15450251.0,15125889.0,2047826.5,1958914.0,467144.2,539133.1,104085.3,0.0,27.7,24.5,66,23.6,32.4,1725,11019,11861,15607,18795,18657,18633,11508,54831,3235
1782467755,1AC,102400000.0,102400000.0,15378112.0,15082525.0,2043870.9,1954715.6,466218.3,538428.5,104064.9,0.0,27.7,24.6,55,23.6,32.4,1724,11016,11858,15605,18796,18662,18632,11508,54841,3237
1782468056,1AC,102400000.0,102400000.0,15446911.0,15116183.0,2041383.0,1953503.6,465560.8,537582.1,104043.7,0.0,27.7,24.6,67,23.6,32.4,1724,11013,11855,15600,18794,18655,18628,11506,54834,3235
1782468356,1AC,102400000.0,102400000.0,15413424.0,15102915.0,2038649.9,1956151.4,465655.4,538279.7,104022.8,0.0,27.7,24.6,69,23.6,32.5,1724,11018,11861,15607,18797,18660,18636,11509,54853,3236
1782468653,1AC,102400000.0,102400000.0,15400451.0,15041156.0,2035318.5,1950724.9,465138.2,536640.8,104002.7,0.0,27.7,24.7,59,23.6,32.5,1724,11015,11859,15606,18796,18660,18633,11508,54851,3236
1782468954,1AC,102400000.0,102400000.0,15362639.0,14998572.0,2035586.1,1948878.5,465502.5,537233.5,103982.5,0.0,27.7,24.7,62,23.6,32.6,1723,11014,11857,15605,18788,18653,18626,11504,54819,3235
1782469254,1AC,102400000.0,102400000.0,15362749.0,14987769.0,2035089.5,1947844.9,463834.3,537136.2,103963.0,0.0,27.7,24.7,41,23.6,32.5,1724,11018,11861,15608,18794,18657,18631,11506,54838,3235
1782469555,1AC,102400000.0,102400000.0,15336347.0,14977292.0,2035260.5,1946393.4,463319.8,535810.3,103943.3,0.0,27.7,24.7,77,23.6,32.6,1724,11016,11859,15608,18796,18659,18633,11508,54836,3236
1782469855,1AC,102400000.0,102400000.0,15311687.0,14986905.0,2030481.9,1940892.4,462342.9,536620.5,103923.6,0.0,27.7,24.8,73,23.6,32.6,1724,11015,11858,15604,18796,18657,18632,11508,54833,3236
1782470156,1AC,102400000.0,102400000.0,15276692.0,14926429.0,2029291.5,1943866.4,463102.0,535778.3,103903.2,0.0,27.7,24.8,60,23.6,32.6,1723,11012,11854,15601,18788,18649,18625,11503,54815,3235
1782470453,1AC,102400000.0,102400000.0,15292597.0,14949839.0,2029302.6,1938196.9,463634.2,535094.3,103883.3,0.0,27.7,24.8,70,23.6,32.7,1724,11015,11860,15606,18796,18658,18636,11510,54843,3236
1782470754,1AC,102400000.0,102400000.0,15242468.0,14933864.0,2032359.0,1940820.4,463506.0,534494.1,103862.8,0.0,27.7,24.8,66,23.6,32.7,1723,11009,11854,15602,18788,18653,18627,11505,54818,3234
1782471054,1AC,102400000.0,102400000.0,15214064.0,14902073.0,2024890.5,1936643.5,461389.9,533676.2,103842.7,0.0,27.7,24.8,53,23.6,32.7,1725,11018,11862,15608,18800,18664,18640,11513,54854,3238
1782471355,1AC,102400000.0,102400000.0,15195028.0,14902061.0,2023313.5,1934852.5,461592.3,532968.0,103823.0,0.0,27.7,24.9,61,23.6,32.8,1724,11016,11857,15606,18794,18655,18633,11507,54827,3235
1782471656,1AC,102400000.0,102400000.0,15197759.0,14849287.0,2021400.5,1934903.4,460304.6,533482.6,103804.1,0.0,27.7,24.9,71,23.6,32.8,1724,11012,11855,15602,18788,18649,18624,11503,54810,3235
1782471956,1AC,102400000.0,102400000.0,15238973.0,14822108.0,2020048.0,1933039.0,460943.5,532351.4,103784.3,0.0,27.7,24.9,33,23.6,32.8,1724,11015,11857,15605,18794,18654,18631,11507,54830,3236
1782472253,1AC,102400000.0,102400000.0,15154663.0,14824989.0,2021272.4,1933148.9,460955.5,532488.2,103764.9,0.0,27.7,24.9,71,23.6,32.8,1724,11015,11858,15605,18793,18656,18631,11506,54826,3235
1782472554,1AC,102400000.0,102400000.0,15158105.0,14856036.0,2012018.1,1929817.6,460136.2,532646.0,103746.2,0.0,27.6,24.9,55,23.6,32.9,1724,11014,11857,15602,18791,18656,18629,11505,54827,3235
1782472855,1AC,102400000.0,102400000.0,15164479.0,14784931.0,2016378.6,1929644.4,460712.8,533756.2,103727.0,0.0,27.6,25.0,47,23.6,32.9,1724,11017,11861,15608,18795,18660,18633,11507,54841,3235
1782473155,1AC,102400000.0,102400000.0,15128393.0,14760607.0,2013908.0,1927350.1,460278.3,530718.9,103707.8,0.0,27.6,25.0,31,23.6,32.9,1724,11018,11862,15610,18799,18661,18636,11509,54848,3236
1782473456,1AC,102400000.0,102400000.0,15115993.0,14778757.0,2011295.1,1924137.5,460063.9,530466.8,103688.5,0.0,27.6,25.0,74,23.6,33.0,1724,11015,11856,15603,18790,18654,18628,11505,54823,3235
1782473753,1AC,102400000.0,102400000.0,15133563.0,14708725.0,2007159.9,1922240.4,458203.0,530581.6,103669.9,0.0,27.6,25.0,56,23.6,33.0,1724,11017,11861,15608,18798,18658,18637,11509,54844,3238
1782474054,1AC,102400000.0,102400000.0,15088120.0,14748777.0,2008892.0,1918188.5,458494.7,529706.8,103650.8,0.0,27.6,25.0,58,23.6,33.0,1724,11013,11858,15604,18795,18656,18630,11507,54829,3235
1782474354,1AC,102400000.0,102400000.0,15120029.0,14747281.0,2004732.4,1921391.0,459441.4,530125.8,103632.7,0.0,27.6,25.0,64,23.6,33.0,1724,11019,11860,15610,18802,18664,18640,11510,54855,3237
1782474655,1AC,102400000.0,102400000.0,15058192.0,14730327.0,2003072.6,1918278.1,457670.3,528958.1,103614.3,0.0,27.6,25.1,73,23.6,33.0,1724,11013,11856,15603,18790,18654,18629,11503,54820,3235
1782474956,1AC,102400000.0,102400000.0,15046955.0,14688693.0,1999858.5,1917265.9,458038.5,529290.4,103596.5,0.0,27.6,25.1,68,23.6,33.1,1723,11015,11858,15606,18796,18656,18634,11508,54829,3236
1782475256,1AC,102400000.0,102400000.0,15037449.0,14669013.0,2002400.5,1915782.0,458438.9,528675.1,103578.8,0.0,27.6,25.1,47,23.5,33.1,1724,11013,11856,15603,18792,18657,18629,11506,54836,3236
1782475553,1AC,102400000.0,102400000.0,15036295.0,14651685.0,2000293.4,1914637.0,456838.0,527679.4,103561.2,0.0,27.6,25.1,53,23.6,33.1,1723,11012,11857,15604,18791,18658,18630,11505,54831,3236
1782475854,1AC,102400000.0,102400000.0,15053935.0,14663313.0,1999710.5,1914893.4,456980.9,527784.8,103543.2,0.0,27.6,25.2,55,23.5,33.1,1724,11014,11857,15604,18791,18656,18631,11506,54835,3236
1782476154,1AC,102400000.0,102400000.0,15045433.0,14679281.0,1996983.0,1910867.5,456859.5,528294.4,103525.9,0.0,27.6,25.2,68,23.6,33.1,1724,11014,11857,15604,18796,18659,18634,11510,54840,3236
1782476455,1AC,102400000.0,102400000.0,14956664.0,14659441.0,1994678.5,1910134.5,455842.1,528788.2,103508.7,0.0,27.6,25.2,64,23.5,33.2,1724,11017,11857,15605,18791,18656,18631,11505,54831,3234
1782476756,1AC,102400000.0,102400000.0,14944697.0,14650025.0,1992264.1,1913026.4,456165.5,527452.3,103491.0,0.0,27.6,25.2,87,23.6,33.2,1724,11014,11857,15605,18797,18661,18634,11508,54843,3236
1782477056,1AC,102400000.0,102400000.0,14977032.0,14636239.0,1997120.4,1910734.1,456027.8,527489.2,103474.4,0.0,27.6,25.2,73,23.5,33.2,1724,11016,11857,15606,18794,18659,18634,11508,54833,3236
1782477354,1AC,102400000.0,102400000.0,14947992.0,14618104.0,1992870.4,1905576.1,455806.6,525412.8,103457.9,0.0,27.6,25.3,70,23.6,33.2,1724,11014,11856,15603,18795,18655,18635,11509,54841,3236
1782477655,1AC,102400000.0,102400000.0,14961208.0,14533813.0,1991656.0,1905920.9,455917.0,527101.4,103442.2,0.0,27.6,25.2,74,23.5,33.3,1724,11012,11855,15603,18793,18659,18633,11508,54839,3235
1782477955,1AC,102400000.0,102400000.0,14938745.0,14573093.0,1989551.1,1905426.0,456043.8,526331.8,103428.3,0.0,27.6,25.3,53,23.6,33.3,1724,11016,11859,15605,18794,18655,18631,11507,54829,3235
1782478256,1AC,102400000.0,102400000.0,14941064.0,14569923.0,1991223.1,1900452.6,454432.7,525838.8,103413.5,0.0,27.6,25.3,57,23.6,33.3,1724,11013,11857,15602,18792,18654,18629,11505,54827,3235
1782478554,1AC,102400000.0,102400000.0,14857493.0,14585712.0,1985561.4,1900641.5,455405.1,525151.5,103397.0,0.0,27.6,25.3,54,23.6,33.3,1724,11014,11857,15603,18791,18652,18628,11505,54821,3234
1782478854,1AC,102400000.0,102400000.0,14867700.0,14512411.0,1982465.1,1898875.4,454497.2,525549.2,103380.7,0.0,27.6,25.3,69,23.6,33.3,1723,11013,11856,15601,18792,18656,18630,11505,54833,3236
1782479155,1AC,102400000.0,102400000.0,14855013.0,14516795.0,1979822.1,1898268.0,453758.8,524006.2,103365.0,0.0,27.6,25.3,48,23.6,33.3,1725,11019,11861,15609,18803,18663,18639,11512,54851,3238
1782479456,1AC,102400000.0,102400000.0,14869767.0,14519957.0,1985193.6,1897863.9,454334.8,523298.2,103349.5,0.0,27.6,25.3,69,23.6,33.4,1724,11019,11861,15610,18802,18665,18642,11512,54858,3236
1782479756,1AC,102400000.0,102400000.0,14833056.0,14487103.0,1979227.6,1897816.6,453327.0,525822.1,103335.5,0.0,27.6,25.4,38,23.6,33.4,1724,11014,11857,15604,18793,18655,18630,11508,54833,3235
1782480053,1AC,102400000.0,102400000.0,14816820.0,14517579.0,1978003.9,1897835.1,453522.8,524637.0,103320.6,0.0,27.6,25.4,45,23.6,33.4,1724,11018,11861,15608,18801,18665,18640,11512,54856,3237
1782480354,1AC,102400000.0,102400000.0,14848091.0,14480696.0,1979073.1,1894252.1,452950.5,522438.0,103306.1,0.0,27.6,25.4,39,23.6,33.4,1724,11013,11857,15605,18795,18658,18634,11509,54842,3236
1782480654,1AC,102400000.0,102400000.0,14805384.0,14489537.0,1972985.9,1890627.6,453210.6,523042.4,103291.7,0.0,27.6,25.4,42,23.6,33.5,1725,11020,11862,15609,18802,18663,18639,11510,54843,3236
1782480955,1AC,102400000.0,102400000.0,14790395.0,14471631.0,1972439.1,1889564.9,451801.0,521520.0,103277.1,0.0,27.6,25.4,51,23.6,33.4,1725,11021,11863,15614,18804,18664,18641,11513,54865,3237
1782481255,1AC,102400000.0,102400000.0,14787233.0,14446387.0,1973146.0,1886462.9,451837.0,521939.7,103262.9,0.0,27.7,25.4,60,23.6,33.5,1724,11017,11860,15609,18799,18663,18637,11511,54854,3236
1782481556,1AC,102400000.0,102400000.0,14738716.0,14424401.0,1969973.6,1885051.0,452198.6,522746.2,103248.4,0.0,27.6,25.4,56,23.6,33.5,1724,11015,11859,15605,18796,18660,18634,11509,54842,3235
1782481853,1AC,102400000.0,102400000.0,14761364.0,14431479.0,1968039.6,1884699.6,452453.3,523369.2,103234.4,0.0,27.7,25.5,61,23.6,33.5,1724,11015,11858,15605,18796,18659,18634,11509,54841,3236
1782482154,1AC,102400000.0,102400000.0,14705909.0,14395584.0,1969210.1,1884391.6,450659.2,523034.8,103220.3,0.0,27.7,25.5,32,23.6,33.5,1724,11015,11856,15604,18797,18660,18635,11509,54842,3236
1782482454,1AC,102400000.0,102400000.0,14735669.0,14386348.0,1966616.5,1882729.4,451691.1,522210.1,103205.6,0.0,27.7,25.5,68,23.6,33.5,1724,11015,11859,15608,18794,18659,18632,11508,54835,3237
1782482754,1AC,102400000.0,102400000.0,14708519.0,14365037.0,1964034.6,1878897.1,450819.1,520030.1,103189.6,0.0,27.7,25.5,71,23.6,33.6,1724,11014,11857,15603,18795,18656,18631,11507,54835,3236
1782483055,1AC,102400000.0,102400000.0,14714516.0,14398400.0,1965082.0,1882095.4,450240.4,520748.2,103175.0,0.0,27.7,25.5,54,23.6,33.6,1724,11014,11858,15603,18797,18660,18633,11508,54850,3238
1782483356,1AC,102400000.0,102400000.0,14640955.0,14361827.0,1960950.5,1878416.9,450093.0,520321.2,103159.3,0.0,27.7,25.5,69,23.6,33.6,1724,11017,11860,15609,18797,18659,18634,11509,54844,3236
1782483656,1AC,102400000.0,102400000.0,14679912.0,14394681.0,1963028.6,1879672.6,450386.8,520878.0,103144.5,0.0,27.7,25.6,37,23.6,33.6,1724,11012,11853,15600,18789,18655,18627,11504,54818,3235
1782483953,1AC,102400000.0,102400000.0,14698673.0,14317095.0,1959850.5,1878435.4,449719.9,520367.0,103128.5,0.0,27.7,25.5,60,23.6,33.6,1724,11016,11858,15605,18794,18657,18633,11508,54834,3235
1782484254,1AC,102400000.0,102400000.0,14711799.0,14344727.0,1958669.0,1878265.9,449353.0,519368.4,103112.4,0.0,27.7,25.6,46,23.6,33.7,1724,11015,11858,15605,18792,18658,18632,11508,54837,3236
1782484555,1AC,102400000.0,102400000.0,14639729.0,14301696.0,1958077.9,1872999.9,448833.5,520073.8,103098.1,0.0,27.6,25.6,66,23.6,33.7,1724,11013,11857,15604,18794,18655,18634,11507,54839,3236
1782484855,1AC,102400000.0,102400000.0,14626703.0,14318091.0,1955003.0,1874970.4,449742.2,519094.9,103083.3,0.0,27.6,25.6,66,23.6,33.7,1724,11016,11859,15607,18797,18658,18633,11509,54837,3237
1782485155,1AC,102400000.0,102400000.0,14663197.0,14277489.0,1949980.4,1871865.1,448543.1,519648.4,103068.2,0.0,27.6,25.6,46,23.6,33.7,1724,11018,11860,15607,18800,18664,18635,11510,54851,3236
1782485456,1AC,102400000.0,102400000.0,14666093.0,14290197.0,1954660.4,1874181.1,448641.8,520472.6,103053.2,0.0,27.6,25.6,41,23.6,33.7,1724,11016,11858,15605,18795,18657,18628,11505,54831,3234
1782485756,1AC,102400000.0,102400000.0,14621469.0,14284769.0,1953791.6,1869424.9,448685.7,519059.1,103038.6,0.0,27.6,25.6,42,23.6,33.7,1724,11015,11857,15603,18793,18657,18630,11507,54829,3235
1782486053,1AC,102400000.0,102400000.0,14618493.0,14252745.0,1950586.1,1871011.4,448830.4,517310.3,103024.0,0.0,27.6,25.6,43,23.6,33.7,1724,11014,11857,15603,18794,18656,18632,11507,54838,3235
1782486354,1AC,102400000.0,102400000.0,14614139.0,14269543.0,1949439.0,1863094.0,448086.0,517325.2,103009.4,0.0,27.6,25.7,48,23.6,33.8,1724,11016,11858,15606,18797,18657,18634,11508,54840,3235
1782486654,1AC,102400000.0,102400000.0,14545636.0,14258581.0,1949289.1,1868391.1,448712.7,516742.8,102995.2,0.0,27.6,25.7,50,23.6,33.8,1723,11011,11854,15600,18793,18653,18630,11506,54829,3236
1782486954,1AC,102400000.0,102400000.0,14583120.0,14248975.0,1952155.6,1867338.0,448089.0,517790.5,102980.3,0.0,27.6,25.7,77,23.6,33.8,1724,11017,11860,15609,18796,18658,18635,11508,54835,3235
1782487255,1AC,102400000.0,102400000.0,14547885.0,14223564.0,1945739.5,1866500.5,446885.8,518237.8,102967.1,0.0,27.7,25.7,48,23.6,33.8,1725,11017,11859,15608,18798,18662,18637,11510,54850,3236
1782487556,1AC,102400000.0,102400000.0,14540123.0,14237892.0,1948851.5,1866942.4,446954.6,516617.7,102951.9,0.0,27.6,25.7,46,23.6,33.8,1724,11014,11854,15602,18794,18656,18630,11507,54830,3235
1782487856,1AC,102400000.0,102400000.0,14533520.0,14211123.0,1947386.0,1866343.5,447006.0,517848.6,102938.0,0.0,27.6,25.7,54,23.6,33.8,1724,11017,11861,15609,18801,18664,18639,11511,54848,3237
1782488154,1AC,102400000.0,102400000.0,14541069.0,14187589.0,1945909.5,1867216.0,448160.2,516330.0,102924.0,0.0,27.6,25.7,36,23.5,33.9,1724,11017,11858,15607,18798,18659,18636,11508,54839,3236
1782488454,1AC,102400000.0,102400000.0,14537484.0,14216781.0,1942992.0,1865173.6,446688.8,515801.9,102910.5,0.0,27.6,25.8,49,23.6,33.9,1724,11014,11857,15606,18796,18657,18634,11508,54840,3236
1782488755,1AC,102400000.0,102400000.0,14568645.0,14213779.0,1940288.0,1864812.1,446875.8,517637.0,102897.0,0.0,27.6,25.8,65,23.5,33.9,1725,11018,11859,15609,18800,18662,18637,11510,54847,3236
1782489055,1AC,102400000.0,102400000.0,14506087.0,14210076.0,1945250.4,1863670.9,446546.6,516739.8,102883.1,0.0,27.6,25.8,39,23.5,33.9,1724,11018,11861,15611,18800,18665,18640,11512,54852,3237
1782489356,1AC,102400000.0,102400000.0,14519572.0,14172956.0,1940474.5,1863411.1,445872.0,517163.0,102869.9,0.0,27.6,25.8,49,23.5,33.9,1724,11017,11858,15607,18799,18662,18636,11509,54843,3237
1782489653,1AC,102400000.0,102400000.0,14549664.0,14164339.0,1943307.1,1861211.0,446134.8,515733.3,102857.1,0.0,27.6,25.8,35,23.5,33.9,1724,11017,11861,15609,18793,18656,18633,11508,54832,3237
1782489953,1AC,102400000.0,102400000.0,14488465.0,14167205.0,1937430.9,1861007.4,446092.7,516603.6,102847.0,0.0,27.6,25.8,46,23.5,34.0,1725,11019,11860,15610,18798,18663,18636,11509,54849,3238
1782490254,1AC,102400000.0,102400000.0,14480553.0,14190708.0,1940686.9,1857210.5,446716.1,515606.7,102838.7,0.0,27.6,25.8,37,23.6,34.0,1724,11015,11857,15605,18793,18655,18630,11506,54824,3236
1782490554,1AC,102400000.0,102400000.0,14467128.0,14185256.0,1942242.6,1856750.0,445987.2,514959.8,102830.2,0.0,27.6,25.8,44,23.6,34.0,1723,11013,11855,15602,18789,18650,18626,11503,54813,3236
1782490855,1AC,102400000.0,102400000.0,14484436.0,14128135.0,1937332.4,1853264.6,445960.4,515778.9,102822.3,0.0,27.7,25.9,61,23.6,34.0,1724,11014,11855,15602,18794,18652,18631,11507,54827,3235
1782491156,1AC,102400000.0,102400000.0,14491891.0,14101629.0,1932765.9,1852500.1,444989.1,516321.5,102815.4,0.0,27.7,25.9,56,23.6,34.0,1723,11012,11855,15602,18788,18652,18625,11505,54818,3234
1782491456,1AC,102400000.0,102400000.0,14444613.0,14132267.0,1930477.9,1851306.4,444607.4,514485.4,102809.1,0.0,27.7,25.9,77,23.6,34.0,1724,11013,11857,15601,18786,18651,18624,11502,54819,3236
1782491753,1AC,102400000.0,102400000.0,14415852.0,14103965.0,1928384.5,1847369.1,444901.7,514526.7,102803.0,0.0,27.7,25.9,57,23.6,34.0,1723,11011,11856,15601,18790,18649,18628,11504,54819,3234
1782492054,1AC,102400000.0,102400000.0,14426976.0,14092992.0,1926574.1,1849482.0,444288.6,514302.6,102797.0,0.0,27.7,25.9,45,23.6,34.1,1724,11016,11858,15605,18794,18657,18630,11508,54832,3235
1782492354,1AC,102400000.0,102400000.0,14364509.0,14050685.0,1922948.6,1845929.9,442806.2,512794.0,102790.5,0.0,27.7,25.9,36,23.7,34.1,1724,11012,11856,15600,18791,18652,18628,11505,54820,3233
1782492655,1AC,102400000.0,102400000.0,14356155.0,14041067.0,1924664.6,1843243.1,442829.8,510712.2,102785.3,0.0,27.7,25.9,47,23.7,34.1,1724,11017,11860,15606,18795,18658,18631,11507,54838,3235
1782492955,1AC,102400000.0,102400000.0,14356093.0,13983560.0,1921998.6,1841570.0,443534.2,511092.0,102780.7,0.0,27.7,25.9,35,23.7,34.1,1724,11015,11861,15606,18795,18657,18632,11507,54833,3234
1782493256,1AC,102400000.0,102400000.0,14334571.0,14003037.0,1915448.6,1835277.4,441892.7,510921.3,102777.1,0.0,27.8,25.9,56,23.7,34.1,1724,11018,11860,15606,18795,18659,18634,11508,54837,3235
1782493556,1AC,102400000.0,102400000.0,14308076.0,13953677.0,1915229.0,1834421.5,441807.6,509732.8,102772.2,0.0,27.8,25.9,68,23.7,34.1,1724,11018,11861,15606,18793,18659,18633,11509,54841,3235
1782493853,1AC,102400000.0,102400000.0,14254672.0,13928051.0,1917190.0,1831408.9,441092.6,509421.2,102768.2,0.0,27.8,26.0,54,23.7,34.1,1725,11019,11861,15603,18800,18663,18638,11511,54845,3238
1782494154,1AC,102400000.0,102400000.0,14244427.0,13933361.0,1908884.5,1828774.4,439579.5,509444.6,102762.1,0.0,27.8,26.0,72,23.8,34.2,1725,11018,11861,15605,18789,18654,18627,11504,54823,3234
1782494455,1AC,102400000.0,102400000.0,14256068.0,13932144.0,1909578.9,1828437.9,440078.7,507925.9,102754.9,0.0,27.8,26.0,76,23.8,34.2,1724,11019,11862,15605,18793,18659,18632,11507,54836,3235
1782494756,1AC,102400000.0,102400000.0,14196060.0,13886443.0,1904339.5,1824944.0,439565.2,508279.9,102747.8,0.0,27.9,26.0,55,23.8,34.2,1724,11020,11864,15606,18794,18660,18632,11509,54840,3235
1782495056,1AC,102400000.0,102400000.0,14204931.0,13864603.0,1901413.6,1822829.0,439413.0,508880.1,102740.3,0.0,27.9,26.0,10,23.8,34.2,1724,11018,11864,15606,18791,18661,18633,11508,54836,3235
1782495353,1AC,102400000.0,102400000.0,14219191.0,13851204.0,1897912.1,1820398.1,438897.2,507050.2,102733.0,0.0,27.9,26.0,52,23.8,34.2,1725,11022,11866,15610,18795,18662,18637,11509,54854,3235
1782495654,1AC,102400000.0,102400000.0,14169311.0,13814221.0,1897437.1,1816977.4,438315.1,507138.8,102726.4,0.0,27.9,26.0,74,23.8,34.3,1725,11018,11864,15603,18789,18654,18628,11505,54825,3233
1782495954,1AC,102400000.0,102400000.0,14136940.0,13814121.0,1897113.0,1815332.4,437929.6,505517.2,102720.0,0.0,27.9,26.0,50,23.8,34.2,1725,11021,11865,15606,18793,18658,18632,11508,54840,3234
1782496255,1AC,102400000.0,102400000.0,14128673.0,13800703.0,1893541.1,1814013.1,437343.9,506431.2,102715.4,0.0,27.9,26.0,39,23.8,34.3,1724,11016,11861,15597,18792,18657,18632,11507,54834,3235
1782496555,1AC,102400000.0,102400000.0,14130156.0,13801824.0,1889571.5,1810677.4,436903.1,506408.4,102709.8,0.0,27.9,26.1,26,23.9,34.3,1725,11015,11862,15601,18789,18654,18629,11505,54830,3234
1782496856,1AC,102400000.0,102400000.0,14105084.0,13763765.0,1886570.0,1808242.4,436384.8,504608.2,102704.1,0.0,28.0,26.1,46,23.9,34.3,1724,11017,11863,15600,18788,18652,18626,11505,54827,3234
1782497153,1AC,102400000.0,102400000.0,14072792.0,13738728.0,1883325.1,1806711.5,436666.1,504515.0,102697.0,0.0,28.0,26.0,75,23.9,34.3,1724,11018,11864,15603,18789,18656,18628,11506,54825,3234
1782497454,1AC,102400000.0,102400000.0,14044748.0,13706560.0,1884571.0,1803069.1,437150.2,505051.1,102692.2,0.0,28.0,26.1,62,23.9,34.3,1725,11022,11869,15607,18798,18662,18637,11510,54846,3235
1782497754,1AC,102400000.0,102400000.0,14016484.0,13678059.0,1879792.0,1801563.9,435893.8,503823.9,102687.5,0.0,28.0,26.1,38,23.9,34.3,1725,11022,11869,15607,18795,18662,18633,11508,54840,3234
1782498055,1AC,102400000.0,102400000.0,14003451.0,13683055.0,1875563.5,1798738.6,435459.2,502443.4,102680.0,0.0,28.0,26.1,53,23.9,34.3,1725,11018,11865,15600,18791,18656,18630,11507,54837,3235
1782498356,1AC,102400000.0,102400000.0,13950400.0,13681081.0,1873431.0,1795698.9,433942.9,503732.3,102672.2,0.0,28.0,26.1,39,24.0,34.4,1725,11018,11862,15599,18788,18656,18630,11505,54827,3233
1782498653,1AC,102400000.0,102400000.0,13987507.0,13658368.0,1874761.5,1797780.4,433083.0,502592.7,102664.2,0.0,28.0,26.1,65,24.0,34.4,1727,11030,11876,15614,18807,18670,18646,11514,54869,3237
1782498953,1AC,102400000.0,102400000.0,13944944.0,13625600.0,1874920.9,1792562.0,432842.1,502572.0,102657.5,0.0,28.0,26.1,52,24.0,34.4,1726,11021,11870,15604,18793,18661,18632,11508,54843,3234
1782499254,1AC,102400000.0,102400000.0,13947075.0,13598280.0,1871563.1,1790174.6,433351.7,500858.4,102650.0,0.0,28.0,26.1,36,24.0,34.4,1726,11023,11870,15608,18796,18663,18635,11508,54851,3235
1782499554,1AC,102400000.0,102400000.0,13964469.0,13568125.0,1869360.1,1785031.4,432681.4,501162.6,102642.8,0.0,28.1,26.1,37,24.0,34.4,1725,11022,11867,15603,18796,18664,18636,11510,54847,3235
1782499855,1AC,102400000.0,102400000.0,13858441.0,13596067.0,1864002.1,1783750.5,432283.8,501148.5,102635.4,0.0,28.1,26.2,33,24.0,34.4,1726,11026,11873,15611,18801,18667,18641,11513,54859,3236
1782500155,1AC,102400000.0,102400000.0,13907100.0,13544209.0,1864964.4,1785449.5,431262.8,500646.5,102629.5,0.0,28.1,26.2,51,24.0,34.4,1726,11023,11870,15607,18797,18667,18637,11510,54851,3235
1782500456,1AC,102400000.0,102400000.0,13883629.0,13545756.0,1860687.6,1785130.9,431175.6,499621.0,102621.6,0.0,28.1,26.2,77,24.0,34.4,1726,11026,11872,15609,18796,18666,18635,11510,54855,3235
1782500756,1AC,102400000.0,102400000.0,13881563.0,13506780.0,1858728.5,1780464.6,430637.9,498992.1,102614.4,0.0,28.1,26.2,40,24.0,34.5,1726,11028,11875,15609,18799,18665,18638,11512,54859,3235
1782501053,1AC,102400000.0,102400000.0,13846131.0,13476767.0,1855846.1,1778762.6,430294.0,498618.6,102607.6,0.0,28.1,26.2,28,24.1,34.5,1725,11023,11869,15603,18793,18662,18633,11508,54840,3235
1782501354,1AC,102400000.0,102400000.0,13783964.0,13462764.0,1853603.5,1774970.6,430030.6,499297.3,102601.1,0.0,28.1,26.2,51,24.1,34.5,1725,11025,11873,15609,18800,18669,18640,11512,54868,3236
1782501654,1AC,102400000.0,102400000.0,13808011.0,13466169.0,1853087.1,1777488.0,429765.5,498522.5,102593.1,0.0,28.1,26.2,74,24.1,34.5,1726,11024,11873,15608,18797,18664,18636,11511,54859,3234
1782501955,1AC,102400000.0,102400000.0,13772073.0,13445013.0,1849274.0,1776433.4,429546.9,497869.5,102584.9,0.0,28.2,26.2,38,24.1,34.5,1726,11029,11876,15611,18804,18671,18644,11517,54878,3236
1782502255,1AC,102400000.0,102400000.0,13753172.0,13453099.0,1845109.9,1776313.5,429544.0,497315.0,102576.0,0.0,28.1,26.2,55,24.1,34.5,1726,11027,11875,15610,18801,18669,18642,11513,54873,3235
1782502555,1AC,102400000.0,102400000.0,13745211.0,13418671.0,1847561.5,1774335.9,428953.0,498143.2,102566.6,0.0,28.2,26.2,32,24.1,34.5,1727,11028,11875,15611,18799,18670,18641,11513,54868,3237
1782502856,1AC,102400000.0,102400000.0,13782205.0,13373259.0,1843835.6,1769184.5,427983.3,497231.1,102558.7,0.0,28.2,26.3,59,24.1,34.5,1727,11025,11873,15607,18795,18667,18639,11512,54853,3235
1782503156,1AC,102400000.0,102400000.0,13735312.0,13406727.0,1842406.4,1766498.0,428474.2,497171.1,102551.4,0.0,28.2,26.2,63,24.1,34.6,1726,11027,11874,15610,18796,18665,18637,11510,54852,3234
1782503453,1AC,102400000.0,102400000.0,13704388.0,13402099.0,1842355.6,1767506.0,428193.7,495916.6,102541.9,0.0,28.2,26.3,43,24.1,34.6,1726,11023,11870,15603,18790,18660,18631,11507,54846,3234
1782503754,1AC,102400000.0,102400000.0,13725780.0,13340293.0,1842826.6,1765308.4,427965.5,495838.5,102532.8,0.0,28.2,26.3,64,24.1,34.6,1726,11027,11875,15610,18798,18667,18639,11514,54855,3235
1782504054,1AC,102400000.0,102400000.0,13654803.0,13354713.0,1841176.6,1760267.5,427689.7,495743.5,102523.1,0.0,28.2,26.3,50,24.1,34.6,1726,11026,11873,15608,18790,18661,18634,11509,54842,3234
1782504355,1AC,102400000.0,102400000.0,13669877.0,13361917.0,1837530.6,1764284.4,427934.7,494460.4,102512.4,0.0,28.2,26.3,36,24.1,34.6,1726,11024,11872,15605,18793,18663,18636,11511,54849,3235
1782504655,1AC,102400000.0,102400000.0,13709105.0,13354379.0,1835911.5,1762225.4,427478.6,495984.8,102503.4,0.0,28.2,26.3,39,24.1,34.6,1726,11026,11874,15606,18794,18665,18637,11510,54848,3234
1782504956,1AC,102400000.0,102400000.0,13661013.0,13316057.0,1833955.5,1760318.0,425689.0,494334.3,102493.9,0.0,28.2,26.3,40,24.1,34.7,1725,11020,11869,15603,18792,18661,18634,11509,54848,3234
1782505256,1AC,102400000.0,102400000.0,13663197.0,13324808.0,1835733.4,1761797.6,426059.2,494110.0,102484.4,0.0,28.2,26.3,64,24.1,34.7,1727,11027,11876,15610,18801,18670,18641,11514,54856,3235
1782505553,1AC,102400000.0,102400000.0,13652977.0,13347921.0,1838142.1,1764453.6,426396.8,494866.2,102474.9,0.0,28.2,26.3,54,24.1,34.7,1725,11023,11869,15602,18788,18659,18632,11508,54829,3233
1782505854,1AC,102400000.0,102400000.0,13620816.0,13286591.0,1835694.6,1759315.0,425974.2,494153.9,102465.8,0.0,28.2,26.4,46,24.1,34.7,1725,11021,11871,15602,18796,18664,18635,11511,54849,3234
1782506154,1AC,102400000.0,102400000.0,13615103.0,13287443.0,1829451.5,1755682.0,425552.0,493804.3,102460.1,0.0,28.2,26.4,56,24.1,34.7,1726,11025,11874,15606,18790,18663,18632,11510,54845,3233
1782506454,1AC,102400000.0,102400000.0,13649317.0,13295255.0,1828891.9,1753884.5,424594.9,493211.0,102455.7,0.0,28.2,26.4,51,24.2,34.7,1726,11024,11872,15603,18789,18662,18632,11509,54835,3233
1782506755,1AC,102400000.0,102400000.0,13612239.0,13267789.0,1830574.5,1757064.9,425370.2,493324.5,102449.0,0.0,28.2,26.4,44,24.2,34.7,1726,11030,11878,15613,18798,18668,18638,11513,54860,3235
1782507055,1AC,102400000.0,102400000.0,13597832.0,13250624.0,1827192.6,1751373.0,425133.4,493162.8,102439.4,0.0,28.2,26.4,49,24.2,34.7,1726,11023,11872,15603,18788,18660,18630,11507,54837,3234
1782507355,1AC,102400000.0,102400000.0,13566931.0,13226376.0,1823481.5,1753081.1,424368.7,492992.2,102431.3,0.0,28.2,26.4,65,24.2,34.8,1726,11021,11871,15601,18786,18658,18629,11506,54830,3233
1782507656,1AC,102400000.0,102400000.0,13571092.0,13265615.0,1825708.0,1750104.6,423921.8,492267.7,102423.4,0.0,28.3,26.4,67,24.2,34.7,1726,11022,11869,15600,18787,18659,18626,11505,54828,3232
1782507956,1AC,102400000.0,102400000.0,13539599.0,13239444.0,1820149.6,1747603.5,424761.0,492189.8,102414.7,0.0,28.3,26.4,58,24.2,34.8,1725,11023,11870,15600,18789,18661,18632,11507,54831,3233
1782508253,1AC,102400000.0,102400000.0,13550632.0,13242692.0,1822242.6,1747303.0,423458.8,491885.2,102407.6,0.0,28.3,26.4,27,24.2,34.8,1726,11029,11877,15610,18793,18664,18636,11510,54856,3234
1782508554,1AC,102400000.0,102400000.0,13528667.0,13219723.0,1816620.4,1745374.5,423145.9,491959.9,102400.4,0.0,28.3,26.4,59,24.2,34.8,1725,11022,11872,15603,18789,18660,18630,11508,54836,3233
1782508854,1AC,102400000.0,102400000.0,13516121.0,13191423.0,1816852.6,1748847.9,422906.4,492236.2,102394.0,0.0,28.3,26.5,62,24.2,34.8,1727,11029,11878,15609,18796,18663,18637,11510,54848,3234
1782509155,1AC,102400000.0,102400000.0,13460972.0,13181963.0,1819900.5,1742831.0,423059.7,491248.6,102388.2,0.0,28.3,26.5,61,24.2,34.8,1725,11022,11871,15600,18792,18662,18633,11510,54842,3234
1782509455,1AC,102400000.0,102400000.0,13499663.0,13162263.0,1819563.6,1738865.1,422775.9,490994.7,102381.8,0.0,28.3,26.5,55,24.2,34.8,1725,11024,11871,15601,18786,18658,18627,11505,54829,3233
1782509756,1AC,102400000.0,102400000.0,13463471.0,13200983.0,1814847.6,1745070.0,422764.6,490809.1,102374.7,0.0,28.3,26.5,34,24.2,34.8,1726,11023,11873,15601,18794,18661,18633,11510,54851,3234
1782510056,1AC,102400000.0,102400000.0,13482408.0,13105181.0,1813269.0,1736253.1,421821.7,490106.5,102367.7,0.0,28.3,26.5,57,24.3,34.8,1727,11029,11877,15608,18795,18667,18639,11511,54851,3234
1782510353,1AC,102400000.0,102400000.0,13461980.0,13124403.0,1812321.4,1738120.0,422422.6,489691.4,102360.9,0.0,28.3,26.5,36,24.3,34.9,1726,11027,11875,15603,18795,18666,18636,11510,54858,3234
1782510654,1AC,102400000.0,102400000.0,13430059.0,13142311.0,1808246.5,1737754.0,421807.1,490268.5,102354.3,0.0,28.3,26.5,30,24.3,34.9,1727,11029,11879,15609,18798,18670,18642,11513,54864,3235
1782510954,1AC,102400000.0,102400000.0,13425765.0,13082513.0,1811093.4,1737353.1,421801.8,489709.3,102346.5,0.0,28.3,26.5,56,24.3,34.9,1725,11022,11871,15598,18784,18654,18625,11504,54827,3232
1782511254,1AC,102400000.0,102400000.0,13420367.0,13106381.0,1805294.0,1733854.5,421517.1,488960.5,102337.8,0.0,28.4,26.5,48,24.3,34.9,1726,11025,11874,15602,18790,18659,18631,11507,54828,3235
1782511555,1AC,102400000.0,102400000.0,13440841.0,13079668.0,1808821.6,1734036.1,420769.2,487854.7,102332.1,0.0,28.4,26.5,31,24.3,34.9,1726,11025,11874,15601,18788,18660,18629,11506,54832,3232
1782511855,1AC,102400000.0,102400000.0,13362336.0,13080353.0,1809357.6,1733215.9,419777.5,488257.6,102326.1,0.0,28.4,26.5,45,24.3,34.9,1725,11022,11874,15598,18787,18657,18630,11506,54830,3232
1782512155,1AC,102400000.0,102400000.0,13394704.0,13086979.0,1801421.5,1729543.1,419677.7,487831.8,102318.3,0.0,28.4,26.5,67,24.3,34.9,1726,11024,11873,15601,18788,18661,18632,11508,54844,3233
1782512456,1AC,102400000.0,102400000.0,13367595.0,13051901.0,1800894.6,1733684.1,419970.4,487457.3,102311.3,0.0,28.4,26.5,27,24.3,35.0,1725,11024,11873,15601,18790,18658,18630,11506,54841,3233
1782512756,1AC,102400000.0,102400000.0,13337543.0,13039088.0,1803365.6,1727865.0,419871.7,487223.2,102303.7,0.0,28.4,26.5,41,24.3,35.0,1726,11028,11878,15605,18792,18664,18634,11509,54846,3234
1782513053,1AC,102400000.0,102400000.0,13337644.0,13049952.0,1801160.4,1728152.0,419927.0,487540.0,102295.5,0.0,28.4,26.6,62,24.3,35.0,1726,11027,11877,15602,18793,18664,18635,11508,54836,3233
1782513354,1AC,102400000.0,102400000.0,13310591.0,13014152.0,1800020.1,1720945.9,419288.0,487681.1,102286.8,0.0,28.4,26.6,44,24.3,35.0,1726,11022,11871,15598,18781,18651,18623,11502,54823,3231
1782513654,1AC,102400000.0,102400000.0,13302693.0,13037961.0,1805773.5,1718113.4,418712.7,486940.3,102279.6,0.0,28.4,26.6,67,24.3,35.0,1726,11026,11877,15602,18790,18659,18629,11506,54837,3232
1782513954,1AC,102400000.0,102400000.0,13293605.0,13027504.0,1793767.5,1727979.0,419137.0,486319.9,102270.5,0.0,28.4,26.6,51,24.3,35.0,1725,11022,11871,15597,18785,18658,18629,11504,54826,3234
1782514255,1AC,102400000.0,102400000.0,13294887.0,13008661.0,1794717.1,1723008.5,418461.0,487075.7,102261.6,0.0,28.4,26.6,60,24.3,35.0,1726,11026,11876,15602,18790,18660,18631,11508,54840,3234
1782514555,1AC,102400000.0,102400000.0,13266156.0,12941487.0,1796649.5,1722913.4,419200.9,485989.8,102252.8,0.0,28.4,26.6,49,24.3,35.0,1726,11025,11876,15602,18790,18662,18633,11510,54843,3232
1782514856,1AC,102400000.0,102400000.0,13306704.0,12969393.0,1787364.4,1718106.9,418396.9,486117.8,102244.0,0.0,28.4,26.6,43,24.3,35.0,1726,11024,11874,15599,18792,18662,18634,11510,54840,3233
1782515156,1AC,102400000.0,102400000.0,13249837.0,12967289.0,1792539.4,1720786.9,418178.8,485589.2,102235.1,0.0,28.4,26.6,27,24.4,35.0,1726,11024,11875,15599,18790,18662,18632,11507,54839,3233
1782515453,1AC,102400000.0,102400000.0,13269189.0,12982587.0,1791665.9,1721618.0,418072.4,485789.8,102226.2,0.0,28.4,26.6,63,24.4,35.1,1726,11027,11875,15602,18790,18660,18630,11507,54834,3234
1782515753,1AC,102400000.0,102400000.0,13268996.0,12965979.0,1790246.9,1722275.9,417420.8,485778.3,102216.4,0.0,28.4,26.6,61,24.3,35.1,1726,11026,11878,15604,18793,18662,18637,11510,54858,3234
1782516054,1AC,102400000.0,102400000.0,13238547.0,12982887.0,1784369.6,1715824.1,417293.0,484387.0,102208.3,0.0,28.4,26.6,47,24.3,35.1,1726,11025,11874,15601,18789,18660,18632,11507,54834,3233
1782516354,1AC,102400000.0,102400000.0,13233149.0,12971839.0,1786440.1,1718320.1,417377.1,485193.6,102199.8,0.0,28.4,26.6,55,24.4,35.1,1726,11022,11874,15602,18791,18660,18635,11508,54848,3233
1782516655,1AC,102400000.0,102400000.0,13233411.0,12940259.0,1785683.4,1714494.0,416603.0,484718.5,102190.4,0.0,28.4,26.7,31,24.4,35.1,1726,11023,11876,15602,18790,18660,18633,11508,54846,3232
1782516955,1AC,102400000.0,102400000.0,13238248.0,12950267.0,1785386.9,1719301.5,417929.4,485033.5,102182.4,0.0,28.4,26.7,44,24.4,35.1,1725,11021,11872,15596,18784,18654,18627,11505,54828,3232
1782517255,1AC,102400000.0,102400000.0,13257545.0,12892951.0,1784818.9,1711083.1,417295.4,483138.8,102172.8,0.0,28.4,26.7,52,24.3,35.1,1726,11023,11875,15599,18785,18657,18628,11506,54826,3232
1782517556,1AC,102400000.0,102400000.0,13225663.0,12917581.0,1783938.1,1712734.6,416764.0,483184.3,102164.4,0.0,28.4,26.7,45,24.4,35.1,1726,11028,11878,15605,18788,18660,18631,11507,54841,3233
1782517856,1AC,102400000.0,102400000.0,13186629.0,12895841.0,1788132.6,1712185.0,416707.4,484868.3,102157.0,0.0,28.4,26.7,42,24.4,35.2,1726,11022,11873,15600,18786,18658,18628,11505,54832,3232
1782518153,1AC,102400000.0,102400000.0,13216669.0,12869232.0,1786716.9,1716630.1,416349.1,483837.2,102148.8,0.0,28.4,26.7,44,24.3,35.1,1726,11023,11873,15599,18784,18654,18627,11505,54829,3231
1782518454,1AC,102400000.0,102400000.0,13194787.0,12897108.0,1778898.6,1710022.6,416244.8,484020.4,102141.4,0.0,28.4,26.7,26,24.4,35.2,1725,11023,11873,15598,18785,18656,18626,11505,54824,3231
1782518754,1AC,102400000.0,102400000.0,13161987.0,12909451.0,1778414.0,1711811.5,416177.8,483125.6,102135.1,0.0,28.4,26.7,49,24.4,35.2,1726,11023,11874,15601,18787,18657,18628,11506,54837,3234
1782519055,1AC,102400000.0,102400000.0,13163804.0,12894367.0,1780275.9,1709883.4,416272.2,483301.5,102127.5,0.0,28.4,26.7,37,24.4,35.2,1726,11021,11874,15597,18780,18652,18625,11503,54824,3231
1782519355,1AC,102400000.0,102400000.0,13200040.0,12871748.0,1777751.6,1705886.1,415816.2,482893.3,102120.2,0.0,28.4,26.7,42,24.4,35.2,1726,11019,11871,15596,18784,18656,18627,11506,54838,3234
1782519655,1AC,102400000.0,102400000.0,13142164.0,12882848.0,1778827.6,1708827.0,415453.8,482449.8,102112.2,0.0,28.4,26.7,27,24.4,35.2,1726,11025,11876,15601,18786,18655,18628,11504,54823,3232
1782519956,1AC,102400000.0,102400000.0,13181941.0,12910621.0,1774650.0,1705084.1,415005.5,482669.1,102104.2,0.0,28.4,26.7,43,24.4,35.2,1726,11024,11876,15604,18795,18664,18634,11509,54856,3233
1782520253,1AC,102400000.0,102400000.0,13122555.0,12855151.0,1773775.1,1707953.4,415351.9,481915.6,102096.8,0.0,28.4,26.7,39,24.4,35.2,1726,11025,11877,15605,18791,18661,18635,11511,54849,3234
1782520553,1AC,102400000.0,102400000.0,13146381.0,12841221.0,1780009.1,1703660.6,415743.5,481593.8,102088.9,0.0,28.5,26.7,54,24.4,35.2,1726,11026,11878,15606,18792,18660,18636,11510,54853,3233
1782520854,1AC,102400000.0,102400000.0,13117203.0,12851049.0,1773463.4,1701794.0,414734.2,482187.7,102078.5,0.0,28.4,26.8,26,24.4,35.2,1726,11023,11877,15601,18793,18665,18637,11510,54857,3233
1782521154,1AC,102400000.0,102400000.0,13103860.0,12853475.0,1774986.9,1702684.0,414984.2,481980.0,102067.1,0.0,28.4,26.8,46,24.4,35.3,1725,11019,11872,15594,18775,18647,18620,11502,54813,3230
1782521455,1AC,102400000.0,102400000.0,13116224.0,12833460.0,1775528.6,1707219.9,415161.5,482054.2,102052.1,0.0,28.4,26.8,50,24.4,35.3,1725,11020,11872,15599,18782,18650,18622,11502,54814,3232
1782521755,1AC,102400000.0,102400000.0,13152427.0,12861929.0,1772704.1,1700716.6,414633.9,481856.8,102036.6,0.0,28.4,26.8,64,24.4,35.3,1726,11027,11877,15604,18790,18660,18633,11508,54842,3233
1782522056,1AC,102400000.0,102400000.0,13159143.0,12841480.0,1776999.9,1706583.0,414422.7,482131.5,102020.1,0.0,28.4,26.8,36,24.3,35.3,1725,11023,11874,15598,18789,18661,18633,11509,54846,3234
1782522353,1AC,102400000.0,102400000.0,13168248.0,12791793.0,1771264.5,1703900.4,414753.2,482405.4,102002.8,0.0,28.4,26.8,31,24.3,35.3,1727,11031,11880,15613,18793,18665,18639,11512,54858,3234
1782522654,1AC,102400000.0,102400000.0,13148667.0,12848072.0,1772255.4,1701535.0,415474.2,482622.1,101985.2,0.0,28.4,26.8,44,24.3,35.3,1726,11025,11877,15605,18792,18663,18637,11509,54853,3233
1782522954,1AC,102400000.0,102400000.0,13153911.0,12892840.0,1775335.4,1709733.5,415688.3,482892.2,101967.5,0.0,28.3,26.9,22,24.3,35.3,1726,11028,11877,15609,18798,18669,18640,11511,54863,3235
1782523255,1AC,102400000.0,102400000.0,13181232.0,12859815.0,1780019.6,1706499.6,415242.6,482475.6,101950.0,0.0,28.3,26.9,42,24.2,35.3,1726,11027,11875,15607,18794,18665,18637,11511,54854,3234
1782523555,1AC,102400000.0,102400000.0,13173303.0,12847784.0,1779643.4,1706986.6,416672.2,483296.8,101932.4,0.0,28.3,26.9,57,24.2,35.3,1726,11023,11872,15603,18787,18658,18630,11506,54834,3233
1782523856,1AC,102400000.0,102400000.0,13186691.0,12868856.0,1780441.6,1704621.5,415739.5,483522.8,101914.9,0.0,28.2,26.9,38,24.2,35.4,1725,11022,11870,15602,18784,18655,18626,11504,54821,3232
1782524156,1AC,102400000.0,102400000.0,13183169.0,12882301.0,1785067.1,1712319.6,416198.0,483322.4,101897.1,0.0,28.2,26.9,51,24.1,35.4,1725,11021,11870,15599,18787,18656,18626,11503,54824,3234
1782524457,1AC,102400000.0,102400000.0,13236433.0,12895849.0,1783049.5,1711375.4,417083.9,484151.5,101879.8,0.0,28.2,26.9,62,24.1,35.4,1726,11027,11874,15609,18797,18664,18636,11510,54851,3234
1782524753,1AC,102400000.0,102400000.0,13206459.0,12915111.0,1787641.1,1711485.5,417722.2,484726.2,101862.0,0.0,28.2,26.9,27,24.1,35.4,1726,11024,11870,15605,18795,18664,18636,11511,54856,3235
1782525054,1AC,102400000.0,102400000.0,13231401.0,12923252.0,1789424.0,1709927.4,416736.6,484559.3,101844.4,0.0,28.1,26.9,12,24.1,35.4,1726,11027,11875,15612,18798,18668,18640,11512,54861,3235
1782525354,1AC,102400000.0,102400000.0,13240592.0,12890951.0,1787195.5,1712775.5,417985.5,484062.7,101827.5,0.0,28.1,26.9,40,24.1,35.4,1725,11022,11870,15607,18796,18662,18636,11510,54838,3234
1782525655,1AC,102400000.0,102400000.0,13277912.0,12922964.0,1792058.6,1715404.9,416804.2,484454.5,101811.2,0.0,28.1,26.9,39,24.0,35.4,1726,11025,11871,15609,18794,18661,18633,11509,54840,3235
1782525956,1AC,102400000.0,102400000.0,13270347.0,12928437.0,1790382.5,1715651.5,419035.0,485988.9,101796.5,0.0,28.1,26.9,39,24.0,35.4,1725,11021,11868,15605,18790,18659,18632,11508,54834,3234
1782526257,1AC,102400000.0,102400000.0,13270325.0,12971029.0,1793864.6,1720939.1,417834.5,485778.3,101780.4,0.0,28.0,26.9,36,24.0,35.5,1725,11018,11865,15603,18787,18653,18627,11503,54817,3233
1782526553,1AC,102400000.0,102400000.0,13336900.0,12980147.0,1796939.4,1722488.9,418047.5,485959.8,101765.0,0.0,28.0,27.0,48,23.9,35.5,1725,11018,11866,15604,18788,18654,18628,11506,54819,3233
1782526854,1AC,102400000.0,102400000.0,13307001.0,12991624.0,1798483.0,1720581.6,419312.9,486108.3,101750.6,0.0,28.0,27.0,36,23.9,35.5,1725,11022,11868,15607,18798,18662,18636,11508,54840,3235
1782527154,1AC,102400000.0,102400000.0,13316365.0,12996347.0,1796894.9,1725842.1,419155.9,486200.0,101736.2,0.0,28.0,27.0,54,23.9,35.5,1724,11015,11863,15601,18790,18655,18629,11506,54825,3234
1782527455,1AC,102400000.0,102400000.0,13318444.0,13017205.0,1802985.6,1725786.4,419449.2,486149.2,101722.9,0.0,27.9,27.0,50,23.9,35.5,1725,11016,11863,15602,18792,18656,18633,11507,54830,3235
1782527756,1AC,102400000.0,102400000.0,13331323.0,13019284.0,1801756.5,1726521.9,419683.2,486636.8,101710.0,0.0,27.9,27.0,24,23.8,35.5,1725,11015,11862,15603,18789,18656,18631,11506,54829,3234
1782528056,1AC,102400000.0,102400000.0,13391468.0,13045580.0,1802153.6,1726793.0,419392.2,486587.3,101696.3,0.0,27.9,27.0,53,23.8,35.5,1725,11014,11861,15602,18786,18652,18627,11505,54821,3233
1782528353,1AC,102400000.0,102400000.0,13374871.0,13070145.0,1808037.0,1729863.4,420550.6,487424.6,101683.6,0.0,27.9,27.0,26,23.8,35.5,1724,11013,11858,15598,18784,18651,18623,11503,54811,3235
1782528654,1AC,102400000.0,102400000.0,13416405.0,13090833.0,1805549.1,1731236.9,420804.0,488091.3,101671.6,0.0,27.9,27.0,41,23.8,35.5,1725,11017,11861,15606,18791,18657,18631,11506,54826,3234
1782528955,1AC,102400000.0,102400000.0,13420283.0,13086383.0,1809111.1,1732352.0,421447.8,488299.1,101659.4,0.0,27.8,27.0,43,23.8,35.5,1724,11008,11857,15596,18784,18648,18624,11502,54807,3234
1782529255,1AC,102400000.0,102400000.0,13432345.0,13104663.0,1815018.6,1735345.1,421098.2,488226.0,101646.8,0.0,27.8,27.1,42,23.7,35.5,1724,11016,11861,15605,18791,18652,18629,11506,54824,3234
1782529556,1AC,102400000.0,102400000.0,13411784.0,13124856.0,1811814.5,1735765.5,421207.7,488630.2,101635.1,0.0,27.8,27.1,35,23.7,35.5,1724,11011,11856,15599,18788,18649,18625,11503,54810,3234
1782529856,1AC,102400000.0,102400000.0,13418915.0,13122485.0,1816678.0,1735501.9,421889.0,487996.5,101622.9,0.0,27.8,27.1,39,23.7,35.5,1724,11012,11855,15600,18787,18650,18625,11502,54810,3234
1782530153,1AC,102400000.0,102400000.0,13441047.0,13085161.0,1817840.0,1736949.0,421759.5,489567.2,101611.7,0.0,27.8,27.1,40,23.7,35.5,1724,11010,11854,15598,18783,18648,18624,11503,54801,3236
1782530454,1AC,102400000.0,102400000.0,13475125.0,13111104.0,1816799.6,1735756.0,422299.6,489586.4,101600.5,0.0,27.8,27.1,44,23.7,35.6,1723,11011,11857,15600,18788,18654,18628,11505,54820,3234
1782530755,1AC,102400000.0,102400000.0,13457253.0,13145129.0,1811583.1,1740266.9,421502.3,488918.9,101589.7,0.0,27.7,27.1,41,23.7,35.5,1724,11008,11852,15595,18777,18643,18617,11497,54786,3233
1782531056,1AC,102400000.0,102400000.0,13430591.0,13129203.0,1816915.1,1739178.4,422257.3,489834.5,101579.2,0.0,27.7,27.1,41,23.7,35.5,1723,11010,11854,15599,18787,18653,18625,11503,54812,3235
1782531356,1AC,102400000.0,102400000.0,13510200.0,13166621.0,1821609.5,1745184.1,423027.3,491109.4,101568.5,0.0,27.7,27.1,17,23.6,35.6,1723,11010,11854,15599,18783,18648,18625,11502,54803,3234
1782531657,1AC,102400000.0,102400000.0,13481419.0,13156268.0,1823922.0,1741933.4,422801.5,489907.5,101558.6,0.0,27.7,27.1,38,23.6,35.6,1723,11009,11852,15599,18788,18651,18626,11503,54806,3234
1782531954,1AC,102400000.0,102400000.0,13482613.0,13181405.0,1818070.5,1742790.1,423066.8,490637.2,101548.9,0.0,27.7,27.1,32,23.6,35.6,1723,11010,11853,15598,18785,18652,18626,11505,54809,3234
1782532254,1AC,102400000.0,102400000.0,13487577.0,13158045.0,1821108.6,1745642.1,424205.0,490313.8,101539.7,0.0,27.6,27.1,40,23.6,35.6,1724,11012,11855,15602,18792,18655,18629,11505,54815,3237
1782532555,1AC,102400000.0,102400000.0,13527948.0,13197848.0,1823016.1,1749534.4,423488.1,490449.5,101529.9,0.0,27.6,27.1,31,23.6,35.6,1724,11013,11856,15605,18795,18656,18632,11507,54823,3236
1782532856,1AC,102400000.0,102400000.0,13488420.0,13185404.0,1824051.1,1746099.9,423367.2,490548.6,101520.7,0.0,27.6,27.1,48,23.6,35.6,1724,11011,11854,15602,18788,18651,18628,11504,54815,3236
1782533156,1AC,102400000.0,102400000.0,13517439.0,13193459.0,1823995.1,1749020.5,423757.3,490032.7,101511.9,0.0,27.6,27.1,25,23.5,35.6,1724,11011,11855,15603,18791,18655,18631,11506,54816,3237
1782533454,1AC,102400000.0,102400000.0,13542133.0,13257125.0,1824781.1,1744715.5,423507.5,490783.5,101502.7,0.0,27.6,27.2,43,23.5,35.6,1724,11012,11855,15606,18792,18653,18630,11506,54816,3235
1782533754,1AC,102400000.0,102400000.0,13533905.0,13204209.0,1823087.4,1748977.6,425137.2,490126.0,101494.0,0.0,27.6,27.2,65,23.5,35.6,1724,11011,11855,15601,18792,18654,18631,11505,54820,3235
1782534055,1AC,102400000.0,102400000.0,13536696.0,13202995.0,1826261.0,1753165.6,424575.7,491544.8,101486.0,0.0,27.6,27.1,45,23.5,35.6,1723,11010,11854,15602,18789,18653,18628,11505,54818,3235
1782534355,1AC,102400000.0,102400000.0,13546283.0,13183352.0,1826994.9,1752062.6,424069.1,491899.2,101478.2,0.0,27.6,27.2,11,23.5,35.7,1724,11013,11858,15607,18794,18657,18634,11507,54827,3236
1782534656,1AC,102400000.0,102400000.0,13554292.0,13225341.0,1828661.0,1751153.4,423893.0,492613.9,101470.7,0.0,27.6,27.2,46,23.5,35.6,1723,11012,11854,15606,18792,18655,18630,11508,54824,3235
1782534956,1AC,102400000.0,102400000.0,13553619.0,13211511.0,1828995.9,1753174.9,423994.2,490875.8,101462.7,0.0,27.5,27.2,36,23.5,35.7,1723,11006,11849,15600,18786,18650,18627,11503,54813,3234
1782535257,1AC,102400000.0,102400000.0,13585599.0,13226500.0,1829905.5,1756717.4,424444.3,491793.0,101455.4,0.0,27.5,27.2,39,23.5,35.7,1723,11007,11849,15599,18786,18649,18624,11502,54804,3234
1782535554,1AC,102400000.0,102400000.0,13507040.0,13232237.0,1827510.6,1752793.6,423908.7,490706.2,101448.4,0.0,27.5,27.2,33,23.5,35.7,1723,11008,11849,15600,18788,18649,18626,11505,54794,3236
1782535855,1AC,102400000.0,102400000.0,13549823.0,13218801.0,1835796.1,1752479.4,423896.2,490902.4,101441.2,0.0,27.5,27.2,50,23.4,35.7,1723,11007,11849,15598,18787,18649,18625,11501,54801,3234
1782536155,1AC,102400000.0,102400000.0,13573023.0,13248825.0,1830605.0,1757397.4,425266.9,491829.6,101434.4,0.0,27.5,27.2,34,23.4,35.7,1723,11009,11853,15604,18790,18654,18629,11506,54814,3235
1782536456,1AC,102400000.0,102400000.0,13579433.0,13261527.0,1834094.9,1756153.6,424148.1,493442.5,101427.1,0.0,27.5,27.2,24,23.4,35.7,1722,11004,11845,15595,18784,18649,18623,11503,54801,3235
1782536756,1AC,102400000.0,102400000.0,13591061.0,13257867.0,1828521.0,1752496.4,424511.9,490974.7,101419.9,0.0,27.5,27.2,42,23.4,35.7,1723,11006,11848,15599,18789,18650,18625,11504,54808,3235
1782537057,1AC,102400000.0,102400000.0,13565727.0,13263724.0,1833707.0,1754806.0,424967.3,491361.3,101413.1,0.0,27.5,27.2,42,23.4,35.7,1723,11008,11850,15599,18785,18648,18625,11501,54808,3235
1782537354,1AC,102400000.0,102400000.0,13599300.0,13269188.0,1833953.4,1756149.4,425070.2,492904.8,101405.9,0.0,27.5,27.2,36,23.4,35.7,1723,11007,11848,15599,18793,18654,18630,11504,54823,3236
1782537654,1AC,102400000.0,102400000.0,13571680.0,13275044.0,1833329.6,1760534.9,424934.5,491986.5,101399.2,0.0,27.5,27.2,20,23.4,35.7,1723,11006,11849,15599,18791,18654,18630,11507,54821,3236
1782537955,1AC,102400000.0,102400000.0,13611776.0,13260468.0,1833303.0,1755920.6,424556.5,492459.7,101393.5,0.0,27.5,27.3,27,23.4,35.7,1724,11011,11854,15607,18800,18659,18635,11509,54837,3236
1782538256,1AC,102400000.0,102400000.0,13576755.0,13288444.0,1836079.0,1761254.6,425118.6,492200.0,101387.2,0.0,27.4,27.3,24,23.4,35.7,1723,11005,11846,15599,18789,18649,18626,11503,54808,3235
1782538557,1AC,102400000.0,102400000.0,13619843.0,13268965.0,1835258.4,1762429.4,425488.0,492313.5,101380.4,0.0,27.4,27.2,29,23.4,35.8,1723,11011,11851,15606,18797,18656,18632,11506,54825,3236
1782538854,1AC,102400000.0,102400000.0,13587217.0,13284107.0,1833935.9,1758616.6,425387.7,493014.7,101374.1,0.0,27.4,27.3,37,23.4,35.7,1723,11007,11849,15602,18792,18654,18631,11507,54824,3235
1782539154,1AC,102400000.0,102400000.0,13588565.0,13287824.0,1835867.1,1759756.6,425871.5,492328.1,101368.6,0.0,27.4,27.3,42,23.3,35.8,1723,11010,11852,15607,18794,18654,18631,11505,54820,3236
1782539755,1AC,102400000.0,102400000.0,14850483.0,14637589.0,2016405.1,1969142.0,488973.1,594407.3,105148.5,0.0,27.2,15.5,78,23.1,23.3,1724,11016,11856,15616,18806,18662,18641,11511,54860,3238
1782540056,1AC,102400000.0,102400000.0,18591956.0,18238430.0,2414794.0,2337260.8,533439.1,617447.3,105222.3,0.0,27.2,18.0,74,23.2,25.2,1723,11013,11855,15613,18802,18661,18639,11509,54854,3238
1782540357,1AC,102400000.0,102400000.0,19202616.0,18851678.0,2479451.0,2396160.0,542763.3,621596.1,105246.4,0.0,27.3,19.3,89,23.2,26.4,1723,11011,11852,15610,18804,18662,18639,11510,54855,3237
1782540654,1AC,102400000.0,102400000.0,19274034.0,18874922.0,2484698.8,2402515.0,541545.8,621593.6,105250.4,0.0,27.3,20.0,107,23.2,27.2,1723,11010,11850,15610,18799,18660,18636,11508,54846,3237
1782540954,1AC,102400000.0,102400000.0,19174616.0,18792512.0,2475213.2,2382830.8,539794.8,618619.7,105243.7,0.0,27.3,20.6,92,23.2,27.7,1723,11009,11850,15608,18794,18652,18630,11505,54824,3236
1782541255,1AC,102400000.0,102400000.0,19052838.0,18624576.0,2458578.0,2373831.0,536857.1,616215.1,105230.3,0.0,27.3,21.0,77,23.2,28.2,1723,11010,11851,15608,18799,18657,18634,11507,54840,3238
1782541555,1AC,102400000.0,102400000.0,18882630.0,18467750.0,2439410.8,2348944.2,533796.5,611314.9,105214.6,0.0,27.3,21.3,92,23.2,28.6,1723,11008,11847,15604,18792,18653,18630,11505,54821,3237
1782541856,1AC,102400000.0,102400000.0,18702184.0,18279212.0,2423297.2,2337890.8,530860.8,607734.8,105195.9,0.0,27.3,21.6,72,23.2,28.8,1723,11013,11852,15612,18801,18661,18636,11510,54844,3240
1782542157,1AC,102400000.0,102400000.0,18540192.0,18186702.0,2405948.0,2319187.2,527434.0,605467.1,105176.0,0.0,27.3,21.8,69,23.2,29.1,1723,11011,11851,15608,18795,18655,18629,11506,54825,3236
1782542454,1AC,102400000.0,102400000.0,18460138.0,18039518.0,2390228.8,2304260.8,526006.0,603127.9,105156.0,0.0,27.3,22.0,73,23.2,29.3,1722,11006,11847,15603,18794,18653,18630,11505,54827,3236
1782542754,1AC,102400000.0,102400000.0,18262376.0,17963254.0,2375278.0,2294479.2,523272.1,600577.8,105134.1,0.0,27.3,22.1,81,23.2,29.5,1723,11010,11849,15608,18795,18656,18632,11506,54829,3236
1782543055,1AC,102400000.0,102400000.0,18223566.0,17835494.0,2369204.8,2286247.5,522214.1,598770.5,105111.7,0.0,27.3,22.3,85,23.2,29.6,1722,11006,11846,15603,18795,18657,18632,11505,54828,3238
1782543355,1AC,102400000.0,102400000.0,18129386.0,17767424.0,2362934.8,2274062.0,519826.8,596313.3,105088.7,0.0,27.3,22.4,75,23.2,29.8,1723,11009,11851,15609,18798,18658,18633,11507,54838,3237
1782543656,1AC,102400000.0,102400000.0,18083826.0,17748698.0,2347581.8,2264279.2,518421.8,594470.4,105066.1,0.0,27.3,22.6,78,23.2,29.9,1723,11014,11853,15612,18803,18663,18638,11509,54848,3239
1782543957,1AC,102400000.0,102400000.0,18004708.0,17565934.0,2341120.0,2248984.2,518137.8,592929.6,105044.6,0.0,27.3,22.6,85,23.2,30.0,1723,11008,11846,15604,18797,18651,18630,11504,54817,3236
1782544254,1AC,102400000.0,102400000.0,17907134.0,17526990.0,2325995.8,2249397.2,515632.5,591702.8,105022.0,0.0,27.3,22.7,90,23.2,30.1,1723,11011,11850,15610,18801,18659,18636,11508,54835,3237
1782544555,1AC,102400000.0,102400000.0,17849864.0,17486392.0,2327700.0,2238038.8,514262.8,589906.8,104998.5,0.0,27.2,22.8,72,23.2,30.2,1723,11008,11847,15605,18795,18657,18632,11506,54824,3236
1782544855,1AC,102400000.0,102400000.0,17792712.0,17399736.0,2318461.8,2231064.0,512728.3,589879.8,104975.9,0.0,27.3,22.9,77,23.2,30.3,1724,11014,11853,15616,18805,18664,18639,11513,54862,3238
1782545156,1AC,102400000.0,102400000.0,17750610.0,17351950.0,2311650.2,2223468.0,511240.2,587513.7,104952.0,0.0,27.2,23.0,77,23.2,30.4,1723,11007,11846,15604,18796,18652,18628,11504,54821,3236
1782545456,1AC,102400000.0,102400000.0,17664366.0,17326520.0,2299527.8,2215104.8,510572.2,586278.6,104928.7,0.0,27.2,23.0,91,23.2,30.5,1723,11010,11850,15610,18796,18658,18632,11507,54833,3236
1782545757,1AC,102400000.0,102400000.0,17624730.0,17244766.0,2297203.0,2213423.0,509129.8,584744.3,104905.7,0.0,27.2,23.1,103,23.2,30.5,1723,11008,11848,15607,18800,18659,18634,11508,54837,3236
1782546054,1AC,102400000.0,102400000.0,17579956.0,17277754.0,2290966.0,2208258.0,508604.8,583884.2,104883.4,0.0,27.2,23.2,81,23.2,30.6,1722,11007,11846,15605,18795,18653,18630,11505,54823,3238
1782546355,1AC,102400000.0,102400000.0,17564846.0,17200646.0,2288869.0,2205316.0,506960.2,583709.5,104860.8,0.0,27.2,23.3,79,23.2,30.7,1722,11004,11844,15603,18789,18648,18625,11502,54799,3235
1782546655,1AC,102400000.0,102400000.0,17473598.0,17105856.0,2286117.2,2196787.0,506616.1,582609.4,104838.5,0.0,27.2,23.3,52,23.2,30.8,1721,11000,11841,15597,18788,18650,18626,11501,54806,3235
1782546956,1AC,102400000.0,102400000.0,17409690.0,17101104.0,2276825.2,2194022.8,505459.0,581074.1,104816.0,0.0,27.2,23.3,78,23.2,30.8,1722,11006,11844,15603,18789,18650,18624,11501,54807,3235
1782547256,1AC,102400000.0,102400000.0,17397032.0,17006806.0,2274772.2,2189269.8,505133.2,579613.5,104793.6,0.0,27.2,23.4,90,23.2,30.9,1722,11007,11845,15605,18793,18651,18628,11505,54814,3236
1782547554,1AC,102400000.0,102400000.0,17356378.0,16954806.0,2264726.2,2182198.0,503488.5,579023.3,104770.9,0.0,27.2,23.5,88,23.2,30.9,1722,11008,11847,15609,18792,18650,18625,11502,54814,3235
1782547854,1AC,102400000.0,102400000.0,17316018.0,16949178.0,2257737.0,2183601.0,503419.0,578441.2,104748.1,0.0,27.2,23.5,56,23.2,31.0,1723,11009,11848,15608,18798,18657,18632,11507,54831,3237
1782548155,1AC,102400000.0,102400000.0,17299120.0,16933506.0,2264048.8,2178547.0,502644.0,577051.7,104725.8,0.0,27.2,23.5,60,23.2,31.1,1723,11008,11846,15606,18790,18650,18624,11502,54811,3238
1782548456,1AC,102400000.0,102400000.0,17273328.0,16850612.0,2246953.2,2168936.8,501829.5,576395.8,104704.1,0.0,27.2,23.6,52,23.1,31.1,1722,11005,11844,15605,18791,18651,18628,11504,54823,3236
1782548756,1AC,102400000.0,102400000.0,17243166.0,16828934.0,2248021.8,2166333.0,500669.7,576785.8,104682.3,0.0,27.2,23.6,86,23.1,31.2,1722,11002,11841,15601,18788,18649,18625,11502,54813,3237
1782549054,1AC,102400000.0,102400000.0,17121560.0,16809056.0,2248256.2,2166259.8,499807.4,575818.8,104660.8,0.0,27.2,23.7,74,23.1,31.2,1722,11006,11844,15602,18794,18651,18628,11503,54819,3236
1782549354,1AC,102400000.0,102400000.0,17143214.0,16789502.0,2243948.0,2162812.2,499612.5,573499.0,104639.7,0.0,27.2,23.7,97,23.1,31.3,1722,11004,11843,15603,18789,18647,18626,11502,54808,3236
1782549655,1AC,102400000.0,102400000.0,17092640.0,16816206.0,2238737.2,2153770.2,498455.4,573378.9,104617.4,0.0,27.2,23.7,88,23.1,31.3,1722,11001,11840,15599,18789,18647,18624,11501,54805,3235
1782549956,1AC,102400000.0,102400000.0,17100440.0,16740657.0,2237770.2,2150559.8,498436.1,573082.1,104594.4,0.0,27.2,23.8,71,23.1,31.4,1722,11005,11843,15602,18793,18650,18629,11503,54818,3236
1782550256,1AC,102400000.0,102400000.0,17077626.0,16697847.0,2229668.2,2147272.8,498472.9,571944.9,104573.1,0.0,27.2,23.9,69,23.1,31.4,1722,11005,11844,15603,18795,18655,18630,11506,54828,3237
1782550554,1AC,102400000.0,102400000.0,17075408.0,16700128.0,2230942.0,2145817.2,496886.8,571734.7,104552.9,0.0,27.2,23.9,61,23.1,31.4,1723,11010,11848,15609,18802,18659,18636,11509,54844,3237
1782550854,1AC,102400000.0,102400000.0,17011104.0,16616744.0,2226394.2,2141002.2,497139.7,570894.2,104532.0,0.0,27.2,23.9,69,23.1,31.5,1722,11008,11847,15608,18800,18660,18635,11507,54834,3239
1782551155,1AC,102400000.0,102400000.0,16980818.0,16617343.0,2224220.0,2140728.8,496364.8,569810.2,104511.5,0.0,27.2,23.9,61,23.1,31.6,1723,11006,11844,15603,18789,18649,18626,11502,54800,3235
1782551456,1AC,102400000.0,102400000.0,16963418.0,16552951.0,2216381.8,2137208.2,495631.9,570182.8,104490.8,0.0,27.2,23.9,52,23.1,31.6,1723,11005,11844,15605,18798,18655,18631,11506,54829,3237
1782551756,1AC,102400000.0,102400000.0,16874376.0,16549485.0,2219393.2,2132597.0,494410.0,570047.8,104470.5,0.0,27.2,24.0,57,23.1,31.6,1722,11001,11840,15599,18788,18645,18623,11499,54797,3235
1782552053,1AC,102400000.0,102400000.0,16867784.0,16536541.0,2212226.2,2130625.0,494891.0,568771.4,104449.6,0.0,27.2,24.0,50,23.1,31.7,1722,11005,11845,15604,18794,18653,18630,11505,54815,3237
1782552354,1AC,102400000.0,102400000.0,16895088.0,16474460.0,2207459.2,2125511.8,493785.4,567221.5,104428.8,0.0,27.2,24.0,68,23.1,31.7,1722,11006,11844,15605,18795,18653,18628,11505,54818,3236
1782552655,1AC,102400000.0,102400000.0,16857302.0,16460208.0,2206231.2,2122946.8,493504.8,566337.0,104409.3,0.0,27.2,24.1,71,23.1,31.7,1722,11006,11846,15606,18792,18651,18628,11503,54816,3236
1782552955,1AC,102400000.0,102400000.0,16836792.0,16501960.0,2204118.2,2117893.2,492770.8,565563.7,104389.5,0.0,27.2,24.1,77,23.1,31.7,1722,11008,11846,15606,18799,18657,18633,11508,54833,3238
1782553256,1AC,102400000.0,102400000.0,16714755.0,16407393.0,2206472.0,2119597.8,492043.2,565235.4,104369.3,0.0,27.2,24.2,77,23.1,31.8,1723,11006,11844,15605,18799,18654,18631,11505,54827,3237
1782553557,1AC,102400000.0,102400000.0,16685507.0,16391332.0,2197986.2,2118052.2,492061.7,565040.2,104349.6,0.0,27.2,24.2,89,23.1,31.8,1723,11008,11846,15609,18800,18656,18632,11508,54829,3237
1782553854,1AC,102400000.0,102400000.0,16741720.0,16370295.0,2194252.2,2112692.2,491194.3,564134.2,104330.0,0.0,27.2,24.2,81,23.1,31.8,1722,11004,11844,15605,18793,18653,18630,11506,54819,3236
1782554155,1AC,102400000.0,102400000.0,16694369.0,16313821.0,2191363.2,2110193.5,490885.3,564565.6,104311.2,0.0,27.2,24.2,73,23.1,31.9,1722,11005,11845,15607,18795,18655,18633,11506,54828,3238
1782554455,1AC,102400000.0,102400000.0,16719505.0,16304836.0,2195547.0,2103678.2,489336.8,564255.2,104291.7,0.0,27.2,24.2,65,23.1,31.9,1723,11011,11850,15613,18798,18656,18633,11507,54827,3237
1782554756,1AC,102400000.0,102400000.0,16654359.0,16361483.0,2190102.8,2109324.0,489564.0,562860.5,104272.2,0.0,27.2,24.3,70,23.1,32.0,1722,11004,11843,15603,18794,18650,18629,11503,54817,3238
1782555057,1AC,102400000.0,102400000.0,16661631.0,16288531.0,2186090.2,2103824.5,489203.8,561984.8,104252.2,0.0,27.2,24.3,47,23.1,32.0,1723,11009,11848,15609,18795,18656,18630,11505,54823,3237
1782555354,1AC,102400000.0,102400000.0,16586876.0,16273301.0,2183615.2,2098393.8,489482.5,562241.1,104232.7,0.0,27.2,24.3,68,23.1,32.1,1723,11007,11846,15607,18795,18655,18632,11506,54821,3237
1782555655,1AC,102400000.0,102400000.0,16539783.0,16216899.0,2180178.8,2096278.5,487731.9,561660.8,104213.9,0.0,27.2,24.4,79,23.1,32.0,1723,11009,11848,15611,18798,18655,18632,11506,54828,3237
1782555955,1AC,102400000.0,102400000.0,16590440.0,16285728.0,2178605.8,2100297.2,487954.7,562059.5,104195.3,0.0,27.2,24.4,56,23.1,32.1,1723,11004,11843,15602,18795,18652,18629,11504,54819,3236
1782556256,1AC,102400000.0,102400000.0,16559741.0,16188196.0,2172976.2,2095251.1,487741.0,560840.2,104176.3,0.0,27.2,24.4,54,23.1,32.1,1721,11001,11841,15602,18786,18645,18620,11499,54793,3235
1782556556,1AC,102400000.0,102400000.0,16521135.0,16195204.0,2173121.8,2092696.6,487452.8,559735.7,104157.7,0.0,27.2,24.4,64,23.1,32.1,1722,11003,11841,15601,18793,18649,18627,11503,54813,3237
1782556854,1AC,102400000.0,102400000.0,16542056.0,16152451.0,2168785.0,2085259.6,487029.2,559844.4,104139.1,0.0,27.2,24.4,42,23.1,32.2,1722,11002,11842,15601,18789,18648,18625,11503,54806,3235
1782557154,1AC,102400000.0,102400000.0,16496676.0,16149027.0,2173146.2,2088933.6,486402.4,559339.2,104120.1,0.0,27.2,24.5,36,23.1,32.2,1722,11005,11843,15604,18795,18654,18630,11505,54831,3236
1782557455,1AC,102400000.0,102400000.0,16490764.0,16135000.0,2168222.2,2085617.5,485709.4,558844.4,104101.3,0.0,27.2,24.5,65,23.1,32.2,1722,11006,11845,15604,18792,18652,18631,11503,54823,3236
1782557756,1AC,102400000.0,102400000.0,16439189.0,16068124.0,2160208.2,2082472.9,485156.8,558329.5,104082.6,0.0,27.2,24.5,72,23.1,32.3,1722,11000,11841,15597,18786,18644,18622,11499,54795,3235
1782558057,1AC,102400000.0,102400000.0,16435421.0,16081527.0,2165362.0,2079027.0,485427.8,558223.5,104064.2,0.0,27.2,24.5,93,23.1,32.3,1723,11005,11845,15604,18794,18649,18625,11502,54815,3235
1782558354,1AC,102400000.0,102400000.0,16443584.0,16038273.0,2160322.0,2082462.5,484966.1,557804.3,104046.6,0.0,27.2,24.5,54,23.1,32.3,1722,11002,11842,15601,18787,18646,18624,11501,54798,3236
1782558655,1AC,102400000.0,102400000.0,16383521.0,16051123.0,2155981.8,2077471.1,484364.1,557926.8,104028.8,0.0,27.2,24.6,75,23.1,32.3,1722,11005,11844,15605,18796,18652,18631,11505,54819,3236
1782558955,1AC,102400000.0,102400000.0,16400215.0,16032445.0,2158193.0,2075352.4,484267.3,556968.0,104010.9,0.0,27.2,24.6,55,23.1,32.3,1723,11008,11847,15609,18800,18655,18633,11507,54827,3238
1782559256,1AC,102400000.0,102400000.0,16391113.0,16053411.0,2150701.2,2075599.6,483345.2,555610.8,103992.9,0.0,27.2,24.6,46,23.1,32.4,1723,11005,11843,15605,18795,18651,18628,11504,54815,3238
1782559557,1AC,102400000.0,102400000.0,16360144.0,15991119.0,2146558.8,2070894.6,483019.2,555795.8,103975.2,0.0,27.2,24.6,63,23.1,32.4,1723,11008,11849,15612,18799,18655,18633,11508,54832,3237
1782559854,1AC,102400000.0,102400000.0,16352117.0,16008593.0,2152322.8,2071569.4,483304.4,555412.6,103958.1,0.0,27.2,24.7,73,23.1,32.4,1722,11004,11844,15603,18795,18653,18631,11505,54820,3236
1782560154,1AC,102400000.0,102400000.0,16351928.0,15962481.0,2148621.0,2067869.4,482309.0,555699.9,103940.2,0.0,27.2,24.7,61,23.1,32.4,1723,11005,11844,15604,18794,18655,18631,11505,54824,3237
1782560455,1AC,102400000.0,102400000.0,16304231.0,15970699.0,2144040.8,2068706.0,482092.2,554451.4,103922.7,0.0,27.2,24.7,53,23.1,32.5,1722,11005,11844,15605,18795,18655,18633,11506,54819,3237
1782560756,1AC,102400000.0,102400000.0,16272671.0,15972504.0,2146152.2,2066627.5,481765.9,554525.0,103905.1,0.0,27.2,24.7,62,23.1,32.5,1722,11006,11844,15605,18798,18658,18634,11507,54828,3237
1782561056,1AC,102400000.0,102400000.0,16325929.0,15945909.0,2141693.0,2063986.0,481832.5,554781.8,103887.6,0.0,27.2,24.7,41,23.1,32.5,1723,11008,11847,15610,18800,18657,18635,11506,54834,3239
1782561357,1AC,102400000.0,102400000.0,16248489.0,15875004.0,2141457.8,2064295.4,481331.9,553408.5,103870.7,0.0,27.2,24.8,64,23.1,32.6,1722,11005,11844,15606,18792,18649,18627,11503,54808,3236
1782561654,1AC,102400000.0,102400000.0,16264243.0,15893351.0,2142343.0,2064610.6,481336.8,553098.9,103854.5,0.0,27.2,24.8,68,23.1,32.6,1723,11009,11847,15609,18798,18655,18631,11505,54822,3239
1782561955,1AC,102400000.0,102400000.0,16225859.0,15855385.0,2136179.0,2056799.4,480664.0,553586.3,103838.4,0.0,27.2,24.8,69,23.1,32.6,1723,11005,11844,15607,18797,18655,18631,11506,54818,3237
1782562255,1AC,102400000.0,102400000.0,16204139.0,15869107.0,2142630.0,2057873.9,480841.8,552350.6,103821.5,0.0,27.2,24.8,47,23.1,32.6,1722,11003,11843,15602,18795,18651,18629,11504,54821,3237
1782562556,1AC,102400000.0,102400000.0,16259828.0,15829736.0,2134513.8,2056830.4,480407.7,552441.8,103805.1,0.0,27.2,24.8,46,23.1,32.6,1723,11009,11848,15611,18800,18658,18636,11508,54836,3238
1782562857,1AC,102400000.0,102400000.0,16195508.0,15822024.0,2133048.8,2047429.4,480620.5,552086.9,103788.0,0.0,27.2,24.8,38,23.1,32.7,1722,11004,11844,15605,18799,18656,18634,11508,54825,3237
1782563154,1AC,102400000.0,102400000.0,16187045.0,15833252.0,2132571.8,2052602.5,479301.5,552020.1,103771.9,0.0,27.2,24.8,60,23.1,32.7,1723,11011,11848,15613,18797,18653,18634,11506,54826,3237
1782563455,1AC,102400000.0,102400000.0,16137797.0,15821275.0,2130263.8,2050395.9,479421.0,551035.6,103756.0,0.0,27.1,24.9,55,23.1,32.7,1723,11009,11848,15611,18797,18657,18634,11508,54826,3237
1782563755,1AC,102400000.0,102400000.0,16123352.0,15789389.0,2130616.2,2047686.5,478760.1,551836.1,103740.4,0.0,27.2,24.9,23,23.1,32.7,1722,11003,11843,15604,18792,18649,18627,11504,54814,3238
1782564056,1AC,102400000.0,102400000.0,16117723.0,15792113.0,2129772.8,2049910.6,478598.6,550614.6,103724.8,0.0,27.2,24.9,79,23.1,32.8,1723,11006,11844,15606,18801,18661,18636,11509,54833,3237
1782564354,1AC,102400000.0,102400000.0,16139893.0,15797313.0,2122931.5,2047177.0,478497.8,550101.9,103708.6,0.0,27.2,24.9,68,23.1,32.8,1722,11006,11843,15606,18798,18655,18631,11505,54827,3237
1782564654,1AC,102400000.0,102400000.0,16129069.0,15756968.0,2122325.2,2044639.5,478265.2,549989.2,103692.5,0.0,27.2,24.9,49,23.1,32.8,1722,11003,11842,15603,18792,18648,18626,11502,54810,3236
1782564955,1AC,102400000.0,102400000.0,16122249.0,15728936.0,2124243.2,2041763.5,477588.8,549914.1,103676.4,0.0,27.2,24.9,46,23.1,32.8,1723,11007,11847,15608,18804,18659,18637,11508,54840,3239
1782565256,1AC,102400000.0,102400000.0,16057224.0,15712144.0,2120550.0,2039852.9,477112.1,548638.0,103661.1,0.0,27.1,25.0,78,23.1,32.8,1722,11005,11844,15605,18796,18653,18630,11505,54813,3237
1782565557,1AC,102400000.0,102400000.0,16056208.0,15758993.0,2121261.2,2036690.6,476992.3,548362.7,103645.5,0.0,27.1,25.0,71,23.1,32.8,1723,11009,11847,15611,18796,18652,18629,11504,54819,3236
1782565854,1AC,102400000.0,102400000.0,16068413.0,15703863.0,2115025.5,2038616.1,477668.0,549185.2,103630.5,0.0,27.2,25.0,60,23.1,32.9,1722,11005,11845,15609,18796,18654,18630,11507,54819,3237
1782566155,1AC,102400000.0,102400000.0,16094585.0,15663619.0,2115752.0,2035885.0,475840.1,548034.2,103615.4,0.0,27.2,25.0,70,23.1,32.9,1722,11001,11840,15602,18792,18648,18624,11502,54801,3236
1782566455,1AC,102400000.0,102400000.0,16046765.0,15648992.0,2118877.2,2035478.9,476533.5,548810.8,103600.1,0.0,27.1,25.0,37,23.1,32.9,1722,11002,11842,15602,18791,18650,18627,11503,54811,3236
1782566756,1AC,102400000.0,102400000.0,16054828.0,15678416.0,2114748.8,2036267.6,475595.6,548127.7,103586.2,0.0,27.1,25.0,69,23.1,32.9,1722,11003,11842,15603,18794,18652,18628,11504,54813,3236
1782567057,1AC,102400000.0,102400000.0,16019917.0,15638099.0,2109789.0,2029522.4,475795.5,547201.9,103571.5,0.0,27.1,25.1,30,23.1,32.9,1722,11003,11843,15603,18798,18655,18633,11507,54822,3237
1782567354,1AC,102400000.0,102400000.0,16015991.0,15677977.0,2113287.8,2032970.9,475998.2,547590.6,103556.7,0.0,27.1,25.1,53,23.1,33.0,1722,11005,11844,15607,18798,18657,18633,11507,54827,3237
1782567655,1AC,102400000.0,102400000.0,15935063.0,15657547.0,2111176.8,2031204.4,475715.2,547051.3,103541.8,0.0,27.1,25.1,81,23.1,33.0,1722,11004,11844,15605,18796,18653,18631,11505,54818,3236
1782567955,1AC,102400000.0,102400000.0,15948484.0,15593435.0,2111729.8,2025096.0,474672.5,546147.8,103527.4,0.0,27.1,25.1,58,23.1,33.0,1723,11007,11845,15606,18796,18657,18632,11506,54825,3237
1782568256,1AC,102400000.0,102400000.0,15954721.0,15563699.0,2105522.8,2023533.9,474254.0,546522.2,103513.1,0.0,27.1,25.1,60,23.1,33.0,1722,11003,11842,15604,18793,18650,18628,11502,54802,3237
1782568557,1AC,102400000.0,102400000.0,15958737.0,15621425.0,2108432.8,2025418.4,474876.3,546487.8,103499.4,0.0,27.1,25.1,54,23.1,33.0,1722,11006,11845,15607,18795,18654,18630,11506,54820,3237
1782568854,1AC,102400000.0,102400000.0,15942301.0,15568064.0,2102068.8,2024604.9,473565.1,546322.7,103485.6,0.0,27.1,25.1,32,23.1,33.1,1722,11003,11841,15604,18794,18650,18628,11504,54807,3236
1782569154,1AC,102400000.0,102400000.0,15854205.0,15623688.0,2099483.8,2021345.4,473844.0,546344.4,103472.0,0.0,27.2,25.1,24,23.1,33.1,1723,11005,11843,15606,18796,18653,18632,11506,54819,3237
1782569455,1AC,102400000.0,102400000.0,15920005.0,15534699.0,2103257.8,2021438.5,473263.8,545337.6,103457.7,0.0,27.1,25.2,46,23.1,33.1,1722,11004,11840,15602,18793,18652,18627,11503,54809,3237
1782569755,1AC,102400000.0,102400000.0,15896661.0,15559169.0,2097335.5,2020443.6,473477.2,543885.8,103443.8,0.0,27.1,25.2,45,23.1,33.1,1723,11006,11844,15607,18796,18655,18633,11506,54823,3237
1782570056,1AC,102400000.0,102400000.0,15861833.0,15522983.0,2104879.2,2016505.1,473725.2,544677.9,103430.7,0.0,27.2,25.2,49,23.1,33.1,1722,11003,11843,15605,18800,18654,18633,11507,54821,3237
1782570356,1AC,102400000.0,102400000.0,15877775.0,15517995.0,2096528.4,2016721.1,472918.7,544546.9,103416.3,0.0,27.2,25.2,48,23.1,33.2,1722,11004,11843,15603,18792,18650,18629,11504,54811,3237
1782570654,1AC,102400000.0,102400000.0,15873607.0,15541649.0,2100178.2,2015453.5,472735.5,544258.1,103402.3,0.0,27.2,25.2,63,23.1,33.2,1722,11005,11843,15605,18792,18648,18626,11503,54802,3236
1782570955,1AC,102400000.0,102400000.0,15811277.0,15487260.0,2095112.0,2015527.9,472639.1,543725.1,103388.9,0.0,27.1,25.3,49,23.1,33.2,1722,11005,11842,15606,18787,18647,18624,11502,54804,3235
1782571255,1AC,102400000.0,102400000.0,15822475.0,15493173.0,2094937.0,2013067.5,472314.2,543223.4,103375.1,0.0,27.1,25.2,39,23.1,33.2,1722,11003,11843,15602,18795,18651,18630,11503,54810,3236
1782571555,1AC,102400000.0,102400000.0,15798115.0,15448388.0,2096395.9,2011231.6,472452.4,543634.3,103361.2,0.0,27.1,25.2,54,23.1,33.2,1722,11005,11843,15606,18796,18653,18630,11504,54816,3238
1782571856,1AC,102400000.0,102400000.0,15779619.0,15474692.0,2091579.0,2010824.0,472060.2,542415.1,103347.7,0.0,27.1,25.3,43,23.1,33.2,1723,11004,11843,15603,18791,18648,18627,11501,54802,3236
1782572154,1AC,102400000.0,102400000.0,15857907.0,15437015.0,2088448.5,2008340.6,471531.4,543133.6,103334.6,0.0,27.1,25.3,54,23.1,33.2,1722,11006,11843,15609,18795,18654,18632,11506,54826,3237
1782572455,1AC,102400000.0,102400000.0,15811091.0,15421060.0,2087811.1,2011729.9,471860.5,543013.6,103321.3,0.0,27.1,25.3,41,23.1,33.2,1722,11004,11843,15605,18796,18654,18631,11504,54824,3236
1782572755,1AC,102400000.0,102400000.0,15779901.0,15456999.0,2090860.4,2007379.4,470910.2,542647.5,103308.1,0.0,27.1,25.3,43,23.1,33.3,1722,11005,11844,15604,18802,18657,18633,11509,54823,3238
1782573056,1AC,102400000.0,102400000.0,15834945.0,15431763.0,2087024.6,2011527.5,471515.8,541933.4,103294.3,0.0,27.1,25.3,63,23.1,33.3,1721,10999,11839,15600,18790,18645,18626,11500,54804,3235
1782573357,1AC,102400000.0,102400000.0,15734703.0,15378247.0,2082364.0,2004661.9,470686.9,541365.2,103281.4,0.0,27.1,25.3,30,23.1,33.3,1723,11005,11844,15607,18795,18650,18627,11503,54811,3236
1782573654,1AC,102400000.0,102400000.0,15737645.0,15410448.0,2082350.1,2001240.1,470817.2,541257.2,103267.9,0.0,27.1,25.4,31,23.1,33.3,1722,11005,11844,15607,18797,18653,18630,11506,54819,3237
1782573954,1AC,102400000.0,102400000.0,15743940.0,15401655.0,2084363.9,2007372.0,471171.5,541670.9,103254.5,0.0,27.1,25.4,72,23.1,33.4,1722,11005,11843,15604,18796,18653,18631,11505,54810,3239
1782574255,1AC,102400000.0,102400000.0,15723840.0,15407925.0,2082871.1,1997879.9,469825.8,541366.0,103242.0,0.0,27.1,25.4,46,23.1,33.4,1722,11003,11842,15605,18794,18651,18629,11506,54815,3236
1782574556,1AC,102400000.0,102400000.0,15755215.0,15389995.0,2079573.5,2002330.5,470452.7,540065.8,103230.0,0.0,27.1,25.4,45,23.1,33.4,1722,11004,11842,15604,18791,18650,18626,11503,54806,3236
1782574856,1AC,102400000.0,102400000.0,15703312.0,15360827.0,2080066.9,1998097.5,469395.4,540354.5,103217.6,0.0,27.1,25.4,41,23.1,33.4,1721,10999,11838,15599,18791,18647,18625,11502,54800,3236
1782575157,1AC,102400000.0,102400000.0,15730588.0,15352135.0,2076347.1,1996528.6,469841.6,540853.7,103207.0,0.0,27.1,25.4,61,23.1,33.4,1723,11005,11844,15607,18794,18652,18630,11505,54817,3236
1782575454,1AC,102400000.0,102400000.0,15735396.0,15343380.0,2074000.9,1998468.5,469273.5,540301.7,103195.6,0.0,27.1,25.4,56,23.1,33.4,1723,11006,11844,15607,18797,18654,18634,11507,54826,3238
1782575754,1AC,102400000.0,102400000.0,15693755.0,15371416.0,2076097.1,1997097.0,468602.7,539319.2,103184.0,0.0,27.1,25.4,62,23.1,33.5,1723,11007,11845,15608,18799,18657,18636,11509,54838,3238
1782576055,1AC,102400000.0,102400000.0,15673605.0,15346617.0,2071179.1,1992556.5,469203.8,539122.2,103171.6,0.0,27.1,25.5,54,23.1,33.4,1722,11003,11841,15604,18795,18655,18632,11507,54822,3237
1782576355,1AC,102400000.0,102400000.0,15606585.0,15276656.0,2078258.0,1995485.0,468824.2,539430.2,103159.5,0.0,27.1,25.4,59,23.1,33.4,1722,11001,11840,15601,18789,18647,18625,11502,54801,3236
1782576656,1AC,102400000.0,102400000.0,15666345.0,15304951.0,2070984.0,1994660.0,467929.0,539062.4,103147.2,0.0,27.1,25.5,45,23.1,33.5,1722,11002,11840,15601,18795,18652,18631,11506,54824,3237
1782576956,1AC,102400000.0,102400000.0,15624903.0,15265460.0,2072483.4,1993111.0,468471.3,539202.8,103135.0,0.0,27.1,25.5,57,23.1,33.5,1722,11001,11840,15603,18795,18653,18629,11504,54822,3236
1782577257,1AC,102400000.0,102400000.0,15659397.0,15302988.0,2070099.6,1993253.1,468398.2,538655.0,103122.1,0.0,27.1,25.5,41,23.1,33.5,1722,11003,11843,15605,18794,18653,18631,11505,54813,3237
1782577554,1AC,102400000.0,102400000.0,15615765.0,15262185.0,2069400.4,1991123.6,467394.3,539046.5,103109.8,0.0,27.1,25.5,70,23.1,33.5,1722,11001,11840,15599,18789,18647,18625,11502,54804,3235
1782577854,1AC,102400000.0,102400000.0,15629960.0,15283753.0,2070032.5,1986665.6,467528.8,538459.8,103097.7,0.0,27.1,25.5,35,23.1,33.5,1722,11001,11839,15601,18791,18649,18627,11503,54800,3236
1782578155,1AC,102400000.0,102400000.0,15634103.0,15225599.0,2064763.4,1989678.4,467984.3,537627.6,103086.1,0.0,27.1,25.5,53,23.1,33.6,1722,11006,11844,15608,18801,18658,18634,11509,54826,3237
1782578455,1AC,102400000.0,102400000.0,15645193.0,15274213.0,2067087.1,1987506.6,467610.6,538286.6,103073.7,0.0,27.1,25.5,48,23.0,33.6,1722,11003,11842,15605,18792,18651,18629,11504,54811,3236
1782578756,1AC,102400000.0,102400000.0,15565427.0,15249709.0,2065089.6,1986799.6,466971.9,537520.4,103061.8,0.0,27.1,25.6,45,23.0,33.6,1722,11003,11842,15604,18789,18649,18627,11503,54801,3236
1782579056,1AC,102400000.0,102400000.0,15585292.0,15216595.0,2064514.5,1991518.4,466738.6,538306.2,103049.7,0.0,27.1,25.6,45,23.1,33.6,1723,11006,11847,15612,18796,18654,18633,11505,54828,3237
1782579357,1AC,102400000.0,102400000.0,15620980.0,15236144.0,2060439.1,1984820.4,466937.8,537341.8,103038.1,0.0,27.1,25.6,53,23.0,33.6,1723,11005,11842,15606,18795,18655,18630,11505,54822,3237
1782579654,1AC,102400000.0,102400000.0,15561313.0,15220657.0,2057545.4,1986982.5,466482.9,537017.9,103026.3,0.0,27.1,25.6,45,23.1,33.6,1722,11001,11841,15603,18793,18650,18627,11504,54804,3235
1782579955,1AC,102400000.0,102400000.0,15546741.0,15205403.0,2060658.5,1979146.0,466473.1,535979.8,103014.9,0.0,27.1,25.6,43,23.0,33.6,1723,11005,11844,15607,18797,18655,18632,11504,54822,3237
1782580255,1AC,102400000.0,102400000.0,15513504.0,15186411.0,2061357.5,1979733.9,467177.9,535970.2,103003.1,0.0,27.1,25.6,44,23.0,33.6,1722,11001,11839,15600,18793,18649,18628,11504,54817,3236
1782580556,1AC,102400000.0,102400000.0,15530395.0,15205979.0,2057443.6,1983278.5,465757.3,536328.6,102992.2,0.0,27.1,25.6,65,23.0,33.6,1722,11001,11839,15601,18788,18646,18623,11502,54803,3235
1782580857,1AC,102400000.0,102400000.0,15536999.0,15208219.0,2054517.9,1981509.6,465655.7,535952.7,102981.0,0.0,27.1,25.6,37,23.0,33.7,1722,11004,11842,15607,18793,18653,18628,11504,54815,3237
1782581154,1AC,102400000.0,102400000.0,15506825.0,15201993.0,2052050.0,1979465.9,466513.7,535671.4,102969.4,0.0,27.1,25.7,44,23.0,33.7,1722,11003,11842,15606,18796,18654,18632,11506,54816,3237
1782581454,1AC,102400000.0,102400000.0,15514797.0,15165284.0,2054694.4,1977226.1,466220.0,536087.1,102959.4,0.0,27.1,25.6,64,23.0,33.7,1722,11004,11844,15608,18796,18653,18629,11506,54819,3237
1782581754,1AC,102400000.0,102400000.0,15531959.0,15177001.0,2053377.4,1979788.0,465406.9,535898.9,102948.4,0.0,27.1,25.6,46,23.0,33.7,1722,11003,11841,15605,18794,18650,18628,11505,54816,3236
1782582055,1AC,102400000.0,102400000.0,15488880.0,15172637.0,2059951.4,1977536.4,465572.8,535461.3,102942.3,0.0,27.1,25.7,63,23.0,33.7,1722,11002,11840,15603,18796,18651,18630,11506,54810,3236
1782582355,1AC,102400000.0,102400000.0,15559520.0,15165393.0,2054223.4,1971246.4,465607.7,534743.9,102937.9,0.0,27.1,25.7,38,23.0,33.7,1723,11004,11843,15603,18799,18659,18637,11509,54829,3238
1782582656,1AC,102400000.0,102400000.0,15564209.0,15128464.0,2052120.6,1971778.4,465473.5,535001.2,102937.0,0.0,27.1,25.7,50,23.1,33.7,1722,11003,11843,15605,18796,18654,18632,11506,54822,3236
1782582956,1AC,102400000.0,102400000.0,15529560.0,15096509.0,2053431.6,1968818.5,463832.8,534752.7,102935.9,0.0,27.2,25.7,52,23.1,33.8,1722,11007,11845,15607,18798,18655,18633,11508,54829,3238
1782583257,1AC,102400000.0,102400000.0,15470017.0,15097708.0,2050565.4,1969062.0,464111.3,533420.6,102934.4,0.0,27.2,25.7,29,23.1,33.7,1722,11006,11846,15607,18792,18652,18628,11503,54808,3236
1782583554,1AC,102400000.0,102400000.0,15434635.0,15090412.0,2039925.0,1962406.1,463242.8,533830.6,102932.1,0.0,27.2,25.7,33,23.1,33.8,1722,11001,11840,15599,18791,18647,18623,11500,54797,3236
1782583854,1AC,102400000.0,102400000.0,15399699.0,15030665.0,2042472.6,1961590.0,462629.8,532290.8,102931.0,0.0,27.2,25.7,32,23.2,33.8,1723,11007,11847,15608,18797,18654,18629,11506,54822,3237
1782584155,1AC,102400000.0,102400000.0,15415877.0,15030337.0,2042368.4,1961792.5,462263.9,531188.0,102930.5,0.0,27.2,25.7,41,23.2,33.8,1723,11007,11848,15609,18794,18655,18632,11504,54819,3237
1782584455,1AC,102400000.0,102400000.0,15353041.0,14991145.0,2035104.4,1959179.0,462806.0,531164.1,102930.2,0.0,27.3,25.7,50,23.2,33.8,1723,11006,11847,15606,18793,18652,18630,11505,54823,3236
1782584756,1AC,102400000.0,102400000.0,15336077.0,14946228.0,2037442.9,1954045.4,461147.4,531107.3,102929.0,0.0,27.3,25.7,62,23.2,33.8,1723,11007,11848,15607,18791,18649,18624,11503,54806,3235
1782585056,1AC,102400000.0,102400000.0,15339152.0,14950713.0,2028920.1,1952956.5,460138.9,529848.6,102928.5,0.0,27.3,25.7,67,23.2,33.9,1723,11004,11845,15599,18786,18646,18622,11501,54793,3235
1782585357,1AC,102400000.0,102400000.0,15318047.0,14920579.0,2024486.1,1950460.4,460207.3,529383.8,102927.6,0.0,27.4,25.8,67,23.3,33.9,1723,11006,11849,15605,18790,18649,18627,11504,54805,3235
1782585654,1AC,102400000.0,102400000.0,15286272.0,14900520.0,2024373.4,1943634.0,459433.0,528902.2,102929.1,0.0,27.4,25.8,56,23.3,33.9,1723,11006,11848,15601,18789,18649,18628,11502,54807,3235
1782585954,1AC,102400000.0,102400000.0,15225072.0,14888659.0,2019017.1,1941621.0,459512.8,528590.0,102930.2,0.0,27.4,25.8,52,23.3,33.9,1722,11005,11846,15600,18788,18649,18625,11503,54809,3235
1782586255,1AC,102400000.0,102400000.0,15186981.0,14892357.0,2016253.1,1939528.5,457863.6,527128.6,102930.9,0.0,27.4,25.8,59,23.4,33.9,1722,11003,11845,15596,18787,18647,18625,11501,54800,3234
1782586555,1AC,102400000.0,102400000.0,15200305.0,14830356.0,2012175.6,1933908.9,457512.4,527004.1,102931.1,0.0,27.5,25.8,69,23.4,33.9,1724,11009,11851,15606,18794,18655,18631,11506,54825,3236
1782586856,1AC,102400000.0,102400000.0,15099857.0,14814032.0,2010941.4,1928708.6,456882.7,526213.8,102931.2,0.0,27.5,25.8,50,23.4,34.0,1723,11011,11853,15606,18792,18656,18631,11505,54822,3235
1782587156,1AC,102400000.0,102400000.0,15082289.0,14792975.0,2009144.5,1924763.1,456591.5,525352.2,102931.7,0.0,27.5,25.8,44,23.4,34.0,1723,11011,11853,15606,18798,18659,18635,11508,54838,3236
1782587454,1AC,102400000.0,102400000.0,15060637.0,14749357.0,1999477.6,1926999.4,455981.5,523187.9,102932.2,0.0,27.6,25.8,42,23.5,34.0,1723,11010,11854,15606,18796,18658,18634,11507,54831,3235
1782587754,1AC,102400000.0,102400000.0,15061853.0,14727989.0,2001987.9,1922325.9,454894.2,525174.4,102935.0,0.0,27.6,25.8,65,23.5,34.0,1724,11011,11856,15606,18799,18660,18636,11508,54835,3237
1782588055,1AC,102400000.0,102400000.0,15002819.0,14661024.0,1999543.4,1917948.0,454012.5,522173.6,102937.9,0.0,27.6,25.8,62,23.5,34.0,1724,11014,11857,15609,18798,18660,18636,11510,54838,3237
1782588355,1AC,102400000.0,102400000.0,14970507.0,14668864.0,1996510.9,1914863.0,453365.7,522556.0,102940.2,0.0,27.6,25.9,59,23.6,34.0,1724,11011,11855,15604,18789,18651,18629,11503,54819,3237
1782588656,1AC,102400000.0,102400000.0,14957220.0,14600507.0,1987862.4,1911455.5,453680.9,521340.1,102942.1,0.0,27.7,25.9,54,23.6,34.0,1724,11012,11858,15606,18796,18659,18636,11510,54843,3237
1782588956,1AC,102400000.0,102400000.0,14918740.0,14567489.0,1987706.1,1907684.9,451473.7,522589.1,102943.2,0.0,27.7,25.9,43,23.6,34.0,1724,11017,11861,15609,18800,18664,18639,11511,54847,3237
1782589253,1AC,102400000.0,102400000.0,14850939.0,14557355.0,1977505.5,1900143.9,451783.4,520909.2,102943.4,0.0,27.7,25.8,64,23.7,34.0,1724,11010,11856,15600,18787,18651,18625,11503,54806,3235
1782589554,1AC,102400000.0,102400000.0,14814080.0,14575261.0,1979855.1,1900539.9,450677.6,518993.8,102942.7,0.0,27.8,25.9,69,23.7,34.0,1724,11014,11860,15605,18792,18652,18629,11503,54823,3234
1782589855,1AC,102400000.0,102400000.0,14781895.0,14486081.0,1969932.1,1894533.9,449960.7,520696.1,102940.2,0.0,27.8,25.9,77,23.7,34.0,1725,11017,11864,15607,18796,18660,18634,11507,54837,3235
1782590155,1AC,102400000.0,102400000.0,14785111.0,14410961.0,1966597.5,1889935.0,448951.2,518865.8,102937.9,0.0,27.8,25.9,36,23.8,34.1,1725,11018,11864,15607,18796,18660,18634,11509,54844,3235
1782590455,1AC,102400000.0,102400000.0,14738705.0,14410707.0,1966864.9,1886002.6,448130.9,517192.8,102935.6,0.0,27.8,25.9,47,23.8,34.1,1724,11016,11861,15605,18790,18655,18628,11504,54824,3236
1782590756,1AC,102400000.0,102400000.0,14734633.0,14430437.0,1959855.0,1883265.4,448020.7,516740.0,102932.4,0.0,27.9,25.9,45,23.8,34.1,1724,11012,11859,15599,18787,18649,18624,11502,54809,3234
1782591056,1AC,102400000.0,102400000.0,14724275.0,14402545.0,1956923.4,1879482.4,448344.9,515725.5,102929.5,0.0,27.9,25.9,38,23.8,34.1,1725,11018,11865,15606,18790,18655,18632,11505,54828,3234
1782591356,1AC,102400000.0,102400000.0,14705507.0,14360969.0,1952137.6,1875969.0,447820.2,514763.2,102925.8,0.0,27.9,25.9,45,23.8,34.1,1725,11020,11865,15605,18797,18663,18637,11509,54846,3236
1782591657,1AC,102400000.0,102400000.0,14630339.0,14360128.0,1951993.6,1867765.1,446072.0,514883.3,102921.2,0.0,27.9,25.9,51,23.8,34.2,1725,11020,11868,15607,18797,18658,18637,11509,54843,3235
1782591954,1AC,102400000.0,102400000.0,14619087.0,14293125.0,1947479.4,1869908.1,445632.2,513949.8,102917.4,0.0,27.9,25.9,65,23.9,34.2,1725,11019,11865,15607,18797,18661,18635,11508,54844,3235
1782592254,1AC,102400000.0,102400000.0,14629773.0,14297833.0,1945867.9,1868016.6,446453.4,512677.7,102912.9,0.0,28.0,25.9,40,23.9,34.2,1725,11019,11867,15608,18798,18662,18637,11512,54848,3235
1782592555,1AC,102400000.0,102400000.0,14559928.0,14256979.0,1940904.6,1868075.0,444713.5,513222.0,102908.0,0.0,27.9,25.9,55,23.9,34.2,1724,11017,11864,15606,18794,18656,18632,11509,54837,3234
1782592855,1AC,102400000.0,102400000.0,14578616.0,14241259.0,1938422.5,1862294.1,444700.3,511750.4,102902.0,0.0,28.0,26.0,59,23.9,34.2,1725,11015,11862,15602,18792,18656,18631,11507,54832,3234
1782593155,1AC,102400000.0,102400000.0,14549205.0,14161044.0,1939635.0,1859646.6,445583.9,511758.0,102894.8,0.0,28.0,26.0,42,23.9,34.2,1725,11014,11861,15601,18789,18654,18628,11505,54822,3234
1782593455,1AC,102400000.0,102400000.0,14522747.0,14195533.0,1934517.1,1857412.4,444243.0,512695.2,102888.5,0.0,28.0,26.0,43,23.9,34.2,1725,11016,11866,15606,18793,18658,18632,11508,54837,3234
1782593756,1AC,102400000.0,102400000.0,14534656.0,14150321.0,1931875.6,1855157.6,443822.8,510990.1,102882.8,0.0,28.0,26.0,26,23.9,34.2,1725,11016,11865,15602,18791,18657,18632,11507,54828,3234
1782594056,1AC,102400000.0,102400000.0,14475329.0,14167572.0,1928665.4,1856943.5,441890.2,510889.0,102874.8,0.0,28.0,26.0,42,23.9,34.3,1725,11019,11866,15607,18790,18655,18628,11506,54829,3233
1782594356,1AC,102400000.0,102400000.0,14470849.0,14129420.0,1924565.0,1851813.6,442500.0,511354.8,102868.8,0.0,28.0,26.0,61,24.0,34.3,1725,11012,11861,15600,18792,18656,18631,11508,54829,3234
1782594657,1AC,102400000.0,102400000.0,14402896.0,14114192.0,1925675.9,1844688.4,441682.5,509950.4,102860.8,0.0,28.0,26.0,64,23.9,34.2,1725,11015,11863,15601,18786,18653,18628,11503,54825,3232
1782594954,1AC,102400000.0,102400000.0,14448203.0,14122103.0,1924821.9,1847624.6,441524.8,509570.7,102852.7,0.0,28.0,26.0,69,24.0,34.3,1725,11015,11864,15600,18787,18654,18628,11504,54821,3233
1782595254,1AC,102400000.0,102400000.0,14380252.0,14123225.0,1920982.0,1848412.0,440725.8,509467.4,102845.0,0.0,28.0,26.0,37,24.0,34.3,1724,11016,11863,15600,18789,18653,18629,11504,54823,3233
1782595554,1AC,102400000.0,102400000.0,14430687.0,14084888.0,1920794.0,1843669.6,441831.0,509660.5,102838.6,0.0,28.0,26.1,49,24.0,34.3,1725,11015,11862,15600,18788,18655,18628,11504,54820,3234
1782595855,1AC,102400000.0,102400000.0,14390632.0,14087972.0,1921990.9,1840427.1,441237.3,509878.2,102831.0,0.0,28.0,26.1,40,24.0,34.3,1724,11015,11862,15599,18791,18658,18632,11508,54835,3236
1782596156,1AC,102400000.0,102400000.0,14375625.0,14053471.0,1916667.6,1844281.6,441034.1,508160.8,102824.2,0.0,28.0,26.1,56,24.0,34.3,1725,11017,11864,15604,18790,18658,18632,11506,54834,3233
1782596456,1AC,102400000.0,102400000.0,14368981.0,14047092.0,1918967.9,1839126.4,440296.7,509032.1,102816.9,0.0,28.0,26.1,72,24.0,34.3,1725,11021,11867,15608,18793,18661,18633,11509,54843,3236
1782596757,1AC,102400000.0,102400000.0,14347053.0,14015248.0,1912596.6,1841999.4,440438.2,507711.8,102809.1,0.0,28.1,26.1,75,24.0,34.4,1724,11018,11864,15600,18794,18659,18633,11506,54835,3234
1782597054,1AC,102400000.0,102400000.0,14341395.0,14005251.0,1916656.9,1837499.5,441443.3,508044.4,102803.4,0.0,28.1,26.1,45,24.0,34.4,1724,11017,11864,15601,18786,18655,18629,11504,54821,3233
1782597354,1AC,102400000.0,102400000.0,14333271.0,13996209.0,1915944.5,1840304.6,440116.6,507688.2,102793.9,0.0,28.1,26.1,39,24.0,34.4,1725,11018,11865,15601,18789,18658,18630,11507,54830,3234
1782597654,1AC,102400000.0,102400000.0,14324568.0,13944539.0,1913297.6,1833288.1,439196.8,507126.0,102782.5,0.0,28.1,26.1,67,24.0,34.4,1725,11017,11863,15602,18789,18658,18630,11504,54828,3233
1782597955,1AC,102400000.0,102400000.0,14367699.0,13984340.0,1911003.4,1836552.0,440014.4,506596.9,102771.5,0.0,28.1,26.1,40,24.0,34.4,1725,11015,11863,15600,18788,18654,18627,11502,54813,3232
1782598255,1AC,102400000.0,102400000.0,14285439.0,13983309.0,1911877.9,1833211.9,438986.1,506931.8,102759.5,0.0,28.1,26.1,68,24.0,34.4,1725,11017,11866,15606,18797,18667,18635,11510,54851,3234
1782598556,1AC,102400000.0,102400000.0,14295705.0,13965276.0,1908909.4,1830667.1,437896.5,505972.0,102747.9,0.0,28.1,26.2,52,24.0,34.4,1726,11019,11866,15605,18789,18657,18629,11507,54830,3233
1782598856,1AC,102400000.0,102400000.0,14302525.0,13963103.0,1906444.9,1829202.9,438933.9,507028.6,102735.8,0.0,28.0,26.2,39,24.0,34.4,1724,11013,11861,15597,18784,18653,18626,11503,54813,3233
1782599157,1AC,102400000.0,102400000.0,14290111.0,13951848.0,1907446.6,1831663.6,439244.5,506055.1,102723.3,0.0,28.0,26.1,54,24.0,34.4,1725,11018,11863,15603,18791,18656,18633,11508,54830,3233
1782599454,1AC,102400000.0,102400000.0,14314407.0,14001504.0,1910227.6,1831901.6,438518.5,507639.2,102710.8,0.0,28.0,26.2,38,24.0,34.5,1725,11017,11863,15602,18785,18654,18627,11504,54820,3232
1782599754,1AC,102400000.0,102400000.0,14289512.0,13965919.0,1907434.6,1831020.4,437581.5,506315.8,102697.1,0.0,28.0,26.2,63,23.9,34.5,1725,11015,11863,15601,18794,18659,18633,11507,54844,3234
1782600055,1AC,102400000.0,102400000.0,14285504.0,13960328.0,1910326.9,1833773.4,439596.5,505503.6,102684.0,0.0,28.0,26.2,60,23.9,34.5,1725,11020,11866,15607,18791,18659,18631,11508,54826,3234
1782600355,1AC,102400000.0,102400000.0,14278804.0,13975189.0,1909921.9,1828912.0,438321.9,507724.0,102670.6,0.0,28.0,26.2,20,23.9,34.5,1725,11014,11862,15599,18782,18652,18623,11502,54810,3233
1782600656,1AC,102400000.0,102400000.0,14265480.0,13968941.0,1909552.1,1833883.4,438589.7,506304.0,102656.5,0.0,28.0,26.2,53,23.9,34.5,1725,11016,11862,15600,18789,18659,18630,11506,54827,3234
1782600956,1AC,102400000.0,102400000.0,14268704.0,13964704.0,1909354.4,1830116.9,439563.9,504979.3,102643.2,0.0,28.0,26.2,57,23.9,34.5,1725,11019,11865,15604,18797,18665,18636,11509,54843,3235
1782601253,1AC,102400000.0,102400000.0,14271756.0,13966829.0,1911159.9,1833695.9,439493.5,505972.0,102629.5,0.0,27.9,26.2,64,23.9,34.6,1725,11019,11865,15608,18802,18667,18640,11513,54854,3236
1782601554,1AC,102400000.0,102400000.0,14298852.0,13950457.0,1910023.1,1832552.6,439152.5,506673.1,102615.2,0.0,27.9,26.3,61,23.9,34.5,1725,11019,11865,15607,18798,18662,18636,11509,54843,3237
1782601855,1AC,102400000.0,102400000.0,14270944.0,13957148.0,1912479.9,1835641.0,439725.8,506845.2,102601.9,0.0,27.9,26.2,55,23.8,34.6,1724,11014,11860,15603,18797,18660,18635,11508,54836,3235
1782602155,1AC,102400000.0,102400000.0,14290592.0,14006348.0,1911883.0,1834823.4,438813.1,506914.4,102587.9,0.0,27.9,26.3,37,23.8,34.6,1725,11018,11866,15610,18798,18662,18636,11511,54846,3236
1782602456,1AC,102400000.0,102400000.0,14276540.0,13963768.0,1914003.5,1832401.9,438146.2,507459.5,102574.4,0.0,27.9,26.3,59,23.8,34.6,1724,11012,11858,15597,18788,18653,18627,11504,54816,3234
1782602756,1AC,102400000.0,102400000.0,14304023.0,13988108.0,1914990.4,1834130.4,438899.0,505988.7,102560.5,0.0,27.9,26.3,37,23.8,34.6,1724,11013,11860,15603,18791,18659,18631,11506,54829,3234
1782603054,1AC,102400000.0,102400000.0,14330819.0,13992247.0,1913460.6,1833349.1,439544.7,507730.2,102547.4,0.0,27.8,26.3,33,23.8,34.6,1724,11011,11857,15599,18790,18654,18627,11503,54812,3234
1782603354,1AC,102400000.0,102400000.0,14347757.0,14007484.0,1914755.4,1834975.4,440129.2,506746.8,102534.5,0.0,27.8,26.3,31,23.8,34.6,1725,11015,11862,15604,18794,18661,18632,11508,54836,3235
1782603655,1AC,102400000.0,102400000.0,14317557.0,13990553.0,1913831.5,1839363.5,439671.7,505636.7,102521.4,0.0,27.8,26.3,34,23.7,34.6,1724,11013,11857,15602,18792,18658,18631,11504,54823,3233
1782603955,1AC,102400000.0,102400000.0,14315265.0,13996475.0,1919837.1,1837318.6,440381.3,506716.2,102509.0,0.0,27.8,26.3,65,23.7,34.6,1724,11009,11854,15599,18787,18652,18628,11505,54816,3236
1782604256,1AC,102400000.0,102400000.0,14333095.0,14003343.0,1919598.9,1840755.4,439323.0,507091.4,102496.7,0.0,27.8,26.3,25,23.7,34.7,1723,11007,11853,15595,18782,18645,18622,11499,54797,3233
1782604557,1AC,102400000.0,102400000.0,14357364.0,14027293.0,1922065.1,1837942.9,439997.8,507307.1,102484.0,0.0,27.8,26.4,36,23.7,34.6,1723,11010,11854,15601,18787,18653,18625,11504,54806,3235
1782604854,1AC,102400000.0,102400000.0,14374357.0,14053323.0,1919611.9,1844108.1,439531.2,507097.0,102473.0,0.0,27.8,26.3,42,23.7,34.6,1724,11013,11859,15605,18796,18662,18634,11510,54840,3235
1782605155,1AC,102400000.0,102400000.0,14388993.0,14037992.0,1921521.0,1840530.5,441082.1,508592.9,102461.1,0.0,27.8,26.4,14,23.7,34.7,1723,11010,11855,15601,18786,18652,18626,11504,54808,3234
1782605456,1AC,102400000.0,102400000.0,14366480.0,14035745.0,1920213.9,1845513.1,441924.2,507924.5,102449.0,0.0,27.7,26.4,33,23.7,34.7,1725,11014,11859,15608,18796,18658,18634,11507,54837,3235
1782605757,1AC,102400000.0,102400000.0,14331204.0,14032512.0,1923306.1,1845753.4,441447.7,506937.0,102437.4,0.0,27.7,26.4,48,23.6,34.7,1724,11014,11858,15606,18791,18656,18632,11506,54824,3235
1782606054,1AC,102400000.0,102400000.0,14334735.0,14024279.0,1919192.4,1846277.1,440417.6,508716.2,102426.4,0.0,27.7,26.4,65,23.6,34.7,1724,11010,11853,15602,18785,18653,18626,11503,54808,3234
1782606355,1AC,102400000.0,102400000.0,14340745.0,14072613.0,1923511.6,1844282.1,440509.9,507488.4,102415.4,0.0,27.7,26.4,40,23.6,34.7,1724,11009,11855,15602,18793,18656,18631,11505,54824,3235
1782606655,1AC,102400000.0,102400000.0,14379688.0,14096161.0,1920232.5,1844068.0,440638.2,509131.4,102404.7,0.0,27.7,26.4,44,23.6,34.7,1724,11012,11857,15608,18796,18657,18633,11508,54833,3235
1782606956,1AC,102400000.0,102400000.0,14373368.0,14085119.0,1922626.6,1851041.1,441654.1,508152.7,102395.3,0.0,27.7,26.4,42,23.6,34.7,1723,11010,11856,15606,18792,18657,18632,11505,54828,3235
1782607256,1AC,102400000.0,102400000.0,14376188.0,14092756.0,1922793.1,1849672.9,440407.8,508476.4,102385.9,0.0,27.7,26.4,57,23.6,34.7,1724,11012,11856,15607,18794,18656,18632,11505,54822,3235
1782607554,1AC,102400000.0,102400000.0,14401449.0,14109635.0,1926748.9,1850225.6,441453.7,509092.6,102373.2,0.0,27.6,26.4,42,23.6,34.8,1724,11013,11856,15608,18793,18655,18632,11507,54827,3235
1782607854,1AC,102400000.0,102400000.0,14401071.0,14118316.0,1923249.5,1848786.9,441739.8,508002.2,102361.4,0.0,27.6,26.5,56,23.6,34.8,1724,11014,11861,15612,18799,18661,18638,11508,54837,3237
1782608155,1AC,102400000.0,102400000.0,14388315.0,14109200.0,1927173.9,1849872.0,440816.6,508596.4,102349.4,0.0,27.6,26.5,34,23.5,34.8,1723,11008,11852,15603,18789,18652,18627,11504,54815,3236
1782608455,1AC,102400000.0,102400000.0,14356360.0,14054016.0,1924187.6,1845423.4,441848.1,510082.8,102338.3,0.0,27.6,26.5,58,23.5,34.8,1723,11008,11853,15603,18794,18654,18632,11505,54820,3236
1782608756,1AC,102400000.0,102400000.0,14423749.0,14085715.0,1925418.0,1843798.5,440993.9,509039.5,102327.8,0.0,27.6,26.5,44,23.5,34.8,1724,11008,11852,15601,18796,18658,18633,11507,54831,3236
1782609056,1AC,102400000.0,102400000.0,14431240.0,14109943.0,1927302.1,1850618.6,442263.3,508935.6,102317.9,0.0,27.6,26.5,56,23.5,34.8,1724,11010,11855,15606,18798,18661,18636,11509,54837,3237
1782609354,1AC,102400000.0,102400000.0,14376792.0,14079843.0,1926863.9,1850922.0,441885.0,509405.1,102307.2,0.0,27.6,26.5,56,23.5,34.8,1724,11011,11856,15611,18798,18659,18632,11508,54834,3236
1782609654,1AC,102400000.0,102400000.0,14390703.0,14112373.0,1923359.0,1845885.0,442047.2,509838.1,102297.9,0.0,27.6,26.5,66,23.5,34.8,1723,11007,11851,15604,18790,18651,18628,11503,54812,3235
1782609955,1AC,102400000.0,102400000.0,14416377.0,14123019.0,1929253.9,1853616.4,441904.1,508792.1,102289.0,0.0,27.6,26.5,39,23.5,34.8,1723,11006,11849,15600,18785,18646,18622,11501,54794,3234
1782610255,1AC,102400000.0,102400000.0,14434083.0,14130091.0,1931671.5,1854498.0,441534.4,509644.5,102281.8,0.0,27.5,26.5,28,23.5,34.8,1723,11006,11850,15601,18792,18650,18628,11504,54811,3235
1782610556,1AC,102400000.0,102400000.0,14422563.0,14130256.0,1929252.1,1855528.0,442135.6,509296.7,102272.4,0.0,27.5,26.5,38,23.5,34.8,1724,11011,11853,15609,18794,18657,18633,11507,54825,3236
1782610854,1AC,102400000.0,102400000.0,14438301.0,14085799.0,1930021.6,1853634.9,442015.8,509275.9,102263.3,0.0,27.5,26.5,56,23.5,34.8,1722,11002,11845,15593,18786,18646,18622,11500,54798,3234
1782611154,1AC,102400000.0,102400000.0,14417353.0,14068944.0,1932457.4,1853524.1,441919.0,509320.9,102254.0,0.0,27.5,26.6,39,23.4,34.8,1722,11004,11848,15600,18791,18650,18626,11504,54808,3236
1782611455,1AC,102400000.0,102400000.0,14430407.0,14137812.0,1932211.6,1850825.4,441900.9,509369.2,102245.3,0.0,27.5,26.6,19,23.4,34.9,1723,11004,11848,15601,18787,18648,18624,11503,54799,3235
1782611756,1AC,102400000.0,102400000.0,14423464.0,14112400.0,1928880.1,1854507.0,441586.0,509387.9,102235.5,0.0,27.5,26.6,47,23.4,34.9,1723,11007,11851,15607,18791,18654,18629,11505,54817,3235
1782612056,1AC,102400000.0,102400000.0,14438899.0,14097079.0,1930753.5,1852216.0,441945.2,509872.5,102226.5,0.0,27.5,26.6,33,23.4,34.9,1723,11005,11848,15601,18792,18648,18626,11503,54804,3235
1782612356,1AC,102400000.0,102400000.0,14462212.0,14162789.0,1934594.0,1855943.0,442304.5,509210.2,102217.6,0.0,27.5,26.5,65,23.4,34.9,1723,11004,11848,15603,18786,18645,18622,11499,54795,3236
1782612654,1AC,102400000.0,102400000.0,14459056.0,14093919.0,1931992.4,1856058.0,442034.1,510385.8,102209.3,0.0,27.5,26.6,34,23.4,34.9,1723,11007,11850,15604,18791,18653,18630,11504,54815,3236
1782612954,1AC,102400000.0,102400000.0,14443468.0,14141756.0,1935177.5,1856730.4,442127.9,509373.2,102200.8,0.0,27.4,26.6,36,23.4,34.9,1723,11005,11848,15602,18790,18650,18628,11504,54814,3235
1782613255,1AC,102400000.0,102400000.0,14424356.0,14139396.0,1935019.5,1856327.6,442727.3,510966.8,102192.9,0.0,27.4,26.6,65,23.4,34.9,1724,11011,11853,15611,18799,18662,18637,11511,54841,3237
1782613555,1AC,102400000.0,102400000.0,14470756.0,14097495.0,1931335.1,1855907.5,442201.6,510971.5,102184.4,0.0,27.4,26.6,53,23.4,34.9,1722,11003,11844,15599,18788,18645,18622,11500,54799,3234
1782613856,1AC,102400000.0,102400000.0,14416916.0,14086633.0,1936429.0,1855684.4,442244.9,510895.8,102176.0,0.0,27.4,26.6,40,23.4,34.9,1722,11002,11845,15598,18787,18646,18626,11502,54803,3235
1782614156,1AC,102400000.0,102400000.0,14456936.0,14112993.0,1933535.6,1855735.6,443051.5,509687.6,102167.5,0.0,27.4,26.6,48,23.3,34.9,1723,11007,11849,15605,18793,18653,18628,11502,54812,3236
1782614457,1AC,102400000.0,102400000.0,14468347.0,14162285.0,1935858.5,1855762.6,442382.8,509462.0,102159.8,0.0,27.4,26.6,59,23.3,35.0,1722,11003,11845,15600,18788,18645,18622,11501,54796,3234
1782614754,1AC,102400000.0,102400000.0,14440405.0,14125169.0,1933953.1,1855053.5,442909.0,510825.4,102153.2,0.0,27.4,26.6,59,23.3,34.9,1723,11003,11847,15601,18793,18654,18630,11505,54817,3235
1782615055,1AC,102400000.0,102400000.0,14447437.0,14135040.0,1936994.1,1854148.0,442603.0,509730.7,102145.3,0.0,27.4,26.6,34,23.3,34.9,1723,11003,11846,15601,18790,18650,18624,11503,54800,3235
1782615356,1AC,102400000.0,102400000.0,14442881.0,14174829.0,1935577.4,1858733.6,443327.7,510576.9,102138.0,0.0,27.4,26.6,30,23.3,35.0,1722,10999,11842,15598,18788,18644,18622,11500,54786,3236
1782615657,1AC,102400000.0,102400000.0,14463145.0,14139227.0,1935000.9,1860809.4,442640.8,510776.4,102130.0,0.0,27.4,26.6,58,23.3,35.0,1723,11006,11848,15606,18795,18657,18632,11507,54823,3236
1782615954,1AC,102400000.0,102400000.0,14456127.0,14155601.0,1935506.5,1858213.0,442509.7,509864.3,102123.2,0.0,27.4,26.6,40,23.3,35.0,1722,11002,11845,15601,18790,18649,18625,11501,54803,3237
1782616255,1AC,102400000.0,102400000.0,14465285.0,14119867.0,1933538.4,1858020.4,442606.2,509953.5,102116.1,0.0,27.4,26.7,19,23.3,35.0,1722,11001,11842,15600,18790,18647,18624,11502,54807,3235
1782616555,1AC,102400000.0,102400000.0,14478081.0,14104169.0,1937912.9,1856162.6,443187.1,509508.1,102108.6,0.0,27.4,26.7,43,23.3,35.0,1722,10997,11840,15594,18785,18644,18620,11499,54787,3234
1782616856,1AC,102400000.0,102400000.0,14467644.0,14157965.0,1940092.1,1855397.9,442792.5,510040.4,102103.9,0.0,27.3,26.7,57,23.3,35.0,1722,11001,11844,15601,18786,18646,18623,11501,54798,3235
1782617157,1AC,102400000.0,102400000.0,14463144.0,14161173.0,1933298.0,1854990.5,443158.3,510203.3,102098.2,0.0,27.3,26.7,66,23.3,35.0,1722,11000,11841,15599,18785,18643,18621,11500,54785,3234
1782617454,1AC,102400000.0,102400000.0,14494329.0,14161801.0,1934851.5,1858829.6,443420.9,510472.2,102092.0,0.0,27.3,26.7,53,23.3,35.0,1723,11003,11844,15601,18792,18653,18629,11505,54818,3238
1782617755,1AC,102400000.0,102400000.0,14469901.0,14109916.0,1937667.4,1858902.6,442943.5,510061.8,102084.8,0.0,27.3,26.7,15,23.2,35.0,1723,11000,11842,15597,18789,18646,18623,11500,54798,3235
1782618056,1AC,102400000.0,102400000.0,14467111.0,14166959.0,1934639.0,1859135.6,443957.6,511085.0,102079.5,0.0,27.3,26.7,51,23.2,35.0,1722,11001,11843,15600,18791,18650,18627,11503,54798,3235
1782618356,1AC,102400000.0,102400000.0,14446340.0,14141849.0,1936786.6,1860572.6,442471.9,509979.2,102074.9,0.0,27.3,26.7,22,23.2,35.0,1722,11001,11842,15600,18790,18649,18625,11501,54803,3236
1782618657,1AC,102400000.0,102400000.0,14472220.0,14176532.0,1939602.9,1859300.0,442739.3,510132.9,102071.7,0.0,27.3,26.7,25,23.2,35.1,1722,11002,11842,15600,18785,18645,18624,11501,54793,3234
1782618954,1AC,102400000.0,102400000.0,14460740.0,14125935.0,1931961.6,1862034.1,443288.5,510030.1,102066.6,0.0,27.3,26.7,57,23.2,35.1,1721,10996,11837,15593,18779,18638,18615,11496,54773,3233
1782619254,1AC,102400000.0,102400000.0,14489255.0,14136433.0,1936607.0,1858364.5,443362.1,510413.3,102060.8,0.0,27.3,26.7,43,23.2,35.1,1722,10999,11842,15598,18788,18644,18623,11502,54792,3235
1782619555,1AC,102400000.0,102400000.0,14492861.0,14115561.0,1932388.9,1858493.5,442759.5,510281.6,102054.9,0.0,27.3,26.7,39,23.2,35.1,1722,11001,11842,15599,18789,18648,18623,11502,54792,3236
1782619856,1AC,102400000.0,102400000.0,14475753.0,14103989.0,1936713.9,1855558.6,442928.3,509644.9,102048.2,0.0,27.3,26.7,44,23.2,35.1,1722,11003,11843,15603,18794,18652,18627,11504,54805,3235
1782620156,1AC,102400000.0,102400000.0,14453299.0,14154948.0,1935282.6,1855920.1,443069.9,510276.3,102042.6,0.0,27.3,26.7,60,23.2,35.1,1722,10999,11840,15599,18786,18647,18626,11502,54797,3235
1782620453,1AC,102400000.0,102400000.0,14494972.0,14099064.0,1934142.5,1854854.6,443449.8,509867.9,102037.8,0.0,27.3,26.7,24,23.2,35.1,1722,11001,11842,15601,18787,18647,18626,11503,54801,3237
1782620754,1AC,102400000.0,102400000.0,14431656.0,14194235.0,1935913.1,1854585.9,443275.2,509710.3,102032.5,0.0,27.3,26.8,47,23.2,35.1,1722,11000,11841,15599,18789,18647,18623,11499,54797,3235
1782621054,1AC,102400000.0,102400000.0,14466775.0,14120264.0,1933460.6,1855911.0,443779.6,509940.8,102027.8,0.0,27.3,26.8,38,23.2,35.1,1722,10999,11839,15597,18788,18646,18624,11502,54798,3238
1782621355,1AC,102400000.0,102400000.0,14489228.0,14139277.0,1933670.6,1857840.0,443282.1,510262.5,102022.7,0.0,27.3,26.8,37,23.2,35.1,1722,10998,11839,15597,18786,18646,18621,11501,54791,3235
1782621656,1AC,102400000.0,102400000.0,14454975.0,14161376.0,1940835.4,1854434.1,442925.7,510131.0,102017.1,0.0,27.3,26.8,59,23.2,35.2,1722,11000,11841,15599,18788,18648,18623,11502,54798,3235
1782621956,1AC,102400000.0,102400000.0,14506263.0,14119864.0,1936969.4,1855943.0,442759.8,509956.1,102011.6,0.0,27.3,26.8,44,23.2,35.2,1722,10996,11838,15594,18779,18636,18616,11494,54769,3235
1782622254,1AC,102400000.0,102400000.0,14520124.0,14119453.0,1935452.6,1859865.6,442967.8,509532.3,102007.5,0.0,27.3,26.8,59,23.2,35.2,1722,10997,11839,15598,18786,18645,18622,11500,54791,3235
1782622554,1AC,102400000.0,102400000.0,14466764.0,14126165.0,1938435.5,1857639.0,443162.5,510122.5,102002.4,0.0,27.3,26.8,45,23.2,35.1,1722,11003,11842,15602,18792,18651,18627,11504,54801,3238
1782622855,1AC,102400000.0,102400000.0,14497317.0,14147859.0,1936281.4,1858135.4,443372.6,510313.6,101997.1,0.0,27.2,26.8,43,23.2,35.2,1722,10997,11838,15595,18787,18640,18619,11499,54786,3234
1782623156,1AC,102400000.0,102400000.0,14454739.0,14153736.0,1931993.0,1856732.4,442785.0,509928.2,101992.3,0.0,27.2,26.8,32,23.2,35.1,1722,11002,11843,15601,18790,18651,18626,11502,54800,3237
1782623457,1AC,102400000.0,102400000.0,14466553.0,14122376.0,1938926.1,1854139.0,442770.2,510329.0,101987.1,0.0,27.2,26.8,24,23.2,35.2,1722,10998,11838,15598,18791,18646,18626,11502,54791,3235
1782623754,1AC,102400000.0,102400000.0,14450267.0,14112912.0,1934907.1,1858427.1,442524.7,509342.1,101982.7,0.0,27.2,26.8,45,23.2,35.2,1722,10999,11839,15598,18788,18645,18621,11500,54800,3235
1782624055,1AC,102400000.0,102400000.0,14445353.0,14123219.0,1931646.1,1862754.0,443072.6,509220.7,101978.6,0.0,27.2,26.8,56,23.1,35.2,1722,10998,11840,15597,18789,18647,18625,11501,54795,3236
1782624356,1AC,102400000.0,102400000.0,14477893.0,14135533.0,1935100.1,1857911.6,442577.0,509578.5,101974.5,0.0,27.2,26.8,43,23.2,35.2,1722,11001,11843,15602,18790,18644,18622,11501,54790,3235
1782624657,1AC,102400000.0,102400000.0,14458784.0,14119121.0,1933824.4,1856045.4,442811.3,509450.6,101970.2,0.0,27.2,26.8,44,23.1,35.2,1722,10996,11836,15596,18783,18639,18618,11497,54769,3234
1782624954,1AC,102400000.0,102400000.0,14472161.0,14118720.0,1934348.1,1858102.1,443478.8,509290.3,101966.5,0.0,27.2,26.9,57,23.1,35.2,1721,10996,11838,15597,18782,18641,18619,11498,54777,3235
1782625254,1AC,102400000.0,102400000.0,14468987.0,14076131.0,1932582.1,1857397.0,442100.5,509371.6,101962.3,0.0,27.2,26.8,25,23.1,35.2,1721,10996,11839,15598,18788,18648,18623,11501,54781,3235
1782625555,1AC,102400000.0,102400000.0,14497153.0,14152204.0,1934670.6,1856452.0,442264.4,509401.3,101957.5,0.0,27.2,26.9,68,23.1,35.2,1721,10995,11836,15597,18786,18645,18620,11500,54780,3235
1782626155,1AC,102400000.0,102400000.0,15640503.0,15444367.0,2111325.0,2062755.1,505097.0,609253.2,105730.2,0.0,27.0,15.3,110,22.9,23.0,1723,11010,11850,15616,18811,18666,18643,11513,54859,3238
1782626455,1AC,102400000.0,102400000.0,19398088.0,19120894.0,2510681.2,2428864.8,548405.1,632918.8,105803.0,0.0,27.0,17.8,90,23.0,25.0,1723,11008,11849,15613,18802,18658,18637,11507,54841,3237
1782626755,1AC,102400000.0,102400000.0,20118176.0,19654574.0,2579661.5,2490288.2,556551.3,638972.9,105827.4,0.0,27.1,19.0,98,23.0,26.1,1723,11007,11845,15611,18798,18652,18629,11505,54822,3237
1782627056,1AC,102400000.0,102400000.0,20110424.0,19779490.0,2584083.0,2493395.2,556203.5,636243.9,105832.0,0.0,27.1,19.8,80,23.0,26.9,1723,11006,11845,15612,18800,18655,18635,11508,54834,3237
1782627356,1AC,102400000.0,102400000.0,20031322.0,19623898.0,2568644.8,2481895.0,555912.2,632763.0,105827.0,0.0,27.1,20.3,86,23.0,27.4,1724,11011,11851,15617,18808,18662,18639,11511,54854,3238
1782627656,1AC,102400000.0,102400000.0,19879102.0,19470074.0,2552496.0,2464766.2,551208.6,629207.8,105815.7,0.0,27.1,20.7,71,23.0,27.9,1723,11008,11846,15612,18803,18660,18635,11510,54840,3238
1782627957,1AC,102400000.0,102400000.0,19707666.0,19292626.0,2536660.8,2443476.2,548242.4,625488.2,105801.1,0.0,27.1,21.0,108,23.0,28.2,1723,11010,11851,15615,18805,18663,18641,11511,54846,3238
1782628254,1AC,102400000.0,102400000.0,19512854.0,19130850.0,2516627.0,2432316.0,545763.7,622932.8,105784.0,0.0,27.1,21.3,91,23.0,28.5,1722,11002,11839,15602,18795,18652,18629,11502,54818,3236
1782628554,1AC,102400000.0,102400000.0,19409310.0,19008864.0,2497518.0,2414479.2,543020.9,620489.0,105765.0,0.0,27.1,21.5,98,23.0,28.7,1722,11003,11840,15603,18789,18647,18622,11501,54801,3235
1782628855,1AC,102400000.0,102400000.0,19304598.0,18861066.0,2481873.2,2401422.0,539932.2,617581.1,105745.1,0.0,27.1,21.7,102,23.0,28.9,1723,11007,11845,15610,18802,18658,18636,11508,54834,3237
1782629155,1AC,102400000.0,102400000.0,19118002.0,18761290.0,2474737.5,2384810.2,537993.3,614560.0,105724.7,0.0,27.1,21.8,75,23.0,29.1,1723,11007,11846,15611,18800,18656,18632,11507,54831,3237
1782629456,1AC,102400000.0,102400000.0,19031950.0,18644846.0,2456761.2,2368274.0,535803.2,611217.2,105703.6,0.0,27.1,22.0,97,23.0,29.3,1723,11008,11848,15610,18804,18660,18635,11509,54846,3237
1782629757,1AC,102400000.0,102400000.0,18979586.0,18633470.0,2450048.0,2357988.8,533298.5,609868.9,105682.1,0.0,27.1,22.1,89,23.0,29.4,1722,11006,11845,15610,18799,18656,18634,11507,54829,3237
1782630054,1AC,102400000.0,102400000.0,18843784.0,18464648.0,2433308.0,2348245.0,531455.2,608418.1,105660.5,0.0,27.1,22.2,84,23.0,29.6,1722,11004,11845,15609,18796,18653,18630,11506,54823,3237
1782630354,1AC,102400000.0,102400000.0,18695506.0,18407494.0,2426053.8,2341534.0,530391.9,607424.3,105638.4,0.0,27.1,22.3,82,23.0,29.7,1722,10999,11839,15599,18791,18648,18624,11502,54813,3237
1782630655,1AC,102400000.0,102400000.0,18666586.0,18319364.0,2419030.2,2331836.0,529047.5,604674.4,105615.8,0.0,27.1,22.4,93,23.0,29.8,1723,11007,11847,15612,18803,18658,18635,11508,54834,3238
1782630956,1AC,102400000.0,102400000.0,18621918.0,18252046.0,2407641.0,2322111.8,528026.8,604193.3,105594.3,0.0,27.1,22.5,90,23.0,29.8,1722,11003,11843,15606,18799,18657,18633,11507,54821,3237
1782631256,1AC,102400000.0,102400000.0,18552014.0,18124266.0,2403483.5,2319189.0,526191.5,602203.6,105572.8,0.0,27.1,22.6,98,23.0,30.0,1722,11004,11845,15608,18800,18655,18632,11507,54826,3237
1782631553,1AC,102400000.0,102400000.0,18554550.0,18103408.0,2393677.2,2311539.2,525563.2,600352.8,105551.2,0.0,27.1,22.7,88,23.0,30.1,1723,11008,11847,15611,18803,18656,18637,11508,54829,3239
1782631854,1AC,102400000.0,102400000.0,18430930.0,18049820.0,2389156.2,2307068.2,523866.4,599427.4,105528.6,0.0,27.1,22.7,94,23.0,30.1,1722,11003,11844,15607,18800,18655,18636,11506,54835,3237
1782632155,1AC,102400000.0,102400000.0,18377414.0,17979104.0,2378703.0,2299630.0,523096.3,598667.6,105506.2,0.0,27.1,22.8,85,23.0,30.2,1721,11002,11839,15603,18796,18652,18627,11502,54813,3236
1782632456,1AC,102400000.0,102400000.0,18324290.0,17978776.0,2378901.8,2294658.8,521962.7,597156.8,105484.2,0.0,27.1,22.9,76,23.0,30.3,1722,11003,11842,15605,18794,18649,18629,11504,54812,3236
1782632756,1AC,102400000.0,102400000.0,18271130.0,17894546.0,2372734.8,2290559.0,520830.5,595872.0,105462.8,0.0,27.1,22.9,95,23.0,30.4,1722,11004,11843,15608,18793,18650,18630,11505,54815,3236
1782633054,1AC,102400000.0,102400000.0,18219168.0,17864026.0,2363294.8,2282028.2,519634.2,594921.2,105440.1,0.0,27.1,23.0,99,23.0,30.4,1723,11007,11844,15612,18795,18653,18628,11506,54815,3237
1782633355,1AC,102400000.0,102400000.0,18174744.0,17830294.0,2357715.2,2278849.8,518900.5,593390.2,105418.2,0.0,27.1,23.0,97,23.0,30.4,1722,11003,11842,15608,18795,18652,18631,11506,54823,3236
1782633655,1AC,102400000.0,102400000.0,18195954.0,17731720.0,2359331.0,2268805.0,517859.9,592318.1,105396.2,0.0,27.1,23.1,97,23.0,30.5,1723,11008,11848,15614,18802,18658,18635,11509,54829,3238
1782633956,1AC,102400000.0,102400000.0,18109342.0,17765252.0,2352590.5,2267692.2,517567.6,591568.9,105375.0,0.0,27.1,23.1,82,23.0,30.5,1722,11004,11843,15608,18797,18655,18633,11508,54823,3238
1782634257,1AC,102400000.0,102400000.0,18013742.0,17706338.0,2344500.8,2261727.8,516390.0,590547.2,105353.0,0.0,27.1,23.2,76,23.0,30.6,1722,11003,11844,15606,18800,18656,18632,11507,54817,3237
1782634554,1AC,102400000.0,102400000.0,18021502.0,17662856.0,2334089.8,2257896.2,516005.5,589335.5,105331.0,0.0,27.1,23.2,84,23.0,30.7,1722,11005,11844,15607,18802,18656,18633,11506,54831,3239
1782634855,1AC,102400000.0,102400000.0,17965264.0,17610778.0,2343549.2,2252919.0,513948.3,589562.9,105309.6,0.0,27.1,23.3,102,23.0,30.8,1722,11005,11844,15610,18798,18654,18631,11507,54829,3238
1782635155,1AC,102400000.0,102400000.0,17926510.0,17587424.0,2331966.8,2248698.2,512917.2,588138.8,105287.5,0.0,27.1,23.3,91,23.0,30.8,1723,11003,11842,15607,18796,18648,18628,11504,54811,3237
1782635456,1AC,102400000.0,102400000.0,17881270.0,17437904.0,2326918.0,2247253.8,512482.3,586981.1,105265.6,0.0,27.1,23.4,96,23.0,30.8,1722,11001,11840,15606,18797,18652,18631,11506,54817,3237
1782635754,1AC,102400000.0,102400000.0,17837902.0,17490200.0,2327166.0,2238220.2,511979.4,585749.1,105244.5,0.0,27.1,23.4,97,23.0,30.9,1722,11003,11841,15608,18797,18654,18631,11506,54822,3237
1782636055,1AC,102400000.0,102400000.0,17774640.0,17449368.0,2315387.8,2240475.2,511006.2,586123.1,105223.9,0.0,27.1,23.5,95,23.0,30.9,1723,11007,11844,15611,18802,18658,18635,11508,54840,3238
1782636355,1AC,102400000.0,102400000.0,17744356.0,17426278.0,2320279.0,2233279.5,511491.3,585800.2,105202.7,0.0,27.1,23.5,77,23.0,31.0,1723,11006,11844,15611,18799,18657,18633,11507,54831,3237
1782636656,1AC,102400000.0,102400000.0,17773408.0,17412482.0,2311446.8,2228404.8,510022.5,584801.8,105182.1,0.0,27.1,23.5,90,23.0,31.0,1723,11007,11845,15611,18799,18655,18632,11505,54826,3236
1782636956,1AC,102400000.0,102400000.0,17711126.0,17352054.0,2305850.2,2224168.0,509447.2,582588.8,105161.4,0.0,27.1,23.5,73,23.0,31.1,1723,11005,11843,15608,18800,18652,18631,11505,54821,3237
1782637254,1AC,102400000.0,102400000.0,17687190.0,17358560.0,2307388.2,2221435.2,509591.6,581938.4,105141.0,0.0,27.1,23.6,76,23.0,31.1,1722,11000,11840,15604,18795,18648,18627,11503,54811,3236
1782637554,1AC,102400000.0,102400000.0,17655674.0,17309766.0,2304137.0,2219163.8,507731.5,582575.8,105120.2,0.0,27.1,23.6,68,23.0,31.1,1721,10999,11838,15601,18787,18643,18622,11499,54790,3235
1782637855,1AC,102400000.0,102400000.0,17646214.0,17284754.0,2298363.2,2213321.8,508418.1,581611.7,105099.9,0.0,27.1,23.6,57,23.0,31.2,1723,11006,11845,15611,18800,18654,18632,11506,54831,3238
1782638156,1AC,102400000.0,102400000.0,17581558.0,17266298.0,2296255.2,2211907.0,507502.3,581359.8,105079.2,0.0,27.1,23.7,52,23.0,31.2,1723,11006,11843,15610,18799,18656,18633,11506,54821,3237
1782638456,1AC,102400000.0,102400000.0,17607880.0,17210226.0,2297422.2,2210984.2,506684.9,581060.6,105059.0,0.0,27.1,23.7,86,23.0,31.2,1722,11000,11840,15603,18795,18652,18627,11503,54812,3236
1782638756,1AC,102400000.0,102400000.0,17588856.0,17224710.0,2289269.2,2204318.8,506243.2,579458.8,105038.9,0.0,27.1,23.7,67,23.0,31.3,1723,11006,11846,15611,18805,18658,18635,11509,54842,3238
1782639054,1AC,102400000.0,102400000.0,17507814.0,17165530.0,2282538.0,2204013.8,505921.8,579645.9,105019.5,0.0,27.1,23.8,86,23.0,31.3,1722,11003,11839,15605,18792,18648,18629,11505,54807,3236
1782639354,1AC,102400000.0,102400000.0,17497146.0,17209790.0,2283223.8,2201899.0,504457.2,578443.5,105000.1,0.0,27.1,23.8,77,23.0,31.4,1722,11003,11842,15605,18795,18650,18627,11504,54805,3237
1782639655,1AC,102400000.0,102400000.0,17485978.0,17157658.0,2280748.8,2200734.0,504900.9,578172.3,104980.6,0.0,27.1,23.8,79,23.0,31.4,1722,11003,11841,15607,18797,18650,18631,11506,54821,3237
1782639955,1AC,102400000.0,102400000.0,17461102.0,17093830.0,2277819.2,2196291.2,503792.5,578481.3,104962.0,0.0,27.1,23.8,83,23.0,31.4,1723,11002,11844,15608,18795,18652,18630,11506,54818,3239
1782640256,1AC,102400000.0,102400000.0,17422790.0,17074376.0,2273561.8,2186561.8,503068.9,577466.7,104943.2,0.0,27.1,23.9,73,23.0,31.5,1722,11003,11842,15606,18794,18646,18628,11502,54811,3236
1782640554,1AC,102400000.0,102400000.0,17449698.0,17004246.0,2273517.0,2189131.8,502726.2,576590.0,104924.8,0.0,27.1,23.9,81,23.0,31.5,1722,11002,11842,15607,18794,18648,18627,11503,54812,3236
1782640854,1AC,102400000.0,102400000.0,17396912.0,17059256.0,2268380.8,2184982.0,502507.5,575498.4,104906.4,0.0,27.1,24.0,64,23.0,31.5,1723,11004,11841,15606,18797,18651,18629,11505,54820,3237
1782641155,1AC,102400000.0,102400000.0,17354222.0,17021822.0,2266825.8,2182349.8,501816.8,574142.7,104887.6,0.0,27.1,23.9,74,23.0,31.5,1722,11001,11841,15603,18787,18645,18623,11502,54799,3236
1782641455,1AC,102400000.0,102400000.0,17306858.0,16979658.0,2261933.2,2176210.2,500786.6,574563.6,104868.3,0.0,27.1,24.0,82,23.0,31.6,1722,10998,11837,15599,18787,18645,18622,11498,54798,3237
1782641756,1AC,102400000.0,102400000.0,17256112.0,16922856.0,2261899.0,2181309.0,500384.8,573769.8,104849.9,0.0,27.1,24.0,54,23.0,31.6,1723,11004,11846,15609,18800,18656,18635,11507,54821,3239
1782642056,1AC,102400000.0,102400000.0,17301592.0,16886032.0,2256373.2,2172175.8,499776.8,574062.7,104831.1,0.0,27.1,24.0,101,23.0,31.6,1722,11003,11843,15609,18794,18652,18629,11504,54816,3236
1782642357,1AC,102400000.0,102400000.0,17262796.0,16923806.0,2254040.2,2174208.8,500041.7,573086.9,104812.3,0.0,27.1,24.1,102,23.0,31.6,1723,11005,11844,15611,18801,18657,18636,11509,54835,3238
1782642654,1AC,102400000.0,102400000.0,17256398.0,16850286.0,2254569.2,2170088.2,499166.2,571892.3,104793.5,0.0,27.1,24.1,84,23.0,31.7,1723,11006,11845,15611,18800,18655,18631,11506,54823,3237
1782642954,1AC,102400000.0,102400000.0,17211854.0,16795018.0,2254031.2,2170182.8,499196.2,571774.8,104774.5,0.0,27.1,24.1,90,23.0,31.7,1722,11002,11841,15606,18797,18653,18632,11506,54826,3239
1782643254,1AC,102400000.0,102400000.0,17243666.0,16834378.0,2247863.5,2162586.0,497876.1,571882.9,104755.1,0.0,27.1,24.1,68,23.0,31.8,1722,11000,11839,15603,18797,18653,18630,11505,54819,3236
1782643555,1AC,102400000.0,102400000.0,17171384.0,16789858.0,2246309.2,2162906.5,497623.2,570788.9,104736.3,0.0,27.1,24.1,69,23.0,31.8,1722,10999,11839,15602,18790,18648,18626,11502,54801,3236
1782643855,1AC,102400000.0,102400000.0,17116934.0,16744993.0,2243355.8,2159584.2,498670.0,571149.7,104717.1,0.0,27.1,24.1,72,23.0,31.8,1722,11002,11839,15606,18793,18649,18626,11503,54807,3236
1782644155,1AC,102400000.0,102400000.0,17132438.0,16797788.0,2243311.0,2157443.8,497761.0,570300.0,104698.3,0.0,27.1,24.2,76,23.0,31.8,1722,11001,11840,15604,18793,18650,18627,11504,54814,3237
1782644456,1AC,102400000.0,102400000.0,17135352.0,16767560.0,2238395.2,2154241.8,496907.5,569222.3,104679.9,0.0,27.1,24.2,88,23.0,31.9,1722,11002,11839,15606,18788,18645,18623,11501,54798,3236
1782644756,1AC,102400000.0,102400000.0,17068470.0,16800354.0,2239411.2,2156299.2,496608.7,569111.5,104661.6,0.0,27.1,24.2,87,23.0,31.9,1722,10999,11838,15603,18792,18646,18625,11501,54808,3236
1782645053,1AC,102400000.0,102400000.0,17109632.0,16775335.0,2239016.2,2148576.2,496533.7,569163.0,104643.0,0.0,27.1,24.3,80,23.0,31.9,1723,11007,11845,15611,18800,18657,18635,11508,54826,3238
1782645354,1AC,102400000.0,102400000.0,17059926.0,16697049.0,2234503.5,2150390.2,495758.4,569283.5,104624.8,0.0,27.1,24.3,88,23.0,31.9,1723,11005,11843,15609,18797,18655,18633,11507,54825,3238
1782645654,1AC,102400000.0,102400000.0,17078714.0,16748563.0,2232271.2,2150077.2,495818.7,568301.4,104606.6,0.0,27.1,24.3,49,23.0,32.0,1722,11000,11840,15604,18789,18645,18626,11502,54797,3237
1782645955,1AC,102400000.0,102400000.0,16977730.0,16698455.0,2226675.2,2149220.2,495253.1,567493.5,104588.6,0.0,27.1,24.3,70,23.0,32.0,1722,10999,11839,15603,18792,18651,18627,11502,54808,3236
1782646256,1AC,102400000.0,102400000.0,17017506.0,16673563.0,2223075.2,2144521.8,494636.5,567217.2,104570.2,0.0,27.1,24.3,84,23.0,32.0,1723,11004,11843,15608,18800,18654,18632,11507,54825,3237
1782646556,1AC,102400000.0,102400000.0,16932560.0,16695765.0,2230164.0,2146345.8,494421.1,566750.4,104551.7,0.0,27.1,24.3,79,23.0,32.0,1722,11003,11839,15605,18798,18655,18631,11506,54825,3237
1782646857,1AC,102400000.0,102400000.0,16941698.0,16629224.0,2223210.2,2144372.2,494148.4,566789.0,104534.1,0.0,27.1,24.4,75,23.0,32.0,1722,11006,11844,15609,18800,18661,18636,11509,54833,3237
1782647154,1AC,102400000.0,102400000.0,16954366.0,16608692.0,2222115.2,2143139.8,493950.8,567258.8,104516.2,0.0,27.1,24.4,86,23.0,32.1,1722,11004,11844,15611,18798,18655,18630,11506,54819,3239
1782647454,1AC,102400000.0,102400000.0,16961190.0,16595225.0,2222956.8,2133319.0,493483.8,565017.7,104498.4,0.0,27.1,24.4,71,23.0,32.1,1722,11004,11842,15608,18796,18652,18631,11506,54822,3239
1782647755,1AC,102400000.0,102400000.0,16943740.0,16585356.0,2219358.8,2137486.0,493165.8,565919.2,104481.5,0.0,27.1,24.4,72,23.0,32.1,1723,11005,11844,15613,18800,18656,18635,11509,54831,3238
1782648056,1AC,102400000.0,102400000.0,16974270.0,16537331.0,2217958.2,2134826.8,493883.4,565389.8,104463.9,0.0,27.1,24.4,78,23.0,32.1,1723,11008,11846,15615,18804,18661,18640,11512,54849,3239
1782648356,1AC,102400000.0,102400000.0,16967714.0,16567633.0,2216964.0,2130272.8,492628.4,565659.8,104446.6,0.0,27.0,24.5,73,23.0,32.2,1723,11008,11847,15614,18807,18661,18640,11511,54844,3239
1782648653,1AC,102400000.0,102400000.0,16922662.0,16552708.0,2213348.8,2135124.0,493076.2,564546.8,104429.3,0.0,27.0,24.4,91,23.0,32.2,1723,11006,11845,15611,18802,18656,18634,11508,54829,3238
1782648954,1AC,102400000.0,102400000.0,16823636.0,16540593.0,2214317.8,2127841.8,492264.0,564184.8,104412.7,0.0,27.1,24.5,68,23.0,32.2,1722,11001,11840,15604,18793,18648,18629,11503,54804,3236
1782649254,1AC,102400000.0,102400000.0,16892530.0,16483544.0,2210717.0,2126095.5,491949.5,563828.3,104396.5,0.0,27.1,24.5,78,23.0,32.3,1723,11005,11844,15610,18804,18658,18636,11509,54839,3238
1782649555,1AC,102400000.0,102400000.0,16823292.0,16489891.0,2206370.5,2125420.0,491427.5,563314.6,104380.0,0.0,27.0,24.5,85,23.0,32.3,1722,11005,11843,15611,18798,18652,18631,11507,54826,3238
1782649855,1AC,102400000.0,102400000.0,16826216.0,16458468.0,2204716.8,2125104.5,491313.3,562697.0,104363.8,0.0,27.1,24.5,77,23.0,32.3,1721,10999,11838,15603,18792,18647,18625,11501,54808,3237
1782650156,1AC,102400000.0,102400000.0,16843344.0,16443267.0,2204683.8,2123522.2,490139.2,563502.2,104347.3,0.0,27.1,24.5,76,23.0,32.3,1723,11005,11846,15613,18801,18657,18636,11507,54835,3237
1782650457,1AC,102400000.0,102400000.0,16808506.0,16440365.0,2205561.0,2120622.0,489970.5,561945.2,104331.3,0.0,27.0,24.6,76,23.0,32.3,1722,11003,11842,15607,18796,18650,18629,11504,54807,3237
1782650754,1AC,102400000.0,102400000.0,16773879.0,16388285.0,2203502.0,2120642.8,490104.0,562354.2,104315.2,0.0,27.1,24.6,74,23.0,32.3,1723,11004,11844,15611,18803,18656,18636,11508,54837,3238
1782651054,1AC,102400000.0,102400000.0,16797742.0,16407035.0,2199122.8,2118140.2,490285.3,562495.7,104299.6,0.0,27.0,24.6,81,23.0,32.4,1722,11002,11841,15606,18797,18653,18629,11505,54809,3237
1782651355,1AC,102400000.0,102400000.0,16738048.0,16396533.0,2195221.2,2117612.8,490204.4,562002.7,104284.8,0.0,27.0,24.6,71,23.0,32.4,1722,11000,11840,15604,18790,18645,18625,11502,54799,3237
1782651655,1AC,102400000.0,102400000.0,16750245.0,16391333.0,2198874.8,2119279.0,489796.5,561792.8,104270.5,0.0,27.1,24.6,43,23.0,32.4,1722,11000,11838,15604,18796,18650,18628,11503,54806,3237
1782651956,1AC,102400000.0,102400000.0,16734101.0,16395424.0,2194588.2,2119262.0,489259.0,560636.1,104255.7,0.0,27.1,24.6,77,23.0,32.4,1723,11006,11843,15611,18796,18651,18629,11505,54816,3236
1782652256,1AC,102400000.0,102400000.0,16690199.0,16426908.0,2191756.0,2111535.2,488929.4,560134.4,104240.6,0.0,27.1,24.7,70,23.0,32.5,1722,11003,11842,15609,18802,18655,18634,11508,54830,3238
1782652557,1AC,102400000.0,102400000.0,16728700.0,16368623.0,2192214.8,2108187.2,488162.3,559706.8,104225.3,0.0,27.1,24.7,93,23.0,32.5,1723,11006,11844,15613,18798,18653,18632,11506,54828,3238
1782652854,1AC,102400000.0,102400000.0,16697389.0,16357717.0,2192217.2,2106434.8,487697.0,559978.2,104210.4,0.0,27.1,24.7,76,23.0,32.5,1723,11008,11847,15617,18799,18658,18637,11508,54836,3239
1782653154,1AC,102400000.0,102400000.0,16663881.0,16335316.0,2189146.8,2099812.5,487355.9,559262.8,104195.1,0.0,27.1,24.7,87,23.0,32.5,1723,11005,11847,15612,18807,18660,18642,11512,54845,3239
1782653455,1AC,102400000.0,102400000.0,16615077.0,16332899.0,2184741.8,2102416.0,487803.4,558967.1,104179.8,0.0,27.1,24.7,34,23.0,32.5,1722,11004,11843,15609,18799,18654,18634,11506,54821,3238
1782653755,1AC,102400000.0,102400000.0,16660184.0,16273921.0,2186994.8,2105421.0,486944.5,558280.5,104164.6,0.0,27.1,24.7,76,23.0,32.5,1722,10998,11839,15603,18800,18653,18633,11507,54824,3237
1782654056,1AC,102400000.0,102400000.0,16663572.0,16322609.0,2185380.2,2102974.5,487732.5,557837.2,104149.9,0.0,27.0,24.7,92,23.0,32.6,1723,11004,11846,15611,18804,18658,18637,11509,54835,3238
1782654356,1AC,102400000.0,102400000.0,16587641.0,16261975.0,2176804.8,2097778.5,486238.8,558069.2,104135.4,0.0,27.1,24.8,79,23.0,32.6,1722,10999,11840,15603,18794,18652,18630,11506,54825,3237
1782654654,1AC,102400000.0,102400000.0,16586637.0,16328100.0,2179426.2,2101924.2,486890.2,557943.0,104121.0,0.0,27.1,24.8,48,23.0,32.6,1723,11004,11846,15611,18802,18656,18637,11508,54829,3237
1782654954,1AC,102400000.0,102400000.0,16564885.0,16241924.0,2181029.2,2095257.5,485510.6,558528.2,104106.1,0.0,27.1,24.8,57,23.0,32.6,1722,10998,11839,15604,18787,18641,18623,11500,54788,3235
1782655255,1AC,102400000.0,102400000.0,16579448.0,16213577.0,2178103.2,2098192.5,487039.6,557017.9,104092.3,0.0,27.1,24.8,70,23.0,32.6,1723,11002,11843,15609,18799,18654,18634,11508,54823,3240
1782655556,1AC,102400000.0,102400000.0,16563283.0,16274837.0,2172446.8,2095519.4,485386.5,556669.8,104078.4,0.0,27.1,24.8,70,23.0,32.6,1721,10999,11838,15603,18790,18645,18626,11502,54795,3236
1782655856,1AC,102400000.0,102400000.0,16525675.0,16240045.0,2172458.8,2091393.4,485106.5,555985.4,104064.0,0.0,27.1,24.8,50,23.0,32.6,1722,11001,11841,15607,18799,18654,18632,11506,54823,3239
1782656154,1AC,102400000.0,102400000.0,16533656.0,16214307.0,2177082.0,2090950.4,485354.0,556025.0,104050.1,0.0,27.1,24.8,80,23.0,32.7,1722,10999,11840,15605,18797,18651,18631,11506,54818,3237
1782656455,1AC,102400000.0,102400000.0,16565479.0,16153337.0,2173872.0,2087472.9,484324.0,556217.5,104036.0,0.0,27.1,24.9,56,23.0,32.7,1722,11001,11838,15604,18791,18646,18625,11503,54798,3236
1782656755,1AC,102400000.0,102400000.0,16471723.0,16138345.0,2167686.8,2084973.6,484815.2,555537.2,104021.2,0.0,27.1,24.9,68,23.0,32.7,1723,11002,11841,15608,18795,18650,18631,11504,54818,3237
1782657056,1AC,102400000.0,102400000.0,16531068.0,16166452.0,2166729.8,2088788.1,484128.2,555608.1,104006.9,0.0,27.1,24.9,78,23.0,32.7,1722,11002,11840,15606,18795,18650,18628,11504,54810,3236
1782657357,1AC,102400000.0,102400000.0,16428636.0,16125596.0,2172861.8,2087622.6,484183.7,554832.6,103992.7,0.0,27.1,24.9,67,23.0,32.7,1722,11005,11847,15614,18797,18656,18632,11507,54822,3237
1782657654,1AC,102400000.0,102400000.0,16449808.0,16061941.0,2166399.2,2084130.9,484076.0,555244.1,103979.4,0.0,27.0,24.9,62,23.0,32.7,1722,11003,11843,15608,18805,18658,18639,11510,54842,3239
1782657954,1AC,102400000.0,102400000.0,16463641.0,16149353.0,2165206.0,2086916.9,483546.0,554881.9,103967.3,0.0,27.1,24.9,73,23.0,32.8,1722,11001,11840,15604,18794,18652,18628,11505,54809,3239
1782658255,1AC,102400000.0,102400000.0,16425060.0,16102473.0,2163573.0,2083232.9,483049.0,554185.4,103955.0,0.0,27.1,24.9,53,23.0,32.8,1722,11002,11842,15610,18795,18649,18629,11504,54816,3237
1782658556,1AC,102400000.0,102400000.0,16459600.0,16102443.0,2160948.0,2080890.5,483350.2,553999.0,103942.1,0.0,27.1,24.9,49,23.0,32.8,1722,11002,11841,15606,18796,18650,18629,11504,54814,3236
1782658856,1AC,102400000.0,102400000.0,16392001.0,16122027.0,2163114.2,2077063.0,483105.0,553649.6,103929.6,0.0,27.1,24.9,62,23.0,32.8,1722,11003,11843,15608,18804,18659,18637,11508,54833,3238
1782659154,1AC,102400000.0,102400000.0,16401477.0,16101927.0,2161897.0,2078805.0,482520.4,554589.0,103916.4,0.0,27.1,25.0,65,23.0,32.9,1722,11005,11842,15609,18799,18654,18633,11508,54826,3238
1782659454,1AC,102400000.0,102400000.0,16367912.0,16118108.0,2159165.8,2079396.9,483009.0,553747.3,103903.0,0.0,27.1,25.0,72,23.0,32.9,1722,11001,11841,15606,18794,18651,18629,11504,54815,3236
1782659755,1AC,102400000.0,102400000.0,16419623.0,16068224.0,2155939.8,2070409.4,482613.3,552938.6,103890.0,0.0,27.0,25.0,65,23.0,32.9,1723,11001,11842,15608,18802,18656,18635,11508,54833,3239
1782660056,1AC,102400000.0,102400000.0,16400824.0,15993561.0,2157428.2,2071166.4,481453.6,552485.6,103876.7,0.0,27.1,25.0,58,23.0,32.9,1722,11002,11841,15607,18793,18652,18629,11505,54811,3237
1782660356,1AC,102400000.0,102400000.0,16351608.0,16023028.0,2155923.8,2072229.4,481232.4,552997.0,103863.5,0.0,27.1,25.0,63,23.0,32.9,1722,11002,11841,15607,18797,18653,18632,11506,54826,3238
1782660654,1AC,102400000.0,102400000.0,16391145.0,16026219.0,2150662.2,2068886.0,481313.2,552419.0,103850.5,0.0,27.1,25.0,84,23.0,32.9,1723,11004,11843,15609,18801,18653,18633,11506,54830,3238
1782660954,1AC,102400000.0,102400000.0,16353656.0,15997677.0,2151505.2,2070436.4,481264.5,551577.9,103837.9,0.0,27.0,25.0,70,23.0,32.9,1723,11003,11842,15608,18797,18656,18632,11506,54823,3237
1782661255,1AC,102400000.0,102400000.0,16384028.0,16034155.0,2151839.0,2070383.9,480734.4,552282.3,103825.5,0.0,27.1,25.1,73,23.0,32.9,1722,11001,11840,15604,18792,18648,18626,11503,54804,3237
1782661556,1AC,102400000.0,102400000.0,16381205.0,15958059.0,2152435.8,2066489.5,480962.2,551720.2,103815.3,0.0,27.1,25.1,46,23.0,33.0,1722,11004,11843,15608,18795,18651,18630,11505,54822,3237
1782661857,1AC,102400000.0,102400000.0,16301961.0,16018036.0,2147329.8,2067351.6,480541.9,550845.9,103803.8,0.0,27.1,25.1,51,23.0,33.0,1722,11000,11839,15602,18795,18652,18631,11504,54809,3237
1782662154,1AC,102400000.0,102400000.0,16287647.0,15978264.0,2147357.2,2063807.6,480069.5,549967.9,103791.9,0.0,27.1,25.1,85,23.0,33.0,1722,11002,11843,15608,18798,18653,18633,11505,54820,3237
1782662455,1AC,102400000.0,102400000.0,16278611.0,15959443.0,2139614.0,2062180.5,479219.8,549768.6,103779.7,0.0,27.1,25.1,86,23.0,33.0,1721,10998,11837,15602,18789,18643,18621,11500,54795,3236
1782662756,1AC,102400000.0,102400000.0,16275147.0,15956467.0,2144549.8,2061814.6,479503.5,550268.8,103767.4,0.0,27.1,25.1,70,23.0,33.0,1722,10997,11836,15598,18790,18646,18627,11501,54805,3236
1782663056,1AC,102400000.0,102400000.0,16268291.0,15916192.0,2144198.0,2063783.5,480340.0,550367.0,103754.2,0.0,27.1,25.1,38,23.0,33.0,1722,11001,11843,15607,18797,18652,18631,11505,54822,3237
1782663354,1AC,102400000.0,102400000.0,16255828.0,15934768.0,2145886.8,2060124.6,479075.2,548647.2,103741.4,0.0,27.1,25.1,49,23.0,33.0,1722,11001,11840,15605,18794,18651,18627,11503,54811,3236
1782663654,1AC,102400000.0,102400000.0,16227415.0,15862213.0,2138817.8,2058500.4,478857.6,549296.3,103728.6,0.0,27.1,25.1,93,23.0,33.1,1722,11000,11839,15605,18795,18652,18628,11503,54813,3236
1782663955,1AC,102400000.0,102400000.0,16244127.0,15886028.0,2134614.8,2059638.0,478834.4,549384.8,103715.2,0.0,27.1,25.1,64,23.0,33.1,1722,11001,11839,15606,18797,18652,18632,11505,54823,3237
1782664256,1AC,102400000.0,102400000.0,16274500.0,15896600.0,2134910.0,2052848.4,479191.4,548860.2,103701.8,0.0,27.1,25.2,58,23.0,33.1,1722,11000,11840,15607,18796,18652,18628,11503,54804,3236
1782664554,1AC,102400000.0,102400000.0,16237035.0,15892039.0,2136205.2,2057086.0,478045.2,548296.9,103689.5,0.0,27.1,25.2,66,23.0,33.1,1722,10997,11836,15601,18792,18644,18623,11501,54798,3236
1782664854,1AC,102400000.0,102400000.0,16234032.0,15880959.0,2133602.0,2052164.6,477580.8,548742.8,103677.1,0.0,27.1,25.2,36,23.0,33.1,1722,10998,11837,15601,18785,18640,18618,11498,54780,3236
1782665155,1AC,102400000.0,102400000.0,16213143.0,15865568.0,2135994.0,2059270.0,477414.8,548577.4,103665.4,0.0,27.1,25.2,63,23.0,33.1,1722,10999,11840,15605,18790,18647,18626,11503,54802,3236
1782665456,1AC,102400000.0,102400000.0,16141692.0,15845165.0,2130174.0,2052937.5,478352.7,548499.7,103652.9,0.0,27.1,25.2,59,23.0,33.1,1721,10998,11838,15603,18793,18648,18628,11506,54807,3236
1782665754,1AC,102400000.0,102400000.0,16172429.0,15826677.0,2131159.2,2051992.0,478385.9,547731.3,103640.6,0.0,27.1,25.2,36,23.0,33.1,1722,10998,11837,15602,18790,18646,18625,11501,54801,3236
1782666055,1AC,102400000.0,102400000.0,16211129.0,15824720.0,2134143.0,2053554.4,477092.2,548228.3,103628.5,0.0,27.0,25.2,57,23.0,33.2,1723,11001,11841,15607,18802,18657,18638,11509,54842,3239
1782666356,1AC,102400000.0,102400000.0,16187096.0,15806103.0,2128063.0,2046066.4,477932.2,547174.8,103616.2,0.0,27.0,25.2,61,23.0,33.2,1722,10999,11838,15604,18791,18644,18628,11503,54804,3236
1782666656,1AC,102400000.0,102400000.0,16194356.0,15794947.0,2126820.0,2047644.1,476619.5,547925.8,103604.0,0.0,27.1,25.3,43,23.0,33.2,1722,11000,11840,15605,18794,18649,18631,11504,54814,3239
1782666954,1AC,102400000.0,102400000.0,16108436.0,15816861.0,2132905.8,2049226.9,477124.1,547052.9,103592.4,0.0,27.0,25.3,83,23.0,33.2,1722,11000,11840,15605,18797,18654,18631,11506,54818,3237
1782667255,1AC,102400000.0,102400000.0,16134657.0,15823453.0,2127818.8,2049131.0,477359.9,547240.3,103581.1,0.0,27.0,25.3,48,23.0,33.2,1723,11004,11844,15610,18804,18658,18638,11509,54835,3238
1782667556,1AC,102400000.0,102400000.0,16104779.0,15753804.0,2127880.5,2046987.9,476543.0,547131.4,103569.5,0.0,27.0,25.3,59,23.0,33.2,1723,11006,11844,15610,18803,18656,18633,11507,54826,3238
1782667854,1AC,102400000.0,102400000.0,16116411.0,15765285.0,2126175.2,2039619.6,476370.1,546351.4,103558.8,0.0,27.0,25.3,84,23.0,33.2,1722,10998,11838,15602,18793,18649,18627,11503,54806,3238
1782668155,1AC,102400000.0,102400000.0,16101931.0,15796940.0,2130510.2,2041899.6,476810.8,546508.9,103547.5,0.0,27.0,25.3,65,23.0,33.3,1723,11004,11844,15612,18802,18656,18633,11507,54828,3238
1782668456,1AC,102400000.0,102400000.0,16115171.0,15751491.0,2126189.0,2041479.9,476272.8,546021.8,103536.5,0.0,27.0,25.3,60,23.0,33.3,1722,10998,11838,15602,18788,18645,18623,11500,54797,3236
1782668754,1AC,102400000.0,102400000.0,16134060.0,15765317.0,2126874.8,2044998.6,475853.2,544953.8,103525.4,0.0,27.0,25.3,73,23.0,33.3,1722,11000,11838,15602,18790,18647,18626,11500,54804,3236
1782669055,1AC,102400000.0,102400000.0,16119601.0,15753720.0,2120874.5,2038123.0,475934.8,546052.2,103514.2,0.0,27.0,25.4,74,23.0,33.3,1722,11000,11838,15604,18795,18651,18628,11503,54812,3237
1782669356,1AC,102400000.0,102400000.0,16063465.0,15726564.0,2120853.0,2042092.1,475321.9,546585.1,103502.9,0.0,27.0,25.4,78,23.0,33.3,1722,11001,11840,15607,18800,18653,18633,11507,54828,3238
1782669657,1AC,102400000.0,102400000.0,16094721.0,15789760.0,2121754.2,2038828.5,475459.2,544819.8,103491.6,0.0,27.0,25.4,70,23.0,33.3,1721,10997,11837,15603,18792,18648,18624,11502,54808,3236
1782669954,1AC,102400000.0,102400000.0,16121256.0,15685789.0,2120595.0,2038405.6,474936.1,546045.8,103480.9,0.0,27.0,25.4,50,23.0,33.3,1722,11002,11840,15606,18796,18653,18629,11504,54823,3237
1782670255,1AC,102400000.0,102400000.0,16096217.0,15746376.0,2118126.2,2039366.5,475492.8,545555.3,103469.9,0.0,27.0,25.4,43,23.0,33.4,1722,11003,11841,15609,18800,18653,18633,11508,54824,3239
1782670557,1AC,102400000.0,102400000.0,16082228.0,15705079.0,2120326.8,2033706.4,475066.8,544794.4,103459.2,0.0,27.0,25.4,71,23.0,33.3,1722,11001,11841,15609,18798,18653,18632,11507,54820,3238
1782670854,1AC,102400000.0,102400000.0,16055297.0,15696481.0,2115150.8,2036435.1,475272.2,544333.7,103448.2,0.0,27.0,25.4,46,23.0,33.3,1723,11005,11843,15613,18796,18652,18631,11506,54821,3238
1782671155,1AC,102400000.0,102400000.0,16013035.0,15733000.0,2117930.2,2037400.5,474718.8,544418.7,103437.3,0.0,27.0,25.4,73,22.9,33.4,1722,11001,11841,15607,18801,18657,18635,11507,54827,3238
1782671456,1AC,102400000.0,102400000.0,16058163.0,15679995.0,2112986.8,2031668.6,474563.4,543870.5,103427.7,0.0,27.0,25.4,74,22.9,33.4,1722,10997,11837,15601,18789,18648,18624,11500,54793,3238
1782671754,1AC,102400000.0,102400000.0,16015740.0,15650324.0,2117255.8,2032357.1,474583.7,543472.3,103418.1,0.0,27.0,25.4,75,23.0,33.4,1722,11005,11843,15610,18802,18656,18633,11508,54825,3238
1782672055,1AC,102400000.0,102400000.0,15982133.0,15670227.0,2113760.2,2034263.9,473780.2,544183.2,103407.5,0.0,27.0,25.4,65,23.0,33.4,1723,11005,11844,15612,18799,18656,18635,11507,54833,3238
1782672356,1AC,102400000.0,102400000.0,15975309.0,15652971.0,2112842.2,2032285.5,474249.8,543705.7,103397.2,0.0,27.0,25.4,66,22.9,33.4,1723,11002,11840,15607,18797,18654,18631,11505,54809,3237
1782672657,1AC,102400000.0,102400000.0,15996212.0,15650883.0,2115219.8,2029787.4,473663.6,543788.8,103386.5,0.0,27.0,25.5,69,23.0,33.4,1722,11001,11839,15607,18800,18655,18631,11506,54820,3237
1782672954,1AC,102400000.0,102400000.0,15992071.0,15668899.0,2111511.2,2032138.4,473930.5,543351.2,103375.9,0.0,27.0,25.5,58,22.9,33.4,1722,11005,11843,15609,18799,18652,18632,11506,54824,3240
1782673255,1AC,102400000.0,102400000.0,15949596.0,15626113.0,2110870.2,2030888.1,473253.5,543310.3,103366.1,0.0,27.0,25.5,37,23.0,33.5,1723,11003,11841,15608,18800,18658,18632,11507,54823,3237
1782673556,1AC,102400000.0,102400000.0,15963660.0,15653791.0,2110282.5,2025301.5,473401.3,542620.2,103356.1,0.0,27.0,25.5,63,22.9,33.5,1722,11004,11842,15612,18803,18660,18636,11510,54839,3239
1782673857,1AC,102400000.0,102400000.0,16005612.0,15690412.0,2109824.8,2033616.5,473564.8,543763.7,103346.0,0.0,27.0,25.5,68,22.9,33.5,1723,11004,11844,15611,18804,18658,18637,11509,54830,3238
1782674154,1AC,102400000.0,102400000.0,15963956.0,15658996.0,2109228.8,2027602.1,473002.9,543247.8,103335.5,0.0,27.0,25.5,66,22.9,33.5,1722,11004,11841,15607,18798,18653,18633,11507,54821,3238
1782674456,1AC,102400000.0,102400000.0,15964639.0,15588260.0,2107143.2,2022688.9,472656.5,542207.3,103329.5,0.0,27.0,25.5,43,22.9,33.6,1723,11005,11844,15612,18800,18653,18633,11506,54825,3238
1782674757,1AC,102400000.0,102400000.0,15941572.0,15626799.0,2102934.2,2022602.6,472834.0,542855.9,103325.1,0.0,27.0,25.6,50,22.9,33.6,1723,11005,11844,15612,18802,18656,18636,11508,54825,3240
1782675054,1AC,102400000.0,102400000.0,15950791.0,15560655.0,2102805.2,2023144.9,473333.4,541983.2,103322.9,0.0,27.0,25.5,51,23.0,33.6,1722,11000,11840,15606,18793,18649,18629,11503,54807,3237
1782675356,1AC,102400000.0,102400000.0,15923293.0,15588369.0,2108144.5,2024503.4,472552.8,542012.2,103320.9,0.0,27.0,25.6,55,23.0,33.5,1723,11004,11844,15613,18803,18653,18635,11509,54829,3239
1782675657,1AC,102400000.0,102400000.0,15933928.0,15581900.0,2101095.8,2017416.4,471237.2,540984.3,103319.5,0.0,27.1,25.6,50,23.0,33.6,1723,11004,11842,15610,18796,18650,18630,11505,54812,3239
1782675954,1AC,102400000.0,102400000.0,15911205.0,15532177.0,2098106.8,2016669.6,470853.3,540292.2,103318.4,0.0,27.1,25.6,63,23.0,33.6,1722,11002,11842,15608,18793,18652,18629,11503,54805,3239
1782676255,1AC,102400000.0,102400000.0,15864936.0,15575407.0,2095065.0,2015789.0,470562.4,539413.3,103317.4,0.0,27.1,25.6,64,23.0,33.6,1723,11006,11844,15608,18799,18655,18632,11507,54829,3240
1782676557,1AC,102400000.0,102400000.0,15840979.0,15511341.0,2092862.4,2011618.0,470012.3,539808.8,103316.4,0.0,27.1,25.6,67,23.1,33.6,1722,11002,11841,15604,18797,18651,18632,11504,54806,3237
1782676853,1AC,102400000.0,102400000.0,15835685.0,15491268.0,2092103.4,2011096.5,470067.8,538918.5,103316.9,0.0,27.2,25.6,57,23.1,33.7,1722,11001,11841,15599,18793,18646,18625,11503,54801,3238
1782677155,1AC,102400000.0,102400000.0,15785228.0,15486547.0,2085522.9,2005378.5,468938.0,538457.9,103318.1,0.0,27.2,25.6,65,23.1,33.7,1722,11005,11845,15609,18802,18661,18635,11509,54833,3238
1782677456,1AC,102400000.0,102400000.0,15763256.0,15422395.0,2084199.9,2001949.1,468195.2,537945.2,103318.9,0.0,27.2,25.6,40,23.1,33.7,1722,11002,11844,15603,18791,18649,18626,11503,54801,3235
1782677757,1AC,102400000.0,102400000.0,15738732.0,15399867.0,2078547.1,1996017.9,468055.9,536292.2,103318.6,0.0,27.2,25.6,76,23.2,33.7,1723,11004,11847,15607,18795,18651,18633,11505,54817,3236
1782678054,1AC,102400000.0,102400000.0,15740151.0,15380668.0,2078166.9,1994537.0,466831.0,536279.7,103318.6,0.0,27.3,25.6,69,23.2,33.7,1723,11003,11845,15604,18793,18650,18627,11503,54805,3236
1782678355,1AC,102400000.0,102400000.0,15644121.0,15392368.0,2076179.4,1994769.1,466874.0,535068.0,103318.6,0.0,27.3,25.6,47,23.2,33.7,1723,11004,11845,15606,18792,18648,18629,11503,54807,3236
1782678656,1AC,102400000.0,102400000.0,15678027.0,15346639.0,2080323.4,1991100.9,465952.8,535045.6,103318.4,0.0,27.3,25.6,64,23.2,33.7,1723,11008,11850,15609,18795,18654,18633,11506,54824,3239
1782678957,1AC,102400000.0,102400000.0,15645165.0,15267212.0,2067109.6,1986015.1,465560.9,533976.3,103318.0,0.0,27.3,25.6,68,23.3,33.7,1723,11006,11849,15607,18798,18657,18635,11508,54825,3239
1782679254,1AC,102400000.0,102400000.0,15656461.0,15285476.0,2070747.6,1982338.5,465288.4,532976.7,103318.3,0.0,27.4,25.6,64,23.3,33.7,1723,11006,11848,15606,18797,18654,18632,11506,54822,3238
1782679555,1AC,102400000.0,102400000.0,15581509.0,15265359.0,2063302.1,1981242.0,464208.0,532586.8,103319.2,0.0,27.4,25.6,61,23.3,33.8,1724,11012,11855,15613,18805,18659,18639,11511,54849,3238
1782679856,1AC,102400000.0,102400000.0,15557263.0,15228349.0,2057578.6,1976539.4,463623.9,532937.1,103318.6,0.0,27.4,25.6,73,23.3,33.7,1724,11011,11852,15612,18798,18654,18631,11506,54817,3236
1782680157,1AC,102400000.0,102400000.0,15524777.0,15208132.0,2056486.9,1977781.6,462473.3,531733.7,103317.7,0.0,27.4,25.7,95,23.4,33.8,1724,11012,11855,15614,18801,18658,18639,11511,54846,3237
1782680455,1AC,102400000.0,102400000.0,15463245.0,15204432.0,2054290.6,1969455.0,462762.0,530756.6,103317.5,0.0,27.4,25.7,75,23.4,33.8,1724,11011,11854,15612,18798,18656,18636,11508,54836,3238
1782680756,1AC,102400000.0,102400000.0,15452387.0,15150488.0,2051128.6,1969475.1,461595.2,530368.9,103317.0,0.0,27.5,25.7,73,23.4,33.8,1724,11009,11855,15610,18798,18658,18638,11509,54836,3239
1782681057,1AC,102400000.0,102400000.0,15463516.0,15105343.0,2044408.6,1965546.9,461308.8,529676.2,103316.1,0.0,27.5,25.7,83,23.4,33.8,1724,11011,11853,15609,18795,18657,18634,11507,54834,3236
1782681354,1AC,102400000.0,102400000.0,15408020.0,15115455.0,2042552.5,1965512.6,461389.0,529229.9,103315.6,0.0,27.5,25.7,56,23.5,33.8,1724,11011,11856,15609,18799,18660,18638,11510,54835,3236
1782681655,1AC,102400000.0,102400000.0,15393853.0,15047725.0,2042818.9,1957981.6,459657.2,529407.2,103315.8,0.0,27.6,25.7,71,23.5,33.8,1724,11011,11858,15612,18798,18658,18638,11508,54837,3236
1782681956,1AC,102400000.0,102400000.0,15349149.0,15032335.0,2039380.5,1961189.4,460196.2,527616.5,103315.2,0.0,27.6,25.7,60,23.5,33.8,1724,11014,11859,15611,18806,18665,18642,11512,54854,3237
1782682257,1AC,102400000.0,102400000.0,15329080.0,15011591.0,2028806.1,1953601.6,459017.8,527481.9,103315.9,0.0,27.6,25.7,56,23.5,33.8,1724,11011,11857,15606,18797,18657,18636,11509,54830,3235
1782682555,1AC,102400000.0,102400000.0,15341892.0,14980371.0,2022225.5,1946821.4,459146.1,526923.2,103314.6,0.0,27.6,25.7,82,23.6,33.9,1724,11011,11857,15606,18795,18657,18634,11507,54835,3236
1782682856,1AC,102400000.0,102400000.0,15314267.0,14957617.0,2024526.5,1948079.1,457651.4,526724.2,103312.7,0.0,27.6,25.7,74,23.6,33.9,1724,11012,11858,15605,18798,18659,18636,11509,54836,3236
1782683157,1AC,102400000.0,102400000.0,15247645.0,14953179.0,2022250.6,1942964.6,457510.2,525777.7,103311.6,0.0,27.7,25.7,49,23.6,33.9,1724,11016,11860,15611,18804,18666,18638,11512,54851,3239
1782683455,1AC,102400000.0,102400000.0,15217323.0,14882175.0,2021170.5,1939904.1,456927.4,523539.5,103309.5,0.0,27.7,25.7,30,23.6,33.9,1725,11017,11863,15613,18806,18667,18645,11513,54867,3236
1782683756,1AC,102400000.0,102400000.0,15167533.0,14884855.0,2017139.6,1929233.4,456597.3,523886.0,103309.3,0.0,27.7,25.7,24,23.6,33.9,1724,11014,11861,15609,18799,18660,18639,11510,54841,3236
1782684057,1AC,102400000.0,102400000.0,15207107.0,14909811.0,2016658.1,1932839.0,455610.2,523667.2,103309.1,0.0,27.7,25.8,46,23.7,33.9,1725,11015,11861,15610,18800,18661,18640,11510,54848,3235
1782684354,1AC,102400000.0,102400000.0,15161959.0,14836076.0,2007021.5,1928625.0,455272.2,522129.5,103306.3,0.0,27.8,25.8,35,23.7,33.9,1724,11013,11857,15605,18793,18654,18632,11505,54824,3235
1782684655,1AC,102400000.0,102400000.0,15111824.0,14761924.0,2006873.9,1925714.0,454960.5,522474.1,103303.4,0.0,27.8,25.8,43,23.7,34.0,1725,11017,11864,15610,18801,18663,18639,11510,54847,3235
1782684956,1AC,102400000.0,102400000.0,15138961.0,14789795.0,2001366.4,1921514.9,452964.1,521519.4,103300.9,0.0,27.8,25.8,73,23.7,33.9,1726,11022,11867,15615,18805,18667,18644,11514,54856,3237
1782685257,1AC,102400000.0,102400000.0,15067677.0,14754600.0,2000015.6,1922931.6,454122.7,520529.6,103297.2,0.0,27.8,25.8,66,23.8,34.0,1724,11011,11857,15602,18787,18651,18625,11502,54808,3234
1782685554,1AC,102400000.0,102400000.0,15065380.0,14720904.0,1997180.1,1918322.0,453267.8,518829.4,103292.7,0.0,27.8,25.8,32,23.8,34.0,1726,11019,11867,15613,18802,18665,18641,11512,54850,3236
1782685855,1AC,102400000.0,102400000.0,15000947.0,14745671.0,1992421.1,1912848.9,453377.6,519190.1,103288.6,0.0,27.9,25.8,63,23.8,34.0,1725,11014,11862,15607,18795,18658,18631,11508,54830,3234
1782686156,1AC,102400000.0,102400000.0,14987067.0,14699907.0,1990123.9,1911702.6,451607.5,518265.6,103283.7,0.0,27.9,25.8,58,23.8,34.0,1726,11017,11865,15608,18798,18662,18638,11509,54845,3235
1782686457,1AC,102400000.0,102400000.0,14983689.0,14655377.0,1990106.4,1907810.0,451101.1,519131.4,103278.6,0.0,27.9,25.8,53,23.8,34.0,1725,11015,11863,15606,18795,18659,18636,11508,54840,3235
1782686754,1AC,102400000.0,102400000.0,14946872.0,14589807.0,1979593.4,1912249.9,451279.2,517974.2,103273.9,0.0,27.9,25.8,57,23.8,34.0,1725,11019,11866,15609,18801,18664,18638,11509,54854,3235
1782687055,1AC,102400000.0,102400000.0,14927117.0,14626211.0,1982493.6,1904010.0,449894.7,516858.9,103269.0,0.0,27.9,25.8,85,23.8,34.0,1725,11018,11865,15609,18799,18659,18634,11509,54842,3237
1782687356,1AC,102400000.0,102400000.0,14938147.0,14601340.0,1979270.5,1902861.4,451900.7,517117.4,103263.3,0.0,27.9,25.9,60,23.9,34.1,1724,11012,11860,15601,18790,18655,18629,11505,54820,3233
1782687657,1AC,102400000.0,102400000.0,14894612.0,14561776.0,1977963.6,1900091.5,450267.5,517891.5,103256.5,0.0,27.9,25.9,54,23.9,34.1,1726,11019,11866,15610,18799,18663,18638,11509,54844,3236
1782687954,1AC,102400000.0,102400000.0,14826212.0,14576455.0,1975146.6,1900056.6,450288.5,517320.1,103250.6,0.0,28.0,25.9,57,23.9,34.1,1725,11015,11866,15608,18793,18658,18634,11507,54835,3233
1782688255,1AC,102400000.0,102400000.0,14866221.0,14545424.0,1975031.0,1894942.9,449493.8,515244.5,103245.2,0.0,28.0,25.9,55,23.9,34.1,1725,11020,11867,15611,18801,18666,18640,11512,54859,3235
1782688556,1AC,102400000.0,102400000.0,14865333.0,14542495.0,1974605.4,1893913.4,449439.0,515408.8,103240.5,0.0,28.0,25.9,65,23.9,34.1,1725,11015,11865,15607,18797,18659,18636,11509,54847,3235
1782688857,1AC,102400000.0,102400000.0,14804148.0,14496628.0,1967695.9,1894936.9,448253.3,516265.5,103234.8,0.0,28.0,25.9,81,23.9,34.1,1725,11015,11866,15605,18793,18658,18633,11508,54832,3235
1782689155,1AC,102400000.0,102400000.0,14826301.0,14468805.0,1965839.5,1891358.5,447498.2,516016.6,103230.5,0.0,28.0,25.9,52,23.9,34.1,1725,11016,11865,15607,18794,18657,18634,11507,54837,3235
1782689456,1AC,102400000.0,102400000.0,14809371.0,14453768.0,1961533.6,1888438.6,447802.5,513892.5,103224.2,0.0,28.0,25.9,49,23.9,34.1,1726,11023,11873,15615,18800,18664,18639,11511,54859,3235
1782689756,1AC,102400000.0,102400000.0,14758033.0,14467489.0,1963865.0,1886056.5,447402.6,514982.0,103218.3,0.0,28.0,25.9,71,23.9,34.1,1726,11019,11869,15611,18801,18663,18640,11512,54864,3237
1782690057,1AC,102400000.0,102400000.0,14769124.0,14453092.0,1965291.9,1884855.1,446451.7,513646.2,103206.8,0.0,28.0,25.9,50,23.9,34.2,1725,11016,11866,15607,18793,18659,18631,11507,54834,3234
1782690354,1AC,102400000.0,102400000.0,14715560.0,14431940.0,1958681.5,1883782.0,446881.3,512702.6,103194.2,0.0,28.0,25.9,47,23.9,34.2,1726,11019,11868,15607,18797,18661,18636,11509,54841,3235
1782690655,1AC,102400000.0,102400000.0,14728685.0,14401864.0,1955498.6,1883161.6,446471.9,514349.8,103180.9,0.0,28.0,25.9,60,23.9,34.2,1726,11019,11869,15610,18801,18663,18639,11511,54854,3234
1782690956,1AC,102400000.0,102400000.0,14699832.0,14417056.0,1956774.6,1880545.4,446060.6,513331.2,103166.6,0.0,28.0,25.9,85,23.9,34.2,1725,11018,11868,15610,18799,18663,18639,11512,54856,3235
1782691257,1AC,102400000.0,102400000.0,14750911.0,14419880.0,1956040.6,1877733.0,445906.4,512703.2,103151.5,0.0,28.0,25.9,50,23.9,34.2,1725,11017,11866,15609,18797,18660,18636,11510,54848,3236
1782691554,1AC,102400000.0,102400000.0,14699033.0,14364953.0,1957144.6,1877930.5,447585.3,513571.2,103136.7,0.0,28.0,26.0,67,23.9,34.2,1725,11019,11866,15608,18795,18657,18635,11507,54836,3235
1782691855,1AC,102400000.0,102400000.0,14709333.0,14398017.0,1955621.4,1880780.6,446455.3,512701.5,103120.8,0.0,28.0,26.0,52,23.9,34.2,1725,11015,11863,15604,18794,18658,18633,11507,54839,3235
1782692156,1AC,102400000.0,102400000.0,14684895.0,14378531.0,1956637.0,1876803.5,445782.0,512692.5,103105.0,0.0,28.0,26.0,59,23.9,34.2,1725,11016,11862,15606,18790,18654,18627,11505,54823,3233
1782692457,1AC,102400000.0,102400000.0,14714835.0,14432369.0,1958544.9,1878960.1,446675.1,513840.5,103089.6,0.0,27.9,26.0,69,23.9,34.2,1724,11012,11860,15601,18794,18657,18633,11507,54833,3235
1782692754,1AC,102400000.0,102400000.0,14734076.0,14424257.0,1955409.5,1883080.6,447052.6,513174.5,103072.7,0.0,27.9,26.0,91,23.8,34.2,1726,11019,11866,15612,18798,18663,18638,11510,54847,3236
1782693055,1AC,102400000.0,102400000.0,14674427.0,14425960.0,1956415.4,1883516.1,445926.2,512483.6,103056.2,0.0,27.9,26.0,65,23.8,34.3,1725,11015,11864,15610,18797,18662,18638,11510,54850,3235
1782693356,1AC,102400000.0,102400000.0,14720809.0,14433284.0,1958709.5,1882471.6,446869.5,513468.0,103040.5,0.0,27.9,26.0,47,23.8,34.3,1725,11013,11862,15605,18790,18654,18627,11505,54823,3234
1782693657,1AC,102400000.0,102400000.0,14733972.0,14408772.0,1958917.4,1883648.4,446299.4,513171.4,103024.2,0.0,27.9,26.1,38,23.8,34.3,1725,11016,11863,15610,18797,18659,18633,11508,54841,3235
1782693954,1AC,102400000.0,102400000.0,14724249.0,14410563.0,1961192.9,1883090.0,447550.0,514108.3,103008.6,0.0,27.8,26.1,48,23.8,34.3,1725,11015,11862,15606,18791,18655,18632,11507,54829,3237
1782694255,1AC,102400000.0,102400000.0,14715117.0,14447193.0,1961712.4,1882802.1,447958.2,514526.2,102993.7,0.0,27.8,26.1,57,23.8,34.3,1725,11012,11860,15606,18794,18657,18635,11508,54830,3235
1782694556,1AC,102400000.0,102400000.0,14788644.0,14435743.0,1960887.0,1882551.5,447093.7,513223.4,102978.7,0.0,27.8,26.1,74,23.7,34.3,1724,11008,11855,15602,18786,18649,18625,11503,54812,3233
1782694856,1AC,102400000.0,102400000.0,14732409.0,14399705.0,1959216.0,1883573.9,447019.2,513626.2,102965.2,0.0,27.8,26.1,56,23.7,34.3,1724,11011,11859,15603,18792,18651,18629,11505,54821,3237
1782695154,1AC,102400000.0,102400000.0,14752436.0,14426540.0,1964648.6,1889766.6,447072.4,514239.0,102952.0,0.0,27.8,26.1,76,23.7,34.4,1724,11010,11857,15602,18793,18655,18631,11504,54824,3234
1782695455,1AC,102400000.0,102400000.0,14809763.0,14444992.0,1964606.6,1884787.1,446503.4,513198.1,102938.4,0.0,27.8,26.1,70,23.7,34.4,1724,11011,11859,15607,18795,18656,18633,11509,54834,3235
1782695756,1AC,102400000.0,102400000.0,14764447.0,14478493.0,1967970.1,1891668.6,447498.1,514703.7,102924.5,0.0,27.8,26.1,47,23.7,34.3,1725,11011,11858,15606,18790,18652,18627,11502,54810,3234
1782696056,1AC,102400000.0,102400000.0,14781427.0,14453388.0,1965602.1,1886962.1,448663.5,515760.4,102910.7,0.0,27.7,26.1,74,23.7,34.4,1724,11013,11860,15608,18797,18656,18633,11507,54824,3236
1782696357,1AC,102400000.0,102400000.0,14743428.0,14445916.0,1966555.6,1889692.0,447107.8,514591.0,102895.9,0.0,27.7,26.1,49,23.7,34.4,1724,11011,11858,15606,18797,18656,18634,11510,54837,3235
1782696655,1AC,102400000.0,102400000.0,14734931.0,14459785.0,1970074.1,1886725.9,448473.0,516319.7,102882.5,0.0,27.7,26.1,42,23.6,34.4,1725,11010,11858,15609,18797,18656,18634,11510,54831,3235
1782696955,1AC,102400000.0,102400000.0,14739380.0,14536467.0,1967384.5,1892869.0,448605.8,514825.1,102869.9,0.0,27.7,26.2,40,23.6,34.4,1723,11007,11854,15604,18794,18655,18632,11508,54827,3236
1782697256,1AC,102400000.0,102400000.0,14781575.0,14503028.0,1965452.0,1892015.6,447581.1,516399.4,102857.7,0.0,27.7,26.2,81,23.6,34.4,1725,11012,11859,15610,18796,18654,18631,11508,54825,3238
1782697557,1AC,102400000.0,102400000.0,14771065.0,14501191.0,1973320.9,1894458.6,448274.5,515107.8,102845.1,0.0,27.7,26.2,54,23.6,34.4,1724,11011,11856,15608,18801,18659,18635,11509,54838,3236
1782697854,1AC,102400000.0,102400000.0,14813559.0,14525540.0,1970467.5,1893821.1,448692.5,515084.2,102833.6,0.0,27.6,26.2,48,23.6,34.4,1724,11010,11855,15604,18794,18656,18631,11505,54819,3235
1782698155,1AC,102400000.0,102400000.0,14814005.0,14536368.0,1972482.1,1890265.6,448265.0,515131.8,102821.2,0.0,27.6,26.2,84,23.6,34.5,1725,11011,11857,15609,18798,18658,18634,11508,54833,3235
1782698456,1AC,102400000.0,102400000.0,14783629.0,14537971.0,1975151.0,1898155.0,447887.7,516009.9,102810.5,0.0,27.6,26.2,48,23.6,34.5,1724,11012,11857,15610,18802,18661,18637,11510,54839,3237
1782698757,1AC,102400000.0,102400000.0,14841053.0,14508093.0,1969560.0,1897828.5,449247.6,516085.6,102797.8,0.0,27.6,26.2,55,23.5,34.5,1723,11007,11851,15604,18796,18655,18630,11506,54819,3235
1782699054,1AC,102400000.0,102400000.0,14825613.0,14488776.0,1976158.4,1898706.6,448297.0,514743.2,102786.6,0.0,27.6,26.2,41,23.5,34.5,1724,11012,11856,15611,18800,18662,18637,11511,54846,3236
1782699355,1AC,102400000.0,102400000.0,14827160.0,14544915.0,1975695.5,1898868.5,449762.2,515873.9,102773.2,0.0,27.6,26.2,58,23.5,34.5,1723,11005,11850,15603,18786,18650,18626,11503,54808,3234
1782699656,1AC,102400000.0,102400000.0,14841811.0,14536484.0,1971772.9,1894871.4,448621.2,516993.4,102760.0,0.0,27.6,26.2,60,23.5,34.5,1724,11011,11855,15608,18797,18655,18631,11506,54823,3237
1782699957,1AC,102400000.0,102400000.0,14851419.0,14551987.0,1973985.9,1900622.5,449215.0,515421.2,102747.6,0.0,27.5,26.2,66,23.5,34.5,1723,11007,11852,15603,18791,18656,18631,11505,54821,3235
1782700254,1AC,102400000.0,102400000.0,14864912.0,14527173.0,1977047.1,1897996.1,448462.2,517266.4,102736.6,0.0,27.5,26.3,59,23.5,34.5,1723,11008,11853,15608,18797,18658,18633,11507,54829,3237
1782700555,1AC,102400000.0,102400000.0,14863755.0,14550688.0,1975887.0,1898347.5,449695.1,515381.2,102725.2,0.0,27.5,26.3,44,23.5,34.5,1723,11006,11849,15602,18786,18650,18625,11501,54804,3235
1782700856,1AC,102400000.0,102400000.0,14867577.0,14575056.0,1980241.5,1899637.9,448656.2,515896.9,102712.6,0.0,27.5,26.3,47,23.4,34.5,1724,11010,11853,15608,18793,18655,18631,11505,54819,3236
1782701154,1AC,102400000.0,102400000.0,14835843.0,14558917.0,1980054.9,1899320.5,449313.4,516765.1,102701.8,0.0,27.5,26.3,53,23.4,34.5,1723,11008,11853,15607,18792,18653,18632,11505,54816,3238
1782701455,1AC,102400000.0,102400000.0,14857293.0,14563827.0,1977170.0,1901118.1,449528.1,516391.9,102690.9,0.0,27.5,26.3,61,23.4,34.5,1723,11007,11851,15608,18789,18654,18628,11505,54810,3235
1782701756,1AC,102400000.0,102400000.0,14872096.0,14562575.0,1985174.0,1901289.0,449374.8,516530.3,102680.0,0.0,27.5,26.3,47,23.4,34.5,1723,11009,11851,15608,18797,18655,18633,11507,54826,3236
1782702057,1AC,102400000.0,102400000.0,14895448.0,14565061.0,1984668.6,1904903.1,450012.5,516561.8,102669.1,0.0,27.5,26.3,57,23.4,34.6,1723,11005,11848,15606,18788,18646,18625,11501,54801,3234
1782702357,1AC,102400000.0,102400000.0,14909615.0,14517496.0,1984510.9,1900180.0,449777.5,516319.5,102656.8,0.0,27.5,26.3,34,23.4,34.6,1724,11008,11852,15608,18795,18653,18630,11506,54818,3236
1782702655,1AC,102400000.0,102400000.0,14918315.0,14584979.0,1986783.4,1903294.6,449401.6,517346.7,102646.2,0.0,27.4,26.3,43,23.4,34.6,1723,11004,11846,15603,18791,18653,18627,11505,54817,3236
1782702956,1AC,102400000.0,102400000.0,14897133.0,14599767.0,1985923.0,1905134.1,449586.5,516747.0,102634.8,0.0,27.4,26.3,66,23.4,34.6,1724,11007,11849,15605,18796,18653,18632,11506,54819,3236
1782703257,1AC,102400000.0,102400000.0,14895891.0,14562491.0,1985359.9,1908773.6,450220.5,516455.9,102623.4,0.0,27.4,26.3,80,23.3,34.6,1722,11004,11847,15603,18794,18650,18630,11505,54810,3235
1782703554,1AC,102400000.0,102400000.0,14905668.0,14553049.0,1983183.6,1904243.1,450090.9,516761.3,102613.3,0.0,27.4,26.3,43,23.3,34.6,1723,11005,11848,15606,18794,18653,18631,11506,54825,3236
1782703855,1AC,102400000.0,102400000.0,14895857.0,14601843.0,1982782.0,1904270.4,449552.8,517012.8,102603.0,0.0,27.4,26.3,49,23.3,34.6,1723,11003,11846,15604,18790,18652,18627,11503,54809,3235
1782704156,1AC,102400000.0,102400000.0,14870125.0,14626993.0,1984733.1,1905763.9,450409.8,517209.8,102592.7,0.0,27.4,26.3,65,23.3,34.6,1723,11006,11851,15608,18796,18655,18632,11506,54820,3236
1782704457,1AC,102400000.0,102400000.0,14904128.0,14555209.0,1984759.6,1909554.1,450187.6,516835.6,102582.2,0.0,27.4,26.4,37,23.3,34.6,1723,11004,11848,15606,18797,18657,18630,11507,54823,3236
1782704755,1AC,102400000.0,102400000.0,14879441.0,14613932.0,1990679.4,1906887.5,450939.5,516962.3,102572.2,0.0,27.4,26.4,56,23.3,34.6,1724,11009,11852,15613,18808,18663,18642,11513,54854,3238
1782705056,1AC,102400000.0,102400000.0,14923168.0,14606395.0,1985767.5,1907381.9,450353.6,517736.7,102562.6,0.0,27.3,26.4,71,23.3,34.6,1724,11010,11852,15612,18805,18659,18639,11511,54839,3237
1782705357,1AC,102400000.0,102400000.0,14944725.0,14613111.0,1988878.9,1907529.0,451022.8,517927.2,102553.9,0.0,27.3,26.4,65,23.3,34.7,1723,11010,11850,15610,18800,18657,18635,11508,54819,3237
1782705654,1AC,102400000.0,102400000.0,14929088.0,14613895.0,1986906.5,1908533.9,451179.4,517947.0,102544.7,0.0,27.3,26.4,67,23.3,34.7,1723,11007,11850,15610,18797,18656,18633,11507,54830,3237
1782705955,1AC,102400000.0,102400000.0,14951692.0,14595525.0,1989065.5,1908589.4,450455.3,518476.2,102536.1,0.0,27.3,26.4,64,23.2,34.7,1723,11003,11846,15603,18796,18654,18630,11506,54821,3236
1782706256,1AC,102400000.0,102400000.0,14934983.0,14638896.0,1986369.5,1908515.5,450724.8,516668.1,102527.0,0.0,27.3,26.4,63,23.2,34.7,1722,11003,11844,15602,18792,18651,18631,11506,54819,3236
1782706557,1AC,102400000.0,102400000.0,14943639.0,14613240.0,1989951.6,1907435.4,450798.6,518066.2,102517.5,0.0,27.3,26.4,62,23.2,34.7,1723,11007,11848,15610,18797,18655,18634,11509,54826,3237
1782706855,1AC,102400000.0,102400000.0,14893140.0,14590668.0,1990599.4,1910309.9,451298.8,518328.8,102508.9,0.0,27.3,26.4,62,23.2,34.7,1723,11006,11847,15609,18795,18655,18630,11505,54821,3236
1782707155,1AC,102400000.0,102400000.0,14898585.0,14619235.0,1988830.4,1906351.6,451541.9,518868.7,102500.6,0.0,27.3,26.4,71,23.2,34.7,1722,10999,11841,15601,18792,18650,18627,11505,54805,3236
1782707456,1AC,102400000.0,102400000.0,14947805.0,14666948.0,1989817.9,1915138.6,451489.4,518150.9,102492.2,0.0,27.3,26.4,63,23.2,34.7,1723,11007,11848,15610,18794,18655,18632,11506,54819,3236
1782707754,1AC,102400000.0,102400000.0,14948460.0,14614599.0,1995720.0,1912624.0,451327.5,518591.0,102484.0,0.0,27.3,26.5,44,23.2,34.7,1723,11008,11850,15612,18802,18659,18636,11510,54836,3240
1782708055,1AC,102400000.0,102400000.0,14938497.0,14642997.0,1992024.9,1911271.1,451107.9,518249.7,102476.4,0.0,27.3,26.4,49,23.2,34.7,1723,11004,11846,15606,18792,18650,18628,11504,54809,3236
1782708356,1AC,102400000.0,102400000.0,14938287.0,14621445.0,1988785.1,1913935.5,451709.6,518066.4,102468.5,0.0,27.3,26.4,41,23.2,34.7,1723,11004,11845,15607,18796,18653,18630,11505,54812,3239
1782708657,1AC,102400000.0,102400000.0,14993083.0,14627704.0,1992700.4,1913560.6,451863.2,518988.2,102460.1,0.0,27.2,26.5,28,23.2,34.8,1723,11001,11843,15604,18794,18650,18628,11504,54806,3236
1782708955,1AC,102400000.0,102400000.0,14896005.0,14648259.0,1995354.5,1913185.1,451603.8,518379.9,102452.4,0.0,27.2,26.5,32,23.2,34.7,1723,11001,11842,15603,18792,18649,18629,11505,54813,3236
1782709256,1AC,102400000.0,102400000.0,14979041.0,14627527.0,1989153.6,1907359.1,451429.8,517970.8,102444.8,0.0,27.2,26.4,38,23.1,34.7,1723,11004,11845,15606,18793,18650,18626,11502,54802,3235
1782709557,1AC,102400000.0,102400000.0,14967627.0,14650532.0,1991143.4,1911604.9,451442.3,518701.5,102437.3,0.0,27.2,26.5,59,23.1,34.7,1722,11002,11842,15602,18794,18648,18626,11503,54802,3238
1782709855,1AC,102400000.0,102400000.0,14980535.0,14599323.0,1992817.9,1914924.9,451689.9,517262.0,102429.6,0.0,27.2,26.5,34,23.1,34.7,1723,11003,11843,15606,18794,18652,18630,11506,54809,3236
1782710156,1AC,102400000.0,102400000.0,14940056.0,14642659.0,1993023.0,1911703.6,451448.2,518180.2,102422.8,0.0,27.2,26.5,29,23.1,34.7,1723,11005,11846,15610,18796,18654,18632,11506,54817,3238
1782710457,1AC,102400000.0,102400000.0,14967920.0,14656103.0,1995476.6,1911841.9,451469.2,518726.1,102416.0,0.0,27.2,26.5,48,23.1,34.8,1723,11005,11845,15608,18800,18659,18635,11508,54830,3239
1782710755,1AC,102400000.0,102400000.0,14979337.0,14634219.0,1987637.5,1912739.6,451731.8,519108.6,102408.9,0.0,27.2,26.5,75,23.1,34.8,1723,11004,11845,15606,18795,18653,18631,11506,54812,3239
1782711056,1AC,102400000.0,102400000.0,14983665.0,14632991.0,1988878.1,1912843.6,452311.9,518968.6,102401.5,0.0,27.2,26.5,56,23.1,34.8,1721,10998,11838,15601,18787,18645,18621,11500,54796,3236
1782711354,1AC,102400000.0,102400000.0,14982409.0,14648672.0,1990220.0,1912595.4,451796.3,518214.0,102394.0,0.0,27.2,26.5,61,23.1,34.8,1722,10999,11840,15602,18792,18648,18628,11503,54811,3237
1782711656,1AC,102400000.0,102400000.0,14980732.0,14642075.0,1992628.5,1915324.6,451935.4,517698.7,102387.4,0.0,27.2,26.5,55,23.1,34.8,1722,11002,11844,15604,18794,18648,18628,11504,54810,3236
1782711957,1AC,102400000.0,102400000.0,14899880.0,14665188.0,1993947.4,1910925.6,452184.9,518198.5,102381.4,0.0,27.2,26.5,57,23.1,34.8,1722,11002,11842,15605,18792,18650,18627,11502,54807,3236
1782712556,1AC,102400000.0,102400000.0,16249013.0,16002184.0,2178014.8,2129353.2,516698.0,621416.8,105871.1,0.0,26.9,15.2,90,22.9,22.8,1723,11007,11847,15617,18805,18660,18639,11510,54849,3237
1782712857,1AC,102400000.0,102400000.0,20124682.0,19793094.0,2593880.5,2519343.0,560980.6,647296.2,105943.4,0.0,27.0,17.6,78,22.9,24.7,1722,11004,11842,15609,18801,18657,18634,11507,54837,3239
1782713155,1AC,102400000.0,102400000.0,20875286.0,20550338.0,2672467.2,2582761.8,572111.6,651672.2,105966.0,0.0,27.0,18.8,96,23.0,25.8,1724,11006,11846,15615,18803,18658,18636,11510,54848,3238
1782713456,1AC,102400000.0,102400000.0,21004826.0,20560082.0,2684638.2,2591157.0,570950.2,651441.8,105969.2,0.0,27.0,19.5,95,23.0,26.6,1723,11004,11843,15611,18803,18656,18634,11508,54835,3237
1782713757,1AC,102400000.0,102400000.0,20806440.0,20440682.0,2676350.8,2582726.8,569822.1,647784.8,105962.3,0.0,27.0,20.1,102,23.0,27.1,1722,11006,11845,15612,18804,18657,18635,11508,54829,3237
1782714054,1AC,102400000.0,102400000.0,20774894.0,20333582.0,2649666.2,2560760.8,566509.4,644372.8,105950.2,0.0,27.1,20.5,85,23.0,27.6,1722,11004,11844,15611,18805,18660,18636,11509,54841,3239
1782714355,1AC,102400000.0,102400000.0,20474462.0,20176376.0,2636776.8,2543399.8,563644.1,641348.4,105934.5,0.0,27.1,20.8,94,23.0,27.9,1722,11005,11845,15611,18807,18661,18637,11510,54839,3240
1782714657,1AC,102400000.0,102400000.0,20443466.0,19992578.0,2613160.2,2525938.8,560647.7,637350.3,105916.2,0.0,27.1,21.1,87,23.0,28.2,1723,11005,11847,15613,18804,18654,18633,11507,54828,3237
1782714954,1AC,102400000.0,102400000.0,20233166.0,19905282.0,2597299.2,2510274.0,558038.9,634286.8,105896.8,0.0,27.0,21.3,100,23.0,28.4,1722,11003,11843,15607,18794,18650,18627,11503,54813,3239
1782715256,1AC,102400000.0,102400000.0,20077462.0,19707470.0,2578885.8,2498349.8,555181.5,631637.8,105876.4,0.0,27.0,21.4,90,23.0,28.6,1723,11003,11843,15610,18798,18654,18632,11505,54824,3237
1782715557,1AC,102400000.0,102400000.0,19937520.0,19600282.0,2568099.2,2480733.0,552696.7,630183.7,105855.8,0.0,27.0,21.6,109,23.0,28.8,1722,11004,11843,15610,18803,18661,18637,11508,54835,3238
1782715854,1AC,102400000.0,102400000.0,19850178.0,19476474.0,2554951.8,2470482.2,551633.5,627321.9,105834.8,0.0,27.0,21.7,84,23.0,29.0,1723,11008,11847,15614,18806,18664,18638,11511,54842,3238
1782716155,1AC,102400000.0,102400000.0,19744896.0,19377512.0,2546403.0,2460800.2,549318.4,627105.2,105812.9,0.0,27.0,21.8,90,23.0,29.1,1723,11005,11844,15612,18805,18658,18637,11508,54833,3237
1782716456,1AC,102400000.0,102400000.0,19631226.0,19312194.0,2535523.0,2446224.0,547212.6,624286.0,105790.3,0.0,27.1,21.9,82,23.0,29.2,1723,11005,11845,15613,18806,18659,18641,11510,54845,3238
1782716757,1AC,102400000.0,102400000.0,19661592.0,19241778.0,2527104.0,2437833.0,545579.1,621590.8,105767.8,0.0,27.0,22.1,93,23.0,29.3,1722,11002,11842,15610,18798,18653,18632,11505,54818,3237
1782717054,1AC,102400000.0,102400000.0,19505824.0,19177656.0,2517801.8,2435477.8,544161.3,620247.8,105744.9,0.0,27.0,22.2,103,23.0,29.4,1722,11001,11842,15608,18801,18654,18634,11505,54818,3237
1782717355,1AC,102400000.0,102400000.0,19502478.0,19080262.0,2508007.8,2416225.8,542986.0,617683.9,105722.5,0.0,27.0,22.2,69,23.0,29.5,1723,11004,11844,15614,18805,18658,18638,11508,54839,3241
1782717657,1AC,102400000.0,102400000.0,19352640.0,19040992.0,2500216.2,2413895.8,541778.7,616848.8,105699.6,0.0,27.0,22.3,67,23.0,29.6,1722,11003,11841,15609,18794,18651,18629,11504,54807,3236
1782717954,1AC,102400000.0,102400000.0,19334362.0,18973690.0,2491352.8,2404568.0,540137.2,616151.7,105676.7,0.0,27.0,22.4,75,23.0,29.7,1722,11004,11843,15609,18801,18657,18636,11508,54828,3237
1782718255,1AC,102400000.0,102400000.0,19209192.0,18869582.0,2487005.0,2402601.0,539008.7,615646.4,105654.2,0.0,27.0,22.4,93,22.9,29.8,1723,11005,11844,15612,18804,18660,18639,11510,54845,3238
1782718556,1AC,102400000.0,102400000.0,19251312.0,18818568.0,2477325.2,2398910.0,537794.8,614338.1,105631.5,0.0,27.0,22.5,89,23.0,29.9,1722,11005,11845,15614,18804,18663,18641,11511,54841,3238
1782718857,1AC,102400000.0,102400000.0,19151318.0,18794630.0,2476772.0,2384516.2,536379.3,611567.4,105608.1,0.0,27.0,22.6,97,22.9,29.9,1722,11004,11843,15610,18798,18655,18634,11505,54830,3237
1782719155,1AC,102400000.0,102400000.0,19077720.0,18686806.0,2469884.2,2381303.0,535367.8,612074.9,105585.3,0.0,27.0,22.6,104,22.9,30.0,1722,11001,11843,15607,18800,18657,18635,11507,54831,3237
1782719455,1AC,102400000.0,102400000.0,19028560.0,18695608.0,2464956.0,2373486.2,534674.3,610527.2,105562.9,0.0,27.0,22.7,100,22.9,30.1,1723,11006,11846,15616,18802,18660,18637,11509,54837,3241
1782719757,1AC,102400000.0,102400000.0,19013002.0,18621214.0,2458186.0,2367244.8,532792.2,609244.9,105540.1,0.0,27.0,22.7,95,22.9,30.1,1722,11003,11843,15609,18799,18653,18633,11505,54820,3237
1782720054,1AC,102400000.0,102400000.0,18970466.0,18606006.0,2452059.5,2366678.8,533067.3,607949.0,105518.4,0.0,27.0,22.8,96,22.9,30.2,1723,11004,11843,15611,18797,18653,18634,11507,54826,3237
1782720355,1AC,102400000.0,102400000.0,18946776.0,18539874.0,2447098.8,2361388.2,532811.7,607573.8,105497.1,0.0,27.0,22.8,99,22.9,30.3,1722,11005,11843,15610,18797,18652,18631,11504,54820,3237
1782720656,1AC,102400000.0,102400000.0,18910570.0,18502038.0,2441777.8,2358409.8,531341.8,605669.3,105476.4,0.0,27.0,22.9,104,22.9,30.3,1722,11000,11838,15607,18799,18651,18632,11504,54823,3237
1782720957,1AC,102400000.0,102400000.0,18868144.0,18462520.0,2438817.8,2351827.0,530810.2,604845.6,105455.5,0.0,27.0,22.9,78,22.9,30.3,1722,10998,11838,15605,18795,18650,18631,11505,54818,3237
1782721255,1AC,102400000.0,102400000.0,18796078.0,18438098.0,2431155.0,2346704.0,529122.3,604881.2,105433.4,0.0,27.0,23.0,98,23.0,30.4,1722,11003,11843,15609,18799,18653,18634,11508,54822,3238
1782721556,1AC,102400000.0,102400000.0,18789882.0,18368010.0,2423605.2,2338992.2,528390.9,603092.1,105410.9,0.0,27.0,23.0,89,22.9,30.4,1723,11007,11845,15615,18806,18661,18641,11511,54839,3238
1782721857,1AC,102400000.0,102400000.0,18654302.0,18379694.0,2422164.0,2341261.0,527305.4,603022.9,105388.7,0.0,27.0,23.1,98,23.0,30.5,1722,11003,11842,15611,18801,18654,18632,11506,54817,3237
1782722154,1AC,102400000.0,102400000.0,18640008.0,18326622.0,2417229.0,2331126.8,527330.2,600985.2,105367.6,0.0,27.0,23.1,77,23.0,30.5,1722,11003,11843,15611,18804,18660,18635,11509,54829,3238
1782722455,1AC,102400000.0,102400000.0,18617746.0,18250272.0,2408797.0,2325747.8,525474.8,600717.2,105346.0,0.0,27.0,23.2,95,22.9,30.6,1722,11004,11842,15610,18798,18654,18630,11506,54822,3237
1782722756,1AC,102400000.0,102400000.0,18531632.0,18200574.0,2412135.5,2319236.2,525168.9,600076.6,105324.4,0.0,27.0,23.2,94,22.9,30.6,1722,11000,11840,15608,18800,18657,18635,11508,54827,3240
1782723057,1AC,102400000.0,102400000.0,18575694.0,18224322.0,2402907.2,2327090.8,525183.2,600367.2,105303.1,0.0,27.0,23.2,60,22.9,30.7,1723,11007,11845,15614,18804,18660,18638,11511,54832,3239
1782723354,1AC,102400000.0,102400000.0,18501520.0,18158480.0,2402445.2,2318789.8,524330.8,598233.1,105282.2,0.0,27.0,23.3,74,23.0,30.7,1723,11008,11845,15615,18804,18664,18640,11510,54840,3240
1782723655,1AC,102400000.0,102400000.0,18469712.0,18115014.0,2402549.0,2315595.2,523620.0,598662.3,105260.7,0.0,27.0,23.3,90,22.9,30.7,1723,11009,11848,15618,18799,18658,18633,11508,54828,3238
1782723956,1AC,102400000.0,102400000.0,18453398.0,18096326.0,2395555.0,2309069.8,522884.6,596889.4,105238.8,0.0,27.0,23.3,84,23.0,30.8,1722,11005,11842,15611,18801,18658,18635,11506,54827,3238
1782724257,1AC,102400000.0,102400000.0,18449024.0,18125408.0,2389917.2,2311252.8,522021.2,596553.2,105217.7,0.0,27.0,23.4,93,23.0,30.8,1723,11006,11845,15616,18802,18660,18636,11510,54836,3238
1782724555,1AC,102400000.0,102400000.0,18411754.0,18043800.0,2389355.0,2306760.0,521742.2,595905.7,105196.0,0.0,27.0,23.4,78,22.9,30.9,1722,10999,11839,15608,18792,18647,18628,11505,54813,3237
1782724855,1AC,102400000.0,102400000.0,18386162.0,18047344.0,2388901.0,2300980.8,521324.9,594889.8,105174.5,0.0,27.0,23.4,91,22.9,30.9,1723,11000,11840,15608,18799,18650,18633,11506,54818,3238
1782725156,1AC,102400000.0,102400000.0,18344186.0,18053816.0,2379001.2,2295589.0,521111.2,594274.9,105153.2,0.0,27.0,23.4,87,22.9,31.0,1722,11005,11844,15610,18805,18660,18637,11509,54835,3237
1782725457,1AC,102400000.0,102400000.0,18351206.0,17965502.0,2380242.8,2295868.2,519494.0,594394.8,105132.8,0.0,27.0,23.5,81,22.9,31.0,1722,11004,11844,15612,18802,18656,18634,11509,54833,3237
1782725755,1AC,102400000.0,102400000.0,18335048.0,17907306.0,2373978.0,2292853.0,519653.4,593908.8,105112.1,0.0,27.0,23.5,83,22.9,31.0,1723,11003,11842,15613,18797,18649,18631,11503,54815,3236
1782726056,1AC,102400000.0,102400000.0,18308518.0,17862634.0,2372628.8,2287409.8,519253.4,593143.0,105091.3,0.0,27.0,23.5,87,22.9,31.1,1722,11002,11841,15610,18799,18651,18630,11504,54815,3237
1782726356,1AC,102400000.0,102400000.0,18224598.0,17944790.0,2365355.8,2287418.5,518529.0,592890.2,105070.5,0.0,27.0,23.6,80,22.9,31.0,1723,11003,11842,15612,18802,18657,18636,11509,54830,3239
1782726657,1AC,102400000.0,102400000.0,18209488.0,17827026.0,2367415.8,2277012.0,517039.3,591206.4,105050.1,0.0,27.0,23.6,74,22.9,31.1,1723,11007,11845,15614,18803,18660,18638,11508,54832,3237
1782726955,1AC,102400000.0,102400000.0,18178496.0,17873594.0,2362255.5,2279155.8,516973.6,591057.3,105029.5,0.0,27.0,23.6,103,22.9,31.1,1722,11003,11841,15609,18802,18657,18634,11508,54825,3238
1782727256,1AC,102400000.0,102400000.0,18155558.0,17777928.0,2360593.2,2277972.8,517890.0,591997.2,105009.5,0.0,27.0,23.6,95,22.9,31.2,1722,11000,11840,15607,18795,18650,18628,11504,54809,3238
1782727557,1AC,102400000.0,102400000.0,18078882.0,17770112.0,2359207.0,2275618.8,516182.6,589771.0,104989.3,0.0,27.0,23.6,87,22.9,31.2,1722,11001,11839,15607,18801,18655,18634,11507,54829,3237
1782727854,1AC,102400000.0,102400000.0,18183814.0,17755494.0,2360204.8,2272481.8,516100.2,590032.5,104969.9,0.0,27.0,23.7,85,22.9,31.2,1722,11000,11839,15606,18802,18656,18634,11508,54823,3240
1782728155,1AC,102400000.0,102400000.0,18050880.0,17721848.0,2349210.2,2271781.0,516631.4,590198.1,104949.8,0.0,27.0,23.7,51,22.9,31.3,1722,11004,11841,15610,18805,18659,18638,11509,54831,3238
1782728456,1AC,102400000.0,102400000.0,18052044.0,17703282.0,2351599.8,2270627.2,515875.1,588573.6,104929.7,0.0,27.0,23.7,88,22.9,31.3,1722,11002,11842,15611,18803,18655,18637,11507,54827,3238
1782728757,1AC,102400000.0,102400000.0,18050390.0,17726150.0,2351333.8,2270450.0,515476.6,588342.5,104910.1,0.0,27.0,23.7,100,22.9,31.3,1722,10998,11837,15605,18798,18653,18633,11506,54822,3237
1782729054,1AC,102400000.0,102400000.0,18031562.0,17651514.0,2343684.2,2263231.8,514617.2,588354.8,104890.0,0.0,27.0,23.8,67,22.9,31.4,1723,11005,11842,15610,18802,18656,18635,11506,54826,3237
1782729355,1AC,102400000.0,102400000.0,17986912.0,17685428.0,2344551.8,2259726.0,514085.0,587444.9,104870.4,0.0,27.0,23.8,86,22.9,31.4,1722,11000,11839,15608,18799,18653,18630,11505,54815,3238
1782729656,1AC,102400000.0,102400000.0,18029038.0,17610342.0,2343254.0,2261154.8,513226.4,585934.8,104850.3,0.0,27.0,23.8,88,22.9,31.4,1722,11003,11840,15609,18799,18652,18631,11506,54823,3237
1782729957,1AC,102400000.0,102400000.0,17960360.0,17592146.0,2338975.5,2258090.8,513111.4,586482.0,104830.8,0.0,27.0,23.8,93,22.9,31.4,1723,11004,11841,15612,18799,18653,18635,11507,54829,3237
1782730257,1AC,102400000.0,102400000.0,17968998.0,17652578.0,2336194.0,2250921.8,512036.1,585849.3,104811.6,0.0,27.0,23.9,74,22.9,31.5,1722,11000,11839,15608,18798,18650,18628,11503,54805,3237
1782730555,1AC,102400000.0,102400000.0,17892734.0,17532210.0,2330373.2,2251443.8,512578.8,585573.5,104793.4,0.0,27.0,23.9,79,22.9,31.5,1722,11003,11843,15612,18800,18655,18634,11506,54825,3238
1782730856,1AC,102400000.0,102400000.0,18007218.0,17610856.0,2330596.0,2246814.8,511708.2,585417.7,104773.9,0.0,27.0,23.9,47,22.9,31.5,1723,11005,11845,15614,18802,18657,18638,11509,54840,3238
1782731156,1AC,102400000.0,102400000.0,17848726.0,17508974.0,2326574.2,2250343.8,511319.2,585017.7,104754.8,0.0,27.0,23.9,85,22.9,31.5,1722,11002,11840,15610,18799,18654,18635,11507,54824,3238
1782731454,1AC,102400000.0,102400000.0,17908026.0,17504668.0,2328138.2,2241202.8,511413.7,583837.7,104735.7,0.0,27.0,24.0,85,22.9,31.6,1723,11000,11839,15609,18798,18652,18633,11504,54817,3239
1782731755,1AC,102400000.0,102400000.0,17865398.0,17539642.0,2327978.2,2249610.8,510648.2,584283.1,104717.1,0.0,27.0,24.0,89,22.9,31.6,1722,11004,11843,15613,18803,18655,18636,11509,54829,3241
1782732056,1AC,102400000.0,102400000.0,17845426.0,17521010.0,2322743.2,2235474.2,509949.0,583160.7,104698.0,0.0,27.0,24.0,65,22.9,31.6,1723,11006,11845,15614,18807,18660,18640,11509,54843,3239
1782732357,1AC,102400000.0,102400000.0,17817170.0,17426048.0,2320391.8,2237150.0,510020.5,582627.3,104679.5,0.0,27.0,24.0,72,22.9,31.6,1722,11003,11841,15608,18798,18652,18632,11505,54821,3238
1782732655,1AC,102400000.0,102400000.0,17821818.0,17527854.0,2323031.8,2234686.2,509422.2,582012.0,104661.1,0.0,27.0,24.0,77,22.9,31.6,1722,10997,11837,15604,18797,18651,18630,11504,54813,3237
1782732955,1AC,102400000.0,102400000.0,17777418.0,17470418.0,2318364.0,2237630.8,509395.1,583444.0,104643.4,0.0,27.0,24.0,85,22.9,31.7,1722,11001,11839,15607,18799,18653,18634,11505,54819,3238
1782733256,1AC,102400000.0,102400000.0,17837014.0,17332408.0,2315713.0,2238080.2,508187.8,580814.9,104625.8,0.0,27.0,24.1,76,22.9,31.7,1722,11002,11840,15609,18797,18655,18632,11506,54821,3238
1782733557,1AC,102400000.0,102400000.0,17750414.0,17356368.0,2316008.8,2226642.2,508136.0,581205.6,104608.0,0.0,27.0,24.1,68,22.9,31.7,1722,11000,11841,15609,18799,18654,18632,11506,54821,3237
1782733855,1AC,102400000.0,102400000.0,17676654.0,17365050.0,2313431.8,2229234.0,508344.6,580677.4,104590.8,0.0,27.0,24.1,78,22.9,31.8,1722,11005,11842,15614,18805,18660,18639,11510,54836,3239
1782734156,1AC,102400000.0,102400000.0,17750462.0,17380694.0,2309650.2,2223474.2,507884.5,580220.2,104573.5,0.0,27.0,24.1,52,22.9,31.8,1722,11003,11841,15611,18804,18662,18637,11509,54838,3238
1782734456,1AC,102400000.0,102400000.0,17702304.0,17364880.0,2305580.2,2223665.8,507218.1,579813.8,104557.0,0.0,27.0,24.1,73,22.9,31.8,1722,11005,11843,15614,18804,18661,18638,11509,54836,3240
1782734757,1AC,102400000.0,102400000.0,17679112.0,17288022.0,2306778.0,2218145.5,506777.1,579621.0,104540.9,0.0,27.0,24.1,74,22.9,31.8,1723,11004,11844,15615,18806,18657,18636,11508,54838,3238
1782735055,1AC,102400000.0,102400000.0,17665832.0,17285038.0,2298854.0,2219584.8,506707.1,578914.1,104524.6,0.0,27.0,24.2,68,22.9,31.8,1722,11001,11839,15607,18796,18650,18629,11503,54810,3237
1782735356,1AC,102400000.0,102400000.0,17615370.0,17262546.0,2301421.0,2217952.8,506173.9,578327.9,104507.6,0.0,27.0,24.2,69,22.9,31.8,1722,11000,11838,15606,18801,18656,18633,11506,54823,3237
1782735657,1AC,102400000.0,102400000.0,17642582.0,17268550.0,2297360.0,2221258.0,505930.5,578098.4,104491.2,0.0,27.0,24.2,50,22.9,31.8,1723,11002,11841,15610,18801,18657,18637,11507,54835,3237
1782735957,1AC,102400000.0,102400000.0,17590482.0,17282498.0,2298486.2,2218564.2,505843.0,577698.0,104474.8,0.0,27.0,24.2,48,22.9,31.9,1723,11004,11843,15611,18795,18654,18634,11505,54819,3237
1782736255,1AC,102400000.0,102400000.0,17589654.0,17200514.0,2288955.8,2214364.2,504607.7,577611.3,104458.4,0.0,27.0,24.2,84,22.9,31.9,1723,11004,11843,15612,18806,18662,18641,11510,54838,3238
1782736556,1AC,102400000.0,102400000.0,17547828.0,17197680.0,2291641.8,2210184.8,505053.9,577328.3,104442.1,0.0,27.0,24.2,77,22.9,31.9,1722,11003,11841,15611,18803,18658,18635,11508,54831,3238
1782736856,1AC,102400000.0,102400000.0,17536406.0,17156666.0,2285458.0,2207670.0,503864.7,576630.4,104426.2,0.0,27.0,24.3,58,22.9,32.0,1722,11003,11840,15611,18800,18659,18635,11508,54830,3238
1782737157,1AC,102400000.0,102400000.0,17564934.0,17176304.0,2288575.8,2209301.0,503702.6,576168.8,104409.6,0.0,27.0,24.3,83,22.9,32.0,1722,11002,11840,15610,18804,18659,18637,11510,54836,3239
1782737454,1AC,102400000.0,102400000.0,17546806.0,17162862.0,2283174.2,2203307.8,503132.1,575864.7,104392.3,0.0,27.0,24.3,71,22.9,32.0,1723,11009,11849,15620,18808,18663,18640,11512,54841,3241
1782737755,1AC,102400000.0,102400000.0,17507862.0,17157390.0,2285675.8,2206327.0,503119.1,575186.9,104375.6,0.0,27.0,24.3,60,22.9,32.0,1723,11003,11842,15612,18797,18653,18631,11505,54811,3239
1782738057,1AC,102400000.0,102400000.0,17456654.0,17182074.0,2284111.0,2199336.0,502541.2,574199.4,104359.0,0.0,27.0,24.4,61,22.9,32.0,1722,11000,11839,15606,18792,18648,18626,11503,54800,3236
1782738354,1AC,102400000.0,102400000.0,17457830.0,17136710.0,2280198.0,2192418.8,503213.8,574772.7,104342.1,0.0,27.0,24.4,65,22.9,32.0,1722,11000,11839,15607,18796,18653,18634,11506,54819,3239
1782738655,1AC,102400000.0,102400000.0,17416010.0,17094978.0,2285802.2,2196964.0,502521.5,574956.3,104325.4,0.0,27.0,24.4,84,22.9,32.0,1722,11003,11844,15611,18800,18656,18635,11507,54826,3238
1782738956,1AC,102400000.0,102400000.0,17462958.0,17108256.0,2279198.8,2195529.0,501799.0,573802.4,104310.1,0.0,27.0,24.4,89,22.9,32.1,1723,11006,11844,15614,18804,18659,18639,11509,54827,3238
1782739257,1AC,102400000.0,102400000.0,17423058.0,17029190.0,2267873.0,2196667.2,502558.5,573581.4,104294.3,0.0,27.0,24.4,73,22.9,32.1,1723,11006,11845,15616,18808,18661,18640,11511,54838,3239
1782739554,1AC,102400000.0,102400000.0,17374506.0,17122506.0,2270982.8,2191031.0,500824.5,573230.8,104278.8,0.0,27.0,24.4,80,22.9,32.1,1722,11004,11842,15612,18801,18657,18634,11508,54822,3238
1782739855,1AC,102400000.0,102400000.0,17400366.0,16992774.0,2273717.8,2191285.0,501828.9,573433.7,104262.8,0.0,27.0,24.4,74,22.9,32.1,1722,11000,11839,15607,18794,18651,18631,11505,54814,3239
1782740156,1AC,102400000.0,102400000.0,17402706.0,17009906.0,2265124.8,2187581.0,500865.5,572700.3,104247.8,0.0,27.0,24.4,67,22.9,32.2,1723,11004,11843,15612,18799,18653,18631,11505,54815,3238
1782740457,1AC,102400000.0,102400000.0,17396486.0,17001894.0,2272118.8,2187960.2,500578.1,572420.9,104232.6,0.0,27.0,24.5,53,22.9,32.2,1723,11006,11845,15616,18809,18662,18641,11512,54846,3239
1782740754,1AC,102400000.0,102400000.0,17378374.0,17045174.0,2264115.2,2183208.2,500318.8,572212.7,104217.5,0.0,27.0,24.5,86,22.9,32.2,1722,11002,11842,15613,18806,18659,18638,11509,54840,3238
1782741055,1AC,102400000.0,102400000.0,17338522.0,16962702.0,2272079.2,2189307.8,499998.8,571967.9,104202.6,0.0,27.0,24.5,57,22.9,32.2,1723,11006,11845,15614,18800,18657,18635,11509,54827,3240
1782741356,1AC,102400000.0,102400000.0,17333056.0,17003034.0,2263546.0,2177962.0,499798.8,570792.1,104188.2,0.0,27.0,24.5,75,22.9,32.2,1723,11005,11842,15611,18799,18654,18635,11507,54828,3238
1782741657,1AC,102400000.0,102400000.0,17292752.0,16969360.0,2258864.2,2179964.2,499369.0,570535.8,104173.9,0.0,27.0,24.5,55,22.9,32.2,1722,11002,11841,15610,18804,18661,18641,11510,54837,3238
1782741954,1AC,102400000.0,102400000.0,17352694.0,16991488.0,2263326.8,2175155.8,499094.8,570266.2,104160.4,0.0,27.0,24.5,54,22.9,32.2,1723,11005,11843,15613,18804,18660,18637,11509,54833,3238
1782742255,1AC,102400000.0,102400000.0,17290526.0,16925022.0,2256990.8,2177419.0,498511.5,569780.1,104145.3,0.0,27.0,24.5,76,22.9,32.3,1722,11002,11840,15609,18797,18654,18631,11505,54818,3238
1782742556,1AC,102400000.0,102400000.0,17238054.0,16959496.0,2257025.2,2175215.0,499269.2,569498.4,104129.9,0.0,27.0,24.5,62,22.9,32.3,1723,11005,11843,15613,18802,18657,18636,11509,54831,3241
1782742854,1AC,102400000.0,102400000.0,17234022.0,16886542.0,2252855.5,2173740.0,497851.5,569313.8,104114.5,0.0,27.0,24.6,61,22.9,32.3,1722,11003,11841,15610,18804,18661,18637,11509,54832,3238
1782743155,1AC,102400000.0,102400000.0,17202498.0,16842550.0,2254294.2,2173301.8,498204.8,569270.9,104099.5,0.0,27.0,24.6,95,22.9,32.4,1722,11002,11842,15609,18798,18656,18631,11504,54821,3237
1782743456,1AC,102400000.0,102400000.0,17196638.0,16850880.0,2256022.2,2173987.5,497142.3,568847.4,104085.3,0.0,27.0,24.6,64,22.9,32.3,1723,11001,11842,15609,18805,18660,18637,11509,54838,3239
1782743754,1AC,102400000.0,102400000.0,17236826.0,16859814.0,2253461.2,2168860.0,497507.5,569518.3,104070.7,0.0,27.0,24.6,102,22.9,32.4,1722,11006,11843,15611,18803,18660,18636,11509,54835,3238
1782744055,1AC,102400000.0,102400000.0,17215978.0,16859278.0,2249548.2,2173340.0,497296.1,568939.2,104056.5,0.0,27.0,24.6,53,22.9,32.4,1722,11002,11841,15611,18795,18652,18631,11503,54817,3237
1782744356,1AC,102400000.0,102400000.0,17181392.0,16860032.0,2241887.8,2164989.2,496589.4,567869.2,104042.1,0.0,27.0,24.7,60,22.9,32.4,1722,11000,11840,15607,18797,18653,18630,11504,54815,3238
1782744657,1AC,102400000.0,102400000.0,17157302.0,16844178.0,2246613.2,2167956.2,496827.7,567600.2,104028.3,0.0,27.0,24.7,66,22.9,32.4,1722,11003,11839,15612,18798,18654,18630,11504,54816,3237
1782744954,1AC,102400000.0,102400000.0,17165378.0,16785670.0,2243672.0,2164499.0,496704.2,567844.2,104014.7,0.0,27.0,24.7,88,22.9,32.4,1723,11009,11847,15619,18813,18666,18642,11511,54848,3239
1782745255,1AC,102400000.0,102400000.0,17179934.0,16825010.0,2241006.2,2167871.8,495747.7,566608.7,104001.2,0.0,27.0,24.7,55,22.9,32.5,1723,11004,11841,15609,18800,18657,18635,11507,54824,3239
1782745556,1AC,102400000.0,102400000.0,17150610.0,16792338.0,2243317.2,2159616.0,496011.5,566513.7,103987.2,0.0,27.0,24.7,72,22.9,32.5,1722,11000,11840,15606,18799,18655,18631,11505,54814,3238
1782745857,1AC,102400000.0,102400000.0,17128962.0,16791974.0,2236546.8,2159541.2,495033.1,565700.8,103973.5,0.0,27.0,24.7,78,22.9,32.5,1722,11005,11842,15612,18798,18653,18632,11508,54824,3238
1782746154,1AC,102400000.0,102400000.0,17115250.0,16797538.0,2236824.8,2156334.2,495052.4,566028.8,103959.5,0.0,27.0,24.7,91,22.9,32.5,1722,11005,11842,15610,18798,18651,18633,11507,54815,3237
1782746455,1AC,102400000.0,102400000.0,17083698.0,16768104.0,2239870.2,2159515.0,494910.0,566128.0,103946.4,0.0,27.0,24.7,92,22.9,32.5,1723,11004,11843,15612,18802,18658,18636,11508,54833,3239
1782746756,1AC,102400000.0,102400000.0,17050622.0,16723445.0,2231266.2,2154037.0,493705.8,566261.4,103932.8,0.0,27.0,24.7,64,22.9,32.5,1722,11003,11841,15609,18799,18658,18632,11507,54820,3237
1782747057,1AC,102400000.0,102400000.0,17092120.0,16728520.0,2233227.2,2152851.2,494570.8,564938.2,103919.4,0.0,27.0,24.8,58,22.9,32.5,1722,11002,11841,15609,18800,18656,18633,11506,54821,3237
1782747355,1AC,102400000.0,102400000.0,17098430.0,16725516.0,2235871.8,2155913.0,494155.3,564985.2,103906.5,0.0,27.0,24.7,74,22.9,32.5,1723,11004,11841,15611,18798,18653,18631,11506,54814,3236
1782747656,1AC,102400000.0,102400000.0,17049446.0,16732913.0,2234010.0,2149211.2,494755.1,564421.0,103893.2,0.0,27.0,24.8,59,22.9,32.6,1723,11006,11843,15612,18808,18663,18641,11511,54843,3238
1782747957,1AC,102400000.0,102400000.0,17019518.0,16665339.0,2233113.0,2151540.2,493765.0,564489.7,103880.5,0.0,27.0,24.8,72,22.9,32.6,1723,11008,11846,15614,18806,18665,18641,11511,54840,3239
1782748254,1AC,102400000.0,102400000.0,16964488.0,16680353.0,2225331.8,2147508.8,493968.7,564156.6,103868.4,0.0,27.0,24.8,61,22.9,32.6,1723,11005,11841,15609,18805,18659,18636,11507,54833,3239
1782748555,1AC,102400000.0,102400000.0,16985326.0,16610625.0,2227553.0,2148234.2,492916.9,563426.8,103855.6,0.0,27.0,24.8,72,22.9,32.6,1723,11007,11843,15614,18803,18660,18636,11510,54828,3239
1782748856,1AC,102400000.0,102400000.0,17003626.0,16636209.0,2224088.8,2143503.0,493169.1,563867.1,103843.1,0.0,27.0,24.8,63,23.0,32.6,1723,11005,11843,15613,18806,18661,18639,11510,54835,3240
1782749154,1AC,102400000.0,102400000.0,16989392.0,16687972.0,2224034.2,2148600.2,492675.5,563778.4,103830.5,0.0,27.0,24.8,55,22.9,32.6,1723,11006,11845,15613,18798,18659,18635,11505,54822,3237
1782749455,1AC,102400000.0,102400000.0,16963610.0,16602976.0,2227300.0,2148169.0,492573.6,562991.2,103818.3,0.0,27.0,24.8,89,23.0,32.6,1722,11003,11840,15608,18795,18653,18629,11503,54806,3236
1782749756,1AC,102400000.0,102400000.0,16971062.0,16564696.0,2220200.5,2143268.8,492111.6,562649.1,103806.1,0.0,27.0,24.9,37,22.9,32.7,1722,11002,11841,15607,18796,18652,18630,11504,54809,3236
1782750057,1AC,102400000.0,102400000.0,16917254.0,16634007.0,2216253.0,2142689.2,492816.9,561895.4,103793.8,0.0,27.0,24.8,74,23.0,32.7,1722,10998,11838,15606,18791,18645,18624,11501,54797,3236
1782750355,1AC,102400000.0,102400000.0,16952550.0,16590661.0,2217010.8,2135179.2,491822.8,561818.2,103781.0,0.0,27.0,24.9,58,23.0,32.7,1722,11000,11839,15606,18799,18653,18633,11506,54824,3237
1782750656,1AC,102400000.0,102400000.0,16940718.0,16621163.0,2215704.2,2135883.8,491095.3,562605.6,103769.3,0.0,27.0,24.9,61,23.0,32.7,1722,11001,11841,15608,18800,18655,18632,11504,54815,3237
1782750957,1AC,102400000.0,102400000.0,16863476.0,16603781.0,2218440.8,2138102.5,490716.1,561341.4,103757.3,0.0,27.0,24.9,58,23.0,32.7,1722,11004,11842,15611,18797,18654,18631,11504,54812,3237
1782751254,1AC,102400000.0,102400000.0,16938830.0,16547809.0,2214465.8,2135745.2,490594.7,561247.8,103745.4,0.0,27.0,24.9,82,23.0,32.8,1722,11001,11841,15609,18794,18653,18629,11503,54805,3236
1782751555,1AC,102400000.0,102400000.0,16924290.0,16531360.0,2213969.0,2137624.2,491292.1,561638.5,103733.0,0.0,27.0,24.9,38,22.9,32.7,1722,11001,11841,15608,18795,18653,18631,11505,54816,3237
1782751856,1AC,102400000.0,102400000.0,16921518.0,16572819.0,2213182.8,2126815.8,489762.6,561274.8,103721.2,0.0,27.0,24.9,66,23.0,32.8,1723,11008,11847,15617,18808,18667,18644,11513,54856,3239
1782752157,1AC,102400000.0,102400000.0,16911514.0,16550505.0,2212401.8,2129290.8,490237.5,560538.9,103709.0,0.0,27.0,24.9,77,23.0,32.8,1722,11005,11843,15612,18803,18660,18636,11507,54823,3237
1782752454,1AC,102400000.0,102400000.0,16819628.0,16544700.0,2211462.2,2131486.8,490453.0,559776.6,103696.0,0.0,27.0,25.0,71,22.9,32.8,1722,11004,11841,15610,18796,18655,18633,11505,54817,3237
1782752755,1AC,102400000.0,102400000.0,16859598.0,16482528.0,2207222.2,2130326.0,489635.2,560295.5,103685.6,0.0,27.0,24.9,81,23.0,32.8,1722,11001,11842,15607,18799,18658,18633,11505,54822,3238
1782753056,1AC,102400000.0,102400000.0,16846338.0,16515367.0,2210948.8,2125377.8,489418.4,560234.6,103678.1,0.0,27.0,25.0,82,23.0,32.8,1723,11007,11846,15614,18805,18660,18639,11511,54833,3238
1782753357,1AC,102400000.0,102400000.0,16823976.0,16471992.0,2208321.0,2126509.0,488715.3,559383.6,103672.5,0.0,27.0,25.0,55,23.0,32.9,1723,11005,11842,15610,18802,18658,18637,11507,54821,3238
1782753654,1AC,102400000.0,102400000.0,16767392.0,16422300.0,2202896.5,2124826.2,488903.2,558819.9,103667.2,0.0,27.1,25.0,64,23.0,32.9,1723,11005,11842,15609,18798,18658,18633,11506,54825,3239
1782753955,1AC,102400000.0,102400000.0,16754928.0,16445133.0,2204641.0,2119727.0,488221.1,558341.2,103663.4,0.0,27.1,25.0,93,23.0,32.9,1722,11001,11841,15604,18793,18653,18630,11502,54806,3237
1782754256,1AC,102400000.0,102400000.0,16735213.0,16391936.0,2200079.8,2116005.8,487456.8,559027.9,103660.3,0.0,27.1,25.0,90,23.0,32.9,1723,11003,11843,15609,18799,18654,18631,11505,54813,3237
1782754557,1AC,102400000.0,102400000.0,16699149.0,16393271.0,2193356.0,2115311.8,486547.7,556433.8,103657.4,0.0,27.1,25.0,66,23.1,32.9,1722,11002,11842,15607,18796,18654,18632,11506,54820,3237
1782754854,1AC,102400000.0,102400000.0,16743385.0,16352531.0,2196036.8,2113575.8,486364.5,556815.3,103654.5,0.0,27.2,25.0,54,23.1,32.9,1723,11006,11845,15612,18797,18654,18631,11506,54817,3238
1782755155,1AC,102400000.0,102400000.0,16705099.0,16344396.0,2190486.2,2109811.2,486061.2,556311.4,103652.0,0.0,27.2,25.0,62,23.1,32.9,1723,11005,11845,15608,18802,18657,18636,11508,54839,3238
1782755456,1AC,102400000.0,102400000.0,16618261.0,16309145.0,2185510.8,2102293.0,485979.3,554916.2,103651.6,0.0,27.2,25.0,45,23.1,33.0,1723,11005,11846,15608,18794,18654,18631,11503,54815,3236
1782755757,1AC,102400000.0,102400000.0,16645599.0,16301301.0,2185434.8,2103807.2,484623.2,553879.2,103651.5,0.0,27.2,25.0,60,23.2,32.9,1722,11005,11844,15606,18795,18654,18631,11503,54813,3236
1782756055,1AC,102400000.0,102400000.0,16648769.0,16257879.0,2180595.8,2097331.0,483893.0,553705.8,103649.3,0.0,27.3,25.1,53,23.2,33.0,1723,11007,11846,15609,18795,18654,18632,11506,54814,3236
1782756356,1AC,102400000.0,102400000.0,16548259.0,16242060.0,2178308.0,2092212.5,483730.3,553624.8,103647.3,0.0,27.3,25.1,64,23.2,33.0,1723,11005,11847,15608,18796,18659,18633,11508,54826,3237
1782756656,1AC,102400000.0,102400000.0,16539148.0,16168000.0,2174290.0,2092326.5,482433.4,551996.1,103646.6,0.0,27.3,25.1,56,23.2,33.0,1723,11004,11845,15605,18796,18653,18631,11505,54820,3238
1782756957,1AC,102400000.0,102400000.0,16521473.0,16191837.0,2168522.8,2093874.0,481645.6,551603.2,103646.2,0.0,27.3,25.1,60,23.3,33.0,1723,11008,11849,15608,18798,18658,18634,11507,54826,3237
1782757255,1AC,102400000.0,102400000.0,16442952.0,16115381.0,2165604.0,2089877.0,481220.7,550807.2,103646.2,0.0,27.4,25.1,77,23.3,33.0,1723,11008,11849,15609,18799,18658,18636,11509,54838,3237
1782757555,1AC,102400000.0,102400000.0,16430675.0,16094553.0,2159203.8,2076993.9,480427.4,548629.3,103645.6,0.0,27.4,25.1,81,23.3,33.0,1723,11009,11850,15607,18795,18655,18632,11506,54816,3238
1782757856,1AC,102400000.0,102400000.0,16414355.0,16104079.0,2157469.2,2079008.1,479709.6,549454.1,103645.3,0.0,27.4,25.1,51,23.4,33.0,1723,11009,11851,15609,18795,18656,18633,11506,54824,3236
1782758157,1AC,102400000.0,102400000.0,16350999.0,16006489.0,2151020.2,2077185.1,478863.0,547665.2,103645.7,0.0,27.5,25.1,56,23.4,33.1,1723,11008,11852,15606,18794,18656,18631,11506,54817,3237
1782758454,1AC,102400000.0,102400000.0,16335835.0,16031495.0,2149215.0,2070206.6,477931.6,548159.0,103645.0,0.0,27.5,25.1,85,23.4,33.1,1724,11009,11851,15604,18793,18654,18629,11504,54817,3235
1782758755,1AC,102400000.0,102400000.0,16357353.0,15964725.0,2144716.8,2064285.0,476740.8,546658.3,103643.7,0.0,27.5,25.1,58,23.5,33.1,1724,11012,11855,15610,18797,18660,18637,11509,54834,3236
1782759056,1AC,102400000.0,102400000.0,16226373.0,15927787.0,2141712.8,2060565.1,476482.7,545738.8,103641.5,0.0,27.6,25.1,71,23.5,33.1,1724,11009,11854,15608,18799,18656,18634,11508,54833,3236
1782759357,1AC,102400000.0,102400000.0,16233831.0,15936945.0,2138469.2,2059282.5,476234.6,544667.8,103640.6,0.0,27.6,25.1,67,23.5,33.2,1724,11011,11856,15609,18797,18658,18634,11508,54833,3237
1782759654,1AC,102400000.0,102400000.0,16202393.0,15866648.0,2129043.5,2051903.5,475874.6,544363.7,103637.7,0.0,27.6,25.1,79,23.5,33.2,1724,11013,11857,15611,18799,18659,18636,11508,54836,3236
1782759955,1AC,102400000.0,102400000.0,16188280.0,15853705.0,2133185.8,2047749.4,474101.1,543303.6,103635.5,0.0,27.6,25.1,45,23.6,33.1,1724,11013,11860,15609,18800,18661,18635,11509,54842,3236
1782760255,1AC,102400000.0,102400000.0,16090841.0,15830755.0,2121543.2,2040132.0,474642.1,544814.3,103632.8,0.0,27.7,25.2,50,23.6,33.2,1724,11009,11854,15604,18794,18656,18632,11507,54835,3236
1782760556,1AC,102400000.0,102400000.0,16122265.0,15797747.0,2120957.0,2040038.5,473683.2,541233.6,103629.4,0.0,27.7,25.2,94,23.6,33.2,1724,11011,11856,15607,18794,18656,18634,11508,54830,3236
1782760857,1AC,102400000.0,102400000.0,16038736.0,15774121.0,2119962.8,2037302.6,472952.0,542411.4,103624.9,0.0,27.7,25.2,60,23.6,33.2,1724,11010,11857,15606,18796,18656,18632,11508,54829,3235
1782761157,1AC,102400000.0,102400000.0,16092244.0,15696728.0,2111086.5,2029948.1,471291.2,540390.6,103620.8,0.0,27.7,25.2,74,23.7,33.2,1724,11008,11855,15604,18788,18651,18627,11503,54813,3233
1782761455,1AC,102400000.0,102400000.0,16026440.0,15679432.0,2108411.2,2029557.0,471997.5,540002.4,103614.8,0.0,27.7,25.2,50,23.7,33.2,1725,11009,11857,15605,18791,18653,18628,11504,54817,3234
1782761756,1AC,102400000.0,102400000.0,15963361.0,15627644.0,2103566.8,2022590.4,471589.2,540511.2,103609.4,0.0,27.8,25.2,57,23.7,33.2,1724,11010,11856,15603,18793,18654,18629,11507,54823,3234
1782762056,1AC,102400000.0,102400000.0,15925871.0,15642852.0,2099176.0,2022163.0,469614.0,537802.3,103604.6,0.0,27.8,25.2,77,23.7,33.2,1725,11013,11859,15606,18795,18655,18634,11507,54836,3238
1782762357,1AC,102400000.0,102400000.0,15918728.0,15591541.0,2100879.8,2016285.6,470627.8,538730.2,103598.9,0.0,27.8,25.2,74,23.7,33.3,1725,11013,11859,15606,18796,18656,18633,11507,54832,3234
1782762655,1AC,102400000.0,102400000.0,15896645.0,15597175.0,2094229.6,2016614.9,470012.9,536973.4,103593.2,0.0,27.8,25.2,65,23.7,33.3,1724,11011,11858,15606,18787,18648,18627,11503,54810,3233
1782762956,1AC,102400000.0,102400000.0,15847417.0,15573584.0,2096017.0,2016573.5,468775.0,535926.4,103586.4,0.0,27.8,25.3,76,23.8,33.3,1725,11014,11864,15610,18800,18664,18639,11511,54852,3236
1782763256,1AC,102400000.0,102400000.0,15827749.0,15537097.0,2089851.9,2010135.5,468308.3,536383.8,103579.5,0.0,27.8,25.3,70,23.8,33.3,1725,11014,11861,15606,18797,18659,18632,11507,54838,3235
1782763557,1AC,102400000.0,102400000.0,15835161.0,15535599.0,2085721.5,2004479.6,468227.4,536915.8,103572.6,0.0,27.9,25.2,61,23.8,33.3,1725,11011,11860,15605,18792,18657,18631,11506,54832,3234
1782763854,1AC,102400000.0,102400000.0,15818412.0,15471808.0,2084241.5,2005437.4,466595.9,535263.8,103565.5,0.0,27.9,25.3,88,23.8,33.3,1724,11009,11858,15601,18791,18650,18630,11505,54826,3236
1782764155,1AC,102400000.0,102400000.0,15790540.0,15468269.0,2080743.5,2002489.0,466625.6,535786.2,103558.4,0.0,27.9,25.3,73,23.8,33.3,1726,11016,11865,15611,18798,18657,18636,11509,54846,3235
1782764456,1AC,102400000.0,102400000.0,15776979.0,15465637.0,2076187.1,1996360.0,466559.2,535121.8,103549.5,0.0,27.9,25.3,60,23.8,33.4,1725,11013,11861,15607,18793,18654,18632,11507,54832,3234
1782764757,1AC,102400000.0,102400000.0,15713848.0,15418040.0,2075351.9,1994253.1,466460.5,533665.2,103541.3,0.0,27.9,25.3,46,23.8,33.4,1725,11015,11865,15609,18794,18658,18634,11507,54833,3234
1782765054,1AC,102400000.0,102400000.0,15718759.0,15403451.0,2072003.6,1993578.1,465553.0,534508.5,103532.4,0.0,27.9,25.3,68,23.8,33.3,1726,11017,11866,15610,18798,18664,18639,11511,54847,3235
1782765355,1AC,102400000.0,102400000.0,15681055.0,15389844.0,2068600.9,1994470.1,464506.8,533604.7,103523.8,0.0,27.9,25.3,101,23.9,33.4,1725,11013,11859,15603,18792,18654,18631,11505,54829,3234
1782765656,1AC,102400000.0,102400000.0,15643069.0,15348920.0,2066658.1,1989087.5,464786.9,532821.0,103516.4,0.0,27.9,25.3,90,23.9,33.4,1725,11016,11865,15610,18798,18660,18638,11511,54849,3235
1782765956,1AC,102400000.0,102400000.0,15648987.0,15346525.0,2064906.5,1988666.5,464014.8,532828.3,103507.2,0.0,28.0,25.3,68,23.9,33.4,1725,11019,11867,15612,18798,18662,18638,11511,54843,3235
1782766257,1AC,102400000.0,102400000.0,15629457.0,15384235.0,2062539.9,1980748.4,464339.2,531308.4,103499.4,0.0,27.9,25.4,68,23.9,33.4,1725,11015,11864,15608,18801,18661,18636,11510,54842,3235
1782766554,1AC,102400000.0,102400000.0,15613459.0,15299265.0,2059096.1,1982593.4,464397.2,532417.6,103490.5,0.0,28.0,25.4,75,23.9,33.4,1724,11014,11863,15604,18793,18659,18634,11507,54838,3234
1782766855,1AC,102400000.0,102400000.0,15565577.0,15278655.0,2058866.0,1977347.5,463167.4,530543.4,103481.9,0.0,28.0,25.4,68,23.9,33.5,1726,11019,11869,15615,18795,18661,18637,11511,54841,3235
1782767156,1AC,102400000.0,102400000.0,15609603.0,15314673.0,2060411.4,1978511.4,462322.2,531665.8,103472.7,0.0,28.0,25.4,57,23.9,33.5,1725,11016,11864,15606,18798,18662,18634,11507,54840,3234
1782767456,1AC,102400000.0,102400000.0,15581377.0,15287860.0,2056772.4,1975856.1,462896.9,530245.3,103462.9,0.0,28.0,25.4,52,23.9,33.5,1725,11016,11864,15606,18792,18656,18633,11508,54835,3235
1782767754,1AC,102400000.0,102400000.0,15552177.0,15223035.0,2051759.0,1973805.0,462739.3,530372.8,103452.8,0.0,28.0,25.4,56,23.9,33.5,1725,11016,11864,15607,18794,18655,18632,11507,54836,3236
1782768055,1AC,102400000.0,102400000.0,15546523.0,15296972.0,2050094.6,1976365.1,462837.8,530124.0,103442.1,0.0,28.0,25.4,64,23.9,33.5,1724,11013,11864,15605,18790,18656,18632,11506,54833,3235
1782768356,1AC,102400000.0,102400000.0,15481540.0,15220849.0,2053633.6,1975875.5,462299.2,529567.8,103431.6,0.0,28.0,25.4,42,23.9,33.5,1726,11017,11867,15608,18796,18659,18636,11509,54853,3235
1782768656,1AC,102400000.0,102400000.0,15470527.0,15219177.0,2049574.0,1968927.6,461111.0,528217.2,103421.5,0.0,28.0,25.4,59,23.9,33.5,1725,11016,11865,15607,18796,18660,18632,11509,54834,3235
1782768957,1AC,102400000.0,102400000.0,15535515.0,15192983.0,2049348.9,1968720.4,462102.7,528882.6,103412.5,0.0,28.0,25.4,67,23.9,33.5,1724,11010,11861,15601,18789,18651,18625,11504,54826,3232
1782769254,1AC,102400000.0,102400000.0,15520139.0,15189935.0,2046548.6,1968824.5,460706.0,529342.3,103404.0,0.0,28.0,25.4,47,23.9,33.6,1725,11017,11865,15607,18796,18660,18636,11510,54843,3235
1782769555,1AC,102400000.0,102400000.0,15503797.0,15162287.0,2043933.1,1967139.6,460772.1,528057.1,103395.0,0.0,28.0,25.5,57,23.9,33.5,1725,11013,11865,15605,18794,18659,18635,11508,54842,3234
1782769856,1AC,102400000.0,102400000.0,15461625.0,15149517.0,2040346.4,1965544.4,459865.5,527852.3,103385.7,0.0,28.0,25.4,69,23.9,33.5,1725,11016,11865,15605,18797,18660,18635,11508,54843,3234
1782770156,1AC,102400000.0,102400000.0,15477524.0,15159573.0,2043246.0,1963633.1,460188.6,528059.4,103376.9,0.0,28.0,25.4,53,23.9,33.6,1725,11016,11865,15608,18792,18659,18633,11508,54835,3236
1782770457,1AC,102400000.0,102400000.0,15422091.0,15125805.0,2040607.1,1963136.9,459564.6,527263.7,103367.9,0.0,28.0,25.5,32,24.0,33.6,1725,11019,11868,15609,18795,18661,18635,11509,54843,3234
1782770754,1AC,102400000.0,102400000.0,15395039.0,15090181.0,2042883.9,1961259.6,458768.0,526581.6,103360.2,0.0,28.0,25.5,56,24.0,33.6,1725,11018,11867,15610,18797,18659,18637,11510,54850,3234
1782771055,1AC,102400000.0,102400000.0,15396501.0,15115973.0,2037611.6,1959155.0,459043.5,526920.3,103352.4,0.0,28.0,25.5,53,24.0,33.6,1726,11023,11871,15613,18799,18665,18640,11512,54862,3236
1782771356,1AC,102400000.0,102400000.0,15345847.0,15073339.0,2036564.6,1958875.1,457972.4,526749.2,103343.7,0.0,28.0,25.5,37,24.0,33.7,1725,11015,11865,15604,18790,18656,18632,11506,54828,3233
1782771657,1AC,102400000.0,102400000.0,15401167.0,15113632.0,2034263.1,1958875.6,457883.5,525646.2,103335.6,0.0,28.0,25.5,30,24.0,33.7,1725,11016,11864,15605,18791,18656,18631,11507,54828,3233
1782771954,1AC,102400000.0,102400000.0,15374831.0,15065772.0,2032495.4,1956418.5,458793.8,525759.4,103327.8,0.0,28.0,25.5,68,24.0,33.7,1725,11018,11868,15606,18794,18659,18635,11508,54841,3234
1782772255,1AC,102400000.0,102400000.0,15360551.0,15054935.0,2026415.5,1954845.4,457855.2,525913.2,103320.5,0.0,28.1,25.5,62,24.0,33.7,1726,11020,11871,15612,18797,18664,18639,11510,54850,3235
1782772556,1AC,102400000.0,102400000.0,15352652.0,15026895.0,2032328.0,1952576.5,457570.8,523760.0,103312.7,0.0,28.1,25.5,86,24.0,33.7,1726,11019,11868,15607,18795,18661,18636,11510,54841,3234
1782772856,1AC,102400000.0,102400000.0,15313520.0,15007991.0,2027954.6,1948117.5,456705.7,524513.3,103305.1,0.0,28.1,25.6,75,24.0,33.7,1726,11017,11869,15607,18800,18666,18640,11511,54858,3235
1782773157,1AC,102400000.0,102400000.0,15286367.0,14966196.0,2021382.4,1946609.6,456683.9,524295.2,103295.5,0.0,28.1,25.6,55,24.0,33.7,1725,11016,11866,15605,18795,18657,18634,11508,54843,3236
1782773454,1AC,102400000.0,102400000.0,15328139.0,15024925.0,2025459.5,1946003.4,458195.0,523917.8,103285.8,0.0,28.1,25.5,61,24.0,33.7,1726,11021,11871,15611,18803,18665,18643,11513,54860,3235
1782773755,1AC,102400000.0,102400000.0,15261448.0,14985356.0,2024147.0,1945428.4,455428.4,522666.1,103279.0,0.0,28.1,25.6,61,24.0,33.7,1726,11021,11873,15612,18800,18665,18637,11512,54849,3234
1782774056,1AC,102400000.0,102400000.0,15282443.0,14982845.0,2020293.6,1946145.1,457056.1,523417.6,103271.9,0.0,28.1,25.6,46,24.0,33.7,1726,11017,11866,15606,18793,18657,18631,11507,54832,3234
1782774357,1AC,102400000.0,102400000.0,15268925.0,14924353.0,2016126.0,1946779.5,456791.8,522389.6,103265.0,0.0,28.1,25.6,59,24.0,33.7,1726,11016,11865,15603,18797,18662,18636,11510,54849,3235
1782774654,1AC,102400000.0,102400000.0,15251629.0,14962335.0,2016821.0,1940284.1,455651.1,523255.5,103257.8,0.0,28.1,25.6,47,24.1,33.8,1726,11022,11873,15611,18797,18662,18638,11510,54848,3235
1782774955,1AC,102400000.0,102400000.0,15197088.0,14925503.0,2013074.9,1938583.9,455552.5,522162.8,103251.2,0.0,28.1,25.6,39,24.1,33.8,1725,11013,11864,15599,18789,18657,18632,11505,54828,3234
1782775256,1AC,102400000.0,102400000.0,15196253.0,14911107.0,2011319.9,1938064.4,455141.0,523490.0,103241.3,0.0,28.1,25.6,53,24.1,33.8,1726,11018,11870,15608,18795,18660,18635,11508,54836,3235
1782775557,1AC,102400000.0,102400000.0,15229200.0,14906680.0,2010831.5,1939356.9,455186.2,521393.3,103231.3,0.0,28.1,25.6,55,24.1,33.8,1725,11018,11869,15605,18801,18667,18639,11513,54868,3235
1782775855,1AC,102400000.0,102400000.0,15167861.0,14849036.0,2008786.1,1933886.0,454988.0,521462.4,103222.3,0.0,28.1,25.6,69,24.1,33.8,1726,11020,11872,15612,18801,18664,18641,11513,54858,3235
1782776155,1AC,102400000.0,102400000.0,15197659.0,14877684.0,2008769.4,1939214.6,454626.6,521296.3,103213.5,0.0,28.1,25.6,83,24.1,33.8,1726,11023,11874,15612,18802,18666,18640,11512,54860,3237
1782776456,1AC,102400000.0,102400000.0,15204728.0,14866493.0,2010508.9,1935802.0,453446.4,521135.2,103202.6,0.0,28.1,25.7,79,24.1,33.8,1726,11020,11875,15611,18799,18663,18641,11512,54855,3236
1782776754,1AC,102400000.0,102400000.0,15156883.0,14862167.0,2009339.6,1931444.5,452117.1,520900.7,103192.5,0.0,28.1,25.7,65,24.1,33.8,1726,11022,11872,15611,18798,18664,18641,11513,54853,3237
1782777055,1AC,102400000.0,102400000.0,15116827.0,14844765.0,2006673.1,1930684.4,454065.6,520850.3,103182.9,0.0,28.1,25.7,47,24.1,33.8,1726,11020,11871,15610,18802,18667,18640,11511,54854,3235
1782777356,1AC,102400000.0,102400000.0,15119377.0,14782608.0,2006825.1,1926024.1,453023.7,520503.1,103173.3,0.0,28.1,25.7,63,24.1,33.9,1726,11018,11870,15608,18798,18664,18639,11510,54848,3234
1782777656,1AC,102400000.0,102400000.0,15122976.0,14832591.0,2003709.9,1923519.1,453666.7,521755.7,103164.2,0.0,28.1,25.7,36,24.1,33.9,1726,11020,11871,15610,18797,18662,18638,11509,54848,3234
1782777957,1AC,102400000.0,102400000.0,15124347.0,14806985.0,2002076.6,1927043.1,453315.8,519152.1,103154.9,0.0,28.1,25.7,56,24.1,33.9,1726,11019,11871,15611,18797,18665,18637,11511,54850,3235
1782778254,1AC,102400000.0,102400000.0,15110796.0,14781597.0,2001248.9,1922343.6,452893.5,518701.5,103146.0,0.0,28.1,25.7,44,24.1,33.9,1725,11019,11870,15608,18797,18663,18638,11510,54851,3235
1782778555,1AC,102400000.0,102400000.0,15114163.0,14805069.0,2001834.0,1925567.0,453472.5,519209.6,103136.3,0.0,28.2,25.7,75,24.1,33.9,1726,11020,11870,15611,18801,18666,18641,11513,54860,3235
1782778855,1AC,102400000.0,102400000.0,15057212.0,14779867.0,1999946.4,1924923.4,452767.2,518958.2,103127.1,0.0,28.2,25.7,60,24.1,33.9,1726,11022,11874,15613,18802,18665,18643,11512,54857,3237
1782779156,1AC,102400000.0,102400000.0,15062155.0,14756953.0,1997995.1,1922016.5,452725.2,518746.8,103118.0,0.0,28.2,25.7,76,24.1,33.9,1726,11024,11873,15615,18798,18664,18640,11512,54851,3235
1782779457,1AC,102400000.0,102400000.0,15055053.0,14747471.0,1997468.0,1921850.0,452441.6,518182.0,103108.9,0.0,28.2,25.7,69,24.1,33.9,1725,11017,11869,15607,18792,18657,18633,11508,54834,3233
1782779754,1AC,102400000.0,102400000.0,15053959.0,14738925.0,1992861.9,1918398.6,451429.7,518964.5,103099.5,0.0,28.2,25.7,68,24.1,33.9,1726,11020,11870,15607,18791,18656,18632,11508,54831,3234
1782780055,1AC,102400000.0,102400000.0,15046251.0,14735848.0,1991096.9,1917191.6,452054.9,518020.6,103088.7,0.0,28.1,25.8,66,24.1,34.0,1725,11018,11868,15604,18793,18660,18635,11508,54839,3235
1782780356,1AC,102400000.0,102400000.0,15067351.0,14760151.0,1995504.6,1919607.5,451559.7,519142.2,103079.6,0.0,28.1,25.7,63,24.1,34.0,1726,11023,11871,15612,18801,18667,18642,11512,54861,3235
1782780656,1AC,102400000.0,102400000.0,15018647.0,14743925.0,1992873.6,1920872.6,451879.1,517685.8,103070.5,0.0,28.1,25.8,80,24.1,34.0,1725,11016,11869,15605,18789,18654,18631,11507,54831,3234
1782780957,1AC,102400000.0,102400000.0,15011723.0,14741695.0,1996024.6,1919723.9,451366.0,517812.6,103060.7,0.0,28.1,25.8,69,24.1,34.0,1726,11016,11868,15604,18790,18658,18632,11509,54832,3233
1782781255,1AC,102400000.0,102400000.0,15005020.0,14737149.0,1994286.5,1917100.6,450629.8,517290.4,103052.0,0.0,28.1,25.8,65,24.1,34.0,1726,11019,11872,15611,18796,18662,18639,11509,54853,3235
1782781555,1AC,102400000.0,102400000.0,15026913.0,14700768.0,1991810.1,1919683.1,451391.6,517148.0,103041.6,0.0,28.2,25.8,63,24.1,34.0,1726,11021,11872,15608,18797,18659,18634,11509,54839,3236
1782781856,1AC,102400000.0,102400000.0,14998904.0,14714487.0,1994179.9,1915404.5,449695.1,516666.9,103032.6,0.0,28.2,25.8,68,24.1,34.0,1725,11017,11869,15606,18790,18655,18630,11505,54830,3233
1782782157,1AC,102400000.0,102400000.0,15012061.0,14679209.0,1988448.9,1914524.0,450174.7,517010.9,103022.8,0.0,28.1,25.8,56,24.1,34.0,1726,11021,11874,15613,18797,18665,18640,11511,54861,3235
1782782455,1AC,102400000.0,102400000.0,15043163.0,14701715.0,1990014.1,1915646.0,450402.6,517521.9,103013.7,0.0,28.2,25.8,56,24.1,34.0,1725,11020,11871,15610,18796,18665,18638,11511,54849,3234
1782782756,1AC,102400000.0,102400000.0,15015264.0,14665416.0,1988122.6,1911576.4,450824.8,516837.9,103005.6,0.0,28.1,25.8,50,24.1,34.1,1726,11020,11871,15608,18798,18662,18637,11510,54851,3235
1782783057,1AC,102400000.0,102400000.0,14964840.0,14685335.0,1987361.6,1912952.1,450478.4,516536.2,102995.8,0.0,28.1,25.8,56,24.1,34.1,1725,11016,11867,15602,18790,18656,18631,11506,54829,3233
1782783354,1AC,102400000.0,102400000.0,14957964.0,14700031.0,1988540.1,1911490.6,450639.6,516365.0,102986.2,0.0,28.2,25.8,63,24.1,34.0,1725,11016,11868,15605,18791,18657,18631,11507,54837,3234
1782783655,1AC,102400000.0,102400000.0,14973545.0,14676047.0,1987415.9,1911931.4,450299.8,516250.6,102977.1,0.0,28.2,25.9,72,24.1,34.1,1726,11021,11872,15609,18797,18664,18636,11508,54848,3237
1782783956,1AC,102400000.0,102400000.0,14953617.0,14640611.0,1986419.6,1914164.4,449733.4,516310.4,102969.3,0.0,28.2,25.9,49,24.1,34.1,1725,11015,11869,15605,18798,18662,18639,11510,54849,3235
1782784257,1AC,102400000.0,102400000.0,14983660.0,14656243.0,1984051.5,1907890.5,448747.9,516204.2,102960.5,0.0,28.1,25.9,65,24.1,34.1,1725,11017,11867,15602,18795,18660,18637,11508,54841,3237
1782784554,1AC,102400000.0,102400000.0,14964617.0,14647980.0,1983891.4,1907120.6,450038.1,516297.5,102951.8,0.0,28.2,25.9,32,24.1,34.1,1726,11017,11870,15606,18787,18656,18630,11505,54830,3233
1782784855,1AC,102400000.0,102400000.0,14934657.0,14637011.0,1985886.6,1907858.6,450295.3,516119.5,102943.9,0.0,28.1,25.9,56,24.1,34.1,1726,11018,11871,15609,18793,18656,18633,11508,54838,3233
1782785156,1AC,102400000.0,102400000.0,14965320.0,14623421.0,1983755.4,1906736.1,448626.9,515603.7,102935.4,0.0,28.2,25.9,56,24.1,34.1,1725,11016,11869,15605,18795,18658,18636,11509,54837,3234
1782785457,1AC,102400000.0,102400000.0,14933400.0,14626287.0,1980728.9,1900496.6,448334.9,515628.2,102927.3,0.0,28.1,25.9,25,24.1,34.1,1726,11020,11872,15609,18797,18663,18637,11509,54846,3234
1782785754,1AC,102400000.0,102400000.0,14932617.0,14617851.0,1981224.1,1905851.6,449976.9,514826.6,102919.2,0.0,28.2,25.9,61,24.1,34.1,1726,11020,11871,15609,18793,18661,18634,11509,54847,3234
1782786055,1AC,102400000.0,102400000.0,14940008.0,14584659.0,1978437.9,1908903.6,449201.2,515664.0,102911.6,0.0,28.2,25.9,61,24.1,34.2,1726,11020,11871,15607,18795,18662,18636,11508,54841,3234
1782786356,1AC,102400000.0,102400000.0,14925652.0,14619239.0,1981277.5,1902661.1,449355.9,514401.7,102903.3,0.0,28.2,25.9,32,24.1,34.2,1726,11021,11871,15610,18800,18665,18639,11512,54853,3234
1782786657,1AC,102400000.0,102400000.0,14902464.0,14617199.0,1980012.4,1903457.1,448777.4,514722.4,102895.5,0.0,28.2,25.9,40,24.1,34.2,1726,11017,11868,15604,18796,18658,18635,11508,54839,3234
1782786954,1AC,102400000.0,102400000.0,14891775.0,14614683.0,1980274.0,1900279.6,448983.1,515578.7,102887.5,0.0,28.2,25.9,60,24.1,34.2,1725,11016,11869,15606,18793,18661,18634,11508,54841,3234
1782787255,1AC,102400000.0,102400000.0,14907197.0,14597125.0,1978447.5,1902412.4,447882.8,514492.2,102878.7,0.0,28.2,25.9,64,24.1,34.2,1726,11021,11873,15614,18799,18662,18641,11511,54848,3234
1782787556,1AC,102400000.0,102400000.0,14877620.0,14619777.0,1978487.1,1896410.9,448581.3,513550.3,102870.8,0.0,28.2,25.9,59,24.1,34.2,1726,11021,11872,15612,18799,18664,18640,11513,54850,3235
1782787857,1AC,102400000.0,102400000.0,14885743.0,14526395.0,1977202.5,1902007.5,446843.1,514198.1,102862.6,0.0,28.2,25.9,92,24.1,34.2,1726,11019,11872,15608,18798,18662,18637,11510,54852,3234
1782788155,1AC,102400000.0,102400000.0,14871736.0,14572496.0,1976596.4,1902407.0,447636.1,513786.8,102853.5,0.0,28.2,26.0,50,24.1,34.2,1725,11016,11868,15604,18792,18658,18632,11507,54837,3234
1782788456,1AC,102400000.0,102400000.0,14873252.0,14539657.0,1971035.1,1900604.1,447176.9,514506.6,102845.6,0.0,28.2,25.9,56,24.1,34.2,1726,11017,11870,15605,18796,18660,18634,11509,54848,3234
1782788757,1AC,102400000.0,102400000.0,14880752.0,14519500.0,1975902.6,1899092.0,447874.3,514088.1,102837.7,0.0,28.2,26.0,66,24.1,34.2,1726,11019,11871,15609,18796,18662,18639,11510,54853,3235
1782789055,1AC,102400000.0,102400000.0,14872777.0,14540143.0,1970237.6,1896422.1,447205.7,512928.1,102829.1,0.0,28.2,26.0,84,24.1,34.2,1726,11020,11873,15610,18799,18664,18638,11511,54857,3235
1782789355,1AC,102400000.0,102400000.0,14807049.0,14549344.0,1969964.5,1900418.4,446982.8,513411.1,102820.1,0.0,28.2,26.0,30,24.1,34.3,1726,11021,11872,15609,18797,18664,18638,11510,54847,3237
1782789656,1AC,102400000.0,102400000.0,14887285.0,14528108.0,1969746.5,1897787.5,447966.7,513600.2,102811.6,0.0,28.2,26.0,57,24.1,34.3,1726,11018,11870,15608,18796,18661,18636,11510,54838,3234
1782789957,1AC,102400000.0,102400000.0,14812027.0,14531223.0,1968332.9,1894782.9,447092.8,511891.3,102804.6,0.0,28.2,26.0,49,24.1,34.2,1725,11019,11869,15605,18792,18662,18636,11508,54840,3234
1782790255,1AC,102400000.0,102400000.0,14813196.0,14449509.0,1969381.0,1896198.0,447690.8,512900.0,102796.4,0.0,28.2,26.0,44,24.1,34.3,1726,11018,11869,15606,18794,18660,18634,11510,54839,3234
1782790555,1AC,102400000.0,102400000.0,14812449.0,14506281.0,1966743.1,1893582.1,447587.9,511813.5,102787.8,0.0,28.2,26.0,77,24.1,34.3,1725,11017,11868,15606,18796,18661,18638,11509,54845,3235
1782790856,1AC,102400000.0,102400000.0,14836269.0,14509783.0,1967102.6,1891882.6,446755.1,512816.5,102780.9,0.0,28.2,26.0,54,24.1,34.3,1726,11015,11868,15604,18794,18658,18634,11508,54847,3234
1782791157,1AC,102400000.0,102400000.0,14803259.0,14459707.0,1963509.4,1893175.9,446724.0,513354.0,102772.6,0.0,28.2,26.0,59,24.1,34.3,1726,11020,11873,15611,18798,18666,18639,11513,54858,3235
1782791455,1AC,102400000.0,102400000.0,14797709.0,14509479.0,1965875.4,1892164.6,446315.3,511723.3,102764.4,0.0,28.2,26.0,45,24.1,34.3,1726,11019,11869,15608,18798,18662,18637,11511,54847,3236
1782791756,1AC,102400000.0,102400000.0,14826924.0,14537671.0,1968285.5,1894968.1,445708.5,511714.2,102756.6,0.0,28.2,26.1,57,24.1,34.3,1726,11020,11870,15607,18794,18662,18634,11509,54839,3237
1782792057,1AC,102400000.0,102400000.0,14822052.0,14473785.0,1964434.5,1892149.5,446452.0,512563.8,102748.7,0.0,28.2,26.1,36,24.1,34.3,1726,11020,11871,15610,18799,18665,18639,11511,54855,3234
1782792355,1AC,102400000.0,102400000.0,14813624.0,14482028.0,1965082.1,1893175.4,446054.7,511317.7,102741.1,0.0,28.1,26.1,52,24.1,34.3,1726,11021,11874,15613,18799,18663,18640,11512,54862,3235
1782792656,1AC,102400000.0,102400000.0,14806793.0,14442785.0,1959902.6,1887652.9,446705.2,512397.8,102733.4,0.0,28.1,26.1,69,24.1,34.3,1726,11021,11872,15610,18800,18668,18642,11512,54857,3236
1782792957,1AC,102400000.0,102400000.0,14781740.0,14468337.0,1961863.0,1889789.9,446579.4,511966.8,102726.3,0.0,28.2,26.1,50,24.1,34.3,1726,11020,11872,15609,18796,18664,18639,11511,54845,3235
1782793254,1AC,102400000.0,102400000.0,14796883.0,14473107.0,1965313.5,1889503.1,446266.5,511938.4,102719.0,0.0,28.1,26.1,34,24.1,34.4,1725,11015,11866,15604,18791,18654,18630,11506,54834,3235
1782793555,1AC,102400000.0,102400000.0,14787576.0,14476693.0,1965131.6,1886327.4,446316.6,510885.8,102712.5,0.0,28.2,26.1,43,24.1,34.4,1726,11017,11867,15604,18792,18657,18631,11506,54831,3234
1782793856,1AC,102400000.0,102400000.0,14768800.0,14459593.0,1959743.4,1887602.0,446023.4,510851.2,102704.7,0.0,28.2,26.1,59,24.1,34.4,1726,11018,11870,15609,18798,18660,18636,11511,54847,3234
1782794157,1AC,102400000.0,102400000.0,14722476.0,14509080.0,1964382.5,1889039.0,445532.8,511105.9,102697.5,0.0,28.1,26.1,72,24.1,34.4,1726,11019,11869,15606,18792,18656,18632,11508,54828,3234
1782794455,1AC,102400000.0,102400000.0,14766605.0,14436964.0,1961669.6,1885932.5,445345.4,511860.2,102690.0,0.0,28.1,26.1,57,24.1,34.4,1726,11020,11872,15611,18799,18661,18637,11511,54857,3234
1782794756,1AC,102400000.0,102400000.0,14756868.0,14433423.0,1958204.6,1888085.9,445168.1,510562.1,102683.1,0.0,28.1,26.1,60,24.1,34.4,1725,11019,11869,15608,18798,18663,18637,11511,54848,3235
1782795056,1AC,102400000.0,102400000.0,14757628.0,14439829.0,1959506.6,1885470.1,444609.3,510712.3,102675.6,0.0,28.1,26.1,47,24.1,34.4,1726,11017,11869,15604,18792,18657,18633,11507,54835,3235
1782795357,1AC,102400000.0,102400000.0,14724973.0,14451031.0,1957559.0,1884314.6,444438.9,510836.0,102669.1,0.0,28.2,26.1,32,24.1,34.4,1725,11016,11867,15603,18795,18658,18635,11508,54845,3233
1782795654,1AC,102400000.0,102400000.0,14734453.0,14444375.0,1956590.4,1881318.9,444681.8,510442.3,102662.5,0.0,28.1,26.1,67,24.1,34.4,1726,11021,11873,15613,18797,18663,18638,11510,54840,3236
1782795955,1AC,102400000.0,102400000.0,14731525.0,14413311.0,1957272.0,1887600.5,445458.8,510508.1,102653.6,0.0,28.1,26.1,55,24.1,34.4,1726,11022,11873,15611,18802,18665,18642,11513,54859,3235
1782796256,1AC,102400000.0,102400000.0,14722120.0,14419985.0,1958973.5,1884508.1,444533.4,510619.1,102645.4,0.0,28.1,26.1,38,24.1,34.4,1725,11017,11869,15608,18793,18660,18635,11509,54837,3234
1782796557,1AC,102400000.0,102400000.0,14722709.0,14383833.0,1959675.4,1881936.6,444552.0,510067.2,102637.3,0.0,28.1,26.2,47,24.1,34.4,1725,11016,11867,15606,18789,18657,18631,11508,54828,3236
1782796854,1AC,102400000.0,102400000.0,14717437.0,14411504.0,1957535.4,1882418.0,445070.8,510034.8,102630.3,0.0,28.1,26.2,51,24.1,34.5,1725,11018,11870,15608,18796,18661,18636,11509,54843,3234
1782797155,1AC,102400000.0,102400000.0,14704848.0,14400885.0,1955835.6,1881351.4,444186.5,510312.4,102623.3,0.0,28.1,26.2,49,24.1,34.5,1726,11017,11868,15607,18794,18658,18632,11507,54831,3233
1782797455,1AC,102400000.0,102400000.0,14762899.0,14422335.0,1952824.0,1884827.5,444766.6,510208.0,102616.5,0.0,28.1,26.1,65,24.1,34.5,1725,11014,11867,15604,18791,18656,18634,11506,54832,3234
1782797756,1AC,102400000.0,102400000.0,14712359.0,14407017.0,1955980.1,1880203.6,445327.3,510042.1,102609.6,0.0,28.1,26.2,46,24.0,34.5,1726,11017,11869,15606,18797,18660,18636,11509,54841,3234
1782798057,1AC,102400000.0,102400000.0,14685207.0,14424188.0,1958768.9,1881439.0,444518.1,509159.1,102602.3,0.0,28.1,26.2,69,24.0,34.5,1726,11020,11873,15612,18802,18667,18644,11512,54862,3236
1782798354,1AC,102400000.0,102400000.0,14707548.0,14415983.0,1958532.4,1879032.9,444834.7,509212.8,102596.2,0.0,28.1,26.2,54,24.1,34.5,1725,11015,11867,15604,18794,18657,18636,11509,54842,3235
1782798956,1AC,102400000.0,102400000.0,15886881.0,15716343.0,2129877.8,2089646.6,506605.2,608823.3,105856.2,0.0,27.9,14.9,97,23.8,22.4,1727,11027,11879,15623,18815,18678,18653,11518,54902,3237
1782799257,1AC,102400000.0,102400000.0,19708722.0,19392512.0,2535202.2,2456001.2,550064.0,633644.5,105931.7,0.0,28.0,17.3,87,23.9,24.3,1726,11024,11874,15616,18805,18668,18644,11515,54872,3235
1782799554,1AC,102400000.0,102400000.0,20357206.0,20046078.0,2606143.2,2521686.8,560101.8,637453.1,105957.4,0.0,28.0,18.4,120,23.9,25.5,1726,11020,11870,15612,18799,18663,18638,11509,54860,3237
1782799855,1AC,102400000.0,102400000.0,20432088.0,20131002.0,2608936.2,2528128.0,558734.0,637016.8,105962.9,0.0,28.0,19.2,108,23.9,26.3,1725,11017,11868,15608,18800,18661,18639,11510,54862,3235
1782800156,1AC,102400000.0,102400000.0,20321416.0,19929504.0,2598585.2,2517774.8,556225.2,633354.3,105958.7,0.0,28.0,19.7,69,24.0,26.9,1725,11020,11872,15613,18801,18666,18642,11513,54872,3235
1782800457,1AC,102400000.0,102400000.0,20125776.0,19795386.0,2573852.8,2496769.0,555228.0,629688.3,105949.3,0.0,28.0,20.1,93,24.0,27.2,1726,11021,11873,15614,18806,18668,18645,11515,54875,3238
1782800754,1AC,102400000.0,102400000.0,19958578.0,19645072.0,2556232.5,2474647.8,549422.0,626129.5,105935.5,0.0,28.0,20.4,101,24.0,27.6,1726,11023,11874,15616,18806,18668,18644,11513,54875,3238
1782801056,1AC,102400000.0,102400000.0,19859322.0,19402760.0,2539377.0,2460602.2,546914.9,622388.8,105919.2,0.0,28.1,20.7,96,24.0,27.9,1726,11022,11873,15614,18805,18667,18643,11513,54867,3235
1782801357,1AC,102400000.0,102400000.0,19677666.0,19308782.0,2521888.2,2436473.0,544358.8,618844.3,105901.4,0.0,28.0,20.9,68,24.0,28.1,1726,11019,11869,15608,18798,18662,18638,11512,54852,3235
1782801654,1AC,102400000.0,102400000.0,19526194.0,19150846.0,2510619.2,2421034.0,542340.3,615697.1,105882.2,0.0,28.1,21.1,104,24.0,28.3,1726,11023,11872,15610,18805,18667,18645,11514,54873,3239
1782801956,1AC,102400000.0,102400000.0,19418738.0,19042502.0,2488494.2,2409559.2,538450.0,613220.7,105863.4,0.0,28.0,21.2,67,24.0,28.5,1726,11021,11871,15612,18799,18660,18637,11510,54857,3235
1782802257,1AC,102400000.0,102400000.0,19232864.0,18946170.0,2486091.5,2396458.0,536676.2,610917.3,105844.1,0.0,28.1,21.4,72,24.0,28.7,1727,11025,11876,15617,18808,18671,18646,11515,54879,3236
1782802554,1AC,102400000.0,102400000.0,19151466.0,18802286.0,2462317.2,2380704.2,533278.9,608453.9,105824.3,0.0,28.1,21.5,96,24.0,28.8,1725,11021,11871,15610,18795,18662,18636,11509,54848,3234
1782802855,1AC,102400000.0,102400000.0,19008448.0,18744558.0,2453654.8,2371584.0,532815.2,607848.9,105803.8,0.0,28.1,21.5,91,24.0,28.9,1726,11024,11875,15618,18805,18666,18643,11513,54869,3235
1782803156,1AC,102400000.0,102400000.0,18898034.0,18626318.0,2442356.0,2361004.8,530366.9,604204.2,105782.8,0.0,28.1,21.6,88,24.0,29.0,1725,11019,11870,15611,18798,18661,18639,11510,54860,3235
1782803457,1AC,102400000.0,102400000.0,18886910.0,18536416.0,2436591.2,2354535.8,529232.2,605251.4,105761.6,0.0,28.0,21.8,104,24.0,29.1,1726,11020,11872,15611,18797,18660,18634,11508,54851,3234
1782803755,1AC,102400000.0,102400000.0,18787432.0,18448890.0,2425463.5,2339907.0,527919.4,600878.8,105740.0,0.0,28.1,21.9,95,24.0,29.2,1726,11024,11876,15616,18801,18665,18643,11512,54868,3235
1782804055,1AC,102400000.0,102400000.0,18706790.0,18405560.0,2415217.2,2334587.0,525123.4,599883.7,105718.0,0.0,28.1,21.9,95,24.0,29.3,1725,11020,11870,15608,18798,18661,18640,11511,54855,3236
1782804356,1AC,102400000.0,102400000.0,18614596.0,18352094.0,2412367.0,2329022.0,522986.8,598091.2,105696.4,0.0,28.1,22.0,95,24.0,29.4,1726,11024,11875,15613,18802,18666,18643,11512,54870,3237
1782804654,1AC,102400000.0,102400000.0,18571304.0,18259290.0,2405363.8,2320699.0,523682.7,597550.4,105674.5,0.0,28.1,22.1,104,24.0,29.5,1726,11018,11870,15609,18794,18659,18634,11508,54847,3234
1782804955,1AC,102400000.0,102400000.0,18567864.0,18215134.0,2394036.2,2314089.0,522113.2,595608.8,105652.9,0.0,28.1,22.1,87,24.0,29.6,1726,11024,11875,15613,18805,18670,18646,11514,54880,3235
1782805256,1AC,102400000.0,102400000.0,18416906.0,18142976.0,2387607.8,2308172.8,521139.2,595073.5,105630.7,0.0,28.1,22.2,73,24.0,29.6,1726,11022,11872,15614,18803,18666,18644,11512,54866,3235
1782805557,1AC,102400000.0,102400000.0,18413676.0,18112502.0,2379083.0,2304924.8,519427.7,593565.4,105609.3,0.0,28.1,22.3,96,24.0,29.7,1726,11021,11872,15612,18803,18664,18640,11511,54866,3235
1782805855,1AC,102400000.0,102400000.0,18352426.0,18020546.0,2375827.0,2298604.2,518063.2,591715.4,105587.3,0.0,28.1,22.3,87,24.0,29.8,1725,11018,11867,15606,18795,18658,18633,11507,54843,3234
1782806156,1AC,102400000.0,102400000.0,18299104.0,18011922.0,2371440.2,2284716.2,517290.4,591637.5,105565.6,0.0,28.1,22.4,76,24.0,29.8,1725,11017,11869,15609,18796,18662,18637,11510,54850,3234
1782806456,1AC,102400000.0,102400000.0,18240238.0,17961006.0,2363490.8,2283203.2,515661.4,589635.3,105544.1,0.0,28.1,22.4,95,24.0,29.9,1725,11015,11866,15604,18790,18653,18627,11503,54840,3235
1782806754,1AC,102400000.0,102400000.0,18239744.0,17875616.0,2358118.0,2285478.0,516340.6,589830.8,105522.0,0.0,28.1,22.5,78,24.0,29.9,1725,11017,11868,15606,18798,18660,18635,11509,54845,3234
1782807055,1AC,102400000.0,102400000.0,18131264.0,17836360.0,2354379.0,2273166.8,514650.8,587022.4,105500.8,0.0,28.1,22.5,97,24.0,30.0,1726,11020,11871,15609,18799,18664,18640,11510,54865,3234
1782807356,1AC,102400000.0,102400000.0,18102766.0,17796854.0,2349878.8,2266327.0,514565.5,586464.5,105478.9,0.0,28.1,22.6,80,24.0,30.0,1726,11022,11872,15612,18799,18666,18640,11510,54867,3235
1782807657,1AC,102400000.0,102400000.0,18063978.0,17764562.0,2340009.5,2262827.2,512688.9,585609.0,105457.4,0.0,28.1,22.6,106,24.0,30.1,1726,11026,11878,15618,18809,18669,18645,11515,54872,3236
1782807955,1AC,102400000.0,102400000.0,18064274.0,17714780.0,2344582.0,2254466.8,512078.7,584981.8,105435.7,0.0,28.1,22.7,72,24.0,30.2,1726,11019,11871,15610,18795,18660,18635,11507,54846,3233
1782808256,1AC,102400000.0,102400000.0,17967486.0,17652880.0,2334590.2,2246854.2,511554.8,584034.8,105413.7,0.0,28.1,22.7,78,24.0,30.2,1726,11020,11871,15612,18800,18665,18640,11512,54860,3234
1782808557,1AC,102400000.0,102400000.0,17899578.0,17615210.0,2327201.2,2247480.2,509885.8,583711.9,105392.3,0.0,28.1,22.8,83,24.0,30.2,1726,11018,11868,15607,18795,18657,18633,11508,54842,3233
1782808854,1AC,102400000.0,102400000.0,17909170.0,17584192.0,2327155.8,2243153.2,510661.4,583150.2,105370.3,0.0,28.1,22.8,102,24.0,30.3,1726,11023,11875,15612,18803,18669,18643,11513,54873,3237
1782809156,1AC,102400000.0,102400000.0,17914266.0,17544360.0,2321409.0,2243918.8,509478.1,582269.0,105348.5,0.0,28.1,22.9,89,24.0,30.4,1726,11021,11872,15611,18803,18667,18642,11512,54865,3234
1782809457,1AC,102400000.0,102400000.0,17823926.0,17560522.0,2313870.2,2238488.0,508461.8,581476.3,105326.7,0.0,28.1,22.9,92,24.0,30.4,1726,11023,11873,15613,18803,18668,18643,11512,54867,3235
1782809754,1AC,102400000.0,102400000.0,17873996.0,17488820.0,2314811.0,2229721.0,507582.7,579809.9,105305.0,0.0,28.1,22.9,68,24.0,30.4,1727,11026,11877,15620,18807,18672,18648,11517,54886,3237
1782810055,1AC,102400000.0,102400000.0,17805306.0,17463390.0,2310556.8,2230919.2,506143.3,579257.8,105284.3,0.0,28.1,23.0,92,24.0,30.5,1726,11018,11869,15608,18794,18658,18634,11507,54849,3234
1782810356,1AC,102400000.0,102400000.0,17753494.0,17416526.0,2310585.0,2224948.0,506763.5,578752.8,105263.5,0.0,28.1,23.0,84,24.0,30.5,1726,11024,11875,15616,18807,18669,18645,11516,54875,3236
1782810657,1AC,102400000.0,102400000.0,17720416.0,17428910.0,2309883.2,2222901.2,506672.2,576645.9,105243.3,0.0,28.1,23.0,81,24.0,30.5,1726,11023,11875,15615,18803,18667,18642,11514,54871,3235
1782810954,1AC,102400000.0,102400000.0,17662232.0,17358582.0,2298853.2,2219214.8,505117.5,577125.2,105221.8,0.0,28.1,23.0,60,24.0,30.6,1726,11020,11871,15609,18794,18660,18635,11508,54844,3234
1782811255,1AC,102400000.0,102400000.0,17651214.0,17333040.0,2291994.2,2215111.8,504365.8,576675.1,105202.1,0.0,28.1,23.1,86,24.0,30.6,1726,11020,11871,15611,18796,18664,18636,11511,54853,3235
1782811556,1AC,102400000.0,102400000.0,17595794.0,17304878.0,2295170.2,2212773.2,504977.3,575052.6,105181.0,0.0,28.1,23.1,88,24.0,30.7,1726,11021,11871,15611,18797,18661,18639,11510,54854,3235
1782811854,1AC,102400000.0,102400000.0,17579362.0,17247814.0,2288077.2,2207967.2,503998.7,575333.2,105160.8,0.0,28.1,23.1,99,24.1,30.7,1726,11024,11874,15613,18803,18670,18643,11512,54869,3235
1782812155,1AC,102400000.0,102400000.0,17565978.0,17214932.0,2285502.2,2206668.2,503102.0,574943.7,105140.2,0.0,28.1,23.2,69,24.0,30.8,1726,11022,11872,15611,18803,18667,18642,11513,54863,3237
1782812456,1AC,102400000.0,102400000.0,17521880.0,17232130.0,2283638.0,2206131.8,501749.5,574127.3,105119.2,0.0,28.1,23.2,96,24.0,30.8,1727,11026,11875,15616,18805,18673,18645,11515,54873,3238
1782812757,1AC,102400000.0,102400000.0,17516288.0,17226000.0,2278664.8,2198280.0,502038.7,574703.1,105098.7,0.0,28.1,23.3,91,24.0,30.8,1727,11028,11877,15618,18810,18675,18648,11517,54886,3236
1782813054,1AC,102400000.0,102400000.0,17470412.0,17181238.0,2277094.8,2196692.0,500668.3,572310.6,105078.4,0.0,28.1,23.3,81,24.0,30.8,1726,11022,11871,15611,18800,18668,18641,11511,54865,3237
1782813355,1AC,102400000.0,102400000.0,17467696.0,17133918.0,2270676.2,2187287.0,499945.8,572155.1,105058.8,0.0,28.1,23.3,80,24.1,30.9,1727,11025,11874,15611,18802,18667,18644,11514,54867,3235
1782813656,1AC,102400000.0,102400000.0,17446396.0,17117726.0,2273312.2,2193280.8,500130.5,572252.6,105038.4,0.0,28.1,23.3,69,24.1,30.9,1726,11023,11873,15614,18800,18666,18640,11510,54858,3235
1782813957,1AC,102400000.0,102400000.0,17400880.0,17074488.0,2266078.0,2184057.8,499669.3,570991.5,105017.7,0.0,28.1,23.3,60,24.1,31.0,1725,11018,11867,15606,18793,18661,18633,11507,54842,3233
1782814255,1AC,102400000.0,102400000.0,17364336.0,17049412.0,2263729.8,2183193.0,497759.4,570536.2,104997.0,0.0,28.1,23.4,81,24.1,31.0,1726,11020,11871,15608,18798,18665,18636,11509,54846,3234
1782814555,1AC,102400000.0,102400000.0,17373848.0,17011608.0,2262501.0,2178816.0,498383.9,568763.1,104976.8,0.0,28.1,23.4,88,24.1,31.0,1726,11022,11870,15607,18795,18664,18636,11510,54849,3235
1782814856,1AC,102400000.0,102400000.0,17294002.0,17005926.0,2257049.2,2176578.0,498453.4,569587.8,104957.4,0.0,28.1,23.4,81,24.0,31.0,1726,11024,11873,15612,18798,18667,18640,11510,54849,3235
1782815158,1AC,102400000.0,102400000.0,17289040.0,16996880.0,2259184.0,2177196.2,496865.7,568663.7,104938.1,0.0,28.1,23.5,94,24.0,31.0,1726,11024,11873,15612,18804,18670,18644,11512,54861,3235
1782815455,1AC,102400000.0,102400000.0,17274670.0,16981042.0,2256082.8,2171527.8,497340.2,567469.6,104918.8,0.0,28.1,23.5,76,24.0,31.1,1726,11022,11870,15610,18802,18665,18641,11512,54865,3235
1782815756,1AC,102400000.0,102400000.0,17302392.0,16954808.0,2253028.2,2166399.2,496896.2,567115.2,104899.6,0.0,28.1,23.5,99,24.1,31.1,1726,11021,11872,15611,18797,18665,18637,11512,54859,3234
1782816057,1AC,102400000.0,102400000.0,17259618.0,16919302.0,2248100.8,2171036.0,495799.0,566429.2,104881.0,0.0,28.1,23.5,97,24.0,31.1,1726,11019,11867,15605,18789,18657,18633,11507,54831,3234
1782816354,1AC,102400000.0,102400000.0,17212902.0,16869166.0,2248847.8,2165401.8,494742.2,567368.7,104862.5,0.0,28.1,23.5,83,24.1,31.2,1726,11019,11870,15607,18795,18664,18639,11510,54850,3236
1782816655,1AC,102400000.0,102400000.0,17150702.0,16883022.0,2241119.0,2161773.5,495548.6,566697.4,104843.1,0.0,28.1,23.6,90,24.1,31.2,1726,11024,11873,15614,18801,18669,18641,11513,54870,3237
1782816956,1AC,102400000.0,102400000.0,17209784.0,16854038.0,2240232.2,2161118.2,495309.5,565226.8,104823.9,0.0,28.1,23.6,70,24.1,31.2,1726,11019,11868,15607,18794,18662,18637,11509,54848,3236
1782817254,1AC,102400000.0,102400000.0,17141062.0,16831146.0,2241340.8,2155441.2,495488.5,565602.8,104804.8,0.0,28.1,23.6,86,24.1,31.2,1726,11021,11871,15610,18796,18665,18636,11510,54851,3235
1782817555,1AC,102400000.0,102400000.0,17127522.0,16840226.0,2237604.8,2159896.8,493994.4,564209.1,104786.4,0.0,28.1,23.6,109,24.1,31.3,1726,11020,11870,15610,18792,18659,18636,11508,54841,3234
1782817856,1AC,102400000.0,102400000.0,17082192.0,16812214.0,2229202.8,2158645.8,493018.0,565901.2,104768.1,0.0,28.1,23.7,61,24.1,31.3,1727,11026,11876,15615,18806,18671,18644,11514,54865,3235
1782818157,1AC,102400000.0,102400000.0,17109286.0,16788130.0,2230380.0,2150689.0,493369.6,563941.8,104749.7,0.0,28.1,23.7,62,24.1,31.3,1726,11022,11873,15611,18798,18663,18637,11510,54854,3234
1782818454,1AC,102400000.0,102400000.0,17104214.0,16763080.0,2223550.8,2149228.8,492209.1,562700.4,104731.3,0.0,28.1,23.7,70,24.1,31.3,1727,11024,11875,15614,18802,18668,18643,11512,54864,3235
1782818755,1AC,102400000.0,102400000.0,17052962.0,16744579.0,2222549.8,2148950.8,492420.1,562722.7,104712.3,0.0,28.1,23.7,81,24.1,31.4,1726,11022,11875,15614,18799,18665,18640,11512,54857,3234
1782819057,1AC,102400000.0,102400000.0,17031922.0,16699595.0,2224781.8,2144818.8,492266.2,562229.6,104694.2,0.0,28.1,23.7,77,24.1,31.4,1726,11020,11871,15610,18798,18663,18638,11509,54850,3235
1782819358,1AC,102400000.0,102400000.0,17000722.0,16712776.0,2218018.8,2140003.2,491397.4,562314.2,104675.6,0.0,28.1,23.7,68,24.1,31.4,1726,11020,11871,15610,18796,18665,18637,11510,54841,3234
1782819655,1AC,102400000.0,102400000.0,17006718.0,16634761.0,2219403.2,2140657.0,490590.7,562138.0,104657.8,0.0,28.1,23.8,89,24.1,31.5,1726,11021,11870,15609,18794,18663,18635,11510,54848,3234
1782819956,1AC,102400000.0,102400000.0,16983930.0,16657097.0,2220424.0,2135663.0,490909.3,560666.5,104640.3,0.0,28.1,23.8,91,24.1,31.5,1726,11022,11873,15612,18802,18669,18645,11513,54864,3237
1782820258,1AC,102400000.0,102400000.0,16968254.0,16632605.0,2215725.2,2135099.0,490463.2,559890.0,104623.2,0.0,28.1,23.8,73,24.1,31.5,1726,11021,11873,15611,18800,18668,18642,11511,54851,3235
1782820555,1AC,102400000.0,102400000.0,16952562.0,16638384.0,2212712.8,2134484.8,490755.4,561856.5,104607.0,0.0,28.1,23.8,86,24.1,31.5,1726,11022,11874,15613,18803,18669,18642,11513,54870,3235
1782820855,1AC,102400000.0,102400000.0,16945142.0,16674928.0,2212393.8,2128314.0,488562.5,559662.6,104590.1,0.0,28.1,23.8,52,24.1,31.5,1726,11024,11874,15613,18802,18668,18642,11514,54869,3235
1782821157,1AC,102400000.0,102400000.0,16888998.0,16571145.0,2208119.0,2128309.8,489168.5,560366.2,104573.1,0.0,28.1,23.8,69,24.1,31.6,1726,11026,11874,15616,18800,18668,18642,11514,54856,3235
1782821458,1AC,102400000.0,102400000.0,16901086.0,16599609.0,2206765.0,2130417.2,489092.4,558668.8,104556.2,0.0,28.1,23.9,74,24.1,31.6,1726,11019,11871,15609,18800,18665,18639,11512,54858,3234
1782821755,1AC,102400000.0,102400000.0,16885720.0,16560821.0,2201755.0,2125022.0,487694.4,556831.0,104539.0,0.0,28.1,23.8,80,24.1,31.6,1726,11024,11875,15613,18804,18670,18645,11516,54865,3235
1782822056,1AC,102400000.0,102400000.0,16867374.0,16588021.0,2197697.8,2123280.2,487765.3,558474.9,104522.9,0.0,28.1,23.9,87,24.1,31.6,1727,11025,11876,15617,18802,18670,18644,11515,54871,3235
1782822357,1AC,102400000.0,102400000.0,16851708.0,16529684.0,2203663.2,2122511.2,488653.7,557514.8,104507.1,0.0,28.2,23.9,101,24.1,31.7,1726,11022,11873,15611,18798,18661,18640,11510,54846,3234
1782822654,1AC,102400000.0,102400000.0,16828050.0,16477876.0,2194805.8,2116404.2,487017.2,556440.5,104490.3,0.0,28.1,23.9,47,24.1,31.7,1726,11023,11873,15613,18799,18664,18640,11514,54859,3236
1782822955,1AC,102400000.0,102400000.0,16816534.0,16484436.0,2193837.8,2113022.2,486883.5,556508.2,104474.1,0.0,28.2,24.0,82,24.1,31.7,1726,11023,11872,15612,18799,18668,18641,11511,54856,3234
1782823256,1AC,102400000.0,102400000.0,16719717.0,16438429.0,2194955.0,2116154.8,487271.9,556732.8,104457.4,0.0,28.2,24.0,74,24.1,31.7,1726,11022,11874,15612,18800,18667,18642,11513,54862,3234
1782823557,1AC,102400000.0,102400000.0,16748204.0,16473861.0,2193382.2,2112630.2,485659.8,555949.1,104440.3,0.0,28.1,24.0,67,24.1,31.7,1726,11024,11874,15612,18802,18671,18644,11514,54862,3235
1782823854,1AC,102400000.0,102400000.0,16751793.0,16434815.0,2195110.0,2110801.0,485468.4,556204.2,104424.4,0.0,28.2,24.0,78,24.1,31.7,1726,11020,11871,15609,18795,18662,18637,11508,54847,3236
1782824156,1AC,102400000.0,102400000.0,16721581.0,16354520.0,2188810.2,2105950.5,485299.0,554663.5,104407.8,0.0,28.2,24.0,48,24.1,31.8,1726,11021,11872,15607,18790,18654,18631,11505,54828,3233
1782824457,1AC,102400000.0,102400000.0,16686551.0,16408556.0,2181931.2,2107330.5,484097.2,554220.2,104392.3,0.0,28.2,24.0,82,24.1,31.8,1726,11023,11875,15613,18802,18669,18642,11512,54862,3236
1782824755,1AC,102400000.0,102400000.0,16667009.0,16376499.0,2181228.8,2106924.0,484811.6,554396.3,104378.3,0.0,28.2,24.0,91,24.1,31.8,1727,11024,11875,15616,18799,18668,18641,11511,54859,3234
1782825056,1AC,102400000.0,102400000.0,16659807.0,16319947.0,2179614.8,2104482.5,484284.8,554319.4,104362.5,0.0,28.2,24.0,78,24.1,31.8,1726,11026,11874,15614,18799,18667,18642,11513,54869,3237
1782825357,1AC,102400000.0,102400000.0,16652081.0,16388756.0,2177083.8,2103708.5,484382.8,552718.5,104348.0,0.0,28.2,24.1,68,24.1,31.9,1727,11023,11874,15611,18800,18668,18644,11513,54863,3235
1782825658,1AC,102400000.0,102400000.0,16651277.0,16263608.0,2174478.2,2099543.0,484067.4,553648.8,104332.7,0.0,28.2,24.1,67,24.1,31.9,1727,11025,11876,15615,18805,18672,18646,11513,54869,3236
1782825955,1AC,102400000.0,102400000.0,16612872.0,16307568.0,2176685.8,2095848.9,483272.8,552450.3,104316.8,0.0,28.2,24.1,58,24.1,31.9,1726,11024,11874,15612,18801,18670,18642,11512,54858,3234
1782826256,1AC,102400000.0,102400000.0,16625972.0,16248752.0,2172586.2,2096385.1,482391.1,553745.2,104300.8,0.0,28.2,24.1,42,24.1,31.9,1726,11020,11871,15607,18796,18661,18639,11510,54845,3235
1782826557,1AC,102400000.0,102400000.0,16596608.0,16254732.0,2168633.8,2096081.0,481950.6,552027.6,104284.8,0.0,28.2,24.1,88,24.1,31.9,1726,11024,11875,15615,18799,18665,18640,11513,54860,3235
1782826858,1AC,102400000.0,102400000.0,16577117.0,16241940.0,2167943.0,2089871.5,481864.2,551827.5,104268.8,0.0,28.2,24.1,79,24.1,31.9,1726,11023,11873,15610,18802,18669,18640,11512,54861,3235
1782827155,1AC,102400000.0,102400000.0,16560203.0,16245196.0,2166629.2,2085775.0,480817.1,551109.6,104252.4,0.0,28.2,24.2,73,24.1,31.9,1726,11024,11875,15612,18805,18670,18645,11513,54871,3236
1782827456,1AC,102400000.0,102400000.0,16541009.0,16209476.0,2164251.5,2089182.1,482311.4,550973.7,104236.0,0.0,28.2,24.2,74,24.1,32.0,1726,11022,11873,15610,18795,18662,18636,11507,54842,3235
1782827757,1AC,102400000.0,102400000.0,16507340.0,16185912.0,2164233.2,2090226.4,481279.5,550559.0,104219.2,0.0,28.2,24.2,83,24.1,32.0,1726,11021,11872,15609,18798,18663,18636,11511,54852,3234
1782828058,1AC,102400000.0,102400000.0,16542853.0,16177228.0,2163571.0,2084370.0,481389.3,550143.9,104203.0,0.0,28.2,24.2,68,24.1,32.0,1725,11021,11873,15609,18798,18666,18638,11510,54855,3234
1782828355,1AC,102400000.0,102400000.0,16544191.0,16186037.0,2159825.2,2087349.0,481350.9,550418.3,104186.6,0.0,28.2,24.2,101,24.1,32.0,1726,11024,11875,15614,18802,18670,18645,11512,54865,3235
1782828656,1AC,102400000.0,102400000.0,16497504.0,16157439.0,2159751.0,2081488.9,480455.1,549098.6,104170.6,0.0,28.2,24.2,59,24.1,32.0,1726,11025,11875,15614,18809,18677,18648,11517,54883,3238
1782828957,1AC,102400000.0,102400000.0,16420919.0,16150963.0,2160844.0,2081334.4,479562.2,549933.1,104154.8,0.0,28.2,24.3,54,24.1,32.1,1726,11020,11872,15608,18797,18663,18640,11510,54851,3234
1782829257,1AC,102400000.0,102400000.0,16446155.0,16164248.0,2160451.0,2084866.1,479031.5,549417.8,104140.0,0.0,28.2,24.3,75,24.1,32.1,1726,11020,11872,15608,18798,18662,18639,11511,54854,3235
1782829555,1AC,102400000.0,102400000.0,16433763.0,16139736.0,2153533.8,2077803.1,480277.8,548327.3,104124.1,0.0,28.2,24.3,57,24.1,32.1,1727,11023,11874,15612,18800,18664,18641,11510,54861,3234
1782829855,1AC,102400000.0,102400000.0,16468104.0,16127189.0,2157577.0,2079606.5,479627.7,548935.8,104108.3,0.0,28.2,24.3,78,24.1,32.1,1726,11023,11872,15611,18796,18662,18637,11510,54853,3235
1782830156,1AC,102400000.0,102400000.0,16421685.0,16133720.0,2151901.8,2076725.4,479275.6,548706.1,104092.8,0.0,28.2,24.3,69,24.1,32.2,1725,11015,11866,15600,18787,18652,18626,11503,54819,3233
1782830457,1AC,102400000.0,102400000.0,16399557.0,16078140.0,2152583.0,2075732.4,479070.8,547925.6,104078.5,0.0,28.2,24.3,61,24.1,32.1,1726,11021,11872,15608,18797,18664,18637,11511,54856,3237
1782830755,1AC,102400000.0,102400000.0,16377828.0,16093721.0,2151411.2,2076856.6,477943.1,548470.5,104063.7,0.0,28.2,24.3,63,24.1,32.2,1726,11018,11867,15604,18794,18661,18634,11507,54841,3234
1782831056,1AC,102400000.0,102400000.0,16400359.0,16070712.0,2152143.2,2069144.4,478753.4,547483.1,104048.4,0.0,28.2,24.3,54,24.1,32.2,1726,11020,11870,15605,18791,18659,18633,11505,54835,3233
1782831357,1AC,102400000.0,102400000.0,16340999.0,16048251.0,2146864.8,2069674.9,478605.8,547159.4,104033.0,0.0,28.2,24.4,86,24.1,32.2,1725,11022,11871,15604,18797,18663,18637,11510,54847,3235
1782831655,1AC,102400000.0,102400000.0,16345803.0,16084200.0,2147259.0,2065873.4,477096.8,547026.2,104018.4,0.0,28.2,24.4,59,24.1,32.2,1726,11022,11873,15610,18796,18662,18636,11510,54852,3234
1782831956,1AC,102400000.0,102400000.0,16356876.0,16007645.0,2144304.0,2070293.5,477775.9,547070.2,104003.0,0.0,28.2,24.4,67,24.1,32.2,1726,11024,11873,15612,18801,18668,18640,11512,54859,3235
1782832257,1AC,102400000.0,102400000.0,16389593.0,16052079.0,2147322.2,2067957.4,476602.6,546749.1,103987.8,0.0,28.2,24.4,66,24.1,32.2,1726,11022,11871,15611,18798,18666,18640,11510,54858,3234
1782832558,1AC,102400000.0,102400000.0,16321187.0,16019057.0,2139353.8,2063930.4,477321.2,546058.8,103972.8,0.0,28.2,24.4,65,24.1,32.2,1726,11021,11871,15607,18798,18664,18638,11508,54852,3234
1782832855,1AC,102400000.0,102400000.0,16319973.0,15951268.0,2142803.2,2065483.0,477589.9,544831.1,103958.4,0.0,28.2,24.4,74,24.1,32.3,1726,11019,11871,15607,18800,18665,18640,11511,54861,3235
1782833156,1AC,102400000.0,102400000.0,16317600.0,16013857.0,2140061.8,2063616.5,477412.4,545781.4,103944.7,0.0,28.1,24.4,57,24.1,32.3,1726,11019,11870,15607,18798,18666,18639,11510,54858,3237
1782833457,1AC,102400000.0,102400000.0,16273351.0,16007977.0,2138694.8,2061650.5,477010.2,545378.7,103929.7,0.0,28.2,24.4,62,24.1,32.3,1726,11019,11871,15608,18795,18661,18636,11509,54843,3234
1782833758,1AC,102400000.0,102400000.0,16311159.0,15971341.0,2138246.0,2062735.6,476618.7,545619.5,103916.0,0.0,28.1,24.5,40,24.1,32.3,1726,11020,11870,15608,18794,18660,18637,11508,54842,3234
1782834055,1AC,102400000.0,102400000.0,16254220.0,15979116.0,2140539.8,2062067.0,477234.8,545471.2,103902.8,0.0,28.2,24.5,57,24.1,32.4,1725,11018,11868,15607,18794,18661,18635,11509,54840,3234
1782834356,1AC,102400000.0,102400000.0,16270133.0,15912011.0,2133085.0,2057232.5,476657.6,544963.2,103889.5,0.0,28.2,24.5,67,24.1,32.3,1726,11022,11873,15613,18799,18664,18636,11508,54850,3234
1782834657,1AC,102400000.0,102400000.0,16273321.0,15950915.0,2136022.5,2056982.9,474806.0,544898.7,103876.8,0.0,28.1,24.5,46,24.1,32.4,1726,11022,11874,15610,18802,18668,18641,11512,54867,3237
1782834958,1AC,102400000.0,102400000.0,16280471.0,15907779.0,2131755.8,2056972.6,475674.6,545183.4,103863.5,0.0,28.2,24.5,62,24.1,32.4,1726,11020,11872,15608,18798,18665,18639,11511,54858,3235
1782835255,1AC,102400000.0,102400000.0,16265496.0,15864701.0,2133753.8,2054523.1,475856.0,543661.5,103849.7,0.0,28.2,24.5,67,24.1,32.4,1726,11021,11873,15612,18800,18665,18640,11511,54853,3235
1782835555,1AC,102400000.0,102400000.0,16227739.0,15926989.0,2128769.8,2059089.9,474613.2,542933.6,103835.9,0.0,28.1,24.5,55,24.1,32.4,1726,11020,11871,15610,18798,18661,18636,11510,54843,3236
1782835856,1AC,102400000.0,102400000.0,16203389.0,15872013.0,2129494.8,2057335.0,474544.6,543931.8,103823.0,0.0,28.2,24.5,47,24.1,32.4,1726,11022,11872,15613,18797,18664,18637,11510,54851,3234
1782836157,1AC,102400000.0,102400000.0,16177556.0,15889840.0,2124741.8,2049399.9,475033.0,542969.7,103809.4,0.0,28.1,24.5,62,24.1,32.5,1725,11016,11867,15602,18788,18654,18630,11505,54828,3232
1782836454,1AC,102400000.0,102400000.0,16136247.0,15838372.0,2125360.8,2049146.9,475058.8,542500.6,103795.5,0.0,28.2,24.5,55,24.1,32.4,1726,11022,11872,15613,18799,18663,18639,11510,54858,3235
1782836755,1AC,102400000.0,102400000.0,16161361.0,15855056.0,2125805.0,2050817.4,474201.7,543224.4,103782.4,0.0,28.2,24.6,76,24.1,32.5,1725,11017,11867,15603,18795,18661,18636,11509,54838,3234
1782837056,1AC,102400000.0,102400000.0,16156704.0,15880748.0,2126337.0,2045503.6,474026.5,542489.1,103768.7,0.0,28.1,24.6,73,24.1,32.5,1726,11021,11872,15609,18797,18662,18639,11510,54851,3234
1782837357,1AC,102400000.0,102400000.0,16161287.0,15842449.0,2123374.2,2044708.0,473608.2,543233.2,103756.0,0.0,28.1,24.6,58,24.1,32.5,1725,11019,11870,15606,18795,18661,18636,11508,54847,3236
1782837658,1AC,102400000.0,102400000.0,16089673.0,15834215.0,2122986.5,2048511.0,473507.4,542585.4,103742.0,0.0,28.1,24.6,44,24.1,32.5,1726,11024,11876,15615,18806,18672,18647,11516,54885,3236
1782837955,1AC,102400000.0,102400000.0,16176201.0,15816332.0,2126280.2,2039573.5,473360.3,541725.1,103728.2,0.0,28.2,24.6,75,24.1,32.5,1726,11023,11873,15612,18801,18667,18641,11512,54866,3235
1782838256,1AC,102400000.0,102400000.0,16109428.0,15826144.0,2117313.8,2046860.1,472301.5,541636.7,103714.0,0.0,28.1,24.6,65,24.1,32.5,1725,11015,11866,15601,18793,18662,18634,11506,54845,3233
1782838557,1AC,102400000.0,102400000.0,16113389.0,15788487.0,2118790.8,2045690.4,472895.6,541299.8,103699.8,0.0,28.1,24.6,59,24.1,32.6,1726,11021,11872,15612,18802,18670,18643,11513,54862,3235
1782838858,1AC,102400000.0,102400000.0,16114623.0,15807091.0,2117668.8,2041214.1,471427.0,540269.0,103685.9,0.0,28.1,24.6,78,24.1,32.6,1726,11020,11871,15611,18795,18662,18637,11509,54840,3234
1782839155,1AC,102400000.0,102400000.0,16109760.0,15788021.0,2115873.0,2044906.5,472219.5,540351.8,103672.3,0.0,28.1,24.6,54,24.1,32.5,1726,11021,11871,15608,18793,18660,18636,11507,54840,3234
1782839456,1AC,102400000.0,102400000.0,16092273.0,15777859.0,2116968.0,2033381.6,472789.9,540426.8,103659.5,0.0,28.1,24.7,81,24.1,32.6,1726,11024,11873,15613,18799,18667,18640,11512,54857,3235
1782839757,1AC,102400000.0,102400000.0,16086919.0,15779004.0,2118590.8,2038324.0,471018.7,540512.2,103646.4,0.0,28.1,24.7,66,24.1,32.7,1726,11020,11870,15610,18798,18665,18639,11510,54856,3234
1782840058,1AC,102400000.0,102400000.0,16092687.0,15775700.0,2119176.5,2034985.6,471923.7,540394.6,103633.9,0.0,28.1,24.7,62,24.1,32.6,1725,11019,11870,15607,18793,18662,18635,11510,54840,3234
1782840355,1AC,102400000.0,102400000.0,16099236.0,15791109.0,2116450.8,2033688.9,471640.7,539455.3,103622.1,0.0,28.1,24.7,69,24.1,32.6,1725,11017,11866,15604,18791,18659,18634,11504,54837,3233
1782840656,1AC,102400000.0,102400000.0,16050676.0,15747616.0,2109352.8,2037759.5,471721.3,540210.6,103610.4,0.0,28.1,24.7,46,24.1,32.7,1726,11019,11869,15607,18793,18659,18635,11507,54831,3234
1782840957,1AC,102400000.0,102400000.0,16067976.0,15759559.0,2110732.2,2038786.4,472677.1,538819.0,103599.0,0.0,28.1,24.7,53,24.1,32.7,1725,11017,11867,15603,18792,18659,18633,11508,54842,3233
1782841258,1AC,102400000.0,102400000.0,16071359.0,15747161.0,2109698.8,2033100.9,472082.0,540364.5,103587.0,0.0,28.1,24.7,83,24.1,32.7,1726,11022,11870,15610,18794,18662,18634,11507,54835,3233
1782841555,1AC,102400000.0,102400000.0,16050209.0,15735621.0,2109927.8,2029590.5,471069.9,539275.4,103574.7,0.0,28.1,24.7,61,24.1,32.7,1725,11022,11870,15608,18796,18665,18637,11509,54849,3234
1782841856,1AC,102400000.0,102400000.0,16010499.0,15705927.0,2110132.2,2029847.0,470536.9,539444.3,103563.1,0.0,28.1,24.8,55,24.1,32.7,1726,11017,11868,15606,18791,18658,18632,11506,54827,3233
1782842157,1AC,102400000.0,102400000.0,16016767.0,15739492.0,2110104.8,2032072.9,470719.0,538496.2,103550.4,0.0,28.1,24.8,56,24.1,32.7,1726,11019,11868,15607,18790,18660,18630,11505,54830,3233
1782842457,1AC,102400000.0,102400000.0,16052687.0,15711531.0,2103107.2,2026545.9,470740.8,538590.7,103537.9,0.0,28.1,24.8,70,24.1,32.7,1726,11020,11870,15608,18794,18663,18635,11509,54837,3236
1782842755,1AC,102400000.0,102400000.0,16011581.0,15696323.0,2106938.2,2030570.0,470581.1,537887.3,103526.1,0.0,28.1,24.8,60,24.1,32.7,1726,11020,11869,15610,18793,18659,18631,11504,54825,3233
1782843055,1AC,102400000.0,102400000.0,15987045.0,15686913.0,2100307.5,2029736.9,470675.2,538404.1,103514.9,0.0,28.1,24.8,66,24.1,32.7,1725,11016,11865,15604,18787,18652,18626,11502,54824,3234
1782843356,1AC,102400000.0,102400000.0,16002023.0,15670936.0,2103260.2,2030829.9,470232.7,538872.2,103503.9,0.0,28.1,24.8,36,24.1,32.8,1726,11022,11871,15611,18797,18664,18639,11509,54846,3235
1782843657,1AC,102400000.0,102400000.0,15968016.0,15640596.0,2101386.2,2028153.6,469915.2,537884.3,103494.9,0.0,28.1,24.8,54,24.0,32.8,1726,11020,11873,15608,18799,18663,18638,11508,54847,3235
1782843955,1AC,102400000.0,102400000.0,15971213.0,15635439.0,2096715.1,2025219.6,469323.0,537292.9,103484.5,0.0,28.1,24.8,73,24.1,32.8,1725,11016,11866,15605,18793,18660,18635,11506,54827,3234
1782844256,1AC,102400000.0,102400000.0,15964165.0,15645987.0,2099209.8,2024802.4,470153.0,536992.0,103473.1,0.0,28.1,24.8,77,24.1,32.8,1726,11023,11872,15611,18804,18669,18640,11513,54851,3235
1782844557,1AC,102400000.0,102400000.0,15967876.0,15636299.0,2098061.2,2017118.1,468787.2,536803.4,103462.2,0.0,28.1,24.8,46,24.1,32.8,1726,11018,11868,15607,18794,18662,18634,11507,54839,3234
1782844858,1AC,102400000.0,102400000.0,15904693.0,15624645.0,2095953.0,2015835.5,468810.0,536086.2,103451.1,0.0,28.1,24.8,58,24.1,32.9,1726,11022,11872,15609,18801,18667,18641,11509,54851,3235
1782845155,1AC,102400000.0,102400000.0,15914215.0,15630900.0,2096222.9,2014879.4,468870.8,536566.8,103440.4,0.0,28.1,24.9,81,24.1,32.8,1726,11021,11870,15609,18803,18667,18639,11511,54859,3235
1782845456,1AC,102400000.0,102400000.0,15920517.0,15626681.0,2094589.4,2021149.6,468518.6,536223.8,103429.9,0.0,28.1,24.9,61,24.1,32.9,1726,11023,11872,15612,18801,18667,18639,11512,54856,3235
1782845757,1AC,102400000.0,102400000.0,15909968.0,15561728.0,2093918.9,2020189.0,468370.5,535682.8,103419.4,0.0,28.1,24.9,68,24.1,32.9,1725,11021,11870,15609,18794,18663,18636,11509,54847,3234
1782846055,1AC,102400000.0,102400000.0,15852313.0,15588457.0,2087937.6,2014180.4,468002.1,535800.8,103409.7,0.0,28.1,24.9,78,24.1,32.9,1726,11020,11871,15609,18800,18666,18641,11512,54863,3236
1782846356,1AC,102400000.0,102400000.0,15878972.0,15595888.0,2090423.1,2015327.5,469780.0,536808.2,103400.6,0.0,28.1,24.9,61,24.1,32.9,1726,11020,11870,15609,18801,18668,18640,11510,54865,3235
1782846657,1AC,102400000.0,102400000.0,15868311.0,15540077.0,2089221.5,2012346.9,468174.5,535823.2,103391.3,0.0,28.1,24.9,70,24.1,32.9,1726,11020,11871,15609,18799,18666,18638,11511,54856,3234
1782846958,1AC,102400000.0,102400000.0,15836233.0,15546244.0,2088919.5,2013153.5,468182.1,534310.2,103380.6,0.0,28.2,24.9,39,24.1,32.9,1726,11022,11871,15610,18801,18669,18642,11512,54857,3235
1782847255,1AC,102400000.0,102400000.0,15828296.0,15548024.0,2089831.4,2007643.9,466414.8,536277.1,103370.4,0.0,28.1,24.9,61,24.1,32.9,1726,11025,11875,15613,18803,18670,18642,11514,54864,3236
1782847556,1AC,102400000.0,102400000.0,15860761.0,15546980.0,2088793.1,2008404.4,468391.3,533916.8,103360.8,0.0,28.2,24.9,87,24.1,33.0,1726,11024,11874,15613,18801,18667,18639,11510,54850,3235
1782847858,1AC,102400000.0,102400000.0,15791264.0,15487835.0,2086100.4,2004944.6,467432.6,533997.7,103351.5,0.0,28.1,24.9,55,24.1,33.0,1726,11020,11871,15609,18800,18666,18640,11510,54852,3235
1782848155,1AC,102400000.0,102400000.0,15844927.0,15536616.0,2082214.1,2006413.6,467348.7,534542.6,103343.0,0.0,28.1,24.9,66,24.1,33.0,1727,11026,11877,15614,18804,18671,18644,11512,54859,3236
1782848456,1AC,102400000.0,102400000.0,15794899.0,15482292.0,2082057.1,2002929.1,466907.0,532922.9,103334.5,0.0,28.2,25.0,47,24.1,32.9,1726,11021,11870,15610,18795,18663,18637,11510,54844,3234
1782848757,1AC,102400000.0,102400000.0,15786327.0,15502195.0,2081392.1,2010161.9,466334.1,533898.6,103325.3,0.0,28.1,25.0,48,24.1,33.0,1726,11023,11873,15612,18800,18668,18641,11512,54851,3235
1782849055,1AC,102400000.0,102400000.0,15784888.0,15466065.0,2079490.9,2001982.5,465275.4,532943.2,103316.2,0.0,28.2,25.0,63,24.1,33.0,1726,11023,11874,15613,18805,18674,18646,11515,54867,3236
1782849356,1AC,102400000.0,102400000.0,15780881.0,15470959.0,2079423.4,2001068.6,466096.8,533000.8,103306.5,0.0,28.2,25.0,72,24.1,33.0,1727,11027,11878,15617,18806,18674,18646,11515,54871,3236
1782849657,1AC,102400000.0,102400000.0,15752527.0,15397923.0,2076986.6,1999850.5,465165.9,532668.9,103297.0,0.0,28.2,25.0,74,24.1,33.0,1726,11023,11874,15614,18799,18666,18637,11511,54847,3234
1782849958,1AC,102400000.0,102400000.0,15732905.0,15452299.0,2074817.6,2000598.4,464968.5,532921.1,103287.5,0.0,28.2,25.0,62,24.1,33.0,1727,11022,11872,15611,18799,18669,18638,11511,54856,3234
1782850255,1AC,102400000.0,102400000.0,15723197.0,15421933.0,2071714.6,2003126.6,464850.9,531839.2,103277.7,0.0,28.2,25.0,39,24.1,33.1,1726,11023,11874,15613,18800,18667,18639,11512,54854,3235
1782850556,1AC,102400000.0,102400000.0,15741173.0,15414300.0,2070908.1,2001283.6,465426.2,532330.9,103267.0,0.0,28.2,25.0,34,24.1,33.1,1726,11020,11870,15608,18790,18659,18631,11505,54835,3236
1782850857,1AC,102400000.0,102400000.0,15670699.0,15389305.0,2071996.6,1996042.1,464115.7,532664.2,103257.7,0.0,28.2,25.0,71,24.1,33.1,1726,11020,11871,15610,18795,18665,18637,11510,54853,3235
1782851158,1AC,102400000.0,102400000.0,15711524.0,15416235.0,2072687.0,1988103.4,464584.8,531404.2,103248.6,0.0,28.2,25.1,43,24.1,33.0,1726,11020,11873,15611,18798,18665,18639,11511,54857,3235
1782851455,1AC,102400000.0,102400000.0,15696351.0,15408401.0,2068146.4,1993798.5,464284.5,530847.1,103238.9,0.0,28.2,25.0,55,24.1,33.1,1727,11026,11876,15617,18804,18669,18644,11514,54869,3236
1782851756,1AC,102400000.0,102400000.0,15717349.0,15348291.0,2065965.9,1989202.5,464240.6,530996.2,103229.2,0.0,28.2,25.0,54,24.1,33.1,1727,11024,11876,15613,18799,18665,18639,11512,54852,3235
1782852057,1AC,102400000.0,102400000.0,15650868.0,15395589.0,2069831.1,1991045.1,464144.5,531337.9,103219.2,0.0,28.2,25.1,77,24.1,33.1,1726,11019,11870,15608,18794,18663,18635,11507,54848,3234
1782852355,1AC,102400000.0,102400000.0,15674576.0,15383855.0,2063062.6,1993519.0,463552.5,529602.4,103209.9,0.0,28.2,25.1,61,24.1,33.1,1726,11019,11870,15608,18793,18662,18636,11508,54839,3234
1782852656,1AC,102400000.0,102400000.0,15642683.0,15325559.0,2065319.6,1986260.9,462244.4,530158.8,103199.8,0.0,28.2,25.1,52,24.1,33.1,1726,11021,11873,15611,18799,18668,18643,11511,54861,3235
1782852956,1AC,102400000.0,102400000.0,15671024.0,15342872.0,2062778.0,1990949.6,463873.3,530253.8,103189.0,0.0,28.2,25.1,48,24.1,33.1,1726,11022,11875,15613,18802,18667,18642,11513,54861,3235
1782853257,1AC,102400000.0,102400000.0,15644903.0,15293653.0,2059842.6,1987695.6,463355.5,529928.1,103179.4,0.0,28.2,25.1,19,24.1,33.1,1726,11020,11871,15606,18791,18657,18634,11508,54831,3233
1782853555,1AC,102400000.0,102400000.0,15629888.0,15281387.0,2065484.9,1988708.9,462920.6,529761.3,103169.1,0.0,28.2,25.1,42,24.1,33.2,1725,11019,11871,15607,18795,18664,18638,11511,54858,3234
1782853855,1AC,102400000.0,102400000.0,15600420.0,15290687.0,2062070.9,1987155.5,462709.4,529503.2,103159.6,0.0,28.2,25.1,31,24.1,33.2,1726,11021,11870,15608,18798,18666,18637,11510,54847,3234
1782854156,1AC,102400000.0,102400000.0,15593225.0,15277439.0,2061724.4,1989053.6,462972.8,529373.0,103150.0,0.0,28.2,25.1,67,24.1,33.2,1726,11023,11874,15612,18803,18670,18644,11514,54868,3235
1782854457,1AC,102400000.0,102400000.0,15622645.0,15326616.0,2059673.9,1986477.4,462235.2,529942.4,103140.5,0.0,28.2,25.1,57,24.1,33.2,1725,11017,11869,15605,18793,18663,18636,11509,54844,3236
1782854758,1AC,102400000.0,102400000.0,15608315.0,15351905.0,2059881.5,1984254.9,462002.2,528654.6,103131.0,0.0,28.2,25.2,55,24.1,33.2,1726,11021,11871,15608,18797,18665,18638,11511,54855,3235
1782855055,1AC,102400000.0,102400000.0,15604556.0,15294027.0,2053551.6,1986088.9,462363.6,528923.6,103122.8,0.0,28.2,25.2,57,24.1,33.2,1726,11017,11868,15606,18794,18666,18635,11508,54841,3233
1782855356,1AC,102400000.0,102400000.0,15575292.0,15296649.0,2056674.1,1976213.1,462139.1,528482.0,103114.9,0.0,28.2,25.2,40,24.1,33.2,1725,11017,11869,15607,18790,18659,18632,11504,54827,3233
1782855657,1AC,102400000.0,102400000.0,15584829.0,15287829.0,2059686.4,1981309.1,460991.9,528788.6,103107.5,0.0,28.2,25.2,49,24.1,33.2,1725,11019,11871,15608,18796,18663,18637,11508,54843,3235
1782855958,1AC,102400000.0,102400000.0,15586145.0,15277744.0,2054510.4,1983532.9,460358.3,528580.4,103099.1,0.0,28.2,25.2,50,24.1,33.2,1726,11022,11874,15611,18797,18663,18638,11511,54851,3234
1782856255,1AC,102400000.0,102400000.0,15557389.0,15250635.0,2051541.6,1978967.0,461231.5,527482.8,103090.8,0.0,28.2,25.2,76,24.1,33.3,1726,11020,11871,15610,18795,18664,18637,11511,54849,3234
1782856556,1AC,102400000.0,102400000.0,15542425.0,15258849.0,2052017.0,1976650.9,460588.2,527419.4,103082.3,0.0,28.2,25.2,68,24.1,33.3,1725,11018,11870,15605,18792,18658,18631,11506,54826,3233
1782856857,1AC,102400000.0,102400000.0,15536063.0,15243839.0,2053452.4,1971337.1,461286.9,527560.0,103072.1,0.0,28.2,25.2,48,24.1,33.3,1726,11019,11871,15606,18793,18658,18633,11509,54846,3233
1782857154,1AC,102400000.0,102400000.0,15569229.0,15232000.0,2051318.4,1975366.0,460784.8,528962.1,103062.0,0.0,28.2,25.2,49,24.1,33.3,1726,11020,11871,15610,18793,18663,18635,11508,54851,3235
1782857455,1AC,102400000.0,102400000.0,15525377.0,15244353.0,2049901.5,1975267.6,460561.7,526863.2,103051.8,0.0,28.2,25.2,79,24.1,33.3,1725,11018,11869,15605,18792,18660,18632,11506,54833,3233
1782857756,1AC,102400000.0,102400000.0,15518924.0,15257296.0,2051309.9,1973060.4,459318.1,527310.4,103042.5,0.0,28.2,25.2,43,24.1,33.3,1726,11021,11872,15612,18797,18666,18642,11511,54853,3235
1782858057,1AC,102400000.0,102400000.0,15511167.0,15200124.0,2049409.4,1971417.4,459770.9,527078.6,103034.0,0.0,28.2,25.2,73,24.1,33.3,1726,11020,11873,15610,18793,18660,18637,11509,54844,3234
1782858358,1AC,102400000.0,102400000.0,15502672.0,15177589.0,2048667.5,1968833.4,460418.9,526493.6,103025.2,0.0,28.2,25.2,50,24.1,33.3,1727,11025,11878,15616,18806,18672,18647,11515,54876,3236
1782858655,1AC,102400000.0,102400000.0,15491153.0,15193685.0,2046746.9,1971086.0,459504.1,527529.7,103018.0,0.0,28.2,25.3,54,24.1,33.4,1726,11019,11871,15607,18797,18664,18637,11510,54853,3237
1782858956,1AC,102400000.0,102400000.0,15547279.0,15164876.0,2045570.9,1969588.0,460372.1,526966.3,103009.6,0.0,28.2,25.3,48,24.1,33.4,1726,11019,11872,15609,18794,18659,18635,11508,54841,3234
1782859257,1AC,102400000.0,102400000.0,15486827.0,15164203.0,2044372.6,1969473.1,460909.9,525863.0,103000.2,0.0,28.2,25.3,58,24.1,33.4,1726,11022,11874,15612,18802,18665,18639,11512,54860,3235
1782859554,1AC,102400000.0,102400000.0,15449769.0,15174876.0,2043346.6,1968166.4,458907.0,525455.8,102991.5,0.0,28.2,25.3,51,24.1,33.3,1726,11021,11873,15608,18798,18663,18637,11511,54852,3235
1782859855,1AC,102400000.0,102400000.0,15469787.0,15186493.0,2046219.6,1968994.6,459391.4,526153.5,102983.3,0.0,28.2,25.3,59,24.1,33.4,1727,11026,11878,15618,18807,18672,18649,11516,54879,3236
1782860156,1AC,102400000.0,102400000.0,15443461.0,15169739.0,2040995.1,1963264.5,459752.6,526146.9,102974.7,0.0,28.2,25.3,40,24.1,33.4,1726,11020,11873,15610,18797,18663,18639,11512,54856,3234
1782860457,1AC,102400000.0,102400000.0,15425715.0,15154401.0,2045826.1,1966941.9,459150.2,525134.6,102965.7,0.0,28.2,25.3,51,24.1,33.4,1727,11025,11875,15614,18802,18672,18646,11514,54870,3236
1782860755,1AC,102400000.0,102400000.0,15449381.0,15164711.0,2041880.0,1969390.4,459063.3,525442.2,102956.5,0.0,28.2,25.3,52,24.1,33.4,1726,11019,11872,15609,18801,18664,18639,11511,54857,3235
1782861056,1AC,102400000.0,102400000.0,15448499.0,15133941.0,2037635.4,1962104.4,458408.0,524750.1,102948.3,0.0,28.2,25.3,54,24.1,33.4,1727,11024,11878,15616,18809,18673,18650,11518,54888,3236
1782861357,1AC,102400000.0,102400000.0,15444156.0,15127089.0,2042897.1,1965489.1,459063.7,524738.4,102939.1,0.0,28.2,25.3,50,24.1,33.4,1726,11022,11873,15614,18802,18666,18641,11514,54861,3236
1782861655,1AC,102400000.0,102400000.0,15419507.0,15096520.0,2035608.4,1959320.1,458205.5,526069.0,102930.6,0.0,28.2,25.3,80,24.1,33.4,1726,11020,11873,15612,18803,18666,18644,11512,54861,3235
1782861956,1AC,102400000.0,102400000.0,15463085.0,15088639.0,2036444.1,1962685.1,458513.5,524837.4,102922.0,0.0,28.2,25.4,54,24.1,33.5,1726,11024,11875,15615,18798,18664,18641,11512,54861,3235
1782862257,1AC,102400000.0,102400000.0,15385096.0,15117300.0,2037044.1,1964652.9,458536.5,524598.4,102914.1,0.0,28.2,25.3,73,24.1,33.5,1726,11021,11873,15610,18799,18665,18641,11513,54856,3234
1782862557,1AC,102400000.0,102400000.0,15424836.0,15124329.0,2038386.4,1966189.9,458461.5,524643.5,102905.6,0.0,28.2,25.4,36,24.1,33.5,1726,11021,11872,15609,18794,18660,18638,11508,54843,3236
1782862855,1AC,102400000.0,102400000.0,15416352.0,15110573.0,2035431.9,1956952.1,457842.8,524586.9,102898.1,0.0,28.2,25.4,70,24.1,33.5,1726,11017,11872,15609,18791,18660,18635,11510,54849,3234
1782863156,1AC,102400000.0,102400000.0,15341552.0,15077397.0,2034087.6,1962626.9,458701.8,524040.6,102889.3,0.0,28.2,25.4,55,24.1,33.5,1726,11020,11872,15610,18793,18660,18636,11509,54838,3236
1782863457,1AC,102400000.0,102400000.0,15395395.0,15086937.0,2036553.0,1955817.0,457956.0,523671.2,102880.8,0.0,28.2,25.4,44,24.1,33.5,1726,11020,11870,15610,18798,18662,18640,11510,54848,3234
1782863758,1AC,102400000.0,102400000.0,15352425.0,15076389.0,2034458.6,1955889.6,458228.1,523456.2,102872.7,0.0,28.2,25.4,6,24.1,33.5,1726,11019,11872,15606,18796,18663,18638,11511,54839,3234
1782864055,1AC,102400000.0,102400000.0,15383329.0,15113499.0,2032081.4,1954370.5,457828.3,524109.7,102864.0,0.0,28.2,25.4,32,24.1,33.5,1725,11018,11871,15608,18795,18661,18635,11508,54847,3234
1782864356,1AC,102400000.0,102400000.0,15368696.0,15094444.0,2029514.6,1956952.5,457156.0,523707.2,102861.8,0.0,28.2,25.4,77,24.1,33.5,1726,11019,11873,15610,18793,18661,18635,11506,54839,3234
1782864657,1AC,102400000.0,102400000.0,15349043.0,15055652.0,2031980.6,1958300.4,456662.1,523711.8,102862.4,0.0,28.2,25.4,79,24.1,33.5,1725,11018,11870,15608,18794,18661,18634,11509,54845,3234
1782864955,1AC,102400000.0,102400000.0,15368509.0,15009236.0,2028788.1,1951438.4,456781.4,523636.9,102863.5,0.0,28.2,25.4,57,24.1,33.6,1725,11018,11872,15606,18793,18660,18634,11509,54841,3233
1782865256,1AC,102400000.0,102400000.0,15323612.0,15025896.0,2025265.1,1955485.0,456383.6,523050.5,102864.8,0.0,28.2,25.4,71,24.2,33.6,1726,11019,11871,15608,18800,18661,18639,11511,54849,3234
1782865556,1AC,102400000.0,102400000.0,15325305.0,15011887.0,2026819.5,1952824.1,455857.6,521566.8,102866.8,0.0,28.2,25.4,41,24.2,33.6,1726,11024,11877,15612,18805,18671,18645,11514,54865,3236
1782865857,1AC,102400000.0,102400000.0,15299401.0,15031968.0,2025875.9,1948938.1,454906.1,521900.8,102868.6,0.0,28.3,25.4,55,24.2,33.6,1726,11022,11874,15608,18802,18666,18640,11513,54857,3234
1782866155,1AC,102400000.0,102400000.0,15290973.0,14974604.0,2023111.5,1944072.4,455063.8,521024.9,102870.5,0.0,28.3,25.4,56,24.2,33.6,1727,11025,11877,15611,18791,18660,18634,11507,54838,3233
1782866456,1AC,102400000.0,102400000.0,15267036.0,14925856.0,2017978.5,1943534.5,454996.7,520943.3,102872.7,0.0,28.3,25.4,51,24.3,33.6,1726,11021,11876,15610,18796,18665,18639,11509,54853,3234
1782866757,1AC,102400000.0,102400000.0,15233549.0,14879075.0,2014438.5,1941097.6,454222.8,519638.7,102875.0,0.0,28.4,25.5,51,24.3,33.6,1727,11026,11881,15615,18800,18669,18645,11513,54872,3234
1782867057,1AC,102400000.0,102400000.0,15215560.0,14962521.0,2013605.4,1939473.4,453226.8,520402.8,102877.1,0.0,28.4,25.4,72,24.3,33.6,1726,11025,11879,15612,18794,18666,18639,11512,54855,3235
1782867355,1AC,102400000.0,102400000.0,15138363.0,14842473.0,2006685.4,1939252.0,452176.7,518516.5,102878.8,0.0,28.4,25.5,51,24.3,33.6,1726,11021,11876,15605,18794,18665,18637,11510,54850,3234
1782867656,1AC,102400000.0,102400000.0,15161241.0,14864043.0,2002246.0,1929739.4,451520.0,518442.9,102881.2,0.0,28.4,25.4,76,24.4,33.6,1727,11028,11882,15615,18801,18666,18642,11512,54871,3234
1782867956,1AC,102400000.0,102400000.0,15088243.0,14801424.0,2003078.1,1929472.0,451870.9,517452.3,102882.8,0.0,28.5,25.5,64,24.4,33.6,1727,11023,11877,15606,18792,18662,18636,11508,54849,3234
1782868257,1AC,102400000.0,102400000.0,15109573.0,14835971.0,2001648.0,1926584.5,451089.1,517391.2,102884.8,0.0,28.5,25.5,59,24.4,33.7,1728,11027,11881,15610,18794,18661,18638,11509,54852,3236
1782868555,1AC,102400000.0,102400000.0,15053657.0,14805805.0,1994613.0,1926329.0,450334.6,516126.8,102886.4,0.0,28.5,25.5,42,24.4,33.6,1726,11021,11878,15606,18792,18660,18635,11509,54847,3232
1782868856,1AC,102400000.0,102400000.0,15041385.0,14759160.0,1996044.1,1919243.5,450003.8,515807.4,102887.9,0.0,28.5,25.5,66,24.5,33.7,1727,11026,11881,15607,18795,18661,18637,11510,54853,3233
1782869157,1AC,102400000.0,102400000.0,15013059.0,14722356.0,1993047.1,1920113.1,449071.0,513915.7,102881.5,0.0,28.6,25.4,57,24.5,33.7,1727,11025,11879,15607,18793,18662,18637,11509,54850,3232
1782869457,1AC,102400000.0,102400000.0,14948959.0,14775149.0,1992737.6,1914592.4,448494.0,514612.1,102871.6,0.0,28.6,25.4,42,24.5,33.7,1727,11024,11880,15605,18793,18662,18638,11510,54854,3233
1782869755,1AC,102400000.0,102400000.0,14935663.0,14671844.0,1983702.0,1910882.1,448447.2,514364.9,102861.1,0.0,28.6,25.5,65,24.5,33.7,1726,11024,11879,15605,18791,18663,18634,11507,54847,3233
1782870055,1AC,102400000.0,102400000.0,14971848.0,14646215.0,1981684.9,1910629.4,448783.5,514277.1,102849.1,0.0,28.6,25.5,56,24.5,33.7,1728,11029,11883,15611,18802,18671,18644,11512,54865,3234
1782870356,1AC,102400000.0,102400000.0,14923548.0,14681708.0,1984779.1,1910724.0,448074.0,513792.1,102836.7,0.0,28.6,25.5,41,24.5,33.7,1727,11023,11880,15607,18793,18660,18636,11509,54853,3233
1782870657,1AC,102400000.0,102400000.0,14901367.0,14678803.0,1981270.5,1909613.4,448378.0,513303.8,102824.2,0.0,28.5,25.5,62,24.5,33.7,1728,11028,11883,15612,18801,18667,18645,11515,54869,3234
1782870958,1AC,102400000.0,102400000.0,14926173.0,14687861.0,1985858.4,1905749.9,447777.1,514233.6,102811.8,0.0,28.5,25.5,56,24.5,33.7,1727,11022,11878,15606,18792,18658,18635,11509,54851,3232
1782871255,1AC,102400000.0,102400000.0,14914104.0,14652424.0,1978624.6,1918495.4,448255.3,512813.1,102799.2,0.0,28.5,25.6,69,24.4,33.7,1727,11026,11882,15611,18796,18665,18639,11510,54851,3233
1782871556,1AC,102400000.0,102400000.0,14893759.0,14672627.0,1981342.1,1908472.6,448356.6,513303.5,102787.5,0.0,28.5,25.5,65,24.4,33.7,1727,11028,11883,15612,18796,18666,18638,11511,54854,3233
1782871856,1AC,102400000.0,102400000.0,14897472.0,14677589.0,1980649.5,1908010.6,448768.0,512846.2,102774.8,0.0,28.5,25.6,29,24.4,33.8,1728,11030,11887,15619,18805,18674,18648,11517,54881,3237
1782872157,1AC,102400000.0,102400000.0,14922640.0,14628983.0,1984733.1,1909288.5,447514.5,511847.7,102762.3,0.0,28.5,25.6,48,24.4,33.8,1728,11026,11882,15611,18807,18674,18648,11517,54879,3235
1782872458,1AC,102400000.0,102400000.0,14914636.0,14672911.0,1981586.9,1908139.0,448383.6,513522.1,102749.9,0.0,28.5,25.6,41,24.4,33.8,1727,11026,11878,15610,18793,18663,18633,11510,54852,3233
1782872755,1AC,102400000.0,102400000.0,14914595.0,14618356.0,1978754.1,1905584.0,447636.0,512930.2,102737.0,0.0,28.4,25.6,31,24.4,33.8,1727,11023,11878,15609,18793,18662,18637,11510,54845,3233
1782873056,1AC,102400000.0,102400000.0,14856592.0,14602655.0,1976307.0,1907449.5,447950.5,512449.1,102724.1,0.0,28.4,25.6,44,24.4,33.8,1727,11021,11874,15604,18792,18661,18637,11508,54836,3233
1782873356,1AC,102400000.0,102400000.0,14886555.0,14619933.0,1979277.6,1908488.5,448198.9,513211.8,102712.0,0.0,28.4,25.6,45,24.3,33.8,1726,11022,11875,15605,18794,18663,18636,11509,54845,3233
1782873657,1AC,102400000.0,102400000.0,14920068.0,14640927.0,1986081.6,1906820.0,447414.2,512730.9,102702.0,0.0,28.4,25.6,44,24.3,33.8,1726,11019,11875,15605,18791,18662,18635,11509,54843,3234
1782873955,1AC,102400000.0,102400000.0,14924825.0,14616981.0,1979009.5,1911379.5,447960.1,513552.0,102690.8,0.0,28.4,25.6,45,24.3,33.8,1726,11021,11875,15606,18791,18658,18633,11508,54836,3235
1782874256,1AC,102400000.0,102400000.0,14884093.0,14649616.0,1985371.1,1908932.4,447524.0,513724.7,102678.9,0.0,28.4,25.6,52,24.3,33.8,1726,11021,11875,15607,18793,18661,18634,11507,54836,3234
1782874557,1AC,102400000.0,102400000.0,14948891.0,14643688.0,1982972.1,1910671.0,447908.5,514218.0,102668.5,0.0,28.4,25.6,51,24.3,33.9,1726,11018,11872,15604,18792,18660,18633,11506,54834,3233
1782874855,1AC,102400000.0,102400000.0,14950685.0,14636207.0,1987287.6,1909314.1,448973.2,513011.2,102657.9,0.0,28.4,25.6,67,24.3,33.9,1726,11018,11873,15605,18791,18657,18631,11506,54832,3232
1782875155,1AC,102400000.0,102400000.0,14947995.0,14631347.0,1979228.6,1911603.4,447717.1,513096.2,102647.7,0.0,28.4,25.6,47,24.3,33.9,1727,11023,11876,15606,18794,18662,18636,11508,54842,3234
1782875456,1AC,102400000.0,102400000.0,14946496.0,14651387.0,1985459.4,1913575.1,448620.6,513635.4,102637.0,0.0,28.3,25.7,57,24.3,33.9,1727,11023,11876,15609,18800,18667,18643,11512,54860,3234
1782875757,1AC,102400000.0,102400000.0,14959377.0,14678755.0,1982463.9,1906809.4,448118.0,514025.2,102627.0,0.0,28.3,25.7,65,24.3,33.9,1726,11019,11873,15603,18791,18657,18631,11505,54843,3232
1782876058,1AC,102400000.0,102400000.0,14916309.0,14656384.0,1981548.0,1907978.5,448452.8,513068.2,102616.8,0.0,28.3,25.7,36,24.3,33.9,1726,11019,11873,15604,18794,18661,18635,11509,54837,3234
1782876355,1AC,102400000.0,102400000.0,14926396.0,14650799.0,1984422.9,1911955.0,449364.7,514248.3,102606.9,0.0,28.3,25.7,63,24.2,33.9,1726,11021,11874,15607,18794,18663,18635,11507,54842,3234
1782876656,1AC,102400000.0,102400000.0,14935581.0,14646443.0,1982718.4,1907269.4,448946.6,513914.4,102597.1,0.0,28.3,25.7,46,24.2,33.9,1726,11019,11873,15607,18796,18664,18636,11510,54847,3234
1782876956,1AC,102400000.0,102400000.0,14945823.0,14681624.0,1986353.0,1910807.4,448432.8,514106.8,102587.6,0.0,28.3,25.7,57,24.2,33.9,1726,11023,11874,15608,18803,18668,18641,11513,54863,3235
1782877257,1AC,102400000.0,102400000.0,14967068.0,14686529.0,1987293.5,1908506.6,448989.8,513060.5,102579.1,0.0,28.3,25.7,47,24.2,34.0,1727,11021,11876,15610,18798,18666,18639,11512,54853,3234
1782877555,1AC,102400000.0,102400000.0,14940423.0,14648308.0,1985917.6,1906417.6,449391.2,513048.2,102573.2,0.0,28.3,25.7,46,24.2,33.9,1726,11021,11874,15609,18795,18661,18636,11509,54841,3234
1782877855,1AC,102400000.0,102400000.0,14944616.0,14651403.0,1985465.1,1908311.1,448367.6,513224.7,102564.4,0.0,28.3,25.7,50,24.2,33.9,1726,11018,11869,15604,18794,18660,18634,11509,54844,3234
1782878156,1AC,102400000.0,102400000.0,14929295.0,14650897.0,1982208.5,1909129.4,448148.8,513875.8,102556.7,0.0,28.3,25.7,61,24.2,34.0,1726,11021,11874,15610,18796,18665,18639,11511,54855,3234
1782878457,1AC,102400000.0,102400000.0,14970584.0,14672137.0,1983775.4,1911079.0,448787.4,513428.3,102549.5,0.0,28.3,25.7,53,24.2,34.0,1725,11019,11873,15609,18789,18656,18633,11506,54832,3232
1782878755,1AC,102400000.0,102400000.0,14943999.0,14674967.0,1988297.0,1915561.5,448524.2,514075.2,102538.6,0.0,28.3,25.7,66,24.2,33.9,1726,11019,11874,15608,18799,18664,18639,11509,54853,3234
1782879055,1AC,102400000.0,102400000.0,14925924.0,14689479.0,1984050.5,1906485.4,448345.1,513907.2,102525.6,0.0,28.2,25.8,56,24.2,34.0,1726,11019,11872,15609,18795,18662,18639,11510,54853,3234
1782879356,1AC,102400000.0,102400000.0,14990008.0,14639936.0,1983338.4,1908484.4,448864.1,513665.8,102513.0,0.0,28.2,25.7,32,24.2,34.0,1725,11018,11871,15607,18797,18662,18639,11510,54850,3235
1782879656,1AC,102400000.0,102400000.0,14936149.0,14615560.0,1985220.0,1915000.5,449327.4,513422.8,102499.0,0.0,28.2,25.7,65,24.1,34.0,1726,11017,11870,15605,18797,18661,18638,11508,54850,3236
1782879957,1AC,102400000.0,102400000.0,14975369.0,14663461.0,1984569.4,1911195.6,448902.1,513734.0,102484.1,0.0,28.2,25.8,54,24.1,34.0,1727,11021,11875,15612,18799,18665,18638,11509,54850,3235
1782880255,1AC,102400000.0,102400000.0,14985555.0,14658693.0,1989709.4,1916147.9,449705.3,514203.5,102470.4,0.0,28.2,25.8,57,24.1,34.0,1725,11017,11870,15607,18792,18660,18635,11507,54834,3234
1782880556,1AC,102400000.0,102400000.0,14973140.0,14679400.0,1988025.6,1916689.4,449368.1,514741.2,102457.5,0.0,28.1,25.8,48,24.1,34.0,1725,11014,11867,15602,18787,18654,18629,11505,54819,3233
1782880856,1AC,102400000.0,102400000.0,14965468.0,14672208.0,1988522.1,1912660.1,449388.5,514441.2,102443.0,0.0,28.1,25.8,51,24.1,34.0,1725,11017,11868,15607,18791,18658,18634,11507,54835,3236
1782881157,1AC,102400000.0,102400000.0,14981045.0,14709052.0,1989432.1,1914010.6,449799.2,514086.2,102430.3,0.0,28.1,25.8,58,24.0,34.1,1726,11015,11869,15607,18796,18662,18638,11509,54845,3235
1782881455,1AC,102400000.0,102400000.0,15004587.0,14695064.0,1989838.0,1920336.9,450533.1,515665.2,102417.5,0.0,28.1,25.8,37,24.0,34.0,1725,11017,11868,15605,18796,18658,18636,11510,54840,3235
1782881755,1AC,102400000.0,102400000.0,14975371.0,14725745.0,1994334.1,1917134.9,450318.5,515211.6,102405.2,0.0,28.1,25.8,72,24.0,34.0,1725,11015,11867,15606,18794,18661,18638,11509,54842,3234
1782882056,1AC,102400000.0,102400000.0,15052960.0,14756852.0,1993303.0,1917182.6,449931.2,515923.5,102393.0,0.0,28.1,25.8,30,24.0,34.1,1725,11014,11865,15607,18796,18655,18634,11509,54844,3234
1782882357,1AC,102400000.0,102400000.0,15050713.0,14763837.0,1996277.4,1922778.1,450745.4,517066.5,102380.6,0.0,28.0,25.8,29,24.0,34.0,1726,11015,11866,15606,18794,18660,18635,11508,54836,3234
1782882658,1AC,102400000.0,102400000.0,15035884.0,14792668.0,1997717.0,1922992.0,450399.7,516450.2,102369.2,0.0,28.0,25.8,54,23.9,34.1,1726,11023,11871,15617,18806,18669,18644,11513,54863,3236
1782882955,1AC,102400000.0,102400000.0,15082921.0,14772107.0,1994591.0,1922616.1,450038.6,515657.0,102356.9,0.0,28.0,25.8,36,23.9,34.1,1726,11018,11870,15613,18797,18662,18640,11510,54852,3238
1782883256,1AC,102400000.0,102400000.0,15057780.0,14801053.0,2001396.6,1925915.0,451332.6,516448.4,102345.3,0.0,28.0,25.8,73,23.9,34.1,1725,11014,11865,15606,18797,18661,18637,11508,54838,3235
1782883557,1AC,102400000.0,102400000.0,15135613.0,14783949.0,2002651.9,1921156.1,453124.0,517793.6,102334.0,0.0,27.9,25.8,45,23.9,34.1,1726,11017,11867,15611,18798,18659,18638,11511,54837,3235
1782883858,1AC,102400000.0,102400000.0,15096960.0,14823915.0,2001150.6,1924662.5,452251.5,516404.7,102323.2,0.0,27.9,25.9,54,23.9,34.1,1725,11014,11863,15604,18802,18660,18639,11510,54846,3235
1782884155,1AC,102400000.0,102400000.0,15118491.0,14820848.0,2005267.4,1930385.6,452198.1,517209.2,102312.0,0.0,27.9,25.9,51,23.8,34.1,1725,11015,11865,15608,18797,18662,18636,11508,54843,3235
1782884456,1AC,102400000.0,102400000.0,15143527.0,14810057.0,2005206.6,1930793.5,451949.3,516841.8,102301.6,0.0,27.9,25.9,43,23.8,34.1,1725,11013,11863,15607,18793,18656,18633,11507,54833,3234
1782884756,1AC,102400000.0,102400000.0,15128312.0,14874285.0,2006230.4,1930938.4,453355.1,516691.2,102291.4,0.0,27.9,25.9,61,23.8,34.1,1725,11014,11863,15608,18803,18666,18643,11512,54861,3238
1782885355,1AC,102400000.0,102400000.0,16411700.0,16178591.0,2189615.2,2151567.0,517072.1,620388.6,105818.3,0.0,27.6,14.7,97,23.6,22.2,1726,11024,11871,15625,18816,18676,18654,11518,54898,3237
1782885656,1AC,102400000.0,102400000.0,20419846.0,20038386.0,2612352.0,2530229.0,561819.9,645568.7,105886.3,0.0,27.7,17.1,70,23.6,24.1,1725,11019,11866,15618,18810,18668,18646,11513,54876,3236
1782885957,1AC,102400000.0,102400000.0,21211654.0,20757064.0,2692269.2,2605989.2,571723.4,650583.9,105906.1,0.0,27.7,18.3,92,23.6,25.3,1725,11019,11865,15618,18807,18668,18646,11513,54871,3236
1782886257,1AC,102400000.0,102400000.0,21272466.0,20859560.0,2700387.2,2615094.0,572567.9,651693.9,105906.7,0.0,27.7,19.0,53,23.6,26.0,1726,11021,11867,15620,18808,18668,18646,11512,54874,3237
1782886555,1AC,102400000.0,102400000.0,21142184.0,20739098.0,2696121.2,2602151.2,570882.3,648137.3,105896.9,0.0,27.7,19.5,90,23.6,26.5,1725,11018,11864,15616,18807,18666,18643,11512,54860,3236
1782886855,1AC,102400000.0,102400000.0,20903978.0,20659006.0,2674038.2,2588695.0,567463.7,645162.6,105881.9,0.0,27.7,19.9,86,23.6,27.0,1725,11020,11866,15616,18807,18666,18643,11511,54863,3236
1782887156,1AC,102400000.0,102400000.0,20826930.0,20466576.0,2659105.8,2566120.0,566481.8,639996.9,105863.3,0.0,27.7,20.2,85,23.6,27.3,1725,11018,11865,15617,18807,18669,18646,11512,54874,3238
1782887457,1AC,102400000.0,102400000.0,20610240.0,20304430.0,2642379.8,2554198.5,563853.7,637807.9,105842.0,0.0,27.7,20.4,99,23.6,27.6,1725,11018,11865,15615,18803,18666,18641,11513,54858,3236
1782887758,1AC,102400000.0,102400000.0,20468504.0,20188974.0,2624495.2,2538099.8,560116.7,636320.3,105819.8,0.0,27.7,20.7,75,23.6,27.8,1726,11019,11864,15619,18811,18671,18647,11515,54876,3237
1782888055,1AC,102400000.0,102400000.0,20329640.0,20036306.0,2615211.0,2524950.8,558475.7,631856.1,105795.9,0.0,27.7,20.8,83,23.6,28.0,1724,11015,11862,15614,18801,18660,18636,11507,54846,3235
1782888356,1AC,102400000.0,102400000.0,20264598.0,19913922.0,2600979.0,2516265.8,555246.7,629989.8,105771.1,0.0,27.7,21.0,84,23.6,28.2,1725,11019,11866,15621,18808,18671,18645,11514,54864,3237
1782888657,1AC,102400000.0,102400000.0,20126424.0,19799394.0,2582007.2,2501363.8,554146.4,629764.9,105746.1,0.0,27.6,21.1,105,23.6,28.3,1725,11018,11864,15618,18807,18669,18643,11512,54871,3237
1782888955,1AC,102400000.0,102400000.0,20026472.0,19783222.0,2575861.0,2494725.8,551947.2,627349.0,105720.8,0.0,27.6,21.2,103,23.6,28.4,1725,11018,11864,15621,18809,18668,18645,11514,54877,3237
1782889256,1AC,102400000.0,102400000.0,20032760.0,19677350.0,2570064.8,2478736.2,550175.4,624978.1,105695.2,0.0,27.6,21.3,76,23.6,28.6,1725,11017,11863,15619,18805,18665,18642,11510,54855,3236
1782889557,1AC,102400000.0,102400000.0,19961418.0,19567064.0,2564136.8,2475284.0,548736.3,624622.6,105670.1,0.0,27.6,21.4,101,23.6,28.7,1725,11020,11863,15619,18809,18669,18646,11514,54872,3237
1782889855,1AC,102400000.0,102400000.0,19869254.0,19509608.0,2553879.0,2467057.0,546594.1,622856.6,105644.6,0.0,27.6,21.5,81,23.5,28.8,1724,11017,11862,15616,18807,18666,18644,11513,54861,3237
1782890156,1AC,102400000.0,102400000.0,19743014.0,19449184.0,2544988.2,2463526.8,547208.4,621694.0,105619.2,0.0,27.6,21.6,94,23.5,28.9,1725,11015,11862,15618,18808,18667,18644,11513,54866,3237
1782890456,1AC,102400000.0,102400000.0,19738110.0,19424070.0,2541564.8,2450284.2,544478.2,621338.4,105593.7,0.0,27.6,21.7,91,23.5,29.0,1725,11020,11866,15623,18813,18671,18651,11516,54887,3238
1782890757,1AC,102400000.0,102400000.0,19606850.0,19281206.0,2529043.0,2444415.2,543897.3,618720.0,105567.9,0.0,27.6,21.8,94,23.5,29.0,1724,11014,11861,15616,18807,18666,18645,11513,54870,3237
1782891055,1AC,102400000.0,102400000.0,19578016.0,19316512.0,2526184.2,2444624.8,543131.8,617763.7,105541.6,0.0,27.6,21.8,96,23.5,29.1,1725,11016,11863,15619,18806,18666,18648,11514,54863,3237
1782891355,1AC,102400000.0,102400000.0,19555418.0,19264078.0,2518238.5,2433813.8,541179.2,615676.4,105516.1,0.0,27.6,21.9,70,23.5,29.2,1725,11018,11862,15617,18807,18667,18645,11512,54858,3237
1782891656,1AC,102400000.0,102400000.0,19482070.0,19198802.0,2514314.2,2426788.2,540178.4,614893.4,105491.1,0.0,27.6,22.0,95,23.5,29.3,1724,11015,11860,15615,18800,18658,18638,11509,54838,3236
1782891957,1AC,102400000.0,102400000.0,19431528.0,19174304.0,2506389.2,2423434.2,539942.4,615194.1,105466.7,0.0,27.6,22.0,101,23.5,29.4,1725,11018,11863,15619,18810,18669,18648,11514,54872,3237
1782892258,1AC,102400000.0,102400000.0,19390414.0,19039026.0,2510168.0,2422291.0,538726.8,612186.4,105441.3,0.0,27.5,22.0,121,23.5,29.4,1725,11013,11859,15615,18803,18662,18641,11510,54850,3236
1782892555,1AC,102400000.0,102400000.0,19326606.0,19035992.0,2497522.0,2417849.0,537938.2,612325.8,105416.2,0.0,27.5,22.1,89,23.4,29.5,1725,11018,11864,15622,18808,18671,18648,11513,54867,3237
1782892856,1AC,102400000.0,102400000.0,19271776.0,19025002.0,2497009.8,2415690.8,537882.2,610646.3,105392.2,0.0,27.5,22.2,84,23.4,29.5,1724,11015,11859,15616,18800,18658,18637,11507,54841,3236
1782893157,1AC,102400000.0,102400000.0,19296882.0,19025854.0,2495967.2,2407990.2,536791.8,610827.4,105367.7,0.0,27.5,22.2,101,23.5,29.6,1724,11014,11860,15617,18806,18665,18642,11512,54855,3237
1782893458,1AC,102400000.0,102400000.0,19225210.0,18906346.0,2487603.2,2403257.2,536404.4,609243.8,105342.7,0.0,27.5,22.2,98,23.4,29.6,1725,11013,11858,15615,18805,18665,18642,11511,54860,3237
1782893755,1AC,102400000.0,102400000.0,19227250.0,18924678.0,2485320.8,2395309.8,534924.8,608749.8,105318.8,0.0,27.5,22.3,78,23.4,29.6,1724,11013,11858,15613,18804,18665,18641,11510,54850,3237
1782894056,1AC,102400000.0,102400000.0,19160002.0,18833034.0,2481903.8,2398432.8,534222.6,607614.6,105295.2,0.0,27.5,22.3,96,23.4,29.7,1725,11016,11859,15618,18811,18671,18647,11515,54863,3238
1782894357,1AC,102400000.0,102400000.0,19135142.0,18811752.0,2478830.5,2396537.8,534096.1,607558.0,105271.4,0.0,27.5,22.4,99,23.4,29.8,1725,11013,11857,15613,18804,18663,18641,11511,54859,3237
1782894658,1AC,102400000.0,102400000.0,19128864.0,18824982.0,2467971.2,2390091.0,532755.1,606470.2,105246.7,0.0,27.5,22.5,69,23.4,29.8,1724,11012,11856,15615,18800,18659,18638,11508,54843,3235
1782894955,1AC,102400000.0,102400000.0,19090090.0,18737494.0,2472024.8,2387109.0,532273.6,606676.8,105223.7,0.0,27.5,22.5,77,23.4,29.9,1724,11014,11859,15617,18807,18668,18646,11513,54870,3237
1782895256,1AC,102400000.0,102400000.0,19081072.0,18751738.0,2469862.0,2379365.8,531991.2,605020.2,105200.5,0.0,27.5,22.5,84,23.4,29.9,1724,11014,11859,15615,18806,18665,18643,11511,54860,3237
1782895557,1AC,102400000.0,102400000.0,19058554.0,18747970.0,2462091.8,2376876.0,531411.3,604709.7,105178.0,0.0,27.5,22.6,82,23.4,29.9,1725,11016,11860,15617,18809,18667,18645,11513,54860,3237
1782895858,1AC,102400000.0,102400000.0,18978674.0,18707248.0,2459917.0,2377320.8,530636.2,604743.2,105154.4,0.0,27.4,22.6,78,23.4,30.0,1724,11011,11856,15614,18803,18662,18640,11510,54849,3236
1782896155,1AC,102400000.0,102400000.0,18968946.0,18629702.0,2453008.2,2369472.2,530723.5,602828.2,105131.2,0.0,27.5,22.6,96,23.4,30.0,1723,11008,11852,15607,18800,18657,18636,11508,54837,3237
1782896456,1AC,102400000.0,102400000.0,18933590.0,18652576.0,2450862.2,2369007.0,529460.8,601858.7,105108.6,0.0,27.5,22.7,114,23.4,30.0,1724,11011,11856,15614,18803,18662,18643,11510,54853,3237
1782896757,1AC,102400000.0,102400000.0,18936100.0,18593400.0,2447312.8,2365318.0,529066.1,602072.1,105086.5,0.0,27.4,22.7,75,23.4,30.1,1724,11011,11856,15615,18804,18660,18640,11509,54843,3237
1782897057,1AC,102400000.0,102400000.0,18890818.0,18568714.0,2448454.0,2365473.0,529449.1,602113.9,105064.0,0.0,27.4,22.7,80,23.4,30.1,1724,11008,11853,15610,18799,18657,18634,11506,54823,3237
1782897355,1AC,102400000.0,102400000.0,18889206.0,18584218.0,2442771.2,2360718.8,528454.9,602256.9,105041.9,0.0,27.4,22.8,69,23.4,30.2,1724,11011,11853,15611,18799,18655,18634,11506,54828,3237
1782897656,1AC,102400000.0,102400000.0,18846170.0,18524048.0,2440564.8,2357692.0,528518.1,600619.6,105019.8,0.0,27.4,22.8,65,23.4,30.2,1724,11014,11856,15615,18804,18664,18639,11507,54847,3236
1782897957,1AC,102400000.0,102400000.0,18865934.0,18561858.0,2436163.0,2354924.0,527232.6,599911.1,104998.0,0.0,27.4,22.8,75,23.3,30.2,1724,11013,11855,15613,18803,18658,18637,11507,54835,3236
1782898258,1AC,102400000.0,102400000.0,18779754.0,18441360.0,2433233.0,2349350.2,526976.8,599776.8,104976.3,0.0,27.4,22.8,74,23.3,30.3,1724,11012,11856,15616,18806,18663,18642,11510,54843,3237
1782898555,1AC,102400000.0,102400000.0,18748466.0,18375154.0,2434715.8,2349975.0,526132.2,600066.4,104954.8,0.0,27.4,22.8,67,23.3,30.3,1724,11009,11852,15611,18803,18662,18638,11508,54835,3237
1782898856,1AC,102400000.0,102400000.0,18709206.0,18417376.0,2430413.8,2345968.8,525437.3,598337.0,104933.8,0.0,27.4,22.9,78,23.3,30.3,1724,11010,11854,15613,18801,18661,18638,11508,54842,3238
1782899157,1AC,102400000.0,102400000.0,18766110.0,18390854.0,2425884.2,2346523.8,524041.2,598026.9,104912.5,0.0,27.4,22.9,61,23.3,30.3,1724,11011,11856,15614,18800,18658,18636,11506,54845,3239
1782899458,1AC,102400000.0,102400000.0,18701090.0,18395864.0,2424963.8,2339814.0,525756.6,597405.7,104891.7,0.0,27.4,22.9,63,23.3,30.4,1724,11012,11856,15615,18805,18664,18641,11510,54847,3237
1782899755,1AC,102400000.0,102400000.0,18697414.0,18349024.0,2416779.8,2334130.5,525855.9,597259.8,104871.3,0.0,27.4,23.0,76,23.3,30.4,1724,11008,11852,15611,18803,18659,18639,11510,54843,3237
1782900056,1AC,102400000.0,102400000.0,18660128.0,18293102.0,2424125.8,2337053.0,523785.8,596057.1,104850.2,0.0,27.4,23.0,76,23.3,30.4,1724,11011,11854,15614,18804,18665,18640,11509,54848,3237
1782900357,1AC,102400000.0,102400000.0,18585850.0,18284056.0,2412089.0,2335509.5,523621.1,595265.1,104828.8,0.0,27.4,23.0,91,23.3,30.5,1724,11013,11855,15616,18806,18666,18644,11511,54856,3238
1782900655,1AC,102400000.0,102400000.0,18626872.0,18255494.0,2416451.2,2339215.2,523904.1,595694.4,104809.0,0.0,27.4,23.0,68,23.3,30.5,1723,11009,11853,15612,18803,18660,18636,11507,54834,3236
1782900956,1AC,102400000.0,102400000.0,18611670.0,18259018.0,2410222.2,2333887.2,522557.0,594995.0,104788.4,0.0,27.4,23.1,93,23.3,30.5,1723,11007,11849,15607,18797,18656,18633,11505,54823,3236
1782901257,1AC,102400000.0,102400000.0,18594976.0,18257842.0,2404866.5,2330363.0,522607.2,595604.2,104768.2,0.0,27.4,23.1,79,23.3,30.5,1724,11013,11856,15619,18810,18667,18646,11514,54858,3238
1782901554,1AC,102400000.0,102400000.0,18488970.0,18263792.0,2405889.2,2321609.2,521674.9,594230.3,104748.0,0.0,27.4,23.1,86,23.3,30.6,1724,11011,11855,15616,18805,18666,18644,11511,54857,3238
1782901855,1AC,102400000.0,102400000.0,18517318.0,18221006.0,2404372.0,2322298.2,521989.2,594514.3,104728.5,0.0,27.4,23.1,76,23.3,30.6,1724,11014,11857,15618,18804,18664,18642,11510,54847,3238
1782902156,1AC,102400000.0,102400000.0,18530662.0,18170734.0,2398545.2,2320357.2,521354.5,593248.9,104708.7,0.0,27.4,23.2,72,23.3,30.6,1723,11006,11849,15610,18796,18654,18631,11504,54825,3236
1782902457,1AC,102400000.0,102400000.0,18525638.0,18155942.0,2400625.8,2319815.2,520963.0,592833.4,104689.7,0.0,27.4,23.2,67,23.3,30.7,1723,11006,11849,15609,18805,18660,18639,11510,54852,3238
1782902755,1AC,102400000.0,102400000.0,18458626.0,18154908.0,2395492.0,2322954.8,520241.4,592490.1,104671.2,0.0,27.4,23.2,70,23.3,30.7,1724,11006,11849,15611,18802,18657,18637,11508,54832,3236
1782903056,1AC,102400000.0,102400000.0,18428314.0,18154334.0,2396372.2,2310676.8,520179.8,592391.5,104652.1,0.0,27.4,23.2,82,23.3,30.7,1724,11013,11856,15618,18810,18665,18647,11512,54859,3238
1782903357,1AC,102400000.0,102400000.0,18411290.0,18158954.0,2390777.2,2316771.2,519530.5,590852.1,104632.6,0.0,27.4,23.2,67,23.3,30.7,1724,11009,11854,15614,18803,18660,18640,11508,54851,3237
1782903658,1AC,102400000.0,102400000.0,18415726.0,18116378.0,2393384.8,2312263.2,519744.0,590828.1,104613.5,0.0,27.4,23.2,58,23.3,30.7,1724,11010,11854,15613,18807,18664,18642,11511,54852,3238
1782903955,1AC,102400000.0,102400000.0,18409664.0,18132512.0,2393376.0,2306740.0,519855.4,590631.5,104595.0,0.0,27.4,23.3,74,23.3,30.8,1725,11017,11861,15624,18817,18674,18654,11518,54883,3239
1782904256,1AC,102400000.0,102400000.0,18360570.0,18078184.0,2387159.2,2305262.0,518680.0,589818.8,104576.3,0.0,27.4,23.3,72,23.3,30.8,1725,11014,11858,15620,18809,18666,18647,11512,54861,3239
1782904557,1AC,102400000.0,102400000.0,18409670.0,18072618.0,2387974.0,2307266.2,518947.0,589619.2,104557.4,0.0,27.4,23.3,75,23.3,30.8,1723,11008,11851,15611,18800,18659,18637,11508,54841,3238
1782904855,1AC,102400000.0,102400000.0,18403878.0,17955104.0,2386199.0,2305428.8,517732.4,589603.1,104539.2,0.0,27.4,23.3,106,23.3,30.9,1725,11012,11857,15618,18802,18660,18641,11510,54850,3238
1782905156,1AC,102400000.0,102400000.0,18313888.0,17999616.0,2379571.0,2304738.2,518254.8,590178.6,104520.9,0.0,27.3,23.3,61,23.3,30.9,1724,11011,11855,15615,18804,18664,18642,11510,54852,3238
1782905457,1AC,102400000.0,102400000.0,18232606.0,17949832.0,2382056.0,2300326.0,516941.4,588861.8,104502.1,0.0,27.3,23.4,75,23.3,30.9,1724,11012,11856,15619,18806,18663,18642,11511,54852,3237
1782905755,1AC,102400000.0,102400000.0,18299126.0,17938618.0,2380060.8,2294126.8,517677.1,588410.8,104484.0,0.0,27.3,23.4,88,23.3,30.9,1724,11013,11856,15621,18805,18664,18643,11511,54856,3238
1782906056,1AC,102400000.0,102400000.0,18230254.0,17970056.0,2378360.2,2290841.0,516736.4,587127.2,104466.0,0.0,27.3,23.4,60,23.3,31.0,1724,11008,11849,15614,18802,18659,18637,11508,54832,3237
1782906357,1AC,102400000.0,102400000.0,18230178.0,17923666.0,2371556.8,2292029.2,515920.7,587849.3,104448.1,0.0,27.3,23.4,60,23.3,31.0,1724,11009,11853,15615,18801,18658,18636,11508,54833,3237
1782906658,1AC,102400000.0,102400000.0,18254560.0,17960928.0,2372409.2,2288695.0,516017.8,587390.5,104430.5,0.0,27.3,23.5,70,23.3,31.0,1723,11007,11851,15610,18803,18660,18639,11510,54846,3238
1782906955,1AC,102400000.0,102400000.0,18223536.0,17906768.0,2369412.0,2291924.2,515820.0,585775.3,104413.2,0.0,27.3,23.5,64,23.3,31.0,1723,11008,11850,15611,18799,18658,18636,11507,54831,3238
1782907256,1AC,102400000.0,102400000.0,18253110.0,17910816.0,2371897.0,2292748.8,515490.0,586327.3,104395.8,0.0,27.3,23.5,70,23.3,31.0,1723,11007,11851,15613,18799,18657,18638,11507,54835,3237
1782907557,1AC,102400000.0,102400000.0,18184454.0,17884980.0,2367039.2,2285913.0,515084.6,585962.1,104378.8,0.0,27.3,23.5,62,23.3,31.0,1724,11011,11855,15619,18802,18659,18640,11508,54835,3237
1782907855,1AC,102400000.0,102400000.0,18205638.0,17865048.0,2365450.8,2283346.0,514625.0,586022.2,104361.4,0.0,27.3,23.5,82,23.3,31.1,1724,11013,11857,15620,18805,18665,18641,11510,54846,3238
1782908156,1AC,102400000.0,102400000.0,18170886.0,17849330.0,2362553.0,2279789.8,514040.9,585456.4,104344.2,0.0,27.3,23.6,80,23.3,31.1,1724,11011,11854,15617,18804,18661,18641,11511,54854,3238
1782908457,1AC,102400000.0,102400000.0,18198614.0,17855080.0,2362332.0,2277402.0,514016.7,584444.7,104328.0,0.0,27.3,23.5,65,23.3,31.1,1723,11011,11855,15614,18808,18664,18643,11512,54852,3238
1782908758,1AC,102400000.0,102400000.0,18191278.0,17798416.0,2364601.0,2278546.2,513531.2,585926.6,104311.3,0.0,27.3,23.6,63,23.3,31.1,1723,11007,11852,15611,18797,18654,18635,11506,54831,3236
1782909055,1AC,102400000.0,102400000.0,18096720.0,17835502.0,2359475.0,2274751.8,512695.5,585152.3,104294.5,0.0,27.3,23.6,65,23.3,31.2,1723,11006,11849,15609,18799,18654,18632,11505,54818,3237
1782909356,1AC,102400000.0,102400000.0,18106826.0,17781446.0,2354683.8,2273149.2,512759.3,584477.0,104278.0,0.0,27.3,23.6,58,23.3,31.1,1723,11005,11850,15611,18800,18658,18637,11507,54828,3237
1782909657,1AC,102400000.0,102400000.0,18076426.0,17724850.0,2353970.8,2273610.2,511901.8,584363.2,104263.4,0.0,27.3,23.6,74,23.3,31.1,1723,11003,11847,15607,18793,18650,18630,11503,54816,3236
1782909955,1AC,102400000.0,102400000.0,18081054.0,17771150.0,2352907.8,2271228.8,512103.4,583668.5,104247.5,0.0,27.3,23.6,93,23.3,31.2,1723,11008,11850,15610,18802,18658,18638,11508,54846,3238
1782910256,1AC,102400000.0,102400000.0,18027126.0,17776932.0,2350074.2,2274981.2,512935.6,583021.9,104229.5,0.0,27.3,23.7,77,23.3,31.2,1724,11010,11854,15617,18804,18662,18639,11509,54841,3237
1782910557,1AC,102400000.0,102400000.0,18027528.0,17720400.0,2352872.2,2270003.0,512147.7,581703.2,104210.4,0.0,27.3,23.6,63,23.2,31.2,1723,11005,11848,15610,18797,18654,18633,11504,54825,3237
1782910855,1AC,102400000.0,102400000.0,18062610.0,17728488.0,2347984.2,2265510.8,511252.8,582480.2,104190.7,0.0,27.3,23.6,64,23.3,31.2,1724,11007,11851,15613,18798,18656,18633,11505,54827,3236
1782911156,1AC,102400000.0,102400000.0,18053818.0,17727450.0,2348283.0,2267803.0,511539.7,581723.5,104171.5,0.0,27.3,23.7,83,23.2,31.3,1724,11010,11854,15616,18803,18662,18640,11509,54840,3237
1782911457,1AC,102400000.0,102400000.0,18030346.0,17657938.0,2343245.8,2262203.2,511523.1,582360.8,104153.1,0.0,27.3,23.7,62,23.2,31.3,1724,11005,11849,15610,18803,18656,18637,11507,54833,3237
1782911757,1AC,102400000.0,102400000.0,17938494.0,17674966.0,2343658.0,2265491.5,510471.0,581128.8,104135.0,0.0,27.3,23.7,67,23.2,31.3,1723,11007,11850,15613,18802,18660,18638,11508,54836,3238
1782912055,1AC,102400000.0,102400000.0,17937294.0,17670994.0,2344270.2,2262085.0,510491.7,581869.9,104117.2,0.0,27.3,23.7,65,23.2,31.3,1723,11004,11848,15607,18801,18659,18637,11507,54833,3237
1782912356,1AC,102400000.0,102400000.0,17958606.0,17606896.0,2346866.8,2261654.2,510238.1,580610.4,104099.4,0.0,27.3,23.8,71,23.2,31.3,1723,11006,11847,15608,18798,18652,18633,11505,54823,3236
1782912657,1AC,102400000.0,102400000.0,17942520.0,17662896.0,2341803.2,2261541.8,510200.7,580437.8,104081.3,0.0,27.3,23.7,47,23.2,31.4,1724,11006,11849,15611,18800,18660,18637,11508,54840,3237
1782912957,1AC,102400000.0,102400000.0,17957852.0,17631670.0,2341583.2,2263195.8,510448.1,580727.8,104064.1,0.0,27.3,23.8,68,23.2,31.4,1723,11003,11847,15610,18800,18655,18633,11507,54836,3237
1782913255,1AC,102400000.0,102400000.0,17968242.0,17638860.0,2341712.8,2261178.2,510846.4,580654.4,104046.7,0.0,27.3,23.8,77,23.2,31.4,1723,11006,11849,15611,18799,18655,18636,11507,54834,3237
1782913556,1AC,102400000.0,102400000.0,17956106.0,17583556.0,2335775.2,2256304.0,509777.2,580215.0,104030.2,0.0,27.3,23.8,78,23.2,31.4,1723,11006,11849,15611,18803,18658,18638,11507,54828,3238
1782913856,1AC,102400000.0,102400000.0,17894720.0,17631310.0,2341961.0,2257488.0,509972.6,581006.7,104013.5,0.0,27.2,23.8,81,23.2,31.4,1723,11007,11849,15613,18803,18658,18638,11508,54834,3239
1782914157,1AC,102400000.0,102400000.0,17950026.0,17613162.0,2335133.8,2254721.8,509948.1,581486.3,103997.0,0.0,27.2,23.8,83,23.2,31.4,1723,11007,11849,15612,18796,18651,18632,11505,54818,3237
1782914455,1AC,102400000.0,102400000.0,17914430.0,17587854.0,2338803.2,2253331.0,510158.6,580612.5,103980.8,0.0,27.2,23.8,47,23.2,31.4,1723,11004,11848,15610,18803,18660,18639,11510,54849,3238
1782914756,1AC,102400000.0,102400000.0,17931506.0,17551142.0,2334290.8,2251928.2,509487.2,579642.6,103965.0,0.0,27.2,23.9,73,23.2,31.5,1724,11005,11845,15611,18803,18656,18637,11507,54829,3237
1782915057,1AC,102400000.0,102400000.0,17942934.0,17572662.0,2334358.2,2254530.0,509634.7,579781.8,103949.1,0.0,27.2,23.9,49,23.2,31.5,1724,11008,11850,15616,18805,18663,18639,11508,54849,3238
1782915358,1AC,102400000.0,102400000.0,17940934.0,17577450.0,2335512.8,2250716.8,508535.2,579203.6,103932.6,0.0,27.2,23.9,69,23.1,31.5,1724,11006,11849,15612,18799,18655,18634,11505,54827,3236
1782915655,1AC,102400000.0,102400000.0,17915078.0,17589300.0,2333062.0,2248686.5,508781.6,580335.9,103917.0,0.0,27.2,23.9,70,23.1,31.5,1723,11005,11847,15610,18798,18658,18637,11507,54827,3236
1782915956,1AC,102400000.0,102400000.0,17851712.0,17578690.0,2330714.8,2248803.8,509395.7,579516.5,103901.3,0.0,27.2,23.9,49,23.1,31.5,1724,11008,11848,15614,18800,18657,18637,11506,54843,3240
1782916257,1AC,102400000.0,102400000.0,17874246.0,17562200.0,2328432.8,2248471.2,509049.7,579092.2,103885.8,0.0,27.2,23.9,62,23.1,31.5,1723,11006,11848,15614,18803,18660,18638,11508,54842,3239
1782916554,1AC,102400000.0,102400000.0,17849766.0,17543162.0,2326146.8,2244682.2,508433.2,578319.3,103870.3,0.0,27.2,23.9,44,23.1,31.6,1723,11004,11845,15611,18799,18653,18632,11505,54824,3238
1782916855,1AC,102400000.0,102400000.0,17905414.0,17542150.0,2329278.2,2251765.2,508126.6,578766.5,103855.4,0.0,27.2,23.9,52,23.1,31.6,1723,11006,11848,15614,18800,18657,18638,11507,54840,3239
1782917156,1AC,102400000.0,102400000.0,17895822.0,17561824.0,2327788.8,2248692.2,506831.6,578750.2,103840.5,0.0,27.2,24.0,75,23.1,31.6,1722,11004,11846,15611,18802,18655,18635,11506,54824,3237
1782917457,1AC,102400000.0,102400000.0,17837940.0,17568766.0,2325947.2,2244413.2,507272.9,578026.1,103825.5,0.0,27.2,24.0,85,23.1,31.6,1723,11006,11847,15611,18805,18658,18638,11508,54839,3237
1782917754,1AC,102400000.0,102400000.0,17873330.0,17536410.0,2326670.2,2246985.2,507958.4,577313.8,103810.6,0.0,27.2,24.0,60,23.1,31.6,1723,11002,11844,15608,18800,18656,18636,11506,54825,3239
1782918055,1AC,102400000.0,102400000.0,17836216.0,17563566.0,2318373.0,2243244.8,507118.3,577198.3,103795.9,0.0,27.2,24.0,71,23.1,31.6,1723,11006,11847,15613,18804,18659,18640,11507,54836,3237
1782918356,1AC,102400000.0,102400000.0,17849438.0,17543672.0,2326214.0,2244893.8,507633.2,578897.4,103781.2,0.0,27.2,24.0,61,23.1,31.7,1723,11003,11843,15609,18798,18653,18635,11506,54819,3237
1782918657,1AC,102400000.0,102400000.0,17845970.0,17503166.0,2321732.0,2239827.8,506606.2,577594.3,103767.2,0.0,27.2,24.0,58,23.1,31.7,1723,11003,11844,15608,18801,18657,18635,11508,54829,3237
1782918955,1AC,102400000.0,102400000.0,17833828.0,17508130.0,2319943.0,2239214.8,507710.4,577139.9,103752.9,0.0,27.2,24.0,46,23.1,31.7,1723,11007,11848,15616,18805,18659,18640,11509,54844,3238
1782919256,1AC,102400000.0,102400000.0,17774474.0,17470920.0,2322018.5,2239985.8,507535.7,576695.8,103738.1,0.0,27.1,24.0,58,23.1,31.7,1723,11004,11845,15611,18799,18657,18636,11506,54833,3238
1782919557,1AC,102400000.0,102400000.0,17806978.0,17426978.0,2319578.2,2237567.0,507280.9,576526.3,103724.5,0.0,27.1,24.0,53,23.1,31.7,1723,11001,11843,15609,18796,18650,18631,11504,54817,3236
1782919857,1AC,102400000.0,102400000.0,17802530.0,17443582.0,2318882.0,2242764.2,506577.4,576013.4,103710.7,0.0,27.1,24.1,71,23.1,31.7,1722,11000,11842,15608,18797,18653,18632,11506,54823,3237
1782920155,1AC,102400000.0,102400000.0,17784726.0,17489034.0,2320556.5,2243022.0,506230.1,576608.1,103696.9,0.0,27.1,24.1,64,23.1,31.7,1722,10997,11841,15605,18794,18650,18628,11502,54805,3236
1782920456,1AC,102400000.0,102400000.0,17765552.0,17425426.0,2316566.0,2236852.8,506316.1,576372.7,103683.6,0.0,27.1,24.1,59,23.1,31.7,1723,11005,11846,15611,18803,18659,18637,11506,54828,3238
1782920757,1AC,102400000.0,102400000.0,17766690.0,17475178.0,2319070.2,2239652.0,506302.1,575987.0,103671.1,0.0,27.1,24.1,76,23.1,31.8,1724,11007,11850,15617,18802,18657,18638,11507,54827,3239
1782921058,1AC,102400000.0,102400000.0,17768610.0,17439778.0,2320326.0,2236490.8,506800.5,576517.6,103660.9,0.0,27.1,24.1,71,23.1,31.8,1723,11003,11845,15609,18802,18653,18635,11505,54835,3237
1782921355,1AC,102400000.0,102400000.0,17710462.0,17442264.0,2311734.2,2232352.0,506080.1,575922.4,103651.7,0.0,27.1,24.1,56,23.1,31.8,1723,11004,11846,15613,18804,18658,18641,11507,54843,3238
1782921656,1AC,102400000.0,102400000.0,17767912.0,17443394.0,2310988.0,2231706.8,506061.9,574901.1,103644.0,0.0,27.1,24.1,61,23.1,31.8,1723,11003,11845,15612,18799,18652,18633,11504,54829,3236
1782921957,1AC,102400000.0,102400000.0,17692688.0,17323366.0,2310122.0,2225526.8,504193.8,575370.2,103639.5,0.0,27.2,24.1,58,23.1,31.8,1724,11008,11850,15618,18806,18660,18639,11509,54847,3238
1782922255,1AC,102400000.0,102400000.0,17688336.0,17380682.0,2311009.8,2225152.0,504222.0,574268.1,103634.8,0.0,27.2,24.2,65,23.1,31.8,1723,11007,11848,15613,18804,18659,18642,11510,54849,3238
1782922555,1AC,102400000.0,102400000.0,17627062.0,17293554.0,2300267.0,2226606.8,504247.2,574356.8,103631.1,0.0,27.2,24.2,65,23.1,31.8,1724,11006,11849,15613,18802,18659,18640,11507,54842,3237
1782922856,1AC,102400000.0,102400000.0,17663758.0,17349910.0,2298327.2,2220419.2,503757.2,572794.4,103627.6,0.0,27.2,24.2,54,23.1,31.9,1723,11008,11850,15614,18805,18660,18641,11509,54848,3237
1782923157,1AC,102400000.0,102400000.0,17626766.0,17314432.0,2298626.0,2220245.0,502939.0,572864.8,103625.0,0.0,27.2,24.1,67,23.2,31.9,1723,11007,11849,15613,18802,18656,18638,11509,54842,3237
1782923455,1AC,102400000.0,102400000.0,17600538.0,17257600.0,2300554.8,2215077.2,502867.5,572233.4,103622.4,0.0,27.3,24.2,52,23.2,31.9,1724,11011,11853,15618,18809,18666,18645,11513,54861,3239
1782923756,1AC,102400000.0,102400000.0,17523000.0,17280064.0,2292291.8,2218740.0,502150.8,572264.4,103620.5,0.0,27.3,24.2,71,23.2,31.9,1724,11011,11853,15617,18806,18665,18642,11511,54850,3238
1782924056,1AC,102400000.0,102400000.0,17494654.0,17250846.0,2294921.8,2210454.8,501037.8,570554.2,103619.0,0.0,27.3,24.2,49,23.2,31.9,1724,11009,11851,15614,18804,18662,18637,11509,54843,3237
1782924357,1AC,102400000.0,102400000.0,17549764.0,17192490.0,2282448.8,2205974.8,500730.4,570219.4,103617.3,0.0,27.3,24.2,64,23.3,32.0,1724,11011,11853,15614,18803,18660,18637,11507,54835,3237
1782924655,1AC,102400000.0,102400000.0,17475346.0,17174872.0,2286401.0,2201960.8,500061.0,569357.5,103615.3,0.0,27.4,24.2,49,23.3,31.9,1723,11006,11851,15608,18798,18656,18635,11506,54828,3236
1782924955,1AC,102400000.0,102400000.0,17403978.0,17119694.0,2277339.8,2199203.0,499176.5,568238.8,103613.7,0.0,27.4,24.2,59,23.3,32.0,1723,11009,11854,15613,18800,18657,18636,11508,54837,3239
1782925256,1AC,102400000.0,102400000.0,17445258.0,17127888.0,2276350.2,2200114.8,497970.8,567629.4,103612.1,0.0,27.4,24.2,70,23.3,32.0,1724,11008,11852,15612,18800,18657,18637,11505,54835,3236
1782925557,1AC,102400000.0,102400000.0,17391224.0,17061518.0,2273282.5,2185967.8,498085.4,567530.8,103610.1,0.0,27.4,24.2,37,23.4,32.0,1724,11012,11855,15614,18806,18666,18643,11511,54853,3237
1782925855,1AC,102400000.0,102400000.0,17297558.0,17029754.0,2268575.8,2192567.8,496931.9,566698.9,103608.4,0.0,27.5,24.2,44,23.4,32.0,1724,11008,11856,15612,18800,18657,18636,11508,54842,3236
1782926155,1AC,102400000.0,102400000.0,17329464.0,17030998.0,2266211.0,2181484.2,495767.3,566052.7,103606.2,0.0,27.5,24.2,73,23.4,32.0,1724,11011,11857,15614,18806,18665,18643,11511,54855,3238
1782926456,1AC,102400000.0,102400000.0,17283912.0,16970154.0,2257697.0,2176891.2,494909.0,565755.7,103603.8,0.0,27.5,24.2,46,23.4,32.0,1724,11011,11857,15614,18802,18665,18639,11508,54852,3237
1782926757,1AC,102400000.0,102400000.0,17265022.0,16969026.0,2255042.2,2176860.0,494091.9,565616.8,103600.8,0.0,27.5,24.2,83,23.5,32.0,1725,11014,11859,15616,18804,18659,18638,11508,54837,3236
1782927055,1AC,102400000.0,102400000.0,17172320.0,16915830.0,2255075.0,2174724.0,495710.2,563425.8,103597.8,0.0,27.6,24.2,42,23.5,32.0,1725,11015,11860,15616,18810,18669,18645,11514,54862,3238
1782927355,1AC,102400000.0,102400000.0,17173928.0,16874000.0,2251750.0,2167759.2,493526.8,562207.9,103593.7,0.0,27.6,24.3,74,23.5,32.1,1725,11017,11863,15620,18810,18668,18648,11514,54866,3238
1782927656,1AC,102400000.0,102400000.0,17136936.0,16854624.0,2243816.8,2164046.2,492990.8,562088.6,103590.2,0.0,27.6,24.3,62,23.5,32.1,1724,11012,11859,15615,18798,18657,18637,11507,54837,3235
1782927957,1AC,102400000.0,102400000.0,17127314.0,16854204.0,2241250.0,2154778.8,492609.7,561414.4,103586.3,0.0,27.6,24.3,69,23.6,32.1,1724,11014,11861,15616,18803,18665,18641,11510,54847,3237
1782928255,1AC,102400000.0,102400000.0,17061374.0,16811950.0,2235786.8,2154436.2,491384.9,560686.7,103582.4,0.0,27.6,24.3,50,23.6,32.1,1724,11015,11860,15613,18802,18662,18639,11509,54853,3236
1782928555,1AC,102400000.0,102400000.0,17047066.0,16779892.0,2236126.0,2151634.8,490667.7,559695.8,103578.4,0.0,27.7,24.3,57,23.6,32.1,1725,11013,11860,15613,18801,18659,18639,11508,54849,3236
1782928856,1AC,102400000.0,102400000.0,17018234.0,16723603.0,2231523.8,2146524.2,491150.5,557614.0,103573.5,0.0,27.7,24.3,72,23.6,32.1,1725,11012,11860,15613,18803,18661,18643,11511,54857,3236
1782929157,1AC,102400000.0,102400000.0,16980842.0,16693724.0,2229581.0,2148046.8,490036.8,558835.8,103568.3,0.0,27.7,24.3,50,23.6,32.1,1725,11013,11862,15613,18803,18660,18639,11508,54844,3236
1782929458,1AC,102400000.0,102400000.0,16975466.0,16644679.0,2222661.8,2142579.8,489547.7,558095.1,103563.1,0.0,27.7,24.3,46,23.6,32.1,1724,11013,11862,15612,18801,18662,18639,11509,54846,3236
1782929755,1AC,102400000.0,102400000.0,16978354.0,16656157.0,2222388.0,2137777.2,488252.8,557522.9,103557.8,0.0,27.8,24.3,43,23.7,32.2,1726,11018,11864,15617,18810,18668,18646,11513,54874,3237
1782930056,1AC,102400000.0,102400000.0,16938672.0,16596921.0,2220359.0,2136363.2,488717.1,556881.4,103551.8,0.0,27.8,24.3,46,23.7,32.2,1725,11015,11865,15614,18799,18660,18638,11508,54851,3236
1782930356,1AC,102400000.0,102400000.0,16861120.0,16660071.0,2209569.8,2134308.0,487856.5,555102.7,103545.7,0.0,27.8,24.4,55,23.7,32.2,1726,11018,11864,15614,18799,18662,18641,11510,54858,3236
1782930657,1AC,102400000.0,102400000.0,16867474.0,16563592.0,2214440.2,2131346.2,488176.9,555169.5,103539.9,0.0,27.8,24.4,50,23.7,32.2,1725,11018,11867,15618,18805,18665,18643,11511,54857,3237
1782930954,1AC,102400000.0,102400000.0,16842514.0,16566860.0,2209200.8,2127438.2,487234.2,556284.3,103533.6,0.0,27.8,24.4,38,23.7,32.2,1725,11012,11861,15608,18796,18658,18637,11507,54840,3237
1782931255,1AC,102400000.0,102400000.0,16792370.0,16498592.0,2203619.0,2124273.0,486802.5,554604.8,103527.0,0.0,27.8,24.4,72,23.7,32.2,1725,11014,11864,15611,18800,18661,18641,11509,54853,3237
1782931556,1AC,102400000.0,102400000.0,16791340.0,16482664.0,2206515.2,2124967.8,485681.6,555152.4,103520.7,0.0,27.8,24.4,61,23.7,32.2,1725,11015,11863,15610,18800,18663,18642,11509,54853,3235
1782931857,1AC,102400000.0,102400000.0,16802578.0,16494596.0,2198462.0,2118842.0,484994.8,552956.7,103515.5,0.0,27.8,24.4,38,23.8,32.2,1726,11018,11867,15616,18806,18664,18643,11512,54858,3236
1782932155,1AC,102400000.0,102400000.0,16768116.0,16436901.0,2193031.0,2113049.2,484977.2,552768.8,103508.3,0.0,27.8,24.4,78,23.8,32.3,1725,11018,11866,15614,18809,18667,18645,11512,54867,3237
