1773368689,1,102400000.0,102400000.0,10065131.0,9663201.0,1335220.0,1257542.1,345347.1,419331.2,101943.4,434.9,22.3,43.7,832,18.3,52.8,1074,1993,3178,4533,11054,17487,12339,3937,29216,2039
1773368989,1,102400000.0,102400000.0,10605224.0,10258880.0,1421752.5,1355773.4,359316.8,428966.7,101939.4,438.1,23.5,40.5,871,18.6,51.8,1075,1990,3178,4534,11049,17489,12336,3939,29213,2039
1773369289,1,102400000.0,102400000.0,10968471.0,10594560.0,1460281.1,1384965.1,365850.2,435246.7,101923.5,434.4,24.1,39.2,843,18.9,50.9,1074,1989,3178,4534,11046,17484,12333,3938,29206,2038
1773369589,1,102400000.0,102400000.0,11078400.0,10738016.0,1472931.0,1393997.9,368374.8,435467.0,101916.3,439.1,24.2,38.7,816,19.0,50.5,1074,1989,3178,4534,11050,17485,12336,3939,29206,2038
1773369889,1,102400000.0,102400000.0,10946361.0,10583255.0,1453389.5,1376108.1,363804.8,431397.0,101904.6,439.4,24.1,39.1,826,19.3,50.1,971,1854,2899,3668,10636,15078,11807,3621,27969,1835
1773370189,1,102400000.0,102400000.0,11020719.0,10617135.0,1458049.1,1385524.8,365479.0,435219.9,101889.9,446.9,24.1,39.0,847,19.3,49.9,971,1854,2899,3667,10635,15076,11807,3621,27961,1835
1773370489,1,102400000.0,102400000.0,11132519.0,10748139.0,1478702.6,1407519.0,369537.7,438723.5,101885.8,437.7,24.0,39.3,820,19.3,49.7,971,1854,2898,3668,10635,15076,11807,3620,27961,1835
1773370789,1,102400000.0,102400000.0,11202868.0,10810433.0,1485685.6,1404818.4,368852.3,435099.0,101867.2,439.9,24.0,39.3,823,19.4,49.5,972,1855,2899,3667,10629,15076,11797,3619,27972,1835
1773371089,1,102400000.0,102400000.0,11032201.0,10701848.0,1465770.6,1392041.4,367861.9,433775.3,101857.5,443.4,23.7,39.9,820,19.2,49.8,973,1858,2898,3662,10608,15070,11758,3617,27981,1838
1773371389,1,102400000.0,102400000.0,11038163.0,10726747.0,1475246.9,1397444.1,368399.8,435621.9,101854.7,437.8,23.6,39.9,843,19.1,49.9,971,1854,2895,3658,10599,15056,11747,3614,27951,1837
1773371689,1,102400000.0,102400000.0,11160873.0,10827729.0,1488313.0,1410963.9,370905.5,437909.9,101837.2,430.3,23.7,39.7,822,19.1,49.9,971,1856,2898,3663,10617,15066,11776,3618,27951,1837
1773371989,1,102400000.0,102400000.0,11307497.0,10932684.0,1505190.4,1425051.0,373136.9,440571.5,101834.3,423.7,24.0,39.2,812,19.2,49.8,972,1859,2900,3668,10635,15080,11802,3621,27968,1837
1773372289,1,102400000.0,102400000.0,11375599.0,11010163.0,1520570.0,1435646.6,375568.8,443031.1,101826.7,436.9,24.0,39.1,818,19.3,49.5,971,1855,2900,3668,10635,15078,11803,3620,27963,1835
1773372589,1,102400000.0,102400000.0,11431556.0,11118683.0,1523720.9,1447754.4,377528.8,446203.9,101816.6,432.8,24.1,39.0,812,19.2,49.7,971,1854,2899,3668,10637,15077,11808,3620,27962,1835
1773372888,1,102400000.0,102400000.0,11545705.0,11180307.0,1531312.4,1458223.9,379172.5,446985.5,101818.4,431.8,23.9,39.3,797,19.2,49.7,972,1854,2899,3668,10639,15081,11809,3620,27969,1835
1773373188,1,102400000.0,102400000.0,11613007.0,11276423.0,1541060.9,1461642.6,381291.4,450735.4,101816.3,429.9,24.0,39.1,801,19.3,49.4,972,1853,2900,3668,10636,15080,11809,3620,27966,1835
1773373488,1,102400000.0,102400000.0,11621788.0,11272164.0,1530890.9,1438975.1,369996.0,429016.0,101800.7,430.3,24.0,39.1,837,19.4,49.2,972,1856,2900,3669,10636,15081,11806,3620,27970,1836
1773373787,1,102400000.0,102400000.0,10893952.0,10605887.0,1472392.1,1396794.1,371474.9,441879.8,101791.2,426.2,24.0,39.1,818,19.4,49.2,973,1859,2902,3671,10643,15088,11818,3623,27982,1836
1773374089,1,102400000.0,102400000.0,11405053.0,11074852.0,1517356.6,1438735.0,375253.5,441083.0,101784.9,427.9,23.9,39.3,784,19.3,49.4,972,1858,2901,3671,10643,15088,11816,3623,27984,1837
1773374389,1,102400000.0,102400000.0,11303843.0,11001081.0,1516777.1,1437951.1,376282.8,445552.7,101769.9,420.5,24.1,38.8,788,19.3,49.4,972,1858,2901,3670,10641,15088,11813,3622,27985,1836
1773374689,1,102400000.0,102400000.0,11552209.0,11222057.0,1536234.5,1460417.1,380138.1,449742.6,101767.2,420.5,24.0,39.0,781,19.2,49.6,971,1854,2899,3668,10637,15080,11804,3620,27967,1835
1773374988,1,102400000.0,102400000.0,11685809.0,11390364.0,1561507.6,1470156.9,383408.4,451483.7,101768.0,422.9,24.0,39.0,811,19.2,49.7,971,1853,2898,3666,10632,15076,11798,3619,27973,1835
1773375288,1,102400000.0,102400000.0,11754028.0,11439388.0,1565677.1,1482622.9,384805.0,454722.4,101769.9,422.1,24.0,39.1,797,19.1,49.8,971,1854,2898,3666,10630,15073,11799,3619,27967,1835
1773375588,1,102400000.0,102400000.0,11868335.0,11529941.0,1574696.5,1493352.1,388570.9,458369.5,101769.1,416.0,24.0,38.9,785,19.2,49.4,972,1855,2899,3666,10631,15078,11798,3620,27972,1836
1773375887,1,102400000.0,102400000.0,11966541.0,11611585.0,1588505.4,1503970.0,392029.7,459981.5,101763.9,415.6,24.0,38.9,775,19.2,49.4,972,1857,2900,3668,10635,15082,11804,3621,27982,1836
1773376187,1,102400000.0,102400000.0,12115565.0,11749179.0,1596214.4,1513915.6,393827.0,461668.7,101754.4,423.0,23.9,39.1,765,19.2,49.4,972,1857,2900,3669,10637,15082,11805,3621,27980,1836
1773376489,1,102400000.0,102400000.0,12180900.0,11810033.0,1605269.4,1524344.6,395204.6,463906.2,101752.5,414.7,24.0,38.8,765,19.2,49.4,972,1856,2900,3667,10634,15080,11801,3621,27977,1836
1773376789,1,102400000.0,102400000.0,12253533.0,11872137.0,1614045.5,1528919.5,397575.5,466888.3,101750.8,410.5,24.0,38.8,776,19.2,49.4,972,1854,2899,3667,10635,15076,11804,3620,27967,1836
1773377088,1,102400000.0,102400000.0,12319152.0,11906513.0,1622437.6,1538350.6,398639.3,469048.0,101754.9,407.2,24.0,38.8,771,19.2,49.5,972,1856,2900,3667,10633,15079,11802,3621,27980,1836
1773377388,1,102400000.0,102400000.0,12422247.0,11995127.0,1625560.5,1548771.6,400259.4,469815.2,101744.0,398.2,23.8,39.3,756,19.1,49.7,972,1857,2900,3669,10639,15084,11809,3621,27974,1836
1773377688,1,102400000.0,102400000.0,12490155.0,12049451.0,1631493.0,1550427.6,401846.0,471274.6,101746.8,403.7,23.8,39.4,782,19.0,49.8,972,1857,2900,3668,10640,15083,11813,3622,27975,1835
1773377988,1,102400000.0,102400000.0,12531709.0,12144379.0,1643668.5,1563597.5,403063.9,473066.1,101746.5,403.1,23.6,39.7,759,19.0,49.9,972,1856,2900,3669,10642,15084,11815,3622,27981,1836
1773378288,1,102400000.0,102400000.0,12609595.0,12163957.0,1646616.6,1559666.1,404175.2,475428.2,101742.7,400.8,23.9,39.3,748,19.0,49.9,972,1853,2899,3668,10638,15081,11812,3621,27973,1835
1773378588,1,102400000.0,102400000.0,12578520.0,12202557.0,1647165.5,1570668.6,405203.6,475738.0,101742.6,396.6,23.9,39.2,778,19.0,49.8,972,1856,2901,3670,10646,15090,11822,3622,27980,1836
1773378887,1,102400000.0,102400000.0,12673661.0,12244581.0,1655991.5,1574189.4,405989.2,477266.0,101747.8,399.6,23.9,38.9,749,19.0,49.8,972,1856,2901,3670,10644,15089,11820,3622,27976,1836
1773379189,1,102400000.0,102400000.0,12658349.0,12282336.0,1661439.6,1574890.9,405439.4,477857.4,101742.7,399.3,23.9,39.2,769,19.1,49.7,972,1857,2901,3671,10645,15088,11820,3623,27983,1836
1773379489,1,102400000.0,102400000.0,12715655.0,12323167.0,1662193.4,1578806.0,406535.8,479211.1,101753.3,400.7,23.7,39.4,751,19.1,49.6,973,1857,2901,3670,10645,15090,11819,3622,27980,1836
1773379789,1,102400000.0,102400000.0,12715555.0,12277051.0,1660781.5,1579208.0,407837.5,479733.4,101740.9,396.1,23.8,39.2,748,19.1,49.7,972,1856,2901,3670,10646,15089,11820,3622,27978,1836
1773380089,1,102400000.0,102400000.0,12776320.0,12351075.0,1671598.5,1586152.1,407594.2,479979.6,101745.1,388.5,23.7,39.4,740,19.2,49.6,972,1855,2900,3669,10643,15082,11816,3621,27968,1836
1773380387,1,102400000.0,102400000.0,12780228.0,12365855.0,1671258.1,1591733.9,408490.5,480655.0,101754.3,386.4,23.8,39.4,755,19.2,49.5,971,1856,2901,3670,10647,15088,11823,3622,27975,1835
1773380687,1,102400000.0,102400000.0,12820911.0,12356439.0,1672508.0,1588561.9,408472.8,480508.2,101758.5,390.5,23.7,39.4,744,19.1,49.7,973,1858,2902,3672,10650,15094,11828,3623,27988,1836
1773380989,1,102400000.0,102400000.0,12793780.0,12364300.0,1674248.6,1591442.5,409711.3,481453.3,101747.9,392.2,23.9,39.2,754,19.0,49.8,973,1858,2902,3672,10654,15095,11833,3624,27988,1836
1773381287,1,102400000.0,102400000.0,12874385.0,12441108.0,1677349.9,1592950.1,409302.5,482057.0,101741.8,390.7,23.7,39.5,763,19.0,50.0,972,1856,2900,3670,10646,15087,11822,3622,27979,1836
1773381587,1,102400000.0,102400000.0,12889587.0,12478456.0,1684930.6,1597931.6,410866.5,482199.8,101750.1,396.3,23.7,39.6,744,19.0,50.0,972,1855,2900,3670,10646,15089,11820,3623,27980,1836
1773381889,1,102400000.0,102400000.0,12857616.0,12471140.0,1682975.5,1596615.1,409855.3,485003.0,101736.0,392.0,23.8,39.2,747,19.0,49.9,973,1857,2901,3671,10645,15090,11821,3623,27988,1836
1773382189,1,102400000.0,102400000.0,12912596.0,12482060.0,1685624.6,1598536.1,410947.5,484170.8,101739.0,391.8,23.9,39.2,742,19.0,50.0,972,1857,2901,3670,10646,15094,11822,3623,27986,1836
1773382488,1,102400000.0,102400000.0,12920996.0,12489543.0,1689403.5,1601718.4,411628.0,484362.0,101735.8,391.4,23.9,39.3,744,19.0,50.0,972,1856,2900,3671,10646,15089,11822,3622,27981,1836
1773382788,1,102400000.0,102400000.0,12878025.0,12525883.0,1692357.1,1604316.0,412519.5,485591.2,101732.6,381.7,23.8,39.3,744,18.9,50.2,973,1856,2901,3671,10647,15091,11823,3623,27980,1836
1773383088,1,102400000.0,102400000.0,12959363.0,12538643.0,1691936.5,1608306.1,413229.8,486089.5,101719.5,376.3,23.9,39.2,741,19.1,49.9,972,1855,2901,3670,10644,15086,11820,3622,27976,1836
1773383388,1,102400000.0,102400000.0,12997967.0,12552932.0,1693587.6,1610194.6,412883.4,486709.2,101724.5,388.0,23.8,39.4,739,19.1,49.9,973,1858,2902,3672,10650,15093,11829,3623,27984,1836
1773383688,1,102400000.0,102400000.0,12997633.0,12562421.0,1694613.9,1610801.4,413547.0,487566.3,101721.9,387.6,24.1,38.9,731,19.1,49.9,972,1856,2901,3671,10646,15087,11822,3622,27977,1836
1773383987,1,102400000.0,102400000.0,13039076.0,12591251.0,1704492.4,1612005.1,413961.8,487287.7,101711.2,382.5,24.0,39.0,753,19.1,49.9,972,1856,2902,3671,10648,15092,11826,3623,27977,1836
1773384289,1,102400000.0,102400000.0,13032984.0,12587260.0,1698871.9,1612138.5,413840.3,487890.8,101709.8,384.4,24.0,39.0,736,19.1,49.8,972,1855,2900,3670,10648,15086,11823,3623,27974,1835
1773384589,1,102400000.0,102400000.0,12999680.0,12577271.0,1698048.6,1612898.4,413900.7,488080.1,101708.9,380.7,23.9,39.4,761,19.1,49.9,972,1855,2901,3670,10647,15089,11822,3622,27972,1836
1773384889,1,102400000.0,102400000.0,13030211.0,12636619.0,1700690.0,1621472.6,414874.7,488447.4,101696.7,380.7,23.9,39.3,728,19.0,50.1,972,1855,2900,3670,10644,15083,11822,3621,27965,1835
1773385189,1,102400000.0,102400000.0,13092631.0,12610124.0,1707462.1,1622884.1,415724.1,488889.4,101710.7,380.5,23.8,39.6,744,19.0,50.1,972,1855,2902,3672,10652,15091,11833,3623,27969,1835
1773385489,1,102400000.0,102400000.0,13093735.0,12639547.0,1707462.9,1621001.1,414901.1,489607.2,101701.6,381.6,24.0,39.1,716,19.0,50.2,972,1855,2901,3671,10650,15092,11827,3623,27978,1835
1773385789,1,102400000.0,102400000.0,13118836.0,12664281.0,1707663.4,1623294.9,415101.9,489090.8,101706.4,382.3,23.9,39.3,746,19.1,49.9,971,1853,2899,3669,10642,15080,11817,3620,27962,1835
1773386089,1,102400000.0,102400000.0,13085853.0,12672839.0,1709399.6,1621348.1,415450.5,489296.2,101687.0,391.5,23.9,39.2,739,19.1,49.9,972,1857,2901,3671,10644,15089,11822,3623,27987,1836
1773386389,1,102400000.0,102400000.0,13095709.0,12677187.0,1705377.0,1624906.9,417032.4,490197.9,101673.8,377.1,24.0,39.2,737,19.1,50.0,973,1857,2902,3672,10650,15093,11827,3623,27986,1836
1773386689,1,102400000.0,102400000.0,13112488.0,12668611.0,1713503.5,1627501.9,417336.0,491308.9,101661.0,377.4,24.0,39.2,724,19.1,49.9,972,1856,2901,3671,10648,15092,11824,3623,27978,1836
1773386988,1,102400000.0,102400000.0,13122675.0,12675693.0,1711744.6,1630232.0,417501.2,490351.9,101660.4,374.2,23.9,39.4,706,19.1,49.9,973,1857,2902,3671,10645,15091,11824,3623,27987,1836
1773387288,1,102400000.0,102400000.0,13113779.0,12723812.0,1714198.5,1627643.4,416840.5,490959.5,101683.1,364.8,23.7,39.8,718,19.2,49.8,973,1857,2901,3671,10647,15090,11825,3623,27978,1836
1773387588,1,102400000.0,102400000.0,13169312.0,12694416.0,1715500.4,1628647.6,417615.2,490795.0,101692.8,381.2,24.1,39.0,690,19.2,49.9,972,1854,2901,3671,10646,15089,11824,3622,27975,1835
1773387888,1,102400000.0,102400000.0,13218907.0,12742293.0,1714427.1,1636676.4,418206.0,492392.2,101687.8,381.0,23.9,39.4,738,19.3,49.6,971,1853,2900,3670,10642,15081,11820,3621,27962,1834
1773388188,1,102400000.0,102400000.0,13166931.0,12733695.0,1718060.4,1629009.9,418084.5,492146.0,101702.1,378.4,23.9,39.4,720,19.1,50.0,971,1852,2900,3669,10640,15078,11817,3621,27960,1834
1773388488,1,102400000.0,102400000.0,13193759.0,12726192.0,1720855.6,1630164.5,418399.7,491320.7,101703.0,373.0,23.9,39.2,707,19.2,49.9,972,1854,2900,3669,10642,15082,11818,3622,27964,1835
1773388787,1,102400000.0,102400000.0,13176863.0,12754428.0,1723931.6,1634164.9,418452.7,492694.5,101681.5,365.3,23.9,39.3,726,19.1,49.9,972,1856,2900,3670,10646,15084,11820,3622,27972,1835
1773389087,1,102400000.0,102400000.0,13193048.0,12761475.0,1725888.6,1636279.4,419266.8,493176.2,101682.0,367.3,23.9,39.3,728,19.2,50.0,972,1854,2900,3671,10646,15087,11823,3622,27971,1835
1773389389,1,102400000.0,102400000.0,13221151.0,12776213.0,1727163.9,1633399.9,419591.3,492704.2,101665.5,368.1,23.8,39.5,700,19.0,50.2,972,1858,2902,3672,10653,15094,11831,3624,27987,1836
1773389689,1,102400000.0,102400000.0,13228976.0,12841953.0,1725447.1,1642859.4,419817.0,493934.8,101646.9,372.4,24.0,39.2,717,19.1,50.1,972,1854,2901,3670,10644,15082,11820,3621,27968,1835
1773389989,1,102400000.0,102400000.0,13244927.0,12827511.0,1724480.1,1646609.9,420512.5,495221.7,101659.2,368.2,24.0,39.3,721,19.2,49.9,971,1853,2900,3670,10645,15083,11822,3622,27961,1834
1773390289,1,102400000.0,102400000.0,13273323.0,12847639.0,1732819.5,1644401.0,420128.5,494801.4,101654.0,366.7,24.0,39.3,698,19.1,49.9,971,1853,2899,3669,10645,15082,11821,3620,27962,1834
1773390589,1,102400000.0,102400000.0,13274028.0,12841295.0,1734852.4,1647922.0,420854.9,493856.9,101659.5,377.5,23.9,39.4,709,19.2,50.0,971,1853,2900,3670,10646,15082,11824,3622,27959,1834
1773390889,1,102400000.0,102400000.0,13309623.0,12854787.0,1732052.0,1647215.0,420342.6,494606.1,101657.8,368.3,24.1,39.2,708,19.2,50.0,971,1851,2899,3669,10644,15080,11822,3621,27955,1834
1773391189,1,102400000.0,102400000.0,13286560.0,12859808.0,1730597.9,1651029.5,421180.5,494571.3,101663.5,372.1,23.9,39.5,708,19.2,50.0,971,1853,2899,3670,10646,15080,11824,3621,27955,1834
1773391489,1,102400000.0,102400000.0,13323095.0,12885257.0,1736227.9,1645818.0,421424.4,494511.4,101675.5,363.3,23.8,39.8,699,19.2,50.0,971,1852,2900,3670,10644,15080,11821,3620,27955,1834
1773391789,1,102400000.0,102400000.0,13334079.0,12871735.0,1739129.6,1647770.6,421548.8,495884.8,101684.4,352.7,24.0,39.4,722,19.2,49.9,971,1852,2899,3669,10642,15078,11818,3620,27952,1834
1773392088,1,102400000.0,102400000.0,13334668.0,12891896.0,1737253.0,1651429.5,421917.6,496250.5,101686.0,363.8,24.1,39.2,693,19.2,50.0,971,1852,2899,3669,10643,15078,11819,3621,27954,1834
1773392388,1,102400000.0,102400000.0,13340615.0,12907061.0,1741446.6,1653454.5,422299.1,497894.2,101686.8,355.8,23.7,40.2,706,19.0,50.3,972,1855,2901,3671,10648,15088,11828,3623,27965,1835
1773392688,1,102400000.0,102400000.0,13388477.0,12984921.0,1743080.5,1659963.9,422517.9,497534.8,101696.8,363.4,24.0,39.4,702,19.1,50.3,971,1852,2899,3669,10644,15080,11821,3620,27953,1834
1773392988,1,102400000.0,102400000.0,13392795.0,12992893.0,1747564.1,1657132.6,423580.8,498980.2,101702.8,356.2,24.0,39.3,696,19.2,50.2,971,1852,2900,3670,10643,15080,11820,3620,27960,1834
1773393288,1,102400000.0,102400000.0,13432677.0,12969875.0,1745681.4,1663995.6,423269.7,498143.7,101703.2,358.8,23.9,39.5,707,19.1,50.2,970,1851,2899,3669,10643,15080,11821,3621,27956,1834
1773393588,1,102400000.0,102400000.0,13402356.0,13008645.0,1747958.4,1661680.9,423733.9,498689.1,101697.6,359.5,23.9,39.7,694,19.0,50.4,971,1854,2900,3671,10646,15085,11825,3622,27963,1835
1773393888,1,102400000.0,102400000.0,13477637.0,13049677.0,1750249.4,1663021.0,424158.6,498676.9,101696.2,353.8,23.8,39.8,708,19.1,50.2,970,1852,2899,3670,10643,15080,11822,3621,27956,1834
1773394187,1,102400000.0,102400000.0,13486108.0,13025035.0,1758445.0,1669598.0,424318.5,500669.5,101698.2,370.0,23.8,39.7,700,19.2,50.1,970,1851,2899,3669,10641,15075,11817,3620,27949,1834
1773394487,1,102400000.0,102400000.0,13443369.0,13069999.0,1756550.1,1667562.0,424368.5,500016.6,101698.5,363.2,24.0,39.4,674,19.2,50.2,971,1853,2900,3671,10644,15083,11823,3621,27965,1835
1773394787,1,102400000.0,102400000.0,13532233.0,13082615.0,1752356.9,1669710.9,424839.6,501477.9,101698.8,361.7,23.9,39.7,697,19.2,50.1,970,1851,2898,3669,10640,15076,11821,3620,27947,1834
1773395087,1,102400000.0,102400000.0,13515213.0,13082861.0,1755223.4,1675978.0,425219.8,499988.5,101705.8,364.2,23.7,40.1,679,19.2,50.0,971,1853,2900,3669,10643,15080,11819,3621,27953,1834
1773395387,1,102400000.0,102400000.0,13529864.0,13119677.0,1755792.1,1677287.0,425826.0,500792.9,101701.6,364.2,23.9,39.6,698,19.2,50.0,971,1854,2900,3669,10644,15081,11820,3621,27964,1834
1773395689,1,102400000.0,102400000.0,13521835.0,13123605.0,1757473.0,1675107.5,426091.8,501118.4,101697.8,364.9,23.7,40.0,705,19.1,50.4,970,1850,2898,3668,10639,15074,11815,3620,27946,1834
1773395989,1,102400000.0,102400000.0,13559463.0,13095537.0,1760397.4,1673832.4,426188.5,501668.0,101689.2,367.8,23.8,39.7,689,19.1,50.3,970,1852,2899,3669,10643,15079,11821,3621,27956,1834
1773396289,1,102400000.0,102400000.0,13585404.0,13147399.0,1769050.0,1679863.5,427116.5,502739.7,101679.6,360.6,24.0,39.5,694,19.2,50.1,970,1850,2898,3668,10638,15073,11813,3620,27950,1833
1773396589,1,102400000.0,102400000.0,13613393.0,13156949.0,1768325.1,1681687.6,427966.6,502577.3,101673.5,349.3,23.8,39.9,692,19.1,50.2,970,1850,2898,3668,10639,15075,11817,3620,27941,1833
1773396889,1,102400000.0,102400000.0,13610425.0,13153909.0,1766212.9,1680385.0,427338.0,502310.5,101666.5,353.0,23.9,39.7,693,19.1,50.3,971,1853,2900,3670,10645,15084,11823,3622,27966,1835
1773397189,1,102400000.0,102400000.0,13630924.0,13171335.0,1769182.0,1690104.4,427605.0,503465.5,101647.6,352.2,24.0,39.4,703,19.2,50.1,971,1853,2900,3671,10645,15085,11822,3622,27964,1835
1773397489,1,102400000.0,102400000.0,13617725.0,13199477.0,1770013.0,1689988.9,429827.0,503658.4,101633.0,357.9,24.0,39.4,684,19.1,50.4,971,1852,2900,3671,10644,15082,11824,3622,27964,1834
1773397788,1,102400000.0,102400000.0,13711323.0,13268223.0,1774860.1,1689734.6,429524.2,503597.3,101630.3,357.0,24.0,39.5,682,19.1,50.3,970,1851,2899,3669,10643,15079,11820,3621,27954,1834
1773398088,1,102400000.0,102400000.0,13633424.0,13249880.0,1772797.4,1690095.5,428805.9,504369.4,101622.3,352.4,23.8,39.9,672,19.1,50.3,971,1854,2900,3671,10647,15085,11824,3622,27970,1835
1773398388,1,102400000.0,102400000.0,13681213.0,13246315.0,1780495.1,1700673.5,430552.0,505541.2,101628.0,346.4,23.7,40.0,690,19.1,50.3,970,1853,2900,3670,10645,15084,11824,3621,27957,1835
1773398688,1,102400000.0,102400000.0,13657997.0,13246107.0,1775046.6,1694892.6,431499.0,505188.7,101619.0,343.0,23.8,39.8,672,19.1,50.3,971,1852,2899,3669,10645,15079,11822,3620,27954,1834
1773398988,1,102400000.0,102400000.0,13712164.0,13297227.0,1778987.9,1698291.4,430107.8,505339.0,101624.8,346.5,23.9,39.7,669,19.2,50.1,971,1853,2900,3670,10643,15081,11820,3621,27963,1834
1773399288,1,102400000.0,102400000.0,13724811.0,13329464.0,1778354.4,1697046.5,430813.8,505417.9,101625.8,343.6,24.0,39.6,686,19.1,50.3,970,1852,2900,3668,10644,15079,11820,3621,27953,1834
1773399588,1,102400000.0,102400000.0,13749935.0,13305085.0,1784054.0,1701451.4,431332.3,507581.5,101632.1,351.4,24.0,39.4,694,19.2,50.3,971,1854,2900,3671,10648,15086,11827,3622,27960,1835
1773399887,1,102400000.0,102400000.0,13751181.0,13302596.0,1782833.6,1696799.0,430554.3,506537.2,101630.8,342.5,24.0,39.7,672,19.2,50.3,971,1854,2900,3671,10649,15083,11826,3622,27962,1834
1773400187,1,102400000.0,102400000.0,13785240.0,13357275.0,1789237.1,1704715.4,431567.3,507013.1,101632.3,347.3,23.9,39.6,664,19.2,50.3,970,1851,2899,3668,10642,15075,11817,3620,27951,1834
1773400489,1,102400000.0,102400000.0,13776321.0,13321375.0,1787675.0,1706803.5,432385.5,506629.8,101635.9,345.0,23.8,39.9,691,19.1,50.5,971,1853,2900,3669,10645,15081,11820,3621,27962,1835
1773400789,1,102400000.0,102400000.0,13782229.0,13376757.0,1788066.0,1705198.6,432444.9,507683.2,101625.3,352.3,24.0,39.5,652,19.2,50.3,971,1852,2899,3670,10645,15080,11823,3621,27957,1834
1773401089,1,102400000.0,102400000.0,13817989.0,13386149.0,1788250.5,1710519.6,432624.0,507284.3,101620.8,346.0,24.0,39.7,664,19.2,50.2,971,1852,2900,3669,10643,15080,11820,3621,27958,1834
1773401389,1,102400000.0,102400000.0,13822587.0,13362785.0,1787668.4,1713510.1,433109.1,507241.0,101620.6,351.2,24.0,39.6,668,19.1,50.5,970,1852,2899,3669,10643,15078,11819,3620,27951,1834
1773401689,1,102400000.0,102400000.0,13834716.0,13417744.0,1794641.6,1716564.9,433131.5,507909.5,101604.4,335.3,24.0,39.6,653,19.2,50.3,971,1852,2900,3669,10643,15081,11820,3620,27962,1834
1773401989,1,102400000.0,102400000.0,13802027.0,13388467.0,1792091.0,1710470.1,433046.0,508272.7,101592.8,342.0,24.0,39.6,674,19.1,50.6,970,1852,2899,3669,10644,15078,11822,3620,27958,1835
1773402289,1,102400000.0,102400000.0,13887381.0,13472857.0,1800750.5,1717327.0,433639.5,509368.4,101596.2,343.3,23.8,40.0,669,19.2,50.5,970,1852,2899,3669,10642,15075,11820,3620,27952,1834
1773402589,1,102400000.0,102400000.0,13864149.0,13441555.0,1794781.0,1717047.6,433726.8,509873.6,101593.5,346.4,23.9,39.9,674,19.2,50.4,971,1852,2900,3669,10642,15078,11817,3620,27956,1834
1773402889,1,102400000.0,102400000.0,13853085.0,13426593.0,1796118.5,1723371.9,433314.9,510923.0,101581.7,338.2,23.9,39.9,670,19.2,50.4,971,1853,2899,3669,10645,15081,11819,3621,27967,1835
1773403189,1,102400000.0,102400000.0,13859404.0,13433876.0,1799821.4,1722139.5,434445.9,509652.6,101588.8,339.7,23.9,39.8,653,19.2,50.3,971,1853,2900,3670,10646,15082,11822,3621,27964,1835
1773403489,1,102400000.0,102400000.0,13890803.0,13421505.0,1802484.0,1720526.5,433620.5,510590.6,101586.6,339.8,24.1,39.5,667,19.1,50.6,970,1851,2899,3668,10637,15076,11813,3621,27955,1834
1773403789,1,102400000.0,102400000.0,13887821.0,13472777.0,1798729.0,1716540.5,434251.0,510977.0,101576.1,345.8,24.1,39.6,652,19.2,50.5,971,1853,2900,3670,10643,15082,11820,3621,27963,1835
1773404089,1,102400000.0,102400000.0,13916240.0,13472661.0,1804917.5,1715762.5,435682.6,511519.4,101581.3,343.7,24.0,39.8,633,19.2,50.5,971,1851,2899,3669,10640,15080,11816,3621,27961,1834
1773404389,1,102400000.0,102400000.0,13896539.0,13480572.0,1807264.5,1718921.6,434780.6,512539.7,101589.7,337.1,24.0,39.8,660,19.2,50.5,971,1851,2899,3669,10643,15081,11819,3621,27966,1835
1773404689,1,102400000.0,102400000.0,13918561.0,13499103.0,1804194.4,1719436.5,435204.8,512299.2,101580.3,331.2,23.9,40.1,664,19.1,50.7,971,1854,2901,3671,10648,15085,11826,3622,27967,1836
1773404989,1,102400000.0,102400000.0,13939807.0,13469419.0,1798563.6,1719311.1,435275.6,513175.6,101577.9,323.8,24.0,40.0,658,19.2,50.5,972,1856,2902,3673,10649,15091,11830,3623,27976,1835
1773405289,1,102400000.0,102400000.0,13952615.0,13507364.0,1807503.0,1720599.9,435326.8,513044.2,101579.1,326.2,24.0,40.0,650,19.1,50.9,971,1853,2901,3671,10651,15088,11832,3623,27968,1835
1773405589,1,102400000.0,102400000.0,13950513.0,13542871.0,1811888.9,1731955.6,436053.1,512364.6,101577.8,341.3,24.1,39.8,644,19.2,50.8,970,1851,2899,3670,10648,15080,11827,3621,27959,1834
1773405889,1,102400000.0,102400000.0,13955472.0,13522757.0,1809059.6,1727986.5,434931.8,513290.4,101571.7,330.9,24.0,39.9,647,19.2,50.8,970,1851,2899,3670,10646,15081,11827,3621,27958,1835
1773406189,1,102400000.0,102400000.0,13933051.0,13499488.0,1802687.5,1718390.9,434956.1,513312.2,101567.9,340.0,24.2,39.6,676,19.2,50.8,970,1850,2899,3668,10640,15076,11817,3620,27957,1834
1773406489,1,102400000.0,102400000.0,13931791.0,13470912.0,1800722.4,1726000.4,435133.0,511990.4,101579.9,339.0,24.1,39.8,649,19.3,50.6,971,1852,2900,3670,10644,15083,11822,3621,27969,1835
1773406789,1,102400000.0,102400000.0,13949588.0,13503084.0,1805036.4,1718808.0,434978.2,511462.9,101587.0,340.1,24.1,39.9,656,19.3,50.5,971,1852,2901,3671,10645,15085,11823,3622,27971,1836
1773407089,1,102400000.0,102400000.0,13898743.0,13488981.0,1803804.5,1722100.4,434418.9,510495.4,101583.0,341.8,24.1,39.9,678,19.3,50.5,972,1855,2900,3670,10645,15086,11821,3622,27976,1836
1773407388,1,102400000.0,102400000.0,13934919.0,13518813.0,1800163.1,1719566.4,433929.5,510516.3,101575.8,345.4,24.0,40.0,685,19.1,51.0,972,1854,2901,3671,10645,15084,11822,3622,27977,1836
1773407688,1,102400000.0,102400000.0,13940595.0,13544357.0,1809647.0,1724501.0,435635.1,511589.2,101578.5,360.1,24.2,39.7,665,19.2,50.7,971,1854,2900,3670,10641,15082,11817,3621,27971,1835
1773407988,1,102400000.0,102400000.0,13935637.0,13525892.0,1805734.0,1727208.6,434361.8,511451.6,101579.1,349.6,24.0,39.9,660,19.3,50.5,972,1857,2902,3672,10648,15088,11826,3622,27981,1836
1773408288,1,102400000.0,102400000.0,13911568.0,13534111.0,1805331.1,1722974.4,434410.7,511916.2,101571.9,343.1,24.0,39.9,652,19.3,50.7,972,1856,2901,3672,10648,15087,11824,3622,27978,1836
1773408588,1,102400000.0,102400000.0,13986059.0,13513735.0,1805323.5,1721084.4,434587.1,512051.0,101556.6,339.6,23.9,40.1,662,19.3,50.6,972,1856,2901,3671,10646,15085,11822,3622,27975,1837
1773408888,1,102400000.0,102400000.0,13906983.0,13516235.0,1812435.6,1728011.4,435783.6,511593.4,101558.9,339.4,24.0,40.0,660,19.3,50.6,972,1857,2901,3671,10647,15085,11823,3622,27974,1836
1773409188,1,102400000.0,102400000.0,13965185.0,13505279.0,1807785.4,1727532.9,436225.4,512053.2,101560.9,339.3,24.0,40.0,680,19.3,50.5,972,1856,2901,3671,10646,15087,11823,3623,27974,1835
1773409488,1,102400000.0,102400000.0,13922065.0,13536241.0,1811527.4,1732322.6,435273.6,512100.8,101548.1,342.1,24.0,40.0,653,19.2,50.7,972,1857,2901,3671,10645,15085,11819,3622,27976,1836
1773409788,1,102400000.0,102400000.0,13969184.0,13579844.0,1811159.6,1731503.9,435725.2,513056.4,101548.8,343.2,24.0,39.9,668,19.3,50.6,973,1858,2902,3671,10646,15088,11820,3622,27985,1836
1773410088,1,102400000.0,102400000.0,14000236.0,13535484.0,1810551.6,1739070.9,435885.9,512132.0,101546.6,336.1,23.9,40.1,623,19.3,50.5,973,1860,2902,3673,10651,15092,11828,3624,27990,1836
1773410388,1,102400000.0,102400000.0,13984891.0,13575207.0,1813965.6,1730979.1,436018.8,511581.4,101558.3,341.2,24.0,40.1,671,19.2,50.7,972,1858,2902,3672,10651,15090,11829,3623,27982,1837
1773410688,1,102400000.0,102400000.0,13994399.0,13636005.0,1815531.1,1737217.4,436328.8,512701.6,101556.5,335.9,23.9,40.1,658,19.2,50.7,973,1859,2902,3673,10646,15089,11823,3623,27988,1837
1773410987,1,102400000.0,102400000.0,14033796.0,13578307.0,1811888.4,1740053.6,437202.7,512640.4,101541.0,338.5,23.9,40.2,653,19.2,50.8,972,1858,2901,3672,10649,15085,11826,3623,27980,1836
1773411287,1,102400000.0,102400000.0,14055900.0,13570128.0,1820601.9,1737214.6,437103.3,513899.4,101536.6,335.6,24.0,40.1,666,19.2,50.7,972,1857,2900,3670,10642,15085,11816,3621,27979,1837
1773411587,1,102400000.0,102400000.0,14073860.0,13623192.0,1818271.5,1736256.5,436384.2,514487.9,101538.5,334.8,23.7,40.6,654,19.2,50.8,972,1856,2900,3669,10641,15083,11814,3621,27979,1836
1773411887,1,102400000.0,102400000.0,14062356.0,13663600.0,1824482.0,1737231.0,438021.5,515072.2,101540.0,334.5,23.8,40.4,638,19.2,50.7,972,1855,2900,3669,10639,15079,11812,3620,27977,1836
1773412188,1,102400000.0,102400000.0,14097241.0,13662941.0,1824799.5,1744035.6,437855.5,513610.6,101539.4,332.4,23.9,40.2,663,19.3,50.7,973,1858,2901,3670,10644,15086,11819,3623,27984,1836
1773412488,1,102400000.0,102400000.0,14053372.0,13607605.0,1817583.9,1741256.5,437952.9,513496.4,101525.0,338.5,24.0,40.0,672,19.2,50.8,972,1854,2899,3667,10635,15078,11805,3620,27974,1836
1773412788,1,102400000.0,102400000.0,14060404.0,13694883.0,1818890.0,1738469.0,437629.9,513346.8,101516.3,343.4,23.9,40.4,654,19.2,50.9,973,1858,2902,3671,10645,15090,11822,3623,27989,1837
1773413088,1,102400000.0,102400000.0,14069359.0,13617561.0,1820028.6,1741102.6,437886.0,513343.8,101514.4,352.4,23.9,40.5,671,19.2,50.9,973,1859,2902,3672,10646,15091,11821,3624,28000,1837
1773413388,1,102400000.0,102400000.0,14025208.0,13618989.0,1818906.6,1737399.6,437364.5,514004.8,101520.2,360.8,23.9,40.4,671,19.3,50.9,972,1857,2901,3670,10642,15084,11818,3622,27982,1836
1773413688,1,102400000.0,102400000.0,13997041.0,13599904.0,1817512.5,1737366.5,435310.2,511589.7,101518.6,361.7,24.0,40.3,694,19.1,51.4,973,1858,2901,3670,10643,15085,11818,3622,27988,1836
1773413988,1,102400000.0,102400000.0,13971361.0,13611928.0,1811344.9,1735694.5,435420.6,510905.0,101518.0,378.9,23.9,40.5,738,19.2,51.3,972,1856,2901,3670,10643,15085,11819,3622,27980,1836
1773414288,1,102400000.0,102400000.0,13938193.0,13559296.0,1805809.1,1730839.0,435265.5,510555.2,101518.5,384.3,23.8,40.8,715,19.3,51.2,972,1858,2901,3670,10640,15085,11811,3622,27988,1837
1773414588,1,102400000.0,102400000.0,13921548.0,13463116.0,1806149.1,1726196.4,435431.4,509747.1,101523.7,382.7,23.9,40.7,703,19.3,51.2,972,1855,2899,3667,10632,15078,11802,3619,27971,1836
1773414888,1,102400000.0,102400000.0,13874192.0,13488777.0,1800981.9,1722839.5,434219.2,510399.7,101529.1,382.9,23.9,40.9,736,19.3,51.3,972,1857,2900,3669,10634,15078,11804,3620,27980,1837
1773415188,1,102400000.0,102400000.0,13847573.0,13430521.0,1801231.0,1719852.1,433561.1,509808.2,101515.6,383.7,23.9,40.9,725,19.2,51.5,972,1856,2900,3667,10634,15080,11804,3620,27975,1836
1773415488,1,102400000.0,102400000.0,13831645.0,13456093.0,1796676.6,1723384.4,433895.7,508842.2,101516.3,388.9,23.9,41.0,738,19.3,51.4,973,1858,2901,3669,10635,15085,11806,3621,27986,1837
1773415788,1,102400000.0,102400000.0,13827431.0,13442060.0,1797758.5,1717341.0,433123.0,507838.3,101515.4,391.2,24.0,40.8,767,19.3,51.4,973,1857,2901,3668,10636,15082,11804,3621,27984,1837
1773416088,1,102400000.0,102400000.0,13867236.0,13420712.0,1795170.5,1721620.4,433373.8,509106.2,101513.7,393.8,23.9,41.0,744,19.3,51.5,972,1857,2900,3668,10634,15079,11803,3621,27984,1837
1773416388,1,102400000.0,102400000.0,13789841.0,13361020.0,1791007.4,1718463.5,432087.5,506699.4,101516.8,396.8,23.9,40.9,762,19.2,51.6,972,1857,2900,3668,10636,15081,11806,3621,27982,1837
1773416688,1,102400000.0,102400000.0,13795733.0,13387883.0,1793147.9,1713052.9,433393.8,508904.1,101513.9,396.4,23.9,40.9,738,19.3,51.5,972,1858,2901,3669,10636,15083,11807,3622,27985,1837
1773416988,1,102400000.0,102400000.0,13812240.0,13443920.0,1794130.4,1710045.0,432703.5,508557.0,101508.9,401.3,24.0,40.8,752,19.2,51.6,972,1856,2900,3668,10634,15079,11804,3621,27978,1836
1773417288,1,102400000.0,102400000.0,13838851.0,13425899.0,1794337.9,1710842.9,432627.1,507343.6,101510.1,399.8,24.0,40.8,759,19.2,51.7,972,1856,2900,3667,10633,15080,11802,3621,27976,1836
1773417588,1,102400000.0,102400000.0,13819976.0,13370044.0,1797132.5,1715755.1,432881.4,507379.2,101501.0,401.2,24.1,40.6,738,19.2,51.7,973,1859,2901,3669,10635,15082,11804,3621,27986,1837
1773417888,1,102400000.0,102400000.0,13822537.0,13380165.0,1794837.1,1717811.1,431313.2,508365.1,101512.8,406.2,24.0,41.0,762,19.2,51.7,972,1857,2900,3668,10636,15083,11806,3621,27989,1837
1773418188,1,102400000.0,102400000.0,13797103.0,13364485.0,1793181.1,1714689.9,432161.6,506952.1,101517.2,406.9,23.8,41.2,735,19.2,51.7,972,1859,2900,3668,10635,15082,11802,3621,27981,1837
1773418488,1,102400000.0,102400000.0,13809591.0,13382337.0,1793994.0,1713626.0,432198.1,507251.8,101518.9,402.5,24.0,40.8,740,19.2,51.7,973,1858,2901,3668,10636,15084,11804,3621,27992,1838
1773418788,1,102400000.0,102400000.0,13815095.0,13402001.0,1800408.1,1722138.1,431993.6,506730.8,101530.2,406.2,24.0,40.8,773,19.2,51.7,972,1856,2899,3667,10632,15077,11800,3619,27975,1837
1773419088,1,102400000.0,102400000.0,13799005.0,13398887.0,1796989.4,1711688.0,432658.0,507073.6,101529.1,402.6,23.9,40.9,778,19.2,51.7,972,1856,2900,3666,10630,15077,11799,3620,27982,1836
1773419388,1,102400000.0,102400000.0,13784239.0,13369308.0,1799298.9,1718146.9,431993.2,507088.6,101518.7,397.1,23.9,41.1,747,19.3,51.6,971,1854,2899,3666,10627,15074,11794,3618,27972,1836
1773419688,1,102400000.0,102400000.0,13780361.0,13388440.0,1798135.0,1718555.5,431552.6,507390.8,101515.3,392.7,23.8,41.1,746,19.2,51.6,973,1858,2900,3668,10633,15081,11800,3621,27989,1837
1773419988,1,102400000.0,102400000.0,13808152.0,13415571.0,1795007.6,1712693.1,432307.1,508679.9,101518.3,383.4,23.9,41.0,753,19.2,51.7,971,1854,2899,3666,10632,15076,11800,3620,27972,1837
1773420288,1,102400000.0,102400000.0,13865949.0,13425836.0,1801137.1,1719090.5,433601.2,508193.1,101499.6,378.5,23.9,40.9,739,19.2,51.6,972,1856,2899,3666,10627,15074,11793,3619,27971,1836
1773420589,1,102400000.0,102400000.0,13892239.0,13451137.0,1805328.1,1726904.6,433915.2,509296.4,101497.9,374.2,23.9,40.7,695,19.2,51.6,972,1857,2900,3668,10631,15079,11802,3620,27980,1836
1773420889,1,102400000.0,102400000.0,13912560.0,13493989.0,1804091.1,1723056.6,433907.3,508232.5,101510.7,361.2,23.9,41.1,718,19.3,51.5,972,1858,2900,3667,10629,15076,11796,3620,27983,1837
1773421189,1,102400000.0,102400000.0,13869549.0,13458627.0,1805242.0,1726491.5,434102.0,509230.8,101493.6,362.3,23.9,40.9,718,19.2,51.7,973,1860,2901,3668,10632,15082,11800,3621,27998,1838
1773421489,1,102400000.0,102400000.0,13870587.0,13477041.0,1803376.4,1725280.1,433262.0,509214.0,101487.9,363.8,24.1,40.5,706,19.2,51.8,972,1858,2900,3667,10634,15080,11801,3621,27987,1837
1773421787,1,102400000.0,102400000.0,13896968.0,13466751.0,1802102.6,1723214.5,432811.0,508102.6,101492.7,363.0,24.1,40.7,721,19.2,51.8,973,1859,2901,3668,10635,15081,11804,3621,27990,1837
1773422088,1,102400000.0,102400000.0,13846313.0,13448573.0,1794841.0,1716407.5,432705.9,508563.8,101487.5,374.3,24.0,40.9,725,19.2,51.7,972,1857,2899,3665,10623,15072,11789,3618,27979,1837
1773422388,1,102400000.0,102400000.0,13861267.0,13416539.0,1798732.1,1720199.1,432965.4,509051.9,101498.4,369.5,24.0,40.8,712,19.2,51.8,972,1858,2900,3666,10629,15076,11796,3619,27987,1837
1773422688,1,102400000.0,102400000.0,13899279.0,13457329.0,1795548.4,1727278.9,433998.0,508717.1,101509.9,375.1,24.0,40.9,723,19.2,51.8,973,1858,2900,3666,10630,15080,11796,3620,27993,1838
1773422988,1,102400000.0,102400000.0,13848627.0,13469773.0,1801952.0,1730303.6,432488.8,508968.4,101492.0,379.3,23.9,41.1,711,19.1,51.9,972,1857,2900,3667,10631,15079,11797,3620,27984,1837
1773423288,1,102400000.0,102400000.0,13908028.0,13473381.0,1810158.0,1720371.6,434096.6,508056.8,101496.6,377.9,23.9,41.0,724,19.1,51.9,973,1859,2900,3667,10631,15079,11798,3620,27989,1837
1773423588,1,102400000.0,102400000.0,13916779.0,13492912.0,1804778.6,1726990.6,433448.0,508500.0,101489.7,381.0,23.9,41.1,729,19.0,52.1,972,1856,2899,3665,10628,15076,11793,3619,27981,1837
1773423888,1,102400000.0,102400000.0,13892672.0,13509812.0,1813381.9,1727769.6,435163.1,508964.9,101476.0,385.5,23.9,41.0,734,19.1,52.0,973,1858,2900,3666,10627,15078,11791,3619,27987,1837
1773424188,1,102400000.0,102400000.0,13924376.0,13511660.0,1811507.1,1726124.4,434918.1,509291.0,101472.3,382.0,23.9,41.2,734,19.2,51.7,972,1857,2900,3667,10629,15080,11793,3621,27992,1837
1773424488,1,102400000.0,102400000.0,13922187.0,13501745.0,1807203.6,1727506.9,434478.4,509805.4,101465.1,384.1,24.0,40.9,742,19.1,52.1,972,1857,2899,3665,10624,15073,11790,3619,27980,1837
1773424788,1,102400000.0,102400000.0,13933877.0,13474276.0,1811549.4,1726794.0,434073.2,508478.5,101468.8,385.2,23.9,41.1,727,19.1,52.1,973,1860,2901,3668,10634,15083,11802,3622,27991,1838
1773425088,1,102400000.0,102400000.0,13973343.0,13554051.0,1809697.4,1732055.5,435047.5,510772.7,101466.3,386.1,23.9,41.0,712,19.1,52.0,972,1858,2900,3666,10628,15077,11794,3620,27984,1837
1773425388,1,102400000.0,102400000.0,13944360.0,13485045.0,1804304.4,1727200.9,434259.7,508679.4,101467.5,383.7,23.9,41.2,733,19.2,51.9,973,1858,2900,3668,10631,15079,11797,3620,27983,1837
1773425688,1,102400000.0,102400000.0,13933831.0,13511224.0,1813589.0,1729491.0,434648.1,509294.3,101453.4,384.5,23.9,41.1,737,19.2,51.9,973,1859,2900,3667,10633,15081,11801,3621,27991,1838
1773425989,1,102400000.0,102400000.0,13897496.0,13482473.0,1811281.0,1729579.0,434388.2,509104.6,101446.8,384.6,23.7,41.4,744,19.1,52.0,972,1858,2900,3667,10629,15078,11796,3620,27987,1838
1773426289,1,102400000.0,102400000.0,13937604.0,13556953.0,1812650.1,1736218.5,435222.9,510202.7,101449.0,373.6,23.8,41.2,732,19.1,52.0,973,1860,2900,3667,10631,15078,11796,3621,27990,1837
1773426589,1,102400000.0,102400000.0,13969548.0,13539657.0,1805305.1,1731541.9,434940.8,508918.2,101455.5,383.4,24.0,41.1,719,19.1,52.1,973,1859,2901,3668,10634,15081,11799,3621,27995,1838
1773426889,1,102400000.0,102400000.0,13955316.0,13539411.0,1817095.4,1733104.1,434373.2,509864.2,101454.5,388.8,23.8,41.3,734,19.2,52.0,972,1860,2900,3666,10628,15078,11793,3620,27984,1838
1773427187,1,102400000.0,102400000.0,13898211.0,13521860.0,1810838.4,1734939.0,436106.7,510058.7,101455.6,390.2,23.8,41.3,734,19.1,52.2,972,1857,2899,3666,10628,15074,11795,3619,27979,1837
1773427487,1,102400000.0,102400000.0,13930911.0,13563075.0,1814437.9,1733424.0,435440.1,510137.8,101432.6,393.3,23.9,41.1,751,19.2,52.0,974,1862,2901,3669,10637,15087,11806,3622,28000,1839
1773427788,1,102400000.0,102400000.0,13984983.0,13540204.0,1813760.6,1732789.9,435672.6,509436.9,101431.9,393.5,23.8,41.2,749,19.2,52.0,973,1861,2901,3669,10635,15085,11803,3622,27993,1838
1773428088,1,102400000.0,102400000.0,13943351.0,13547652.0,1814995.4,1733478.0,434815.0,509912.5,101426.9,383.4,23.9,41.1,731,19.1,52.0,973,1859,2901,3667,10631,15078,11798,3620,27992,1838
1773428388,1,102400000.0,102400000.0,14003040.0,13584029.0,1818915.6,1735666.5,436076.8,510429.5,101424.1,379.0,24.0,40.9,725,19.2,51.8,973,1859,2900,3667,10630,15080,11795,3620,27993,1837
1773428688,1,102400000.0,102400000.0,14000380.0,13571305.0,1814529.5,1740981.6,436333.3,511008.7,101437.4,373.0,24.0,40.8,713,19.2,51.9,973,1859,2900,3668,10633,15082,11799,3621,27994,1838
1773428988,1,102400000.0,102400000.0,14037369.0,13618568.0,1813301.6,1736951.0,436002.1,511544.2,101425.9,375.1,23.9,41.0,722,19.2,51.9,973,1860,2901,3667,10632,15082,11799,3621,27995,1838
1773429289,1,102400000.0,102400000.0,14035060.0,13575185.0,1818714.5,1740061.5,436715.0,510915.5,101427.6,365.0,23.9,41.0,708,19.2,51.8,974,1861,2902,3669,10633,15084,11802,3622,28001,1838
1773429589,1,102400000.0,102400000.0,14072199.0,13668004.0,1824455.0,1743271.9,437313.5,510985.2,101425.3,361.9,24.0,40.8,677,19.1,52.0,972,1858,2900,3666,10629,15075,11797,3620,27981,1837
1773429889,1,102400000.0,102400000.0,14095276.0,13647089.0,1827633.1,1745038.9,438228.6,511485.6,101415.2,359.8,23.9,41.0,693,19.2,51.9,973,1861,2901,3669,10634,15083,11802,3621,27993,1838
1773430187,1,102400000.0,102400000.0,14052639.0,13674689.0,1826931.0,1752374.9,438070.0,512510.9,101412.5,357.3,24.0,40.9,691,19.1,52.0,973,1862,2900,3665,10628,15068,11798,3621,27982,1836
1773430496,1,102400000.0,102400000.0,13789339.0,13397985.0,1793860.0,1718612.9,430865.9,505450.8,101411.0,361.2,24.2,41.7,709,19.2,52.7,991,1882,3031,4002,10794,16051,11982,3687,28531,1918
1773430796,1,102400000.0,102400000.0,13784759.0,13385012.0,1784336.5,1708920.6,429236.9,504679.1,101405.4,361.7,24.0,41.0,665,19.0,52.4,990,1882,3033,4015,10804,16090,11991,3690,28530,1920
1773431096,1,102400000.0,102400000.0,13813289.0,13384268.0,1789534.0,1710061.5,429609.2,503950.8,101394.2,353.8,23.9,41.0,697,19.0,52.4,990,1881,3034,4017,10806,16097,11992,3691,28540,1920
1773431395,1,102400000.0,102400000.0,13800932.0,13390459.0,1797756.5,1714646.6,430941.1,504929.9,101386.8,351.5,23.9,41.1,693,19.0,52.4,990,1881,3034,4016,10803,16096,11990,3690,28537,1921
1773431695,1,102400000.0,102400000.0,13865712.0,13428365.0,1801212.9,1719621.4,432923.2,507598.5,101381.2,348.6,23.9,41.0,680,19.1,52.3,989,1879,3033,4015,10801,16090,11988,3690,28529,1919
1773431995,1,102400000.0,102400000.0,13850512.0,13495651.0,1809596.4,1722188.1,433678.6,507618.2,101372.5,349.8,23.9,41.0,694,19.0,52.4,990,1880,3033,4016,10806,16091,11990,3690,28533,1920
1773432295,1,102400000.0,102400000.0,13917147.0,13506245.0,1811750.9,1731794.9,434296.1,509204.2,101368.9,344.5,24.0,40.9,679,19.1,52.2,990,1881,3034,4017,10806,16098,11990,3691,28539,1920
1773432595,1,102400000.0,102400000.0,13946531.0,13534507.0,1810608.4,1732798.0,435297.5,508939.4,101359.5,347.3,23.9,41.1,671,19.0,52.6,990,1882,3034,4016,10808,16097,11995,3692,28547,1921
1773432895,1,102400000.0,102400000.0,13980449.0,13576084.0,1817078.5,1739012.4,435813.0,510256.8,101356.0,341.2,24.0,41.1,636,19.0,52.5,990,1880,3034,4015,10804,16094,11990,3691,28538,1920
1773433195,1,102400000.0,102400000.0,14021343.0,13581119.0,1821375.1,1739921.1,435984.3,510641.1,101351.5,339.4,24.0,41.0,668,19.0,52.5,990,1880,3033,4015,10805,16095,11990,3691,28534,1920
1773433494,1,102400000.0,102400000.0,14051057.0,13639923.0,1827374.0,1741270.9,436451.7,510965.4,101322.5,336.9,23.8,41.3,644,19.1,52.4,990,1879,3034,4015,10805,16095,11988,3690,28535,1920
1773433794,1,102400000.0,102400000.0,14084521.0,13602392.0,1822402.9,1748470.6,437292.8,511636.8,101306.7,342.6,23.9,41.1,662,19.1,52.3,990,1881,3033,4015,10803,16093,11989,3690,28531,1920
1773434094,1,102400000.0,102400000.0,14025439.0,13644987.0,1828709.4,1743598.5,437570.4,511401.3,101312.2,334.2,24.0,41.0,669,19.1,52.3,990,1882,3034,4016,10808,16098,11993,3691,28541,1921
1773434394,1,102400000.0,102400000.0,14062312.0,13643213.0,1826140.4,1739921.1,436840.9,512065.1,101299.0,331.1,24.0,41.2,673,19.0,52.5,990,1881,3033,4016,10806,16092,11992,3690,28536,1921
1773434694,1,102400000.0,102400000.0,14026024.0,13649643.0,1827253.6,1746195.0,437145.5,511338.2,101293.9,339.6,23.9,41.2,678,19.0,52.5,990,1883,3034,4017,10807,16095,11993,3690,28540,1920
1773434994,1,102400000.0,102400000.0,14063147.0,13650125.0,1826307.6,1753127.1,437761.9,511297.2,101304.3,348.6,24.0,41.1,665,19.1,52.4,990,1881,3034,4016,10805,16094,11990,3691,28537,1920
1773435294,1,102400000.0,102400000.0,14022061.0,13632592.0,1825954.6,1743887.6,436994.6,511808.4,101289.9,347.5,23.9,41.2,676,19.1,52.6,991,1884,3035,4018,10812,16102,11997,3693,28549,1921
1773435594,1,102400000.0,102400000.0,14066156.0,13623113.0,1824430.6,1749484.6,436895.4,511350.1,101300.4,352.6,23.9,41.3,671,19.1,52.6,991,1883,3034,4017,10808,16097,11995,3691,28538,1920
1773435896,1,102400000.0,102400000.0,14063000.0,13585509.0,1823812.5,1741954.1,437036.7,511555.8,101285.3,345.1,24.0,41.4,691,19.1,52.6,990,1882,3033,4016,10803,16094,11989,3691,28541,1920
1773436196,1,102400000.0,102400000.0,14017839.0,13617169.0,1821745.1,1740353.6,436983.7,511480.0,101285.6,345.0,23.9,41.5,684,19.1,52.7,991,1884,3034,4017,10810,16100,11996,3692,28543,1921
1773436496,1,102400000.0,102400000.0,14034579.0,13591601.0,1822486.5,1742410.6,436346.6,511480.8,101267.2,351.7,23.9,41.4,665,19.1,52.7,990,1881,3034,4015,10804,16093,11989,3690,28533,1920
1773436796,1,102400000.0,102400000.0,14040753.0,13620375.0,1825509.6,1742366.5,436934.3,511354.0,101271.4,349.1,23.9,41.8,679,19.1,52.8,990,1883,3034,4016,10808,16098,11995,3691,28541,1920
1773437096,1,102400000.0,102400000.0,14047533.0,13574512.0,1821104.0,1741419.5,436288.8,509812.9,101261.8,350.4,23.8,41.7,691,19.0,52.9,990,1882,3034,4016,10808,16096,11994,3691,28539,1920
1773437396,1,102400000.0,102400000.0,14022416.0,13608676.0,1821540.5,1735801.1,436115.3,510504.4,101256.4,356.9,23.9,41.6,697,19.1,52.8,990,1882,3034,4016,10805,16097,11990,3691,28541,1920
1773437696,1,102400000.0,102400000.0,13934277.0,13582483.0,1815946.0,1734780.0,435261.3,509547.2,101255.0,357.3,23.9,41.6,681,19.0,53.1,991,1885,3036,4017,10812,16103,11996,3693,28559,1922
1773437996,1,102400000.0,102400000.0,13947191.0,13531720.0,1813482.0,1744342.4,435404.4,508569.9,101258.3,360.7,23.9,41.6,711,18.9,53.3,991,1883,3034,4017,10809,16098,11995,3691,28544,1921
1773438296,1,102400000.0,102400000.0,13978613.0,13557769.0,1814133.5,1733717.4,434854.9,510177.7,101254.8,357.7,23.9,41.8,712,19.1,53.1,990,1881,3034,4017,10810,16097,11997,3691,28541,1920
1773438596,1,102400000.0,102400000.0,13932752.0,13529612.0,1811808.0,1730903.5,434401.8,510170.1,101261.1,357.6,23.8,42.2,687,18.9,53.4,991,1884,3035,4017,10810,16099,11997,3692,28539,1921
1773438894,1,102400000.0,102400000.0,13953076.0,13541161.0,1817547.0,1731865.6,434350.9,509114.5,101246.7,365.5,23.5,42.8,737,18.7,54.0,991,1886,3034,4016,10806,16098,11989,3692,28548,1922
1773439194,1,102400000.0,102400000.0,13976623.0,13541033.0,1818802.5,1735572.9,434902.5,508937.2,101235.4,367.7,23.4,43.2,717,18.5,54.8,991,1886,3035,4016,10806,16099,11989,3693,28564,1922
1773439494,1,102400000.0,102400000.0,13937388.0,13551845.0,1815642.0,1729246.0,433223.2,508233.3,101237.2,375.8,23.4,43.3,731,18.6,54.9,990,1883,3033,4014,10804,16094,11987,3691,28538,1921
1773439795,1,102400000.0,102400000.0,13889864.0,13533393.0,1810327.0,1726389.1,433561.2,507160.8,101229.8,385.6,23.3,43.2,749,18.7,54.9,991,1886,3034,4015,10805,16099,11987,3692,28556,1921
1773440095,1,102400000.0,102400000.0,13848532.0,13403348.0,1802829.0,1721239.9,432335.5,507118.4,101224.8,391.9,23.5,43.1,733,18.7,54.9,991,1886,3034,4014,10805,16095,11988,3691,28544,1922
1773440395,1,102400000.0,102400000.0,13776900.0,13359199.0,1802688.1,1717622.1,431892.2,507707.2,101233.8,386.7,23.5,43.3,742,18.7,54.9,991,1885,3034,4015,10806,16099,11993,3692,28556,1921
1773440695,1,102400000.0,102400000.0,13813220.0,13380284.0,1797735.4,1717120.4,430518.0,504952.7,101228.5,393.5,23.3,43.7,758,18.6,55.3,992,1889,3035,4016,10808,16102,11994,3693,28567,1922
1773440994,1,102400000.0,102400000.0,13733723.0,13319328.0,1794738.4,1710817.0,429996.8,504315.0,101227.4,389.8,23.5,43.5,734,18.8,55.0,991,1886,3035,4017,10810,16098,11996,3692,28553,1921
1773441294,1,102400000.0,102400000.0,13688075.0,13290729.0,1785042.1,1700222.5,429909.0,503071.9,101221.7,394.3,23.8,42.8,747,18.9,54.6,991,1886,3035,4019,10814,16102,12003,3692,28556,1921
1773441594,1,102400000.0,102400000.0,13643289.0,13215131.0,1775384.4,1695440.1,427513.4,501810.5,101222.5,408.6,24.1,42.4,796,19.0,54.4,990,1884,3035,4018,10812,16096,12003,3692,28543,1920
1773441894,1,102400000.0,102400000.0,13534027.0,13117621.0,1767308.0,1690039.1,425527.8,499860.1,101228.3,415.2,24.0,42.5,800,19.1,54.3,991,1884,3035,4018,10812,16099,12001,3692,28545,1920
1773442196,1,102400000.0,102400000.0,13476220.0,13088917.0,1765429.5,1683625.1,424288.3,498849.6,101219.0,418.7,23.8,43.1,795,19.1,54.4,991,1884,3036,4019,10816,16102,12006,3692,28548,1920
1773442496,1,102400000.0,102400000.0,13452384.0,13071055.0,1760874.4,1682643.9,423977.1,499054.5,101215.0,419.9,24.1,42.5,786,19.1,54.5,990,1883,3034,4017,10810,16099,11997,3691,28547,1921
1773442796,1,102400000.0,102400000.0,13450308.0,13043007.0,1755731.0,1676777.0,423642.7,498756.5,101217.0,414.8,23.9,42.8,794,19.1,54.4,991,1882,3035,4017,10809,16097,11995,3691,28543,1921
1773443096,1,102400000.0,102400000.0,13417643.0,13034715.0,1757124.0,1676601.6,424025.1,497613.1,101219.4,409.8,24.0,42.8,782,19.0,54.7,991,1884,3035,4018,10811,16097,11999,3691,28544,1920
1773443396,1,102400000.0,102400000.0,13385603.0,13025649.0,1755854.0,1678907.4,423323.0,497232.6,101206.7,408.1,24.1,42.5,748,19.0,54.6,991,1885,3035,4017,10809,16096,11996,3692,28545,1921
1773443695,1,102400000.0,102400000.0,13432229.0,12974811.0,1753354.4,1677147.6,423170.0,496654.2,101204.3,409.4,24.0,42.7,739,19.1,54.5,991,1884,3036,4018,10811,16100,11997,3692,28547,1921
1773443995,1,102400000.0,102400000.0,13367033.0,13013344.0,1754094.9,1678420.1,422949.7,497476.5,101202.1,405.9,23.8,43.2,771,19.1,54.5,991,1886,3035,4018,10811,16099,11999,3692,28555,1921
1773444295,1,102400000.0,102400000.0,13398988.0,12973732.0,1752153.4,1673588.0,422570.1,496132.8,101185.1,406.2,23.9,43.1,751,19.1,54.6,990,1881,3033,4016,10808,16094,11991,3691,28540,1919
1773444595,1,102400000.0,102400000.0,13367983.0,12967208.0,1747467.9,1671832.9,422782.3,494762.1,101185.8,396.3,23.9,43.1,748,19.0,54.9,990,1880,3034,4017,10810,16093,11996,3690,28531,1920
1773444896,1,102400000.0,102400000.0,13337405.0,12955723.0,1753370.6,1669974.5,421316.0,495248.4,101178.0,391.0,24.0,43.0,746,19.1,54.8,990,1882,3034,4015,10808,16093,11993,3690,28539,1920
1773445196,1,102400000.0,102400000.0,13308279.0,12981111.0,1748418.0,1666568.9,420872.9,496565.8,101176.4,390.0,23.9,43.3,722,19.2,54.6,990,1881,3034,4015,10807,16092,11992,3690,28531,1920
1773445496,1,102400000.0,102400000.0,13353440.0,12914515.0,1747680.0,1666234.4,421903.8,496903.2,101175.6,393.4,23.9,43.2,726,19.1,54.7,990,1882,3035,4017,10810,16098,11995,3692,28545,1921
1773445796,1,102400000.0,102400000.0,13366499.0,12973757.0,1746909.1,1670825.0,424278.5,496232.6,95535.4,387.1,24.0,42.9,734,19.1,54.7,991,1884,3035,4018,10810,16099,11996,3691,28545,1921
1773446096,1,102400000.0,102400000.0,13401884.0,13023303.0,1754805.5,1681061.0,424869.5,496680.4,95523.1,382.5,24.0,43.0,717,19.1,54.7,990,1883,3036,4018,10812,16098,12000,3692,28548,1921
1773446395,1,102400000.0,102400000.0,13407088.0,13013720.0,1757497.9,1677809.1,422230.2,496945.5,95526.1,380.4,23.7,43.5,715,19.1,54.7,990,1883,3034,4017,10807,16093,11991,3691,28539,1920
1773446695,1,102400000.0,102400000.0,13423931.0,13017165.0,1760174.9,1679017.4,423581.7,497789.5,95519.9,379.3,24.0,42.9,725,19.1,54.9,990,1882,3034,4018,10810,16098,11996,3691,28543,1920
1773446995,1,102400000.0,102400000.0,13435571.0,13075704.0,1762039.5,1684007.1,423938.0,497725.7,95513.0,375.4,24.0,43.0,697,19.1,54.8,991,1883,3035,4016,10809,16097,11993,3692,28551,1920
1773447295,1,102400000.0,102400000.0,13457505.0,13043779.0,1760811.1,1682392.1,425044.5,499272.0,95503.3,372.7,23.8,43.4,724,19.2,54.6,990,1881,3034,4017,10810,16095,11998,3690,28539,1919
1773447595,1,102400000.0,102400000.0,13488789.0,13066920.0,1757641.4,1689474.1,425373.1,497456.5,95490.9,379.4,23.9,43.3,720,19.1,54.9,991,1883,3034,4017,10810,16097,11997,3691,28540,1920
1773447895,1,102400000.0,102400000.0,13463833.0,13097897.0,1762459.6,1686771.5,425177.9,498257.0,95487.2,377.5,23.9,43.3,733,19.2,54.7,991,1883,3035,4018,10813,16099,11999,3692,28546,1921
1773448195,1,102400000.0,102400000.0,13464321.0,13061021.0,1761082.0,1683294.4,425874.1,497930.3,95478.9,382.4,23.9,43.5,724,19.1,55.0,990,1882,3035,4017,10809,16094,11998,3691,28535,1920
1773448495,1,102400000.0,102400000.0,13464472.0,13074544.0,1763006.6,1688167.9,425639.6,498282.6,95468.7,383.2,23.9,43.4,721,19.0,55.4,990,1882,3034,4017,10812,16097,12001,3691,28545,1920
1773448795,1,102400000.0,102400000.0,13496616.0,13086331.0,1766687.4,1683414.4,425977.3,498983.4,95468.0,383.6,23.8,43.5,692,19.1,55.1,990,1882,3035,4017,10810,16097,11997,3691,28540,1920
1773449095,1,102400000.0,102400000.0,13468509.0,13078536.0,1761860.1,1688298.1,425993.8,498151.7,95449.9,384.4,23.9,43.6,734,19.0,55.3,990,1881,3034,4017,10810,16093,11998,3691,28530,1919
1773449396,1,102400000.0,102400000.0,13477795.0,13067741.0,1761112.0,1689427.0,426000.6,498850.5,95448.6,387.1,23.8,43.6,749,19.2,55.0,991,1885,3035,4018,10813,16097,12001,3691,28546,1921
1773449696,1,102400000.0,102400000.0,13447728.0,13064664.0,1757362.4,1683805.1,425199.2,497683.1,95442.8,386.6,23.9,43.6,746,19.1,55.2,991,1885,3036,4019,10817,16101,12008,3693,28551,1921
1773449996,1,102400000.0,102400000.0,13474887.0,13013396.0,1752973.0,1686730.9,423755.8,496989.5,95433.4,394.5,24.0,43.4,745,19.1,55.2,990,1883,3035,4018,10816,16097,12007,3691,28542,1920
1773450294,1,102400000.0,102400000.0,13420325.0,13047295.0,1756588.9,1689959.9,422718.8,497129.9,95427.3,390.0,23.8,43.6,729,19.2,55.1,991,1884,3035,4020,10818,16100,12008,3692,28548,1920
1773450594,1,102400000.0,102400000.0,13354799.0,12962439.0,1748538.5,1677766.1,421158.4,494913.3,95421.3,389.9,23.9,43.5,735,19.3,54.8,991,1882,3034,4015,10799,16094,11982,3690,28549,1920
1773450896,1,102400000.0,102400000.0,13364856.0,12975777.0,1753740.1,1674068.6,423056.2,494668.4,95417.0,391.3,23.9,43.6,733,19.0,55.5,991,1882,3034,4016,10803,16097,11987,3691,28549,1920
1773451196,1,102400000.0,102400000.0,13364284.0,12993945.0,1747826.4,1678351.1,422645.2,493827.8,95408.4,388.5,23.8,43.7,729,19.1,55.2,989,1878,3031,4011,10794,16081,11974,3688,28528,1919
1773451496,1,102400000.0,102400000.0,13360325.0,12965249.0,1756595.9,1672861.6,422631.4,495382.6,95399.2,387.3,23.9,43.5,740,19.1,55.2,990,1879,3033,4014,10800,16088,11983,3690,28532,1919
1773451794,1,102400000.0,102400000.0,13382860.0,12995100.0,1753993.9,1686897.0,421992.8,495544.6,95405.3,384.6,23.9,43.5,728,19.1,55.2,990,1881,3033,4013,10799,16088,11981,3690,28536,1920
1773452094,1,102400000.0,102400000.0,13392807.0,12994421.0,1755908.5,1674084.1,422236.0,496473.2,95405.0,379.6,23.7,43.8,720,19.1,55.2,989,1879,3033,4013,10799,16086,11982,3689,28530,1919
1773452394,1,102400000.0,102400000.0,13425232.0,13071415.0,1759180.1,1680114.9,423359.6,496440.4,95404.4,384.2,24.0,43.2,676,19.0,55.2,989,1877,3032,4013,10799,16085,11979,3689,28524,1919
1773452695,1,102400000.0,102400000.0,13435180.0,13065425.0,1769375.4,1681632.1,424920.1,496889.6,95408.2,371.9,23.9,43.4,702,19.1,55.1,989,1877,3031,4012,10794,16082,11974,3688,28523,1918
1773452995,1,102400000.0,102400000.0,13518559.0,13091839.0,1761737.6,1694137.1,426357.5,498347.2,95400.2,370.0,23.8,43.4,699,19.2,54.8,2,15,20,24,31,31,34,21,91,5
1773453295,1,102400000.0,102400000.0,13554308.0,13110103.0,1769994.9,1692259.4,425037.3,496746.3,95396.1,369.9,23.9,43.4,715,19.1,54.9,19,153,110,260,816,424,1294,96,265,28
1773453595,1,102400000.0,102400000.0,13473579.0,13102304.0,1771045.6,1687712.5,426609.2,497481.7,95404.3,374.7,23.8,43.6,712,19.1,55.1,20,154,112,264,830,431,1316,98,270,28
1773453895,1,102400000.0,102400000.0,13575292.0,13184413.0,1774611.5,1697514.6,426836.5,497675.5,95404.9,365.9,23.8,43.4,719,18.9,55.4,20,154,112,264,829,430,1316,98,270,28
1773454195,1,102400000.0,102400000.0,13637921.0,13238975.0,1776592.9,1700095.5,427684.6,499610.3,95402.5,357.7,23.7,43.6,677,18.9,55.5,20,153,111,263,827,429,1311,98,269,28
1773454496,1,102400000.0,102400000.0,13659887.0,13303723.0,1789921.0,1712481.4,429225.7,502189.3,95401.2,356.0,23.8,43.4,681,18.9,55.5,20,154,112,263,828,430,1313,98,270,28
1773454796,1,102400000.0,102400000.0,13674263.0,13323605.0,1789077.0,1711930.1,429766.6,502636.9,95400.8,355.5,23.6,43.7,671,18.9,55.5,20,153,111,262,824,428,1307,97,269,28
1773455096,1,102400000.0,102400000.0,13686549.0,13394393.0,1793099.6,1714555.4,430943.6,502416.8,95404.9,355.4,23.6,43.6,685,18.9,55.5,20,154,112,263,826,429,1311,98,269,28
1773455396,1,102400000.0,102400000.0,13753171.0,13363927.0,1797259.6,1722213.1,430502.6,504172.7,95409.3,357.0,23.7,43.5,678,19.0,55.2,20,153,111,262,824,428,1307,98,269,28
1773455696,1,102400000.0,102400000.0,13797253.0,13418808.0,1802840.5,1720573.1,432583.8,503608.6,95402.7,351.8,23.7,43.5,661,18.8,55.4,20,153,111,262,824,428,1308,98,269,28
1773455996,1,102400000.0,102400000.0,13796112.0,13427023.0,1807550.1,1723251.1,432244.3,504618.3,95390.1,349.5,23.7,43.4,658,18.9,55.2,20,154,112,263,826,429,1310,97,269,28
1773456296,1,102400000.0,102400000.0,13852277.0,13484715.0,1806249.0,1723589.5,432331.4,505342.1,95390.9,348.5,23.7,43.4,665,18.8,55.6,20,154,111,263,826,428,1310,98,269,28
1773456594,1,102400000.0,102400000.0,13867184.0,13504445.0,1810585.9,1732682.9,433278.4,505675.9,95393.6,339.0,23.8,43.3,674,18.8,55.6,20,153,111,262,824,427,1306,97,269,28
1773456895,1,102400000.0,102400000.0,13916388.0,13532773.0,1816818.1,1732676.0,434005.1,506618.9,95400.8,339.1,23.6,43.6,677,18.8,55.7,20,153,111,262,822,427,1304,97,268,28
1773457195,1,102400000.0,102400000.0,13955364.0,13528253.0,1815906.6,1733574.9,434805.2,507713.2,95393.9,344.0,23.7,43.5,669,18.8,55.6,20,153,111,262,824,428,1308,97,269,28
1773457496,1,102400000.0,102400000.0,13964109.0,13562277.0,1825080.0,1739984.4,435267.2,507876.2,95387.7,349.0,23.6,43.7,658,18.5,56.2,20,153,111,263,825,428,1309,98,269,28
1773457796,1,102400000.0,102400000.0,13975643.0,13615599.0,1826449.0,1747118.1,436118.1,507514.6,95391.7,344.8,23.6,43.8,639,18.6,56.1,20,154,111,262,826,429,1309,97,269,28
1773458094,1,102400000.0,102400000.0,14066635.0,13611512.0,1827604.9,1747400.9,435491.7,508551.8,95396.2,340.7,23.7,43.5,652,18.7,55.9,20,153,111,262,824,428,1307,97,269,28
1773458395,1,102400000.0,102400000.0,14042055.0,13662889.0,1828063.9,1743752.1,436486.3,508577.8,95387.6,346.1,23.6,43.7,643,18.7,56.0,20,153,111,262,824,428,1308,98,269,28
1773458695,1,102400000.0,102400000.0,14009039.0,13636783.0,1828160.6,1745803.1,435458.6,508122.0,95384.1,340.0,23.5,43.8,655,18.7,56.0,20,153,111,262,823,427,1306,97,269,28
1773458995,1,102400000.0,102400000.0,13985931.0,13630683.0,1830235.6,1748125.6,436021.4,509516.3,95385.2,336.5,23.6,43.8,628,18.6,56.2,20,154,111,263,826,429,1310,98,269,28
1773459295,1,102400000.0,102400000.0,14057667.0,13686365.0,1835136.6,1749897.1,437213.9,508767.9,95377.2,338.6,23.2,44.7,663,18.6,56.5,20,153,111,262,825,428,1309,98,269,28
1773459595,1,102400000.0,102400000.0,14092868.0,13674115.0,1838568.0,1753380.4,437256.8,510503.3,95378.4,343.2,23.3,44.4,646,18.5,56.7,20,154,112,263,827,429,1311,98,269,28
1773459895,1,102400000.0,102400000.0,14083304.0,13727663.0,1837478.6,1755031.6,436717.3,510066.4,95380.2,334.9,23.2,44.7,637,18.4,57.0,20,154,111,263,826,429,1310,98,269,28
1773460196,1,102400000.0,102400000.0,14112605.0,13725723.0,1841505.4,1758222.6,438068.8,510388.2,95370.2,346.4,23.1,44.7,634,18.3,57.3,20,154,112,264,830,431,1316,98,270,28
1773460496,1,102400000.0,102400000.0,14115121.0,13715496.0,1839642.9,1758600.1,438138.9,509838.2,95371.5,337.4,23.3,44.5,656,18.4,57.0,20,154,112,264,830,431,1317,98,270,28
1773460796,1,102400000.0,102400000.0,14147861.0,13742357.0,1842193.1,1760693.6,438345.9,510735.2,95367.3,337.9,22.9,45.2,666,18.4,57.0,20,154,112,264,829,430,1315,98,270,28
1773461096,1,102400000.0,102400000.0,14109108.0,13714936.0,1841327.0,1760228.0,438248.8,510625.2,95366.9,338.2,23.4,44.3,644,18.4,56.8,20,155,112,264,832,432,1320,98,270,28
1773461396,1,102400000.0,102400000.0,14110665.0,13721180.0,1842353.0,1755246.0,437927.7,511244.2,95361.5,340.4,23.3,44.2,639,18.5,56.7,20,154,112,264,830,431,1316,98,270,28
1773461696,1,102400000.0,102400000.0,14078571.0,13687133.0,1837124.0,1756383.5,438579.7,511700.6,95354.4,329.8,23.2,44.5,647,18.5,56.5,20,155,112,265,833,433,1322,98,271,28
1773461996,1,102400000.0,102400000.0,14153172.0,13736616.0,1844729.9,1761096.5,439359.1,511507.0,95353.8,337.2,23.3,44.5,629,18.5,56.4,20,154,112,264,829,431,1316,98,270,28
1773462296,1,102400000.0,102400000.0,14147693.0,13803941.0,1845748.4,1762654.0,440412.1,513037.7,95348.6,331.3,23.2,44.5,648,18.5,56.4,20,154,112,263,827,430,1312,98,269,28
1773462596,1,102400000.0,102400000.0,14153763.0,13811863.0,1846280.1,1766970.6,440155.2,512790.8,95353.8,329.0,23.4,44.0,635,18.5,56.4,20,155,112,265,834,434,1323,99,271,28
1773462896,1,102400000.0,102400000.0,14186287.0,13868789.0,1853243.4,1769865.4,441096.2,513285.8,95340.8,327.8,23.4,44.0,667,18.5,56.4,20,155,112,265,833,433,1321,98,271,28
1773463196,1,102400000.0,102400000.0,14189372.0,13807293.0,1859286.0,1769776.6,440798.6,514778.5,95343.6,332.5,23.2,44.5,650,18.5,56.3,20,155,112,265,834,433,1322,98,271,28
1773463496,1,102400000.0,102400000.0,14202753.0,13810435.0,1859613.0,1775240.6,444195.8,514693.8,95344.6,339.7,23.5,43.8,660,18.5,56.2,20,154,112,264,830,431,1316,98,270,28
1773463794,1,102400000.0,102400000.0,14234468.0,13911079.0,1860407.4,1770399.6,443246.1,515586.8,95332.5,337.2,23.4,43.9,632,18.5,56.3,20,154,112,263,828,430,1313,98,270,28
1773464094,1,102400000.0,102400000.0,14240880.0,13889197.0,1860767.4,1778515.1,444563.7,515049.2,95329.4,329.5,23.3,44.0,649,18.6,56.2,20,154,112,264,831,432,1318,98,270,28
1773464394,1,102400000.0,102400000.0,14285924.0,13908257.0,1868492.5,1784365.9,443794.8,515858.5,95330.6,331.4,23.5,43.8,641,18.5,56.3,20,154,112,264,830,431,1316,98,270,28
1773464695,1,102400000.0,102400000.0,14325796.0,13956492.0,1872436.6,1785528.1,444493.5,515839.6,95324.5,326.9,23.5,43.7,636,18.5,56.4,20,154,112,263,829,430,1314,98,270,28
1773464995,1,102400000.0,102400000.0,14268216.0,13966635.0,1868040.0,1786498.4,444914.8,515904.6,95320.3,326.9,23.3,44.0,692,18.5,56.2,20,154,112,263,828,430,1313,98,270,28
1773465295,1,102400000.0,102400000.0,14273471.0,13966460.0,1866504.1,1785457.9,444546.0,516906.5,95323.3,333.6,23.5,43.6,636,18.5,56.1,20,154,112,264,831,432,1317,98,270,28
1773465595,1,102400000.0,102400000.0,14339549.0,14057009.0,1872808.1,1788483.6,445587.2,518046.2,95338.1,329.6,23.3,43.9,641,18.6,56.0,20,154,112,264,829,430,1315,98,270,28
1773465895,1,102400000.0,102400000.0,14312897.0,14016369.0,1873772.6,1792604.4,445366.4,517737.9,95325.2,333.1,23.1,44.3,641,18.5,56.0,20,154,112,264,830,431,1317,98,270,28
1773466195,1,102400000.0,102400000.0,14345899.0,13984311.0,1879221.4,1793674.9,445625.8,518160.4,95330.3,334.0,23.3,44.1,656,18.5,56.1,20,154,112,264,829,431,1314,98,270,28
1773466495,1,102400000.0,102400000.0,14381324.0,14018375.0,1880240.0,1795630.9,445640.5,517805.5,95325.5,340.8,23.2,44.2,650,18.5,56.0,20,154,112,264,829,431,1315,98,270,28
1773466795,1,102400000.0,102400000.0,14353509.0,14030368.0,1881577.0,1796998.4,447137.1,518077.3,95335.9,337.3,23.3,43.9,644,18.6,55.8,20,155,112,264,831,432,1319,98,270,28
1773467096,1,102400000.0,102400000.0,14375559.0,14030863.0,1880561.4,1797194.6,446944.2,518360.5,95341.4,333.4,23.5,43.6,669,18.5,56.0,20,155,112,264,832,432,1320,98,270,28
1773467396,1,102400000.0,102400000.0,14379731.0,14056241.0,1885331.5,1801692.9,447581.5,518380.4,95339.4,330.3,23.5,43.6,651,18.5,56.0,20,155,112,264,831,432,1318,98,270,28
1773467696,1,102400000.0,102400000.0,14420235.0,14083583.0,1884079.1,1800922.0,447738.0,517821.8,95335.9,330.7,23.2,44.3,665,18.5,55.9,20,155,112,264,831,432,1317,98,270,28
1773467995,1,102400000.0,102400000.0,14406233.0,14096933.0,1889162.5,1807992.4,447175.2,518857.2,95337.9,335.1,23.5,43.5,629,18.6,55.9,20,155,112,264,832,433,1320,98,270,28
1773468295,1,102400000.0,102400000.0,14431620.0,14077955.0,1886966.9,1807891.4,447217.7,519846.2,95340.7,332.3,23.2,44.1,637,18.5,56.0,20,155,112,264,831,431,1318,98,270,28
1773468595,1,102400000.0,102400000.0,14430236.0,14074411.0,1889322.5,1807536.6,447486.5,519092.8,95345.8,336.6,23.3,43.9,637,18.5,56.0,20,154,112,264,831,431,1317,98,270,28
1773468896,1,102400000.0,102400000.0,14445847.0,14139969.0,1893674.5,1809530.1,448224.4,518910.9,95352.7,340.0,23.2,44.3,624,18.5,55.9,20,154,112,264,830,431,1317,98,270,28
1773469196,1,102400000.0,102400000.0,14466648.0,14150871.0,1895430.9,1810500.0,449099.8,519527.2,95359.5,336.9,23.1,44.4,619,18.6,55.9,20,154,112,264,830,431,1316,98,270,28
1773469496,1,102400000.0,102400000.0,14481529.0,14139045.0,1894583.4,1811888.4,449289.1,520127.4,95377.8,334.3,23.2,44.1,624,18.6,55.8,20,154,112,264,830,431,1316,98,270,28
1773469796,1,102400000.0,102400000.0,14482939.0,14115531.0,1902555.1,1815056.1,448691.5,520391.8,95383.9,329.1,23.4,43.8,635,18.6,55.7,20,154,112,264,831,432,1318,98,270,28
1773470096,1,102400000.0,102400000.0,14504187.0,14167421.0,1896536.0,1811746.4,449743.1,519590.8,95382.4,329.9,23.4,43.6,639,18.5,55.8,20,154,112,264,830,431,1316,98,270,28
1773470394,1,102400000.0,102400000.0,14520649.0,14176309.0,1902039.6,1817044.4,449625.4,520230.8,95385.1,330.0,23.2,44.1,645,18.5,56.0,20,155,112,264,832,432,1320,98,270,28
1773470695,1,102400000.0,102400000.0,14495248.0,14117725.0,1902595.6,1819316.0,449534.2,520391.5,95394.4,328.4,23.0,44.6,628,18.5,55.8,20,154,112,264,830,431,1317,98,270,28
1773470995,1,102400000.0,102400000.0,14516937.0,14180363.0,1905103.5,1821365.1,450329.6,519911.2,95397.4,326.5,23.4,43.5,656,18.6,55.8,20,154,112,264,830,431,1316,98,270,28
1773471296,1,102400000.0,102400000.0,14549011.0,14207084.0,1902257.9,1820786.6,449613.1,521371.0,95399.1,331.3,23.4,43.5,630,18.5,55.9,20,154,112,264,829,431,1316,98,270,28
1773471595,1,102400000.0,102400000.0,14569627.0,14206516.0,1912357.4,1824485.1,451340.4,522188.5,95407.4,331.3,23.4,43.6,666,18.5,55.9,20,154,112,263,828,430,1314,98,270,28
1773471896,1,102400000.0,102400000.0,14598171.0,14227037.0,1908985.1,1825855.1,452240.1,521783.1,95404.4,330.0,23.6,43.2,629,18.5,55.7,20,154,112,263,826,429,1311,98,269,28
1773472196,1,102400000.0,102400000.0,14571669.0,14251419.0,1917496.9,1828333.0,452081.2,522445.7,95401.7,328.5,23.5,43.2,653,18.5,55.6,20,154,111,263,826,429,1309,98,269,28
1773472496,1,102400000.0,102400000.0,14566393.0,14282333.0,1916154.0,1830195.6,452424.3,521843.2,95408.3,333.1,23.5,43.2,631,18.6,55.4,20,154,112,263,827,429,1311,98,269,28
1773472794,1,102400000.0,102400000.0,14598623.0,14275836.0,1920084.6,1832338.4,452781.5,522198.5,95414.8,325.2,23.3,43.5,647,18.6,55.5,20,154,111,263,826,429,1310,98,269,28
1773473094,1,102400000.0,102400000.0,14617349.0,14263967.0,1919190.4,1833784.4,453542.4,523423.5,95413.9,333.0,23.3,43.5,656,18.6,55.4,20,154,112,263,827,430,1311,98,269,28
1773473394,1,102400000.0,102400000.0,14666440.0,14357848.0,1923493.1,1838787.6,452771.4,524009.5,95422.3,331.0,23.6,43.0,662,18.5,55.4,20,154,112,263,827,430,1312,98,269,28
1773473695,1,102400000.0,102400000.0,14683811.0,14385399.0,1925268.6,1842922.5,453416.8,523115.2,95413.6,331.9,23.3,43.4,648,18.6,55.3,20,154,111,263,827,429,1311,98,269,28
1773473995,1,102400000.0,102400000.0,14709392.0,14330025.0,1930256.6,1841480.5,453455.2,524382.3,95420.5,341.5,23.3,43.2,650,18.5,55.4,20,154,112,263,827,430,1312,98,269,28
1773474295,1,102400000.0,102400000.0,14696176.0,14431624.0,1936128.0,1848482.6,455627.0,525029.9,95417.2,336.5,23.1,43.8,637,18.5,55.3,20,154,112,263,828,431,1314,98,269,28
1773474596,1,102400000.0,102400000.0,14724913.0,14407528.0,1936367.6,1848548.1,455080.2,526125.5,95426.1,331.0,23.1,43.8,634,18.5,55.2,20,154,112,263,828,430,1313,98,270,28
1773474896,1,102400000.0,102400000.0,14785872.0,14439823.0,1940207.0,1850277.9,455985.3,525332.7,95437.5,333.4,23.3,43.3,638,18.5,55.3,20,154,112,263,829,431,1314,98,270,28
1773475195,1,102400000.0,102400000.0,14825177.0,14424384.0,1944684.6,1854991.9,456042.3,527115.6,95440.3,329.6,23.3,43.3,660,18.4,55.3,20,154,112,263,828,430,1313,98,270,28
1773475495,1,102400000.0,102400000.0,14875003.0,14508031.0,1949471.6,1861920.9,456643.7,526712.9,95445.8,334.9,23.3,43.2,642,18.5,55.3,20,154,112,263,826,429,1311,98,269,28
1773475795,1,102400000.0,102400000.0,14906496.0,14515444.0,1952852.1,1864335.0,457537.5,527007.9,95449.4,330.9,23.5,42.8,641,18.5,55.0,20,154,112,263,826,429,1310,98,269,28
1773476096,1,102400000.0,102400000.0,14875191.0,14587709.0,1953062.6,1863577.5,457388.4,528318.8,95453.5,329.8,23.1,43.5,654,18.5,55.0,20,154,112,263,829,430,1314,98,269,28
1773476396,1,102400000.0,102400000.0,14878368.0,14534244.0,1960242.5,1867209.1,458157.6,527849.6,95448.5,336.4,23.3,43.2,670,18.5,55.1,20,154,112,264,829,431,1315,98,270,28
1773476696,1,102400000.0,102400000.0,14907388.0,14557763.0,1956845.5,1867952.9,459028.5,529555.0,95452.5,329.5,23.4,42.9,654,18.5,55.0,20,154,112,263,828,430,1313,98,270,28
1773476996,1,102400000.0,102400000.0,14928412.0,14589364.0,1967541.4,1875248.4,457650.1,530486.8,95459.5,327.0,23.4,42.8,629,18.5,55.0,20,154,112,263,827,430,1311,98,269,28
1773477294,1,102400000.0,102400000.0,15000553.0,14619839.0,1967526.0,1877209.1,458568.5,530896.6,95468.0,328.1,23.2,43.1,637,18.5,54.8,20,154,112,263,827,430,1312,98,269,28
1773477594,1,102400000.0,102400000.0,14997175.0,14649432.0,1972058.6,1886159.0,458914.8,530423.2,95472.0,328.4,23.2,43.2,645,18.5,54.9,20,154,112,263,827,430,1312,98,269,28
1773477894,1,102400000.0,102400000.0,15028528.0,14669280.0,1976743.1,1884027.5,460771.4,529900.8,95482.7,331.7,23.4,42.6,667,18.5,54.7,20,154,112,263,827,430,1311,98,269,28
1773478195,1,102400000.0,102400000.0,15026491.0,14710549.0,1975325.6,1887285.9,460668.3,531596.8,95488.0,333.8,23.5,42.5,655,18.5,54.7,20,154,112,263,827,430,1312,98,269,28
1773478495,1,102400000.0,102400000.0,15054153.0,14692820.0,1976750.9,1887707.0,460891.5,531890.1,95499.2,338.7,23.6,42.1,635,18.4,54.7,20,154,112,263,827,430,1311,98,269,28
1773478795,1,102400000.0,102400000.0,15092027.0,14800028.0,1980157.6,1892275.0,461440.0,532774.1,95501.0,336.6,23.3,42.6,662,18.5,54.5,20,154,112,263,829,431,1316,98,270,28
1773479095,1,102400000.0,102400000.0,15109372.0,14761365.0,1984699.4,1891741.4,461556.0,532403.1,95505.5,331.7,23.1,43.1,648,18.5,54.4,20,154,112,263,828,430,1314,98,270,28
1773479395,1,102400000.0,102400000.0,15117091.0,14827279.0,1988688.1,1899758.0,463666.3,533640.1,95509.4,327.2,23.3,42.7,643,18.5,54.4,20,154,112,263,826,429,1309,98,269,28
1773479696,1,102400000.0,102400000.0,15194969.0,14783375.0,1988787.9,1901132.1,463442.3,533905.4,95521.6,327.4,23.4,42.4,654,18.5,54.3,20,154,112,264,829,431,1314,98,270,28
1773479996,1,102400000.0,102400000.0,15146105.0,14865779.0,1992218.0,1901355.0,463300.7,532957.3,95538.0,333.4,23.3,42.6,656,18.5,54.3,20,154,112,263,827,430,1311,98,269,28
1773480296,1,102400000.0,102400000.0,15225616.0,14808085.0,1997793.6,1903538.1,463610.9,533667.8,95547.1,337.7,23.4,42.5,627,18.4,54.5,20,154,112,263,829,431,1315,98,270,28
1773480596,1,102400000.0,102400000.0,15232704.0,14884116.0,1995795.5,1909259.0,464468.8,535547.1,95553.1,333.2,23.4,42.4,645,18.5,54.3,20,154,112,263,826,430,1310,98,269,28
1773480896,1,102400000.0,102400000.0,15245823.0,14872220.0,1999004.6,1909613.5,464528.8,534947.7,95561.1,328.5,23.4,42.4,646,18.4,54.4,20,154,112,263,828,431,1313,98,270,28
1773481196,1,102400000.0,102400000.0,15263655.0,14914121.0,2004874.1,1915940.0,465694.8,535443.1,95573.4,333.9,23.4,42.3,652,18.5,54.3,20,154,112,263,827,430,1311,98,269,28
1773481494,1,102400000.0,102400000.0,15262289.0,14915480.0,2004974.0,1914025.5,465833.9,536602.5,95587.2,332.0,23.4,42.3,658,18.5,54.1,20,154,112,263,827,430,1311,98,269,28
1773481794,1,102400000.0,102400000.0,15303475.0,14969304.0,2008604.6,1917168.6,464986.8,537115.4,95592.5,330.0,23.3,42.4,645,18.5,54.2,20,154,112,263,826,429,1310,98,269,28
1773482095,1,102400000.0,102400000.0,15334608.0,14999256.0,2011563.5,1920372.0,466081.2,537152.1,95603.0,321.0,23.3,42.5,674,18.5,54.1,20,154,112,263,826,429,1310,98,269,28
1773482395,1,102400000.0,102400000.0,15343068.0,14973608.0,2012960.9,1927472.9,467298.4,537316.8,95613.6,328.8,23.4,42.3,630,18.5,54.0,20,154,112,263,828,430,1313,98,270,28
1773482695,1,102400000.0,102400000.0,15375021.0,15000573.0,2016368.4,1930917.6,467782.4,537017.7,95621.5,327.6,23.2,42.7,644,18.5,54.1,20,155,112,264,830,432,1316,98,270,28
1773482995,1,102400000.0,102400000.0,15370400.0,15062781.0,2023121.1,1931611.0,467589.1,537064.8,95630.0,330.6,23.0,42.9,658,18.5,54.1,20,154,112,263,828,430,1314,98,270,28
1773483296,1,102400000.0,102400000.0,15410627.0,15001652.0,2022809.1,1935154.9,468239.0,538007.5,95632.2,331.6,23.2,42.6,648,18.4,54.1,20,154,112,263,828,430,1313,98,269,28
1773483596,1,102400000.0,102400000.0,15408264.0,15077121.0,2027332.0,1933359.1,468192.2,538629.9,95640.2,336.1,23.0,42.8,652,18.4,54.0,20,154,112,263,828,430,1313,98,270,28
1773483896,1,102400000.0,102400000.0,15450923.0,15074520.0,2026706.4,1937433.9,468736.4,539365.1,95640.0,334.5,23.1,42.6,641,18.5,54.0,20,154,112,264,830,432,1317,98,270,28
1773484196,1,102400000.0,102400000.0,15484085.0,15085811.0,2032485.4,1941738.4,469600.8,540112.1,95650.3,330.4,23.1,42.7,661,18.4,54.0,20,154,112,264,831,432,1318,98,270,28
1773484496,1,102400000.0,102400000.0,15504347.0,15152415.0,2032072.5,1944427.5,470491.8,540241.3,95663.7,330.6,23.4,42.0,641,18.5,53.9,20,154,112,263,829,431,1315,98,270,28
1773484796,1,102400000.0,102400000.0,15503905.0,15136612.0,2035433.5,1945341.5,471036.2,540766.2,95669.8,330.5,23.4,42.0,628,18.5,53.8,20,154,112,263,828,430,1312,98,269,28
1773485096,1,102400000.0,102400000.0,15529512.0,15226841.0,2040349.1,1948726.5,470373.6,542331.4,95682.3,333.0,23.1,42.4,650,18.5,53.8,20,154,112,263,829,431,1314,98,270,28
1773485396,1,102400000.0,102400000.0,15550537.0,15186591.0,2048258.9,1948781.5,470493.2,543187.4,95692.1,328.0,23.1,42.6,641,18.5,53.8,20,154,112,263,827,430,1311,98,270,28
1773485694,1,102400000.0,102400000.0,15546076.0,15262272.0,2049975.9,1954378.4,471077.5,541714.1,95700.9,334.5,23.1,42.5,649,18.4,53.9,20,154,111,263,825,429,1309,98,269,28
1773485995,1,102400000.0,102400000.0,15625792.0,15259692.0,2051371.4,1961315.4,471233.4,542521.4,95710.8,327.5,23.3,42.0,649,18.5,53.7,20,154,112,263,827,430,1313,98,270,28
1773486295,1,102400000.0,102400000.0,15639053.0,15271309.0,2054378.1,1956619.1,472429.2,542948.8,95715.0,324.1,23.2,42.0,652,18.4,53.7,20,154,112,263,828,430,1313,98,270,28
1773486595,1,102400000.0,102400000.0,15684365.0,15282625.0,2058016.1,1969339.0,473394.4,544910.8,95718.9,323.8,23.3,41.9,654,18.4,53.7,20,154,112,263,827,430,1311,98,269,28
1773486896,1,102400000.0,102400000.0,15711500.0,15389533.0,2058041.1,1969514.9,473942.0,545172.5,95730.3,331.9,23.0,42.5,647,18.4,53.6,20,154,112,264,828,431,1314,98,270,28
1773487196,1,102400000.0,102400000.0,15735565.0,15324676.0,2062379.5,1971216.4,474563.0,546272.4,95738.0,329.3,23.2,42.1,658,18.5,53.4,20,154,112,264,829,431,1314,98,270,28
1773487495,1,102400000.0,102400000.0,15727003.0,15362707.0,2069538.0,1971185.9,474368.5,545748.5,95750.3,330.0,23.2,41.9,649,18.4,53.6,20,154,112,263,827,430,1311,98,269,28
1773487795,1,102400000.0,102400000.0,15815375.0,15408380.0,2072822.1,1974875.0,475765.7,546932.5,95764.0,321.3,23.0,42.2,661,18.4,53.5,20,154,112,264,830,431,1315,98,270,28
1773488096,1,102400000.0,102400000.0,15770277.0,15449621.0,2069735.6,1979362.5,475391.3,547801.2,95777.7,326.5,23.1,42.2,638,18.5,53.3,20,154,112,264,830,432,1317,98,270,28
1773488396,1,102400000.0,102400000.0,15840797.0,15422888.0,2075892.4,1983410.0,475882.8,546574.1,95790.2,329.3,23.2,42.0,628,18.5,53.3,20,154,112,263,826,429,1309,98,269,28
1773488696,1,102400000.0,102400000.0,15875065.0,15504607.0,2081285.9,1984970.9,477196.2,548334.9,95799.9,328.7,23.4,41.4,646,18.4,53.3,20,154,112,262,826,429,1310,98,269,28
1773488994,1,102400000.0,102400000.0,15846237.0,15480304.0,2083502.5,1989295.4,477677.4,548952.9,95803.1,326.5,23.1,41.9,634,18.4,53.2,20,154,112,263,827,430,1312,98,269,28
1773489295,1,102400000.0,102400000.0,15929853.0,15572341.0,2085316.4,1994217.6,477040.5,548890.1,95806.2,327.2,23.3,41.5,659,18.5,53.0,20,154,112,264,829,431,1314,98,270,28
1773489595,1,102400000.0,102400000.0,15905928.0,15540308.0,2089232.0,1991899.6,477827.8,549229.7,95813.1,332.0,23.3,41.6,631,18.5,53.1,20,154,112,263,828,430,1313,98,269,28
1773489895,1,102400000.0,102400000.0,15918561.0,15609691.0,2089100.1,1999754.5,479329.2,550083.0,95823.3,336.9,23.1,41.9,632,18.5,52.9,20,154,112,262,825,429,1308,98,269,28
1773490195,1,102400000.0,102400000.0,16003408.0,15600497.0,2097185.8,2000290.9,479893.8,550485.0,95836.4,329.6,23.5,41.1,661,18.5,52.9,20,154,111,262,824,429,1307,98,269,28
1773490495,1,102400000.0,102400000.0,16001493.0,15615016.0,2101487.0,1999640.1,479102.8,551080.8,95847.6,327.5,23.1,41.8,649,18.5,52.8,20,155,112,264,832,432,1319,98,270,28
1773490795,1,102400000.0,102400000.0,16047331.0,15655189.0,2105040.8,2011663.5,480596.3,551807.0,95860.8,329.5,23.2,41.6,663,18.5,52.8,20,155,112,265,833,433,1321,98,271,28
1773491095,1,102400000.0,102400000.0,16065649.0,15699315.0,2108855.2,2014279.6,480488.8,552061.6,95872.9,329.1,23.3,41.4,658,18.5,52.7,20,155,113,265,835,434,1323,98,271,28
1773491396,1,102400000.0,102400000.0,16107835.0,15726755.0,2108482.2,2021370.6,481977.8,553764.8,95880.6,328.0,23.4,41.1,651,18.4,52.8,20,156,113,266,837,435,1327,99,271,28
1773491696,1,102400000.0,102400000.0,16077628.0,15703720.0,2109755.8,2019708.1,481697.6,554752.2,95889.2,326.7,23.2,41.4,654,18.5,52.6,20,156,113,267,840,436,1332,99,272,28
1773491996,1,102400000.0,102400000.0,16109236.0,15739273.0,2115995.8,2023729.5,483185.2,554937.7,95896.6,326.2,23.4,41.0,649,18.5,52.6,20,156,113,267,839,436,1330,99,272,28
1773492296,1,102400000.0,102400000.0,16180413.0,15797469.0,2117545.0,2024918.4,482148.7,555176.8,95903.8,319.2,23.4,41.0,650,18.5,52.6,20,156,113,267,840,436,1332,99,272,28
1773492596,1,102400000.0,102400000.0,16185333.0,15881201.0,2127260.8,2026302.6,483535.0,556382.2,95905.9,327.8,23.4,40.9,679,18.5,52.4,20,156,113,266,837,435,1327,99,271,28
1773492896,1,102400000.0,102400000.0,16245025.0,15847136.0,2129746.2,2031994.0,484432.9,555615.6,95913.5,323.8,23.4,40.8,646,18.5,52.4,20,156,113,266,839,436,1330,99,272,28
1773493194,1,102400000.0,102400000.0,16238148.0,15854397.0,2131779.2,2038446.6,483961.7,556766.1,95922.6,324.3,23.4,40.8,649,18.4,52.4,20,156,113,266,836,435,1326,99,272,28
1773493495,1,102400000.0,102400000.0,16327768.0,15988221.0,2141363.8,2040416.4,487051.9,559368.3,95935.4,329.4,23.2,40.9,633,18.5,52.1,20,155,112,265,833,433,1322,99,271,28
1773493795,1,102400000.0,102400000.0,16435540.0,16011113.0,2152532.2,2054418.5,488477.7,560951.8,95949.0,322.4,23.2,40.4,668,18.4,51.8,20,155,112,264,832,432,1320,98,271,28
1773494095,1,102400000.0,102400000.0,16594009.0,16197780.0,2171567.0,2078443.1,488324.3,563329.3,95958.6,321.4,23.0,40.5,623,18.4,51.6,20,155,113,265,834,433,1324,99,271,28
1773494395,1,102400000.0,102400000.0,16646861.0,16280057.0,2185265.8,2088704.5,492460.9,565237.1,95967.9,321.6,23.1,40.2,635,18.3,51.6,20,155,113,265,834,433,1324,98,272,28
1773494695,1,102400000.0,102400000.0,16755519.0,16370317.0,2195083.0,2095832.9,492552.8,565783.7,95979.0,328.1,23.0,40.4,650,18.3,51.6,20,155,113,265,834,433,1323,98,271,28
1773494995,1,102400000.0,102400000.0,16797214.0,16416368.0,2193774.0,2104597.8,494768.7,567020.1,95986.0,327.7,23.2,40.0,628,18.3,51.5,20,155,113,265,834,433,1322,99,271,28
1773495296,1,102400000.0,102400000.0,16841672.0,16448508.0,2202363.2,2109583.8,495732.8,567829.2,95992.4,329.9,23.2,40.0,658,18.3,51.3,20,156,113,266,838,435,1329,99,272,28
1773495596,1,102400000.0,102400000.0,16838736.0,16552957.0,2210553.2,2110281.2,495121.6,569001.2,96004.6,323.7,23.2,40.0,667,18.3,51.3,20,154,112,263,828,430,1312,98,270,28
1773495896,1,102400000.0,102400000.0,16958858.0,16559341.0,2211958.8,2115862.8,496110.1,569371.7,96009.5,323.9,22.9,40.3,656,18.2,51.3,20,154,112,263,828,430,1313,98,270,28
1773496196,1,102400000.0,102400000.0,16995672.0,16601840.0,2220992.2,2126804.0,496157.0,570500.9,96015.6,320.0,23.0,40.2,635,18.2,51.4,20,154,112,263,826,429,1310,98,269,28
1773496494,1,102400000.0,102400000.0,17065110.0,16676149.0,2229655.5,2131259.0,497661.4,570642.8,96026.2,321.1,22.9,40.3,653,18.2,51.3,20,154,112,264,830,431,1316,98,270,28
1773496795,1,102400000.0,102400000.0,17102634.0,16727517.0,2235032.2,2137764.2,498401.7,571874.4,96030.3,323.1,23.0,40.1,639,18.2,51.3,20,154,112,263,827,430,1311,98,270,28
1773497095,1,102400000.0,102400000.0,17108396.0,16766817.0,2237818.2,2136923.8,499595.2,573374.7,96039.6,322.7,22.9,40.3,649,18.2,51.2,20,154,112,263,826,429,1310,98,269,28
1773497395,1,102400000.0,102400000.0,17178538.0,16767777.0,2241953.8,2144921.2,501444.3,572401.0,96050.8,322.8,22.8,40.3,651,18.2,51.2,20,154,112,263,828,430,1313,98,270,28
1773497696,1,102400000.0,102400000.0,17223546.0,16799712.0,2249453.2,2150073.8,499916.9,573995.0,96060.4,327.5,22.7,40.5,644,18.1,51.2,20,154,112,263,827,430,1311,98,270,28
1773497994,1,102400000.0,102400000.0,17253346.0,16811578.0,2250162.8,2156904.0,500533.4,575052.9,96071.7,322.7,22.9,40.1,665,18.1,51.2,20,154,112,264,821,423,1307,92,243,25
1773498295,1,102400000.0,102400000.0,17266856.0,16871774.0,2257911.8,2160453.2,502144.6,576701.9,96081.7,324.6,22.6,40.7,644,18.2,51.0,20,154,112,263,827,430,1312,98,269,28
1773498595,1,102400000.0,102400000.0,17285240.0,16915016.0,2261290.2,2163254.8,503114.3,575864.4,96092.6,324.6,22.7,40.2,615,18.2,50.9,20,154,112,264,830,431,1316,98,270,28
1773498896,1,102400000.0,102400000.0,17332962.0,16921066.0,2273268.2,2171299.8,502894.4,575841.0,96105.6,328.4,22.6,40.5,638,18.1,50.9,20,154,112,263,827,429,1310,98,269,28
1773499194,1,102400000.0,102400000.0,17432770.0,17005242.0,2276124.2,2174458.0,504516.5,575631.6,96113.8,334.9,22.5,40.6,628,18.1,50.7,20,154,112,263,827,430,1312,98,270,28
1773499495,1,102400000.0,102400000.0,17404386.0,17064708.0,2282871.2,2183216.0,505144.7,575894.6,96123.8,330.4,22.6,40.0,637,18.1,50.7,20,153,111,262,824,428,1306,98,269,28
1773499795,1,102400000.0,102400000.0,17492678.0,17109958.0,2291984.2,2183889.2,505114.9,577339.1,96134.0,325.1,22.6,40.1,656,18.2,50.5,20,154,112,263,827,430,1311,98,270,28
1773500096,1,102400000.0,102400000.0,17486110.0,17134998.0,2291492.0,2186275.2,505541.5,577916.9,96140.3,331.4,22.6,39.9,647,18.1,50.3,20,154,112,263,827,430,1311,98,270,28
1773500396,1,102400000.0,102400000.0,17513434.0,17178798.0,2294020.2,2191970.0,506498.5,580744.4,96152.2,328.5,22.5,40.2,646,18.1,50.4,20,154,112,264,831,432,1317,98,270,28
1773500696,1,102400000.0,102400000.0,17603496.0,17173954.0,2296399.2,2199334.2,507222.1,579733.4,96161.7,325.3,22.6,39.7,658,18.1,50.3,20,154,112,263,828,430,1312,98,270,28
1773500994,1,102400000.0,102400000.0,17591012.0,17227766.0,2297712.8,2196579.8,506975.2,581755.3,96170.8,328.2,22.6,39.9,651,18.1,50.3,20,154,112,263,826,429,1309,98,269,28
1773501295,1,102400000.0,102400000.0,17605026.0,17249688.0,2304449.0,2207852.0,509035.3,583229.8,96179.5,331.3,22.5,39.9,649,18.1,50.1,20,154,112,264,830,432,1317,98,270,28
1773501595,1,102400000.0,102400000.0,17716714.0,17318722.0,2314212.8,2211590.0,509220.0,583430.4,96190.5,332.2,22.4,40.1,677,18.1,50.0,20,154,112,264,829,431,1314,98,270,28
1773501895,1,102400000.0,102400000.0,17722306.0,17365270.0,2319708.2,2216694.8,510608.6,584203.7,96200.2,324.0,22.5,39.8,644,18.2,49.8,20,154,112,263,827,430,1311,98,270,28
1773502196,1,102400000.0,102400000.0,17756654.0,17363794.0,2323828.2,2220977.0,510398.8,584185.2,96209.7,321.2,22.6,39.5,658,18.1,49.8,20,154,112,264,830,431,1316,98,270,28
1773502494,1,102400000.0,102400000.0,17776394.0,17424508.0,2326135.2,2230831.0,511794.4,583417.6,96216.5,325.1,22.6,39.5,658,18.1,49.8,20,154,112,263,826,429,1310,98,269,28
1773502795,1,102400000.0,102400000.0,17816548.0,17412586.0,2327064.8,2229875.2,512745.2,584587.7,96225.5,325.9,22.5,39.4,657,18.1,49.6,20,154,112,263,827,430,1311,98,270,28
1773503095,1,102400000.0,102400000.0,17863854.0,17489382.0,2338587.8,2230895.0,512416.0,585114.9,96231.3,323.9,22.5,39.4,654,18.2,49.5,20,154,112,264,829,431,1316,98,270,28
1773503396,1,102400000.0,102400000.0,17831200.0,17445454.0,2335162.8,2232014.2,512996.1,584957.8,96240.5,319.7,22.7,39.1,641,18.1,49.4,20,153,112,263,825,429,1308,98,269,28
1773503696,1,102400000.0,102400000.0,17917586.0,17532806.0,2339706.0,2240519.2,512480.9,585762.3,96245.5,327.6,22.6,39.2,657,18.1,49.4,20,154,112,263,826,429,1310,98,269,28
1773503996,1,102400000.0,102400000.0,17943226.0,17587320.0,2344476.2,2239742.2,513393.8,586783.1,96256.5,317.9,22.6,39.2,639,18.1,49.4,20,154,112,263,828,430,1313,98,270,28
1773504296,1,102400000.0,102400000.0,17998590.0,17572934.0,2348544.2,2251602.0,513680.0,589298.1,96263.8,318.6,22.5,39.1,655,18.1,49.2,20,154,112,263,828,430,1313,98,270,28
1773504594,1,102400000.0,102400000.0,18010338.0,17618072.0,2355891.2,2253334.2,514789.1,587212.6,96275.8,321.6,22.6,39.2,649,18.2,49.1,20,154,112,263,828,430,1314,98,270,28
1773504895,1,102400000.0,102400000.0,18018450.0,17696122.0,2357104.0,2256886.0,515792.0,590670.4,96287.5,324.3,22.5,39.2,676,18.1,48.9,20,154,112,264,829,431,1315,98,270,28
1773505195,1,102400000.0,102400000.0,18168192.0,17709366.0,2365924.0,2262990.0,516101.6,589649.7,96287.1,325.8,22.6,39.0,662,18.1,48.9,280,237,503,202,827,430,1311,98,269,28
1773505496,1,102400000.0,102400000.0,18110158.0,17705526.0,2366092.2,2265129.8,517275.8,590498.5,96299.5,326.2,22.6,38.6,646,18.1,49.0,20,154,112,263,826,429,1310,98,269,28
1773505796,1,102400000.0,102400000.0,18190748.0,17764186.0,2371081.2,2274097.8,516920.2,590677.4,96305.8,322.2,22.6,38.8,634,18.1,48.9,20,154,111,262,825,428,1308,98,269,28
1773506094,1,102400000.0,102400000.0,18207678.0,17775198.0,2373810.8,2273661.5,517791.2,591342.8,96307.3,323.9,22.6,38.6,630,18.1,48.7,20,154,112,263,827,430,1311,98,269,28
1773506394,1,102400000.0,102400000.0,18214718.0,17842054.0,2378121.0,2276967.2,518845.7,592482.8,96313.9,325.5,22.5,38.7,673,18.0,48.8,20,154,111,262,825,428,1308,98,269,28
1773506695,1,102400000.0,102400000.0,18255974.0,17800436.0,2377061.2,2285074.2,518525.3,592969.1,96316.9,320.5,22.4,38.9,663,18.0,48.9,20,153,111,262,824,428,1306,98,269,28
1773506995,1,102400000.0,102400000.0,18229440.0,17897502.0,2383555.2,2290077.0,519736.4,592748.2,96325.5,315.2,22.6,38.6,667,18.1,48.7,20,154,112,262,824,429,1308,98,269,28
1773507296,1,102400000.0,102400000.0,18345048.0,17900178.0,2388719.0,2289604.8,521274.8,591898.2,96333.9,314.8,22.5,38.7,646,18.2,48.5,20,153,111,262,824,428,1306,98,269,28
1773507596,1,102400000.0,102400000.0,18331414.0,17887826.0,2384650.2,2285473.8,519744.5,594982.3,96341.5,324.0,22.6,38.4,657,18.1,48.4,20,153,111,262,824,428,1307,98,269,28
1773507896,1,102400000.0,102400000.0,18340328.0,17953662.0,2391606.0,2293557.8,521662.2,596878.8,96343.2,324.9,22.4,38.7,660,18.1,48.5,20,154,112,263,826,429,1310,98,269,28
1773508196,1,102400000.0,102400000.0,18417592.0,18002846.0,2395011.0,2300990.0,522309.1,597637.6,96334.9,319.3,22.6,38.3,643,18.1,48.4,20,154,111,262,824,428,1306,98,269,28
1773508496,1,102400000.0,102400000.0,18392998.0,18046664.0,2401799.8,2300656.2,521093.0,597044.3,96338.0,322.3,22.5,38.5,668,18.1,48.2,20,154,111,262,825,429,1308,98,269,28
1773508794,1,102400000.0,102400000.0,18558518.0,18083242.0,2403050.8,2309801.2,523231.4,598474.3,96339.2,321.2,22.5,38.3,644,18.0,48.3,20,154,112,263,827,430,1311,98,269,28
1773509094,1,102400000.0,102400000.0,18510394.0,18156916.0,2409826.0,2310000.2,524513.3,596132.8,96345.4,319.3,22.7,38.1,667,18.1,48.1,20,153,111,262,823,427,1304,97,269,28
1773509395,1,102400000.0,102400000.0,18551206.0,18096324.0,2416088.8,2313102.2,524110.1,599780.2,96352.8,326.1,22.6,38.1,653,18.0,48.1,20,154,112,263,827,430,1312,98,270,28
1773509695,1,102400000.0,102400000.0,18565122.0,18193856.0,2415686.8,2311450.8,527042.1,598926.0,96350.6,325.2,22.4,38.3,641,18.1,48.0,20,153,111,262,822,427,1303,97,269,28
1773509995,1,102400000.0,102400000.0,18588962.0,18207430.0,2416159.2,2318417.8,525249.2,601578.3,96355.3,326.1,22.4,38.3,629,18.0,47.9,20,153,111,262,824,428,1306,98,269,28
1773510295,1,102400000.0,102400000.0,18642774.0,18269262.0,2423241.2,2328725.2,526242.2,600541.1,96359.9,325.4,22.4,37.9,643,18.0,47.9,20,154,112,262,825,429,1307,98,269,28
1773510595,1,102400000.0,102400000.0,18734592.0,18363694.0,2437903.2,2335336.2,526833.1,601416.0,96364.7,326.8,22.6,37.7,665,18.0,47.8,20,154,111,262,824,429,1307,98,269,28
1773510896,1,102400000.0,102400000.0,18736082.0,18331128.0,2432204.8,2340188.2,526735.4,603376.8,96380.4,326.0,22.4,37.9,666,18.0,47.7,20,154,112,262,824,429,1306,98,269,28
1773511196,1,102400000.0,102400000.0,18763376.0,18423232.0,2434276.0,2342793.2,528980.2,603439.5,96378.1,330.0,22.5,37.6,648,18.0,47.7,20,154,111,262,825,429,1308,98,269,28
1773511496,1,102400000.0,102400000.0,18788526.0,18394402.0,2446823.0,2339110.8,528819.2,602619.2,96375.2,326.1,22.6,37.5,660,18.0,47.6,20,154,112,262,825,429,1308,98,269,28
1773511794,1,102400000.0,102400000.0,18813096.0,18402966.0,2441573.2,2343843.2,528387.2,603603.4,96383.3,323.8,22.5,37.6,647,18.0,47.5,20,153,112,262,825,429,1307,98,269,28
1773512095,1,102400000.0,102400000.0,18899098.0,18453062.0,2452295.0,2347188.8,528960.3,604603.3,96384.2,321.4,22.6,37.6,642,17.9,47.5,20,154,111,262,824,428,1305,98,269,28
1773512395,1,102400000.0,102400000.0,18907022.0,18468614.0,2453636.8,2353718.5,530961.8,604943.3,96395.0,331.8,22.6,37.2,646,17.9,47.5,20,153,111,262,823,428,1304,98,269,28
1773512695,1,102400000.0,102400000.0,18973480.0,18513486.0,2458740.2,2354241.8,529909.5,606368.5,96390.6,328.8,22.6,37.2,639,18.0,47.3,20,154,111,262,824,428,1306,98,269,28
1773512996,1,102400000.0,102400000.0,18952306.0,18573352.0,2461266.0,2360490.8,530797.8,606221.4,96392.1,326.3,22.4,37.6,651,18.0,47.3,20,153,111,262,823,428,1304,98,269,28
1773513296,1,102400000.0,102400000.0,18974608.0,18605526.0,2467220.2,2359596.2,532807.2,606913.9,96393.6,321.9,22.5,37.3,647,17.9,47.3,20,153,111,262,823,428,1305,98,269,28
1773513594,1,102400000.0,102400000.0,19045626.0,18607142.0,2470294.2,2368717.8,533955.0,607593.2,96400.7,327.9,22.6,37.0,639,18.0,47.0,20,153,111,262,823,428,1304,98,269,28
1773513894,1,102400000.0,102400000.0,19107034.0,18623942.0,2473061.8,2371826.2,533949.3,608012.2,96408.6,326.5,22.5,37.1,645,17.9,47.1,20,153,111,262,823,428,1305,98,269,28
1773514195,1,102400000.0,102400000.0,19151994.0,18747448.0,2475375.8,2376983.8,533246.2,608573.1,96413.4,322.7,22.5,37.2,643,17.9,47.0,20,154,112,263,827,430,1311,98,270,28
1773514495,1,102400000.0,102400000.0,19121690.0,18719456.0,2482247.0,2376763.8,534967.7,609817.1,96419.3,324.6,22.6,37.1,655,18.1,46.8,20,154,112,263,827,430,1310,98,269,28
1773514796,1,102400000.0,102400000.0,19164526.0,18784706.0,2486713.0,2379004.0,536187.3,610923.4,96429.2,327.2,22.5,37.0,658,18.0,46.6,20,153,111,262,824,428,1305,98,269,28
1773515096,1,102400000.0,102400000.0,19245506.0,18862026.0,2491457.0,2386621.8,535375.5,610132.0,96435.3,330.7,22.6,36.7,653,17.9,46.7,20,154,112,263,828,431,1312,98,270,28
1773515395,1,102400000.0,102400000.0,19255826.0,18862982.0,2493935.0,2391946.2,537040.1,612627.8,96438.8,328.5,22.6,36.7,649,17.9,46.7,20,155,113,265,833,434,1320,99,271,28
1773515695,1,102400000.0,102400000.0,19270760.0,18865162.0,2496201.0,2395043.8,536866.3,613230.7,96441.2,324.3,22.6,36.8,642,18.0,46.7,20,154,112,263,827,430,1311,98,269,28
1773515995,1,102400000.0,102400000.0,19274022.0,18883294.0,2496966.2,2391290.8,538460.8,612631.8,96449.9,327.8,22.7,36.6,642,18.0,46.5,20,154,112,263,828,431,1313,98,270,28
1773516295,1,102400000.0,102400000.0,19332238.0,18886866.0,2498869.2,2389939.8,538098.1,612590.6,96455.3,331.6,22.5,36.8,650,18.0,46.5,20,155,112,265,833,433,1321,99,271,28
1773516596,1,102400000.0,102400000.0,19328306.0,18888980.0,2503059.8,2398504.2,538387.6,612676.0,96462.1,339.7,22.6,36.8,676,17.9,46.7,20,153,111,261,822,427,1303,97,267,28
1773516894,1,102400000.0,102400000.0,19325384.0,18826574.0,2494004.2,2396377.2,536768.8,611399.5,96465.8,337.2,22.4,37.3,680,18.0,46.8,20,154,111,262,824,427,1307,97,267,28
1773517194,1,102400000.0,102400000.0,19204650.0,18850656.0,2490044.0,2387177.8,536300.7,610619.2,96460.5,337.5,22.4,36.9,665,17.9,46.5,20,154,111,262,825,428,1308,97,267,28
1773517495,1,102400000.0,102400000.0,19291570.0,18915226.0,2495371.8,2392402.8,536393.2,610667.2,96467.4,332.8,22.5,36.8,644,17.9,46.5,20,153,111,262,823,427,1305,97,267,28
1773517795,1,102400000.0,102400000.0,19297448.0,18873658.0,2499043.2,2398739.0,538472.6,612768.2,96471.9,332.0,22.5,36.7,664,18.0,46.3,20,154,111,262,824,428,1306,97,267,28
1773518096,1,102400000.0,102400000.0,19322338.0,18997480.0,2504430.0,2402806.8,537744.5,612669.7,96473.3,330.6,22.5,36.5,669,17.9,46.4,20,153,111,262,823,427,1304,97,267,28
1773518396,1,102400000.0,102400000.0,19417962.0,19016106.0,2511935.8,2408148.2,539230.2,613776.0,96473.6,336.1,22.5,36.5,669,17.9,46.3,20,154,111,263,826,428,1309,98,267,28
1773518696,1,102400000.0,102400000.0,19389730.0,19002032.0,2513961.0,2408288.8,539886.2,614813.8,96482.1,338.1,22.6,36.4,664,17.9,46.2,20,154,112,263,827,429,1311,98,268,28
1773518996,1,102400000.0,102400000.0,19500802.0,19064214.0,2511636.0,2411498.8,540232.4,615545.9,96479.1,335.3,22.6,36.2,651,17.9,46.2,20,154,112,263,828,430,1313,98,268,28
1773519294,1,102400000.0,102400000.0,19466506.0,19088632.0,2524269.0,2417297.8,542982.2,616649.7,96488.4,337.0,22.6,36.1,673,17.9,46.0,20,154,111,263,826,429,1309,97,267,28
1773519595,1,102400000.0,102400000.0,19428164.0,19133326.0,2515253.0,2412282.8,540593.5,616908.9,96494.8,332.4,22.6,36.4,674,18.0,45.9,20,153,111,262,824,427,1306,97,267,28
1773519895,1,102400000.0,102400000.0,19491050.0,19092518.0,2517710.8,2415334.0,541062.9,616522.6,96494.5,336.9,22.5,36.2,651,18.0,45.7,20,154,111,263,826,428,1310,98,268,28
1773520195,1,102400000.0,102400000.0,19553426.0,19167782.0,2525586.2,2419526.8,541408.9,616463.9,96498.7,337.4,22.6,36.2,669,17.9,45.9,20,154,112,263,828,429,1312,98,268,28
1773520495,1,102400000.0,102400000.0,19616830.0,19192666.0,2529008.2,2426115.2,542388.4,615819.2,96497.4,340.3,22.6,36.0,672,17.9,45.7,20,154,112,263,828,430,1312,98,268,28
1773520796,1,102400000.0,102400000.0,19675996.0,19203696.0,2540521.0,2430472.0,543552.3,617913.0,96501.2,338.5,22.7,35.7,671,17.9,45.7,20,154,112,263,828,430,1312,98,268,28
1773521096,1,102400000.0,102400000.0,19693202.0,19303336.0,2540646.0,2440646.2,544308.3,619749.8,96504.7,340.3,22.5,35.9,676,17.9,45.6,20,154,112,264,830,431,1315,98,269,28
1773521396,1,102400000.0,102400000.0,19727318.0,19351816.0,2548451.0,2446042.2,544720.8,621511.1,96508.7,338.2,22.5,35.7,664,17.9,45.4,20,154,112,264,829,430,1315,98,268,28
1773521694,1,102400000.0,102400000.0,19777300.0,19430770.0,2553950.8,2448400.8,545271.1,621562.0,96510.6,341.5,22.6,35.9,659,17.8,45.6,20,155,112,264,830,431,1316,98,268,28
1773521994,1,102400000.0,102400000.0,19772386.0,19394424.0,2556538.2,2450590.8,546843.2,623947.0,96506.0,346.0,22.7,35.3,663,17.9,45.3,20,154,112,263,828,429,1312,98,268,28
1773522295,1,102400000.0,102400000.0,19885538.0,19539280.0,2563403.2,2458224.2,546710.9,620240.8,96512.3,344.9,22.5,35.7,665,17.9,45.2,20,154,111,262,826,429,1309,98,267,28
1773522595,1,102400000.0,102400000.0,19908868.0,19519024.0,2566004.8,2459945.0,547140.3,622391.6,96512.8,344.2,22.5,35.8,662,17.8,45.1,280,237,503,202,827,429,1312,98,268,28
1773522895,1,102400000.0,102400000.0,19949544.0,19538238.0,2563773.8,2454148.8,548010.1,622517.8,96513.4,344.7,22.4,35.6,676,17.8,45.1,20,154,111,262,824,427,1306,97,267,28
1773523195,1,102400000.0,102400000.0,19939432.0,19553074.0,2567453.8,2465823.0,548662.4,623113.4,96511.6,344.6,22.6,35.4,639,17.9,44.9,20,154,112,263,826,429,1310,98,268,28
1773523496,1,102400000.0,102400000.0,20017832.0,19578320.0,2573706.8,2465872.8,549285.8,623622.8,96506.4,340.4,22.4,35.6,670,17.8,44.8,20,154,112,263,827,429,1310,98,268,28
1773523796,1,102400000.0,102400000.0,20060786.0,19617750.0,2583440.2,2473873.8,551038.1,625021.3,96511.3,346.6,22.5,35.0,664,17.8,44.6,20,154,111,262,825,428,1307,97,267,28
1773524094,1,102400000.0,102400000.0,20125898.0,19744872.0,2586910.2,2486352.0,550834.1,626717.9,96508.0,340.5,22.4,35.3,648,17.9,44.6,20,154,111,262,825,428,1308,97,267,28
1773524395,1,102400000.0,102400000.0,20146352.0,19760070.0,2589216.2,2480233.0,550853.5,624243.2,96514.4,338.9,22.6,35.1,675,17.9,44.5,20,154,112,263,828,430,1314,98,268,28
1773524695,1,102400000.0,102400000.0,20144394.0,19766974.0,2596910.8,2482822.2,552267.9,627221.8,96515.1,344.6,22.4,35.3,659,17.8,44.5,20,153,111,262,824,428,1306,97,267,28
1773524996,1,102400000.0,102400000.0,20193008.0,19802200.0,2592056.0,2485368.0,551899.0,627877.5,96509.1,341.0,22.4,35.0,665,17.9,44.2,20,154,111,262,824,428,1307,97,267,28
1773525296,1,102400000.0,102400000.0,20250848.0,19822970.0,2608701.0,2497616.0,553113.4,629480.6,96513.2,340.0,22.4,34.9,660,17.9,44.2,20,154,111,262,825,428,1308,98,267,28
1773525594,1,102400000.0,102400000.0,20312698.0,19877626.0,2608860.2,2503241.8,554367.4,630340.1,96512.3,337.7,22.4,34.9,665,17.8,44.1,20,153,111,262,822,427,1304,97,267,28
1773525895,1,102400000.0,102400000.0,20361414.0,19893554.0,2614998.8,2504773.8,553850.8,629580.4,96510.9,343.2,22.5,34.6,660,17.9,44.1,20,154,111,262,824,428,1306,97,267,28
1773526195,1,102400000.0,102400000.0,20337038.0,19941206.0,2608654.8,2505796.0,554564.0,630315.9,96516.8,346.1,22.4,34.8,644,17.8,43.9,20,153,111,261,821,427,1303,97,266,28
1773526496,1,102400000.0,102400000.0,20441310.0,19967170.0,2617691.8,2506973.0,555058.2,630183.7,96522.9,352.1,22.6,34.6,666,17.8,44.0,20,153,111,261,821,426,1300,97,266,28
1773526796,1,102400000.0,102400000.0,20437714.0,20012816.0,2618643.8,2507617.8,555842.6,629395.5,96519.0,347.0,22.3,34.8,678,17.8,43.8,20,154,111,262,825,428,1308,97,267,28
1773527094,1,102400000.0,102400000.0,20482408.0,20035270.0,2620297.0,2510905.0,556468.6,632978.5,96517.9,342.2,22.6,34.4,662,17.9,43.7,20,153,111,262,824,428,1307,97,267,28
1773527395,1,102400000.0,102400000.0,20518978.0,20034584.0,2623551.8,2514672.8,557236.8,631919.1,96516.6,339.0,22.5,34.3,660,17.9,43.5,20,153,111,262,822,426,1303,97,267,28
1773527695,1,102400000.0,102400000.0,20527966.0,20098066.0,2627272.0,2522906.2,558331.5,633350.6,96516.9,343.4,22.6,34.3,693,17.9,43.4,20,153,111,262,823,427,1304,97,267,28
1773527995,1,102400000.0,102400000.0,20563416.0,20178912.0,2639440.2,2526674.0,557900.2,632871.2,96516.4,346.0,22.5,34.5,668,17.9,43.5,20,153,111,262,823,427,1304,97,267,28
1773528296,1,102400000.0,102400000.0,20555888.0,20104850.0,2632204.8,2524519.8,559297.5,636214.1,96520.3,338.2,22.4,34.1,678,17.9,43.3,20,153,111,261,821,426,1302,97,267,28
1773528594,1,102400000.0,102400000.0,20643950.0,20223512.0,2639702.0,2534713.0,557517.8,634656.6,96525.5,337.7,22.6,34.3,668,17.9,43.3,20,153,111,262,823,428,1305,97,267,28
1773528895,1,102400000.0,102400000.0,20622030.0,20196392.0,2644357.8,2532895.0,558996.3,634827.2,96530.7,337.6,22.5,34.2,680,17.8,43.3,20,153,111,261,822,427,1303,97,267,28
1773529196,1,102400000.0,102400000.0,20675912.0,20259746.0,2649629.8,2535448.5,558499.2,635720.6,96540.4,340.6,22.4,34.3,686,17.8,43.3,20,154,111,262,824,428,1306,97,267,28
1773529496,1,102400000.0,102400000.0,20781946.0,20329206.0,2652321.0,2544605.2,559949.4,637136.6,96539.1,349.1,22.4,34.1,688,17.8,43.1,20,154,111,262,824,428,1306,97,267,28
1773529794,1,102400000.0,102400000.0,20694790.0,20313642.0,2657586.8,2541670.2,561667.2,638054.6,96533.6,349.4,22.4,33.9,666,17.8,43.1,20,154,112,262,826,429,1309,98,267,28
1773530095,1,102400000.0,102400000.0,20833314.0,20393816.0,2652454.8,2552133.0,561563.9,637618.6,96536.0,345.6,22.4,34.1,702,17.8,43.0,20,154,111,262,825,428,1307,98,267,28
1773530395,1,102400000.0,102400000.0,20795110.0,20404026.0,2664733.0,2555845.8,562224.3,637981.4,96532.6,345.7,22.3,34.3,663,17.8,43.0,20,153,111,262,824,428,1306,97,267,28
1773530696,1,102400000.0,102400000.0,20858224.0,20458354.0,2670006.0,2555249.0,564977.6,638454.5,96534.8,346.1,22.4,33.9,680,17.8,42.9,20,154,111,262,825,428,1308,98,267,28
1773530996,1,102400000.0,102400000.0,20928114.0,20482816.0,2673794.0,2559993.2,563381.9,638843.8,96537.1,349.2,22.5,33.9,675,17.8,42.8,20,154,111,262,826,429,1309,98,267,28
1773531295,1,102400000.0,102400000.0,20836288.0,20402672.0,2662275.0,2550419.8,562171.2,640033.4,96543.5,355.5,22.8,33.6,668,18.0,42.7,20,154,112,263,827,430,1313,98,268,28
1773531595,1,102400000.0,102400000.0,20752486.0,20270478.0,2650634.2,2542412.8,561671.7,637831.6,96544.8,350.0,22.8,33.7,682,18.1,42.7,20,155,112,264,830,431,1316,98,268,28
1773531895,1,102400000.0,102400000.0,20612254.0,20184414.0,2636108.0,2529786.8,560110.4,636606.4,96543.0,354.2,22.9,33.6,663,18.1,42.7,20,154,112,264,829,431,1314,98,268,28
1773532195,1,102400000.0,102400000.0,20538482.0,20036800.0,2631834.0,2524205.0,559377.7,635316.7,96541.0,357.5,22.8,33.8,708,18.2,42.6,20,155,112,264,830,431,1316,98,268,28
1773532496,1,102400000.0,102400000.0,20467990.0,20010566.0,2621395.2,2514070.8,559088.9,634219.4,96537.6,362.1,22.9,33.7,695,18.2,42.7,20,155,112,264,831,432,1318,98,269,28
1773532796,1,102400000.0,102400000.0,20487782.0,19992550.0,2624245.8,2517191.8,558645.5,634594.5,96533.8,360.3,22.9,33.7,658,18.2,42.7,20,155,112,264,830,431,1316,98,268,28
1773533096,1,102400000.0,102400000.0,20390834.0,19966902.0,2623420.2,2515793.8,560171.4,635576.9,96535.1,356.8,23.0,33.7,692,18.2,42.7,20,155,112,264,832,432,1319,98,269,28
1773533394,1,102400000.0,102400000.0,20434050.0,20012824.0,2622400.2,2520131.2,558691.2,635457.1,96537.8,358.0,22.9,33.8,669,18.3,42.6,20,155,112,264,831,431,1318,98,268,28
1773533695,1,102400000.0,102400000.0,20393458.0,19985600.0,2624525.5,2515213.8,560087.0,634697.4,96538.4,366.7,22.9,33.8,712,18.3,42.6,20,155,112,264,831,432,1317,98,270,28
1773533995,1,102400000.0,102400000.0,20327360.0,19939694.0,2621437.0,2518228.8,560753.6,634517.6,96538.6,362.0,22.9,33.7,695,18.2,42.7,20,155,112,264,831,432,1318,98,270,28
1773534295,1,102400000.0,102400000.0,20362424.0,19940318.0,2628502.8,2519120.8,558796.0,635416.1,96539.7,362.2,23.0,33.7,703,18.3,42.5,20,155,112,264,833,433,1319,98,270,28
1773534596,1,102400000.0,102400000.0,20402104.0,19951794.0,2628815.8,2518953.8,558326.6,636480.2,96542.7,358.9,22.9,33.7,686,18.3,42.5,20,155,112,264,830,432,1316,98,270,28
1773534896,1,102400000.0,102400000.0,20428866.0,19970382.0,2627343.2,2520330.0,560879.1,636186.9,96544.7,358.1,22.9,33.6,691,18.2,42.5,20,155,112,264,831,432,1318,98,270,28
1773535194,1,102400000.0,102400000.0,20443098.0,20073488.0,2634633.8,2532017.8,562188.0,636406.6,96549.3,349.4,22.8,33.7,672,18.2,42.4,20,155,112,264,833,433,1320,98,270,28
1773535494,1,102400000.0,102400000.0,20555640.0,20092610.0,2643105.2,2531089.0,561060.4,638014.7,96552.5,347.8,23.0,33.5,687,18.2,42.4,20,154,112,264,830,432,1316,98,270,28
1773535795,1,102400000.0,102400000.0,20550562.0,20087982.0,2640099.8,2535001.0,562958.4,639175.8,96549.8,348.7,23.0,33.4,704,18.3,42.3,20,155,112,264,832,433,1319,99,270,28
1773536095,1,102400000.0,102400000.0,20562008.0,20142378.0,2644721.8,2538559.8,564350.3,639819.2,96553.9,344.3,22.8,33.6,696,18.3,42.2,20,155,112,264,830,432,1315,98,270,28
1773536396,1,102400000.0,102400000.0,20626606.0,20184688.0,2653083.2,2545903.2,563295.0,640998.1,96552.6,344.9,22.9,33.4,669,18.3,42.0,20,155,112,264,830,432,1316,98,270,28
1773536696,1,102400000.0,102400000.0,20620094.0,20193814.0,2659141.0,2546348.2,565223.1,641925.3,96552.3,347.6,22.8,33.6,667,18.3,42.0,20,155,113,265,834,434,1321,99,271,28
1773536994,1,102400000.0,102400000.0,20640806.0,20255974.0,2658362.2,2554559.8,566949.8,641015.2,96561.7,343.6,22.9,33.3,665,18.3,42.0,20,155,112,264,833,434,1320,99,271,28
1773537295,1,102400000.0,102400000.0,20789896.0,20300950.0,2660542.0,2559084.0,564997.8,643626.2,96563.9,350.1,23.2,32.8,693,18.2,42.0,20,154,112,263,827,431,1311,98,270,28
1773537595,1,102400000.0,102400000.0,20744606.0,20301712.0,2666397.8,2556237.8,565090.7,643127.3,96563.4,344.2,22.8,33.4,706,18.3,41.9,20,155,112,264,832,433,1319,99,270,28
1773537895,1,102400000.0,102400000.0,20786958.0,20330778.0,2670071.8,2558238.0,566279.4,642408.5,96566.8,336.5,22.9,33.3,707,18.2,41.9,20,155,113,265,834,434,1322,99,271,28
1773538196,1,102400000.0,102400000.0,20808238.0,20335688.0,2673484.2,2566522.2,565894.5,644755.1,96568.0,334.4,22.8,33.4,664,18.3,41.7,20,155,112,265,834,434,1322,99,271,28
1773538496,1,102400000.0,102400000.0,20827538.0,20403486.0,2676831.8,2569014.2,567891.1,644331.4,96568.1,340.0,23.0,32.8,681,18.2,41.8,20,155,112,264,831,433,1317,98,270,28
1773538794,1,102400000.0,102400000.0,20856262.0,20357880.0,2678376.8,2570222.8,567712.5,643963.5,96570.5,344.0,22.9,33.1,671,18.3,41.7,20,155,112,264,831,432,1317,98,270,28
1773539095,1,102400000.0,102400000.0,20831686.0,20406312.0,2677417.0,2574802.0,566690.2,645709.1,96574.3,343.3,22.8,33.3,657,18.3,41.8,20,155,112,264,830,432,1316,98,270,28
1773539395,1,102400000.0,102400000.0,20920288.0,20468674.0,2682261.0,2574381.2,569120.3,645155.9,96578.6,339.3,22.9,33.2,669,18.3,41.8,20,155,112,264,831,433,1318,98,270,28
1773539695,1,102400000.0,102400000.0,20882598.0,20406022.0,2684899.2,2573156.8,568939.1,646579.7,96578.5,337.5,23.1,32.9,674,18.3,41.6,20,155,112,264,830,432,1316,98,270,28
1773539996,1,102400000.0,102400000.0,20887246.0,20483130.0,2687788.0,2575875.8,569870.7,646297.4,96585.1,342.8,22.8,33.2,655,18.3,41.7,20,155,112,264,829,432,1315,98,270,28
1773540296,1,102400000.0,102400000.0,20920710.0,20467344.0,2683093.0,2573534.0,570175.8,645946.2,96580.6,338.6,23.0,32.9,684,18.3,41.5,20,155,112,264,830,432,1316,98,270,28
1773540594,1,102400000.0,102400000.0,21023906.0,20548682.0,2691566.8,2587105.8,571026.9,649103.6,96576.2,335.3,23.0,32.8,675,18.2,41.6,20,155,112,263,828,431,1313,98,270,28
1773540895,1,102400000.0,102400000.0,21013320.0,20582802.0,2697868.2,2586315.2,570534.1,648092.9,96578.2,335.4,23.1,32.6,697,18.3,41.5,20,155,112,264,832,433,1319,98,270,28
1773541195,1,102400000.0,102400000.0,21016958.0,20549406.0,2702746.2,2588552.0,570711.4,648548.9,96581.7,340.2,23.1,32.7,704,18.3,41.3,20,155,112,264,831,432,1317,98,270,28
1773541495,1,102400000.0,102400000.0,21055738.0,20628774.0,2703213.2,2591049.2,572619.1,648385.9,96587.1,343.5,22.9,33.0,680,18.3,41.4,20,155,112,264,830,432,1316,98,270,28
1773541796,1,102400000.0,102400000.0,21151186.0,20677310.0,2705955.8,2596791.0,572722.8,648895.6,96590.4,345.9,22.8,32.9,679,18.3,41.4,20,155,112,264,832,433,1318,98,270,28
1773542096,1,102400000.0,102400000.0,21160482.0,20676470.0,2705280.2,2595973.8,573589.6,649513.8,96599.1,339.9,22.9,32.8,670,18.3,41.3,20,155,112,264,832,433,1319,98,270,28
1773542394,1,102400000.0,102400000.0,21108662.0,20643616.0,2709270.8,2599273.0,573884.8,650095.5,96599.8,344.1,22.8,33.1,655,18.3,41.2,20,155,112,264,831,432,1317,98,270,28
1773542694,1,102400000.0,102400000.0,21156446.0,20733682.0,2710464.0,2599779.8,573002.0,650108.8,96607.8,341.5,22.8,32.9,674,18.3,41.3,20,155,112,264,829,432,1315,98,270,28
1773542994,1,102400000.0,102400000.0,21103090.0,20693870.0,2711628.5,2598010.8,575087.1,650682.2,96612.0,342.3,22.8,33.0,676,18.3,41.3,20,155,112,264,831,433,1317,98,270,28
1773543294,1,102400000.0,102400000.0,21138886.0,20683560.0,2713575.0,2601439.2,572706.8,650556.2,96617.0,335.3,23.0,32.7,683,18.3,41.3,20,155,112,264,831,432,1317,98,270,28
1773543595,1,102400000.0,102400000.0,21088760.0,20727392.0,2703334.2,2595781.2,575737.1,649119.7,96621.0,337.5,22.9,32.8,660,18.3,41.2,20,154,112,263,828,431,1313,98,270,28
1773543895,1,102400000.0,102400000.0,21161510.0,20667672.0,2705777.0,2596796.0,572638.8,649740.0,96620.3,339.5,23.0,32.6,692,18.3,41.2,20,155,112,264,830,432,1316,98,270,28
1773544195,1,102400000.0,102400000.0,21136906.0,20663574.0,2706159.2,2596670.0,571889.4,648180.7,96628.2,340.8,23.1,32.6,682,18.3,41.3,20,154,112,263,829,431,1313,98,269,28
1773544495,1,102400000.0,102400000.0,21152070.0,20689042.0,2701324.2,2594102.8,573231.6,650201.9,96636.1,345.1,22.9,32.7,694,18.3,41.2,20,155,112,264,831,433,1317,99,270,28
1773544795,1,102400000.0,102400000.0,21109480.0,20677078.0,2703131.2,2595886.0,571229.9,650326.8,96637.7,344.8,23.0,32.7,687,18.3,41.2,20,155,112,264,830,432,1315,98,270,28
1773545096,1,102400000.0,102400000.0,21166106.0,20635966.0,2703866.2,2597862.8,572229.0,648084.4,96639.4,347.6,23.0,32.7,663,18.3,41.2,20,155,112,264,830,432,1316,98,270,28
1773545396,1,102400000.0,102400000.0,21128310.0,20648530.0,2704430.8,2587168.2,572234.3,647628.6,96635.8,351.1,22.9,32.8,673,18.3,41.2,20,155,112,264,830,432,1316,98,270,28
1773545694,1,102400000.0,102400000.0,21111802.0,20599236.0,2703310.2,2591634.2,572653.6,649008.0,96643.3,356.2,22.9,32.8,673,18.4,41.1,20,155,112,264,830,432,1316,98,270,28
1773545994,1,102400000.0,102400000.0,21108778.0,20621040.0,2704685.2,2593312.8,572019.5,647810.5,96653.7,360.2,22.9,32.7,673,18.3,41.2,20,155,112,264,830,432,1316,98,270,28
1773546295,1,102400000.0,102400000.0,21140554.0,20587206.0,2708416.0,2594805.8,571735.7,647591.9,96657.0,354.7,23.1,32.5,688,18.3,41.2,20,155,112,264,830,432,1316,98,270,28
1773546595,1,102400000.0,102400000.0,21096710.0,20618702.0,2699260.8,2591722.2,573550.0,647907.7,96664.5,348.8,23.0,32.6,670,18.4,41.1,20,155,112,264,830,432,1316,98,270,28
1773546895,1,102400000.0,102400000.0,21070222.0,20600332.0,2698401.8,2586685.0,572465.9,647060.6,96671.6,356.4,23.2,32.2,678,18.3,41.1,20,155,112,264,831,432,1317,98,270,28
1773547195,1,102400000.0,102400000.0,21081818.0,20601910.0,2699341.8,2585020.2,571282.2,646838.1,96678.7,359.6,23.1,32.4,687,18.4,41.0,20,155,113,265,834,434,1322,99,271,28
1773547496,1,102400000.0,102400000.0,21088150.0,20616752.0,2696619.0,2586152.8,570669.6,646168.1,96684.9,360.0,22.8,32.9,680,18.3,41.0,20,155,112,264,831,433,1317,99,270,28
1773547796,1,102400000.0,102400000.0,21062566.0,20599498.0,2698822.0,2588353.0,570196.0,647207.8,96689.6,358.8,22.9,32.7,684,18.3,41.0,20,155,112,264,830,432,1315,98,270,28
1773548094,1,102400000.0,102400000.0,21109704.0,20648064.0,2694537.0,2585515.2,571010.2,647714.8,96698.0,359.2,23.0,32.6,696,18.3,41.0,20,155,112,264,831,433,1317,99,270,28
1773548395,1,102400000.0,102400000.0,21105162.0,20659396.0,2697827.8,2584502.2,570536.5,647700.9,96705.6,359.2,23.0,32.6,718,18.3,41.1,20,155,112,264,830,432,1316,98,270,28
1773548696,1,102400000.0,102400000.0,21070126.0,20639682.0,2702334.0,2588241.0,573238.3,647871.4,96706.9,353.6,22.9,32.7,691,18.3,41.0,20,154,112,262,825,430,1308,98,269,28
1773548996,1,102400000.0,102400000.0,21075254.0,20629600.0,2699992.0,2588604.2,573605.0,648647.4,96709.5,356.1,23.0,32.3,707,18.3,41.0,20,154,111,262,824,429,1306,98,269,28
1773549294,1,102400000.0,102400000.0,21067808.0,20681926.0,2700271.2,2587039.2,571304.2,645683.8,96713.0,360.4,23.1,32.2,671,18.3,40.9,20,154,112,263,828,431,1312,98,270,28
1773549595,1,102400000.0,102400000.0,21129138.0,20678858.0,2701763.0,2583644.2,571749.6,648161.1,96718.7,359.4,23.1,32.3,676,18.3,40.9,20,155,112,264,829,431,1314,98,270,28
1773549895,1,102400000.0,102400000.0,21137154.0,20702436.0,2700931.8,2599875.8,571736.9,646703.2,96721.7,356.0,23.2,32.2,707,18.3,40.8,20,154,111,261,823,428,1304,98,268,28
1773550195,1,102400000.0,102400000.0,21173280.0,20718194.0,2706108.0,2594210.2,572086.7,648164.6,96725.7,359.5,23.0,32.4,671,18.3,40.8,20,155,112,264,831,433,1316,99,270,28
1773550495,1,102400000.0,102400000.0,21191062.0,20736054.0,2702862.0,2593979.2,571810.4,648148.1,96723.4,356.5,23.1,32.2,678,18.3,40.9,20,154,112,263,829,431,1314,98,269,28
1773550795,1,102400000.0,102400000.0,21193552.0,20766784.0,2710968.2,2598274.2,572081.5,648697.2,96727.8,360.6,22.8,32.6,711,18.3,40.7,20,154,112,263,828,431,1311,98,269,28
1773551096,1,102400000.0,102400000.0,21187824.0,20760046.0,2709362.8,2594291.8,572674.2,648854.0,96723.9,361.0,22.8,32.6,702,18.4,40.6,20,155,112,264,831,433,1317,98,270,28
1773551396,1,102400000.0,102400000.0,21222214.0,20821618.0,2710664.2,2600979.2,573531.9,649459.6,96721.7,361.4,23.1,32.1,679,18.3,40.7,20,155,112,264,831,433,1317,99,270,28
1773551696,1,102400000.0,102400000.0,21282574.0,20797906.0,2710304.2,2596862.0,573825.2,649035.7,96733.1,367.1,23.0,32.3,695,18.3,40.6,20,155,112,264,831,432,1317,98,270,28
1773551994,1,102400000.0,102400000.0,21272838.0,20816872.0,2714600.2,2601619.8,574032.9,649394.3,96737.5,362.8,23.3,31.8,701,18.3,40.6,20,155,112,263,831,432,1317,98,270,28
1773552295,1,102400000.0,102400000.0,21280678.0,20809680.0,2711635.8,2594200.8,573194.5,649525.5,96736.8,368.3,23.1,31.9,684,18.3,40.6,20,155,112,264,832,433,1318,98,270,28
1773552595,1,102400000.0,102400000.0,21248834.0,20746042.0,2706335.2,2593689.0,573030.3,648021.9,96736.1,366.5,23.0,32.1,707,18.4,40.5,20,155,112,264,831,433,1318,99,270,28
1773552895,1,102400000.0,102400000.0,21236426.0,20782392.0,2709614.2,2601650.8,573163.2,648746.3,96731.3,374.1,22.8,32.5,690,18.3,40.6,20,155,112,264,831,433,1318,99,270,28
1773553195,1,102400000.0,102400000.0,21212962.0,20818758.0,2714558.2,2600029.8,574162.0,648392.0,96740.8,371.3,22.9,32.3,701,18.4,40.5,20,155,112,264,832,433,1318,99,270,28
1773553496,1,102400000.0,102400000.0,21281702.0,20774784.0,2713625.5,2600087.0,573230.7,649062.9,96747.2,374.9,23.0,32.2,693,18.3,40.6,20,155,112,264,830,432,1316,98,270,28
1773553796,1,102400000.0,102400000.0,21239742.0,20830824.0,2717072.8,2604325.8,573069.7,649663.6,96747.0,371.9,23.1,32.0,699,18.3,40.6,20,154,112,263,828,431,1313,98,270,28
1773554096,1,102400000.0,102400000.0,21257414.0,20789134.0,2709528.2,2606761.8,574347.1,648577.6,96743.4,377.0,23.0,32.1,695,18.2,40.7,20,155,112,264,831,433,1316,98,270,28
1773554394,1,102400000.0,102400000.0,21279678.0,20798858.0,2713632.2,2602552.2,572717.1,649660.3,96739.8,371.0,23.0,32.2,710,18.3,40.6,20,155,112,264,830,432,1315,98,270,28
1773554695,1,102400000.0,102400000.0,21275074.0,20877350.0,2716845.0,2600661.8,573265.3,647683.5,96742.1,369.1,23.0,32.1,704,18.2,40.6,20,155,112,264,829,432,1314,98,270,28
1773554995,1,102400000.0,102400000.0,21327938.0,20846254.0,2716666.2,2602300.8,573969.8,649585.0,96741.2,368.6,22.9,32.3,713,18.3,40.5,20,155,112,263,829,432,1314,98,270,28
1773555295,1,102400000.0,102400000.0,21293018.0,20807088.0,2714036.2,2606429.2,573825.8,650456.4,96744.6,364.2,23.1,31.9,681,18.3,40.5,20,155,112,263,829,432,1314,98,270,28
1773555595,1,102400000.0,102400000.0,21312174.0,20885582.0,2717799.8,2603254.2,574553.6,650376.3,96735.5,371.0,23.1,31.9,729,18.3,40.5,20,155,112,263,829,432,1314,98,270,28
1773555895,1,102400000.0,102400000.0,21313210.0,20835400.0,2710571.8,2601333.2,574141.8,648948.8,96741.7,368.4,23.0,32.1,704,18.3,40.5,20,155,112,264,830,432,1315,98,270,28
1773556196,1,102400000.0,102400000.0,21263710.0,20846902.0,2717091.8,2606859.2,574130.4,649598.5,96747.5,366.7,23.0,32.1,712,18.3,40.4,20,155,112,264,831,432,1317,98,270,28
1773556496,1,102400000.0,102400000.0,21306678.0,20833582.0,2715105.2,2605166.0,572952.6,649077.2,96743.3,364.1,22.8,32.4,706,18.3,40.5,20,155,112,264,829,432,1315,98,270,28
1773556796,1,102400000.0,102400000.0,21349566.0,20901094.0,2722392.0,2607036.0,574959.6,648740.3,96747.2,374.1,22.9,32.3,704,18.3,40.5,20,155,112,264,831,433,1316,98,270,28
1773557096,1,102400000.0,102400000.0,21313962.0,20880846.0,2720078.2,2604568.2,575385.4,649407.3,96741.9,371.9,23.0,32.1,728,18.3,40.4,20,154,111,261,821,428,1300,98,268,28
1773557394,1,102400000.0,102400000.0,21334502.0,20819058.0,2715635.0,2609017.8,574688.8,649222.7,96746.0,368.4,23.1,32.0,708,18.4,40.3,20,155,112,264,831,433,1318,98,270,28
1773557695,1,102400000.0,102400000.0,21314074.0,20841890.0,2716392.2,2603686.2,573696.9,649678.0,96746.7,370.7,23.1,31.9,717,18.3,40.4,20,155,113,265,833,434,1321,99,271,28
1773557995,1,102400000.0,102400000.0,21311310.0,20914330.0,2718075.8,2607330.8,574471.0,649714.9,96746.7,370.5,22.9,32.1,722,18.3,40.5,20,156,113,265,835,435,1323,99,271,28
1773558295,1,102400000.0,102400000.0,21350222.0,20845982.0,2727349.2,2609833.8,573218.5,649902.9,96758.7,371.5,23.0,31.9,712,18.3,40.5,20,156,113,266,836,435,1325,99,271,28
1773558595,1,102400000.0,102400000.0,21348250.0,20923018.0,2730219.0,2608565.8,574996.9,649506.2,96763.2,372.8,22.9,32.2,700,18.3,40.4,20,155,113,265,835,434,1323,99,271,28
1773558896,1,102400000.0,102400000.0,21369902.0,20930528.0,2722384.0,2604937.8,574563.2,650365.1,96765.0,373.7,23.0,31.8,724,18.3,40.4,20,155,113,265,833,434,1321,99,271,28
1773559196,1,102400000.0,102400000.0,21377978.0,20954802.0,2726080.2,2607486.2,574364.2,648303.3,96766.8,365.6,23.0,32.1,695,18.3,40.3,20,156,113,265,836,435,1325,99,271,28
1773559496,1,102400000.0,102400000.0,21336206.0,20924400.0,2723358.2,2612184.2,573730.8,649986.9,96761.5,365.3,22.9,32.2,699,18.3,40.3,20,156,113,266,838,436,1327,99,272,28
1773559794,1,102400000.0,102400000.0,21353466.0,20959120.0,2729846.2,2612234.8,575174.2,649649.4,96762.5,361.6,22.9,32.2,710,18.3,40.3,20,156,113,265,835,435,1324,99,271,28
1773560094,1,102400000.0,102400000.0,21368448.0,20925986.0,2726813.0,2611880.2,573619.2,649168.7,96764.9,367.2,22.7,32.4,716,18.3,40.4,20,155,112,265,833,434,1320,99,271,28
1773560394,1,102400000.0,102400000.0,21405918.0,20990350.0,2730530.2,2614817.0,575999.2,650848.3,96751.4,367.0,23.0,31.9,704,18.3,40.3,20,155,113,265,833,434,1321,99,271,28
1773560694,1,102400000.0,102400000.0,21409602.0,20995546.0,2732013.0,2614051.0,574086.8,651445.9,96762.6,366.7,22.9,32.1,713,18.3,40.2,20,156,113,265,835,435,1322,99,271,28
1773560995,1,102400000.0,102400000.0,21481504.0,21031714.0,2732093.8,2622074.0,575566.2,651567.5,96766.7,368.2,23.0,32.0,691,18.3,40.3,20,155,113,265,833,434,1321,99,271,28
1773561295,1,102400000.0,102400000.0,21454256.0,20974722.0,2735679.8,2623118.8,575031.8,652543.3,96745.4,364.3,22.9,32.1,690,18.3,40.3,20,155,113,265,834,434,1321,99,271,28
1773561595,1,102400000.0,102400000.0,21458306.0,20986158.0,2734345.0,2619219.0,576899.2,652510.7,96750.0,365.3,23.0,31.9,708,18.3,40.2,20,155,113,265,834,434,1322,99,271,28
1773561895,1,102400000.0,102400000.0,21434128.0,20975134.0,2730393.8,2619763.8,574721.4,651119.2,96754.0,365.2,23.0,31.8,715,18.3,40.2,20,156,113,266,837,436,1326,99,271,28
1773562196,1,102400000.0,102400000.0,21466726.0,21055896.0,2739391.2,2621065.0,577140.8,650666.8,96750.0,364.3,23.1,31.7,707,18.3,40.2,20,156,113,266,839,437,1330,99,272,28
1773562496,1,102400000.0,102400000.0,21458610.0,21078354.0,2736925.0,2620998.8,575828.1,651620.2,96749.1,359.2,22.9,32.0,703,18.3,40.3,20,156,113,266,839,437,1330,99,272,28
1773562796,1,102400000.0,102400000.0,21498366.0,21073106.0,2738408.2,2623148.2,577084.4,653035.7,96744.7,362.7,23.0,31.9,678,18.4,40.1,20,156,113,267,840,437,1331,99,272,28
1773563094,1,102400000.0,102400000.0,21486792.0,21007538.0,2734715.2,2624439.2,576558.9,652530.6,96743.9,368.4,22.9,32.0,730,18.4,40.1,20,157,114,267,841,437,1332,99,272,28
1773563394,1,102400000.0,102400000.0,21489240.0,21094832.0,2740312.2,2620506.0,575893.2,652878.5,96747.1,363.7,22.9,32.0,701,18.3,40.1,20,156,113,267,841,437,1333,99,272,28
1773563695,1,102400000.0,102400000.0,21533742.0,21039898.0,2739444.0,2629820.8,578152.4,652645.8,96748.1,361.1,22.9,31.9,684,18.3,40.1,20,156,113,266,837,436,1327,99,271,28
1773563995,1,102400000.0,102400000.0,21514450.0,21091404.0,2749747.0,2631132.5,576918.8,654605.4,96744.6,368.9,23.0,31.9,706,18.3,40.2,20,156,113,267,840,437,1330,99,272,28
1773564295,1,102400000.0,102400000.0,21558430.0,21120986.0,2746877.0,2630797.0,577048.0,652889.3,96747.4,373.7,23.0,31.8,707,18.3,40.2,20,157,113,267,841,438,1333,100,272,28
1773564595,1,102400000.0,102400000.0,21522488.0,21071186.0,2746373.0,2633718.0,577514.1,652878.7,96762.3,377.6,23.0,31.8,690,18.3,40.1,20,156,113,267,840,437,1331,99,272,28
1773564894,1,102400000.0,102400000.0,21552784.0,21126280.0,2750218.8,2632133.0,579466.4,654305.3,96758.8,370.6,22.9,32.1,702,18.4,40.0,20,157,114,267,842,438,1335,99,272,29
1773565194,1,102400000.0,102400000.0,21733414.0,21211814.0,2748660.8,2635651.8,578663.1,655617.0,96754.2,374.3,23.2,31.6,720,18.3,40.1,20,156,113,266,839,437,1330,99,272,29
1773565494,1,102400000.0,102400000.0,21584200.0,21153210.0,2757191.0,2643538.0,580266.7,654556.5,96749.8,367.6,23.0,31.7,691,18.2,40.1,20,157,113,267,841,438,1333,99,272,28
1773565796,1,102400000.0,102400000.0,21608832.0,21225496.0,2757050.8,2644362.2,578652.0,654500.1,96743.6,375.0,23.0,31.8,679,18.3,40.1,20,157,113,267,841,438,1333,100,272,28
1773566096,1,102400000.0,102400000.0,21660334.0,21237878.0,2763224.0,2650940.8,578938.2,657656.9,96748.0,374.9,22.9,31.9,685,18.2,40.3,20,156,113,267,841,438,1333,99,272,28
1773566396,1,102400000.0,102400000.0,21732098.0,21295306.0,2764035.8,2650666.8,580096.8,656931.2,96747.8,369.5,22.9,31.9,690,18.2,40.3,20,157,114,268,844,439,1337,100,273,28
1773566696,1,102400000.0,102400000.0,21846968.0,21270842.0,2773756.8,2653633.8,581126.3,657668.2,96744.1,369.4,23.1,31.6,703,18.2,40.2,20,157,114,267,842,438,1334,100,272,28
1773566996,1,102400000.0,102400000.0,21768634.0,21312290.0,2765418.8,2652948.2,580533.9,658870.4,96748.4,367.0,23.1,31.5,708,18.2,40.2,20,157,114,267,842,438,1335,100,272,28
1773567296,1,102400000.0,102400000.0,21811950.0,21312822.0,2773761.8,2656744.2,582467.4,658436.6,96730.9,365.5,23.3,31.3,684,18.2,40.2,20,156,113,267,840,437,1332,99,272,28
1773567596,1,102400000.0,102400000.0,21814492.0,21323698.0,2773277.0,2659207.0,582995.8,658795.9,96732.1,362.5,23.2,31.4,697,18.3,40.1,20,156,113,267,840,437,1332,99,272,28
1773567896,1,102400000.0,102400000.0,21789298.0,21370514.0,2769292.5,2655283.2,581567.9,657943.2,96720.7,361.3,22.9,31.8,740,18.2,40.2,20,157,114,267,841,438,1334,99,272,28
1773568196,1,102400000.0,102400000.0,21785298.0,21282750.0,2774577.5,2661214.8,582913.8,658416.9,96719.1,362.8,23.2,31.4,696,18.2,40.2,20,157,113,267,842,438,1335,99,272,28
1773568496,1,102400000.0,102400000.0,21842390.0,21402726.0,2784993.2,2669312.8,583008.7,659669.3,96721.7,360.4,23.2,31.4,683,18.1,40.3,20,157,113,267,841,438,1333,100,272,28
1773568796,1,102400000.0,102400000.0,21927432.0,21440722.0,2784718.0,2672424.2,584709.5,660548.1,96716.4,361.3,22.9,31.7,686,18.2,40.2,20,156,113,266,839,437,1330,99,272,28
1773569096,1,102400000.0,102400000.0,21999930.0,21381266.0,2788560.8,2669164.2,584421.1,659541.4,96715.0,362.3,22.9,31.9,689,18.2,40.3,20,156,113,267,841,437,1332,99,272,28
1773569396,1,102400000.0,102400000.0,21904534.0,21415728.0,2789737.8,2679687.8,585271.4,659721.8,96707.7,355.8,23.1,31.5,691,18.2,40.2,20,156,113,267,840,437,1331,99,272,28
1773569696,1,102400000.0,102400000.0,22083848.0,21478470.0,2790526.8,2678901.8,584676.6,661123.2,96717.5,358.0,22.9,31.7,690,18.3,40.1,20,156,113,267,841,438,1333,99,272,28
1773569996,1,102400000.0,102400000.0,22056858.0,21470786.0,2785694.8,2679872.0,586551.9,662622.9,96719.5,359.3,23.0,31.7,694,18.2,40.2,20,156,113,267,839,437,1330,99,272,28
1773570296,1,102400000.0,102400000.0,22157386.0,21487920.0,2796069.2,2677606.2,586579.6,662718.1,96730.0,354.3,22.9,31.9,673,18.2,40.2,20,157,113,267,841,438,1333,100,272,28
1773570595,1,102400000.0,102400000.0,22191834.0,21512280.0,2798795.0,2688539.0,584493.9,662680.9,96721.2,348.9,23.1,31.5,707,18.2,40.3,20,156,113,266,838,436,1328,99,272,28
1773570895,1,102400000.0,102400000.0,22009780.0,21529754.0,2801030.2,2683380.2,584491.8,662744.2,96710.7,347.9,22.8,31.9,691,18.2,40.2,20,156,113,266,839,437,1330,99,272,28
1773571195,1,102400000.0,102400000.0,22114600.0,21524046.0,2797401.8,2683040.0,583777.0,664222.0,96705.9,349.8,23.0,31.8,698,18.2,40.2,20,156,113,267,840,437,1332,99,272,28
1773571495,1,102400000.0,102400000.0,22247792.0,21574658.0,2802517.8,2684816.8,586263.1,662832.9,96698.1,347.9,23.1,31.5,693,18.3,40.0,20,156,113,267,840,437,1330,99,272,28
1773571795,1,102400000.0,102400000.0,22175558.0,21530282.0,2797519.2,2684660.0,587423.4,663686.4,96691.0,360.0,23.2,31.3,683,18.3,39.9,20,156,113,266,838,436,1328,99,272,28
1773572095,1,102400000.0,102400000.0,22113290.0,21535626.0,2803336.8,2682307.0,587059.0,662662.2,96682.1,357.1,23.1,31.5,709,18.3,39.9,20,156,113,266,836,435,1325,99,271,28
1773572395,1,102400000.0,102400000.0,22112912.0,21526710.0,2800752.0,2684608.0,584907.6,661831.7,96676.4,354.9,23.0,31.7,690,18.3,39.9,20,156,113,266,837,436,1327,99,271,28
1773572696,1,102400000.0,102400000.0,22076286.0,21524600.0,2795877.2,2683765.8,587032.5,664011.5,96664.9,352.5,22.7,32.0,682,18.3,39.9,20,156,113,266,838,436,1328,99,272,28
1773572996,1,102400000.0,102400000.0,22300184.0,21566032.0,2808508.8,2691524.0,587430.2,663549.0,96662.2,352.6,23.0,31.6,703,18.3,39.9,20,156,113,266,839,437,1330,99,272,28
1773573296,1,102400000.0,102400000.0,22293602.0,21556192.0,2803138.0,2688204.0,589015.8,663109.3,96668.4,352.1,23.0,31.6,680,18.4,39.8,20,156,113,266,836,435,1325,99,271,28
1773573596,1,102400000.0,102400000.0,22219072.0,21596614.0,2806435.8,2689971.2,588639.4,662793.8,96677.7,351.1,23.1,31.4,702,18.2,40.0,20,156,113,266,836,435,1325,99,271,28
1773573896,1,102400000.0,102400000.0,22204490.0,21557126.0,2801983.8,2689009.2,586898.1,663875.3,96676.2,354.4,23.2,31.3,703,18.3,39.9,20,156,113,265,835,435,1324,99,271,28
1773574195,1,102400000.0,102400000.0,22177646.0,21591632.0,2807461.0,2692828.8,587351.9,664465.2,96681.5,355.8,23.0,31.5,693,18.3,39.9,20,156,113,266,836,435,1325,99,271,28
1773574495,1,102400000.0,102400000.0,22331842.0,21579954.0,2807275.2,2690796.0,588441.1,663926.3,96680.0,351.6,23.0,31.7,699,18.3,39.9,20,155,112,264,833,434,1320,99,271,28
1773574795,1,102400000.0,102400000.0,22314216.0,21571602.0,2802369.2,2691993.2,587741.8,665492.1,96689.7,348.2,23.0,31.6,699,18.4,39.8,20,155,113,265,834,434,1322,99,271,28
1773575095,1,102400000.0,102400000.0,22194046.0,21635878.0,2814203.2,2696576.0,586593.6,663391.8,96691.1,348.5,23.0,31.5,704,18.3,40.0,20,156,113,265,834,434,1321,99,271,28
1773575395,1,102400000.0,102400000.0,22294494.0,21610862.0,2812709.2,2698448.8,588804.6,665268.9,96683.5,351.6,23.0,31.7,692,18.3,39.9,20,155,113,265,833,434,1321,99,271,28
1773575695,1,102400000.0,102400000.0,22195282.0,21604282.0,2813224.2,2703158.0,588962.0,666244.6,96677.8,352.0,23.0,31.6,699,18.3,39.9,20,155,113,265,835,435,1323,99,271,28
1773575995,1,102400000.0,102400000.0,22275058.0,21668984.0,2814420.0,2701849.8,590556.5,667096.1,96686.5,355.0,22.9,31.7,691,18.3,39.9,20,156,113,265,836,435,1324,99,271,28
1773576295,1,102400000.0,102400000.0,22346602.0,21675280.0,2818452.0,2702069.0,588709.7,664120.9,96677.0,353.4,23.3,31.2,670,18.3,40.0,20,155,113,265,833,433,1320,99,270,28
1773576595,1,102400000.0,102400000.0,22423640.0,21652272.0,2818976.8,2707107.8,588849.3,666156.2,96676.9,352.1,22.9,31.9,679,18.3,39.9,20,155,113,264,833,434,1320,99,270,28
1773576895,1,102400000.0,102400000.0,22377442.0,21701382.0,2816085.2,2711805.8,590185.5,665396.6,96668.4,351.2,22.9,31.7,673,18.2,40.0,20,156,113,265,836,435,1325,99,271,28
1773577195,1,102400000.0,102400000.0,22377142.0,21623534.0,2821612.0,2705397.8,589670.7,668562.2,96664.7,347.6,23.1,31.6,689,18.3,40.0,20,155,113,265,824,425,1312,93,243,25
1773577495,1,102400000.0,102400000.0,22387968.0,21714096.0,2829167.0,2711199.2,590581.2,667849.0,96669.0,356.3,22.8,31.8,691,18.4,39.8,20,155,113,265,833,434,1321,99,271,28
1773577795,1,102400000.0,102400000.0,22396502.0,21808966.0,2823795.2,2709629.2,592706.2,666983.8,96677.5,355.8,23.0,31.7,667,18.3,39.8,20,155,112,264,831,433,1317,98,270,28
1773578095,1,102400000.0,102400000.0,22405744.0,21720544.0,2827831.2,2713750.0,589921.9,666513.1,96679.4,352.5,23.2,31.4,681,18.3,39.9,20,155,113,264,833,434,1319,99,270,28
1773578395,1,102400000.0,102400000.0,22495472.0,21728330.0,2826752.8,2710618.8,590400.7,666842.3,96680.6,350.9,22.8,32.0,682,18.3,39.8,20,155,113,265,834,434,1322,99,271,28
1773578695,1,102400000.0,102400000.0,22504866.0,21763830.0,2826591.8,2715256.0,591576.5,668186.2,96678.8,346.7,23.1,31.4,675,18.3,39.8,20,156,113,265,835,435,1323,99,271,28
1773578995,1,102400000.0,102400000.0,22550438.0,21740122.0,2823706.0,2714148.2,591784.9,669458.7,96682.4,348.4,22.9,31.7,678,18.3,39.8,20,155,113,264,833,434,1320,99,270,28
1773579295,1,102400000.0,102400000.0,22531238.0,21807850.0,2833886.0,2721773.2,593128.0,669505.2,96677.5,344.2,23.3,31.2,713,18.3,39.8,20,155,112,264,831,433,1317,99,270,28
1773579595,1,102400000.0,102400000.0,22493558.0,21809192.0,2829924.8,2722126.2,591391.9,668368.1,96671.3,353.2,23.0,31.5,679,18.3,39.8,20,155,112,264,832,433,1318,99,270,28
1773579895,1,102400000.0,102400000.0,22653824.0,21817562.0,2836486.8,2719358.2,592948.9,669998.2,96667.4,342.7,23.0,31.6,690,18.3,39.8,20,155,112,264,830,433,1315,98,270,28
1773580195,1,102400000.0,102400000.0,22631370.0,21893586.0,2843881.0,2727472.2,594857.5,669013.9,96659.2,347.3,23.0,31.5,666,18.3,39.8,20,155,112,264,831,433,1316,98,270,28
1773580495,1,102400000.0,102400000.0,22592562.0,21854952.0,2845614.2,2729250.0,593224.1,670228.7,96654.1,340.9,23.0,31.7,703,18.3,39.8,20,155,112,264,830,432,1314,98,270,28
1773580795,1,102400000.0,102400000.0,22608024.0,21915608.0,2844170.0,2730327.8,593685.5,669506.8,96649.4,346.0,23.0,31.5,680,18.2,39.9,20,155,112,264,830,433,1316,99,270,28
1773581095,1,102400000.0,102400000.0,22748126.0,21943026.0,2838457.0,2729844.8,592152.2,671691.8,96642.8,355.2,22.9,31.6,667,18.3,39.8,20,155,112,264,830,432,1316,98,270,28
1773581396,1,102400000.0,102400000.0,22769470.0,22045586.0,2843728.2,2735909.8,594964.3,670946.6,96651.6,346.7,23.0,31.6,679,18.3,39.8,20,155,112,264,830,433,1316,99,270,28
1773581696,1,102400000.0,102400000.0,22714912.0,21875138.0,2853415.0,2740601.8,592657.3,671007.8,96659.0,351.4,23.1,31.4,696,18.3,39.8,20,155,112,264,829,432,1314,98,270,28
1773581994,1,102400000.0,102400000.0,22762728.0,22072722.0,2852903.8,2730778.8,594451.8,671985.7,96651.0,347.5,23.0,31.5,703,18.3,39.8,20,155,112,264,830,432,1315,98,270,28
1773582295,1,102400000.0,102400000.0,22764870.0,22167882.0,2852290.2,2739684.2,594534.6,674326.4,96643.1,345.0,23.0,31.6,704,18.3,39.8,20,155,112,263,829,432,1314,98,270,28
1773582595,1,102400000.0,102400000.0,22807354.0,22121294.0,2856514.2,2735581.2,596941.7,672639.6,96647.8,347.4,22.9,31.7,671,18.3,39.8,20,155,112,264,830,432,1315,98,270,28
1773582895,1,102400000.0,102400000.0,22841370.0,22105454.0,2853665.8,2747346.2,594795.9,672839.7,96652.9,346.1,23.1,31.5,669,18.3,39.9,20,155,112,263,828,432,1312,98,269,28
1773583196,1,102400000.0,102400000.0,22824982.0,22090434.0,2862235.0,2749536.0,593553.9,671806.1,96653.6,347.6,23.0,31.5,679,18.3,39.8,20,154,112,263,826,430,1309,98,269,28
1773583496,1,102400000.0,102400000.0,22904082.0,22227706.0,2867987.8,2746734.0,596513.4,672899.3,96653.2,347.7,23.0,31.5,695,18.3,39.8,20,155,112,264,830,432,1315,98,269,28
1773583796,1,102400000.0,102400000.0,22885850.0,22271838.0,2869658.8,2754445.0,597218.6,674649.1,96649.4,353.1,22.8,31.8,677,18.3,39.9,20,154,112,263,826,430,1308,98,269,28
1773584094,1,102400000.0,102400000.0,22936310.0,22309320.0,2876515.0,2751338.8,598303.7,672948.6,96645.5,355.7,22.9,31.6,686,18.3,39.7,20,154,112,263,826,430,1309,98,269,28
1773584395,1,102400000.0,102400000.0,22898032.0,22313350.0,2876411.2,2757194.2,596745.2,674270.3,96639.1,352.2,22.8,31.9,671,18.3,39.7,20,155,113,265,834,435,1321,99,271,28
1773584695,1,102400000.0,102400000.0,22958598.0,22360774.0,2879820.2,2760849.2,597668.7,674188.1,96631.7,350.9,22.9,31.7,686,18.2,39.8,20,156,113,265,834,434,1322,99,271,28
1773584995,1,102400000.0,102400000.0,22960662.0,22305464.0,2881364.0,2757505.8,597545.4,673541.9,96630.7,354.9,23.0,31.5,671,18.2,39.9,20,155,112,264,831,433,1317,99,270,28
1773585296,1,102400000.0,102400000.0,23014738.0,22452654.0,2883166.2,2763770.8,596558.2,676094.8,96634.0,351.6,23.0,31.5,683,18.3,39.8,20,155,112,264,824,425,1311,93,243,25
1773585596,1,102400000.0,102400000.0,23021584.0,22487070.0,2890526.2,2765788.2,598827.0,675772.9,96630.0,352.5,23.0,31.5,680,18.3,39.8,20,155,112,264,831,433,1317,98,270,28
1773585896,1,102400000.0,102400000.0,23009714.0,22398438.0,2889231.0,2763123.0,599396.2,676113.6,96631.5,344.6,23.0,31.6,657,18.2,39.9,20,155,112,264,829,432,1313,98,270,28
1773586195,1,102400000.0,102400000.0,23058278.0,22504374.0,2891229.0,2770330.2,600190.1,678055.7,96631.1,354.3,22.8,31.7,669,18.3,39.8,20,155,112,264,829,432,1314,98,270,28
1773586495,1,102400000.0,102400000.0,23054646.0,22543896.0,2893741.0,2763781.0,599415.8,676121.7,96628.1,351.2,23.0,31.5,691,18.2,39.8,20,155,112,264,831,433,1316,99,270,28
1773586796,1,102400000.0,102400000.0,23073568.0,22590656.0,2891523.0,2767542.8,599398.6,676228.4,96631.7,353.0,23.0,31.5,675,18.3,39.7,20,155,112,263,829,432,1313,98,270,28
1773587096,1,102400000.0,102400000.0,23017648.0,22531872.0,2887582.0,2763931.2,600416.7,677652.9,96626.3,353.2,22.8,31.8,658,18.3,39.8,20,155,112,264,831,432,1316,99,270,28
1773587394,1,102400000.0,102400000.0,23091482.0,22572706.0,2891842.0,2769413.8,600851.0,676271.3,96624.2,355.7,22.8,31.8,677,18.3,39.8,20,155,112,264,830,433,1316,99,270,28
1773587694,1,102400000.0,102400000.0,23053366.0,22592754.0,2889272.8,2766253.0,601010.2,676346.3,96618.8,353.3,23.0,31.4,674,18.3,39.7,20,155,112,264,830,432,1315,98,270,28
1773587995,1,102400000.0,102400000.0,23030466.0,22567272.0,2889292.0,2768771.8,599392.1,676290.0,96623.5,354.3,22.8,31.8,667,18.4,39.6,20,155,112,263,828,432,1313,98,269,28
1773588295,1,102400000.0,102400000.0,23039494.0,22586326.0,2889659.2,2767050.2,599206.6,676851.2,96625.0,355.7,23.0,31.4,690,18.3,39.8,20,155,112,264,830,432,1315,98,270,28
1773588595,1,102400000.0,102400000.0,23008558.0,22484478.0,2888515.0,2773248.8,602552.0,676933.8,96622.4,369.3,22.8,31.8,670,18.3,39.7,20,155,112,264,829,432,1314,98,270,28
1773588896,1,102400000.0,102400000.0,23012142.0,22574050.0,2894528.8,2770615.5,598667.9,677656.8,96613.1,352.0,22.8,31.9,714,18.2,39.8,20,155,112,263,828,431,1313,98,270,28
1773589196,1,102400000.0,102400000.0,23093910.0,22511856.0,2893530.0,2768032.2,601552.1,677769.5,96610.2,359.8,22.8,31.7,679,18.3,39.7,20,154,112,263,829,432,1314,98,270,28
1773589496,1,102400000.0,102400000.0,23065214.0,22594522.0,2897207.2,2773170.8,599781.2,678139.0,96608.1,357.0,22.9,31.7,656,18.3,39.8,20,155,112,264,830,432,1316,98,270,28
1773589796,1,102400000.0,102400000.0,23107130.0,22582872.0,2895794.0,2776062.2,600051.7,676810.2,96608.3,358.1,22.8,31.8,693,18.3,39.8,20,155,112,264,831,433,1317,98,270,28
1773590094,1,102400000.0,102400000.0,23037048.0,22579478.0,2900784.2,2773628.8,599827.4,678812.6,96611.6,356.6,22.9,31.6,659,18.3,39.7,20,155,112,263,828,432,1313,98,269,28
1773590395,1,102400000.0,102400000.0,23125328.0,22610290.0,2895063.2,2772560.5,600978.9,677515.0,96606.4,355.2,23.0,31.6,684,18.3,39.7,20,155,112,263,827,431,1311,98,269,28
1773590695,1,102400000.0,102400000.0,23121328.0,22589954.0,2902572.0,2781063.2,600863.4,678386.8,96604.7,356.7,23.1,31.4,683,18.3,39.7,20,155,113,264,832,433,1318,99,270,28
1773590996,1,102400000.0,102400000.0,23132662.0,22572382.0,2906160.8,2777470.8,600244.1,678433.0,96603.9,350.6,22.8,31.7,683,18.3,39.8,20,155,112,264,830,432,1315,98,270,28
1773591294,1,102400000.0,102400000.0,23072320.0,22656206.0,2906123.8,2779538.8,600069.3,680399.1,96593.6,353.8,22.9,31.7,665,18.3,39.8,20,154,112,263,827,431,1310,98,269,28
1773591594,1,102400000.0,102400000.0,23135400.0,22591920.0,2906066.8,2785446.2,602139.1,678269.6,96589.3,358.3,22.7,31.9,692,18.3,39.8,20,155,112,263,829,432,1313,98,269,28
1773591895,1,102400000.0,102400000.0,23149134.0,22624826.0,2899814.8,2778946.8,602931.1,679825.6,96586.5,361.2,22.8,31.8,674,18.3,39.8,20,154,112,263,826,430,1308,98,269,28
1773592195,1,102400000.0,102400000.0,23137422.0,22676390.0,2899552.8,2784955.0,603646.9,679331.8,96585.8,354.7,22.9,31.6,687,18.3,39.8,20,155,112,263,829,432,1313,98,270,28
1773592495,1,102400000.0,102400000.0,23134678.0,22682808.0,2905392.0,2779243.8,601588.4,680385.5,96591.0,361.1,23.0,31.5,688,18.3,39.8,20,155,112,264,830,432,1315,98,270,28
1773592796,1,102400000.0,102400000.0,23214270.0,22705806.0,2911895.8,2777722.2,602462.8,680807.2,96594.4,365.9,23.1,31.4,663,18.3,39.8,20,154,112,263,827,431,1311,98,269,28
1773593096,1,102400000.0,102400000.0,23112242.0,22727830.0,2898664.8,2781408.2,601375.8,678698.9,96590.6,357.3,23.0,31.6,672,18.3,39.8,20,154,112,263,827,431,1311,98,269,28
1773593396,1,102400000.0,102400000.0,23167590.0,22616114.0,2905721.8,2787860.2,602195.1,679800.4,96586.5,355.6,23.0,31.6,687,18.3,39.9,20,155,112,263,829,432,1313,98,270,28
1773593695,1,102400000.0,102400000.0,23145870.0,22722770.0,2906023.0,2788516.8,600972.9,677995.3,96590.8,351.8,22.9,31.8,661,18.3,39.8,20,155,112,264,832,434,1319,99,270,29
1773593995,1,102400000.0,102400000.0,23210894.0,22724650.0,2910309.0,2785619.2,601978.7,679283.8,96590.5,356.3,22.9,31.7,691,18.3,39.7,20,155,113,264,831,433,1318,99,270,28
1773594296,1,102400000.0,102400000.0,23186414.0,22685616.0,2904669.0,2786829.5,603829.4,680505.2,96583.3,357.9,23.0,31.5,671,18.3,39.8,20,155,112,264,831,433,1317,99,270,28
1773594596,1,102400000.0,102400000.0,23261760.0,22700506.0,2908956.0,2785694.2,603006.1,680068.3,96581.0,357.7,22.8,31.8,691,18.3,39.8,20,155,113,265,833,434,1321,99,271,28
1773594894,1,102400000.0,102400000.0,23246262.0,22789302.0,2916408.2,2791454.2,602006.2,681122.4,96585.3,361.1,22.8,31.8,665,18.3,39.8,20,156,113,266,838,436,1328,99,272,28
1773595195,1,102400000.0,102400000.0,23205566.0,22759590.0,2906500.2,2788727.5,602135.9,679264.2,96584.5,360.6,22.9,31.7,681,18.3,39.8,20,156,113,266,836,436,1325,99,271,28
1773595495,1,102400000.0,102400000.0,23256846.0,22769048.0,2906703.2,2785214.0,604557.4,678970.2,96580.5,354.5,23.0,31.5,674,18.3,39.8,20,155,113,265,835,434,1322,99,271,28
1773595796,1,102400000.0,102400000.0,23184360.0,22729770.0,2921135.2,2784414.0,602507.1,679931.5,96584.3,354.6,23.0,31.4,671,18.3,39.7,20,156,113,265,833,434,1321,99,271,28
1773596096,1,102400000.0,102400000.0,23139802.0,22719584.0,2917243.2,2781591.8,603736.1,677881.7,96583.8,353.0,23.1,31.5,651,18.3,39.7,20,155,113,265,834,434,1322,99,271,28
1773596394,1,102400000.0,102400000.0,23132696.0,22651186.0,2904059.0,2783659.8,599964.0,678390.0,96579.2,359.2,23.0,31.4,672,18.3,39.8,20,155,113,265,834,434,1321,99,271,28
1773596695,1,102400000.0,102400000.0,23202026.0,22578526.0,2915965.8,2784363.8,602711.7,678488.8,96562.2,355.4,22.9,31.6,678,18.3,39.8,20,156,113,265,835,435,1322,99,271,28
1773596995,1,102400000.0,102400000.0,23185746.0,22729272.0,2913403.2,2781470.0,602467.2,679468.1,96561.5,353.4,22.9,31.6,657,18.3,39.8,20,156,113,266,836,436,1325,99,271,28
1773597295,1,102400000.0,102400000.0,23168782.0,22661032.0,2913348.2,2779343.0,601632.7,678491.3,96564.7,352.5,22.8,31.7,675,18.3,39.8,20,156,113,265,836,435,1324,99,271,28
1773597595,1,102400000.0,102400000.0,23190176.0,22702974.0,2903703.8,2786405.0,603205.3,678706.5,96561.1,354.7,23.0,31.5,689,18.3,39.7,20,156,113,266,836,436,1326,99,271,28
1773597896,1,102400000.0,102400000.0,23145210.0,22668246.0,2898216.8,2782808.8,601012.2,678984.3,96564.8,358.7,23.1,31.3,679,18.2,39.8,20,156,113,265,835,435,1324,99,271,28
1773598196,1,102400000.0,102400000.0,23130990.0,22701002.0,2914954.8,2782521.2,600716.0,676860.0,96564.6,355.0,22.9,31.7,705,18.3,39.7,20,156,113,266,837,436,1326,99,271,29
1773598494,1,102400000.0,102400000.0,23146602.0,22686426.0,2904014.2,2781055.0,602005.2,679890.6,96559.4,359.5,23.1,31.4,674,18.3,39.7,20,156,113,266,837,436,1326,99,272,28
1773598796,1,102400000.0,102400000.0,23214602.0,22672042.0,2901769.2,2778523.8,600613.9,676599.9,96556.0,359.0,22.8,31.7,669,18.2,39.8,20,156,113,266,837,436,1326,99,272,28
1773599095,1,102400000.0,102400000.0,23098290.0,22600978.0,2909228.8,2778172.0,601123.7,678687.8,96554.3,354.5,22.8,31.7,668,18.3,39.7,20,156,113,266,838,437,1328,99,272,28
1773599395,1,102400000.0,102400000.0,23133050.0,22607982.0,2904776.0,2784625.0,602691.9,677935.5,96547.5,359.6,22.9,31.6,660,18.3,39.8,20,156,113,266,837,436,1327,99,272,28
1773599695,1,102400000.0,102400000.0,23160638.0,22682264.0,2913617.2,2779812.0,601905.3,679554.8,96553.0,353.0,22.8,31.6,664,18.2,39.7,20,156,113,265,835,435,1323,99,271,28
1773599996,1,102400000.0,102400000.0,23239912.0,22825442.0,2922051.2,2792902.0,602222.0,679552.8,96554.0,359.1,22.9,31.0,698,18.3,39.3,20,155,112,264,830,432,1315,98,270,28
1773600296,1,102400000.0,102400000.0,23327112.0,22928134.0,2930742.8,2799813.0,602788.6,679703.2,96552.8,360.3,22.7,31.4,682,18.2,39.3,20,154,112,263,827,431,1311,98,270,28
1773600596,1,102400000.0,102400000.0,23416990.0,22964608.0,2937051.2,2811878.2,603119.1,683184.1,96543.7,362.4,22.6,31.5,668,18.2,39.3,20,155,112,264,831,432,1317,99,270,28
1773600894,1,102400000.0,102400000.0,23394610.0,22975538.0,2942676.2,2819145.0,603354.7,681429.2,96540.4,361.2,22.6,31.5,690,18.1,39.4,20,155,112,264,829,432,1314,98,270,28
1773601194,1,102400000.0,102400000.0,23482374.0,22989760.0,2937844.8,2811736.8,604365.2,681787.2,96541.9,364.0,22.6,31.5,664,18.1,39.3,20,155,113,264,831,433,1317,99,271,28
1773601495,1,102400000.0,102400000.0,23521434.0,23021816.0,2941992.8,2812157.0,605347.8,682562.6,96538.6,366.1,22.7,31.4,659,18.2,39.4,20,155,112,264,832,433,1318,99,270,28
1773601795,1,102400000.0,102400000.0,23481958.0,23016530.0,2944128.8,2815319.0,604463.2,681378.9,96540.0,363.3,22.5,31.7,672,18.2,39.3,20,155,113,265,833,434,1320,99,271,28
1773602095,1,102400000.0,102400000.0,23519898.0,23037304.0,2947667.2,2816197.2,603412.9,681708.6,96539.8,360.3,22.6,31.5,667,18.2,39.3,20,155,112,264,831,433,1318,99,271,28
1773602396,1,102400000.0,102400000.0,23486022.0,23046322.0,2948969.8,2821547.2,604076.9,681453.7,96535.1,365.3,22.4,31.7,679,18.2,39.3,20,155,112,264,832,433,1318,99,271,28
1773602696,1,102400000.0,102400000.0,23512518.0,23103632.0,2953288.0,2818590.8,605751.2,682933.1,96530.5,363.9,22.5,31.5,656,18.0,39.4,20,155,112,264,830,432,1315,98,270,28
1773602994,1,102400000.0,102400000.0,23539744.0,23078424.0,2964014.8,2818085.8,605486.8,680348.6,96533.8,354.4,22.6,31.4,676,17.9,39.5,20,155,112,263,829,432,1313,98,270,28
1773603295,1,102400000.0,102400000.0,23572570.0,23147616.0,2952788.8,2823247.2,606154.8,682090.4,96513.9,360.7,22.6,31.4,679,17.9,39.6,20,155,112,264,831,433,1317,99,270,28
1773603595,1,102400000.0,102400000.0,23615608.0,23123902.0,2954943.2,2816202.0,606386.4,681386.6,96515.1,356.4,22.4,31.6,677,17.8,39.8,20,155,112,264,832,434,1319,99,271,29
1773603896,1,102400000.0,102400000.0,23592082.0,23237984.0,2950615.2,2818412.8,607409.6,682906.1,96515.0,349.7,22.7,31.3,678,17.9,39.7,20,155,112,264,832,433,1319,99,271,28
1773604196,1,102400000.0,102400000.0,23582034.0,23102218.0,2962012.0,2818706.0,605377.5,680725.2,96508.5,353.2,22.6,31.4,681,17.9,39.7,20,155,112,264,832,433,1319,99,271,28
1773604494,1,102400000.0,102400000.0,23667718.0,23243714.0,2957607.0,2822382.8,604794.8,681093.4,96497.2,352.7,22.5,31.4,696,17.9,39.5,20,155,112,264,831,433,1317,99,271,28
1773604795,1,102400000.0,102400000.0,23636406.0,23103648.0,2964389.0,2833743.0,605384.1,680770.4,96495.2,349.8,22.6,31.3,670,17.9,39.5,20,155,112,264,831,433,1316,99,270,28
1773605096,1,102400000.0,102400000.0,23606088.0,23160522.0,2955794.0,2823550.0,606216.2,682307.5,96491.0,350.9,22.4,31.5,681,18.0,39.4,20,154,112,263,828,431,1313,98,270,28
1773605396,1,102400000.0,102400000.0,23659074.0,23179032.0,2957747.0,2825556.2,606193.6,682946.7,96483.0,349.6,22.5,31.3,662,17.9,39.4,20,155,112,263,828,431,1311,98,270,28
1773605695,1,102400000.0,102400000.0,23651126.0,23216470.0,2972886.2,2830302.2,606548.4,682999.9,96483.9,356.2,22.4,31.3,674,17.9,39.3,20,154,112,263,828,431,1312,98,270,28
1773605995,1,102400000.0,102400000.0,23664376.0,23171418.0,2969285.2,2835983.0,606177.4,681701.3,96484.0,355.8,22.4,31.3,699,17.9,39.4,20,155,112,263,829,432,1313,98,270,28
1773606296,1,102400000.0,102400000.0,23739194.0,23253190.0,2975093.2,2838783.0,606703.8,682851.9,96476.6,359.6,22.4,31.3,671,17.8,39.5,20,155,113,264,832,433,1319,99,269,28
1773606596,1,102400000.0,102400000.0,23714402.0,23259614.0,2984292.2,2831608.0,606345.3,683138.9,96471.0,355.7,22.4,31.4,677,17.9,39.5,20,154,112,263,829,431,1313,98,268,28
1773606895,1,102400000.0,102400000.0,23713330.0,23209376.0,2973362.2,2834398.8,606120.3,682473.4,96459.9,360.0,22.5,31.3,664,17.8,39.6,20,155,112,264,830,431,1316,98,269,28
1773607195,1,102400000.0,102400000.0,23736642.0,23218270.0,2972967.0,2837312.8,607004.9,682165.0,96457.3,360.8,22.4,31.4,675,17.8,39.5,20,155,112,264,831,432,1318,98,269,28
1773607495,1,102400000.0,102400000.0,23666106.0,23214016.0,2970241.2,2833458.0,605882.8,682859.0,96462.2,366.0,22.4,31.4,667,17.8,39.5,20,155,112,264,832,432,1318,98,269,28
1773607795,1,102400000.0,102400000.0,23610050.0,23175702.0,2971592.8,2824596.2,604143.5,680219.8,96454.6,365.7,22.6,31.3,719,17.9,39.5,20,155,112,264,829,431,1315,98,268,28
1773608096,1,102400000.0,102400000.0,23582664.0,23142506.0,2960765.2,2811225.0,604206.2,680950.2,96447.6,367.4,22.6,31.1,698,17.9,39.5,20,156,113,265,837,435,1325,99,270,28
1773608396,1,102400000.0,102400000.0,23540686.0,23096200.0,2953785.0,2814778.0,602768.8,678473.0,96438.8,366.5,22.5,31.4,701,17.8,39.6,20,155,112,264,833,433,1320,98,269,28
1773608694,1,102400000.0,102400000.0,23501234.0,23095090.0,2961526.2,2815855.8,603724.1,678994.8,96422.5,370.3,22.4,31.3,697,17.8,39.5,20,156,113,265,835,434,1323,99,270,28
1773608995,1,102400000.0,102400000.0,23583478.0,23058882.0,2958931.2,2812526.8,604463.2,679819.8,96414.5,363.8,22.4,31.3,703,17.8,39.6,20,155,112,264,831,432,1317,98,269,28
1773609295,1,102400000.0,102400000.0,23689682.0,23132774.0,2952390.2,2817147.2,604088.7,678690.8,96415.9,363.8,22.5,31.3,723,17.8,39.6,20,155,112,265,833,433,1320,99,269,28
1773609595,1,102400000.0,102400000.0,23578190.0,23100128.0,2956488.0,2823988.2,604105.6,680321.5,96408.0,367.5,22.4,31.3,665,17.9,39.5,20,155,112,264,832,432,1318,98,269,28
1773609896,1,102400000.0,102400000.0,23537760.0,23097832.0,2954896.2,2826100.0,604594.4,679999.2,96403.2,368.8,22.4,31.2,685,17.8,39.5,20,155,112,265,834,433,1322,99,269,28
1773610196,1,102400000.0,102400000.0,23526014.0,23119592.0,2963161.2,2825619.2,604685.2,678810.2,96402.2,370.7,22.4,31.4,679,17.8,39.4,20,155,112,265,833,433,1322,99,269,28
1773610494,1,102400000.0,102400000.0,23619326.0,23104280.0,2959495.0,2826963.0,605322.1,680550.4,96406.5,367.6,22.4,31.2,687,17.8,39.3,20,155,113,265,834,433,1321,99,269,28
1773610795,1,102400000.0,102400000.0,23603318.0,23153416.0,2967578.8,2825140.0,604864.9,680048.4,96413.1,365.7,22.5,31.1,693,17.8,39.3,20,155,112,264,833,433,1320,98,269,28
1773611096,1,102400000.0,102400000.0,23552624.0,23098934.0,2961374.0,2820449.0,604186.8,680641.5,96417.5,365.5,22.5,31.1,662,17.8,39.4,20,155,112,265,834,434,1321,99,269,28
1773611396,1,102400000.0,102400000.0,23653086.0,23158912.0,2959436.0,2820549.0,604463.8,679407.0,96422.0,367.4,22.4,31.2,695,17.8,39.4,20,156,113,265,835,434,1324,99,269,28
1773611696,1,102400000.0,102400000.0,23606568.0,23190530.0,2956084.0,2825952.0,604690.9,682669.1,96417.7,363.7,22.6,31.0,688,17.9,39.2,20,155,112,265,833,433,1321,99,269,28
1773611994,1,102400000.0,102400000.0,23600306.0,23149542.0,2967200.0,2819151.2,603971.4,681194.0,96420.4,362.8,22.7,30.8,679,17.9,39.2,20,155,112,264,832,432,1318,98,269,28
1773612294,1,102400000.0,102400000.0,23573590.0,23152178.0,2966302.8,2818310.8,605191.4,678464.8,96409.9,361.3,22.5,31.1,694,17.9,39.0,20,156,113,266,837,435,1326,99,270,28
1773612595,1,102400000.0,102400000.0,23631290.0,23121256.0,2963386.0,2822690.8,604440.4,677930.3,96428.0,359.1,22.6,30.9,679,17.8,39.2,20,156,113,266,836,434,1324,99,270,28
1773612896,1,102400000.0,102400000.0,23602902.0,23133754.0,2954891.0,2820582.0,605798.6,679793.8,96439.5,358.7,22.4,31.1,692,17.8,39.2,20,156,113,265,836,434,1324,99,270,28
1773613196,1,102400000.0,102400000.0,23671542.0,23210246.0,2965332.2,2817659.0,604529.7,681228.1,96451.5,357.3,22.5,31.0,684,17.9,39.1,20,155,112,265,833,433,1321,99,269,28
1773613494,1,102400000.0,102400000.0,23648514.0,23131624.0,2969003.2,2829294.8,604811.8,679111.1,96459.2,361.6,22.6,30.9,699,17.9,39.1,20,156,113,265,836,434,1326,99,270,28
1773613795,1,102400000.0,102400000.0,23693822.0,23173720.0,2963260.0,2820948.0,605016.9,681356.8,96470.3,364.2,22.7,30.7,693,17.9,39.1,20,155,112,264,831,432,1317,98,269,28
1773614095,1,102400000.0,102400000.0,23576442.0,23150134.0,2961181.0,2827761.2,604332.0,680925.4,96470.4,362.7,22.4,31.1,674,17.9,39.0,20,155,112,264,832,433,1319,99,269,28
1773614396,1,102400000.0,102400000.0,23642078.0,23128406.0,2962971.0,2820831.2,605248.8,682048.4,96472.6,361.3,22.7,30.7,699,17.9,39.1,20,155,113,265,834,434,1322,99,269,28
1773614696,1,102400000.0,102400000.0,23605096.0,23184998.0,2963384.8,2824579.0,604995.8,680966.5,96466.2,362.7,22.7,30.8,675,17.9,39.1,20,156,113,265,836,435,1325,99,270,28
1773614996,1,102400000.0,102400000.0,23609714.0,23089702.0,2957305.2,2828813.0,604007.1,679859.9,96470.1,359.8,22.7,30.7,696,18.0,39.0,20,155,112,264,829,431,1314,98,268,28
1773615294,1,102400000.0,102400000.0,23545904.0,23101794.0,2962320.0,2820628.2,605410.2,680380.0,96465.4,355.7,22.7,30.7,704,18.0,38.9,20,155,112,264,831,433,1318,98,269,28
1773615595,1,102400000.0,102400000.0,23590358.0,23122582.0,2957804.0,2817579.0,602620.8,679520.7,96477.0,354.8,22.7,30.8,695,18.0,38.9,20,155,112,264,830,432,1315,98,268,28
1773615895,1,102400000.0,102400000.0,23500882.0,23069842.0,2966793.2,2817110.0,604646.2,679447.4,96499.3,357.4,22.7,30.7,699,17.9,39.0,20,155,112,264,830,432,1316,98,269,28
1773616195,1,102400000.0,102400000.0,23605310.0,23121496.0,2964328.8,2825697.8,605026.2,681366.0,96493.8,359.6,22.8,30.6,675,18.0,39.0,20,155,112,264,830,432,1316,98,269,28
1773616897,1,102400000.0,102400000.0,22413810.0,21573106.0,2774330.0,2650239.2,577884.3,650704.4,102394.6,272.8,21.0,35.6,730,17.4,41.3,24,61,110,86,272,113,364,115,1260,152
1773710874,1,25770762.0,25704306.0,2704232.2,2658339.2,506248.0,495773.3,174522.3,246117.4,101458.3,348.1,23.7,36.2,805,19.7,44.1,1252,2774,3722,4696,15021,18773,19586,4678,45259,3317
1773711175,1,59858412.0,59531840.0,5156292.5,5026723.5,827810.9,792554.9,238027.9,303843.8,101461.4,353.6,23.9,35.9,802,19.7,44.0,1224,2721,3592,4631,14312,18741,18545,4648,41751,2874
1773711473,1,81863848.0,81241608.0,6921357.5,6756541.5,1070087.4,1026012.3,285252.1,351738.9,101461.1,355.8,24.2,35.4,818,19.5,44.3,1252,2778,3719,4693,15019,18759,19589,4675,45279,3321
1773711774,1,93672216.0,92885352.0,8389078.0,8189042.5,1253790.6,1202289.9,319467.5,389239.4,101456.9,366.8,24.4,35.3,827,19.4,44.6,1253,2778,3722,4695,15021,18772,19588,4679,45256,3318
1773712075,1,100019000.0,99441528.0,9466096.0,9271145.0,1393894.4,1338002.4,347440.3,416835.6,101449.8,371.8,24.4,35.2,814,19.2,45.0,1253,2785,3724,4696,15021,18779,19576,4680,45231,3317
1773712372,1,102400000.0,102400000.0,10387195.0,10145492.0,1512411.6,1441333.9,368242.4,436348.0,101448.1,369.6,24.3,35.5,851,19.1,45.5,1253,2778,3724,4694,15020,18775,19573,4679,45222,3315
1773712673,1,102400000.0,102400000.0,11122381.0,10833804.0,1607705.1,1536016.4,385833.0,451808.1,101443.1,373.3,24.2,35.6,795,19.1,45.6,1253,2771,3726,4696,15023,18786,19565,4678,45217,3314
1773712974,1,102400000.0,102400000.0,11733971.0,11436957.0,1676705.6,1604514.4,399101.3,463496.5,101438.1,366.3,24.1,35.6,790,19.4,45.0,1253,2774,3722,4693,15016,18767,19564,4676,45226,3317
1773713276,1,102400000.0,102400000.0,12226161.0,11914413.0,1737124.5,1657691.4,407500.6,472308.4,101447.6,366.7,23.8,36.3,813,19.8,44.3,1258,2808,3731,4702,15038,18816,19601,4689,45321,3326
